sample_id,source_id,method,seed,dice,miou,hd95,assd,prediction_path,probability_path
mosmed_test_Jun_coronacases_case8_246,Jun_coronacases_case8,reclmis,1003,0.7957276368764048,0.6607538803412962,2.8284271247461903,0.9895094815777704,predictions/masks/mosmed_test_Jun_coronacases_case8_246.png,predictions/probabilities/mosmed_test_Jun_coronacases_case8_246.npy
mosmed_test_Jun_coronacases_case1_226,Jun_coronacases_case1,reclmis,1003,0.7403846154470229,0.5877862596993182,196.0443559572202,29.063214370675187,predictions/masks/mosmed_test_Jun_coronacases_case1_226.png,predictions/probabilities/mosmed_test_Jun_coronacases_case1_226.npy
mosmed_test_Jun_radiopaedia_4_85506_1_case19_8,Jun_radiopaedia_4_85506_1_case19,reclmis,1003,0.8811933007686568,0.7876188991144921,5.0990195135927845,1.5187278755436144,predictions/masks/mosmed_test_Jun_radiopaedia_4_85506_1_case19_8.png,predictions/probabilities/mosmed_test_Jun_radiopaedia_4_85506_1_case19_8.npy
mosmed_test_Jun_coronacases_case8_200,Jun_coronacases_case8,reclmis,1003,0.7493765586191162,0.5992023928614952,5.377936881542583,1.4839514255793667,predictions/masks/mosmed_test_Jun_coronacases_case8_200.png,predictions/probabilities/mosmed_test_Jun_coronacases_case8_200.npy
mosmed_test_Jun_coronacases_case7_148,Jun_coronacases_case7,reclmis,1003,0.8991383679701181,0.8167587477064109,3.605551275463989,1.1086718461322027,predictions/masks/mosmed_test_Jun_coronacases_case7_148.png,predictions/probabilities/mosmed_test_Jun_coronacases_case7_148.npy
mosmed_test_Morozov_study_0264_27,Morozov_study_0264,reclmis,1003,0.7245080501017662,0.5680224404229998,9.219544457292887,2.279674917462754,predictions/masks/mosmed_test_Morozov_study_0264_27.png,predictions/probabilities/mosmed_test_Morozov_study_0264_27.npy
mosmed_test_Morozov_study_0274_10,Morozov_study_0274,reclmis,1003,0.644695787838442,0.47568345325249833,11.112850452343105,3.9864998353460024,predictions/masks/mosmed_test_Morozov_study_0274_10.png,predictions/probabilities/mosmed_test_Morozov_study_0274_10.npy
mosmed_test_Jun_coronacases_case8_211,Jun_coronacases_case8,reclmis,1003,0.85243825206761,0.7428256070924033,31.626817749475137,2.6776644843701973,predictions/masks/mosmed_test_Jun_coronacases_case8_211.png,predictions/probabilities/mosmed_test_Jun_coronacases_case8_211.npy
mosmed_test_Jun_coronacases_case7_88,Jun_coronacases_case7,reclmis,1003,0.7821122740351042,0.642187500027954,6.0,2.212311891966524,predictions/masks/mosmed_test_Jun_coronacases_case7_88.png,predictions/probabilities/mosmed_test_Jun_coronacases_case7_88.npy
mosmed_test_Jun_coronacases_case8_137,Jun_coronacases_case8,reclmis,1003,0.8846227682867669,0.7931153184200841,6.708203932499369,2.0086241592799055,predictions/masks/mosmed_test_Jun_coronacases_case8_137.png,predictions/probabilities/mosmed_test_Jun_coronacases_case8_137.npy
mosmed_test_Jun_radiopaedia_7_85703_0_case20_9,Jun_radiopaedia_7_85703_0_case20,reclmis,1003,0.7644910999597332,0.618766161816817,12.024956747275374,2.497345642673751,predictions/masks/mosmed_test_Jun_radiopaedia_7_85703_0_case20_9.png,predictions/probabilities/mosmed_test_Jun_radiopaedia_7_85703_0_case20_9.npy
mosmed_test_Morozov_study_0262_11,Morozov_study_0262,reclmis,1003,0.5452322738497498,0.3747899159874021,138.8519416362788,44.40125204842257,predictions/masks/mosmed_test_Morozov_study_0262_11.png,predictions/probabilities/mosmed_test_Morozov_study_0262_11.npy
mosmed_test_Jun_coronacases_case4_119,Jun_coronacases_case4,reclmis,1003,0.8075650118294296,0.6772402855133036,18.86244292123767,3.522868433298869,predictions/masks/mosmed_test_Jun_coronacases_case4_119.png,predictions/probabilities/mosmed_test_Jun_coronacases_case4_119.npy
mosmed_test_Jun_radiopaedia_7_85703_0_case20_33,Jun_radiopaedia_7_85703_0_case20,reclmis,1003,0.9085887876280077,0.832489878543452,10.63014581273465,3.1314559785285745,predictions/masks/mosmed_test_Jun_radiopaedia_7_85703_0_case20_33.png,predictions/probabilities/mosmed_test_Jun_radiopaedia_7_85703_0_case20_33.npy
mosmed_test_Jun_radiopaedia_40_86625_0_case18_54,Jun_radiopaedia_40_86625_0_case18,reclmis,1003,0.8841850763252959,0.7924119471479271,9.486832980505138,2.7038875306973935,predictions/masks/mosmed_test_Jun_radiopaedia_40_86625_0_case18_54.png,predictions/probabilities/mosmed_test_Jun_radiopaedia_40_86625_0_case18_54.npy
mosmed_test_Morozov_study_0268_9,Morozov_study_0268,reclmis,1003,0.4926199262460682,0.32680538563931394,14.019617866190007,4.209030707586306,predictions/masks/mosmed_test_Morozov_study_0268_9.png,predictions/probabilities/mosmed_test_Morozov_study_0268_9.npy
mosmed_test_Jun_radiopaedia_7_85703_0_case20_19,Jun_radiopaedia_7_85703_0_case20,reclmis,1003,0.8592064362784859,0.7531655714096303,8.0,2.691023556716266,predictions/masks/mosmed_test_Jun_radiopaedia_7_85703_0_case20_19.png,predictions/probabilities/mosmed_test_Jun_radiopaedia_7_85703_0_case20_19.npy
mosmed_test_Jun_coronacases_case9_161,Jun_coronacases_case9,reclmis,1003,0.7208313651525352,0.5635155096334183,6.324555320336759,2.2045327473017347,predictions/masks/mosmed_test_Jun_coronacases_case9_161.png,predictions/probabilities/mosmed_test_Jun_coronacases_case9_161.npy
mosmed_test_Morozov_study_0292_20,Morozov_study_0292,reclmis,1003,0.8799781778521553,0.7856794934294768,16.780764021959367,4.875965220061688,predictions/masks/mosmed_test_Morozov_study_0292_20.png,predictions/probabilities/mosmed_test_Morozov_study_0292_20.npy
mosmed_test_Morozov_study_0258_21,Morozov_study_0258,reclmis,1003,0.9109831709497125,0.8365189101327157,158.7860165385654,10.931280930582608,predictions/masks/mosmed_test_Morozov_study_0258_21.png,predictions/probabilities/mosmed_test_Morozov_study_0258_21.npy
mosmed_test_Jun_coronacases_case3_151,Jun_coronacases_case3,reclmis,1003,0.8878326996208381,0.7982905982940464,6.0,1.9223331490240505,predictions/masks/mosmed_test_Jun_coronacases_case3_151.png,predictions/probabilities/mosmed_test_Jun_coronacases_case3_151.npy
mosmed_test_Morozov_study_0256_15,Morozov_study_0256,reclmis,1003,2.564102557527942e-09,2.564102557527942e-09,724.0773439350247,724.0773439350247,predictions/masks/mosmed_test_Morozov_study_0256_15.png,predictions/probabilities/mosmed_test_Morozov_study_0256_15.npy
mosmed_test_Jun_coronacases_case3_102,Jun_coronacases_case3,reclmis,1003,0.9120882729634098,0.8383844482018934,14.323040265205305,3.9263786633707367,predictions/masks/mosmed_test_Jun_coronacases_case3_102.png,predictions/probabilities/mosmed_test_Jun_coronacases_case3_102.npy
mosmed_test_Jun_coronacases_case7_96,Jun_coronacases_case7,reclmis,1003,0.8821370309975094,0.789128055461907,6.3437377509448725,1.7264935298978734,predictions/masks/mosmed_test_Jun_coronacases_case7_96.png,predictions/probabilities/mosmed_test_Jun_coronacases_case7_96.npy
mosmed_test_Morozov_study_0292_24,Morozov_study_0292,reclmis,1003,0.45970937919951005,0.29845626084074506,50.50588553217411,12.963382993354953,predictions/masks/mosmed_test_Morozov_study_0292_24.png,predictions/probabilities/mosmed_test_Morozov_study_0292_24.npy
mosmed_test_Morozov_study_0258_20,Morozov_study_0258,reclmis,1003,0.8930366116314961,0.8067444876846062,169.3301645221099,15.237564079757577,predictions/masks/mosmed_test_Morozov_study_0258_20.png,predictions/probabilities/mosmed_test_Morozov_study_0258_20.npy
mosmed_test_Morozov_study_0273_15,Morozov_study_0273,reclmis,1003,0.8366124893210767,0.7191176471001298,5.8911038039355725,1.5263735691572038,predictions/masks/mosmed_test_Morozov_study_0273_15.png,predictions/probabilities/mosmed_test_Morozov_study_0273_15.npy
mosmed_test_Jun_coronacases_case4_75,Jun_coronacases_case4,reclmis,1003,0.7929724596489568,0.6569630212701051,5.665559131760019,1.9286080765604372,predictions/masks/mosmed_test_Jun_coronacases_case4_75.png,predictions/probabilities/mosmed_test_Jun_coronacases_case4_75.npy
mosmed_test_Jun_coronacases_case6_65,Jun_coronacases_case6,reclmis,1003,0.8164405427011884,0.6898179366254277,8.06225774829855,2.4501741967490944,predictions/masks/mosmed_test_Jun_coronacases_case6_65.png,predictions/probabilities/mosmed_test_Jun_coronacases_case6_65.npy
mosmed_test_Jun_radiopaedia_40_86625_0_case18_48,Jun_radiopaedia_40_86625_0_case18,reclmis,1003,0.9208671484159625,0.8533399266499636,8.246211251235321,2.2790836816809987,predictions/masks/mosmed_test_Jun_radiopaedia_40_86625_0_case18_48.png,predictions/probabilities/mosmed_test_Jun_radiopaedia_40_86625_0_case18_48.npy
mosmed_test_Jun_coronacases_case2_41,Jun_coronacases_case2,reclmis,1003,0.8652734548748212,0.7625391849715878,117.17783245659818,19.309593401121194,predictions/masks/mosmed_test_Jun_coronacases_case2_41.png,predictions/probabilities/mosmed_test_Jun_coronacases_case2_41.npy
mosmed_test_Jun_coronacases_case10_122,Jun_coronacases_case10,reclmis,1003,0.891920779629727,0.804925102135668,7.810249675906654,2.374303373580054,predictions/masks/mosmed_test_Jun_coronacases_case10_122.png,predictions/probabilities/mosmed_test_Jun_coronacases_case10_122.npy
mosmed_test_Jun_coronacases_case3_72,Jun_coronacases_case3,reclmis,1003,0.9052590998171836,0.826916304731618,8.024903099319426,2.571294433332983,predictions/masks/mosmed_test_Jun_coronacases_case3_72.png,predictions/probabilities/mosmed_test_Jun_coronacases_case3_72.npy
mosmed_test_Jun_coronacases_case7_75,Jun_coronacases_case7,reclmis,1003,0.5238095249433107,0.3548387117585848,3.4135943621178635,1.1379596300757455,predictions/masks/mosmed_test_Jun_coronacases_case7_75.png,predictions/probabilities/mosmed_test_Jun_coronacases_case7_75.npy
mosmed_test_Jun_radiopaedia_27_86410_0_case14_30,Jun_radiopaedia_27_86410_0_case14,reclmis,1003,0.8018651263149706,0.669261152420199,12.40570537695654,3.230057983889589,predictions/masks/mosmed_test_Jun_radiopaedia_27_86410_0_case14_30.png,predictions/probabilities/mosmed_test_Jun_radiopaedia_27_86410_0_case14_30.npy
mosmed_test_Morozov_study_0266_20,Morozov_study_0266,reclmis,1003,2.173913038752363e-09,2.173913038752363e-09,42.06244569815661,32.04908232046831,predictions/masks/mosmed_test_Morozov_study_0266_20.png,predictions/probabilities/mosmed_test_Morozov_study_0266_20.npy
mosmed_test_Jun_radiopaedia_14_85914_0_case13_6,Jun_radiopaedia_14_85914_0_case13,reclmis,1003,0.8944118555125902,0.8089919017087687,8.06225774829855,1.9039518398424928,predictions/masks/mosmed_test_Jun_radiopaedia_14_85914_0_case13_6.png,predictions/probabilities/mosmed_test_Jun_radiopaedia_14_85914_0_case13_6.npy
mosmed_test_Jun_coronacases_case5_151,Jun_coronacases_case5,reclmis,1003,0.9026420557400419,0.8225593667663219,3.6055512754639887,1.3136302535458526,predictions/masks/mosmed_test_Jun_coronacases_case5_151.png,predictions/probabilities/mosmed_test_Jun_coronacases_case5_151.npy
mosmed_test_Jun_radiopaedia_36_86526_0_case17_33,Jun_radiopaedia_36_86526_0_case17,reclmis,1003,0.5698924731645276,0.3984962406919555,9.473620018393005,3.3559834733891862,predictions/masks/mosmed_test_Jun_radiopaedia_36_86526_0_case17_33.png,predictions/probabilities/mosmed_test_Jun_radiopaedia_36_86526_0_case17_33.npy
mosmed_test_Morozov_study_0256_10,Morozov_study_0256,reclmis,1003,0.030690537332304205,0.015584415840107944,295.9965131515653,58.64170868048407,predictions/masks/mosmed_test_Morozov_study_0256_10.png,predictions/probabilities/mosmed_test_Morozov_study_0256_10.npy
mosmed_test_Jun_coronacases_case1_207,Jun_coronacases_case1,reclmis,1003,0.7395508421749915,0.5867359564566509,8.94427190999916,4.405633836196423,predictions/masks/mosmed_test_Jun_coronacases_case1_207.png,predictions/probabilities/mosmed_test_Jun_coronacases_case1_207.npy
mosmed_test_Morozov_study_0298_9,Morozov_study_0298,reclmis,1003,0.8694135600638889,0.7689934438962981,24.46145336441079,17.4735237177337,predictions/masks/mosmed_test_Morozov_study_0298_9.png,predictions/probabilities/mosmed_test_Morozov_study_0298_9.npy
mosmed_test_bjorke_26,bjorke_26,reclmis,1003,0.8706509539845142,0.770931677019345,12.62528132976717,4.5418581283148605,predictions/masks/mosmed_test_bjorke_26.png,predictions/probabilities/mosmed_test_bjorke_26.npy
mosmed_test_Jun_coronacases_case10_98,Jun_coronacases_case10,reclmis,1003,0.8837527820588619,0.7917177914142375,5.385164807134504,1.9372826933171403,predictions/masks/mosmed_test_Jun_coronacases_case10_98.png,predictions/probabilities/mosmed_test_Jun_coronacases_case10_98.npy
mosmed_test_Jun_coronacases_case10_200,Jun_coronacases_case10,reclmis,1003,0.8534264723611534,0.7443277310978083,10.22055103445707,2.657159939230183,predictions/masks/mosmed_test_Jun_coronacases_case10_200.png,predictions/probabilities/mosmed_test_Jun_coronacases_case10_200.npy
mosmed_test_Jun_coronacases_case3_71,Jun_coronacases_case3,reclmis,1003,0.916647695860299,0.8461215177722975,12.36931687685298,3.080074706745722,predictions/masks/mosmed_test_Jun_coronacases_case3_71.png,predictions/probabilities/mosmed_test_Jun_coronacases_case3_71.npy
mosmed_test_Jun_coronacases_case5_170,Jun_coronacases_case5,reclmis,1003,0.5604719765308341,0.3893442625453507,7.028427124746189,2.442312296538083,predictions/masks/mosmed_test_Jun_coronacases_case5_170.png,predictions/probabilities/mosmed_test_Jun_coronacases_case5_170.npy
mosmed_test_Morozov_study_0297_9,Morozov_study_0297,reclmis,1003,0.7102852656397951,0.5507305194865972,9.848857801796104,3.0736159121830253,predictions/masks/mosmed_test_Morozov_study_0297_9.png,predictions/probabilities/mosmed_test_Morozov_study_0297_9.npy
mosmed_test_Jun_coronacases_case9_131,Jun_coronacases_case9,reclmis,1003,0.9435844953314112,0.8931944780844467,3.0,1.1779179216014144,predictions/masks/mosmed_test_Jun_coronacases_case9_131.png,predictions/probabilities/mosmed_test_Jun_coronacases_case9_131.npy
mosmed_test_Jun_coronacases_case7_131,Jun_coronacases_case7,reclmis,1003,0.8818248712305838,0.7886285864756876,7.245606220104248,1.684486706101224,predictions/masks/mosmed_test_Jun_coronacases_case7_131.png,predictions/probabilities/mosmed_test_Jun_coronacases_case7_131.npy
mosmed_test_Morozov_study_0294_35,Morozov_study_0294,reclmis,1003,0.8755364807401131,0.7786259543674611,1.4142135623730951,0.5331328841245558,predictions/masks/mosmed_test_Morozov_study_0294_35.png,predictions/probabilities/mosmed_test_Morozov_study_0294_35.npy
mosmed_test_Jun_radiopaedia_10_85902_3_case12_107,Jun_radiopaedia_10_85902_3_case12,reclmis,1003,0.9052240346911992,0.8268577895199224,6.32848376619156,1.8085144435924017,predictions/masks/mosmed_test_Jun_radiopaedia_10_85902_3_case12_107.png,predictions/probabilities/mosmed_test_Jun_radiopaedia_10_85902_3_case12_107.npy
mosmed_test_Morozov_study_0271_25,Morozov_study_0271,reclmis,1003,0.8565545641828034,0.7490996398860624,5.830951894845301,1.2350388193729167,predictions/masks/mosmed_test_Morozov_study_0271_25.png,predictions/probabilities/mosmed_test_Morozov_study_0271_25.npy
mosmed_test_Jun_coronacases_case8_238,Jun_coronacases_case8,reclmis,1003,0.8122270742768063,0.683823529528006,2.2953038922244264,0.9198187061485755,predictions/masks/mosmed_test_Jun_coronacases_case8_238.png,predictions/probabilities/mosmed_test_Jun_coronacases_case8_238.npy
mosmed_test_Jun_coronacases_case1_95,Jun_coronacases_case1,reclmis,1003,0.9193006052468174,0.8506533914172167,4.0,1.18042157753931,predictions/masks/mosmed_test_Jun_coronacases_case1_95.png,predictions/probabilities/mosmed_test_Jun_coronacases_case1_95.npy
mosmed_test_Jun_coronacases_case4_163,Jun_coronacases_case4,reclmis,1003,0.9017713365592178,0.8211143695189527,2.23606797749979,1.071228846304694,predictions/masks/mosmed_test_Jun_coronacases_case4_163.png,predictions/probabilities/mosmed_test_Jun_coronacases_case4_163.npy
mosmed_test_Morozov_study_0261_26,Morozov_study_0261,reclmis,1003,0.8905263158009973,0.8026565465270102,3.0,1.0425770807231884,predictions/masks/mosmed_test_Morozov_study_0261_26.png,predictions/probabilities/mosmed_test_Morozov_study_0261_26.npy
mosmed_test_Morozov_study_0270_18,Morozov_study_0270,reclmis,1003,0.5938173975703157,0.4222903885775925,57.2642956862249,5.992831651210226,predictions/masks/mosmed_test_Morozov_study_0270_18.png,predictions/probabilities/mosmed_test_Morozov_study_0270_18.npy
mosmed_test_Morozov_study_0294_28,Morozov_study_0294,reclmis,1003,0.7740963855761903,0.6314496315401844,7.0,2.1595526604251765,predictions/masks/mosmed_test_Morozov_study_0294_28.png,predictions/probabilities/mosmed_test_Morozov_study_0294_28.npy
mosmed_test_Jun_radiopaedia_7_85703_0_case20_18,Jun_radiopaedia_7_85703_0_case20,reclmis,1003,0.8377700617299598,0.7208298755233057,12.194204651519772,3.0502292113030482,predictions/masks/mosmed_test_Jun_radiopaedia_7_85703_0_case20_18.png,predictions/probabilities/mosmed_test_Jun_radiopaedia_7_85703_0_case20_18.npy
mosmed_test_Morozov_study_0288_12,Morozov_study_0288,reclmis,1003,0.7775529265272606,0.6360626512207301,10.360734506552571,3.300193290516217,predictions/masks/mosmed_test_Morozov_study_0288_12.png,predictions/probabilities/mosmed_test_Morozov_study_0288_12.npy
mosmed_test_Morozov_study_0258_22,Morozov_study_0258,reclmis,1003,0.8783368769223167,0.7830665543478069,53.25880188256025,5.713533806070564,predictions/masks/mosmed_test_Morozov_study_0258_22.png,predictions/probabilities/mosmed_test_Morozov_study_0258_22.npy
mosmed_test_Jun_coronacases_case9_181,Jun_coronacases_case9,reclmis,1003,0.898020735157436,0.8149161820111216,4.0,1.5432866437318538,predictions/masks/mosmed_test_Jun_coronacases_case9_181.png,predictions/probabilities/mosmed_test_Jun_coronacases_case9_181.npy
mosmed_test_Morozov_study_0286_24,Morozov_study_0286,reclmis,1003,0.4543080941372563,0.29391891915745977,93.55763789357978,30.677723699379477,predictions/masks/mosmed_test_Morozov_study_0286_24.png,predictions/probabilities/mosmed_test_Morozov_study_0286_24.npy
mosmed_test_Morozov_study_0286_17,Morozov_study_0286,reclmis,1003,0.5437250690535832,0.3733670459598244,100.3960439598334,17.806039196123805,predictions/masks/mosmed_test_Morozov_study_0286_17.png,predictions/probabilities/mosmed_test_Morozov_study_0286_17.npy
mosmed_test_Jun_coronacases_case8_251,Jun_coronacases_case8,reclmis,1003,0.6825396826236668,0.5180722893501718,3.861942946412398,1.3860213136847128,predictions/masks/mosmed_test_Jun_coronacases_case8_251.png,predictions/probabilities/mosmed_test_Jun_coronacases_case8_251.npy
mosmed_test_Jun_coronacases_case9_104,Jun_coronacases_case9,reclmis,1003,0.9187478016208671,0.849707221870546,2.23606797749979,0.9923453059890924,predictions/masks/mosmed_test_Jun_coronacases_case9_104.png,predictions/probabilities/mosmed_test_Jun_coronacases_case9_104.npy
mosmed_test_Jun_coronacases_case10_101,Jun_coronacases_case10,reclmis,1003,0.8819226750270724,0.7887850467320089,5.385164807134504,2.2238663412825455,predictions/masks/mosmed_test_Jun_coronacases_case10_101.png,predictions/probabilities/mosmed_test_Jun_coronacases_case10_101.npy
mosmed_test_Morozov_study_0279_16,Morozov_study_0279,reclmis,1003,0.9119429590033522,0.8381389253001921,6.324555320336759,1.665878679773917,predictions/masks/mosmed_test_Morozov_study_0279_16.png,predictions/probabilities/mosmed_test_Morozov_study_0279_16.npy
mosmed_test_Jun_radiopaedia_29_86491_1_case16_16,Jun_radiopaedia_29_86491_1_case16,reclmis,1003,0.9283464566957343,0.8662747979525147,3.040569415042095,1.2588068392291534,predictions/masks/mosmed_test_Jun_radiopaedia_29_86491_1_case16_16.png,predictions/probabilities/mosmed_test_Jun_radiopaedia_29_86491_1_case16_16.npy
mosmed_test_Jun_coronacases_case8_92,Jun_coronacases_case8,reclmis,1003,0.8684572142427426,0.7674983440104328,5.656854249492381,1.7902649795835335,predictions/masks/mosmed_test_Jun_coronacases_case8_92.png,predictions/probabilities/mosmed_test_Jun_coronacases_case8_92.npy
mosmed_test_Jun_coronacases_case4_60,Jun_coronacases_case4,reclmis,1003,0.7551020408996251,0.6065573772641762,3.0,1.4180470948244022,predictions/masks/mosmed_test_Jun_coronacases_case4_60.png,predictions/probabilities/mosmed_test_Jun_coronacases_case4_60.npy
mosmed_test_Morozov_study_0294_20,Morozov_study_0294,reclmis,1003,0.8683760683985683,0.7673716012787396,2.8284271247461903,0.9407920788287818,predictions/masks/mosmed_test_Morozov_study_0294_20.png,predictions/probabilities/mosmed_test_Morozov_study_0294_20.npy
mosmed_test_Jun_radiopaedia_40_86625_0_case18_29,Jun_radiopaedia_40_86625_0_case18,reclmis,1003,0.9099136004768548,0.8347169553488616,18.77455180488188,4.351922516344883,predictions/masks/mosmed_test_Jun_radiopaedia_40_86625_0_case18_29.png,predictions/probabilities/mosmed_test_Jun_radiopaedia_40_86625_0_case18_29.npy
mosmed_test_Jun_coronacases_case5_140,Jun_coronacases_case5,reclmis,1003,0.8820987654357377,0.7890668139266115,3.605551275463989,1.6840881762571853,predictions/masks/mosmed_test_Jun_coronacases_case5_140.png,predictions/probabilities/mosmed_test_Jun_coronacases_case5_140.npy
mosmed_test_Jun_coronacases_case3_126,Jun_coronacases_case3,reclmis,1003,0.9108190759570591,0.8362422218862025,6.0,2.865973766951249,predictions/masks/mosmed_test_Jun_coronacases_case3_126.png,predictions/probabilities/mosmed_test_Jun_coronacases_case3_126.npy
mosmed_test_Jun_coronacases_case8_71,Jun_coronacases_case8,reclmis,1003,0.811305070660613,0.6825174825285834,7.810249675906654,2.4340714474737424,predictions/masks/mosmed_test_Jun_coronacases_case8_71.png,predictions/probabilities/mosmed_test_Jun_coronacases_case8_71.npy
mosmed_test_Jun_radiopaedia_27_86410_0_case14_42,Jun_radiopaedia_27_86410_0_case14,reclmis,1003,0.8182692307779679,0.6924328722788906,5.656854249492381,1.872484565841177,predictions/masks/mosmed_test_Jun_radiopaedia_27_86410_0_case14_42.png,predictions/probabilities/mosmed_test_Jun_radiopaedia_27_86410_0_case14_42.npy
mosmed_test_Jun_coronacases_case9_85,Jun_coronacases_case9,reclmis,1003,0.5139664807184544,0.34586466214596645,5.0,2.121136283550799,predictions/masks/mosmed_test_Jun_coronacases_case9_85.png,predictions/probabilities/mosmed_test_Jun_coronacases_case9_85.npy
mosmed_test_Jun_radiopaedia_36_86526_0_case17_10,Jun_radiopaedia_36_86526_0_case17,reclmis,1003,0.58446362517121,0.41289198609681227,23.892094559587846,4.740265719090996,predictions/masks/mosmed_test_Jun_radiopaedia_36_86526_0_case17_10.png,predictions/probabilities/mosmed_test_Jun_radiopaedia_36_86526_0_case17_10.npy
mosmed_test_Jun_coronacases_case9_126,Jun_coronacases_case9,reclmis,1003,0.9404104183115587,0.8875232774695061,4.0,2.407302633445948,predictions/masks/mosmed_test_Jun_coronacases_case9_126.png,predictions/probabilities/mosmed_test_Jun_coronacases_case9_126.npy
mosmed_test_Morozov_study_0269_24,Morozov_study_0269,reclmis,1003,0.5859663520892094,0.414393499743796,11.35773137498807,3.735231532123633,predictions/masks/mosmed_test_Morozov_study_0269_24.png,predictions/probabilities/mosmed_test_Morozov_study_0269_24.npy
mosmed_test_Jun_coronacases_case8_90,Jun_coronacases_case8,reclmis,1003,0.8838718399366787,0.7919089147337232,5.385164807134504,2.0685591689978144,predictions/masks/mosmed_test_Jun_coronacases_case8_90.png,predictions/probabilities/mosmed_test_Jun_coronacases_case8_90.npy
mosmed_test_Jun_coronacases_case3_115,Jun_coronacases_case3,reclmis,1003,0.9192148760333361,0.8505065952982189,6.570918069719352,2.7932022116007995,predictions/masks/mosmed_test_Jun_coronacases_case3_115.png,predictions/probabilities/mosmed_test_Jun_coronacases_case3_115.npy
mosmed_test_Jun_coronacases_case9_145,Jun_coronacases_case9,reclmis,1003,0.8679646017745853,0.7667292057681846,5.0,1.4514184448955276,predictions/masks/mosmed_test_Jun_coronacases_case9_145.png,predictions/probabilities/mosmed_test_Jun_coronacases_case9_145.npy
mosmed_test_Jun_radiopaedia_10_85902_1_case11_11,Jun_radiopaedia_10_85902_1_case11,reclmis,1003,0.9415807560147017,0.889610389613803,4.123105625617661,1.3653713346379968,predictions/masks/mosmed_test_Jun_radiopaedia_10_85902_1_case11_11.png,predictions/probabilities/mosmed_test_Jun_radiopaedia_10_85902_1_case11_11.npy
mosmed_test_Jun_coronacases_case1_195,Jun_coronacases_case1,reclmis,1003,0.8686786296918342,0.7678442682103378,5.830951894845301,2.9456014326299806,predictions/masks/mosmed_test_Jun_coronacases_case1_195.png,predictions/probabilities/mosmed_test_Jun_coronacases_case1_195.npy
mosmed_test_Jun_radiopaedia_40_86625_0_case18_73,Jun_radiopaedia_40_86625_0_case18,reclmis,1003,0.8552779920497521,0.7471490773403778,10.601669917161018,2.662809592145307,predictions/masks/mosmed_test_Jun_radiopaedia_40_86625_0_case18_73.png,predictions/probabilities/mosmed_test_Jun_radiopaedia_40_86625_0_case18_73.npy
mosmed_test_Jun_radiopaedia_10_85902_3_case12_78,Jun_radiopaedia_10_85902_3_case12,reclmis,1003,0.9168765743107944,0.8465116279188751,3.0,1.0155773357849531,predictions/masks/mosmed_test_Jun_radiopaedia_10_85902_3_case12_78.png,predictions/probabilities/mosmed_test_Jun_radiopaedia_10_85902_3_case12_78.npy
mosmed_test_Jun_coronacases_case5_162,Jun_coronacases_case5,reclmis,1003,0.8441558441727104,0.7303370787021841,3.0,1.285355359083452,predictions/masks/mosmed_test_Jun_coronacases_case5_162.png,predictions/probabilities/mosmed_test_Jun_coronacases_case5_162.npy
mosmed_test_Morozov_study_0276_36,Morozov_study_0276,reclmis,1003,0.8366355140247986,0.7191516709692062,5.0,1.5513492317979978,predictions/masks/mosmed_test_Morozov_study_0276_36.png,predictions/probabilities/mosmed_test_Morozov_study_0276_36.npy
mosmed_test_Morozov_study_0273_23,Morozov_study_0273,reclmis,1003,0.7766342141925832,0.6348340154781795,179.32819025704708,19.45794081962972,predictions/masks/mosmed_test_Morozov_study_0273_23.png,predictions/probabilities/mosmed_test_Morozov_study_0273_23.npy
mosmed_test_Jun_coronacases_case10_106,Jun_coronacases_case10,reclmis,1003,0.8948484848492815,0.8097066081737084,5.0990195135927845,1.9863295614708032,predictions/masks/mosmed_test_Jun_coronacases_case10_106.png,predictions/probabilities/mosmed_test_Jun_coronacases_case10_106.npy
mosmed_test_Jun_radiopaedia_4_85506_1_case19_19,Jun_radiopaedia_4_85506_1_case19,reclmis,1003,0.8584298584303139,0.7519729425042166,15.620499351813308,3.443282898755704,predictions/masks/mosmed_test_Jun_radiopaedia_4_85506_1_case19_19.png,predictions/probabilities/mosmed_test_Jun_radiopaedia_4_85506_1_case19_19.npy
mosmed_test_Jun_coronacases_case10_90,Jun_coronacases_case10,reclmis,1003,0.8769482288841749,0.7808618012464895,4.47213595499958,1.6914142336917937,predictions/masks/mosmed_test_Jun_coronacases_case10_90.png,predictions/probabilities/mosmed_test_Jun_coronacases_case10_90.npy
mosmed_test_Jun_coronacases_case8_119,Jun_coronacases_case8,reclmis,1003,0.8978240302753281,0.8145922746812946,4.0,1.4367984580950957,predictions/masks/mosmed_test_Jun_coronacases_case8_119.png,predictions/probabilities/mosmed_test_Jun_coronacases_case8_119.npy
mosmed_test_Jun_coronacases_case5_133,Jun_coronacases_case5,reclmis,1003,0.8625130525630869,0.7582619339193231,3.6055512754639896,1.6914447556465975,predictions/masks/mosmed_test_Jun_coronacases_case5_133.png,predictions/probabilities/mosmed_test_Jun_coronacases_case5_133.npy
mosmed_test_Jun_radiopaedia_14_85914_0_case13_64,Jun_radiopaedia_14_85914_0_case13,reclmis,1003,0.8645452817841075,0.7614088593009208,21.342378316143133,4.690681751581499,predictions/masks/mosmed_test_Jun_radiopaedia_14_85914_0_case13_64.png,predictions/probabilities/mosmed_test_Jun_radiopaedia_14_85914_0_case13_64.npy
mosmed_test_Jun_coronacases_case2_78,Jun_coronacases_case2,reclmis,1003,0.4509803922241446,0.2911392406184906,27.757779043648735,8.3023182186019,predictions/masks/mosmed_test_Jun_coronacases_case2_78.png,predictions/probabilities/mosmed_test_Jun_coronacases_case2_78.npy
mosmed_test_Morozov_study_0270_19,Morozov_study_0270,reclmis,1003,0.742774566486379,0.5908045977325054,6.4031242374328485,1.6821193827648506,predictions/masks/mosmed_test_Morozov_study_0270_19.png,predictions/probabilities/mosmed_test_Morozov_study_0270_19.npy
mosmed_test_Jun_radiopaedia_4_85506_1_case19_20,Jun_radiopaedia_4_85506_1_case19,reclmis,1003,0.7797075312667907,0.6389513589948022,20.62518432401808,4.300912601255926,predictions/masks/mosmed_test_Jun_radiopaedia_4_85506_1_case19_20.png,predictions/probabilities/mosmed_test_Jun_radiopaedia_4_85506_1_case19_20.npy
mosmed_test_Morozov_study_0292_26,Morozov_study_0292,reclmis,1003,0.512820512924611,0.3448275863951644,48.82622246293481,11.566821268798975,predictions/masks/mosmed_test_Morozov_study_0292_26.png,predictions/probabilities/mosmed_test_Morozov_study_0292_26.npy
mosmed_test_Jun_radiopaedia_10_85902_3_case12_150,Jun_radiopaedia_10_85902_3_case12,reclmis,1003,0.9366616989575676,0.8808689558542193,3.605551275463989,1.6283211840678182,predictions/masks/mosmed_test_Jun_radiopaedia_10_85902_3_case12_150.png,predictions/probabilities/mosmed_test_Jun_radiopaedia_10_85902_3_case12_150.npy
mosmed_test_Jun_radiopaedia_4_85506_1_case19_12,Jun_radiopaedia_4_85506_1_case19,reclmis,1003,0.8339092375032273,0.7151323587525048,51.074452598664095,8.601775744721845,predictions/masks/mosmed_test_Jun_radiopaedia_4_85506_1_case19_12.png,predictions/probabilities/mosmed_test_Jun_radiopaedia_4_85506_1_case19_12.npy
mosmed_test_Jun_coronacases_case2_49,Jun_coronacases_case2,reclmis,1003,0.8823790501605692,0.7895154884996413,4.0,1.4909129153550846,predictions/masks/mosmed_test_Jun_coronacases_case2_49.png,predictions/probabilities/mosmed_test_Jun_coronacases_case2_49.npy
mosmed_test_Jun_coronacases_case10_256,Jun_coronacases_case10,reclmis,1003,0.87694145759397,0.780851063853101,3.1622776601683795,1.4239400517622216,predictions/masks/mosmed_test_Jun_coronacases_case10_256.png,predictions/probabilities/mosmed_test_Jun_coronacases_case10_256.npy
mosmed_test_Morozov_study_0297_37,Morozov_study_0297,reclmis,1003,0.6804932735605105,0.5157179269740256,26.52522055546345,4.768367611052563,predictions/masks/mosmed_test_Morozov_study_0297_37.png,predictions/probabilities/mosmed_test_Morozov_study_0297_37.npy
mosmed_test_Morozov_study_0302_23,Morozov_study_0302,reclmis,1003,0.7223230490270124,0.5653409091526505,6.439649903985546,2.1887790829389298,predictions/masks/mosmed_test_Morozov_study_0302_23.png,predictions/probabilities/mosmed_test_Morozov_study_0302_23.npy
mosmed_test_Jun_coronacases_case8_145,Jun_coronacases_case8,reclmis,1003,0.8900584795330823,0.8018967334065649,5.385164807134504,1.9545813343196292,predictions/masks/mosmed_test_Jun_coronacases_case8_145.png,predictions/probabilities/mosmed_test_Jun_coronacases_case8_145.npy
mosmed_test_Morozov_study_0289_12,Morozov_study_0289,reclmis,1003,0.8204081632775233,0.6955017301389271,5.385164807134504,1.9714284217805758,predictions/masks/mosmed_test_Morozov_study_0289_12.png,predictions/probabilities/mosmed_test_Morozov_study_0289_12.npy
mosmed_test_Jun_coronacases_case10_213,Jun_coronacases_case10,reclmis,1003,0.9080576415678094,0.8315985130142826,5.0,1.5685599307496592,predictions/masks/mosmed_test_Jun_coronacases_case10_213.png,predictions/probabilities/mosmed_test_Jun_coronacases_case10_213.npy
mosmed_test_Jun_radiopaedia_10_85902_1_case11_15,Jun_radiopaedia_10_85902_1_case11,reclmis,1003,0.8700445695534829,0.7699813161766663,11.038556864609168,3.0141919867252565,predictions/masks/mosmed_test_Jun_radiopaedia_10_85902_1_case11_15.png,predictions/probabilities/mosmed_test_Jun_radiopaedia_10_85902_1_case11_15.npy
mosmed_test_Morozov_study_0295_24,Morozov_study_0295,reclmis,1003,0.7490196078923491,0.598746081630487,5.0,1.932184518510988,predictions/masks/mosmed_test_Morozov_study_0295_24.png,predictions/probabilities/mosmed_test_Morozov_study_0295_24.npy
mosmed_test_Jun_radiopaedia_27_86410_0_case14_31,Jun_radiopaedia_27_86410_0_case14,reclmis,1003,0.8158711393541017,0.6890053662836765,8.602325267042627,3.0043601536797344,predictions/masks/mosmed_test_Jun_radiopaedia_27_86410_0_case14_31.png,predictions/probabilities/mosmed_test_Jun_radiopaedia_27_86410_0_case14_31.npy
mosmed_test_Morozov_study_0270_11,Morozov_study_0270,reclmis,1003,0.44006948468789403,0.28210838906591623,79.22128980415633,14.261039139488398,predictions/masks/mosmed_test_Morozov_study_0270_11.png,predictions/probabilities/mosmed_test_Morozov_study_0270_11.npy
mosmed_test_Jun_radiopaedia_10_85902_3_case12_173,Jun_radiopaedia_10_85902_3_case12,reclmis,1003,0.9186322400569625,0.8495095508557173,5.0,2.0583291089667957,predictions/masks/mosmed_test_Jun_radiopaedia_10_85902_3_case12_173.png,predictions/probabilities/mosmed_test_Jun_radiopaedia_10_85902_3_case12_173.npy
mosmed_test_Jun_coronacases_case8_219,Jun_coronacases_case8,reclmis,1003,0.8387602981624652,0.722297297316061,74.70754998771108,9.98706602914868,predictions/masks/mosmed_test_Jun_coronacases_case8_219.png,predictions/probabilities/mosmed_test_Jun_coronacases_case8_219.npy
mosmed_test_bjorke_46,bjorke_46,reclmis,1003,0.6711181593087079,0.5050247048006656,40.72765982365528,8.937987783015172,predictions/masks/mosmed_test_bjorke_46.png,predictions/probabilities/mosmed_test_bjorke_46.npy
mosmed_test_Jun_coronacases_case8_217,Jun_coronacases_case8,reclmis,1003,0.8387706855868194,0.7223127036056748,3.162277660168379,1.2689010287566858,predictions/masks/mosmed_test_Jun_coronacases_case8_217.png,predictions/probabilities/mosmed_test_Jun_coronacases_case8_217.npy
mosmed_test_Jun_coronacases_case9_93,Jun_coronacases_case9,reclmis,1003,0.7442588726647047,0.5926849543148225,5.0,1.913180293257092,predictions/masks/mosmed_test_Jun_coronacases_case9_93.png,predictions/probabilities/mosmed_test_Jun_coronacases_case9_93.npy
mosmed_test_Jun_radiopaedia_27_86410_0_case14_26,Jun_radiopaedia_27_86410_0_case14,reclmis,1003,0.8250208079913885,0.7021578029675004,12.6924569220499,3.606510036974485,predictions/masks/mosmed_test_Jun_radiopaedia_27_86410_0_case14_26.png,predictions/probabilities/mosmed_test_Jun_radiopaedia_27_86410_0_case14_26.npy
mosmed_test_Jun_coronacases_case5_146,Jun_coronacases_case5,reclmis,1003,0.9046997389065046,0.8259833134787853,3.605551275463989,1.2448671666792515,predictions/masks/mosmed_test_Jun_coronacases_case5_146.png,predictions/probabilities/mosmed_test_Jun_coronacases_case5_146.npy
mosmed_test_Jun_coronacases_case10_196,Jun_coronacases_case10,reclmis,1003,0.8940066592684609,0.8083291520353181,5.0,1.6383955829196215,predictions/masks/mosmed_test_Jun_coronacases_case10_196.png,predictions/probabilities/mosmed_test_Jun_coronacases_case10_196.npy
mosmed_test_Jun_coronacases_case6_82,Jun_coronacases_case6,reclmis,1003,0.9537223340046062,0.911538461540588,2.8284271247461903,1.15451715740959,predictions/masks/mosmed_test_Jun_coronacases_case6_82.png,predictions/probabilities/mosmed_test_Jun_coronacases_case6_82.npy
mosmed_test_Jun_coronacases_case7_101,Jun_coronacases_case7,reclmis,1003,0.889145496538357,0.8004158004240992,55.76105008233239,5.510184351492785,predictions/masks/mosmed_test_Jun_coronacases_case7_101.png,predictions/probabilities/mosmed_test_Jun_coronacases_case7_101.npy
mosmed_test_Jun_coronacases_case9_110,Jun_coronacases_case9,reclmis,1003,0.9266355140204057,0.8632999564709056,3.0,1.114840666801521,predictions/masks/mosmed_test_Jun_coronacases_case9_110.png,predictions/probabilities/mosmed_test_Jun_coronacases_case9_110.npy
mosmed_test_Jun_radiopaedia_10_85902_3_case12_167,Jun_radiopaedia_10_85902_3_case12,reclmis,1003,0.9079059223589132,0.8313440581258084,6.082762530298219,1.8017992784923953,predictions/masks/mosmed_test_Jun_radiopaedia_10_85902_3_case12_167.png,predictions/probabilities/mosmed_test_Jun_radiopaedia_10_85902_3_case12_167.npy
mosmed_test_Morozov_study_0256_34,Morozov_study_0256,reclmis,1003,0.6599063962823786,0.4924330617587389,7.0710678118654755,2.0669552563912044,predictions/masks/mosmed_test_Morozov_study_0256_34.png,predictions/probabilities/mosmed_test_Morozov_study_0256_34.npy
mosmed_test_Jun_coronacases_case5_177,Jun_coronacases_case5,reclmis,1003,0.65338645432136,0.4852071008963271,3.6055512754639887,1.7333418356182357,predictions/masks/mosmed_test_Jun_coronacases_case5_177.png,predictions/probabilities/mosmed_test_Jun_coronacases_case5_177.npy
mosmed_test_Jun_coronacases_case6_80,Jun_coronacases_case6,reclmis,1003,0.9515794609104575,0.9076314564935405,3.605551275463989,1.1969057097533726,predictions/masks/mosmed_test_Jun_coronacases_case6_80.png,predictions/probabilities/mosmed_test_Jun_coronacases_case6_80.npy
mosmed_test_Morozov_study_0260_14,Morozov_study_0260,reclmis,1003,0.06925253872033874,0.03586825316372015,76.47875521999558,37.05722898631745,predictions/masks/mosmed_test_Morozov_study_0260_14.png,predictions/probabilities/mosmed_test_Morozov_study_0260_14.npy
mosmed_test_Jun_coronacases_case10_258,Jun_coronacases_case10,reclmis,1003,0.9123711340281468,0.8388625592671624,2.0,0.7925965289882296,predictions/masks/mosmed_test_Jun_coronacases_case10_258.png,predictions/probabilities/mosmed_test_Jun_coronacases_case10_258.npy
mosmed_test_Jun_radiopaedia_14_85914_0_case13_54,Jun_radiopaedia_14_85914_0_case13,reclmis,1003,0.8484290931397273,0.7367580129769693,14.53597990703248,4.139574377054533,predictions/masks/mosmed_test_Jun_radiopaedia_14_85914_0_case13_54.png,predictions/probabilities/mosmed_test_Jun_radiopaedia_14_85914_0_case13_54.npy
mosmed_test_Jun_coronacases_case2_47,Jun_coronacases_case2,reclmis,1003,0.875000000005388,0.7777777777948063,4.123105625617661,1.6095064346282957,predictions/masks/mosmed_test_Jun_coronacases_case2_47.png,predictions/probabilities/mosmed_test_Jun_coronacases_case2_47.npy
mosmed_test_Jun_coronacases_case4_120,Jun_coronacases_case4,reclmis,1003,0.8571428571494618,0.7500000000202265,14.195036708596659,2.2240223795232095,predictions/masks/mosmed_test_Jun_coronacases_case4_120.png,predictions/probabilities/mosmed_test_Jun_coronacases_case4_120.npy
mosmed_test_Morozov_study_0303_15,Morozov_study_0303,reclmis,1003,0.8642609089556959,0.7609678277117531,7.0710678118654755,1.9267729998106045,predictions/masks/mosmed_test_Morozov_study_0303_15.png,predictions/probabilities/mosmed_test_Morozov_study_0303_15.npy
mosmed_test_Jun_coronacases_case7_92,Jun_coronacases_case7,reclmis,1003,0.7970760233977463,0.6626154594233051,57.68658006725029,10.150692255734397,predictions/masks/mosmed_test_Jun_coronacases_case7_92.png,predictions/probabilities/mosmed_test_Jun_coronacases_case7_92.npy
mosmed_test_Jun_radiopaedia_36_86526_0_case17_23,Jun_radiopaedia_36_86526_0_case17,reclmis,1003,0.7808873720211301,0.640537514017887,5.0,1.5914686023683573,predictions/masks/mosmed_test_Jun_radiopaedia_36_86526_0_case17_23.png,predictions/probabilities/mosmed_test_Jun_radiopaedia_36_86526_0_case17_23.npy
mosmed_test_Jun_radiopaedia_10_85902_1_case11_19,Jun_radiopaedia_10_85902_1_case11,reclmis,1003,0.771889400930419,0.628517823663007,8.350438624164084,2.911204252083816,predictions/masks/mosmed_test_Jun_radiopaedia_10_85902_1_case11_19.png,predictions/probabilities/mosmed_test_Jun_radiopaedia_10_85902_1_case11_19.npy
mosmed_test_Jun_coronacases_case4_89,Jun_coronacases_case4,reclmis,1003,0.820224719105008,0.6952380952492587,8.48528137423857,2.65971992498309,predictions/masks/mosmed_test_Jun_coronacases_case4_89.png,predictions/probabilities/mosmed_test_Jun_coronacases_case4_89.npy
mosmed_test_Jun_coronacases_case10_201,Jun_coronacases_case10,reclmis,1003,0.8484435355618217,0.7367797947960383,7.0710678118654755,2.857806453237874,predictions/masks/mosmed_test_Jun_coronacases_case10_201.png,predictions/probabilities/mosmed_test_Jun_coronacases_case10_201.npy
mosmed_test_Jun_radiopaedia_36_86526_0_case17_25,Jun_radiopaedia_36_86526_0_case17,reclmis,1003,0.8397312859961742,0.7237386269872838,107.93443396414668,8.957136279602247,predictions/masks/mosmed_test_Jun_radiopaedia_36_86526_0_case17_25.png,predictions/probabilities/mosmed_test_Jun_radiopaedia_36_86526_0_case17_25.npy
mosmed_test_Jun_coronacases_case4_80,Jun_coronacases_case4,reclmis,1003,0.835273718111586,0.7171416418665615,6.0,9.610178811203497,predictions/masks/mosmed_test_Jun_coronacases_case4_80.png,predictions/probabilities/mosmed_test_Jun_coronacases_case4_80.npy
mosmed_test_Jun_coronacases_case4_133,Jun_coronacases_case4,reclmis,1003,0.8990996584942844,0.8166948674666274,4.709674775249763,2.1109735353840495,predictions/masks/mosmed_test_Jun_coronacases_case4_133.png,predictions/probabilities/mosmed_test_Jun_coronacases_case4_133.npy
mosmed_test_Jun_coronacases_case7_138,Jun_coronacases_case7,reclmis,1003,0.9040602488555327,0.8249178368740687,4.242640687119285,1.5966825162007958,predictions/masks/mosmed_test_Jun_coronacases_case7_138.png,predictions/probabilities/mosmed_test_Jun_coronacases_case7_138.npy
mosmed_test_Jun_coronacases_case4_101,Jun_coronacases_case4,reclmis,1003,0.7334732424064285,0.5791217895957644,27.43459095199552,4.419363026161185,predictions/masks/mosmed_test_Jun_coronacases_case4_101.png,predictions/probabilities/mosmed_test_Jun_coronacases_case4_101.npy
mosmed_test_bjorke_82,bjorke_82,reclmis,1003,0.6734806629879353,0.5077051228757246,62.289618091299204,8.712449611743766,predictions/masks/mosmed_test_bjorke_82.png,predictions/probabilities/mosmed_test_bjorke_82.npy
mosmed_test_Morozov_study_0283_14,Morozov_study_0283,reclmis,1003,0.747731397482057,0.5971014493337534,8.494089729900413,3.5520533196509985,predictions/masks/mosmed_test_Morozov_study_0283_14.png,predictions/probabilities/mosmed_test_Morozov_study_0283_14.npy
mosmed_test_Jun_radiopaedia_10_85902_3_case12_183,Jun_radiopaedia_10_85902_3_case12,reclmis,1003,0.9267755551490774,0.8635430916599336,4.123105625617661,1.5580687717491688,predictions/masks/mosmed_test_Jun_radiopaedia_10_85902_3_case12_183.png,predictions/probabilities/mosmed_test_Jun_radiopaedia_10_85902_3_case12_183.npy
mosmed_test_Jun_coronacases_case2_26,Jun_coronacases_case2,reclmis,1003,7.75193797848687e-10,7.75193797848687e-10,724.0773439350247,724.0773439350247,predictions/masks/mosmed_test_Jun_coronacases_case2_26.png,predictions/probabilities/mosmed_test_Jun_coronacases_case2_26.npy
mosmed_test_Jun_coronacases_case7_98,Jun_coronacases_case7,reclmis,1003,0.804911863739257,0.6735167384927572,9.541136703698774,2.6409099005031216,predictions/masks/mosmed_test_Jun_coronacases_case7_98.png,predictions/probabilities/mosmed_test_Jun_coronacases_case7_98.npy
mosmed_test_Jun_coronacases_case5_99,Jun_coronacases_case5,reclmis,1003,0.9577011494262597,0.9188354653763195,4.0,0.8898362963053743,predictions/masks/mosmed_test_Jun_coronacases_case5_99.png,predictions/probabilities/mosmed_test_Jun_coronacases_case5_99.npy
mosmed_test_Jun_radiopaedia_10_85902_3_case12_200,Jun_radiopaedia_10_85902_3_case12,reclmis,1003,0.7972204674796449,0.6628151260858387,8.06225774829855,2.2403173817372015,predictions/masks/mosmed_test_Jun_radiopaedia_10_85902_3_case12_200.png,predictions/probabilities/mosmed_test_Jun_radiopaedia_10_85902_3_case12_200.npy
mosmed_test_Jun_coronacases_case10_263,Jun_coronacases_case10,reclmis,1003,0.840399002513666,0.7247311828548966,2.23606797749979,1.1353048000032366,predictions/masks/mosmed_test_Jun_coronacases_case10_263.png,predictions/probabilities/mosmed_test_Jun_coronacases_case10_263.npy
mosmed_test_Jun_radiopaedia_10_85902_3_case12_80,Jun_radiopaedia_10_85902_3_case12,reclmis,1003,0.8985959438417084,0.8158640226759303,4.242640687119285,1.3961582902621912,predictions/masks/mosmed_test_Jun_radiopaedia_10_85902_3_case12_80.png,predictions/probabilities/mosmed_test_Jun_radiopaedia_10_85902_3_case12_80.npy
mosmed_test_Jun_coronacases_case9_122,Jun_coronacases_case9,reclmis,1003,0.9399220832485142,0.8866537717623472,4.0,1.302681540459769,predictions/masks/mosmed_test_Jun_coronacases_case9_122.png,predictions/probabilities/mosmed_test_Jun_coronacases_case9_122.npy
mosmed_test_Jun_coronacases_case10_80,Jun_coronacases_case10,reclmis,1003,0.7866419295122671,0.6483180428493049,3.605551275463989,1.7690209719038845,predictions/masks/mosmed_test_Jun_coronacases_case10_80.png,predictions/probabilities/mosmed_test_Jun_coronacases_case10_80.npy
mosmed_test_Jun_coronacases_case3_127,Jun_coronacases_case3,reclmis,1003,0.9120907230563093,0.8383885884486372,7.211102550927978,2.826068051723454,predictions/masks/mosmed_test_Jun_coronacases_case3_127.png,predictions/probabilities/mosmed_test_Jun_coronacases_case3_127.npy
mosmed_test_Jun_radiopaedia_40_86625_0_case18_67,Jun_radiopaedia_40_86625_0_case18,reclmis,1003,0.8246959616940349,0.7016873377581361,11.180339887498949,3.2614137494791997,predictions/masks/mosmed_test_Jun_radiopaedia_40_86625_0_case18_67.png,predictions/probabilities/mosmed_test_Jun_radiopaedia_40_86625_0_case18_67.npy
mosmed_test_Jun_coronacases_case3_74,Jun_coronacases_case3,reclmis,1003,0.8974606036120428,0.813994136221166,9.848857801796104,2.7577056989949322,predictions/masks/mosmed_test_Jun_coronacases_case3_74.png,predictions/probabilities/mosmed_test_Jun_coronacases_case3_74.npy
mosmed_test_Morozov_study_0280_23,Morozov_study_0280,reclmis,1003,0.7500902853060656,0.6001155735452148,5.830951894845301,2.1390600182170068,predictions/masks/mosmed_test_Morozov_study_0280_23.png,predictions/probabilities/mosmed_test_Morozov_study_0280_23.npy
mosmed_test_Jun_radiopaedia_10_85902_3_case12_99,Jun_radiopaedia_10_85902_3_case12,reclmis,1003,0.9385448551933472,0.884205856260683,3.0,1.1252176842455412,predictions/masks/mosmed_test_Jun_radiopaedia_10_85902_3_case12_99.png,predictions/probabilities/mosmed_test_Jun_radiopaedia_10_85902_3_case12_99.npy
mosmed_test_Jun_coronacases_case10_247,Jun_coronacases_case10,reclmis,1003,0.8580619220000779,0.7514084507217318,4.47213595499958,1.673363346923984,predictions/masks/mosmed_test_Jun_coronacases_case10_247.png,predictions/probabilities/mosmed_test_Jun_coronacases_case10_247.npy
mosmed_test_Morozov_study_0278_26,Morozov_study_0278,reclmis,1003,0.895805142087422,0.8112745098154857,4.123105625617661,1.355249531569518,predictions/masks/mosmed_test_Morozov_study_0278_26.png,predictions/probabilities/mosmed_test_Morozov_study_0278_26.npy
mosmed_test_Jun_coronacases_case3_78,Jun_coronacases_case3,reclmis,1003,0.8794315325024898,0.7848083878953125,14.866068747318506,3.4798304135470466,predictions/masks/mosmed_test_Jun_coronacases_case3_78.png,predictions/probabilities/mosmed_test_Jun_coronacases_case3_78.npy
mosmed_test_Morozov_study_0295_16,Morozov_study_0295,reclmis,1003,0.8016547920063972,0.6689681626517466,6.0,1.8256951767885732,predictions/masks/mosmed_test_Morozov_study_0295_16.png,predictions/probabilities/mosmed_test_Morozov_study_0295_16.npy
mosmed_test_Morozov_study_0299_29,Morozov_study_0299,reclmis,1003,0.6792452830544677,0.514285714367347,197.69758442892436,38.29049879222429,predictions/masks/mosmed_test_Morozov_study_0299_29.png,predictions/probabilities/mosmed_test_Morozov_study_0299_29.npy
mosmed_test_Jun_coronacases_case10_139,Jun_coronacases_case10,reclmis,1003,0.8892644672803592,0.8006086427291464,7.0,2.154194730991638,predictions/masks/mosmed_test_Jun_coronacases_case10_139.png,predictions/probabilities/mosmed_test_Jun_coronacases_case10_139.npy
mosmed_test_Morozov_study_0283_19,Morozov_study_0283,reclmis,1003,2.777777770061728e-09,2.777777770061728e-09,60.5300041926638,42.801866453904815,predictions/masks/mosmed_test_Morozov_study_0283_19.png,predictions/probabilities/mosmed_test_Morozov_study_0283_19.npy
mosmed_test_Jun_radiopaedia_40_86625_0_case18_58,Jun_radiopaedia_40_86625_0_case18,reclmis,1003,0.8711636681547159,0.7717360290230639,13.601470508735444,3.3890621623060633,predictions/masks/mosmed_test_Jun_radiopaedia_40_86625_0_case18_58.png,predictions/probabilities/mosmed_test_Jun_radiopaedia_40_86625_0_case18_58.npy
mosmed_test_Morozov_study_0280_19,Morozov_study_0280,reclmis,1003,0.7718713547780058,0.6284938941756175,8.0,2.3763796332648894,predictions/masks/mosmed_test_Morozov_study_0280_19.png,predictions/probabilities/mosmed_test_Morozov_study_0280_19.npy
mosmed_test_Jun_radiopaedia_7_85703_0_case20_16,Jun_radiopaedia_7_85703_0_case20,reclmis,1003,0.8254505866720037,0.7027806385231147,7.810249675906654,2.3956977884404873,predictions/masks/mosmed_test_Jun_radiopaedia_7_85703_0_case20_16.png,predictions/probabilities/mosmed_test_Jun_radiopaedia_7_85703_0_case20_16.npy
mosmed_test_Morozov_study_0303_8,Morozov_study_0303,reclmis,1003,0.5480895915976225,0.37749546285140695,7.0710678118654755,4.716456918660212,predictions/masks/mosmed_test_Morozov_study_0303_8.png,predictions/probabilities/mosmed_test_Morozov_study_0303_8.npy
mosmed_test_Jun_coronacases_case8_148,Jun_coronacases_case8,reclmis,1003,0.8923133370033727,0.8055647565451215,4.0,1.5511900644484597,predictions/masks/mosmed_test_Jun_coronacases_case8_148.png,predictions/probabilities/mosmed_test_Jun_coronacases_case8_148.npy
mosmed_test_Jun_coronacases_case3_140,Jun_coronacases_case3,reclmis,1003,0.905226722049808,0.8268622739366781,5.0,1.5505065043819994,predictions/masks/mosmed_test_Jun_coronacases_case3_140.png,predictions/probabilities/mosmed_test_Jun_coronacases_case3_140.npy
mosmed_test_Jun_radiopaedia_10_85902_3_case12_101,Jun_radiopaedia_10_85902_3_case12,reclmis,1003,0.9495268138812635,0.9039039039080264,2.23606797749979,0.8744439864055294,predictions/masks/mosmed_test_Jun_radiopaedia_10_85902_3_case12_101.png,predictions/probabilities/mosmed_test_Jun_radiopaedia_10_85902_3_case12_101.npy
mosmed_test_Jun_coronacases_case10_114,Jun_coronacases_case10,reclmis,1003,0.8703981699916334,0.7705353752718576,8.48528137423857,2.9081021937102656,predictions/masks/mosmed_test_Jun_coronacases_case10_114.png,predictions/probabilities/mosmed_test_Jun_coronacases_case10_114.npy
mosmed_test_Jun_coronacases_case10_89,Jun_coronacases_case10,reclmis,1003,0.8729548698817068,0.774551831648976,5.830951894845301,1.8389899418117635,predictions/masks/mosmed_test_Jun_coronacases_case10_89.png,predictions/probabilities/mosmed_test_Jun_coronacases_case10_89.npy
mosmed_test_Jun_coronacases_case8_209,Jun_coronacases_case8,reclmis,1003,0.7663209274090104,0.6211671612639795,3.605551275463989,1.7996968842480623,predictions/masks/mosmed_test_Jun_coronacases_case8_209.png,predictions/probabilities/mosmed_test_Jun_coronacases_case8_209.npy
mosmed_test_bjorke_3,bjorke_3,reclmis,1003,0.8584795321720188,0.7520491803532736,5.0,1.9034612350154176,predictions/masks/mosmed_test_bjorke_3.png,predictions/probabilities/mosmed_test_bjorke_3.npy
mosmed_test_Jun_coronacases_case2_126,Jun_coronacases_case2,reclmis,1003,0.8906773977214842,0.802902055628691,3.1622776601683795,1.3183615513843518,predictions/masks/mosmed_test_Jun_coronacases_case2_126.png,predictions/probabilities/mosmed_test_Jun_coronacases_case2_126.npy
mosmed_test_Jun_coronacases_case1_117,Jun_coronacases_case1,reclmis,1003,0.8088088088096063,0.6789915966409035,10.295630140987,3.596703102100166,predictions/masks/mosmed_test_Jun_coronacases_case1_117.png,predictions/probabilities/mosmed_test_Jun_coronacases_case1_117.npy
mosmed_test_Jun_coronacases_case8_104,Jun_coronacases_case8,reclmis,1003,0.8770113111368726,0.7809618385617682,11.611140263144343,2.682021597574736,predictions/masks/mosmed_test_Jun_coronacases_case8_104.png,predictions/probabilities/mosmed_test_Jun_coronacases_case8_104.npy
mosmed_test_Morozov_study_0299_9,Morozov_study_0299,reclmis,1003,0.7046296296433042,0.5439599714407461,6.0,2.0663819439882034,predictions/masks/mosmed_test_Morozov_study_0299_9.png,predictions/probabilities/mosmed_test_Morozov_study_0299_9.npy
mosmed_test_Morozov_study_0269_17,Morozov_study_0269,reclmis,1003,0.7662263067269894,0.6210428305576796,6.0,2.0978169687266743,predictions/masks/mosmed_test_Morozov_study_0269_17.png,predictions/probabilities/mosmed_test_Morozov_study_0269_17.npy
mosmed_test_Jun_coronacases_case8_157,Jun_coronacases_case8,reclmis,1003,0.9041990318596848,0.8251489624034282,5.0,1.7077154074091274,predictions/masks/mosmed_test_Jun_coronacases_case8_157.png,predictions/probabilities/mosmed_test_Jun_coronacases_case8_157.npy
mosmed_test_Jun_coronacases_case5_72,Jun_coronacases_case5,reclmis,1003,0.8986432561892002,0.8159420289988448,3.1622776601683795,6.0992892711965885,predictions/masks/mosmed_test_Jun_coronacases_case5_72.png,predictions/probabilities/mosmed_test_Jun_coronacases_case5_72.npy
mosmed_test_Jun_radiopaedia_10_85902_3_case12_139,Jun_radiopaedia_10_85902_3_case12,reclmis,1003,0.9406831915163314,0.8880093131574387,5.830951894845301,1.617585464093918,predictions/masks/mosmed_test_Jun_radiopaedia_10_85902_3_case12_139.png,predictions/probabilities/mosmed_test_Jun_radiopaedia_10_85902_3_case12_139.npy
mosmed_test_Jun_coronacases_case6_101,Jun_coronacases_case6,reclmis,1003,0.9115528666115945,0.8374801482351784,2.8284271247461903,1.0474476612633223,predictions/masks/mosmed_test_Jun_coronacases_case6_101.png,predictions/probabilities/mosmed_test_Jun_coronacases_case6_101.npy
mosmed_test_Jun_coronacases_case8_230,Jun_coronacases_case8,reclmis,1003,0.8720379146980077,0.7731092437165453,3.1622776601683795,1.1588901449979225,predictions/masks/mosmed_test_Jun_coronacases_case8_230.png,predictions/probabilities/mosmed_test_Jun_coronacases_case8_230.npy
mosmed_test_Jun_coronacases_case8_191,Jun_coronacases_case8,reclmis,1003,0.8602564102653681,0.7547806524460314,3.0,1.331713847480035,predictions/masks/mosmed_test_Jun_coronacases_case8_191.png,predictions/probabilities/mosmed_test_Jun_coronacases_case8_191.npy
mosmed_test_bjorke_68,bjorke_68,reclmis,1003,0.8615240076507011,0.7567344532876114,84.31666185000468,12.10028731081143,predictions/masks/mosmed_test_bjorke_68.png,predictions/probabilities/mosmed_test_bjorke_68.npy
mosmed_test_Morozov_study_0303_19,Morozov_study_0303,reclmis,1003,0.8940311418708038,0.8083691826433957,4.47213595499958,1.4754442318068421,predictions/masks/mosmed_test_Morozov_study_0303_19.png,predictions/probabilities/mosmed_test_Morozov_study_0303_19.npy
mosmed_test_Jun_coronacases_case2_43,Jun_coronacases_case2,reclmis,1003,0.9511737089224802,0.9068934646457569,2.0,0.7373548253329889,predictions/masks/mosmed_test_Jun_coronacases_case2_43.png,predictions/probabilities/mosmed_test_Jun_coronacases_case2_43.npy
mosmed_test_Jun_coronacases_case2_77,Jun_coronacases_case2,reclmis,1003,0.5379568885156554,0.3679487180297502,20.321996351338797,5.534592302429374,predictions/masks/mosmed_test_Jun_coronacases_case2_77.png,predictions/probabilities/mosmed_test_Jun_coronacases_case2_77.npy
mosmed_test_bjorke_59,bjorke_59,reclmis,1003,0.8437806921257095,0.7297756458308855,15.652475842498529,4.483595490589098,predictions/masks/mosmed_test_bjorke_59.png,predictions/probabilities/mosmed_test_bjorke_59.npy
mosmed_test_Jun_coronacases_case3_155,Jun_coronacases_case3,reclmis,1003,0.878309184008298,0.7830225330267478,5.227784895686572,2.77556463754388,predictions/masks/mosmed_test_Jun_coronacases_case3_155.png,predictions/probabilities/mosmed_test_Jun_coronacases_case3_155.npy
mosmed_test_Jun_coronacases_case2_29,Jun_coronacases_case2,reclmis,1003,0.8298368298500516,0.7091633466521695,116.14753084079761,16.87549993669289,predictions/masks/mosmed_test_Jun_coronacases_case2_29.png,predictions/probabilities/mosmed_test_Jun_coronacases_case2_29.npy
mosmed_test_Jun_coronacases_case8_86,Jun_coronacases_case8,reclmis,1003,0.8665997994004246,0.7646017699184483,5.0,1.8474826909569835,predictions/masks/mosmed_test_Jun_coronacases_case8_86.png,predictions/probabilities/mosmed_test_Jun_coronacases_case8_86.npy
mosmed_test_Morozov_study_0281_32,Morozov_study_0281,reclmis,1003,0.9111933395045703,0.8368734069807243,4.135059131767819,1.5491457176098904,predictions/masks/mosmed_test_Morozov_study_0281_32.png,predictions/probabilities/mosmed_test_Morozov_study_0281_32.npy
mosmed_test_Jun_coronacases_case10_132,Jun_coronacases_case10,reclmis,1003,0.861004164376043,0.755932671085045,7.933587386567304,2.210586869619901,predictions/masks/mosmed_test_Jun_coronacases_case10_132.png,predictions/probabilities/mosmed_test_Jun_coronacases_case10_132.npy
mosmed_test_Morozov_study_0275_19,Morozov_study_0275,reclmis,1003,0.4756097564173111,0.3120000005504,8.969349550499537,1.7092012574066846,predictions/masks/mosmed_test_Morozov_study_0275_19.png,predictions/probabilities/mosmed_test_Morozov_study_0275_19.npy
mosmed_test_Jun_coronacases_case8_99,Jun_coronacases_case8,reclmis,1003,0.904173557740012,0.8251065340940145,4.0,1.4673395735127714,predictions/masks/mosmed_test_Jun_coronacases_case8_99.png,predictions/probabilities/mosmed_test_Jun_coronacases_case8_99.npy
mosmed_test_Morozov_study_0277_27,Morozov_study_0277,reclmis,1003,0.8242381289927626,0.701024713700963,7.02132034355964,2.907789129220534,predictions/masks/mosmed_test_Morozov_study_0277_27.png,predictions/probabilities/mosmed_test_Morozov_study_0277_27.npy
mosmed_test_Morozov_study_0298_14,Morozov_study_0298,reclmis,1003,0.8454877814153264,0.7323333333422556,10.816653826391969,5.272710223752913,predictions/masks/mosmed_test_Morozov_study_0298_14.png,predictions/probabilities/mosmed_test_Morozov_study_0298_14.npy
mosmed_test_Jun_coronacases_case4_114,Jun_coronacases_case4,reclmis,1003,0.8060873834164906,0.6751644737109239,5.656854249492381,1.7047589742112745,predictions/masks/mosmed_test_Jun_coronacases_case4_114.png,predictions/probabilities/mosmed_test_Jun_coronacases_case4_114.npy
mosmed_test_Jun_coronacases_case8_243,Jun_coronacases_case8,reclmis,1003,0.8023483366335913,0.6699346406307403,2.23606797749979,0.9638874309305663,predictions/masks/mosmed_test_Jun_coronacases_case8_243.png,predictions/probabilities/mosmed_test_Jun_coronacases_case8_243.npy
mosmed_test_Jun_radiopaedia_14_85914_0_case13_1,Jun_radiopaedia_14_85914_0_case13,reclmis,1003,0.7668530088863251,0.6218666666868338,135.00703675763583,29.791027398500272,predictions/masks/mosmed_test_Jun_radiopaedia_14_85914_0_case13_1.png,predictions/probabilities/mosmed_test_Jun_radiopaedia_14_85914_0_case13_1.npy
mosmed_test_Jun_coronacases_case7_76,Jun_coronacases_case7,reclmis,1003,0.4512820515634451,0.29139072894609885,5.830951894845301,2.570466798251994,predictions/masks/mosmed_test_Jun_coronacases_case7_76.png,predictions/probabilities/mosmed_test_Jun_coronacases_case7_76.npy
mosmed_test_Jun_coronacases_case1_190,Jun_coronacases_case1,reclmis,1003,0.6881490531507614,0.524563445878357,19.258207001427866,4.7650367021290485,predictions/masks/mosmed_test_Jun_coronacases_case1_190.png,predictions/probabilities/mosmed_test_Jun_coronacases_case1_190.npy
mosmed_test_Jun_radiopaedia_10_85902_3_case12_164,Jun_radiopaedia_10_85902_3_case12,reclmis,1003,0.909938313914874,0.834758551312003,6.0,1.7992651278566452,predictions/masks/mosmed_test_Jun_radiopaedia_10_85902_3_case12_164.png,predictions/probabilities/mosmed_test_Jun_radiopaedia_10_85902_3_case12_164.npy
mosmed_test_Jun_coronacases_case3_147,Jun_coronacases_case3,reclmis,1003,0.9267596702605678,0.8635155096031977,3.1622776601683795,1.374469173036225,predictions/masks/mosmed_test_Jun_coronacases_case3_147.png,predictions/probabilities/mosmed_test_Jun_coronacases_case3_147.npy
mosmed_test_Morozov_study_0293_9,Morozov_study_0293,reclmis,1003,0.45929018800432353,0.29810298122002626,5.385164807134504,2.087088333366759,predictions/masks/mosmed_test_Morozov_study_0293_9.png,predictions/probabilities/mosmed_test_Morozov_study_0293_9.npy
mosmed_test_Morozov_study_0269_19,Morozov_study_0269,reclmis,1003,0.6598041175328822,0.49231916480995797,37.759554043452454,7.2188801725419784,predictions/masks/mosmed_test_Morozov_study_0269_19.png,predictions/probabilities/mosmed_test_Morozov_study_0269_19.npy
mosmed_test_Jun_coronacases_case6_112,Jun_coronacases_case6,reclmis,1003,0.8938172043082112,0.8080194410925857,3.0,1.2811281746187253,predictions/masks/mosmed_test_Jun_coronacases_case6_112.png,predictions/probabilities/mosmed_test_Jun_coronacases_case6_112.npy
mosmed_test_Morozov_study_0276_33,Morozov_study_0276,reclmis,1003,0.8536381377236232,0.7446498054598907,4.0,1.4090372855858035,predictions/masks/mosmed_test_Morozov_study_0276_33.png,predictions/probabilities/mosmed_test_Morozov_study_0276_33.npy
mosmed_test_Jun_coronacases_case1_209,Jun_coronacases_case1,reclmis,1003,0.8504416692072732,0.7397986221584579,8.06225774829855,3.4949955241255486,predictions/masks/mosmed_test_Jun_coronacases_case1_209.png,predictions/probabilities/mosmed_test_Jun_coronacases_case1_209.npy
mosmed_test_Jun_coronacases_case2_157,Jun_coronacases_case2,reclmis,1003,0.817088607600725,0.69074371323217,4.47213595499958,1.5855737290971321,predictions/masks/mosmed_test_Jun_coronacases_case2_157.png,predictions/probabilities/mosmed_test_Jun_coronacases_case2_157.npy
mosmed_test_Morozov_study_0284_2,Morozov_study_0284,reclmis,1003,5.952380948837868e-10,5.952380948837868e-10,12.066380675153123,7.981988843979982,predictions/masks/mosmed_test_Morozov_study_0284_2.png,predictions/probabilities/mosmed_test_Morozov_study_0284_2.npy
mosmed_test_Morozov_study_0256_26,Morozov_study_0256,reclmis,1003,0.8137958532732497,0.6860504201786202,5.830951894845301,1.6927378481921087,predictions/masks/mosmed_test_Morozov_study_0256_26.png,predictions/probabilities/mosmed_test_Morozov_study_0256_26.npy
mosmed_test_Jun_coronacases_case10_138,Jun_coronacases_case10,reclmis,1003,0.8821902262580169,0.7892131979722181,6.0,2.2242612787333735,predictions/masks/mosmed_test_Jun_coronacases_case10_138.png,predictions/probabilities/mosmed_test_Jun_coronacases_case10_138.npy
mosmed_test_Jun_coronacases_case1_206,Jun_coronacases_case1,reclmis,1003,0.849445324883527,0.7382920110264933,7.810249675906654,4.4386122830084584,predictions/masks/mosmed_test_Jun_coronacases_case1_206.png,predictions/probabilities/mosmed_test_Jun_coronacases_case1_206.npy
mosmed_test_Morozov_study_0291_17,Morozov_study_0291,reclmis,1003,0.9268902312033558,0.8637422360301342,11.40175425099138,2.342932038551841,predictions/masks/mosmed_test_Morozov_study_0291_17.png,predictions/probabilities/mosmed_test_Morozov_study_0291_17.npy
mosmed_test_Morozov_study_0256_20,Morozov_study_0256,reclmis,1003,0.6263286999487875,0.4559523810171486,192.14003320526382,37.8713384126492,predictions/masks/mosmed_test_Morozov_study_0256_20.png,predictions/probabilities/mosmed_test_Morozov_study_0256_20.npy
mosmed_test_Jun_coronacases_case8_88,Jun_coronacases_case8,reclmis,1003,0.9034649935847218,0.8239271781580253,3.605551275463989,1.3701483773620422,predictions/masks/mosmed_test_Jun_coronacases_case8_88.png,predictions/probabilities/mosmed_test_Jun_coronacases_case8_88.npy
mosmed_test_Jun_coronacases_case3_141,Jun_coronacases_case3,reclmis,1003,0.8888070692202592,0.7998674618979474,5.385164807134504,1.8699492711696795,predictions/masks/mosmed_test_Jun_coronacases_case3_141.png,predictions/probabilities/mosmed_test_Jun_coronacases_case3_141.npy
mosmed_test_Jun_radiopaedia_27_86410_0_case14_15,Jun_radiopaedia_27_86410_0_case14,reclmis,1003,0.8938802083341969,0.8081224249586798,11.40175425099138,8.377140103509499,predictions/masks/mosmed_test_Jun_radiopaedia_27_86410_0_case14_15.png,predictions/probabilities/mosmed_test_Jun_radiopaedia_27_86410_0_case14_15.npy
mosmed_test_Jun_coronacases_case8_163,Jun_coronacases_case8,reclmis,1003,0.8553157474059335,0.7472067039223834,4.47213595499958,1.5028258618255355,predictions/masks/mosmed_test_Jun_coronacases_case8_163.png,predictions/probabilities/mosmed_test_Jun_coronacases_case8_163.npy
mosmed_test_Jun_coronacases_case7_146,Jun_coronacases_case7,reclmis,1003,0.8451830037895418,0.7318761384432833,8.94427190999916,2.2061927711492886,predictions/masks/mosmed_test_Jun_coronacases_case7_146.png,predictions/probabilities/mosmed_test_Jun_coronacases_case7_146.npy
mosmed_test_Jun_coronacases_case9_146,Jun_coronacases_case9,reclmis,1003,0.9009793253572369,0.819801980209914,3.1622776601683795,1.0465537615447469,predictions/masks/mosmed_test_Jun_coronacases_case9_146.png,predictions/probabilities/mosmed_test_Jun_coronacases_case9_146.npy
mosmed_test_Jun_coronacases_case5_75,Jun_coronacases_case5,reclmis,1003,0.9315634218309273,0.8718939812329158,3.0,1.1901208814949629,predictions/masks/mosmed_test_Jun_coronacases_case5_75.png,predictions/probabilities/mosmed_test_Jun_coronacases_case5_75.npy
mosmed_test_Jun_coronacases_case8_144,Jun_coronacases_case8,reclmis,1003,0.8880534670017707,0.7986476333614028,6.324555320336759,1.8228330062991902,predictions/masks/mosmed_test_Jun_coronacases_case8_144.png,predictions/probabilities/mosmed_test_Jun_coronacases_case8_144.npy
mosmed_test_Jun_coronacases_case9_157,Jun_coronacases_case9,reclmis,1003,0.48761904771664405,0.32241813619082665,83.26602695194877,24.571140835809107,predictions/masks/mosmed_test_Jun_coronacases_case9_157.png,predictions/probabilities/mosmed_test_Jun_coronacases_case9_157.npy
mosmed_test_Morozov_study_0274_16,Morozov_study_0274,reclmis,1003,0.6657963446911493,0.4990215265168255,60.01163024278835,10.261051708094916,predictions/masks/mosmed_test_Morozov_study_0274_16.png,predictions/probabilities/mosmed_test_Morozov_study_0274_16.npy
mosmed_test_Morozov_study_0285_14,Morozov_study_0285,reclmis,1003,0.4263565892028724,0.27093596068091924,26.810392589735752,9.873218344200865,predictions/masks/mosmed_test_Morozov_study_0285_14.png,predictions/probabilities/mosmed_test_Morozov_study_0285_14.npy
mosmed_test_Morozov_study_0304_20,Morozov_study_0304,reclmis,1003,0.37762237805760673,0.23275862135107017,84.62860036654276,16.41850494176142,predictions/masks/mosmed_test_Morozov_study_0304_20.png,predictions/probabilities/mosmed_test_Morozov_study_0304_20.npy
mosmed_test_Jun_radiopaedia_40_86625_0_case18_24,Jun_radiopaedia_40_86625_0_case18,reclmis,1003,0.8448291998135479,0.7313457020195143,24.438658759666183,6.248240165454255,predictions/masks/mosmed_test_Jun_radiopaedia_40_86625_0_case18_24.png,predictions/probabilities/mosmed_test_Jun_radiopaedia_40_86625_0_case18_24.npy
mosmed_test_Jun_coronacases_case1_83,Jun_coronacases_case1,reclmis,1003,0.7861271677536837,0.6476190479546485,2.0,0.9105373388651813,predictions/masks/mosmed_test_Jun_coronacases_case1_83.png,predictions/probabilities/mosmed_test_Jun_coronacases_case1_83.npy
mosmed_test_Jun_coronacases_case10_262,Jun_coronacases_case10,reclmis,1003,0.8787541713149328,0.7837301587730694,2.8284271247461903,0.9521042867810853,predictions/masks/mosmed_test_Jun_coronacases_case10_262.png,predictions/probabilities/mosmed_test_Jun_coronacases_case10_262.npy
mosmed_test_Morozov_study_0288_6,Morozov_study_0288,reclmis,1003,0.8170609796764902,0.6907042253608252,8.94427190999916,2.3764731365621707,predictions/masks/mosmed_test_Morozov_study_0288_6.png,predictions/probabilities/mosmed_test_Morozov_study_0288_6.npy
mosmed_test_Jun_coronacases_case7_84,Jun_coronacases_case7,reclmis,1003,0.8864696734235662,0.7960893855318186,3.0,0.9226680549695576,predictions/masks/mosmed_test_Jun_coronacases_case7_84.png,predictions/probabilities/mosmed_test_Jun_coronacases_case7_84.npy
mosmed_test_Morozov_study_0286_16,Morozov_study_0286,reclmis,1003,0.5654216059144392,0.39413782352996146,32.29776446406737,7.003395265609875,predictions/masks/mosmed_test_Morozov_study_0286_16.png,predictions/probabilities/mosmed_test_Morozov_study_0286_16.npy
mosmed_test_Jun_coronacases_case2_96,Jun_coronacases_case2,reclmis,1003,0.9218849501175771,0.8550895845667437,3.0,1.211099338962727,predictions/masks/mosmed_test_Jun_coronacases_case2_96.png,predictions/probabilities/mosmed_test_Jun_coronacases_case2_96.npy
mosmed_test_Jun_radiopaedia_27_86410_0_case14_54,Jun_radiopaedia_27_86410_0_case14,reclmis,1003,0.858324715629956,0.7518115942478603,4.073863375370596,1.397154806009103,predictions/masks/mosmed_test_Jun_radiopaedia_27_86410_0_case14_54.png,predictions/probabilities/mosmed_test_Jun_radiopaedia_27_86410_0_case14_54.npy
mosmed_test_Jun_coronacases_case7_132,Jun_coronacases_case7,reclmis,1003,0.8759533073949268,0.7792855164835424,7.234479400064981,1.9523506729440945,predictions/masks/mosmed_test_Jun_coronacases_case7_132.png,predictions/probabilities/mosmed_test_Jun_coronacases_case7_132.npy
mosmed_test_Jun_coronacases_case1_187,Jun_coronacases_case1,reclmis,1003,0.8237981292166217,0.7003883854318405,6.045519391664017,2.358572137141769,predictions/masks/mosmed_test_Jun_coronacases_case1_187.png,predictions/probabilities/mosmed_test_Jun_coronacases_case1_187.npy
mosmed_test_Jun_coronacases_case1_189,Jun_coronacases_case1,reclmis,1003,0.7474813129712792,0.5967825635807789,13.45362404707371,3.3398913160445605,predictions/masks/mosmed_test_Jun_coronacases_case1_189.png,predictions/probabilities/mosmed_test_Jun_coronacases_case1_189.npy
mosmed_test_Jun_coronacases_case5_116,Jun_coronacases_case5,reclmis,1003,0.86045531197596,0.7550869404456129,5.385164807134504,1.9533311449237243,predictions/masks/mosmed_test_Jun_coronacases_case5_116.png,predictions/probabilities/mosmed_test_Jun_coronacases_case5_116.npy
mosmed_test_Jun_coronacases_case1_237,Jun_coronacases_case1,reclmis,1003,0.5576923081176036,0.3866666674844445,4.0,2.8786068389363453,predictions/masks/mosmed_test_Jun_coronacases_case1_237.png,predictions/probabilities/mosmed_test_Jun_coronacases_case1_237.npy
mosmed_test_Morozov_study_0269_27,Morozov_study_0269,reclmis,1003,0.570841889205166,0.3994252875289007,5.1991703663323845,2.280810902010654,predictions/masks/mosmed_test_Morozov_study_0269_27.png,predictions/probabilities/mosmed_test_Morozov_study_0269_27.npy
mosmed_test_Jun_coronacases_case1_141,Jun_coronacases_case1,reclmis,1003,0.8453109650128822,0.7320680628307321,5.847856705360755,1.9849419795690486,predictions/masks/mosmed_test_Jun_coronacases_case1_141.png,predictions/probabilities/mosmed_test_Jun_coronacases_case1_141.npy
mosmed_test_Jun_coronacases_case4_112,Jun_coronacases_case4,reclmis,1003,0.8057702215452978,0.6747195858779361,4.123105625617661,2.9691774381199996,predictions/masks/mosmed_test_Jun_coronacases_case4_112.png,predictions/probabilities/mosmed_test_Jun_coronacases_case4_112.npy
mosmed_test_Morozov_study_0275_28,Morozov_study_0275,reclmis,1003,0.792437320189378,0.6562287270485888,8.991640786499875,2.852229865426591,predictions/masks/mosmed_test_Morozov_study_0275_28.png,predictions/probabilities/mosmed_test_Morozov_study_0275_28.npy
mosmed_test_Morozov_study_0268_20,Morozov_study_0268,reclmis,1003,0.7854984894352397,0.6467661691793343,7.848050886765433,2.1608564792358327,predictions/masks/mosmed_test_Morozov_study_0268_20.png,predictions/probabilities/mosmed_test_Morozov_study_0268_20.npy
mosmed_test_Morozov_study_0263_12,Morozov_study_0263,reclmis,1003,0.596396396432757,0.42490372279526273,163.00266910058966,27.637647878214025,predictions/masks/mosmed_test_Morozov_study_0263_12.png,predictions/probabilities/mosmed_test_Morozov_study_0263_12.npy
mosmed_test_Morozov_study_0289_27,Morozov_study_0289,reclmis,1003,0.7898550724828028,0.652694610830435,2.8284271247461903,1.0918615310274036,predictions/masks/mosmed_test_Morozov_study_0289_27.png,predictions/probabilities/mosmed_test_Morozov_study_0289_27.npy
mosmed_test_Jun_coronacases_case1_114,Jun_coronacases_case1,reclmis,1003,0.8164429747791192,0.6898214090096436,11.0,3.5890650306524585,predictions/masks/mosmed_test_Jun_coronacases_case1_114.png,predictions/probabilities/mosmed_test_Jun_coronacases_case1_114.npy
mosmed_test_Jun_coronacases_case1_143,Jun_coronacases_case1,reclmis,1003,0.810741482967449,0.6817201402038053,19.110193151430558,3.5069818744895485,predictions/masks/mosmed_test_Jun_coronacases_case1_143.png,predictions/probabilities/mosmed_test_Jun_coronacases_case1_143.npy
mosmed_test_Jun_coronacases_case9_144,Jun_coronacases_case9,reclmis,1003,0.8693145419644678,0.7688385269252783,4.47213595499958,1.4398643113831768,predictions/masks/mosmed_test_Jun_coronacases_case9_144.png,predictions/probabilities/mosmed_test_Jun_coronacases_case9_144.npy
mosmed_test_Jun_coronacases_case1_158,Jun_coronacases_case1,reclmis,1003,0.6930449741976485,0.5302745393063774,19.95867236484419,4.135098222158632,predictions/masks/mosmed_test_Jun_coronacases_case1_158.png,predictions/probabilities/mosmed_test_Jun_coronacases_case1_158.npy
mosmed_test_Morozov_study_0277_22,Morozov_study_0277,reclmis,1003,0.8252747252843255,0.7025257250044409,8.931600561797614,2.0596434029439434,predictions/masks/mosmed_test_Morozov_study_0277_22.png,predictions/probabilities/mosmed_test_Morozov_study_0277_22.npy
mosmed_test_Morozov_study_0288_7,Morozov_study_0288,reclmis,1003,0.8379645128918988,0.7211178334854187,8.48528137423857,2.8750765365164943,predictions/masks/mosmed_test_Morozov_study_0288_7.png,predictions/probabilities/mosmed_test_Morozov_study_0288_7.npy
mosmed_test_Jun_coronacases_case1_148,Jun_coronacases_case1,reclmis,1003,0.856980811042093,0.7497519020881616,5.0990195135927845,3.2437935079146456,predictions/masks/mosmed_test_Jun_coronacases_case1_148.png,predictions/probabilities/mosmed_test_Jun_coronacases_case1_148.npy
mosmed_test_Jun_coronacases_case6_60,Jun_coronacases_case6,reclmis,1003,0.651851851880506,0.48351648357954624,31.61328264288581,5.440443005429946,predictions/masks/mosmed_test_Jun_coronacases_case6_60.png,predictions/probabilities/mosmed_test_Jun_coronacases_case6_60.npy
mosmed_test_Jun_coronacases_case8_75,Jun_coronacases_case8,reclmis,1003,0.9287014563117612,0.8668932313829824,4.0,1.2252680420286082,predictions/masks/mosmed_test_Jun_coronacases_case8_75.png,predictions/probabilities/mosmed_test_Jun_coronacases_case8_75.npy
mosmed_test_Jun_coronacases_case5_132,Jun_coronacases_case5,reclmis,1003,0.8748148148194513,0.7774851876380853,5.0,1.4597352757723723,predictions/masks/mosmed_test_Jun_coronacases_case5_132.png,predictions/probabilities/mosmed_test_Jun_coronacases_case5_132.npy
mosmed_test_Jun_coronacases_case4_102,Jun_coronacases_case4,reclmis,1003,0.7547869055123665,0.606150793689866,24.081111227722495,4.012482869851841,predictions/masks/mosmed_test_Jun_coronacases_case4_102.png,predictions/probabilities/mosmed_test_Jun_coronacases_case4_102.npy
mosmed_test_Morozov_study_0265_10,Morozov_study_0265,reclmis,1003,0.8225574712675546,0.6985967053173094,33.73108460202778,5.299422391386651,predictions/masks/mosmed_test_Morozov_study_0265_10.png,predictions/probabilities/mosmed_test_Morozov_study_0265_10.npy
mosmed_test_Morozov_study_0281_37,Morozov_study_0281,reclmis,1003,0.8814814815034294,0.7880794702688477,2.23606797749979,0.9029429405270726,predictions/masks/mosmed_test_Morozov_study_0281_37.png,predictions/probabilities/mosmed_test_Morozov_study_0281_37.npy
mosmed_test_Jun_radiopaedia_40_86625_0_case18_39,Jun_radiopaedia_40_86625_0_case18,reclmis,1003,0.8897251238134698,0.8013557209092627,9.899494936611665,3.101404327816903,predictions/masks/mosmed_test_Jun_radiopaedia_40_86625_0_case18_39.png,predictions/probabilities/mosmed_test_Jun_radiopaedia_40_86625_0_case18_39.npy
mosmed_test_Jun_coronacases_case8_244,Jun_coronacases_case8,reclmis,1003,0.8658318426000302,0.7634069401377265,17.88854381999832,1.8228119557373137,predictions/masks/mosmed_test_Jun_coronacases_case8_244.png,predictions/probabilities/mosmed_test_Jun_coronacases_case8_244.npy
mosmed_test_Morozov_study_0255_31,Morozov_study_0255,reclmis,1003,0.7824175824414926,0.6425992780428522,3.1622776601683795,1.716002372934737,predictions/masks/mosmed_test_Morozov_study_0255_31.png,predictions/probabilities/mosmed_test_Morozov_study_0255_31.npy
mosmed_test_Jun_coronacases_case8_162,Jun_coronacases_case8,reclmis,1003,0.8179004998853154,0.6919049536974666,6.082762530298219,2.0360639720626867,predictions/masks/mosmed_test_Jun_coronacases_case8_162.png,predictions/probabilities/mosmed_test_Jun_coronacases_case8_162.npy
mosmed_test_Jun_radiopaedia_14_85914_0_case13_84,Jun_radiopaedia_14_85914_0_case13,reclmis,1003,0.8385512584417523,0.7219873150135095,9.848857801796104,2.8707459524109176,predictions/masks/mosmed_test_Jun_radiopaedia_14_85914_0_case13_84.png,predictions/probabilities/mosmed_test_Jun_radiopaedia_14_85914_0_case13_84.npy
mosmed_test_Jun_coronacases_case10_108,Jun_coronacases_case10,reclmis,1003,0.9059870550169419,0.8281319331485264,4.242640687119285,1.8516729254345115,predictions/masks/mosmed_test_Jun_coronacases_case10_108.png,predictions/probabilities/mosmed_test_Jun_coronacases_case10_108.npy
mosmed_test_Jun_radiopaedia_14_85914_0_case13_41,Jun_radiopaedia_14_85914_0_case13,reclmis,1003,0.8273863197221276,0.7055915632219942,18.001387818866004,4.535832962171756,predictions/masks/mosmed_test_Jun_radiopaedia_14_85914_0_case13_41.png,predictions/probabilities/mosmed_test_Jun_radiopaedia_14_85914_0_case13_41.npy
mosmed_test_Jun_coronacases_case4_142,Jun_coronacases_case4,reclmis,1003,0.8596141051277574,0.7537922987308172,5.0,1.8956690749968086,predictions/masks/mosmed_test_Jun_coronacases_case4_142.png,predictions/probabilities/mosmed_test_Jun_coronacases_case4_142.npy
mosmed_test_Jun_coronacases_case1_149,Jun_coronacases_case1,reclmis,1003,0.8758588235305802,0.7791359678536648,5.0,2.666905624124801,predictions/masks/mosmed_test_Jun_coronacases_case1_149.png,predictions/probabilities/mosmed_test_Jun_coronacases_case1_149.npy
mosmed_test_Jun_radiopaedia_27_86410_0_case14_36,Jun_radiopaedia_27_86410_0_case14,reclmis,1003,0.8038129017999598,0.6719792438965168,141.70531188452583,14.028799905419993,predictions/masks/mosmed_test_Jun_radiopaedia_27_86410_0_case14_36.png,predictions/probabilities/mosmed_test_Jun_radiopaedia_27_86410_0_case14_36.npy
mosmed_test_Jun_coronacases_case6_114,Jun_coronacases_case6,reclmis,1003,0.8069241012241113,0.6763392857865315,3.605551275463989,1.7368277012918127,predictions/masks/mosmed_test_Jun_coronacases_case6_114.png,predictions/probabilities/mosmed_test_Jun_coronacases_case6_114.npy
mosmed_test_Morozov_study_0263_9,Morozov_study_0263,reclmis,1003,0.6952067325395095,0.5328098710301284,45.05312428226913,8.94530889596317,predictions/masks/mosmed_test_Morozov_study_0263_9.png,predictions/probabilities/mosmed_test_Morozov_study_0263_9.npy
mosmed_test_Morozov_study_0264_32,Morozov_study_0264,reclmis,1003,1.470588233131488e-09,1.470588233131488e-09,724.0773439350247,724.0773439350247,predictions/masks/mosmed_test_Morozov_study_0264_32.png,predictions/probabilities/mosmed_test_Morozov_study_0264_32.npy
mosmed_test_Jun_radiopaedia_29_86491_1_case16_17,Jun_radiopaedia_29_86491_1_case16,reclmis,1003,0.8755451190917295,0.7786396181516325,4.0,1.6504943166058186,predictions/masks/mosmed_test_Jun_radiopaedia_29_86491_1_case16_17.png,predictions/probabilities/mosmed_test_Jun_radiopaedia_29_86491_1_case16_17.npy
mosmed_test_Jun_coronacases_case4_149,Jun_coronacases_case4,reclmis,1003,0.8888888888929499,0.8000000000131579,4.47213595499958,1.37992061759079,predictions/masks/mosmed_test_Jun_coronacases_case4_149.png,predictions/probabilities/mosmed_test_Jun_coronacases_case4_149.npy
mosmed_test_Jun_coronacases_case7_137,Jun_coronacases_case7,reclmis,1003,0.9139676113374837,0.841565703639591,4.47213595499958,1.1632008316991715,predictions/masks/mosmed_test_Jun_coronacases_case7_137.png,predictions/probabilities/mosmed_test_Jun_coronacases_case7_137.npy
mosmed_test_Jun_coronacases_case2_130,Jun_coronacases_case2,reclmis,1003,0.9340860543189795,0.876324076728419,3.162277660168379,1.8157537115996063,predictions/masks/mosmed_test_Jun_coronacases_case2_130.png,predictions/probabilities/mosmed_test_Jun_coronacases_case2_130.npy
mosmed_test_Jun_coronacases_case10_160,Jun_coronacases_case10,reclmis,1003,0.8652807333453488,0.7625504904823637,16.108859136809283,3.4827302101781203,predictions/masks/mosmed_test_Jun_coronacases_case10_160.png,predictions/probabilities/mosmed_test_Jun_coronacases_case10_160.npy
mosmed_test_Morozov_study_0277_16,Morozov_study_0277,reclmis,1003,0.8036479204117224,0.6717486717562543,71.34979609824748,6.007037750627116,predictions/masks/mosmed_test_Morozov_study_0277_16.png,predictions/probabilities/mosmed_test_Morozov_study_0277_16.npy
mosmed_test_Jun_coronacases_case1_116,Jun_coronacases_case1,reclmis,1003,0.8140018921484674,0.6863433312086284,22.37740856688486,5.874591367067785,predictions/masks/mosmed_test_Jun_coronacases_case1_116.png,predictions/probabilities/mosmed_test_Jun_coronacases_case1_116.npy
mosmed_test_Jun_coronacases_case2_149,Jun_coronacases_case2,reclmis,1003,0.8877426360813392,0.7981449841396596,4.242640687119285,1.827760887402734,predictions/masks/mosmed_test_Jun_coronacases_case2_149.png,predictions/probabilities/mosmed_test_Jun_coronacases_case2_149.npy
mosmed_test_Morozov_study_0280_12,Morozov_study_0280,reclmis,1003,0.77157360411889,0.628099173707397,3.2066050216979383,1.2807652440526769,predictions/masks/mosmed_test_Morozov_study_0280_12.png,predictions/probabilities/mosmed_test_Morozov_study_0280_12.npy
mosmed_test_Jun_radiopaedia_7_85703_0_case20_22,Jun_radiopaedia_7_85703_0_case20,reclmis,1003,0.8192736217650228,0.6938725490271109,8.0,2.343671327748456,predictions/masks/mosmed_test_Jun_radiopaedia_7_85703_0_case20_22.png,predictions/probabilities/mosmed_test_Jun_radiopaedia_7_85703_0_case20_22.npy
mosmed_test_Jun_coronacases_case1_217,Jun_coronacases_case1,reclmis,1003,0.7862796833961054,0.6478260870075615,3.605551275463989,1.1351341319200783,predictions/masks/mosmed_test_Jun_coronacases_case1_217.png,predictions/probabilities/mosmed_test_Jun_coronacases_case1_217.npy
mosmed_test_Jun_coronacases_case7_99,Jun_coronacases_case7,reclmis,1003,0.7869080779993753,0.64867967854387,46.6009226434454,6.047154442808847,predictions/masks/mosmed_test_Jun_coronacases_case7_99.png,predictions/probabilities/mosmed_test_Jun_coronacases_case7_99.npy
mosmed_test_Morozov_study_0257_20,Morozov_study_0257,reclmis,1003,0.6929252383418734,0.5301343570237953,23.08679276123039,7.011997580807815,predictions/masks/mosmed_test_Morozov_study_0257_20.png,predictions/probabilities/mosmed_test_Morozov_study_0257_20.npy
mosmed_test_Morozov_study_0297_26,Morozov_study_0297,reclmis,1003,0.6713812154768756,0.5053226879738749,8.0,2.362963521851411,predictions/masks/mosmed_test_Morozov_study_0297_26.png,predictions/probabilities/mosmed_test_Morozov_study_0297_26.npy
mosmed_test_Jun_coronacases_case5_106,Jun_coronacases_case5,reclmis,1003,0.9214899713482045,0.854410201918016,3.146049894151538,1.1603463405873795,predictions/masks/mosmed_test_Jun_coronacases_case5_106.png,predictions/probabilities/mosmed_test_Jun_coronacases_case5_106.npy
mosmed_test_bjorke_89,bjorke_89,reclmis,1003,0.7522671279557785,0.602907196573529,27.8783014389249,7.398618237487715,predictions/masks/mosmed_test_bjorke_89.png,predictions/probabilities/mosmed_test_bjorke_89.npy
mosmed_test_Jun_coronacases_case3_179,Jun_coronacases_case3,reclmis,1003,0.16049382767870754,0.08724832276023603,160.37720929188447,32.64132757791072,predictions/masks/mosmed_test_Jun_coronacases_case3_179.png,predictions/probabilities/mosmed_test_Jun_coronacases_case3_179.npy
mosmed_test_Jun_radiopaedia_7_85703_0_case20_43,Jun_radiopaedia_7_85703_0_case20,reclmis,1003,0.7980582524369876,0.6639741518849778,5.8563091106185015,2.265291299470584,predictions/masks/mosmed_test_Jun_radiopaedia_7_85703_0_case20_43.png,predictions/probabilities/mosmed_test_Jun_radiopaedia_7_85703_0_case20_43.npy
mosmed_test_bjorke_56,bjorke_56,reclmis,1003,0.842152434638204,0.7273430975133378,33.734255586866,9.593762271606762,predictions/masks/mosmed_test_bjorke_56.png,predictions/probabilities/mosmed_test_bjorke_56.npy
mosmed_test_Morozov_study_0297_15,Morozov_study_0297,reclmis,1003,0.7363539754638551,0.5827217125446067,9.433981132056603,4.152358051961136,predictions/masks/mosmed_test_Morozov_study_0297_15.png,predictions/probabilities/mosmed_test_Morozov_study_0297_15.npy
mosmed_test_Jun_coronacases_case5_139,Jun_coronacases_case5,reclmis,1003,0.8907882241250146,0.8030821917920615,3.605551275463989,1.4776209975279213,predictions/masks/mosmed_test_Jun_coronacases_case5_139.png,predictions/probabilities/mosmed_test_Jun_coronacases_case5_139.npy
mosmed_test_Jun_coronacases_case7_94,Jun_coronacases_case7,reclmis,1003,0.8841832325003418,0.7924089852907665,4.0,1.6681051835252343,predictions/masks/mosmed_test_Jun_coronacases_case7_94.png,predictions/probabilities/mosmed_test_Jun_coronacases_case7_94.npy
mosmed_test_Jun_coronacases_case2_52,Jun_coronacases_case2,reclmis,1003,0.8981818181864464,0.8151815181670642,3.561223913934418,1.4671344268987763,predictions/masks/mosmed_test_Jun_coronacases_case2_52.png,predictions/probabilities/mosmed_test_Jun_coronacases_case2_52.npy
mosmed_test_Jun_radiopaedia_10_85902_3_case12_124,Jun_radiopaedia_10_85902_3_case12,reclmis,1003,0.9430559949392114,0.8922478299942458,4.123105625617661,1.2548321039322718,predictions/masks/mosmed_test_Jun_radiopaedia_10_85902_3_case12_124.png,predictions/probabilities/mosmed_test_Jun_radiopaedia_10_85902_3_case12_124.npy
mosmed_test_Jun_radiopaedia_27_86410_0_case14_43,Jun_radiopaedia_27_86410_0_case14,reclmis,1003,0.7449786975200865,0.5935984481480505,179.36066966778657,35.77059899853356,predictions/masks/mosmed_test_Jun_radiopaedia_27_86410_0_case14_43.png,predictions/probabilities/mosmed_test_Jun_radiopaedia_27_86410_0_case14_43.npy
mosmed_test_Jun_coronacases_case1_157,Jun_coronacases_case1,reclmis,1003,0.6863667926881694,0.5224950076409902,24.790907002964722,4.905569335720919,predictions/masks/mosmed_test_Jun_coronacases_case1_157.png,predictions/probabilities/mosmed_test_Jun_coronacases_case1_157.npy
mosmed_test_Jun_coronacases_case2_151,Jun_coronacases_case2,reclmis,1003,0.9132712456357207,0.8403856454247353,3.0,1.0146655356906324,predictions/masks/mosmed_test_Jun_coronacases_case2_151.png,predictions/probabilities/mosmed_test_Jun_coronacases_case2_151.npy
mosmed_test_Jun_coronacases_case1_130,Jun_coronacases_case1,reclmis,1003,0.8240374235349116,0.70073439412851,12.083045973594572,3.470311589620453,predictions/masks/mosmed_test_Jun_coronacases_case1_130.png,predictions/probabilities/mosmed_test_Jun_coronacases_case1_130.npy
mosmed_test_Morozov_study_0258_30,Morozov_study_0258,reclmis,1003,0.7807637906802855,0.6403712297400961,7.031980515339463,2.0127033294331507,predictions/masks/mosmed_test_Morozov_study_0258_30.png,predictions/probabilities/mosmed_test_Morozov_study_0258_30.npy
mosmed_test_Jun_radiopaedia_36_86526_0_case17_20,Jun_radiopaedia_36_86526_0_case17,reclmis,1003,0.8165001063190198,0.6899029824042435,5.044558781116747,1.9737493030538928,predictions/masks/mosmed_test_Jun_radiopaedia_36_86526_0_case17_20.png,predictions/probabilities/mosmed_test_Jun_radiopaedia_36_86526_0_case17_20.npy
mosmed_test_Jun_radiopaedia_40_86625_0_case18_41,Jun_radiopaedia_40_86625_0_case18,reclmis,1003,0.9072702391556633,0.830278694391006,8.602325267042627,2.391263282804027,predictions/masks/mosmed_test_Jun_radiopaedia_40_86625_0_case18_41.png,predictions/probabilities/mosmed_test_Jun_radiopaedia_40_86625_0_case18_41.npy
mosmed_test_Jun_radiopaedia_10_85902_3_case12_186,Jun_radiopaedia_10_85902_3_case12,reclmis,1003,0.9561128526654367,0.9159159159190722,2.0,0.8486334881938047,predictions/masks/mosmed_test_Jun_radiopaedia_10_85902_3_case12_186.png,predictions/probabilities/mosmed_test_Jun_radiopaedia_10_85902_3_case12_186.npy
mosmed_test_Jun_radiopaedia_40_86625_0_case18_72,Jun_radiopaedia_40_86625_0_case18,reclmis,1003,0.8581014406953913,0.7514690632582832,9.486832980505138,2.669467491232923,predictions/masks/mosmed_test_Jun_radiopaedia_40_86625_0_case18_72.png,predictions/probabilities/mosmed_test_Jun_radiopaedia_40_86625_0_case18_72.npy
mosmed_test_Jun_coronacases_case2_145,Jun_coronacases_case2,reclmis,1003,0.8901067205092283,0.8019750519801981,9.120749451511077,2.401921475753603,predictions/masks/mosmed_test_Jun_coronacases_case2_145.png,predictions/probabilities/mosmed_test_Jun_coronacases_case2_145.npy
mosmed_test_Jun_coronacases_case2_134,Jun_coronacases_case2,reclmis,1003,0.8958663402002611,0.8113749021703268,4.04308696896617,1.336941651157927,predictions/masks/mosmed_test_Jun_coronacases_case2_134.png,predictions/probabilities/mosmed_test_Jun_coronacases_case2_134.npy
mosmed_test_Jun_coronacases_case5_134,Jun_coronacases_case5,reclmis,1003,0.9104693140826545,0.8356527501765638,2.8284271247461903,1.0848795891910945,predictions/masks/mosmed_test_Jun_coronacases_case5_134.png,predictions/probabilities/mosmed_test_Jun_coronacases_case5_134.npy
mosmed_test_Jun_radiopaedia_29_86491_1_case16_20,Jun_radiopaedia_29_86491_1_case16,reclmis,1003,0.9477459016406827,0.900681596888964,3.1622776601683795,1.100188641244581,predictions/masks/mosmed_test_Jun_radiopaedia_29_86491_1_case16_20.png,predictions/probabilities/mosmed_test_Jun_radiopaedia_29_86491_1_case16_20.npy
mosmed_test_Morozov_study_0261_21,Morozov_study_0261,reclmis,1003,0.7746570868860446,0.6321961620861198,6.252017483325194,1.9970357247517034,predictions/masks/mosmed_test_Morozov_study_0261_21.png,predictions/probabilities/mosmed_test_Morozov_study_0261_21.npy
mosmed_test_Jun_coronacases_case7_61,Jun_coronacases_case7,reclmis,1003,0.854700854825042,0.7462686570951215,1.0,0.5333333333333333,predictions/masks/mosmed_test_Jun_coronacases_case7_61.png,predictions/probabilities/mosmed_test_Jun_coronacases_case7_61.npy
mosmed_test_Morozov_study_0261_16,Morozov_study_0261,reclmis,1003,0.7774647887950804,0.6359447006285969,3.0081138830084186,1.455108315852954,predictions/masks/mosmed_test_Morozov_study_0261_16.png,predictions/probabilities/mosmed_test_Morozov_study_0261_16.npy
mosmed_test_Morozov_study_0288_18,Morozov_study_0288,reclmis,1003,0.5896907216579446,0.4181286549877741,44.721359549995796,10.382539361575128,predictions/masks/mosmed_test_Morozov_study_0288_18.png,predictions/probabilities/mosmed_test_Morozov_study_0288_18.npy
mosmed_test_Morozov_study_0286_21,Morozov_study_0286,reclmis,1003,0.6726618705094844,0.5067750677640441,126.66708326206508,16.393399866095137,predictions/masks/mosmed_test_Morozov_study_0286_21.png,predictions/probabilities/mosmed_test_Morozov_study_0286_21.npy
mosmed_test_Jun_coronacases_case3_146,Jun_coronacases_case3,reclmis,1003,0.9229032258070734,0.8568433662794722,3.7633307652783397,1.4618839056483355,predictions/masks/mosmed_test_Jun_coronacases_case3_146.png,predictions/probabilities/mosmed_test_Jun_coronacases_case3_146.npy
mosmed_test_Morozov_study_0298_19,Morozov_study_0298,reclmis,1003,0.5267260579196347,0.35752078611649585,139.96981485205504,20.704032160693757,predictions/masks/mosmed_test_Morozov_study_0298_19.png,predictions/probabilities/mosmed_test_Morozov_study_0298_19.npy
mosmed_test_Jun_coronacases_case6_46,Jun_coronacases_case6,reclmis,1003,0.7547169813634745,0.606060606657484,3.137936011143122,0.7389869496530077,predictions/masks/mosmed_test_Jun_coronacases_case6_46.png,predictions/probabilities/mosmed_test_Jun_coronacases_case6_46.npy
mosmed_test_Morozov_study_0264_31,Morozov_study_0264,reclmis,1003,6.329113920044864e-10,6.329113920044864e-10,195.64431121241802,186.23961114206102,predictions/masks/mosmed_test_Morozov_study_0264_31.png,predictions/probabilities/mosmed_test_Morozov_study_0264_31.npy
mosmed_test_Jun_coronacases_case8_216,Jun_coronacases_case8,reclmis,1003,0.855971296778269,0.7482078853272214,9.871644512463106,1.789255373334688,predictions/masks/mosmed_test_Jun_coronacases_case8_216.png,predictions/probabilities/mosmed_test_Jun_coronacases_case8_216.npy
mosmed_test_Jun_coronacases_case7_143,Jun_coronacases_case7,reclmis,1003,0.9107567017320876,0.8361370716561951,4.188849909443548,1.3413990344869422,predictions/masks/mosmed_test_Jun_coronacases_case7_143.png,predictions/probabilities/mosmed_test_Jun_coronacases_case7_143.npy
mosmed_test_Morozov_study_0271_15,Morozov_study_0271,reclmis,1003,0.7790575916461719,0.6380789022919248,9.0,2.2679566075667164,predictions/masks/mosmed_test_Morozov_study_0271_15.png,predictions/probabilities/mosmed_test_Morozov_study_0271_15.npy
mosmed_test_Morozov_study_0297_34,Morozov_study_0297,reclmis,1003,0.7419788664795008,0.5897984117413012,10.644164192888073,3.278236113006738,predictions/masks/mosmed_test_Morozov_study_0297_34.png,predictions/probabilities/mosmed_test_Morozov_study_0297_34.npy
mosmed_test_Jun_radiopaedia_10_85902_1_case11_12,Jun_radiopaedia_10_85902_1_case11,reclmis,1003,0.9222443748230954,0.8557082452469421,4.47213595499958,4.119664001335797,predictions/masks/mosmed_test_Jun_radiopaedia_10_85902_1_case11_12.png,predictions/probabilities/mosmed_test_Jun_radiopaedia_10_85902_1_case11_12.npy
mosmed_test_Jun_coronacases_case10_228,Jun_coronacases_case10,reclmis,1003,0.883359802366625,0.7910872313593209,6.97082039324993,1.6332605705924033,predictions/masks/mosmed_test_Jun_coronacases_case10_228.png,predictions/probabilities/mosmed_test_Jun_coronacases_case10_228.npy
mosmed_test_Jun_coronacases_case1_185,Jun_coronacases_case1,reclmis,1003,0.83794871795038,0.7210944395459647,5.656854249492381,2.03666360212501,predictions/masks/mosmed_test_Jun_coronacases_case1_185.png,predictions/probabilities/mosmed_test_Jun_coronacases_case1_185.npy
mosmed_test_Jun_coronacases_case7_106,Jun_coronacases_case7,reclmis,1003,0.9225615763562057,0.8562545720608539,3.0,1.0881142600363907,predictions/masks/mosmed_test_Jun_coronacases_case7_106.png,predictions/probabilities/mosmed_test_Jun_coronacases_case7_106.npy
mosmed_test_Jun_coronacases_case1_150,Jun_coronacases_case1,reclmis,1003,0.8308850532516445,0.7106957750948532,9.848857801796104,3.4821570916529314,predictions/masks/mosmed_test_Jun_coronacases_case1_150.png,predictions/probabilities/mosmed_test_Jun_coronacases_case1_150.npy
mosmed_test_Jun_coronacases_case1_199,Jun_coronacases_case1,reclmis,1003,0.8109820485762601,0.6820603907688993,9.758351596473362,2.9186563096142297,predictions/masks/mosmed_test_Jun_coronacases_case1_199.png,predictions/probabilities/mosmed_test_Jun_coronacases_case1_199.npy
mosmed_test_Jun_coronacases_case10_129,Jun_coronacases_case10,reclmis,1003,0.8242441776376085,0.7010334645706073,10.0,3.2321361156726067,predictions/masks/mosmed_test_Jun_coronacases_case10_129.png,predictions/probabilities/mosmed_test_Jun_coronacases_case10_129.npy
mosmed_test_bjorke_76,bjorke_76,reclmis,1003,0.7136068469641141,0.5547346433562017,30.64308951519193,7.643356057978807,predictions/masks/mosmed_test_bjorke_76.png,predictions/probabilities/mosmed_test_bjorke_76.npy
mosmed_test_Morozov_study_0290_26,Morozov_study_0290,reclmis,1003,0.7409200969150315,0.5884615386198224,5.616100833138698,1.9393537349000018,predictions/masks/mosmed_test_Morozov_study_0290_26.png,predictions/probabilities/mosmed_test_Morozov_study_0290_26.npy
mosmed_test_Jun_coronacases_case7_111,Jun_coronacases_case7,reclmis,1003,0.927780239257249,0.8652892562039136,3.0,1.0224551922862837,predictions/masks/mosmed_test_Jun_coronacases_case7_111.png,predictions/probabilities/mosmed_test_Jun_coronacases_case7_111.npy
mosmed_test_Morozov_study_0280_29,Morozov_study_0280,reclmis,1003,0.20289855187985717,0.11290322723725287,5.089117562233506,2.7610552449585506,predictions/masks/mosmed_test_Morozov_study_0280_29.png,predictions/probabilities/mosmed_test_Morozov_study_0280_29.npy
mosmed_test_Morozov_study_0290_20,Morozov_study_0290,reclmis,1003,0.8322663252455484,0.7127192983086142,4.123105625617661,0.9812798231256485,predictions/masks/mosmed_test_Morozov_study_0290_20.png,predictions/probabilities/mosmed_test_Morozov_study_0290_20.npy
mosmed_test_Jun_coronacases_case10_186,Jun_coronacases_case10,reclmis,1003,0.8900486510403357,0.8018807778163551,4.123105625617661,1.6077399781153736,predictions/masks/mosmed_test_Jun_coronacases_case10_186.png,predictions/probabilities/mosmed_test_Jun_coronacases_case10_186.npy
mosmed_test_Jun_radiopaedia_10_85902_3_case12_119,Jun_radiopaedia_10_85902_3_case12,reclmis,1003,0.9442491210456345,0.8943862987664324,2.8284271247461903,1.1864928236333523,predictions/masks/mosmed_test_Jun_radiopaedia_10_85902_3_case12_119.png,predictions/probabilities/mosmed_test_Jun_radiopaedia_10_85902_3_case12_119.npy
mosmed_test_Jun_coronacases_case1_171,Jun_coronacases_case1,reclmis,1003,0.8051890941115833,0.673905042338097,6.0,1.9359935116064237,predictions/masks/mosmed_test_Jun_coronacases_case1_171.png,predictions/probabilities/mosmed_test_Jun_coronacases_case1_171.npy
mosmed_test_Jun_coronacases_case6_89,Jun_coronacases_case6,reclmis,1003,0.9665365309541755,0.9352401511080615,2.23606797749979,0.7609596358429398,predictions/masks/mosmed_test_Jun_coronacases_case6_89.png,predictions/probabilities/mosmed_test_Jun_coronacases_case6_89.npy
mosmed_test_Jun_coronacases_case7_91,Jun_coronacases_case7,reclmis,1003,0.7118530884904223,0.5526179367779877,23.108399610881587,7.76584610165996,predictions/masks/mosmed_test_Jun_coronacases_case7_91.png,predictions/probabilities/mosmed_test_Jun_coronacases_case7_91.npy
mosmed_test_Jun_coronacases_case3_100,Jun_coronacases_case3,reclmis,1003,0.8994666335899917,0.8173006480709084,8.06225774829855,2.6426096379746147,predictions/masks/mosmed_test_Jun_coronacases_case3_100.png,predictions/probabilities/mosmed_test_Jun_coronacases_case3_100.npy
mosmed_test_Morozov_study_0255_16,Morozov_study_0255,reclmis,1003,0.8720902327829122,0.7731914893665278,9.219544457292887,2.2403231380848707,predictions/masks/mosmed_test_Morozov_study_0255_16.png,predictions/probabilities/mosmed_test_Morozov_study_0255_16.npy
mosmed_test_Morozov_study_0272_20,Morozov_study_0272,reclmis,1003,0.9038652130870235,0.8245931284064563,7.0,1.8224888617507824,predictions/masks/mosmed_test_Morozov_study_0272_20.png,predictions/probabilities/mosmed_test_Morozov_study_0272_20.npy
mosmed_test_Jun_radiopaedia_4_85506_1_case19_27,Jun_radiopaedia_4_85506_1_case19,reclmis,1003,0.8075170842861139,0.6771728748908891,117.26965973254963,19.330147693935178,predictions/masks/mosmed_test_Jun_radiopaedia_4_85506_1_case19_27.png,predictions/probabilities/mosmed_test_Jun_radiopaedia_4_85506_1_case19_27.npy
mosmed_test_Jun_radiopaedia_14_85914_0_case13_20,Jun_radiopaedia_14_85914_0_case13,reclmis,1003,0.8678149409186079,0.7664956660221741,7.0390872965260085,2.319849413367033,predictions/masks/mosmed_test_Jun_radiopaedia_14_85914_0_case13_20.png,predictions/probabilities/mosmed_test_Jun_radiopaedia_14_85914_0_case13_20.npy
mosmed_test_Jun_radiopaedia_27_86410_0_case14_28,Jun_radiopaedia_27_86410_0_case14,reclmis,1003,0.831794693143867,0.7120278330048505,9.848857801796104,4.131953139547559,predictions/masks/mosmed_test_Jun_radiopaedia_27_86410_0_case14_28.png,predictions/probabilities/mosmed_test_Jun_radiopaedia_27_86410_0_case14_28.npy
mosmed_test_Jun_coronacases_case9_136,Jun_coronacases_case9,reclmis,1003,0.9354948805471759,0.8788073100391534,3.0,1.1101875616703583,predictions/masks/mosmed_test_Jun_coronacases_case9_136.png,predictions/probabilities/mosmed_test_Jun_coronacases_case9_136.npy
mosmed_test_Jun_coronacases_case5_62,Jun_coronacases_case5,reclmis,1003,0.892531876148221,0.8059210526634999,2.23606797749979,1.1070230207031222,predictions/masks/mosmed_test_Jun_coronacases_case5_62.png,predictions/probabilities/mosmed_test_Jun_coronacases_case5_62.npy
mosmed_test_Morozov_study_0277_10,Morozov_study_0277,reclmis,1003,0.45182094082982127,0.2918402352538143,68.61778139466684,22.69056519241044,predictions/masks/mosmed_test_Morozov_study_0277_10.png,predictions/probabilities/mosmed_test_Morozov_study_0277_10.npy
mosmed_test_Jun_coronacases_case6_106,Jun_coronacases_case6,reclmis,1003,0.8567425569227061,0.749387254917317,6.359911333029999,2.063210188265177,predictions/masks/mosmed_test_Jun_coronacases_case6_106.png,predictions/probabilities/mosmed_test_Jun_coronacases_case6_106.npy
mosmed_test_Jun_radiopaedia_40_86625_0_case18_40,Jun_radiopaedia_40_86625_0_case18,reclmis,1003,0.9023921305613629,0.8221443702141839,12.076828264374209,2.653438839532781,predictions/masks/mosmed_test_Jun_radiopaedia_40_86625_0_case18_40.png,predictions/probabilities/mosmed_test_Jun_radiopaedia_40_86625_0_case18_40.npy
mosmed_test_Morozov_study_0295_28,Morozov_study_0295,reclmis,1003,0.7755102042343468,0.6333333337407407,311.51881751631464,32.77891001996124,predictions/masks/mosmed_test_Morozov_study_0295_28.png,predictions/probabilities/mosmed_test_Morozov_study_0295_28.npy
mosmed_test_Morozov_study_0275_12,Morozov_study_0275,reclmis,1003,0.6369203849836464,0.46726572535721883,155.33462938517093,19.088555537753038,predictions/masks/mosmed_test_Morozov_study_0275_12.png,predictions/probabilities/mosmed_test_Morozov_study_0275_12.npy
mosmed_test_Jun_coronacases_case8_161,Jun_coronacases_case8,reclmis,1003,0.7322511245896294,0.5775995063382413,11.180339887498949,3.31154792289621,predictions/masks/mosmed_test_Jun_coronacases_case8_161.png,predictions/probabilities/mosmed_test_Jun_coronacases_case8_161.npy
mosmed_test_Jun_coronacases_case4_144,Jun_coronacases_case4,reclmis,1003,0.890209790213629,0.8021424070698083,5.0,1.4776931562658453,predictions/masks/mosmed_test_Jun_coronacases_case4_144.png,predictions/probabilities/mosmed_test_Jun_coronacases_case4_144.npy
mosmed_test_Morozov_study_0279_28,Morozov_study_0279,reclmis,1003,0.8000000000615385,0.6666666668376068,2.7988091673838635,0.9440714414779822,predictions/masks/mosmed_test_Morozov_study_0279_28.png,predictions/probabilities/mosmed_test_Morozov_study_0279_28.npy
mosmed_test_Morozov_study_0262_13,Morozov_study_0262,reclmis,1003,0.3188044832728762,0.1896296297496845,12.17373117162389,5.16967264088298,predictions/masks/mosmed_test_Morozov_study_0262_13.png,predictions/probabilities/mosmed_test_Morozov_study_0262_13.npy
mosmed_test_Jun_coronacases_case3_130,Jun_coronacases_case3,reclmis,1003,0.9270812437315593,0.8640740394515839,6.324555320336759,2.3058216362676447,predictions/masks/mosmed_test_Jun_coronacases_case3_130.png,predictions/probabilities/mosmed_test_Jun_coronacases_case3_130.npy
mosmed_test_Jun_coronacases_case3_120,Jun_coronacases_case3,reclmis,1003,0.9059190925736533,0.8280183727045406,7.0,2.4793565537525795,predictions/masks/mosmed_test_Jun_coronacases_case3_120.png,predictions/probabilities/mosmed_test_Jun_coronacases_case3_120.npy
mosmed_test_Morozov_study_0275_38,Morozov_study_0275,reclmis,1003,0.6945812808634036,0.5320754718746884,4.123105625617661,1.647956430065547,predictions/masks/mosmed_test_Morozov_study_0275_38.png,predictions/probabilities/mosmed_test_Morozov_study_0275_38.npy
mosmed_test_Jun_coronacases_case1_192,Jun_coronacases_case1,reclmis,1003,0.7079136690700015,0.5478841870949921,29.236695013695837,5.486976465323698,predictions/masks/mosmed_test_Jun_coronacases_case1_192.png,predictions/probabilities/mosmed_test_Jun_coronacases_case1_192.npy
mosmed_test_Morozov_study_0264_33,Morozov_study_0264,reclmis,1003,0.42384105979343006,0.26890756333239174,13.723034802613899,4.5005316695115445,predictions/masks/mosmed_test_Morozov_study_0264_33.png,predictions/probabilities/mosmed_test_Morozov_study_0264_33.npy
mosmed_test_Jun_coronacases_case1_98,Jun_coronacases_case1,reclmis,1003,0.9100768187993662,0.8349917081305972,4.0,1.4258653789639562,predictions/masks/mosmed_test_Jun_coronacases_case1_98.png,predictions/probabilities/mosmed_test_Jun_coronacases_case1_98.npy
mosmed_test_bjorke_53,bjorke_53,reclmis,1003,0.5074939003194202,0.3400280242979911,45.04547147579811,14.344461314507324,predictions/masks/mosmed_test_bjorke_53.png,predictions/probabilities/mosmed_test_bjorke_53.npy
mosmed_test_bjorke_100,bjorke_100,reclmis,1003,0.5029755502993368,0.3359835241183199,102.16163475957153,16.460085637263777,predictions/masks/mosmed_test_bjorke_100.png,predictions/probabilities/mosmed_test_bjorke_100.npy
mosmed_test_Jun_coronacases_case7_155,Jun_coronacases_case7,reclmis,1003,0.9033306255103349,0.8237037037124098,3.0,1.0869209014789363,predictions/masks/mosmed_test_Jun_coronacases_case7_155.png,predictions/probabilities/mosmed_test_Jun_coronacases_case7_155.npy
mosmed_test_Jun_coronacases_case1_146,Jun_coronacases_case1,reclmis,1003,0.7973273942111597,0.6629629629679561,29.732137494637012,4.671563401211094,predictions/masks/mosmed_test_Jun_coronacases_case1_146.png,predictions/probabilities/mosmed_test_Jun_coronacases_case1_146.npy
mosmed_test_Jun_coronacases_case7_149,Jun_coronacases_case7,reclmis,1003,0.9093997735019989,0.8338525441415445,2.8284271247461903,0.9318379008539206,predictions/masks/mosmed_test_Jun_coronacases_case7_149.png,predictions/probabilities/mosmed_test_Jun_coronacases_case7_149.npy
mosmed_test_Jun_coronacases_case9_119,Jun_coronacases_case9,reclmis,1003,0.9518728223001756,0.9081653854164105,3.605551275463989,4.077818948702922,predictions/masks/mosmed_test_Jun_coronacases_case9_119.png,predictions/probabilities/mosmed_test_Jun_coronacases_case9_119.npy
mosmed_test_Jun_radiopaedia_10_85902_3_case12_73,Jun_radiopaedia_10_85902_3_case12,reclmis,1003,0.9099571224435467,0.8347902098046511,3.0,1.1224377426644114,predictions/masks/mosmed_test_Jun_radiopaedia_10_85902_3_case12_73.png,predictions/probabilities/mosmed_test_Jun_radiopaedia_10_85902_3_case12_73.npy
mosmed_test_Jun_coronacases_case2_63,Jun_coronacases_case2,reclmis,1003,0.8329113924156385,0.7136659436319234,62.24146527838174,5.189981233500072,predictions/masks/mosmed_test_Jun_coronacases_case2_63.png,predictions/probabilities/mosmed_test_Jun_coronacases_case2_63.npy
mosmed_test_Jun_coronacases_case10_179,Jun_coronacases_case10,reclmis,1003,0.878488201313243,0.7833071416137016,5.0,1.863365196614527,predictions/masks/mosmed_test_Jun_coronacases_case10_179.png,predictions/probabilities/mosmed_test_Jun_coronacases_case10_179.npy
mosmed_test_Morozov_study_0265_18,Morozov_study_0265,reclmis,1003,0.8504504504538187,0.7398119122359008,158.61844896870446,13.683325459325737,predictions/masks/mosmed_test_Morozov_study_0265_18.png,predictions/probabilities/mosmed_test_Morozov_study_0265_18.npy
mosmed_test_Jun_coronacases_case9_189,Jun_coronacases_case9,reclmis,1003,0.8994009502189754,0.8171921921990544,5.830951894845301,2.8943640072368098,predictions/masks/mosmed_test_Jun_coronacases_case9_189.png,predictions/probabilities/mosmed_test_Jun_coronacases_case9_189.npy
mosmed_test_Morozov_study_0293_26,Morozov_study_0293,reclmis,1003,0.7451820129025306,0.5938566554287178,4.73606797749979,1.550282702671493,predictions/masks/mosmed_test_Morozov_study_0293_26.png,predictions/probabilities/mosmed_test_Morozov_study_0293_26.npy
mosmed_test_Jun_coronacases_case10_102,Jun_coronacases_case10,reclmis,1003,0.8956027060278628,0.8109425031350279,5.385164807134504,2.1724435742571253,predictions/masks/mosmed_test_Jun_coronacases_case10_102.png,predictions/probabilities/mosmed_test_Jun_coronacases_case10_102.npy
mosmed_test_Morozov_study_0275_25,Morozov_study_0275,reclmis,1003,0.8047779022096014,0.673329169289611,8.024456537439741,2.2482845035276164,predictions/masks/mosmed_test_Morozov_study_0275_25.png,predictions/probabilities/mosmed_test_Morozov_study_0275_25.npy
mosmed_test_Morozov_study_0277_11,Morozov_study_0277,reclmis,1003,0.2735042736077629,0.1584158417230337,75.65048335376571,27.64057389219931,predictions/masks/mosmed_test_Morozov_study_0277_11.png,predictions/probabilities/mosmed_test_Morozov_study_0277_11.npy
mosmed_test_Jun_coronacases_case4_129,Jun_coronacases_case4,reclmis,1003,0.8174762862944099,0.6912980068210357,11.313708498984761,3.1052146546289268,predictions/masks/mosmed_test_Jun_coronacases_case4_129.png,predictions/probabilities/mosmed_test_Jun_coronacases_case4_129.npy
mosmed_test_Jun_radiopaedia_14_85914_0_case13_22,Jun_radiopaedia_14_85914_0_case13,reclmis,1003,0.8440921719247909,0.7302417644601973,15.524174696260024,4.5837835823398585,predictions/masks/mosmed_test_Jun_radiopaedia_14_85914_0_case13_22.png,predictions/probabilities/mosmed_test_Jun_radiopaedia_14_85914_0_case13_22.npy
mosmed_test_Morozov_study_0303_9,Morozov_study_0303,reclmis,1003,0.6660808435999086,0.49934123850465467,10.816263691415191,2.928654135328858,predictions/masks/mosmed_test_Morozov_study_0303_9.png,predictions/probabilities/mosmed_test_Morozov_study_0303_9.npy
mosmed_test_bjorke_8,bjorke_8,reclmis,1003,0.8884393326363531,0.7992720134148579,31.399044207888686,7.8553354008362675,predictions/masks/mosmed_test_bjorke_8.png,predictions/probabilities/mosmed_test_bjorke_8.npy
mosmed_test_Morozov_study_0296_17,Morozov_study_0296,reclmis,1003,0.05381165929890004,0.027649769697275374,206.90842343381058,55.1610522571178,predictions/masks/mosmed_test_Morozov_study_0296_17.png,predictions/probabilities/mosmed_test_Morozov_study_0296_17.npy
mosmed_test_Morozov_study_0302_22,Morozov_study_0302,reclmis,1003,0.7154471544908234,0.5569620253631896,8.570248430093823,2.482279572700328,predictions/masks/mosmed_test_Morozov_study_0302_22.png,predictions/probabilities/mosmed_test_Morozov_study_0302_22.npy
mosmed_test_Jun_coronacases_case8_82,Jun_coronacases_case8,reclmis,1003,0.8888544891658072,0.7999442741766524,4.288539740695328,1.6209238198689262,predictions/masks/mosmed_test_Jun_coronacases_case8_82.png,predictions/probabilities/mosmed_test_Jun_coronacases_case8_82.npy
mosmed_test_Morozov_study_0299_28,Morozov_study_0299,reclmis,1003,0.6914329037383296,0.5283893395679735,12.200380133626737,2.8028764979053844,predictions/masks/mosmed_test_Morozov_study_0299_28.png,predictions/probabilities/mosmed_test_Morozov_study_0299_28.npy
mosmed_test_Jun_coronacases_case2_40,Jun_coronacases_case2,reclmis,1003,0.895678742911581,0.8110671936908247,3.1622776601683795,1.187834725951818,predictions/masks/mosmed_test_Jun_coronacases_case2_40.png,predictions/probabilities/mosmed_test_Jun_coronacases_case2_40.npy
mosmed_test_Morozov_study_0269_26,Morozov_study_0269,reclmis,1003,2.3148148142789777e-10,2.3148148142789777e-10,724.0773439350247,724.0773439350247,predictions/masks/mosmed_test_Morozov_study_0269_26.png,predictions/probabilities/mosmed_test_Morozov_study_0269_26.npy
mosmed_test_Jun_coronacases_case4_86,Jun_coronacases_case4,reclmis,1003,0.8364269141562949,0.7188434696005701,5.0990195135927845,1.9502489813230433,predictions/masks/mosmed_test_Jun_coronacases_case4_86.png,predictions/probabilities/mosmed_test_Jun_coronacases_case4_86.npy
mosmed_test_Morozov_study_0268_11,Morozov_study_0268,reclmis,1003,0.6164079823466945,0.4455128206905407,12.577622707954404,6.775438702585327,predictions/masks/mosmed_test_Morozov_study_0268_11.png,predictions/probabilities/mosmed_test_Morozov_study_0268_11.npy
mosmed_test_Jun_coronacases_case8_154,Jun_coronacases_case8,reclmis,1003,0.9102867125690033,0.8353451527756441,4.47213595499958,1.657579879594777,predictions/masks/mosmed_test_Jun_coronacases_case8_154.png,predictions/probabilities/mosmed_test_Jun_coronacases_case8_154.npy
mosmed_test_Jun_coronacases_case10_113,Jun_coronacases_case10,reclmis,1003,0.8712328767132334,0.7718446601970146,7.914612354157986,2.90542295494929,predictions/masks/mosmed_test_Jun_coronacases_case10_113.png,predictions/probabilities/mosmed_test_Jun_coronacases_case10_113.npy
mosmed_test_Morozov_study_0255_25,Morozov_study_0255,reclmis,1003,0.8542199488519728,0.7455357142944528,7.971537451385981,2.0948206432095704,predictions/masks/mosmed_test_Morozov_study_0255_25.png,predictions/probabilities/mosmed_test_Morozov_study_0255_25.npy
mosmed_test_Jun_coronacases_case4_115,Jun_coronacases_case4,reclmis,1003,0.8017535314270944,0.6691056910838125,48.69577783498602,4.789800452877172,predictions/masks/mosmed_test_Jun_coronacases_case4_115.png,predictions/probabilities/mosmed_test_Jun_coronacases_case4_115.npy
mosmed_test_Jun_radiopaedia_4_85506_1_case19_13,Jun_radiopaedia_4_85506_1_case19,reclmis,1003,0.891626915660425,0.8044465606922407,10.963330765278426,4.192072399097574,predictions/masks/mosmed_test_Jun_radiopaedia_4_85506_1_case19_13.png,predictions/probabilities/mosmed_test_Jun_radiopaedia_4_85506_1_case19_13.npy
mosmed_test_Jun_coronacases_case8_62,Jun_coronacases_case8,reclmis,1003,0.8425531914977366,0.7279411764955935,3.6055512754639887,1.2482106270831625,predictions/masks/mosmed_test_Jun_coronacases_case8_62.png,predictions/probabilities/mosmed_test_Jun_coronacases_case8_62.npy
mosmed_test_bjorke_98,bjorke_98,reclmis,1003,0.8356740664045326,0.7177320733772347,111.21407170046587,11.257215981183345,predictions/masks/mosmed_test_bjorke_98.png,predictions/probabilities/mosmed_test_bjorke_98.npy
mosmed_test_bjorke_7,bjorke_7,reclmis,1003,0.6922268171325981,0.5293171829828565,71.71881749699166,11.183866118670496,predictions/masks/mosmed_test_bjorke_7.png,predictions/probabilities/mosmed_test_bjorke_7.npy
mosmed_test_Jun_coronacases_case8_168,Jun_coronacases_case8,reclmis,1003,0.7420612813514172,0.5899025686811423,170.0,17.58353354585606,predictions/masks/mosmed_test_Jun_coronacases_case8_168.png,predictions/probabilities/mosmed_test_Jun_coronacases_case8_168.npy
mosmed_test_Morozov_study_0276_30,Morozov_study_0276,reclmis,1003,0.7989276139544955,0.6651785714659398,4.164942897143232,1.118056841546918,predictions/masks/mosmed_test_Morozov_study_0276_30.png,predictions/probabilities/mosmed_test_Morozov_study_0276_30.npy
mosmed_test_Jun_coronacases_case2_74,Jun_coronacases_case2,reclmis,1003,0.9152263374520483,0.8437025796780195,3.097366596101022,1.3256927340551121,predictions/masks/mosmed_test_Jun_coronacases_case2_74.png,predictions/probabilities/mosmed_test_Jun_coronacases_case2_74.npy
mosmed_test_Jun_coronacases_case10_147,Jun_coronacases_case10,reclmis,1003,0.8757386166156088,0.7789457412308093,5.412333751370267,2.157760662951923,predictions/masks/mosmed_test_Jun_coronacases_case10_147.png,predictions/probabilities/mosmed_test_Jun_coronacases_case10_147.npy
mosmed_test_Morozov_study_0280_26,Morozov_study_0280,reclmis,1003,0.5649461146021018,0.393675889375994,19.26103051143337,8.20315977383926,predictions/masks/mosmed_test_Morozov_study_0280_26.png,predictions/probabilities/mosmed_test_Morozov_study_0280_26.npy
mosmed_test_Jun_coronacases_case8_105,Jun_coronacases_case8,reclmis,1003,0.9087423952003605,0.8327478234331335,6.0,1.665440714716495,predictions/masks/mosmed_test_Jun_coronacases_case8_105.png,predictions/probabilities/mosmed_test_Jun_coronacases_case8_105.npy
mosmed_test_Morozov_study_0275_20,Morozov_study_0275,reclmis,1003,0.5751295337888265,0.4036363638532231,65.0552502459981,19.461123578659787,predictions/masks/mosmed_test_Morozov_study_0275_20.png,predictions/probabilities/mosmed_test_Morozov_study_0275_20.npy
mosmed_test_Morozov_study_0259_19,Morozov_study_0259,reclmis,1003,0.6033315981363006,0.43197912786313913,24.927768113536793,6.230039074771075,predictions/masks/mosmed_test_Morozov_study_0259_19.png,predictions/probabilities/mosmed_test_Morozov_study_0259_19.npy
mosmed_test_Morozov_study_0292_25,Morozov_study_0292,reclmis,1003,0.7593423019791716,0.6120481928645667,12.045739718272523,2.654532088007449,predictions/masks/mosmed_test_Morozov_study_0292_25.png,predictions/probabilities/mosmed_test_Morozov_study_0292_25.npy
mosmed_test_Jun_radiopaedia_14_85914_0_case13_51,Jun_radiopaedia_14_85914_0_case13,reclmis,1003,0.8532385624190278,0.7440419031002006,11.0,2.9126242530996387,predictions/masks/mosmed_test_Jun_radiopaedia_14_85914_0_case13_51.png,predictions/probabilities/mosmed_test_Jun_radiopaedia_14_85914_0_case13_51.npy
mosmed_test_Jun_radiopaedia_14_85914_0_case13_63,Jun_radiopaedia_14_85914_0_case13,reclmis,1003,0.8412279483264715,0.7259649964046787,15.208391590554951,4.050450956900486,predictions/masks/mosmed_test_Jun_radiopaedia_14_85914_0_case13_63.png,predictions/probabilities/mosmed_test_Jun_radiopaedia_14_85914_0_case13_63.npy
mosmed_test_Jun_coronacases_case1_169,Jun_coronacases_case1,reclmis,1003,0.7754147171464182,0.6332059743093712,32.545323459588346,5.8568206897516335,predictions/masks/mosmed_test_Jun_coronacases_case1_169.png,predictions/probabilities/mosmed_test_Jun_coronacases_case1_169.npy
mosmed_test_Morozov_study_0292_29,Morozov_study_0292,reclmis,1003,0.5789473695290859,0.40740740960219474,1.4142135623730951,0.8414213562373095,predictions/masks/mosmed_test_Morozov_study_0292_29.png,predictions/probabilities/mosmed_test_Morozov_study_0292_29.npy
mosmed_test_Jun_radiopaedia_40_86625_0_case18_36,Jun_radiopaedia_40_86625_0_case18,reclmis,1003,0.9101460957180652,0.835108349974724,8.0,2.356311370918715,predictions/masks/mosmed_test_Jun_radiopaedia_40_86625_0_case18_36.png,predictions/probabilities/mosmed_test_Jun_radiopaedia_40_86625_0_case18_36.npy
mosmed_test_Jun_coronacases_case4_123,Jun_coronacases_case4,reclmis,1003,0.8479903294092478,0.736096537264633,16.119850698861306,9.002021285026803,predictions/masks/mosmed_test_Jun_coronacases_case4_123.png,predictions/probabilities/mosmed_test_Jun_coronacases_case4_123.npy
mosmed_test_Morozov_study_0300_32,Morozov_study_0300,reclmis,1003,0.5329153606479888,0.3632478635199795,189.88672396885096,26.381306454637933,predictions/masks/mosmed_test_Morozov_study_0300_32.png,predictions/probabilities/mosmed_test_Morozov_study_0300_32.npy
mosmed_test_Jun_coronacases_case3_94,Jun_coronacases_case3,reclmis,1003,0.9110761543446807,0.8366757307963025,9.219544457292887,2.996280589980846,predictions/masks/mosmed_test_Jun_coronacases_case3_94.png,predictions/probabilities/mosmed_test_Jun_coronacases_case3_94.npy
mosmed_test_Jun_coronacases_case2_54,Jun_coronacases_case2,reclmis,1003,0.938026772437381,0.8832866480034278,2.0,0.8297262824752825,predictions/masks/mosmed_test_Jun_coronacases_case2_54.png,predictions/probabilities/mosmed_test_Jun_coronacases_case2_54.npy
mosmed_test_Jun_coronacases_case1_101,Jun_coronacases_case1,reclmis,1003,0.8908076234611898,0.8031137269830432,7.0710678118654755,2.328582131527593,predictions/masks/mosmed_test_Jun_coronacases_case1_101.png,predictions/probabilities/mosmed_test_Jun_coronacases_case1_101.npy
mosmed_test_Jun_coronacases_case2_120,Jun_coronacases_case2,reclmis,1003,0.8344889960857856,0.7159855147586143,3.6055512754639887,1.3025621484166126,predictions/masks/mosmed_test_Jun_coronacases_case2_120.png,predictions/probabilities/mosmed_test_Jun_coronacases_case2_120.npy
mosmed_test_Morozov_study_0266_17,Morozov_study_0266,reclmis,1003,3.571428558673469e-09,3.571428558673469e-09,724.0773439350247,724.0773439350247,predictions/masks/mosmed_test_Morozov_study_0266_17.png,predictions/probabilities/mosmed_test_Morozov_study_0266_17.npy
mosmed_test_Morozov_study_0270_12,Morozov_study_0270,reclmis,1003,0.6520438684063795,0.48372781067634474,97.41663102366043,9.437530338221904,predictions/masks/mosmed_test_Morozov_study_0270_12.png,predictions/probabilities/mosmed_test_Morozov_study_0270_12.npy
mosmed_test_Jun_coronacases_case3_171,Jun_coronacases_case3,reclmis,1003,0.8949958982815834,0.8099480326792912,4.242640687119285,1.5045495413347572,predictions/masks/mosmed_test_Jun_coronacases_case3_171.png,predictions/probabilities/mosmed_test_Jun_coronacases_case3_171.npy
mosmed_test_Jun_coronacases_case6_67,Jun_coronacases_case6,reclmis,1003,0.8907563025227405,0.8030303030359339,8.246211251235321,2.3127189141373266,predictions/masks/mosmed_test_Jun_coronacases_case6_67.png,predictions/probabilities/mosmed_test_Jun_coronacases_case6_67.npy
mosmed_test_Jun_radiopaedia_10_85902_3_case12_69,Jun_radiopaedia_10_85902_3_case12,reclmis,1003,0.9117997616262337,0.8378970427340748,2.8284271247461903,0.9899526213366868,predictions/masks/mosmed_test_Jun_radiopaedia_10_85902_3_case12_69.png,predictions/probabilities/mosmed_test_Jun_radiopaedia_10_85902_3_case12_69.npy
mosmed_test_Jun_radiopaedia_27_86410_0_case14_29,Jun_radiopaedia_27_86410_0_case14,reclmis,1003,0.862553979026141,0.7583251979633546,7.0,2.2648402095309477,predictions/masks/mosmed_test_Jun_radiopaedia_27_86410_0_case14_29.png,predictions/probabilities/mosmed_test_Jun_radiopaedia_27_86410_0_case14_29.npy
mosmed_test_Morozov_study_0289_25,Morozov_study_0289,reclmis,1003,0.6495176849156336,0.48095238101417237,40.45614870349549,10.520207384752588,predictions/masks/mosmed_test_Morozov_study_0289_25.png,predictions/probabilities/mosmed_test_Morozov_study_0289_25.npy
mosmed_test_Jun_radiopaedia_40_86625_0_case18_61,Jun_radiopaedia_40_86625_0_case18,reclmis,1003,0.8792596688301975,0.7845346904872013,14.866068747318506,3.1362301428394987,predictions/masks/mosmed_test_Jun_radiopaedia_40_86625_0_case18_61.png,predictions/probabilities/mosmed_test_Jun_radiopaedia_40_86625_0_case18_61.npy
mosmed_test_Morozov_study_0289_29,Morozov_study_0289,reclmis,1003,0.88071348942244,0.7868525896838939,94.698704331278,6.355961244778114,predictions/masks/mosmed_test_Morozov_study_0289_29.png,predictions/probabilities/mosmed_test_Morozov_study_0289_29.npy
mosmed_test_Jun_coronacases_case8_152,Jun_coronacases_case8,reclmis,1003,0.92118898282046,0.853892821033807,3.605551275463989,1.2160175342024206,predictions/masks/mosmed_test_Jun_coronacases_case8_152.png,predictions/probabilities/mosmed_test_Jun_coronacases_case8_152.npy
mosmed_test_Morozov_study_0276_38,Morozov_study_0276,reclmis,1003,0.6562500000488282,0.4883720931314224,198.14999999999998,17.13729715340957,predictions/masks/mosmed_test_Morozov_study_0276_38.png,predictions/probabilities/mosmed_test_Morozov_study_0276_38.npy
mosmed_test_Morozov_study_0284_13,Morozov_study_0284,reclmis,1003,0.00892857187101403,0.004484305379155021,14.131488946119676,8.55719149899299,predictions/masks/mosmed_test_Morozov_study_0284_13.png,predictions/probabilities/mosmed_test_Morozov_study_0284_13.npy
mosmed_test_Jun_coronacases_case7_86,Jun_coronacases_case7,reclmis,1003,0.9267015706902223,0.863414634179655,2.0,0.6781427385578291,predictions/masks/mosmed_test_Jun_coronacases_case7_86.png,predictions/probabilities/mosmed_test_Jun_coronacases_case7_86.npy
mosmed_test_bjorke_93,bjorke_93,reclmis,1003,0.6571494714111539,0.48936903804453874,20.8806130178211,5.163154814094963,predictions/masks/mosmed_test_bjorke_93.png,predictions/probabilities/mosmed_test_bjorke_93.npy
mosmed_test_Jun_coronacases_case8_160,Jun_coronacases_case8,reclmis,1003,0.8220380302320488,0.6978476821275428,6.082762530298219,2.457540403028581,predictions/masks/mosmed_test_Jun_coronacases_case8_160.png,predictions/probabilities/mosmed_test_Jun_coronacases_case8_160.npy
mosmed_test_Jun_coronacases_case3_53,Jun_coronacases_case3,reclmis,1003,0.8529988239934732,0.7436773752650828,9.150726320469456,2.1017867923853393,predictions/masks/mosmed_test_Jun_coronacases_case3_53.png,predictions/probabilities/mosmed_test_Jun_coronacases_case3_53.npy
mosmed_test_Morozov_study_0256_28,Morozov_study_0256,reclmis,1003,0.9125520523506588,0.8391684901561056,7.751906704893795,2.0175258543303105,predictions/masks/mosmed_test_Morozov_study_0256_28.png,predictions/probabilities/mosmed_test_Morozov_study_0256_28.npy
mosmed_test_Jun_radiopaedia_27_86410_0_case14_14,Jun_radiopaedia_27_86410_0_case14,reclmis,1003,0.7964428808775877,0.6617408249486564,28.250328658914825,7.526658437251825,predictions/masks/mosmed_test_Jun_radiopaedia_27_86410_0_case14_14.png,predictions/probabilities/mosmed_test_Jun_radiopaedia_27_86410_0_case14_14.npy
mosmed_test_Morozov_study_0267_23,Morozov_study_0267,reclmis,1003,0.75994513034843,0.6128318584927364,5.656854249492381,1.727092391343859,predictions/masks/mosmed_test_Morozov_study_0267_23.png,predictions/probabilities/mosmed_test_Morozov_study_0267_23.npy
mosmed_test_Jun_coronacases_case6_109,Jun_coronacases_case6,reclmis,1003,0.912678114727341,0.8393817204409018,4.630495168499682,1.240388195491608,predictions/masks/mosmed_test_Jun_coronacases_case6_109.png,predictions/probabilities/mosmed_test_Jun_coronacases_case6_109.npy
mosmed_test_Jun_coronacases_case9_148,Jun_coronacases_case9,reclmis,1003,0.8385708136100487,0.7220163083971818,102.43142482239745,7.568596629107627,predictions/masks/mosmed_test_Jun_coronacases_case9_148.png,predictions/probabilities/mosmed_test_Jun_coronacases_case9_148.npy
mosmed_test_Morozov_study_0285_29,Morozov_study_0285,reclmis,1003,0.26086956628859487,0.15000000141666664,9.0,3.667746687816571,predictions/masks/mosmed_test_Morozov_study_0285_29.png,predictions/probabilities/mosmed_test_Morozov_study_0285_29.npy
mosmed_test_Jun_coronacases_case6_103,Jun_coronacases_case6,reclmis,1003,0.9169189371033664,0.846583850941206,2.982842712474615,1.0097913793822044,predictions/masks/mosmed_test_Jun_coronacases_case6_103.png,predictions/probabilities/mosmed_test_Jun_coronacases_case6_103.npy
mosmed_test_Jun_coronacases_case1_180,Jun_coronacases_case1,reclmis,1003,0.8551986935240175,0.7470280551653108,23.588066823284183,5.266425169989266,predictions/masks/mosmed_test_Jun_coronacases_case1_180.png,predictions/probabilities/mosmed_test_Jun_coronacases_case1_180.npy
mosmed_test_Jun_coronacases_case8_172,Jun_coronacases_case8,reclmis,1003,0.8197781885480695,0.6945967110654191,6.0,1.9651695289428168,predictions/masks/mosmed_test_Jun_coronacases_case8_172.png,predictions/probabilities/mosmed_test_Jun_coronacases_case8_172.npy
mosmed_test_Jun_radiopaedia_27_86410_0_case14_37,Jun_radiopaedia_27_86410_0_case14,reclmis,1003,0.8519083969503332,0.74202127660718,8.06225774829855,2.765910943144823,predictions/masks/mosmed_test_Jun_radiopaedia_27_86410_0_case14_37.png,predictions/probabilities/mosmed_test_Jun_radiopaedia_27_86410_0_case14_37.npy
mosmed_test_Jun_coronacases_case9_152,Jun_coronacases_case9,reclmis,1003,0.7773459189462885,0.6357856494427079,127.54133026563345,9.029056192191597,predictions/masks/mosmed_test_Jun_coronacases_case9_152.png,predictions/probabilities/mosmed_test_Jun_coronacases_case9_152.npy
mosmed_test_Jun_coronacases_case10_231,Jun_coronacases_case10,reclmis,1003,0.8729361091200541,0.7745222930032051,5.764083831688691,2.542243087438929,predictions/masks/mosmed_test_Jun_coronacases_case10_231.png,predictions/probabilities/mosmed_test_Jun_coronacases_case10_231.npy
mosmed_test_Jun_coronacases_case7_107,Jun_coronacases_case7,reclmis,1003,0.9177664974635986,0.8480300187674286,3.605551275463989,1.175318975674653,predictions/masks/mosmed_test_Jun_coronacases_case7_107.png,predictions/probabilities/mosmed_test_Jun_coronacases_case7_107.npy
mosmed_test_Jun_coronacases_case1_138,Jun_coronacases_case1,reclmis,1003,0.8086135978723397,0.6787164906623515,7.280109889280518,2.4602893773059735,predictions/masks/mosmed_test_Jun_coronacases_case1_138.png,predictions/probabilities/mosmed_test_Jun_coronacases_case1_138.npy
mosmed_test_Jun_coronacases_case9_190,Jun_coronacases_case9,reclmis,1003,0.7590328715088553,0.6116462346930103,11.0,2.6353489138902915,predictions/masks/mosmed_test_Jun_coronacases_case9_190.png,predictions/probabilities/mosmed_test_Jun_coronacases_case9_190.npy
mosmed_test_Jun_coronacases_case6_68,Jun_coronacases_case6,reclmis,1003,0.9093776885587987,0.83381540889209,6.08113883008419,1.821408936133564,predictions/masks/mosmed_test_Jun_coronacases_case6_68.png,predictions/probabilities/mosmed_test_Jun_coronacases_case6_68.npy
mosmed_test_Morozov_study_0282_14,Morozov_study_0282,reclmis,1003,0.7194244604604908,0.5617977528793263,140.51012230805014,12.184032591208103,predictions/masks/mosmed_test_Morozov_study_0282_14.png,predictions/probabilities/mosmed_test_Morozov_study_0282_14.npy
mosmed_test_Morozov_study_0304_25,Morozov_study_0304,reclmis,1003,6.451612899063476e-10,6.451612899063476e-10,724.0773439350247,724.0773439350247,predictions/masks/mosmed_test_Morozov_study_0304_25.png,predictions/probabilities/mosmed_test_Morozov_study_0304_25.npy
mosmed_test_Jun_coronacases_case8_181,Jun_coronacases_case8,reclmis,1003,0.8500289519484638,0.7391742195630238,4.0,1.2976312425675662,predictions/masks/mosmed_test_Jun_coronacases_case8_181.png,predictions/probabilities/mosmed_test_Jun_coronacases_case8_181.npy
mosmed_test_Jun_radiopaedia_14_85914_0_case13_43,Jun_radiopaedia_14_85914_0_case13,reclmis,1003,0.8468048216647812,0.7343117952398986,12.643153312946904,3.8721787148645044,predictions/masks/mosmed_test_Jun_radiopaedia_14_85914_0_case13_43.png,predictions/probabilities/mosmed_test_Jun_radiopaedia_14_85914_0_case13_43.npy
mosmed_test_Morozov_study_0257_19,Morozov_study_0257,reclmis,1003,0.44293846572396484,0.2844707521140505,27.568079582299383,11.372884822540712,predictions/masks/mosmed_test_Morozov_study_0257_19.png,predictions/probabilities/mosmed_test_Morozov_study_0257_19.npy
mosmed_test_Jun_coronacases_case4_137,Jun_coronacases_case4,reclmis,1003,0.8484042553241887,0.7367205542877182,5.656854249492381,2.0219966309158877,predictions/masks/mosmed_test_Jun_coronacases_case4_137.png,predictions/probabilities/mosmed_test_Jun_coronacases_case4_137.npy
mosmed_test_Jun_coronacases_case7_78,Jun_coronacases_case7,reclmis,1003,0.8355899420047216,0.7176079735157448,2.23606797749979,1.1043835210553012,predictions/masks/mosmed_test_Jun_coronacases_case7_78.png,predictions/probabilities/mosmed_test_Jun_coronacases_case7_78.npy
mosmed_test_Morozov_study_0276_18,Morozov_study_0276,reclmis,1003,0.6618988902672774,0.49465536308534264,15.0,4.359260725872964,predictions/masks/mosmed_test_Morozov_study_0276_18.png,predictions/probabilities/mosmed_test_Morozov_study_0276_18.npy
mosmed_test_Jun_coronacases_case4_168,Jun_coronacases_case4,reclmis,1003,0.9148788927394548,0.8431122449179703,2.23606797749979,0.7853187866902368,predictions/masks/mosmed_test_Jun_coronacases_case4_168.png,predictions/probabilities/mosmed_test_Jun_coronacases_case4_168.npy
mosmed_test_Morozov_study_0303_28,Morozov_study_0303,reclmis,1003,0.7906976745159545,0.653846154112426,14.406547496069015,2.446388909776917,predictions/masks/mosmed_test_Morozov_study_0303_28.png,predictions/probabilities/mosmed_test_Morozov_study_0303_28.npy
mosmed_test_Morozov_study_0297_10,Morozov_study_0297,reclmis,1003,0.7202980106228082,0.5628638672171081,8.54400374531753,2.3137986551600496,predictions/masks/mosmed_test_Morozov_study_0297_10.png,predictions/probabilities/mosmed_test_Morozov_study_0297_10.npy
mosmed_test_Jun_coronacases_case1_201,Jun_coronacases_case1,reclmis,1003,0.8517729122277488,0.7418157273077655,5.656854249492381,1.9802180315888607,predictions/masks/mosmed_test_Jun_coronacases_case1_201.png,predictions/probabilities/mosmed_test_Jun_coronacases_case1_201.npy
mosmed_test_Jun_coronacases_case8_169,Jun_coronacases_case8,reclmis,1003,0.7252514558112625,0.5689368771122145,7.0,2.9898706934767105,predictions/masks/mosmed_test_Jun_coronacases_case8_169.png,predictions/probabilities/mosmed_test_Jun_coronacases_case8_169.npy
mosmed_test_Jun_coronacases_case5_97,Jun_coronacases_case5,reclmis,1003,0.9566179725551878,0.9168434450608043,2.8284271247461903,0.9261954930831497,predictions/masks/mosmed_test_Jun_coronacases_case5_97.png,predictions/probabilities/mosmed_test_Jun_coronacases_case5_97.npy
mosmed_test_Jun_radiopaedia_10_85902_3_case12_190,Jun_radiopaedia_10_85902_3_case12,reclmis,1003,0.8982593773008517,0.8153093012988293,4.47213595499958,1.8806584462026843,predictions/masks/mosmed_test_Jun_radiopaedia_10_85902_3_case12_190.png,predictions/probabilities/mosmed_test_Jun_radiopaedia_10_85902_3_case12_190.npy
mosmed_test_Jun_radiopaedia_14_85914_0_case13_101,Jun_radiopaedia_14_85914_0_case13,reclmis,1003,0.6868076536065651,0.5230061350424838,6.324555320336759,2.002987626849154,predictions/masks/mosmed_test_Jun_radiopaedia_14_85914_0_case13_101.png,predictions/probabilities/mosmed_test_Jun_radiopaedia_14_85914_0_case13_101.npy
mosmed_test_Jun_coronacases_case4_134,Jun_coronacases_case4,reclmis,1003,0.8744507219122897,0.7769102063705013,3.6055512754639896,1.8805567050950904,predictions/masks/mosmed_test_Jun_coronacases_case4_134.png,predictions/probabilities/mosmed_test_Jun_coronacases_case4_134.npy
mosmed_test_Jun_radiopaedia_10_85902_3_case12_81,Jun_radiopaedia_10_85902_3_case12,reclmis,1003,0.8888130968660023,0.799877225303875,5.250357124637419,1.7645819585233702,predictions/masks/mosmed_test_Jun_radiopaedia_10_85902_3_case12_81.png,predictions/probabilities/mosmed_test_Jun_radiopaedia_10_85902_3_case12_81.npy
mosmed_test_Morozov_study_0303_34,Morozov_study_0303,reclmis,1003,0.5649350650763197,0.39366515864540036,121.63451183203,20.34825447976597,predictions/masks/mosmed_test_Morozov_study_0303_34.png,predictions/probabilities/mosmed_test_Morozov_study_0303_34.npy
mosmed_test_Morozov_study_0255_24,Morozov_study_0255,reclmis,1003,0.8970668115168785,0.8133464663921856,5.656854249492381,1.3787051310468152,predictions/masks/mosmed_test_Morozov_study_0255_24.png,predictions/probabilities/mosmed_test_Morozov_study_0255_24.npy
mosmed_test_bjorke_69,bjorke_69,reclmis,1003,0.5941100490839728,0.42258645400969247,17.204650534085253,5.633603682546866,predictions/masks/mosmed_test_bjorke_69.png,predictions/probabilities/mosmed_test_bjorke_69.npy
mosmed_test_bjorke_63,bjorke_63,reclmis,1003,0.7388293118885295,0.5858281665263804,65.42110730714762,11.560207887510087,predictions/masks/mosmed_test_bjorke_63.png,predictions/probabilities/mosmed_test_bjorke_63.npy
mosmed_test_Jun_coronacases_case2_161,Jun_coronacases_case2,reclmis,1003,0.8174904943081438,0.6913183280073614,5.0,1.4372060225592513,predictions/masks/mosmed_test_Jun_coronacases_case2_161.png,predictions/probabilities/mosmed_test_Jun_coronacases_case2_161.npy
mosmed_test_Jun_coronacases_case7_122,Jun_coronacases_case7,reclmis,1003,0.8993860845856175,0.8171676479759167,4.242640687119285,2.076657645547596,predictions/masks/mosmed_test_Jun_coronacases_case7_122.png,predictions/probabilities/mosmed_test_Jun_coronacases_case7_122.npy
mosmed_test_Jun_coronacases_case1_235,Jun_coronacases_case1,reclmis,1003,0.783427495332688,0.6439628484074418,5.094068537913144,1.5743779442327566,predictions/masks/mosmed_test_Jun_coronacases_case1_235.png,predictions/probabilities/mosmed_test_Jun_coronacases_case1_235.npy
mosmed_test_Jun_coronacases_case8_266,Jun_coronacases_case8,reclmis,1003,0.7990074442186086,0.6652892563366574,2.0,0.8778520372643748,predictions/masks/mosmed_test_Jun_coronacases_case8_266.png,predictions/probabilities/mosmed_test_Jun_coronacases_case8_266.npy
mosmed_test_Jun_coronacases_case7_102,Jun_coronacases_case7,reclmis,1003,0.9163199260305982,0.8455631399383293,52.03022988168291,3.833143190264064,predictions/masks/mosmed_test_Jun_coronacases_case7_102.png,predictions/probabilities/mosmed_test_Jun_coronacases_case7_102.npy
mosmed_test_Jun_coronacases_case10_96,Jun_coronacases_case10,reclmis,1003,0.89019377569088,0.8021164021193935,5.0,1.9061970624611784,predictions/masks/mosmed_test_Jun_coronacases_case10_96.png,predictions/probabilities/mosmed_test_Jun_coronacases_case10_96.npy
mosmed_test_Jun_coronacases_case1_193,Jun_coronacases_case1,reclmis,1003,0.8063725490225739,0.6755646817331734,7.211102550927978,2.69855731679381,predictions/masks/mosmed_test_Jun_coronacases_case1_193.png,predictions/probabilities/mosmed_test_Jun_coronacases_case1_193.npy
mosmed_test_Jun_coronacases_case5_142,Jun_coronacases_case5,reclmis,1003,0.8857901726465541,0.7949940405366511,116.79253681356238,8.218681708625585,predictions/masks/mosmed_test_Jun_coronacases_case5_142.png,predictions/probabilities/mosmed_test_Jun_coronacases_case5_142.npy
mosmed_test_Morozov_study_0288_22,Morozov_study_0288,reclmis,1003,0.7703555998746974,0.6264864865066764,7.031980515339459,2.197379347088016,predictions/masks/mosmed_test_Morozov_study_0288_22.png,predictions/probabilities/mosmed_test_Morozov_study_0288_22.npy
mosmed_test_Jun_radiopaedia_10_85902_3_case12_68,Jun_radiopaedia_10_85902_3_case12,reclmis,1003,0.8589108910978397,0.7527114967730247,6.324555320336759,1.59132700006805,predictions/masks/mosmed_test_Jun_radiopaedia_10_85902_3_case12_68.png,predictions/probabilities/mosmed_test_Jun_radiopaedia_10_85902_3_case12_68.npy
mosmed_test_Morozov_study_0298_12,Morozov_study_0298,reclmis,1003,0.8066612510180522,0.6759700476588162,26.522382859018897,5.377979735538387,predictions/masks/mosmed_test_Morozov_study_0298_12.png,predictions/probabilities/mosmed_test_Morozov_study_0298_12.npy
mosmed_test_Morozov_study_0301_28,Morozov_study_0301,reclmis,1003,0.7200000000533334,0.5625000001302083,5.2993212190719845,1.741615124091315,predictions/masks/mosmed_test_Morozov_study_0301_28.png,predictions/probabilities/mosmed_test_Morozov_study_0301_28.npy
mosmed_test_Jun_coronacases_case8_60,Jun_coronacases_case8,reclmis,1003,0.8958333333390442,0.8113207547357179,2.8284271247461903,0.9417664453150137,predictions/masks/mosmed_test_Jun_coronacases_case8_60.png,predictions/probabilities/mosmed_test_Jun_coronacases_case8_60.npy
mosmed_test_Morozov_study_0280_21,Morozov_study_0280,reclmis,1003,0.8509509066806582,0.7405696689827926,5.285013954394863,1.4238303673781232,predictions/masks/mosmed_test_Morozov_study_0280_21.png,predictions/probabilities/mosmed_test_Morozov_study_0280_21.npy
mosmed_test_Jun_coronacases_case1_231,Jun_coronacases_case1,reclmis,1003,0.8010204082140254,0.668085106524219,4.0,1.2362231207783942,predictions/masks/mosmed_test_Jun_coronacases_case1_231.png,predictions/probabilities/mosmed_test_Jun_coronacases_case1_231.npy
mosmed_test_Jun_radiopaedia_14_85914_0_case13_4,Jun_radiopaedia_14_85914_0_case13,reclmis,1003,0.9018492176410182,0.8212435233237806,106.92613478451379,13.791895485854235,predictions/masks/mosmed_test_Jun_radiopaedia_14_85914_0_case13_4.png,predictions/probabilities/mosmed_test_Jun_radiopaedia_14_85914_0_case13_4.npy
mosmed_test_Jun_coronacases_case3_116,Jun_coronacases_case3,reclmis,1003,0.9064501126894915,0.8289060455389368,6.020690632574555,2.4835131253918923,predictions/masks/mosmed_test_Jun_coronacases_case3_116.png,predictions/probabilities/mosmed_test_Jun_coronacases_case3_116.npy
mosmed_test_Morozov_study_0276_27,Morozov_study_0276,reclmis,1003,0.805015673993416,0.6736621196564887,7.9807886552931695,1.6507850893232376,predictions/masks/mosmed_test_Morozov_study_0276_27.png,predictions/probabilities/mosmed_test_Morozov_study_0276_27.npy
mosmed_test_Morozov_study_0256_30,Morozov_study_0256,reclmis,1003,0.8997308209970868,0.8177370030618198,15.231546211727817,11.011486989384013,predictions/masks/mosmed_test_Morozov_study_0256_30.png,predictions/probabilities/mosmed_test_Morozov_study_0256_30.npy
mosmed_test_Jun_coronacases_case10_86,Jun_coronacases_case10,reclmis,1003,0.8420132820719676,0.7271355267211852,5.385164807134504,1.909050990965002,predictions/masks/mosmed_test_Jun_coronacases_case10_86.png,predictions/probabilities/mosmed_test_Jun_coronacases_case10_86.npy
mosmed_test_Jun_coronacases_case8_159,Jun_coronacases_case8,reclmis,1003,0.8917678812430261,0.8046760837845914,5.0,1.8843373088857949,predictions/masks/mosmed_test_Jun_coronacases_case8_159.png,predictions/probabilities/mosmed_test_Jun_coronacases_case8_159.npy
mosmed_test_Morozov_study_0295_12,Morozov_study_0295,reclmis,1003,0.7771824771579835,0.6355670103280636,8.48528137423857,3.166629751896982,predictions/masks/mosmed_test_Morozov_study_0295_12.png,predictions/probabilities/mosmed_test_Morozov_study_0295_12.npy
mosmed_test_Jun_radiopaedia_10_85902_3_case12_143,Jun_radiopaedia_10_85902_3_case12,reclmis,1003,0.927549398138456,0.8648877594268343,8.5117064412241,2.138425731235732,predictions/masks/mosmed_test_Jun_radiopaedia_10_85902_3_case12_143.png,predictions/probabilities/mosmed_test_Jun_radiopaedia_10_85902_3_case12_143.npy
mosmed_test_Jun_radiopaedia_10_85902_3_case12_57,Jun_radiopaedia_10_85902_3_case12,reclmis,1003,0.8717948718091645,0.7727272727721883,2.8284271247461903,1.0140366383436397,predictions/masks/mosmed_test_Jun_radiopaedia_10_85902_3_case12_57.png,predictions/probabilities/mosmed_test_Jun_radiopaedia_10_85902_3_case12_57.npy
mosmed_test_Jun_coronacases_case2_144,Jun_coronacases_case2,reclmis,1003,0.9134875337952315,0.8407520044279582,4.0,2.1694050217394913,predictions/masks/mosmed_test_Jun_coronacases_case2_144.png,predictions/probabilities/mosmed_test_Jun_coronacases_case2_144.npy
mosmed_test_Jun_radiopaedia_14_85914_0_case13_45,Jun_radiopaedia_14_85914_0_case13,reclmis,1003,0.8959959511807837,0.8115875590668891,11.672602819947858,3.57914584522667,predictions/masks/mosmed_test_Jun_radiopaedia_14_85914_0_case13_45.png,predictions/probabilities/mosmed_test_Jun_radiopaedia_14_85914_0_case13_45.npy
mosmed_test_Jun_coronacases_case2_127,Jun_coronacases_case2,reclmis,1003,0.9040268456391942,0.8248622167842969,3.605551275463989,1.3196928634227294,predictions/masks/mosmed_test_Jun_coronacases_case2_127.png,predictions/probabilities/mosmed_test_Jun_coronacases_case2_127.npy
mosmed_test_Jun_coronacases_case2_166,Jun_coronacases_case2,reclmis,1003,0.7630522088829212,0.6168831170075054,4.0,1.2232273366087671,predictions/masks/mosmed_test_Jun_coronacases_case2_166.png,predictions/probabilities/mosmed_test_Jun_coronacases_case2_166.npy
mosmed_test_Jun_radiopaedia_10_85902_3_case12_113,Jun_radiopaedia_10_85902_3_case12,reclmis,1003,0.9469781238422881,0.8992957746514333,3.605551275463989,1.07856722131939,predictions/masks/mosmed_test_Jun_radiopaedia_10_85902_3_case12_113.png,predictions/probabilities/mosmed_test_Jun_radiopaedia_10_85902_3_case12_113.npy
mosmed_test_Jun_coronacases_case6_50,Jun_coronacases_case6,reclmis,1003,0.72437357637258,0.5678571430114795,9.055385138137417,1.8382495502635419,predictions/masks/mosmed_test_Jun_coronacases_case6_50.png,predictions/probabilities/mosmed_test_Jun_coronacases_case6_50.npy
mosmed_test_Jun_coronacases_case4_104,Jun_coronacases_case4,reclmis,1003,0.7389791183446068,0.5860165593757114,5.0,1.948835367763496,predictions/masks/mosmed_test_Jun_coronacases_case4_104.png,predictions/probabilities/mosmed_test_Jun_coronacases_case4_104.npy
mosmed_test_Jun_coronacases_case8_214,Jun_coronacases_case8,reclmis,1003,0.7588532883778047,0.6114130435134589,9.72172260574025,2.0823863472966515,predictions/masks/mosmed_test_Jun_coronacases_case8_214.png,predictions/probabilities/mosmed_test_Jun_coronacases_case8_214.npy
mosmed_test_Jun_radiopaedia_10_85902_3_case12_128,Jun_radiopaedia_10_85902_3_case12,reclmis,1003,0.9396401625081305,0.8861521620173467,3.605551275463989,1.4972377424570285,predictions/masks/mosmed_test_Jun_radiopaedia_10_85902_3_case12_128.png,predictions/probabilities/mosmed_test_Jun_radiopaedia_10_85902_3_case12_128.npy
mosmed_test_Jun_radiopaedia_40_86625_0_case18_38,Jun_radiopaedia_40_86625_0_case18,reclmis,1003,0.9087020055488073,0.8326799922381809,7.0710678118654755,2.112490445390325,predictions/masks/mosmed_test_Jun_radiopaedia_40_86625_0_case18_38.png,predictions/probabilities/mosmed_test_Jun_radiopaedia_40_86625_0_case18_38.npy
mosmed_test_Jun_coronacases_case4_121,Jun_coronacases_case4,reclmis,1003,0.8139534883801054,0.6862745098267048,28.089121292320606,5.601500608711409,predictions/masks/mosmed_test_Jun_coronacases_case4_121.png,predictions/probabilities/mosmed_test_Jun_coronacases_case4_121.npy
mosmed_test_Jun_coronacases_case10_126,Jun_coronacases_case10,reclmis,1003,0.8792021663042124,0.7844431349465593,8.209420550647959,2.741584721351341,predictions/masks/mosmed_test_Jun_coronacases_case10_126.png,predictions/probabilities/mosmed_test_Jun_coronacases_case10_126.npy
mosmed_test_Jun_coronacases_case8_215,Jun_coronacases_case8,reclmis,1003,0.7942345924555549,0.6586974443809812,8.06225774829855,1.9979610254166293,predictions/masks/mosmed_test_Jun_coronacases_case8_215.png,predictions/probabilities/mosmed_test_Jun_coronacases_case8_215.npy
mosmed_test_Morozov_study_0291_15,Morozov_study_0291,reclmis,1003,0.017094017304039737,0.008620689868831749,35.22782990761707,18.372159380480465,predictions/masks/mosmed_test_Morozov_study_0291_15.png,predictions/probabilities/mosmed_test_Morozov_study_0291_15.npy
mosmed_test_Jun_radiopaedia_7_85703_0_case20_5,Jun_radiopaedia_7_85703_0_case20,reclmis,1003,0.7646076794788755,0.6189189189532505,25.059928172283335,5.172438798956873,predictions/masks/mosmed_test_Jun_radiopaedia_7_85703_0_case20_5.png,predictions/probabilities/mosmed_test_Jun_radiopaedia_7_85703_0_case20_5.npy
mosmed_test_Jun_coronacases_case6_71,Jun_coronacases_case6,reclmis,1003,0.9166243009669977,0.846081651810275,4.242640687119285,1.6083612493812283,predictions/masks/mosmed_test_Jun_coronacases_case6_71.png,predictions/probabilities/mosmed_test_Jun_coronacases_case6_71.npy
mosmed_test_Jun_radiopaedia_40_86625_0_case18_25,Jun_radiopaedia_40_86625_0_case18,reclmis,1003,0.8262996941902665,0.7040125065157373,23.169747947583154,4.979927398768444,predictions/masks/mosmed_test_Jun_radiopaedia_40_86625_0_case18_25.png,predictions/probabilities/mosmed_test_Jun_radiopaedia_40_86625_0_case18_25.npy
mosmed_test_Morozov_study_0278_24,Morozov_study_0278,reclmis,1003,0.8891191709902011,0.80037313434698,14.132101962856346,2.1884763789050514,predictions/masks/mosmed_test_Morozov_study_0278_24.png,predictions/probabilities/mosmed_test_Morozov_study_0278_24.npy
mosmed_test_bjorke_38,bjorke_38,reclmis,1003,0.7584525617466291,0.6108929376191921,23.32809307547646,7.080546834066995,predictions/masks/mosmed_test_bjorke_38.png,predictions/probabilities/mosmed_test_bjorke_38.npy
mosmed_test_Jun_coronacases_case5_169,Jun_coronacases_case5,reclmis,1003,0.773218142597577,0.6302816902710275,3.0,1.431763870567718,predictions/masks/mosmed_test_Jun_coronacases_case5_169.png,predictions/probabilities/mosmed_test_Jun_coronacases_case5_169.npy
mosmed_test_Morozov_study_0284_12,Morozov_study_0284,reclmis,1003,2.570694086742752e-10,2.570694086742752e-10,283.30761574747646,265.4605142319195,predictions/masks/mosmed_test_Morozov_study_0284_12.png,predictions/probabilities/mosmed_test_Morozov_study_0284_12.npy
mosmed_test_Jun_coronacases_case10_208,Jun_coronacases_case10,reclmis,1003,0.8911208462454202,0.8036230487607704,8.275990500643514,2.181433860781368,predictions/masks/mosmed_test_Jun_coronacases_case10_208.png,predictions/probabilities/mosmed_test_Jun_coronacases_case10_208.npy
mosmed_test_Morozov_study_0294_31,Morozov_study_0294,reclmis,1003,0.766233766284365,0.6210526317119113,61.09171534885442,16.167311418653245,predictions/masks/mosmed_test_Morozov_study_0294_31.png,predictions/probabilities/mosmed_test_Morozov_study_0294_31.npy
mosmed_test_Morozov_study_0269_16,Morozov_study_0269,reclmis,1003,0.6801389327540215,0.51531100480788,35.992891460963996,10.719235816164879,predictions/masks/mosmed_test_Morozov_study_0269_16.png,predictions/probabilities/mosmed_test_Morozov_study_0269_16.npy
mosmed_test_Jun_coronacases_case7_121,Jun_coronacases_case7,reclmis,1003,0.8598419787038846,0.7541428141080403,5.0,2.016796187303441,predictions/masks/mosmed_test_Jun_coronacases_case7_121.png,predictions/probabilities/mosmed_test_Jun_coronacases_case7_121.npy
mosmed_test_Jun_coronacases_case6_64,Jun_coronacases_case6,reclmis,1003,0.8320512820548707,0.7124039517119501,7.810249675906654,2.327251657605381,predictions/masks/mosmed_test_Jun_coronacases_case6_64.png,predictions/probabilities/mosmed_test_Jun_coronacases_case6_64.npy
mosmed_test_Jun_coronacases_case2_131,Jun_coronacases_case2,reclmis,1003,0.9201127819561385,0.8520452567492879,3.605551275463989,1.1045465072075566,predictions/masks/mosmed_test_Jun_coronacases_case2_131.png,predictions/probabilities/mosmed_test_Jun_coronacases_case2_131.npy
mosmed_test_Jun_coronacases_case10_222,Jun_coronacases_case10,reclmis,1003,0.8779994217999711,0.782530275707742,5.385164807134504,2.215919094512296,predictions/masks/mosmed_test_Jun_coronacases_case10_222.png,predictions/probabilities/mosmed_test_Jun_coronacases_case10_222.npy
mosmed_test_Jun_coronacases_case10_230,Jun_coronacases_case10,reclmis,1003,0.8753224419631273,0.7782874617821757,4.123105625617661,1.6256957553791092,predictions/masks/mosmed_test_Jun_coronacases_case10_230.png,predictions/probabilities/mosmed_test_Jun_coronacases_case10_230.npy
mosmed_test_Jun_radiopaedia_40_86625_0_case18_35,Jun_radiopaedia_40_86625_0_case18,reclmis,1003,0.9024270220264503,0.8222022955530051,9.219544457292887,2.7079030217169358,predictions/masks/mosmed_test_Jun_radiopaedia_40_86625_0_case18_35.png,predictions/probabilities/mosmed_test_Jun_radiopaedia_40_86625_0_case18_35.npy
mosmed_test_Morozov_study_0291_20,Morozov_study_0291,reclmis,1003,0.9389972144855293,0.8850091887664739,11.0,2.139613347052595,predictions/masks/mosmed_test_Morozov_study_0291_20.png,predictions/probabilities/mosmed_test_Morozov_study_0291_20.npy
mosmed_test_Jun_coronacases_case2_104,Jun_coronacases_case2,reclmis,1003,0.8897931502222822,0.8014660965240847,4.551315561749631,1.456553387944111,predictions/masks/mosmed_test_Jun_coronacases_case2_104.png,predictions/probabilities/mosmed_test_Jun_coronacases_case2_104.npy
mosmed_test_Morozov_study_0278_25,Morozov_study_0278,reclmis,1003,0.9090909090938607,0.833333333343254,5.0,1.6116867279393168,predictions/masks/mosmed_test_Morozov_study_0278_25.png,predictions/probabilities/mosmed_test_Morozov_study_0278_25.npy
mosmed_test_Jun_coronacases_case2_167,Jun_coronacases_case2,reclmis,1003,0.7147335424091744,0.5560975611921475,163.0072083652818,44.10558573957404,predictions/masks/mosmed_test_Jun_coronacases_case2_167.png,predictions/probabilities/mosmed_test_Jun_coronacases_case2_167.npy
mosmed_test_Jun_coronacases_case3_176,Jun_coronacases_case3,reclmis,1003,0.8239202658099801,0.7005649718359985,2.23606797749979,0.900883716564484,predictions/masks/mosmed_test_Jun_coronacases_case3_176.png,predictions/probabilities/mosmed_test_Jun_coronacases_case3_176.npy
mosmed_test_Jun_coronacases_case6_83,Jun_coronacases_case6,reclmis,1003,0.9173223268422891,0.8472718608566292,34.59391044378781,3.963945562769371,predictions/masks/mosmed_test_Jun_coronacases_case6_83.png,predictions/probabilities/mosmed_test_Jun_coronacases_case6_83.npy
mosmed_test_Jun_coronacases_case7_79,Jun_coronacases_case7,reclmis,1003,0.9069373942627855,0.82972136228182,2.0,0.7031435880451935,predictions/masks/mosmed_test_Jun_coronacases_case7_79.png,predictions/probabilities/mosmed_test_Jun_coronacases_case7_79.npy
mosmed_test_Jun_coronacases_case8_202,Jun_coronacases_case8,reclmis,1003,0.7600000000141176,0.612903225843178,3.6055512754639896,1.3443251196534813,predictions/masks/mosmed_test_Jun_coronacases_case8_202.png,predictions/probabilities/mosmed_test_Jun_coronacases_case8_202.npy
mosmed_test_Jun_coronacases_case10_202,Jun_coronacases_case10,reclmis,1003,0.8596292947574634,0.7538156590732643,13.015294643796576,2.65459411387488,predictions/masks/mosmed_test_Jun_coronacases_case10_202.png,predictions/probabilities/mosmed_test_Jun_coronacases_case10_202.npy
mosmed_test_Jun_coronacases_case2_61,Jun_coronacases_case2,reclmis,1003,0.8652674339969352,0.7625298329638985,2.8284271247461903,1.0625344735200806,predictions/masks/mosmed_test_Jun_coronacases_case2_61.png,predictions/probabilities/mosmed_test_Jun_coronacases_case2_61.npy
mosmed_test_Morozov_study_0304_23,Morozov_study_0304,reclmis,1003,0.42333785625192166,0.268502581881497,60.44749324415103,11.321009985077373,predictions/masks/mosmed_test_Morozov_study_0304_23.png,predictions/probabilities/mosmed_test_Morozov_study_0304_23.npy
