sample_id,source_id,method,seed,dice,miou,hd95,assd,prediction_path,probability_path
qata_test_sub-S08047_ses-E16280_run-1_bp-chest_vp-ap_dx,sub-S08047,unet,1003,0.7959493670897556,0.6610597140485837,18.384776310850235,3.945586312266426,predictions/masks/qata_test_sub-S08047_ses-E16280_run-1_bp-chest_vp-ap_dx.png,predictions/probabilities/qata_test_sub-S08047_ses-E16280_run-1_bp-chest_vp-ap_dx.npy
qata_test_sub-S08047_ses-E16628_run-1_bp-chest_vp-ap_dx,sub-S08047,unet,1003,0.9722670274209259,0.9460307816935396,2.23606797749979,0.7935426953872893,predictions/masks/qata_test_sub-S08047_ses-E16628_run-1_bp-chest_vp-ap_dx.png,predictions/probabilities/qata_test_sub-S08047_ses-E16628_run-1_bp-chest_vp-ap_dx.npy
qata_test_sub-S08047_ses-E16837_run-1_bp-chest_cr,sub-S08047,unet,1003,0.9513571048432605,0.9072269589940395,8.624057378253783,1.7414127154348573,predictions/masks/qata_test_sub-S08047_ses-E16837_run-1_bp-chest_cr.png,predictions/probabilities/qata_test_sub-S08047_ses-E16837_run-1_bp-chest_cr.npy
qata_test_sub-S08047_ses-E17130_run-1_bp-chest_cr,sub-S08047,unet,1003,0.9512450303414156,0.9070231444545488,4.0,1.2411346132422254,predictions/masks/qata_test_sub-S08047_ses-E17130_run-1_bp-chest_cr.png,predictions/probabilities/qata_test_sub-S08047_ses-E17130_run-1_bp-chest_cr.npy
qata_test_sub-S08047_ses-E17511_run-1_bp-chest_vp-ap_dx,sub-S08047,unet,1003,0.8502316006188864,0.7394807520182113,14.866068747318506,2.765712251304944,predictions/masks/qata_test_sub-S08047_ses-E17511_run-1_bp-chest_vp-ap_dx.png,predictions/probabilities/qata_test_sub-S08047_ses-E17511_run-1_bp-chest_vp-ap_dx.npy
qata_test_sub-S08047_ses-E17539_run-1_bp-chest_vp-ap_dx,sub-S08047,unet,1003,0.9276964445777734,0.8651434940113522,8.54400374531753,2.129469697908407,predictions/masks/qata_test_sub-S08047_ses-E17539_run-1_bp-chest_vp-ap_dx.png,predictions/probabilities/qata_test_sub-S08047_ses-E17539_run-1_bp-chest_vp-ap_dx.npy
qata_test_sub-S08047_ses-E17682_run-1_bp-chest_vp-ap_dx,sub-S08047,unet,1003,0.9628208203407876,0.9283071230348908,3.6055512754639896,1.1110058682034816,predictions/masks/qata_test_sub-S08047_ses-E17682_run-1_bp-chest_vp-ap_dx.png,predictions/probabilities/qata_test_sub-S08047_ses-E17682_run-1_bp-chest_vp-ap_dx.npy
qata_test_sub-S08047_ses-E17934_run-1_bp-chest_vp-ap_dx,sub-S08047,unet,1003,0.9146278517605315,0.842685942554283,16.507511949932887,3.654509130326206,predictions/masks/qata_test_sub-S08047_ses-E17934_run-1_bp-chest_vp-ap_dx.png,predictions/probabilities/qata_test_sub-S08047_ses-E17934_run-1_bp-chest_vp-ap_dx.npy
qata_test_sub-S08047_ses-E18100_run-1_bp-chest_vp-ap_dx,sub-S08047,unet,1003,0.8456559894699119,0.7325857645183637,27.230421771162305,4.86270888082917,predictions/masks/qata_test_sub-S08047_ses-E18100_run-1_bp-chest_vp-ap_dx.png,predictions/probabilities/qata_test_sub-S08047_ses-E18100_run-1_bp-chest_vp-ap_dx.npy
qata_test_sub-S08047_ses-E26555_run-1_bp-chest_vp-ap_dx,sub-S08047,unet,1003,0.9092451229862225,0.8335925349943806,8.246211251235321,2.2931598253542598,predictions/masks/qata_test_sub-S08047_ses-E26555_run-1_bp-chest_vp-ap_dx.png,predictions/probabilities/qata_test_sub-S08047_ses-E26555_run-1_bp-chest_vp-ap_dx.npy
qata_test_sub-S08074_ses-E18689_run-1_bp-chest_vp-ap_cr,sub-S08074,unet,1003,0.8706921105116677,0.7709962169036318,51.28152221751968,9.084372031636386,predictions/masks/qata_test_sub-S08074_ses-E18689_run-1_bp-chest_vp-ap_cr.png,predictions/probabilities/qata_test_sub-S08074_ses-E18689_run-1_bp-chest_vp-ap_cr.npy
qata_test_sub-S08077_ses-E18680_run-1_bp-chest_vp-ap_cr,sub-S08077,unet,1003,0.769937369529439,0.6259334691360533,7.615773105863909,2.673913357218549,predictions/masks/qata_test_sub-S08077_ses-E18680_run-1_bp-chest_vp-ap_cr.png,predictions/probabilities/qata_test_sub-S08077_ses-E18680_run-1_bp-chest_vp-ap_cr.npy
qata_test_sub-S08097_ses-E17492_run-1_bp-chest_vp-ap_dx,sub-S08097,unet,1003,4.302925989487826e-11,4.302925989487826e-11,128.5379220631149,81.94464601708621,predictions/masks/qata_test_sub-S08097_ses-E17492_run-1_bp-chest_vp-ap_dx.png,predictions/probabilities/qata_test_sub-S08097_ses-E17492_run-1_bp-chest_vp-ap_dx.npy
qata_test_sub-S08433_ses-E16090_run-1_bp-chest_vp-ap_dx,sub-S08433,unet,1003,0.5223516662280588,0.3535020168920608,36.151920981761585,11.318646398070502,predictions/masks/qata_test_sub-S08433_ses-E16090_run-1_bp-chest_vp-ap_dx.png,predictions/probabilities/qata_test_sub-S08433_ses-E16090_run-1_bp-chest_vp-ap_dx.npy
qata_test_sub-S08489_ses-E19060_run-1_bp-chest_vp-ap_dx,sub-S08489,unet,1003,0.7642276422771543,0.6184210526334953,30.073234531976336,6.725925000430581,predictions/masks/qata_test_sub-S08489_ses-E19060_run-1_bp-chest_vp-ap_dx.png,predictions/probabilities/qata_test_sub-S08489_ses-E19060_run-1_bp-chest_vp-ap_dx.npy
qata_test_sub-S08489_ses-E22262_run-1_bp-chest_vp-pa_dx,sub-S08489,unet,1003,0.46223645583850764,0.3005900729034955,104.06007744174278,31.41631758593025,predictions/masks/qata_test_sub-S08489_ses-E22262_run-1_bp-chest_vp-pa_dx.png,predictions/probabilities/qata_test_sub-S08489_ses-E22262_run-1_bp-chest_vp-pa_dx.npy
qata_test_sub-S08489_ses-E22906_run-1_bp-chest_vp-ap_dx,sub-S08489,unet,1003,0.6489473684256717,0.48032723023996243,20.0,5.330403837934568,predictions/masks/qata_test_sub-S08489_ses-E22906_run-1_bp-chest_vp-ap_dx.png,predictions/probabilities/qata_test_sub-S08489_ses-E22906_run-1_bp-chest_vp-ap_dx.npy
qata_test_sub-S08489_ses-E23228_run-1_bp-chest_vp-ap_cr,sub-S08489,unet,1003,0.8430493273551081,0.7286821705451696,15.0,3.572913916670419,predictions/masks/qata_test_sub-S08489_ses-E23228_run-1_bp-chest_vp-ap_cr.png,predictions/probabilities/qata_test_sub-S08489_ses-E23228_run-1_bp-chest_vp-ap_cr.npy
qata_test_sub-S08498_ses-E18204_run-1_bp-chest_vp-ap_dx,sub-S08498,unet,1003,0.8012623037057536,0.6684217124273735,28.646115388894366,5.845539574862161,predictions/masks/qata_test_sub-S08498_ses-E18204_run-1_bp-chest_vp-ap_dx.png,predictions/probabilities/qata_test_sub-S08498_ses-E18204_run-1_bp-chest_vp-ap_dx.npy
qata_test_sub-S08651_ses-E17664_run-1_bp-chest_vp-ap_dx,sub-S08651,unet,1003,0.8872225554922849,0.7973045822211696,5.709083543098249,1.8724190961601574,predictions/masks/qata_test_sub-S08651_ses-E17664_run-1_bp-chest_vp-ap_dx.png,predictions/probabilities/qata_test_sub-S08651_ses-E17664_run-1_bp-chest_vp-ap_dx.npy
qata_test_sub-S09308_ses-E16093_run-1_bp-chest_vp-ap_dx,sub-S09308,unet,1003,0.8549259346377869,0.7466119096613302,7.0,2.31920349556003,predictions/masks/qata_test_sub-S09308_ses-E16093_run-1_bp-chest_vp-ap_dx.png,predictions/probabilities/qata_test_sub-S09308_ses-E16093_run-1_bp-chest_vp-ap_dx.npy
qata_test_sub-S09308_ses-E16127_acq-1_run-1_bp-chest_vp-ap_dx,sub-S09308,unet,1003,0.41531200840547167,0.2620780940019167,85.31934890684605,24.722094173288863,predictions/masks/qata_test_sub-S09308_ses-E16127_acq-1_run-1_bp-chest_vp-ap_dx.png,predictions/probabilities/qata_test_sub-S09308_ses-E16127_acq-1_run-1_bp-chest_vp-ap_dx.npy
qata_test_sub-S09308_ses-E17371_acq-2_run-1_bp-chest_vp-ap_dx,sub-S09308,unet,1003,0.3641536273296116,0.2226086956792136,89.55890031415844,24.876267441879687,predictions/masks/qata_test_sub-S09308_ses-E17371_acq-2_run-1_bp-chest_vp-ap_dx.png,predictions/probabilities/qata_test_sub-S09308_ses-E17371_acq-2_run-1_bp-chest_vp-ap_dx.npy
qata_test_sub-S09308_ses-E17491_run-1_bp-chest_vp-ap_dx,sub-S09308,unet,1003,0.6333227142518852,0.4634032634282796,19.803793292058117,6.460900975985911,predictions/masks/qata_test_sub-S09308_ses-E17491_run-1_bp-chest_vp-ap_dx.png,predictions/probabilities/qata_test_sub-S09308_ses-E17491_run-1_bp-chest_vp-ap_dx.npy
qata_test_sub-S09308_ses-E18798_run-1_bp-chest_vp-ap_cr,sub-S09308,unet,1003,0.8192804946624609,0.6938824089575367,10.605318061589779,2.8625359721669703,predictions/masks/qata_test_sub-S09308_ses-E18798_run-1_bp-chest_vp-ap_cr.png,predictions/probabilities/qata_test_sub-S09308_ses-E18798_run-1_bp-chest_vp-ap_cr.npy
qata_test_sub-S09308_ses-E19031_run-1_bp-chest_vp-ap_dx,sub-S09308,unet,1003,0.22598168556222287,0.12738407700564508,40.473373636491566,14.688322090660318,predictions/masks/qata_test_sub-S09308_ses-E19031_run-1_bp-chest_vp-ap_dx.png,predictions/probabilities/qata_test_sub-S09308_ses-E19031_run-1_bp-chest_vp-ap_dx.npy
qata_test_sub-S09308_ses-E19513_run-1_bp-chest_vp-ap_dx,sub-S09308,unet,1003,0.4856140350967436,0.3206672845384461,95.90095620501648,18.972630057847997,predictions/masks/qata_test_sub-S09308_ses-E19513_run-1_bp-chest_vp-ap_dx.png,predictions/probabilities/qata_test_sub-S09308_ses-E19513_run-1_bp-chest_vp-ap_dx.npy
qata_test_sub-S09308_ses-E20237_run-1_bp-chest_vp-ap_dx,sub-S09308,unet,1003,5.834305717279211e-11,5.834305717279211e-11,92.04890004774636,50.627813480036856,predictions/masks/qata_test_sub-S09308_ses-E20237_run-1_bp-chest_vp-ap_dx.png,predictions/probabilities/qata_test_sub-S09308_ses-E20237_run-1_bp-chest_vp-ap_dx.npy
qata_test_sub-S09308_ses-E20323_run-2_bp-chest_vp-ap_dx,sub-S09308,unet,1003,0.14982332157479802,0.0809778457071307,99.42831116262528,42.38876965171638,predictions/masks/qata_test_sub-S09308_ses-E20323_run-2_bp-chest_vp-ap_dx.png,predictions/probabilities/qata_test_sub-S09308_ses-E20323_run-2_bp-chest_vp-ap_dx.npy
qata_test_sub-S09308_ses-E20733_acq-2_run-1_bp-chest_vp-ap_dx,sub-S09308,unet,1003,0.7862318840708797,0.6477611940648994,7.007106781186547,2.957794362172645,predictions/masks/qata_test_sub-S09308_ses-E20733_acq-2_run-1_bp-chest_vp-ap_dx.png,predictions/probabilities/qata_test_sub-S09308_ses-E20733_acq-2_run-1_bp-chest_vp-ap_dx.npy
qata_test_sub-S09308_ses-E22400_run-1_bp-chest_vp-ap_dx,sub-S09308,unet,1003,0.9274852591297457,0.8647762345705097,6.854101966249685,1.8981234032934486,predictions/masks/qata_test_sub-S09308_ses-E22400_run-1_bp-chest_vp-ap_dx.png,predictions/probabilities/qata_test_sub-S09308_ses-E22400_run-1_bp-chest_vp-ap_dx.npy
qata_test_sub-S09308_ses-E25907_run-1_bp-chest_vp-ap_dx,sub-S09308,unet,1003,0.3957310565763985,0.2466737626597479,101.94207565038113,42.84139089443792,predictions/masks/qata_test_sub-S09308_ses-E25907_run-1_bp-chest_vp-ap_dx.png,predictions/probabilities/qata_test_sub-S09308_ses-E25907_run-1_bp-chest_vp-ap_dx.npy
qata_test_sub-S09309_ses-E16094_run-1_bp-chest_vp-ap_cr,sub-S09309,unet,1003,0.8406462975737756,0.7250990753008574,15.012259733082182,4.391551363913561,predictions/masks/qata_test_sub-S09309_ses-E16094_run-1_bp-chest_vp-ap_cr.png,predictions/probabilities/qata_test_sub-S09309_ses-E16094_run-1_bp-chest_vp-ap_cr.npy
qata_test_sub-S09309_ses-E24760_acq-1_run-1_bp-chest_vp-pa_dx,sub-S09309,unet,1003,0.9147408963592898,0.8428778835321362,9.0,2.092471047907533,predictions/masks/qata_test_sub-S09309_ses-E24760_acq-1_run-1_bp-chest_vp-pa_dx.png,predictions/probabilities/qata_test_sub-S09309_ses-E24760_acq-1_run-1_bp-chest_vp-pa_dx.npy
qata_test_sub-S09310_ses-E16095_run-1_bp-chest_vp-ap_dx,sub-S09310,unet,1003,0.004219409492780715,0.0021141651158321003,20.77604328197819,14.287465582945206,predictions/masks/qata_test_sub-S09310_ses-E16095_run-1_bp-chest_vp-ap_dx.png,predictions/probabilities/qata_test_sub-S09310_ses-E16095_run-1_bp-chest_vp-ap_dx.npy
qata_test_sub-S09310_ses-E24865_run-1_bp-chest_vp-ap_dx,sub-S09310,unet,1003,1.834862384984429e-10,1.834862384984429e-10,113.51915906833858,104.00549706363086,predictions/masks/qata_test_sub-S09310_ses-E24865_run-1_bp-chest_vp-ap_dx.png,predictions/probabilities/qata_test_sub-S09310_ses-E24865_run-1_bp-chest_vp-ap_dx.npy
qata_test_sub-S09311_ses-E20696_run-1_bp-chest_vp-pa_cr,sub-S09311,unet,1003,0.9453494482399807,0.8963627304447389,5.0,1.2474090987837942,predictions/masks/qata_test_sub-S09311_ses-E20696_run-1_bp-chest_vp-pa_cr.png,predictions/probabilities/qata_test_sub-S09311_ses-E20696_run-1_bp-chest_vp-pa_cr.npy
qata_test_sub-S09311_ses-E21848_run-1_bp-chest_vp-ap_cr,sub-S09311,unet,1003,0.9669005599265228,0.93592206366718,2.0,0.6855883994959364,predictions/masks/qata_test_sub-S09311_ses-E21848_run-1_bp-chest_vp-ap_cr.png,predictions/probabilities/qata_test_sub-S09311_ses-E21848_run-1_bp-chest_vp-ap_cr.npy
qata_test_sub-S09311_ses-E21850_run-1_bp-chest_vp-ap_cr,sub-S09311,unet,1003,0.931028551772179,0.8709573612249243,8.191025200354296,1.4723443572463504,predictions/masks/qata_test_sub-S09311_ses-E21850_run-1_bp-chest_vp-ap_cr.png,predictions/probabilities/qata_test_sub-S09311_ses-E21850_run-1_bp-chest_vp-ap_cr.npy
qata_test_sub-S09312_ses-E23677_run-1_bp-chest_vp-ap_dx,sub-S09312,unet,1003,0.9672650475187099,0.9366053169742794,2.0,0.6963914044844399,predictions/masks/qata_test_sub-S09312_ses-E23677_run-1_bp-chest_vp-ap_dx.png,predictions/probabilities/qata_test_sub-S09312_ses-E23677_run-1_bp-chest_vp-ap_dx.npy
qata_test_sub-S09312_ses-E23812_run-1_bp-chest_vp-ap_dx,sub-S09312,unet,1003,0.8855523515964724,0.794610992150298,19.235384061671343,2.7318438684940753,predictions/masks/qata_test_sub-S09312_ses-E23812_run-1_bp-chest_vp-ap_dx.png,predictions/probabilities/qata_test_sub-S09312_ses-E23812_run-1_bp-chest_vp-ap_dx.npy
qata_test_sub-S09312_ses-E24141_run-1_bp-chest_vp-ap_dx,sub-S09312,unet,1003,0.5145145145266637,0.3463611860058504,30.080724139547122,7.399052009034883,predictions/masks/qata_test_sub-S09312_ses-E24141_run-1_bp-chest_vp-ap_dx.png,predictions/probabilities/qata_test_sub-S09312_ses-E24141_run-1_bp-chest_vp-ap_dx.npy
qata_test_sub-S09312_ses-E24163_run-1_bp-chest_vp-ap_dx,sub-S09312,unet,1003,0.9497782705102562,0.9043597593169602,7.280109889280518,1.4306422718879266,predictions/masks/qata_test_sub-S09312_ses-E24163_run-1_bp-chest_vp-ap_dx.png,predictions/probabilities/qata_test_sub-S09312_ses-E24163_run-1_bp-chest_vp-ap_dx.npy
qata_test_sub-S09312_ses-E24866_run-1_bp-chest_vp-ap_dx,sub-S09312,unet,1003,0.9668449197863179,0.9358178053838533,2.8284271247461903,0.7221296667428445,predictions/masks/qata_test_sub-S09312_ses-E24866_run-1_bp-chest_vp-ap_dx.png,predictions/probabilities/qata_test_sub-S09312_ses-E24866_run-1_bp-chest_vp-ap_dx.npy
qata_test_sub-S09312_ses-E25262_run-1_bp-chest_vp-ap_dx,sub-S09312,unet,1003,0.806480327578721,0.6757159904582978,28.653860020225054,4.8433826591245674,predictions/masks/qata_test_sub-S09312_ses-E25262_run-1_bp-chest_vp-ap_dx.png,predictions/probabilities/qata_test_sub-S09312_ses-E25262_run-1_bp-chest_vp-ap_dx.npy
qata_test_sub-S09312_ses-E26157_run-1_bp-chest_vp-ap_dx,sub-S09312,unet,1003,0.8499072786285935,0.7389902247330545,25.0,3.8543796183154777,predictions/masks/qata_test_sub-S09312_ses-E26157_run-1_bp-chest_vp-ap_dx.png,predictions/probabilities/qata_test_sub-S09312_ses-E26157_run-1_bp-chest_vp-ap_dx.npy
qata_test_sub-S09313_ses-E16098_run-1_bp-chest_vp-ap_cr,sub-S09313,unet,1003,0.9654546723430424,0.9332164058292874,2.0,0.7971844553043994,predictions/masks/qata_test_sub-S09313_ses-E16098_run-1_bp-chest_vp-ap_cr.png,predictions/probabilities/qata_test_sub-S09313_ses-E16098_run-1_bp-chest_vp-ap_cr.npy
qata_test_sub-S09313_ses-E16120_run-1_bp-chest_vp-ap_dx,sub-S09313,unet,1003,0.8781772685376125,0.782812866872707,16.278820596099706,3.424381259791985,predictions/masks/qata_test_sub-S09313_ses-E16120_run-1_bp-chest_vp-ap_dx.png,predictions/probabilities/qata_test_sub-S09313_ses-E16120_run-1_bp-chest_vp-ap_dx.npy
qata_test_sub-S09313_ses-E20772_run-1_bp-chest_vp-ap_dx,sub-S09313,unet,1003,0.5695823483125361,0.3981930365932527,29.742210523208563,8.622140283476078,predictions/masks/qata_test_sub-S09313_ses-E20772_run-1_bp-chest_vp-ap_dx.png,predictions/probabilities/qata_test_sub-S09313_ses-E20772_run-1_bp-chest_vp-ap_dx.npy
qata_test_sub-S09313_ses-E23360_run-1_bp-chest_vp-ap_dx,sub-S09313,unet,1003,0.9041183629033234,0.825014611340444,15.524174696260022,2.7753966424460317,predictions/masks/qata_test_sub-S09313_ses-E23360_run-1_bp-chest_vp-ap_dx.png,predictions/probabilities/qata_test_sub-S09313_ses-E23360_run-1_bp-chest_vp-ap_dx.npy
qata_test_sub-S09313_ses-E24131_run-1_bp-chest_vp-ap_dx,sub-S09313,unet,1003,0.7491606714652358,0.5989263803742496,42.25562088956919,6.246069431068971,predictions/masks/qata_test_sub-S09313_ses-E24131_run-1_bp-chest_vp-ap_dx.png,predictions/probabilities/qata_test_sub-S09313_ses-E24131_run-1_bp-chest_vp-ap_dx.npy
qata_test_sub-S09313_ses-E24544_run-1_bp-chest_vp-ap_dx,sub-S09313,unet,1003,0.7375010433207787,0.5841597249823594,33.0,6.840128748174688,predictions/masks/qata_test_sub-S09313_ses-E24544_run-1_bp-chest_vp-ap_dx.png,predictions/probabilities/qata_test_sub-S09313_ses-E24544_run-1_bp-chest_vp-ap_dx.npy
qata_test_sub-S09314_ses-E16099_run-1_bp-chest_vp-ap_cr,sub-S09314,unet,1003,0.8640646029630019,0.7606635071153064,11.276652667937245,2.2383656025044205,predictions/masks/qata_test_sub-S09314_ses-E16099_run-1_bp-chest_vp-ap_cr.png,predictions/probabilities/qata_test_sub-S09314_ses-E16099_run-1_bp-chest_vp-ap_cr.npy
qata_test_sub-S09314_ses-E17345_run-1_bp-chest_vp-ap_cr,sub-S09314,unet,1003,0.8098037920340239,0.6803952042664254,34.713109915419565,6.731017689513239,predictions/masks/qata_test_sub-S09314_ses-E17345_run-1_bp-chest_vp-ap_cr.png,predictions/probabilities/qata_test_sub-S09314_ses-E17345_run-1_bp-chest_vp-ap_cr.npy
qata_test_sub-S09314_ses-E17536_run-1_bp-chest_vp-ap_cr,sub-S09314,unet,1003,0.869550858653653,0.7692082968190299,35.88313382257555,5.284147127851848,predictions/masks/qata_test_sub-S09314_ses-E17536_run-1_bp-chest_vp-ap_cr.png,predictions/probabilities/qata_test_sub-S09314_ses-E17536_run-1_bp-chest_vp-ap_cr.npy
qata_test_sub-S09314_ses-E18183_run-1_bp-chest_vp-ap_cr,sub-S09314,unet,1003,0.9489723600287103,0.9028995279851261,5.0396078054371,1.2079411543345147,predictions/masks/qata_test_sub-S09314_ses-E18183_run-1_bp-chest_vp-ap_cr.png,predictions/probabilities/qata_test_sub-S09314_ses-E18183_run-1_bp-chest_vp-ap_cr.npy
qata_test_sub-S09314_ses-E18479_run-1_bp-chest_vp-ap_cr,sub-S09314,unet,1003,0.9443952541177227,0.8946485489029584,3.605551275463989,1.0968757073591937,predictions/masks/qata_test_sub-S09314_ses-E18479_run-1_bp-chest_vp-ap_cr.png,predictions/probabilities/qata_test_sub-S09314_ses-E18479_run-1_bp-chest_vp-ap_cr.npy
qata_test_sub-S09314_ses-E18752_run-1_bp-chest_vp-ap_cr,sub-S09314,unet,1003,0.8963820549942636,0.8122213480248565,5.830951894845301,1.8194193442339033,predictions/masks/qata_test_sub-S09314_ses-E18752_run-1_bp-chest_vp-ap_cr.png,predictions/probabilities/qata_test_sub-S09314_ses-E18752_run-1_bp-chest_vp-ap_cr.npy
qata_test_sub-S09314_ses-E20304_run-1_bp-chest_vp-ap_cr,sub-S09314,unet,1003,0.9537290715376429,0.9115507710225261,3.605551275463989,1.0116863899395072,predictions/masks/qata_test_sub-S09314_ses-E20304_run-1_bp-chest_vp-ap_cr.png,predictions/probabilities/qata_test_sub-S09314_ses-E20304_run-1_bp-chest_vp-ap_cr.npy
qata_test_sub-S09314_ses-E20960_run-1_bp-chest_vp-ap_cr,sub-S09314,unet,1003,0.902777777779509,0.8227848101323342,5.830951894845301,1.4046025402565467,predictions/masks/qata_test_sub-S09314_ses-E20960_run-1_bp-chest_vp-ap_cr.png,predictions/probabilities/qata_test_sub-S09314_ses-E20960_run-1_bp-chest_vp-ap_cr.npy
qata_test_sub-S09314_ses-E21527_run-1_bp-chest_vp-ap_cr,sub-S09314,unet,1003,0.9046982259079549,0.8259807911472248,10.057283791424117,2.109163039965525,predictions/masks/qata_test_sub-S09314_ses-E21527_run-1_bp-chest_vp-ap_cr.png,predictions/probabilities/qata_test_sub-S09314_ses-E21527_run-1_bp-chest_vp-ap_cr.npy
qata_test_sub-S09314_ses-E22365_run-1_bp-chest_vp-pa_cr,sub-S09314,unet,1003,0.8048121113840928,0.6733770640200548,10.770329614269007,2.9087084567932964,predictions/masks/qata_test_sub-S09314_ses-E22365_run-1_bp-chest_vp-pa_cr.png,predictions/probabilities/qata_test_sub-S09314_ses-E22365_run-1_bp-chest_vp-pa_cr.npy
qata_test_sub-S09314_ses-E22839_run-1_bp-chest_vp-ap_cr,sub-S09314,unet,1003,0.7929093304599778,0.6568763643614122,14.142135623730951,3.4877118422973035,predictions/masks/qata_test_sub-S09314_ses-E22839_run-1_bp-chest_vp-ap_cr.png,predictions/probabilities/qata_test_sub-S09314_ses-E22839_run-1_bp-chest_vp-ap_cr.npy
qata_test_sub-S09314_ses-E25542_run-1_bp-chest_vp-ap_cr,sub-S09314,unet,1003,0.9028808380630414,0.8229560374015724,75.31334244863446,9.383577210885717,predictions/masks/qata_test_sub-S09314_ses-E25542_run-1_bp-chest_vp-ap_cr.png,predictions/probabilities/qata_test_sub-S09314_ses-E25542_run-1_bp-chest_vp-ap_cr.npy
qata_test_sub-S09314_ses-E25840_acq-1_run-1_bp-chest_vp-ap_cr,sub-S09314,unet,1003,0.5872070931021253,0.4156356464153553,34.92849839314596,9.573584851600895,predictions/masks/qata_test_sub-S09314_ses-E25840_acq-1_run-1_bp-chest_vp-ap_cr.png,predictions/probabilities/qata_test_sub-S09314_ses-E25840_acq-1_run-1_bp-chest_vp-ap_cr.npy
qata_test_sub-S09314_ses-E26336_acq-1_run-1_bp-chest_vp-ap_cr,sub-S09314,unet,1003,0.8734909456756351,0.7753962938205984,13.738857009618162,3.0617612971311625,predictions/masks/qata_test_sub-S09314_ses-E26336_acq-1_run-1_bp-chest_vp-ap_cr.png,predictions/probabilities/qata_test_sub-S09314_ses-E26336_acq-1_run-1_bp-chest_vp-ap_cr.npy
qata_test_sub-S09315_ses-E17116_run-1_bp-chest_vp-ap_cr,sub-S09315,unet,1003,0.5625717566518288,0.39137380201415756,15.626894649950351,4.70827730208898,predictions/masks/qata_test_sub-S09315_ses-E17116_run-1_bp-chest_vp-ap_cr.png,predictions/probabilities/qata_test_sub-S09315_ses-E17116_run-1_bp-chest_vp-ap_cr.npy
qata_test_sub-S09315_ses-E21849_run-1_bp-chest_vp-ap_cr,sub-S09315,unet,1003,0.9220752797566422,0.8554171385455753,83.07174276743828,9.871247601592058,predictions/masks/qata_test_sub-S09315_ses-E21849_run-1_bp-chest_vp-ap_cr.png,predictions/probabilities/qata_test_sub-S09315_ses-E21849_run-1_bp-chest_vp-ap_cr.npy
qata_test_sub-S09315_ses-E23004_run-1_bp-chest_vp-ap_cr,sub-S09315,unet,1003,0.3653136531755649,0.22347629802682648,85.09670890959987,20.614891984093383,predictions/masks/qata_test_sub-S09315_ses-E23004_run-1_bp-chest_vp-ap_cr.png,predictions/probabilities/qata_test_sub-S09315_ses-E23004_run-1_bp-chest_vp-ap_cr.npy
qata_test_sub-S09315_ses-E23347_run-1_bp-chest_vp-ap_cr,sub-S09315,unet,1003,0.612645348844247,0.4415924567982821,81.41889514515813,21.3647687941813,predictions/masks/qata_test_sub-S09315_ses-E23347_run-1_bp-chest_vp-ap_cr.png,predictions/probabilities/qata_test_sub-S09315_ses-E23347_run-1_bp-chest_vp-ap_cr.npy
qata_test_sub-S09317_ses-E19170_run-1_bp-chest_vp-ap_cr,sub-S09317,unet,1003,8.56164383488342e-11,8.56164383488342e-11,89.90937007079555,50.91356747353609,predictions/masks/qata_test_sub-S09317_ses-E19170_run-1_bp-chest_vp-ap_cr.png,predictions/probabilities/qata_test_sub-S09317_ses-E19170_run-1_bp-chest_vp-ap_cr.npy
qata_test_sub-S09317_ses-E21228_run-1_bp-chest_vp-pa_cr,sub-S09317,unet,1003,4.649000464683914e-11,4.649000464683914e-11,94.14138102242961,76.48757415309625,predictions/masks/qata_test_sub-S09317_ses-E21228_run-1_bp-chest_vp-pa_cr.png,predictions/probabilities/qata_test_sub-S09317_ses-E21228_run-1_bp-chest_vp-pa_cr.npy
qata_test_sub-S09317_ses-E22213_run-1_bp-chest_vp-ap_dx,sub-S09317,unet,1003,0.927446569180893,0.8647089669709119,4.0,1.1520162429989083,predictions/masks/qata_test_sub-S09317_ses-E22213_run-1_bp-chest_vp-ap_dx.png,predictions/probabilities/qata_test_sub-S09317_ses-E22213_run-1_bp-chest_vp-ap_dx.npy
qata_test_sub-S09317_ses-E23874_run-1_bp-chest_vp-ap_dx,sub-S09317,unet,1003,0.7395364925721364,0.5867178924485885,13.534939600987656,6.433642742868909,predictions/masks/qata_test_sub-S09317_ses-E23874_run-1_bp-chest_vp-ap_dx.png,predictions/probabilities/qata_test_sub-S09317_ses-E23874_run-1_bp-chest_vp-ap_dx.npy
qata_test_sub-S09317_ses-E24206_run-1_bp-chest_vp-ap_cr,sub-S09317,unet,1003,0.45767195770782587,0.2967409949145162,114.46132661125203,26.68441407836508,predictions/masks/qata_test_sub-S09317_ses-E24206_run-1_bp-chest_vp-ap_cr.png,predictions/probabilities/qata_test_sub-S09317_ses-E24206_run-1_bp-chest_vp-ap_cr.npy
qata_test_sub-S09317_ses-E26697_run-1_bp-chest_vp-pa_cr,sub-S09317,unet,1003,0.7760252365972161,0.634020618567798,11.180339887498949,3.5790444930791434,predictions/masks/qata_test_sub-S09317_ses-E26697_run-1_bp-chest_vp-pa_cr.png,predictions/probabilities/qata_test_sub-S09317_ses-E26697_run-1_bp-chest_vp-pa_cr.npy
qata_test_sub-S09318_ses-E16103_run-1_bp-chest_vp-ap_cr,sub-S09318,unet,1003,0.8271192179109268,0.7052031464263174,18.681541692269406,4.366814545198504,predictions/masks/qata_test_sub-S09318_ses-E16103_run-1_bp-chest_vp-ap_cr.png,predictions/probabilities/qata_test_sub-S09318_ses-E16103_run-1_bp-chest_vp-ap_cr.npy
qata_test_sub-S09318_ses-E16124_run-1_bp-chest_vp-ap_cr,sub-S09318,unet,1003,0.6564222873940595,0.4885629474508719,46.486557196677836,9.43529309159442,predictions/masks/qata_test_sub-S09318_ses-E16124_run-1_bp-chest_vp-ap_cr.png,predictions/probabilities/qata_test_sub-S09318_ses-E16124_run-1_bp-chest_vp-ap_cr.npy
qata_test_sub-S09318_ses-E23380_run-1_bp-chest_vp-ap_cr,sub-S09318,unet,1003,3.0873726457830386e-11,3.0873726457830386e-11,119.59090974153504,76.84094119166762,predictions/masks/qata_test_sub-S09318_ses-E23380_run-1_bp-chest_vp-ap_cr.png,predictions/probabilities/qata_test_sub-S09318_ses-E23380_run-1_bp-chest_vp-ap_cr.npy
qata_test_sub-S09318_ses-E23744_run-1_bp-chest_vp-ap_cr,sub-S09318,unet,1003,0.26333159633032255,0.15163032608218383,71.08338572189209,18.58755489069441,predictions/masks/qata_test_sub-S09318_ses-E23744_run-1_bp-chest_vp-ap_cr.png,predictions/probabilities/qata_test_sub-S09318_ses-E23744_run-1_bp-chest_vp-ap_cr.npy
qata_test_sub-S09318_ses-E23820_run-1_bp-chest_vp-ap_cr,sub-S09318,unet,1003,0.9404915119204481,0.8876677464149968,7.211102550927978,1.6211671293369982,predictions/masks/qata_test_sub-S09318_ses-E23820_run-1_bp-chest_vp-ap_cr.png,predictions/probabilities/qata_test_sub-S09318_ses-E23820_run-1_bp-chest_vp-ap_cr.npy
qata_test_sub-S09318_ses-E24145_run-1_bp-chest_vp-ap_cr,sub-S09318,unet,1003,0.4919402985226287,0.3262074426236656,103.671736631231,40.55485430672875,predictions/masks/qata_test_sub-S09318_ses-E24145_run-1_bp-chest_vp-ap_cr.png,predictions/probabilities/qata_test_sub-S09318_ses-E24145_run-1_bp-chest_vp-ap_cr.npy
qata_test_sub-S09318_ses-E24890_run-1_bp-chest_vp-ap_cr,sub-S09318,unet,1003,0.3221424910389269,0.19199633421121132,79.54350886375771,22.111273324562248,predictions/masks/qata_test_sub-S09318_ses-E24890_run-1_bp-chest_vp-ap_cr.png,predictions/probabilities/qata_test_sub-S09318_ses-E24890_run-1_bp-chest_vp-ap_cr.npy
qata_test_sub-S09318_ses-E24985_run-1_bp-chest_vp-ap_cr,sub-S09318,unet,1003,2.6308866087179456e-11,2.6308866087179456e-11,110.84221039759498,58.82897238021559,predictions/masks/qata_test_sub-S09318_ses-E24985_run-1_bp-chest_vp-ap_cr.png,predictions/probabilities/qata_test_sub-S09318_ses-E24985_run-1_bp-chest_vp-ap_cr.npy
qata_test_sub-S09318_ses-E25824_run-1_bp-chest_vp-ap_cr,sub-S09318,unet,1003,0.8284883721054878,0.707196029813003,6.708203932499369,3.1149413021873733,predictions/masks/qata_test_sub-S09318_ses-E25824_run-1_bp-chest_vp-ap_cr.png,predictions/probabilities/qata_test_sub-S09318_ses-E25824_run-1_bp-chest_vp-ap_cr.npy
qata_test_sub-S09318_ses-E26199_run-1_bp-chest_vp-ap_cr,sub-S09318,unet,1003,0.7038345106028296,0.5430128454829501,42.663062610097185,9.644058201487242,predictions/masks/qata_test_sub-S09318_ses-E26199_run-1_bp-chest_vp-ap_cr.png,predictions/probabilities/qata_test_sub-S09318_ses-E26199_run-1_bp-chest_vp-ap_cr.npy
qata_test_sub-S09319_ses-E16104_run-1_bp-chest_vp-pa_dx,sub-S09319,unet,1003,0.1560740145489884,0.08464223393676769,85.93365562767924,26.896407529948124,predictions/masks/qata_test_sub-S09319_ses-E16104_run-1_bp-chest_vp-pa_dx.png,predictions/probabilities/qata_test_sub-S09319_ses-E16104_run-1_bp-chest_vp-pa_dx.npy
qata_test_sub-S09319_ses-E20093_run-1_bp-chest_vp-ap_dx,sub-S09319,unet,1003,0.3393393393889385,0.20433996390557502,107.9992865606221,46.520690325104006,predictions/masks/qata_test_sub-S09319_ses-E20093_run-1_bp-chest_vp-ap_dx.png,predictions/probabilities/qata_test_sub-S09319_ses-E20093_run-1_bp-chest_vp-ap_dx.npy
qata_test_sub-S09319_ses-E26763_run-1_bp-chest_vp-ap_dx,sub-S09319,unet,1003,0.8709801974743727,0.7714481141316059,18.608805858964327,2.9171984194275815,predictions/masks/qata_test_sub-S09319_ses-E26763_run-1_bp-chest_vp-ap_dx.png,predictions/probabilities/qata_test_sub-S09319_ses-E26763_run-1_bp-chest_vp-ap_dx.npy
qata_test_sub-S09320_ses-E19508_run-1_bp-chest_vp-ap_cr,sub-S09320,unet,1003,0.8841350315328049,0.7923315602859892,11.180339887498949,3.201972573939385,predictions/masks/qata_test_sub-S09320_ses-E19508_run-1_bp-chest_vp-ap_cr.png,predictions/probabilities/qata_test_sub-S09320_ses-E19508_run-1_bp-chest_vp-ap_cr.npy
qata_test_sub-S09320_ses-E20473_run-1_bp-chest_vp-ap_cr,sub-S09320,unet,1003,0.9223203026491511,0.8558389890040758,5.0,1.3525113345582445,predictions/masks/qata_test_sub-S09320_ses-E20473_run-1_bp-chest_vp-ap_cr.png,predictions/probabilities/qata_test_sub-S09320_ses-E20473_run-1_bp-chest_vp-ap_cr.npy
qata_test_sub-S09320_ses-E21937_run-1_bp-chest_vp-ap_cr,sub-S09320,unet,1003,0.8926928426244496,0.8061835748829723,35.510561809129406,4.852065686328135,predictions/masks/qata_test_sub-S09320_ses-E21937_run-1_bp-chest_vp-ap_cr.png,predictions/probabilities/qata_test_sub-S09320_ses-E21937_run-1_bp-chest_vp-ap_cr.npy
qata_test_sub-S09320_ses-E22690_run-1_bp-chest_vp-ap_cr,sub-S09320,unet,1003,0.8860687022911635,0.7954428644886852,9.0,3.515421809431066,predictions/masks/qata_test_sub-S09320_ses-E22690_run-1_bp-chest_vp-ap_cr.png,predictions/probabilities/qata_test_sub-S09320_ses-E22690_run-1_bp-chest_vp-ap_cr.npy
qata_test_sub-S09322_ses-E21159_run-1_bp-chest_vp-ap_dx,sub-S09322,unet,1003,0.8944452336984683,0.8090465176063647,49.211571426737194,6.120999228489744,predictions/masks/qata_test_sub-S09322_ses-E21159_run-1_bp-chest_vp-ap_dx.png,predictions/probabilities/qata_test_sub-S09322_ses-E21159_run-1_bp-chest_vp-ap_dx.npy
qata_test_sub-S09323_ses-E16108_run-1_bp-chest_vp-ap_cr,sub-S09323,unet,1003,0.28310104532739105,0.16489091835794567,41.227387750502395,11.417051705201944,predictions/masks/qata_test_sub-S09323_ses-E16108_run-1_bp-chest_vp-ap_cr.png,predictions/probabilities/qata_test_sub-S09323_ses-E16108_run-1_bp-chest_vp-ap_cr.npy
qata_test_sub-S09323_ses-E20699_run-1_bp-chest_vp-ap_cr,sub-S09323,unet,1003,0.2865116279733478,0.16720955492212708,91.0,20.973974013333546,predictions/masks/qata_test_sub-S09323_ses-E20699_run-1_bp-chest_vp-ap_cr.png,predictions/probabilities/qata_test_sub-S09323_ses-E20699_run-1_bp-chest_vp-ap_cr.npy
qata_test_sub-S09323_ses-E20955_run-1_bp-chest_vp-ap_dx,sub-S09323,unet,1003,0.927179487180981,0.8642447418789964,3.605551275463989,1.0460350354698766,predictions/masks/qata_test_sub-S09323_ses-E20955_run-1_bp-chest_vp-ap_dx.png,predictions/probabilities/qata_test_sub-S09323_ses-E20955_run-1_bp-chest_vp-ap_dx.npy
qata_test_sub-S09323_ses-E22350_run-1_bp-chest_vp-ap_dx,sub-S09323,unet,1003,0.6485373595294798,0.47987812619677694,43.96018172750581,11.908399902174404,predictions/masks/qata_test_sub-S09323_ses-E22350_run-1_bp-chest_vp-ap_dx.png,predictions/probabilities/qata_test_sub-S09323_ses-E22350_run-1_bp-chest_vp-ap_dx.npy
qata_test_sub-S09324_ses-E19389_run-1_bp-chest_vp-pa_cr,sub-S09324,unet,1003,0.7055150884597463,0.5450160771948008,14.9196412483911,7.162009401439702,predictions/masks/qata_test_sub-S09324_ses-E19389_run-1_bp-chest_vp-pa_cr.png,predictions/probabilities/qata_test_sub-S09324_ses-E19389_run-1_bp-chest_vp-pa_cr.npy
qata_test_sub-S09324_ses-E20634_run-1_bp-chest_vp-pa_cr,sub-S09324,unet,1003,0.28434886503677725,0.1657381616179848,46.91331760036829,15.537034168171125,predictions/masks/qata_test_sub-S09324_ses-E20634_run-1_bp-chest_vp-pa_cr.png,predictions/probabilities/qata_test_sub-S09324_ses-E20634_run-1_bp-chest_vp-pa_cr.npy
qata_test_sub-S09325_ses-E16110_run-1_bp-chest_vp-ap_dx,sub-S09325,unet,1003,3.558718859943516e-10,3.558718859943516e-10,54.36095911204265,44.793274249062165,predictions/masks/qata_test_sub-S09325_ses-E16110_run-1_bp-chest_vp-ap_dx.png,predictions/probabilities/qata_test_sub-S09325_ses-E16110_run-1_bp-chest_vp-ap_dx.npy
qata_test_sub-S09325_ses-E20192_run-1_bp-chest_vp-ap_dx,sub-S09325,unet,1003,0.6327329679222604,0.46277205046245456,107.20074626605917,30.30102297978955,predictions/masks/qata_test_sub-S09325_ses-E20192_run-1_bp-chest_vp-ap_dx.png,predictions/probabilities/qata_test_sub-S09325_ses-E20192_run-1_bp-chest_vp-ap_dx.npy
qata_test_sub-S09325_ses-E22792_run-1_bp-chest_vp-ap_dx,sub-S09325,unet,1003,0.880036133695754,0.7857718986967934,41.0097546470558,5.0170548816610605,predictions/masks/qata_test_sub-S09325_ses-E22792_run-1_bp-chest_vp-ap_dx.png,predictions/probabilities/qata_test_sub-S09325_ses-E22792_run-1_bp-chest_vp-ap_dx.npy
qata_test_sub-S09326_ses-E19220_run-1_bp-chest_vp-pa_cr,sub-S09326,unet,1003,0.7290936404742567,0.57368006307536,8.06225774829855,1.9767388490058544,predictions/masks/qata_test_sub-S09326_ses-E19220_run-1_bp-chest_vp-pa_cr.png,predictions/probabilities/qata_test_sub-S09326_ses-E19220_run-1_bp-chest_vp-pa_cr.npy
qata_test_sub-S09326_ses-E23374_run-1_bp-chest_vp-pa_cr,sub-S09326,unet,1003,0.6911157024952936,0.528018942420835,9.282542734488915,2.8665926871633505,predictions/masks/qata_test_sub-S09326_ses-E23374_run-1_bp-chest_vp-pa_cr.png,predictions/probabilities/qata_test_sub-S09326_ses-E23374_run-1_bp-chest_vp-pa_cr.npy
qata_test_sub-S09327_ses-E16112_run-1_bp-chest_vp-ap_dx,sub-S09327,unet,1003,0.8435164496506393,0.7293804130615672,19.235384061671343,4.812728664526583,predictions/masks/qata_test_sub-S09327_ses-E16112_run-1_bp-chest_vp-ap_dx.png,predictions/probabilities/qata_test_sub-S09327_ses-E16112_run-1_bp-chest_vp-ap_dx.npy
qata_test_sub-S09328_ses-E16113_run-1_bp-chest_vp-ap_dx,sub-S09328,unet,1003,0.5628847845398908,0.39167686662229634,15.329296815920317,4.762976491576057,predictions/masks/qata_test_sub-S09328_ses-E16113_run-1_bp-chest_vp-ap_dx.png,predictions/probabilities/qata_test_sub-S09328_ses-E16113_run-1_bp-chest_vp-ap_dx.npy
qata_test_sub-S09328_ses-E23378_run-1_bp-chest_vp-ap_dx,sub-S09328,unet,1003,0.6813559322168917,0.5167095115991831,94.19107662761482,23.404675975466684,predictions/masks/qata_test_sub-S09328_ses-E23378_run-1_bp-chest_vp-ap_dx.png,predictions/probabilities/qata_test_sub-S09328_ses-E23378_run-1_bp-chest_vp-ap_dx.npy
qata_test_sub-S09331_ses-E16729_run-1_bp-chest_vp-ap_dx,sub-S09331,unet,1003,0.8530424799090889,0.7437437437465938,19.227580656859505,3.964636557039172,predictions/masks/qata_test_sub-S09331_ses-E16729_run-1_bp-chest_vp-ap_dx.png,predictions/probabilities/qata_test_sub-S09331_ses-E16729_run-1_bp-chest_vp-ap_dx.npy
qata_test_sub-S09331_ses-E18504_acq-2_run-1_bp-chest_vp-ap_dx,sub-S09331,unet,1003,0.9072047747626317,0.830169050717423,9.433981132056603,2.25690347120565,predictions/masks/qata_test_sub-S09331_ses-E18504_acq-2_run-1_bp-chest_vp-ap_dx.png,predictions/probabilities/qata_test_sub-S09331_ses-E18504_acq-2_run-1_bp-chest_vp-ap_dx.npy
qata_test_sub-S09331_ses-E20337_run-1_bp-chest_vp-ap_dx,sub-S09331,unet,1003,0.6989328627871697,0.537199690008561,40.8654511374028,7.360253481400957,predictions/masks/qata_test_sub-S09331_ses-E20337_run-1_bp-chest_vp-ap_dx.png,predictions/probabilities/qata_test_sub-S09331_ses-E20337_run-1_bp-chest_vp-ap_dx.npy
qata_test_sub-S09331_ses-E21867_run-1_bp-chest_vp-ap_dx,sub-S09331,unet,1003,0.9332833020642906,0.8749120585356,9.9773286702694,2.00674352065126,predictions/masks/qata_test_sub-S09331_ses-E21867_run-1_bp-chest_vp-ap_dx.png,predictions/probabilities/qata_test_sub-S09331_ses-E21867_run-1_bp-chest_vp-ap_dx.npy
qata_test_sub-S09331_ses-E21867_run-2_bp-chest_vp-ap_dx,sub-S09331,unet,1003,0.9284885407605998,0.8665222688524905,5.830951894845301,1.8003868462189712,predictions/masks/qata_test_sub-S09331_ses-E21867_run-2_bp-chest_vp-ap_dx.png,predictions/probabilities/qata_test_sub-S09331_ses-E21867_run-2_bp-chest_vp-ap_dx.npy
qata_test_sub-S09331_ses-E21867_run-3_bp-chest_vp-ap_dx,sub-S09331,unet,1003,0.8219891030347077,0.6977771641626704,13.499686054680264,3.737268335313671,predictions/masks/qata_test_sub-S09331_ses-E21867_run-3_bp-chest_vp-ap_dx.png,predictions/probabilities/qata_test_sub-S09331_ses-E21867_run-3_bp-chest_vp-ap_dx.npy
qata_test_sub-S09331_ses-E26757_run-1_bp-chest_vp-pa_dx,sub-S09331,unet,1003,0.4813914344589229,0.31699507390844844,20.78933965482516,6.337298479095462,predictions/masks/qata_test_sub-S09331_ses-E26757_run-1_bp-chest_vp-pa_dx.png,predictions/probabilities/qata_test_sub-S09331_ses-E26757_run-1_bp-chest_vp-pa_dx.npy
qata_test_sub-S09332_ses-E22940_run-1_bp-chest_vp-pa_cr,sub-S09332,unet,1003,0.7295226871001862,0.5742115027960975,93.7979070219215,13.61624451476581,predictions/masks/qata_test_sub-S09332_ses-E22940_run-1_bp-chest_vp-pa_cr.png,predictions/probabilities/qata_test_sub-S09332_ses-E22940_run-1_bp-chest_vp-pa_cr.npy
qata_test_sub-S09332_ses-E23999_run-1_bp-chest_vp-pa_cr,sub-S09332,unet,1003,0.8849300607035506,0.7936094674605063,89.86983968792725,10.940961298068851,predictions/masks/qata_test_sub-S09332_ses-E23999_run-1_bp-chest_vp-pa_cr.png,predictions/probabilities/qata_test_sub-S09332_ses-E23999_run-1_bp-chest_vp-pa_cr.npy
qata_test_sub-S09332_ses-E24659_run-1_bp-chest_vp-pa_cr,sub-S09332,unet,1003,0.8804279421032051,0.7863968521681395,92.67145470196799,12.700249814003628,predictions/masks/qata_test_sub-S09332_ses-E24659_run-1_bp-chest_vp-pa_cr.png,predictions/probabilities/qata_test_sub-S09332_ses-E24659_run-1_bp-chest_vp-pa_cr.npy
qata_test_sub-S09333_ses-E23536_run-1_bp-chest_vp-ap_dx,sub-S09333,unet,1003,0.734827061129706,0.5808115543400824,41.741865574679544,6.841502630162524,predictions/masks/qata_test_sub-S09333_ses-E23536_run-1_bp-chest_vp-ap_dx.png,predictions/probabilities/qata_test_sub-S09333_ses-E23536_run-1_bp-chest_vp-ap_dx.npy
qata_test_sub-S09333_ses-E23993_run-1_bp-chest_vp-ap_dx,sub-S09333,unet,1003,0.928218465539973,0.8660519291444952,10.0,2.0845504965821338,predictions/masks/qata_test_sub-S09333_ses-E23993_run-1_bp-chest_vp-ap_dx.png,predictions/probabilities/qata_test_sub-S09333_ses-E23993_run-1_bp-chest_vp-ap_dx.npy
qata_test_sub-S09333_ses-E24256_run-1_bp-chest_vp-ap_cr,sub-S09333,unet,1003,0.5711556829117258,0.3997326203369056,107.06585304525228,31.245930609356556,predictions/masks/qata_test_sub-S09333_ses-E24256_run-1_bp-chest_vp-ap_cr.png,predictions/probabilities/qata_test_sub-S09333_ses-E24256_run-1_bp-chest_vp-ap_cr.npy
qata_test_sub-S09333_ses-E24648_run-1_bp-chest_vp-ap_dx,sub-S09333,unet,1003,0.7131171774937112,0.5541430540733016,54.871490139910264,8.098455210770451,predictions/masks/qata_test_sub-S09333_ses-E24648_run-1_bp-chest_vp-ap_dx.png,predictions/probabilities/qata_test_sub-S09333_ses-E24648_run-1_bp-chest_vp-ap_dx.npy
qata_test_sub-S09333_ses-E24931_run-1_bp-chest_vp-ap_cr,sub-S09333,unet,1003,0.9406739439967663,0.887992831543226,4.0,1.2758012832437888,predictions/masks/qata_test_sub-S09333_ses-E24931_run-1_bp-chest_vp-ap_cr.png,predictions/probabilities/qata_test_sub-S09333_ses-E24931_run-1_bp-chest_vp-ap_cr.npy
qata_test_sub-S09334_ses-E20884_run-1_bp-chest_vp-ap_dx,sub-S09334,unet,1003,0.9635549184735225,0.9296729133536431,6.0,1.3726044164057905,predictions/masks/qata_test_sub-S09334_ses-E20884_run-1_bp-chest_vp-ap_dx.png,predictions/probabilities/qata_test_sub-S09334_ses-E20884_run-1_bp-chest_vp-ap_dx.npy
qata_test_sub-S09334_ses-E21425_run-1_bp-chest_vp-ap_dx,sub-S09334,unet,1003,0.8128436763569046,0.6846980976065393,14.84075732554723,4.5625501887612305,predictions/masks/qata_test_sub-S09334_ses-E21425_run-1_bp-chest_vp-ap_dx.png,predictions/probabilities/qata_test_sub-S09334_ses-E21425_run-1_bp-chest_vp-ap_dx.npy
qata_test_sub-S09334_ses-E21582_run-1_bp-chest_vp-ap_dx,sub-S09334,unet,1003,0.7820144443590044,0.6420555980640011,25.317600373372027,5.150995980737531,predictions/masks/qata_test_sub-S09334_ses-E21582_run-1_bp-chest_vp-ap_dx.png,predictions/probabilities/qata_test_sub-S09334_ses-E21582_run-1_bp-chest_vp-ap_dx.npy
qata_test_sub-S09334_ses-E21749_run-1_bp-chest_vp-ap_dx,sub-S09334,unet,1003,0.8365182591303826,0.7189784160313099,34.863881849828,5.032881006799336,predictions/masks/qata_test_sub-S09334_ses-E21749_run-1_bp-chest_vp-ap_dx.png,predictions/probabilities/qata_test_sub-S09334_ses-E21749_run-1_bp-chest_vp-ap_dx.npy
qata_test_sub-S09334_ses-E21958_run-1_bp-chest_vp-ap_dx,sub-S09334,unet,1003,0.8239235500888406,0.7005697207462354,44.40157547734785,7.973969444147589,predictions/masks/qata_test_sub-S09334_ses-E21958_run-1_bp-chest_vp-ap_dx.png,predictions/probabilities/qata_test_sub-S09334_ses-E21958_run-1_bp-chest_vp-ap_dx.npy
qata_test_sub-S09334_ses-E22097_run-1_bp-chest_vp-ap_dx,sub-S09334,unet,1003,0.8496167247397239,0.738551005576223,18.45528754690101,4.982998680717254,predictions/masks/qata_test_sub-S09334_ses-E22097_run-1_bp-chest_vp-ap_dx.png,predictions/probabilities/qata_test_sub-S09334_ses-E22097_run-1_bp-chest_vp-ap_dx.npy
qata_test_sub-S09334_ses-E22257_run-1_bp-chest_vp-ap_dx,sub-S09334,unet,1003,0.8641170815091117,0.760744850938016,18.027756377319946,3.8891707707988328,predictions/masks/qata_test_sub-S09334_ses-E22257_run-1_bp-chest_vp-ap_dx.png,predictions/probabilities/qata_test_sub-S09334_ses-E22257_run-1_bp-chest_vp-ap_dx.npy
qata_test_sub-S09334_ses-E22257_run-2_bp-chest_vp-ap_dx,sub-S09334,unet,1003,0.434082977903896,0.27720688375291314,120.19499788428129,43.996747010086,predictions/masks/qata_test_sub-S09334_ses-E22257_run-2_bp-chest_vp-ap_dx.png,predictions/probabilities/qata_test_sub-S09334_ses-E22257_run-2_bp-chest_vp-ap_dx.npy
qata_test_sub-S09336_ses-E26268_run-1_bp-chest_vp-pa_cr,sub-S09336,unet,1003,0.8113522537591235,0.6825842696710269,44.28600203340184,7.660917773972131,predictions/masks/qata_test_sub-S09336_ses-E26268_run-1_bp-chest_vp-pa_cr.png,predictions/probabilities/qata_test_sub-S09336_ses-E26268_run-1_bp-chest_vp-pa_cr.npy
qata_test_sub-S09337_ses-E20401_run-1_bp-chest_vp-ap_cr,sub-S09337,unet,1003,0.8497723823990918,0.7387862796879721,38.32726715370813,5.986535928566817,predictions/masks/qata_test_sub-S09337_ses-E20401_run-1_bp-chest_vp-ap_cr.png,predictions/probabilities/qata_test_sub-S09337_ses-E20401_run-1_bp-chest_vp-ap_cr.npy
qata_test_sub-S09337_ses-E21345_run-1_bp-chest_vp-ap_cr,sub-S09337,unet,1003,0.9482537086791949,0.9015992892058906,4.242640687119285,1.2497159996066978,predictions/masks/qata_test_sub-S09337_ses-E21345_run-1_bp-chest_vp-ap_cr.png,predictions/probabilities/qata_test_sub-S09337_ses-E21345_run-1_bp-chest_vp-ap_cr.npy
qata_test_sub-S09337_ses-E21898_run-1_bp-chest_vp-ap_cr,sub-S09337,unet,1003,0.846749504774955,0.7342286071288499,9.0,2.0564467700467697,predictions/masks/qata_test_sub-S09337_ses-E21898_run-1_bp-chest_vp-ap_cr.png,predictions/probabilities/qata_test_sub-S09337_ses-E21898_run-1_bp-chest_vp-ap_cr.npy
qata_test_sub-S09337_ses-E23294_run-1_bp-chest_vp-ap_cr,sub-S09337,unet,1003,0.8300728134061753,0.7095080983846804,23.38694215488563,4.369025978418784,predictions/masks/qata_test_sub-S09337_ses-E23294_run-1_bp-chest_vp-ap_cr.png,predictions/probabilities/qata_test_sub-S09337_ses-E23294_run-1_bp-chest_vp-ap_cr.npy
qata_test_sub-S09337_ses-E26482_run-1_bp-chest_vp-ap_dx,sub-S09337,unet,1003,0.9429429429434325,0.8920454545472071,3.0,1.2445917784635232,predictions/masks/qata_test_sub-S09337_ses-E26482_run-1_bp-chest_vp-ap_dx.png,predictions/probabilities/qata_test_sub-S09337_ses-E26482_run-1_bp-chest_vp-ap_dx.npy
qata_test_sub-S09338_ses-E19413_run-1_bp-chest_vp-ap_dx,sub-S09338,unet,1003,0.6503558719016747,0.4818721160526122,101.95383515604814,24.107366509739588,predictions/masks/qata_test_sub-S09338_ses-E19413_run-1_bp-chest_vp-ap_dx.png,predictions/probabilities/qata_test_sub-S09338_ses-E19413_run-1_bp-chest_vp-ap_dx.npy
qata_test_sub-S09338_ses-E20659_run-1_bp-chest_vp-ap_cr,sub-S09338,unet,1003,1.0752688170886808e-10,1.0752688170886808e-10,316.7838379715733,316.7838379715733,predictions/masks/qata_test_sub-S09338_ses-E20659_run-1_bp-chest_vp-ap_cr.png,predictions/probabilities/qata_test_sub-S09338_ses-E20659_run-1_bp-chest_vp-ap_cr.npy
qata_test_sub-S09338_ses-E24068_run-1_bp-chest_vp-ap_dx,sub-S09338,unet,1003,0.8442272449698089,0.7304439746585154,99.63633834293543,15.044005089698631,predictions/masks/qata_test_sub-S09338_ses-E24068_run-1_bp-chest_vp-ap_dx.png,predictions/probabilities/qata_test_sub-S09338_ses-E24068_run-1_bp-chest_vp-ap_dx.npy
qata_test_sub-S09339_ses-E16128_acq-1_run-1_bp-chest_vp-pa_dx,sub-S09339,unet,1003,0.3311649911690618,0.1984408221687852,112.91739511831621,45.750513127956914,predictions/masks/qata_test_sub-S09339_ses-E16128_acq-1_run-1_bp-chest_vp-pa_dx.png,predictions/probabilities/qata_test_sub-S09339_ses-E16128_acq-1_run-1_bp-chest_vp-pa_dx.npy
qata_test_sub-S09339_ses-E16833_run-1_bp-chest_vp-ap_dx,sub-S09339,unet,1003,0.44656019657719415,0.2874654013725795,91.70877743642063,14.886600952837771,predictions/masks/qata_test_sub-S09339_ses-E16833_run-1_bp-chest_vp-ap_dx.png,predictions/probabilities/qata_test_sub-S09339_ses-E16833_run-1_bp-chest_vp-ap_dx.npy
qata_test_sub-S09339_ses-E17821_run-1_bp-chest_vp-pa_dx,sub-S09339,unet,1003,1.2437810943726641e-10,1.2437810943726641e-10,91.86942420190914,63.07949301871964,predictions/masks/qata_test_sub-S09339_ses-E17821_run-1_bp-chest_vp-pa_dx.png,predictions/probabilities/qata_test_sub-S09339_ses-E17821_run-1_bp-chest_vp-pa_dx.npy
qata_test_sub-S09339_ses-E20698_run-1_bp-chest_vp-pa_dx,sub-S09339,unet,1003,0.49309852453626385,0.3272267846287285,121.0,35.68926441729109,predictions/masks/qata_test_sub-S09339_ses-E20698_run-1_bp-chest_vp-pa_dx.png,predictions/probabilities/qata_test_sub-S09339_ses-E20698_run-1_bp-chest_vp-pa_dx.npy
qata_test_sub-S09340_ses-E16129_run-1_bp-chest_vp-ap_cr,sub-S09340,unet,1003,0.9613066538092978,0.9254961123369444,2.23606797749979,0.9183331575109321,predictions/masks/qata_test_sub-S09340_ses-E16129_run-1_bp-chest_vp-ap_cr.png,predictions/probabilities/qata_test_sub-S09340_ses-E16129_run-1_bp-chest_vp-ap_cr.npy
qata_test_sub-S09340_ses-E16136_run-1_bp-chest_vp-ap_cr,sub-S09340,unet,1003,0.9277767301531977,0.8652831516020015,6.708203932499369,1.611409832836155,predictions/masks/qata_test_sub-S09340_ses-E16136_run-1_bp-chest_vp-ap_cr.png,predictions/probabilities/qata_test_sub-S09340_ses-E16136_run-1_bp-chest_vp-ap_cr.npy
qata_test_sub-S09340_ses-E16283_run-1_bp-chest_vp-ap_cr,sub-S09340,unet,1003,0.9602341354642747,0.9235099633641005,4.47213595499958,1.120411632424933,predictions/masks/qata_test_sub-S09340_ses-E16283_run-1_bp-chest_vp-ap_cr.png,predictions/probabilities/qata_test_sub-S09340_ses-E16283_run-1_bp-chest_vp-ap_cr.npy
qata_test_sub-S09340_ses-E16372_run-1_bp-chest_vp-ap_cr,sub-S09340,unet,1003,0.922707396687056,0.8565058312387775,8.48528137423857,2.061355268873766,predictions/masks/qata_test_sub-S09340_ses-E16372_run-1_bp-chest_vp-ap_cr.png,predictions/probabilities/qata_test_sub-S09340_ses-E16372_run-1_bp-chest_vp-ap_cr.npy
qata_test_sub-S09340_ses-E16560_run-1_bp-chest_vp-ap_cr,sub-S09340,unet,1003,0.8818309201315685,0.7886382623249952,13.369654059863178,2.6534802361176175,predictions/masks/qata_test_sub-S09340_ses-E16560_run-1_bp-chest_vp-ap_cr.png,predictions/probabilities/qata_test_sub-S09340_ses-E16560_run-1_bp-chest_vp-ap_cr.npy
qata_test_sub-S09340_ses-E16561_run-1_bp-chest_vp-ap_cr,sub-S09340,unet,1003,0.8502041243596242,0.7394391842703983,14.866068747318506,4.243561203518187,predictions/masks/qata_test_sub-S09340_ses-E16561_run-1_bp-chest_vp-ap_cr.png,predictions/probabilities/qata_test_sub-S09340_ses-E16561_run-1_bp-chest_vp-ap_cr.npy
qata_test_sub-S09340_ses-E16634_run-1_bp-chest_vp-ap_cr,sub-S09340,unet,1003,0.9573355353704524,0.9181626187970627,3.6055512754639896,1.093968558373069,predictions/masks/qata_test_sub-S09340_ses-E16634_run-1_bp-chest_vp-ap_cr.png,predictions/probabilities/qata_test_sub-S09340_ses-E16634_run-1_bp-chest_vp-ap_cr.npy
qata_test_sub-S09340_ses-E16717_run-1_bp-chest_vp-ap_cr,sub-S09340,unet,1003,0.9388371507680667,0.8847248576863765,7.615773105863909,1.7696703873971091,predictions/masks/qata_test_sub-S09340_ses-E16717_run-1_bp-chest_vp-ap_cr.png,predictions/probabilities/qata_test_sub-S09340_ses-E16717_run-1_bp-chest_vp-ap_cr.npy
qata_test_sub-S09340_ses-E17139_run-1_bp-chest_vp-pa_cr,sub-S09340,unet,1003,0.8027594481115612,0.670508066943877,19.721814557329832,5.3035507549203595,predictions/masks/qata_test_sub-S09340_ses-E17139_run-1_bp-chest_vp-pa_cr.png,predictions/probabilities/qata_test_sub-S09340_ses-E17139_run-1_bp-chest_vp-pa_cr.npy
qata_test_sub-S09340_ses-E17282_run-1_bp-chest_vp-ap_cr,sub-S09340,unet,1003,0.7406855439669928,0.5881656804803354,51.76731570966984,7.747680647281304,predictions/masks/qata_test_sub-S09340_ses-E17282_run-1_bp-chest_vp-ap_cr.png,predictions/probabilities/qata_test_sub-S09340_ses-E17282_run-1_bp-chest_vp-ap_cr.npy
qata_test_sub-S09340_ses-E17441_run-1_bp-chest_vp-ap_cr,sub-S09340,unet,1003,0.9688673905214384,0.9396147320097853,2.8284271247461903,0.848690585244815,predictions/masks/qata_test_sub-S09340_ses-E17441_run-1_bp-chest_vp-ap_cr.png,predictions/probabilities/qata_test_sub-S09340_ses-E17441_run-1_bp-chest_vp-ap_cr.npy
qata_test_sub-S09340_ses-E17520_run-1_bp-chest_vp-ap_cr,sub-S09340,unet,1003,0.8303378864138725,0.7098955132180713,28.60227225351437,4.855522549815113,predictions/masks/qata_test_sub-S09340_ses-E17520_run-1_bp-chest_vp-ap_cr.png,predictions/probabilities/qata_test_sub-S09340_ses-E17520_run-1_bp-chest_vp-ap_cr.npy
qata_test_sub-S09340_ses-E17621_run-1_bp-chest_vp-ap_cr,sub-S09340,unet,1003,0.41597822918246685,0.2626089090776462,74.83675147916244,20.04466363483329,predictions/masks/qata_test_sub-S09340_ses-E17621_run-1_bp-chest_vp-ap_cr.png,predictions/probabilities/qata_test_sub-S09340_ses-E17621_run-1_bp-chest_vp-ap_cr.npy
qata_test_sub-S09340_ses-E17823_run-1_bp-chest_vp-ap_cr,sub-S09340,unet,1003,0.9505755623616507,0.9058065814641661,4.0,1.2982886829534912,predictions/masks/qata_test_sub-S09340_ses-E17823_run-1_bp-chest_vp-ap_cr.png,predictions/probabilities/qata_test_sub-S09340_ses-E17823_run-1_bp-chest_vp-ap_cr.npy
qata_test_sub-S09340_ses-E17825_run-1_bp-chest_vp-ap_cr,sub-S09340,unet,1003,0.9728087649403745,0.9470571123829433,2.8284271247461903,0.6800750994219389,predictions/masks/qata_test_sub-S09340_ses-E17825_run-1_bp-chest_vp-ap_cr.png,predictions/probabilities/qata_test_sub-S09340_ses-E17825_run-1_bp-chest_vp-ap_cr.npy
qata_test_sub-S09340_ses-E17940_run-1_bp-chest_vp-ap_cr,sub-S09340,unet,1003,0.8778329899413536,0.782265903447648,17.26267650163207,3.3063099991354576,predictions/masks/qata_test_sub-S09340_ses-E17940_run-1_bp-chest_vp-ap_cr.png,predictions/probabilities/qata_test_sub-S09340_ses-E17940_run-1_bp-chest_vp-ap_cr.npy
qata_test_sub-S09340_ses-E18102_run-1_bp-chest_vp-ap_cr,sub-S09340,unet,1003,0.7808615516514099,0.6405027687471169,34.4753500115801,5.584628697463843,predictions/masks/qata_test_sub-S09340_ses-E18102_run-1_bp-chest_vp-ap_cr.png,predictions/probabilities/qata_test_sub-S09340_ses-E18102_run-1_bp-chest_vp-ap_cr.npy
qata_test_sub-S09340_ses-E18484_run-1_bp-chest_vp-ap_cr,sub-S09340,unet,1003,0.9039310954068909,0.8247028007271336,15.078048685794782,2.8817479379804625,predictions/masks/qata_test_sub-S09340_ses-E18484_run-1_bp-chest_vp-ap_cr.png,predictions/probabilities/qata_test_sub-S09340_ses-E18484_run-1_bp-chest_vp-ap_cr.npy
qata_test_sub-S09340_ses-E18996_run-1_bp-chest_vp-ap_cr,sub-S09340,unet,1003,0.9254203974671029,0.8611929681956997,8.006225774829849,2.0492236067660206,predictions/masks/qata_test_sub-S09340_ses-E18996_run-1_bp-chest_vp-ap_cr.png,predictions/probabilities/qata_test_sub-S09340_ses-E18996_run-1_bp-chest_vp-ap_cr.npy
qata_test_sub-S09340_ses-E19161_run-1_bp-chest_vp-ap_cr,sub-S09340,unet,1003,0.9563696612667693,0.9163873699072466,5.0,1.2843978894744608,predictions/masks/qata_test_sub-S09340_ses-E19161_run-1_bp-chest_vp-ap_cr.png,predictions/probabilities/qata_test_sub-S09340_ses-E19161_run-1_bp-chest_vp-ap_cr.npy
qata_test_sub-S09340_ses-E19480_run-1_bp-chest_vp-ap_cr,sub-S09340,unet,1003,0.9407913303610047,0.8882020675701993,7.060407640085648,3.115089000466675,predictions/masks/qata_test_sub-S09340_ses-E19480_run-1_bp-chest_vp-ap_cr.png,predictions/probabilities/qata_test_sub-S09340_ses-E19480_run-1_bp-chest_vp-ap_cr.npy
qata_test_sub-S09340_ses-E19710_run-1_bp-chest_vp-ap_cr,sub-S09340,unet,1003,0.876072234763679,0.7794737899198686,11.0,3.507224240656451,predictions/masks/qata_test_sub-S09340_ses-E19710_run-1_bp-chest_vp-ap_cr.png,predictions/probabilities/qata_test_sub-S09340_ses-E19710_run-1_bp-chest_vp-ap_cr.npy
qata_test_sub-S09340_ses-E19860_run-1_bp-chest_vp-ap_cr,sub-S09340,unet,1003,0.906080603347242,0.8282882688804449,12.397296253235009,3.5240908826659036,predictions/masks/qata_test_sub-S09340_ses-E19860_run-1_bp-chest_vp-ap_cr.png,predictions/probabilities/qata_test_sub-S09340_ses-E19860_run-1_bp-chest_vp-ap_cr.npy
qata_test_sub-S09340_ses-E20710_run-1_bp-chest_vp-ap_cr,sub-S09340,unet,1003,0.9646688481134711,0.9317490798533226,3.605551275463989,1.0631748643737504,predictions/masks/qata_test_sub-S09340_ses-E20710_run-1_bp-chest_vp-ap_cr.png,predictions/probabilities/qata_test_sub-S09340_ses-E20710_run-1_bp-chest_vp-ap_cr.npy
qata_test_sub-S09340_ses-E20837_run-1_bp-chest_vp-ap_cr,sub-S09340,unet,1003,0.9130130922987792,0.8399485640819551,9.32645986657775,2.518703506678258,predictions/masks/qata_test_sub-S09340_ses-E20837_run-1_bp-chest_vp-ap_cr.png,predictions/probabilities/qata_test_sub-S09340_ses-E20837_run-1_bp-chest_vp-ap_cr.npy
qata_test_sub-S09340_ses-E21534_run-1_bp-chest_vp-ap_cr,sub-S09340,unet,1003,0.9158170371613137,0.8447070914712774,10.74930204403884,2.400914697659391,predictions/masks/qata_test_sub-S09340_ses-E21534_run-1_bp-chest_vp-ap_cr.png,predictions/probabilities/qata_test_sub-S09340_ses-E21534_run-1_bp-chest_vp-ap_cr.npy
qata_test_sub-S09340_ses-E21862_run-1_bp-chest_vp-ap_cr,sub-S09340,unet,1003,0.8645581240101431,0.7614287814234686,23.345235059857508,4.112356636704379,predictions/masks/qata_test_sub-S09340_ses-E21862_run-1_bp-chest_vp-ap_cr.png,predictions/probabilities/qata_test_sub-S09340_ses-E21862_run-1_bp-chest_vp-ap_cr.npy
qata_test_sub-S09340_ses-E21921_run-1_bp-chest_vp-ap_cr,sub-S09340,unet,1003,0.9613424952088938,0.9255625562562956,3.605551275463989,1.0621728727887034,predictions/masks/qata_test_sub-S09340_ses-E21921_run-1_bp-chest_vp-ap_cr.png,predictions/probabilities/qata_test_sub-S09340_ses-E21921_run-1_bp-chest_vp-ap_cr.npy
qata_test_sub-S09340_ses-E22056_run-1_bp-chest_vp-ap_cr,sub-S09340,unet,1003,0.786704965122801,0.648403679658436,18.0,5.29120259629421,predictions/masks/qata_test_sub-S09340_ses-E22056_run-1_bp-chest_vp-ap_cr.png,predictions/probabilities/qata_test_sub-S09340_ses-E22056_run-1_bp-chest_vp-ap_cr.npy
qata_test_sub-S09340_ses-E22201_run-1_bp-chest_vp-ap_cr,sub-S09340,unet,1003,0.9398210565023911,0.8864739884406188,5.0,1.6224303116909349,predictions/masks/qata_test_sub-S09340_ses-E22201_run-1_bp-chest_vp-ap_cr.png,predictions/probabilities/qata_test_sub-S09340_ses-E22201_run-1_bp-chest_vp-ap_cr.npy
qata_test_sub-S09340_ses-E23149_run-1_bp-chest_vp-ap_cr,sub-S09340,unet,1003,0.9622724089637505,0.9272880641085847,3.605551275463989,1.111012026616769,predictions/masks/qata_test_sub-S09340_ses-E23149_run-1_bp-chest_vp-ap_cr.png,predictions/probabilities/qata_test_sub-S09340_ses-E23149_run-1_bp-chest_vp-ap_cr.npy
qata_test_sub-S09341_ses-E16130_run-1_bp-chest_vp-ap_dx,sub-S09341,unet,1003,0.7353629976890675,0.5814814815589849,10.072100132030588,5.344512027430622,predictions/masks/qata_test_sub-S09341_ses-E16130_run-1_bp-chest_vp-ap_dx.png,predictions/probabilities/qata_test_sub-S09341_ses-E16130_run-1_bp-chest_vp-ap_dx.npy
qata_test_sub-S09341_ses-E21404_run-1_bp-chest_vp-ap_cr,sub-S09341,unet,1003,0.7173913043580656,0.5593220339232021,16.217098556298666,3.9426091974591,predictions/masks/qata_test_sub-S09341_ses-E21404_run-1_bp-chest_vp-ap_cr.png,predictions/probabilities/qata_test_sub-S09341_ses-E21404_run-1_bp-chest_vp-ap_cr.npy
qata_test_sub-S09341_ses-E22065_run-1_bp-chest_vp-ap_cr,sub-S09341,unet,1003,0.7318982387580472,0.5771604938532616,26.011534197509228,4.527990646528714,predictions/masks/qata_test_sub-S09341_ses-E22065_run-1_bp-chest_vp-ap_cr.png,predictions/probabilities/qata_test_sub-S09341_ses-E22065_run-1_bp-chest_vp-ap_cr.npy
qata_test_sub-S09341_ses-E23187_run-1_bp-chest_vp-ap_cr,sub-S09341,unet,1003,0.8112617309763204,0.682456140369447,8.0,1.9792869959556183,predictions/masks/qata_test_sub-S09341_ses-E23187_run-1_bp-chest_vp-ap_cr.png,predictions/probabilities/qata_test_sub-S09341_ses-E23187_run-1_bp-chest_vp-ap_cr.npy
qata_test_sub-S09343_ses-E16132_run-1_bp-chest_vp-pa_cr,sub-S09343,unet,1003,0.22862725941342665,0.12906784336556718,121.12596536063128,56.10003681725261,predictions/masks/qata_test_sub-S09343_ses-E16132_run-1_bp-chest_vp-pa_cr.png,predictions/probabilities/qata_test_sub-S09343_ses-E16132_run-1_bp-chest_vp-pa_cr.npy
qata_test_sub-S09343_ses-E16287_run-1_bp-chest_vp-pa_cr,sub-S09343,unet,1003,0.8232731137097594,0.6996297299765227,38.59403063084282,5.868897551726052,predictions/masks/qata_test_sub-S09343_ses-E16287_run-1_bp-chest_vp-pa_cr.png,predictions/probabilities/qata_test_sub-S09343_ses-E16287_run-1_bp-chest_vp-pa_cr.npy
qata_test_sub-S09343_ses-E19246_run-1_bp-chest_vp-ap_dx,sub-S09343,unet,1003,0.9568831168833408,0.9173306772916601,5.0,1.1059303591787202,predictions/masks/qata_test_sub-S09343_ses-E19246_run-1_bp-chest_vp-ap_dx.png,predictions/probabilities/qata_test_sub-S09343_ses-E19246_run-1_bp-chest_vp-ap_dx.npy
qata_test_sub-S09343_ses-E19502_run-1_bp-chest_vp-ap_dx,sub-S09343,unet,1003,0.9736381079503894,0.9486304153462681,2.23606797749979,0.7271531983103887,predictions/masks/qata_test_sub-S09343_ses-E19502_run-1_bp-chest_vp-ap_dx.png,predictions/probabilities/qata_test_sub-S09343_ses-E19502_run-1_bp-chest_vp-ap_dx.npy
qata_test_sub-S09343_ses-E19736_run-1_bp-chest_vp-ap_dx,sub-S09343,unet,1003,0.942481635100982,0.8912201115216783,13.753439927344369,2.154796323049597,predictions/masks/qata_test_sub-S09343_ses-E19736_run-1_bp-chest_vp-ap_dx.png,predictions/probabilities/qata_test_sub-S09343_ses-E19736_run-1_bp-chest_vp-ap_dx.npy
qata_test_sub-S09343_ses-E19885_run-1_bp-chest_vp-ap_dx,sub-S09343,unet,1003,0.9666471620832289,0.9354473386188688,3.0,0.9129386391590248,predictions/masks/qata_test_sub-S09343_ses-E19885_run-1_bp-chest_vp-ap_dx.png,predictions/probabilities/qata_test_sub-S09343_ses-E19885_run-1_bp-chest_vp-ap_dx.npy
qata_test_sub-S09343_ses-E20470_acq-1_run-1_bp-chest_vp-ap_dx,sub-S09343,unet,1003,0.9809111482830812,0.9625374143095246,1.4142135623730951,0.48287710531919503,predictions/masks/qata_test_sub-S09343_ses-E20470_acq-1_run-1_bp-chest_vp-ap_dx.png,predictions/probabilities/qata_test_sub-S09343_ses-E20470_acq-1_run-1_bp-chest_vp-ap_dx.npy
qata_test_sub-S09343_ses-E20470_acq-2_run-1_bp-chest_vp-ap_dx,sub-S09343,unet,1003,0.9722347833952598,0.9459697289691484,3.0,0.7147876211094005,predictions/masks/qata_test_sub-S09343_ses-E20470_acq-2_run-1_bp-chest_vp-ap_dx.png,predictions/probabilities/qata_test_sub-S09343_ses-E20470_acq-2_run-1_bp-chest_vp-ap_dx.npy
qata_test_sub-S09343_ses-E20998_run-1_bp-chest_vp-ap_dx,sub-S09343,unet,1003,0.971669909362826,0.9449007844952017,2.23606797749979,0.7395633307719623,predictions/masks/qata_test_sub-S09343_ses-E20998_run-1_bp-chest_vp-ap_dx.png,predictions/probabilities/qata_test_sub-S09343_ses-E20998_run-1_bp-chest_vp-ap_dx.npy
qata_test_sub-S09343_ses-E21221_run-1_bp-chest_vp-ap_dx,sub-S09343,unet,1003,0.8869440115100891,0.7968548039659967,12.565172511527306,2.0808083824223798,predictions/masks/qata_test_sub-S09343_ses-E21221_run-1_bp-chest_vp-ap_dx.png,predictions/probabilities/qata_test_sub-S09343_ses-E21221_run-1_bp-chest_vp-ap_dx.npy
qata_test_sub-S09343_ses-E21405_acq-1_run-1_bp-chest_vp-ap_dx,sub-S09343,unet,1003,0.9692154915592472,0.9402697495189102,2.23606797749979,0.7784509926194135,predictions/masks/qata_test_sub-S09343_ses-E21405_acq-1_run-1_bp-chest_vp-ap_dx.png,predictions/probabilities/qata_test_sub-S09343_ses-E21405_acq-1_run-1_bp-chest_vp-ap_dx.npy
qata_test_sub-S09343_ses-E22412_run-1_bp-chest_vp-ap_dx,sub-S09343,unet,1003,0.7392559332926615,0.5863647926788811,54.20192276263947,10.972527090246654,predictions/masks/qata_test_sub-S09343_ses-E22412_run-1_bp-chest_vp-ap_dx.png,predictions/probabilities/qata_test_sub-S09343_ses-E22412_run-1_bp-chest_vp-ap_dx.npy
qata_test_sub-S09343_ses-E23417_run-1_bp-chest_vp-ap_dx,sub-S09343,unet,1003,0.9589051717455265,0.9210545914953373,5.0,1.155250212297204,predictions/masks/qata_test_sub-S09343_ses-E23417_run-1_bp-chest_vp-ap_dx.png,predictions/probabilities/qata_test_sub-S09343_ses-E23417_run-1_bp-chest_vp-ap_dx.npy
qata_test_sub-S09343_ses-E24578_run-1_bp-chest_vp-ap_dx,sub-S09343,unet,1003,0.9410049803622261,0.888583008336097,11.180339887498949,2.7389364727495784,predictions/masks/qata_test_sub-S09343_ses-E24578_run-1_bp-chest_vp-ap_dx.png,predictions/probabilities/qata_test_sub-S09343_ses-E24578_run-1_bp-chest_vp-ap_dx.npy
qata_test_sub-S09343_ses-E25885_run-1_bp-chest_vp-ap_dx,sub-S09343,unet,1003,0.9760437421807329,0.953208435152926,2.0,0.6894668529251765,predictions/masks/qata_test_sub-S09343_ses-E25885_run-1_bp-chest_vp-ap_dx.png,predictions/probabilities/qata_test_sub-S09343_ses-E25885_run-1_bp-chest_vp-ap_dx.npy
qata_test_sub-S09343_ses-E26378_run-1_bp-chest_vp-ap_dx,sub-S09343,unet,1003,0.9713266110628187,0.9442517144014179,2.23606797749979,0.7877455401278917,predictions/masks/qata_test_sub-S09343_ses-E26378_run-1_bp-chest_vp-ap_dx.png,predictions/probabilities/qata_test_sub-S09343_ses-E26378_run-1_bp-chest_vp-ap_dx.npy
qata_test_sub-S09345_ses-E16134_run-1_bp-chest_vp-ap_dx,sub-S09345,unet,1003,0.97215537985578,0.945819397993915,2.8284271247461903,0.7380614902377185,predictions/masks/qata_test_sub-S09345_ses-E16134_run-1_bp-chest_vp-ap_dx.png,predictions/probabilities/qata_test_sub-S09345_ses-E16134_run-1_bp-chest_vp-ap_dx.npy
qata_test_sub-S09345_ses-E16570_run-1_bp-chest_vp-ap_dx,sub-S09345,unet,1003,0.9614828085167678,0.925822717623065,2.4433936790359763,0.9311026992307002,predictions/masks/qata_test_sub-S09345_ses-E16570_run-1_bp-chest_vp-ap_dx.png,predictions/probabilities/qata_test_sub-S09345_ses-E16570_run-1_bp-chest_vp-ap_dx.npy
qata_test_sub-S09345_ses-E16638_run-1_bp-chest_vp-ap_dx,sub-S09345,unet,1003,0.4812069878311116,0.31683513420500464,76.66875709415167,19.13531992872868,predictions/masks/qata_test_sub-S09345_ses-E16638_run-1_bp-chest_vp-ap_dx.png,predictions/probabilities/qata_test_sub-S09345_ses-E16638_run-1_bp-chest_vp-ap_dx.npy
qata_test_sub-S09345_ses-E16721_run-1_bp-chest_vp-ap_dx,sub-S09345,unet,1003,0.9438024169587017,0.8935850944117346,8.335239755187146,1.6219273915627266,predictions/masks/qata_test_sub-S09345_ses-E16721_run-1_bp-chest_vp-ap_dx.png,predictions/probabilities/qata_test_sub-S09345_ses-E16721_run-1_bp-chest_vp-ap_dx.npy
qata_test_sub-S09345_ses-E16849_run-1_bp-chest_vp-ap_dx,sub-S09345,unet,1003,0.9199924103477326,0.8518388381371299,28.209908603087584,5.068998811529821,predictions/masks/qata_test_sub-S09345_ses-E16849_run-1_bp-chest_vp-ap_dx.png,predictions/probabilities/qata_test_sub-S09345_ses-E16849_run-1_bp-chest_vp-ap_dx.npy
qata_test_sub-S09345_ses-E17143_run-1_bp-chest_vp-ap_dx,sub-S09345,unet,1003,0.9493383742914345,0.9035624325308436,6.0,1.3091640227848158,predictions/masks/qata_test_sub-S09345_ses-E17143_run-1_bp-chest_vp-ap_dx.png,predictions/probabilities/qata_test_sub-S09345_ses-E17143_run-1_bp-chest_vp-ap_dx.npy
qata_test_sub-S09345_ses-E17487_run-1_bp-chest_vp-ap_dx,sub-S09345,unet,1003,0.2570362835111212,0.14747081715379493,140.9464335236399,66.42207420152147,predictions/masks/qata_test_sub-S09345_ses-E17487_run-1_bp-chest_vp-ap_dx.png,predictions/probabilities/qata_test_sub-S09345_ses-E17487_run-1_bp-chest_vp-ap_dx.npy
qata_test_sub-S09345_ses-E17554_run-1_bp-chest_vp-ap_dx,sub-S09345,unet,1003,0.19631901842956076,0.10884353744527744,149.31258085173639,49.59274129727587,predictions/masks/qata_test_sub-S09345_ses-E17554_run-1_bp-chest_vp-ap_dx.png,predictions/probabilities/qata_test_sub-S09345_ses-E17554_run-1_bp-chest_vp-ap_dx.npy
qata_test_sub-S09345_ses-E17826_run-1_bp-chest_vp-ap_dx,sub-S09345,unet,1003,0.42696277761296586,0.2714257307760703,72.33752186098891,22.512266549507892,predictions/masks/qata_test_sub-S09345_ses-E17826_run-1_bp-chest_vp-ap_dx.png,predictions/probabilities/qata_test_sub-S09345_ses-E17826_run-1_bp-chest_vp-ap_dx.npy
qata_test_sub-S09345_ses-E18501_run-1_bp-chest_vp-ap_dx,sub-S09345,unet,1003,0.9759991370477537,0.9531233540508467,2.0,0.6261137378143838,predictions/masks/qata_test_sub-S09345_ses-E18501_run-1_bp-chest_vp-ap_dx.png,predictions/probabilities/qata_test_sub-S09345_ses-E18501_run-1_bp-chest_vp-ap_dx.npy
qata_test_sub-S09345_ses-E22211_run-1_bp-chest_vp-pa_cr,sub-S09345,unet,1003,0.9516658845615629,0.907788719786318,4.242640687119285,1.4768217232794756,predictions/masks/qata_test_sub-S09345_ses-E22211_run-1_bp-chest_vp-pa_cr.png,predictions/probabilities/qata_test_sub-S09345_ses-E22211_run-1_bp-chest_vp-pa_cr.npy
qata_test_sub-S09346_ses-E16135_run-1_bp-chest_vp-ap_dx,sub-S09346,unet,1003,0.9691620275418651,0.9401691181699696,3.0,0.9590051848129734,predictions/masks/qata_test_sub-S09346_ses-E16135_run-1_bp-chest_vp-ap_dx.png,predictions/probabilities/qata_test_sub-S09346_ses-E16135_run-1_bp-chest_vp-ap_dx.npy
qata_test_sub-S09346_ses-E17546_run-1_bp-chest_vp-ap_cr,sub-S09346,unet,1003,0.965285641766702,0.9329005962719231,2.8284271247461903,1.0348652104022495,predictions/masks/qata_test_sub-S09346_ses-E17546_run-1_bp-chest_vp-ap_cr.png,predictions/probabilities/qata_test_sub-S09346_ses-E17546_run-1_bp-chest_vp-ap_cr.npy
qata_test_sub-S09346_ses-E17630_run-1_bp-chest_vp-ap_cr,sub-S09346,unet,1003,0.8577888311107493,0.7509897070486857,11.0,2.747131208462747,predictions/masks/qata_test_sub-S09346_ses-E17630_run-1_bp-chest_vp-ap_cr.png,predictions/probabilities/qata_test_sub-S09346_ses-E17630_run-1_bp-chest_vp-ap_cr.npy
qata_test_sub-S09346_ses-E18497_run-1_bp-chest_vp-ap_cr,sub-S09346,unet,1003,0.9810175884548358,0.962742415708033,1.4142135623730951,0.558216743675535,predictions/masks/qata_test_sub-S09346_ses-E18497_run-1_bp-chest_vp-ap_cr.png,predictions/probabilities/qata_test_sub-S09346_ses-E18497_run-1_bp-chest_vp-ap_cr.npy
qata_test_sub-S09346_ses-E20318_run-1_bp-chest_vp-ap_cr,sub-S09346,unet,1003,0.534560640931266,0.36477841108101916,39.864745921308284,10.375757596481881,predictions/masks/qata_test_sub-S09346_ses-E20318_run-1_bp-chest_vp-ap_cr.png,predictions/probabilities/qata_test_sub-S09346_ses-E20318_run-1_bp-chest_vp-ap_cr.npy
qata_test_sub-S09346_ses-E20846_run-1_bp-chest_vp-ap_cr,sub-S09346,unet,1003,0.9693481796573279,0.9405195435790198,2.23606797749979,0.9139483701207091,predictions/masks/qata_test_sub-S09346_ses-E20846_run-1_bp-chest_vp-ap_cr.png,predictions/probabilities/qata_test_sub-S09346_ses-E20846_run-1_bp-chest_vp-ap_cr.npy
qata_test_sub-S09346_ses-E22383_run-1_bp-chest_vp-ap_dx,sub-S09346,unet,1003,0.8855132450335864,0.7945480205021574,13.92838827718412,3.59279191570178,predictions/masks/qata_test_sub-S09346_ses-E22383_run-1_bp-chest_vp-ap_dx.png,predictions/probabilities/qata_test_sub-S09346_ses-E22383_run-1_bp-chest_vp-ap_dx.npy
qata_test_sub-S09346_ses-E23030_run-1_bp-chest_vp-ap_cr,sub-S09346,unet,1003,0.9717279228339775,0.9450105126965469,2.23606797749979,0.8011950421699844,predictions/masks/qata_test_sub-S09346_ses-E23030_run-1_bp-chest_vp-ap_cr.png,predictions/probabilities/qata_test_sub-S09346_ses-E23030_run-1_bp-chest_vp-ap_cr.npy
qata_test_sub-S09346_ses-E23164_run-1_bp-chest_vp-ap_dx,sub-S09346,unet,1003,0.9706435829884432,0.9429616087755542,2.23606797749979,0.8853279170968684,predictions/masks/qata_test_sub-S09346_ses-E23164_run-1_bp-chest_vp-ap_dx.png,predictions/probabilities/qata_test_sub-S09346_ses-E23164_run-1_bp-chest_vp-ap_dx.npy
qata_test_sub-S09346_ses-E23809_run-1_bp-chest_vp-ap_dx,sub-S09346,unet,1003,0.8525570876205402,0.7430061037672557,13.776054597164034,3.117967658600534,predictions/masks/qata_test_sub-S09346_ses-E23809_run-1_bp-chest_vp-ap_dx.png,predictions/probabilities/qata_test_sub-S09346_ses-E23809_run-1_bp-chest_vp-ap_dx.npy
qata_test_sub-S09346_ses-E24900_run-2_bp-chest_vp-ap_dx,sub-S09346,unet,1003,0.7780616404860681,0.6367437722452246,43.11143231568342,8.184348378584577,predictions/masks/qata_test_sub-S09346_ses-E24900_run-2_bp-chest_vp-ap_dx.png,predictions/probabilities/qata_test_sub-S09346_ses-E24900_run-2_bp-chest_vp-ap_dx.npy
qata_test_sub-S09346_ses-E25008_run-1_bp-chest_vp-ap_dx,sub-S09346,unet,1003,0.6322217003322478,0.46222527473266173,25.56216946409113,6.9949844697467745,predictions/masks/qata_test_sub-S09346_ses-E25008_run-1_bp-chest_vp-ap_dx.png,predictions/probabilities/qata_test_sub-S09346_ses-E25008_run-1_bp-chest_vp-ap_dx.npy
qata_test_sub-S09346_ses-E25008_run-2_bp-chest_vp-ap_dx,sub-S09346,unet,1003,0.8620753666242059,0.7575856443745775,11.40175425099138,3.1642043953208305,predictions/masks/qata_test_sub-S09346_ses-E25008_run-2_bp-chest_vp-ap_dx.png,predictions/probabilities/qata_test_sub-S09346_ses-E25008_run-2_bp-chest_vp-ap_dx.npy
qata_test_sub-S09346_ses-E26158_run-1_bp-chest_vp-ap_dx,sub-S09346,unet,1003,0.753061389994704,0.6039281997970353,102.17141192638115,25.584115900463196,predictions/masks/qata_test_sub-S09346_ses-E26158_run-1_bp-chest_vp-ap_dx.png,predictions/probabilities/qata_test_sub-S09346_ses-E26158_run-1_bp-chest_vp-ap_dx.npy
qata_test_sub-S09348_ses-E16138_run-1_bp-chest_vp-ap_dx,sub-S09348,unet,1003,0.9590290185450124,0.9212831439403256,3.1622776601683795,1.0182584695146972,predictions/masks/qata_test_sub-S09348_ses-E16138_run-1_bp-chest_vp-ap_dx.png,predictions/probabilities/qata_test_sub-S09348_ses-E16138_run-1_bp-chest_vp-ap_dx.npy
qata_test_sub-S09348_ses-E16556_run-1_bp-chest_vp-ap_dx,sub-S09348,unet,1003,0.8028964836260745,0.6706992942931839,22.018632261298922,3.20458909774071,predictions/masks/qata_test_sub-S09348_ses-E16556_run-1_bp-chest_vp-ap_dx.png,predictions/probabilities/qata_test_sub-S09348_ses-E16556_run-1_bp-chest_vp-ap_dx.npy
qata_test_sub-S09348_ses-E16624_run-1_bp-chest_vp-ap_dx,sub-S09348,unet,1003,0.8927012486052919,0.8061972863988596,8.06225774829855,1.9406792146584535,predictions/masks/qata_test_sub-S09348_ses-E16624_run-1_bp-chest_vp-ap_dx.png,predictions/probabilities/qata_test_sub-S09348_ses-E16624_run-1_bp-chest_vp-ap_dx.npy
qata_test_sub-S09348_ses-E16712_run-1_bp-chest_vp-ap_dx,sub-S09348,unet,1003,0.9011080045573044,0.820015077274406,60.573062235721366,7.597503525039348,predictions/masks/qata_test_sub-S09348_ses-E16712_run-1_bp-chest_vp-ap_dx.png,predictions/probabilities/qata_test_sub-S09348_ses-E16712_run-1_bp-chest_vp-ap_dx.npy
qata_test_sub-S09348_ses-E16831_run-1_bp-chest_vp-ap_dx,sub-S09348,unet,1003,0.8047305613538571,0.6732628939857336,20.841034483696127,4.047981387793425,predictions/masks/qata_test_sub-S09348_ses-E16831_run-1_bp-chest_vp-ap_dx.png,predictions/probabilities/qata_test_sub-S09348_ses-E16831_run-1_bp-chest_vp-ap_dx.npy
qata_test_sub-S09348_ses-E17140_run-1_bp-chest_vp-ap_dx,sub-S09348,unet,1003,0.8462684343821967,0.7335054874146739,13.39398472473702,2.826227258324515,predictions/masks/qata_test_sub-S09348_ses-E17140_run-1_bp-chest_vp-ap_dx.png,predictions/probabilities/qata_test_sub-S09348_ses-E17140_run-1_bp-chest_vp-ap_dx.npy
qata_test_sub-S09348_ses-E17343_run-1_bp-chest_vp-ap_dx,sub-S09348,unet,1003,0.8381144951366345,0.7213400043567253,17.0,3.288500798258469,predictions/masks/qata_test_sub-S09348_ses-E17343_run-1_bp-chest_vp-ap_dx.png,predictions/probabilities/qata_test_sub-S09348_ses-E17343_run-1_bp-chest_vp-ap_dx.npy
qata_test_sub-S09348_ses-E17822_run-1_bp-chest_vp-ap_dx,sub-S09348,unet,1003,0.7762510602243214,0.6343221513824696,70.89146275011647,9.891098340644042,predictions/masks/qata_test_sub-S09348_ses-E17822_run-1_bp-chest_vp-ap_dx.png,predictions/probabilities/qata_test_sub-S09348_ses-E17822_run-1_bp-chest_vp-ap_dx.npy
qata_test_sub-S09348_ses-E18478_run-1_bp-chest_vp-ap_dx,sub-S09348,unet,1003,0.7934918648353464,0.6576763485595548,11.55784397421089,3.0492671682367365,predictions/masks/qata_test_sub-S09348_ses-E18478_run-1_bp-chest_vp-ap_dx.png,predictions/probabilities/qata_test_sub-S09348_ses-E18478_run-1_bp-chest_vp-ap_dx.npy
qata_test_sub-S09348_ses-E18751_run-1_bp-chest_cr,sub-S09348,unet,1003,0.8097580975822758,0.6803306923908562,22.01135777277262,4.0524468612875095,predictions/masks/qata_test_sub-S09348_ses-E18751_run-1_bp-chest_cr.png,predictions/probabilities/qata_test_sub-S09348_ses-E18751_run-1_bp-chest_cr.npy
qata_test_sub-S09348_ses-E19000_run-1_bp-chest_cr,sub-S09348,unet,1003,0.949496514330368,0.9038489898259277,4.242640687119285,1.1066629077343348,predictions/masks/qata_test_sub-S09348_ses-E19000_run-1_bp-chest_cr.png,predictions/probabilities/qata_test_sub-S09348_ses-E19000_run-1_bp-chest_cr.npy
qata_test_sub-S09348_ses-E19460_run-1_bp-chest_cr,sub-S09348,unet,1003,0.9125051588948359,0.8390891840637744,10.0,2.0450787024220416,predictions/masks/qata_test_sub-S09348_ses-E19460_run-1_bp-chest_cr.png,predictions/probabilities/qata_test_sub-S09348_ses-E19460_run-1_bp-chest_cr.npy
qata_test_sub-S09348_ses-E19717_run-1_bp-chest_cr,sub-S09348,unet,1003,0.8992506244805324,0.816944024208826,12.0,2.189263347605012,predictions/masks/qata_test_sub-S09348_ses-E19717_run-1_bp-chest_cr.png,predictions/probabilities/qata_test_sub-S09348_ses-E19717_run-1_bp-chest_cr.npy
qata_test_sub-S09348_ses-E20223_run-1_bp-chest_vp-ap_dx,sub-S09348,unet,1003,0.9556239811630337,0.9150190773507195,8.06225774829855,1.670977521390573,predictions/masks/qata_test_sub-S09348_ses-E20223_run-1_bp-chest_vp-ap_dx.png,predictions/probabilities/qata_test_sub-S09348_ses-E20223_run-1_bp-chest_vp-ap_dx.npy
qata_test_sub-S09348_ses-E20308_run-1_bp-chest_vp-ap_dx,sub-S09348,unet,1003,0.8624841571616895,0.758217270197231,13.367824394431668,2.611759044849238,predictions/masks/qata_test_sub-S09348_ses-E20308_run-1_bp-chest_vp-ap_dx.png,predictions/probabilities/qata_test_sub-S09348_ses-E20308_run-1_bp-chest_vp-ap_dx.npy
qata_test_sub-S09348_ses-E20693_run-1_bp-chest_vp-ap_dx,sub-S09348,unet,1003,0.8272573124223478,0.7054039400017097,59.6246401276796,8.051295388037305,predictions/masks/qata_test_sub-S09348_ses-E20693_run-1_bp-chest_vp-ap_dx.png,predictions/probabilities/qata_test_sub-S09348_ses-E20693_run-1_bp-chest_vp-ap_dx.npy
qata_test_sub-S09348_ses-E21526_run-1_bp-chest_vp-ap_dx,sub-S09348,unet,1003,0.7974732901832842,0.6631647211457437,42.61450796571256,6.776961117741877,predictions/masks/qata_test_sub-S09348_ses-E21526_run-1_bp-chest_vp-ap_dx.png,predictions/probabilities/qata_test_sub-S09348_ses-E21526_run-1_bp-chest_vp-ap_dx.npy
qata_test_sub-S09348_ses-E21857_run-1_bp-chest_vp-ap_dx,sub-S09348,unet,1003,0.9505333489628969,0.905729922931914,12.932186966202966,1.8711811788809203,predictions/masks/qata_test_sub-S09348_ses-E21857_run-1_bp-chest_vp-ap_dx.png,predictions/probabilities/qata_test_sub-S09348_ses-E21857_run-1_bp-chest_vp-ap_dx.npy
qata_test_sub-S09348_ses-E21916_run-1_bp-chest_vp-ap_dx,sub-S09348,unet,1003,0.8194640338520851,0.6941457586664554,26.1725046566048,5.1938479280133585,predictions/masks/qata_test_sub-S09348_ses-E21916_run-1_bp-chest_vp-ap_dx.png,predictions/probabilities/qata_test_sub-S09348_ses-E21916_run-1_bp-chest_vp-ap_dx.npy
qata_test_sub-S09348_ses-E22051_run-1_bp-chest_vp-ap_dx,sub-S09348,unet,1003,0.8380519174979371,0.7212473002197456,10.816653826391969,2.5722346620311765,predictions/masks/qata_test_sub-S09348_ses-E22051_run-1_bp-chest_vp-ap_dx.png,predictions/probabilities/qata_test_sub-S09348_ses-E22051_run-1_bp-chest_vp-ap_dx.npy
qata_test_sub-S09348_ses-E22658_run-1_bp-chest_vp-ap_dx,sub-S09348,unet,1003,0.815535746771805,0.6885271079735177,28.0,5.657898402991416,predictions/masks/qata_test_sub-S09348_ses-E22658_run-1_bp-chest_vp-ap_dx.png,predictions/probabilities/qata_test_sub-S09348_ses-E22658_run-1_bp-chest_vp-ap_dx.npy
qata_test_sub-S09348_ses-E22840_run-1_bp-chest_vp-ap_dx,sub-S09348,unet,1003,0.9230517889240071,0.8570995145652746,7.72273521938741,1.5998867794663545,predictions/masks/qata_test_sub-S09348_ses-E22840_run-1_bp-chest_vp-ap_dx.png,predictions/probabilities/qata_test_sub-S09348_ses-E22840_run-1_bp-chest_vp-ap_dx.npy
qata_test_sub-S09348_ses-E23148_run-1_bp-chest_vp-ap_dx,sub-S09348,unet,1003,0.8397942178114645,0.7238321259090204,48.14298389838848,6.986708537092387,predictions/masks/qata_test_sub-S09348_ses-E23148_run-1_bp-chest_vp-ap_dx.png,predictions/probabilities/qata_test_sub-S09348_ses-E23148_run-1_bp-chest_vp-ap_dx.npy
qata_test_sub-S09348_ses-E23369_run-1_bp-chest_vp-ap_dx,sub-S09348,unet,1003,0.8402361184439208,0.7244889514216297,19.992485884517116,3.016393511764318,predictions/masks/qata_test_sub-S09348_ses-E23369_run-1_bp-chest_vp-ap_dx.png,predictions/probabilities/qata_test_sub-S09348_ses-E23369_run-1_bp-chest_vp-ap_dx.npy
qata_test_sub-S09348_ses-E23386_run-1_bp-chest_cr,sub-S09348,unet,1003,0.7378592169833891,0.5846092820342355,35.02989208350977,6.681131862464334,predictions/masks/qata_test_sub-S09348_ses-E23386_run-1_bp-chest_cr.png,predictions/probabilities/qata_test_sub-S09348_ses-E23386_run-1_bp-chest_cr.npy
qata_test_sub-S09348_ses-E23855_run-1_bp-chest_vp-ap_dx,sub-S09348,unet,1003,0.8064816539404825,0.6757178526875185,39.61636824697791,6.181545878541475,predictions/masks/qata_test_sub-S09348_ses-E23855_run-1_bp-chest_vp-ap_dx.png,predictions/probabilities/qata_test_sub-S09348_ses-E23855_run-1_bp-chest_vp-ap_dx.npy
qata_test_sub-S09348_ses-E24302_run-1_bp-chest_vp-pa_cr,sub-S09348,unet,1003,0.911148165794293,0.8367971997410458,7.615773105863909,1.816542441960687,predictions/masks/qata_test_sub-S09348_ses-E24302_run-1_bp-chest_vp-pa_cr.png,predictions/probabilities/qata_test_sub-S09348_ses-E24302_run-1_bp-chest_vp-pa_cr.npy
qata_test_sub-S09348_ses-E24559_run-1_bp-chest_vp-ap_dx,sub-S09348,unet,1003,0.9154093914227529,0.8440137542998435,10.282832645789291,2.3690540901300525,predictions/masks/qata_test_sub-S09348_ses-E24559_run-1_bp-chest_vp-ap_dx.png,predictions/probabilities/qata_test_sub-S09348_ses-E24559_run-1_bp-chest_vp-ap_dx.npy
qata_test_sub-S09348_ses-E26335_run-1_bp-chest_vp-ap_dx,sub-S09348,unet,1003,0.9267299276401633,0.8634638675828545,15.638086421690177,2.4678059551235796,predictions/masks/qata_test_sub-S09348_ses-E26335_run-1_bp-chest_vp-ap_dx.png,predictions/probabilities/qata_test_sub-S09348_ses-E26335_run-1_bp-chest_vp-ap_dx.npy
qata_test_sub-S09349_ses-E16548_acq-1_run-1_bp-chest_vp-ap_cr,sub-S09349,unet,1003,0.7888369091823062,0.6513052743832897,88.34154163207579,13.199266566373472,predictions/masks/qata_test_sub-S09349_ses-E16548_acq-1_run-1_bp-chest_vp-ap_cr.png,predictions/probabilities/qata_test_sub-S09349_ses-E16548_acq-1_run-1_bp-chest_vp-ap_cr.npy
qata_test_sub-S09350_ses-E16140_run-1_bp-chest_vp-ap_dx,sub-S09350,unet,1003,0.7105295340624859,0.5510242792194419,32.7566787083184,6.157529529005682,predictions/masks/qata_test_sub-S09350_ses-E16140_run-1_bp-chest_vp-ap_dx.png,predictions/probabilities/qata_test_sub-S09350_ses-E16140_run-1_bp-chest_vp-ap_dx.npy
qata_test_sub-S09350_ses-E20736_run-1_bp-chest_vp-ap_dx,sub-S09350,unet,1003,0.48185117968507596,0.31739390318836247,65.85763332297444,12.490627578691232,predictions/masks/qata_test_sub-S09350_ses-E20736_run-1_bp-chest_vp-ap_dx.png,predictions/probabilities/qata_test_sub-S09350_ses-E20736_run-1_bp-chest_vp-ap_dx.npy
qata_test_sub-S09352_ses-E16142_acq-1_run-1_bp-chest_vp-ap_dx,sub-S09352,unet,1003,0.8458430057617932,0.7328665077512981,15.66778149855096,3.708576537763706,predictions/masks/qata_test_sub-S09352_ses-E16142_acq-1_run-1_bp-chest_vp-ap_dx.png,predictions/probabilities/qata_test_sub-S09352_ses-E16142_acq-1_run-1_bp-chest_vp-ap_dx.npy
qata_test_sub-S09352_ses-E16142_acq-2_run-1_bp-chest_vp-ap_dx,sub-S09352,unet,1003,0.721009218830325,0.5637329286908515,20.615528128088304,5.267317348847768,predictions/masks/qata_test_sub-S09352_ses-E16142_acq-2_run-1_bp-chest_vp-ap_dx.png,predictions/probabilities/qata_test_sub-S09352_ses-E16142_acq-2_run-1_bp-chest_vp-ap_dx.npy
qata_test_sub-S09352_ses-E16757_run-1_bp-chest_vp-ap_dx,sub-S09352,unet,1003,0.5396681063982799,0.36955168121514476,94.51030833906027,33.44747246308749,predictions/masks/qata_test_sub-S09352_ses-E16757_run-1_bp-chest_vp-ap_dx.png,predictions/probabilities/qata_test_sub-S09352_ses-E16757_run-1_bp-chest_vp-ap_dx.npy
qata_test_sub-S09352_ses-E17381_acq-1_run-1_bp-chest_vp-ap_dx,sub-S09352,unet,1003,0.3502340093857163,0.21229314424528167,130.82276515419812,39.48450281848667,predictions/masks/qata_test_sub-S09352_ses-E17381_acq-1_run-1_bp-chest_vp-ap_dx.png,predictions/probabilities/qata_test_sub-S09352_ses-E17381_acq-1_run-1_bp-chest_vp-ap_dx.npy
qata_test_sub-S09352_ses-E17497_run-1_bp-chest_vp-ap_dx,sub-S09352,unet,1003,0.4293128503336244,0.2733280465431317,110.52918025848726,29.14731080447725,predictions/masks/qata_test_sub-S09352_ses-E17497_run-1_bp-chest_vp-ap_dx.png,predictions/probabilities/qata_test_sub-S09352_ses-E17497_run-1_bp-chest_vp-ap_dx.npy
qata_test_sub-S09353_ses-E16143_run-1_bp-chest_vp-ap_dx,sub-S09353,unet,1003,0.7729794933709776,0.6299646087443979,50.00299970005999,5.9327154104207915,predictions/masks/qata_test_sub-S09353_ses-E16143_run-1_bp-chest_vp-ap_dx.png,predictions/probabilities/qata_test_sub-S09353_ses-E16143_run-1_bp-chest_vp-ap_dx.npy
qata_test_sub-S09353_ses-E22089_run-1_bp-chest_vp-ap_dx,sub-S09353,unet,1003,0.565462753974861,0.39417781279353437,123.37704995485629,34.3111784078445,predictions/masks/qata_test_sub-S09353_ses-E22089_run-1_bp-chest_vp-ap_dx.png,predictions/probabilities/qata_test_sub-S09353_ses-E22089_run-1_bp-chest_vp-ap_dx.npy
qata_test_sub-S09356_ses-E16147_run-1_bp-chest_vp-ap_dx,sub-S09356,unet,1003,0.9661495063470932,0.9345156889499927,3.605551275463989,1.050069026075923,predictions/masks/qata_test_sub-S09356_ses-E16147_run-1_bp-chest_vp-ap_dx.png,predictions/probabilities/qata_test_sub-S09356_ses-E16147_run-1_bp-chest_vp-ap_dx.npy
qata_test_sub-S09356_ses-E17160_run-1_bp-chest_vp-ap_dx,sub-S09356,unet,1003,0.9526356589149123,0.9095551772636403,6.324555320336759,1.6535700184178355,predictions/masks/qata_test_sub-S09356_ses-E17160_run-1_bp-chest_vp-ap_dx.png,predictions/probabilities/qata_test_sub-S09356_ses-E17160_run-1_bp-chest_vp-ap_dx.npy
qata_test_sub-S09356_ses-E17161_run-1_bp-chest_vp-ap_dx,sub-S09356,unet,1003,0.9672193780088362,0.93651968037928,9.055385138137417,1.525934313054928,predictions/masks/qata_test_sub-S09356_ses-E17161_run-1_bp-chest_vp-ap_dx.png,predictions/probabilities/qata_test_sub-S09356_ses-E17161_run-1_bp-chest_vp-ap_dx.npy
qata_test_sub-S09356_ses-E18871_run-1_bp-chest_vp-ap_dx,sub-S09356,unet,1003,0.973639932697799,0.948633879781795,2.8284271247461903,0.8598293931673868,predictions/masks/qata_test_sub-S09356_ses-E18871_run-1_bp-chest_vp-ap_dx.png,predictions/probabilities/qata_test_sub-S09356_ses-E18871_run-1_bp-chest_vp-ap_dx.npy
qata_test_sub-S09356_ses-E19589_run-1_bp-chest_vp-ap_dx,sub-S09356,unet,1003,0.9642974662719468,0.9310563939640106,3.6844410203711195,1.1419128363446711,predictions/masks/qata_test_sub-S09356_ses-E19589_run-1_bp-chest_vp-ap_dx.png,predictions/probabilities/qata_test_sub-S09356_ses-E19589_run-1_bp-chest_vp-ap_dx.npy
qata_test_sub-S09356_ses-E19770_run-1_bp-chest_cr,sub-S09356,unet,1003,0.9190742218681638,0.8502658003566116,5.0990195135927845,1.8776629665991746,predictions/masks/qata_test_sub-S09356_ses-E19770_run-1_bp-chest_cr.png,predictions/probabilities/qata_test_sub-S09356_ses-E19770_run-1_bp-chest_cr.npy
qata_test_sub-S09356_ses-E19941_run-1_bp-chest_vp-ap_dx,sub-S09356,unet,1003,0.968969144460164,0.9398061554162573,3.605551275463989,1.0566715793671864,predictions/masks/qata_test_sub-S09356_ses-E19941_run-1_bp-chest_vp-ap_dx.png,predictions/probabilities/qata_test_sub-S09356_ses-E19941_run-1_bp-chest_vp-ap_dx.npy
qata_test_sub-S09356_ses-E19941_run-2_bp-chest_vp-ap_dx,sub-S09356,unet,1003,0.6907564019179682,0.5275996024977179,18.11764614200582,4.488939974523704,predictions/masks/qata_test_sub-S09356_ses-E19941_run-2_bp-chest_vp-ap_dx.png,predictions/probabilities/qata_test_sub-S09356_ses-E19941_run-2_bp-chest_vp-ap_dx.npy
qata_test_sub-S09356_ses-E20575_run-1_bp-chest_vp-ap_dx,sub-S09356,unet,1003,0.7600666061174685,0.61298986693184,29.496343295819166,6.640341213851629,predictions/masks/qata_test_sub-S09356_ses-E20575_run-1_bp-chest_vp-ap_dx.png,predictions/probabilities/qata_test_sub-S09356_ses-E20575_run-1_bp-chest_vp-ap_dx.npy
qata_test_sub-S09356_ses-E20900_run-1_bp-chest_vp-ap_dx,sub-S09356,unet,1003,0.9732121113727851,0.9478219622108639,3.0,0.8001774597350731,predictions/masks/qata_test_sub-S09356_ses-E20900_run-1_bp-chest_vp-ap_dx.png,predictions/probabilities/qata_test_sub-S09356_ses-E20900_run-1_bp-chest_vp-ap_dx.npy
qata_test_sub-S09356_ses-E21463_run-1_bp-chest_vp-ap_dx,sub-S09356,unet,1003,0.8623387978148095,0.7579926221967569,17.14632951522534,2.9954036429834634,predictions/masks/qata_test_sub-S09356_ses-E21463_run-1_bp-chest_vp-ap_dx.png,predictions/probabilities/qata_test_sub-S09356_ses-E21463_run-1_bp-chest_vp-ap_dx.npy
qata_test_sub-S09356_ses-E21620_run-1_bp-chest_vp-ap_dx,sub-S09356,unet,1003,0.9602651472835055,0.9235673352441005,4.242640687119285,1.3159646248597066,predictions/masks/qata_test_sub-S09356_ses-E21620_run-1_bp-chest_vp-ap_dx.png,predictions/probabilities/qata_test_sub-S09356_ses-E21620_run-1_bp-chest_vp-ap_dx.npy
qata_test_sub-S09356_ses-E21996_run-1_bp-chest_vp-ap_dx,sub-S09356,unet,1003,0.9193637970213615,0.8507616110657812,13.892443989449806,2.887846289299905,predictions/masks/qata_test_sub-S09356_ses-E21996_run-1_bp-chest_vp-ap_dx.png,predictions/probabilities/qata_test_sub-S09356_ses-E21996_run-1_bp-chest_vp-ap_dx.npy
qata_test_sub-S09356_ses-E22295_run-1_bp-chest_vp-ap_dx,sub-S09356,unet,1003,0.9643188998329106,0.931096357438264,3.0,1.0069053993473633,predictions/masks/qata_test_sub-S09356_ses-E22295_run-1_bp-chest_vp-ap_dx.png,predictions/probabilities/qata_test_sub-S09356_ses-E22295_run-1_bp-chest_vp-ap_dx.npy
qata_test_sub-S09356_ses-E23083_run-1_bp-chest_vp-ap_dx,sub-S09356,unet,1003,0.9723100589694372,0.9461122661127143,3.1622776601683795,0.8954620007461733,predictions/masks/qata_test_sub-S09356_ses-E23083_run-1_bp-chest_vp-ap_dx.png,predictions/probabilities/qata_test_sub-S09356_ses-E23083_run-1_bp-chest_vp-ap_dx.npy
qata_test_sub-S09356_ses-E26012_run-1_bp-chest_vp-ap_dx,sub-S09356,unet,1003,0.8085106382995422,0.6785714285761333,16.994112549695426,4.01656760996233,predictions/masks/qata_test_sub-S09356_ses-E26012_run-1_bp-chest_vp-ap_dx.png,predictions/probabilities/qata_test_sub-S09356_ses-E26012_run-1_bp-chest_vp-ap_dx.npy
qata_test_sub-S09356_ses-E26012_run-2_bp-chest_vp-ap_dx,sub-S09356,unet,1003,0.67696073816329,0.5116709365284419,65.5796443070995,18.195406283760065,predictions/masks/qata_test_sub-S09356_ses-E26012_run-2_bp-chest_vp-ap_dx.png,predictions/probabilities/qata_test_sub-S09356_ses-E26012_run-2_bp-chest_vp-ap_dx.npy
qata_test_sub-S09356_ses-E26447_acq-1_run-1_bp-chest_dx,sub-S09356,unet,1003,0.9192235441459047,0.8505214368503691,33.72461179749804,4.5577814009509465,predictions/masks/qata_test_sub-S09356_ses-E26447_acq-1_run-1_bp-chest_dx.png,predictions/probabilities/qata_test_sub-S09356_ses-E26447_acq-1_run-1_bp-chest_dx.npy
qata_test_sub-S09357_ses-E16148_run-1_bp-chest_vp-ap_dx,sub-S09357,unet,1003,0.609929078022321,0.43877551022092515,113.17614909850427,36.042429502992306,predictions/masks/qata_test_sub-S09357_ses-E16148_run-1_bp-chest_vp-ap_dx.png,predictions/probabilities/qata_test_sub-S09357_ses-E16148_run-1_bp-chest_vp-ap_dx.npy
qata_test_sub-S09357_ses-E17835_run-1_bp-chest_cr,sub-S09357,unet,1003,0.8339184445089409,0.7151459008932309,25.45584412271571,6.76614666055308,predictions/masks/qata_test_sub-S09357_ses-E17835_run-1_bp-chest_cr.png,predictions/probabilities/qata_test_sub-S09357_ses-E17835_run-1_bp-chest_cr.npy
qata_test_sub-S09357_ses-E18805_run-1_bp-chest_vp-pa_cr,sub-S09357,unet,1003,0.4071550255662872,0.25561497328193544,103.7940222695361,38.91046368883309,predictions/masks/qata_test_sub-S09357_ses-E18805_run-1_bp-chest_vp-pa_cr.png,predictions/probabilities/qata_test_sub-S09357_ses-E18805_run-1_bp-chest_vp-pa_cr.npy
qata_test_sub-S09357_ses-E20339_run-1_bp-chest_vp-pa_cr,sub-S09357,unet,1003,0.20110905731606085,0.11179613647530218,122.60729733861172,48.740439069378375,predictions/masks/qata_test_sub-S09357_ses-E20339_run-1_bp-chest_vp-pa_cr.png,predictions/probabilities/qata_test_sub-S09357_ses-E20339_run-1_bp-chest_vp-pa_cr.npy
qata_test_sub-S09358_ses-E16150_run-1_bp-chest_dx,sub-S09358,unet,1003,1.1086474499879548e-10,1.1086474499879548e-10,111.1561852080317,96.11452116616636,predictions/masks/qata_test_sub-S09358_ses-E16150_run-1_bp-chest_dx.png,predictions/probabilities/qata_test_sub-S09358_ses-E16150_run-1_bp-chest_dx.npy
qata_test_sub-S09359_ses-E16151_run-1_bp-chest_vp-ap_cr,sub-S09359,unet,1003,0.9081444164583016,0.8317440787501771,8.47234787586469,1.9970643979480172,predictions/masks/qata_test_sub-S09359_ses-E16151_run-1_bp-chest_vp-ap_cr.png,predictions/probabilities/qata_test_sub-S09359_ses-E16151_run-1_bp-chest_vp-ap_cr.npy
qata_test_sub-S09359_ses-E18678_run-1_bp-chest_vp-ap_dx,sub-S09359,unet,1003,0.5848404795857581,0.41326823666245643,94.98606645307504,20.48374178183388,predictions/masks/qata_test_sub-S09359_ses-E18678_run-1_bp-chest_vp-ap_dx.png,predictions/probabilities/qata_test_sub-S09359_ses-E18678_run-1_bp-chest_vp-ap_dx.npy
qata_test_sub-S09360_ses-E16152_run-1_bp-chest_vp-pa_cr,sub-S09360,unet,1003,0.8170163170269804,0.6906403941191487,5.656854249492381,2.387754166181038,predictions/masks/qata_test_sub-S09360_ses-E16152_run-1_bp-chest_vp-pa_cr.png,predictions/probabilities/qata_test_sub-S09360_ses-E16152_run-1_bp-chest_vp-pa_cr.npy
qata_test_sub-S09360_ses-E23550_acq-1_run-1_bp-chest_dx,sub-S09360,unet,1003,0.7754792180722058,0.6332920024912185,8.644070786487937,2.831971366937083,predictions/masks/qata_test_sub-S09360_ses-E23550_acq-1_run-1_bp-chest_dx.png,predictions/probabilities/qata_test_sub-S09360_ses-E23550_acq-1_run-1_bp-chest_dx.npy
qata_test_sub-S09360_ses-E24444_run-1_bp-chest_vp-pa_dx,sub-S09360,unet,1003,0.5841710321452049,0.41260000001174796,81.02468759581859,24.74155200187799,predictions/masks/qata_test_sub-S09360_ses-E24444_run-1_bp-chest_vp-pa_dx.png,predictions/probabilities/qata_test_sub-S09360_ses-E24444_run-1_bp-chest_vp-pa_dx.npy
qata_test_sub-S09361_ses-E16154_run-1_bp-chest_vp-ap_dx,sub-S09361,unet,1003,0.8057320135942424,0.6746660069353125,13.92838827718412,3.5175372448894326,predictions/masks/qata_test_sub-S09361_ses-E16154_run-1_bp-chest_vp-ap_dx.png,predictions/probabilities/qata_test_sub-S09361_ses-E16154_run-1_bp-chest_vp-ap_dx.npy
qata_test_sub-S09361_ses-E16589_run-1_bp-chest_vp-ap_dx,sub-S09361,unet,1003,0.8345485137439793,0.7160731472660868,11.180339887498949,2.772897698332996,predictions/masks/qata_test_sub-S09361_ses-E16589_run-1_bp-chest_vp-ap_dx.png,predictions/probabilities/qata_test_sub-S09361_ses-E16589_run-1_bp-chest_vp-ap_dx.npy
qata_test_sub-S09361_ses-E16787_run-1_bp-chest_vp-ap_dx,sub-S09361,unet,1003,0.5178624151308574,0.34940239046416727,25.0,6.694254278791271,predictions/masks/qata_test_sub-S09361_ses-E16787_run-1_bp-chest_vp-ap_dx.png,predictions/probabilities/qata_test_sub-S09361_ses-E16787_run-1_bp-chest_vp-ap_dx.npy
qata_test_sub-S09361_ses-E16908_run-1_bp-chest_vp-ap_dx,sub-S09361,unet,1003,0.8949928469256796,0.8099430347019694,7.615773105863909,1.973285689475653,predictions/masks/qata_test_sub-S09361_ses-E16908_run-1_bp-chest_vp-ap_dx.png,predictions/probabilities/qata_test_sub-S09361_ses-E16908_run-1_bp-chest_vp-ap_dx.npy
qata_test_sub-S09361_ses-E17169_run-1_bp-chest_vp-ap_dx,sub-S09361,unet,1003,0.8389733529534253,0.7226133483603883,11.661903789690601,2.56965127774371,predictions/masks/qata_test_sub-S09361_ses-E17169_run-1_bp-chest_vp-ap_dx.png,predictions/probabilities/qata_test_sub-S09361_ses-E17169_run-1_bp-chest_vp-ap_dx.npy
qata_test_sub-S09361_ses-E17408_run-1_bp-chest_vp-ap_dx,sub-S09361,unet,1003,0.9564508236836332,0.9165364176331185,2.8284271247461903,0.992474980584406,predictions/masks/qata_test_sub-S09361_ses-E17408_run-1_bp-chest_vp-ap_dx.png,predictions/probabilities/qata_test_sub-S09361_ses-E17408_run-1_bp-chest_vp-ap_dx.npy
qata_test_sub-S09361_ses-E18568_run-1_bp-chest_vp-ap_dx,sub-S09361,unet,1003,0.8032581453664903,0.6712041884902826,37.02427125281861,8.029276234051377,predictions/masks/qata_test_sub-S09361_ses-E18568_run-1_bp-chest_vp-ap_dx.png,predictions/probabilities/qata_test_sub-S09361_ses-E18568_run-1_bp-chest_vp-ap_dx.npy
qata_test_sub-S09361_ses-E19948_run-1_bp-chest_cr,sub-S09361,unet,1003,0.8672000000017707,0.7655367231693612,22.778949956423716,3.4180876259454447,predictions/masks/qata_test_sub-S09361_ses-E19948_run-1_bp-chest_cr.png,predictions/probabilities/qata_test_sub-S09361_ses-E19948_run-1_bp-chest_cr.npy
qata_test_sub-S09361_ses-E20256_run-1_bp-chest_vp-ap_dx,sub-S09361,unet,1003,0.9439274924474688,0.8938093603399265,8.48528137423857,1.8411854271588373,predictions/masks/qata_test_sub-S09361_ses-E20256_run-1_bp-chest_vp-ap_dx.png,predictions/probabilities/qata_test_sub-S09361_ses-E20256_run-1_bp-chest_vp-ap_dx.npy
qata_test_sub-S09361_ses-E20371_run-1_bp-chest_vp-ap_dx,sub-S09361,unet,1003,0.9009502335327674,0.8197538100847046,22.841661516273295,4.41088352325734,predictions/masks/qata_test_sub-S09361_ses-E20371_run-1_bp-chest_vp-ap_dx.png,predictions/probabilities/qata_test_sub-S09361_ses-E20371_run-1_bp-chest_vp-ap_dx.npy
qata_test_sub-S09361_ses-E20568_run-1_bp-chest_cr,sub-S09361,unet,1003,0.9061277705355701,0.8283671036982844,41.593268686170845,5.4015457425882385,predictions/masks/qata_test_sub-S09361_ses-E20568_run-1_bp-chest_cr.png,predictions/probabilities/qata_test_sub-S09361_ses-E20568_run-1_bp-chest_cr.npy
qata_test_sub-S09361_ses-E20765_run-1_bp-chest_vp-ap_dx,sub-S09361,unet,1003,0.784351972260681,0.6452130504609518,29.08176507250664,6.088430244683127,predictions/masks/qata_test_sub-S09361_ses-E20765_run-1_bp-chest_vp-ap_dx.png,predictions/probabilities/qata_test_sub-S09361_ses-E20765_run-1_bp-chest_vp-ap_dx.npy
qata_test_sub-S09361_ses-E21624_run-1_bp-chest_vp-ap_dx,sub-S09361,unet,1003,0.9593626482215949,0.9218991097932118,7.0,1.7943996635372792,predictions/masks/qata_test_sub-S09361_ses-E21624_run-1_bp-chest_vp-ap_dx.png,predictions/probabilities/qata_test_sub-S09361_ses-E21624_run-1_bp-chest_vp-ap_dx.npy
qata_test_sub-S09361_ses-E21885_run-1_bp-chest_vp-ap_dx,sub-S09361,unet,1003,0.9430790780597028,0.8922891566278036,6.324555320336759,1.5861134486854322,predictions/masks/qata_test_sub-S09361_ses-E21885_run-1_bp-chest_vp-ap_dx.png,predictions/probabilities/qata_test_sub-S09361_ses-E21885_run-1_bp-chest_vp-ap_dx.npy
qata_test_sub-S09361_ses-E22128_run-1_bp-chest_vp-ap_dx,sub-S09361,unet,1003,0.9435362000278642,0.893107932381104,6.4031242374328485,1.59187086221916,predictions/masks/qata_test_sub-S09361_ses-E22128_run-1_bp-chest_vp-ap_dx.png,predictions/probabilities/qata_test_sub-S09361_ses-E22128_run-1_bp-chest_vp-ap_dx.npy
qata_test_sub-S09361_ses-E22748_run-1_bp-chest_vp-ap_dx,sub-S09361,unet,1003,0.9453440176847453,0.8963529658363409,5.656854249492381,1.5967666090731998,predictions/masks/qata_test_sub-S09361_ses-E22748_run-1_bp-chest_vp-ap_dx.png,predictions/probabilities/qata_test_sub-S09361_ses-E22748_run-1_bp-chest_vp-ap_dx.npy
qata_test_sub-S09361_ses-E22749_run-1_bp-chest_vp-ap_dx,sub-S09361,unet,1003,0.9624248496996342,0.927571221632936,2.8284271247461903,0.9028179139336053,predictions/masks/qata_test_sub-S09361_ses-E22749_run-1_bp-chest_vp-ap_dx.png,predictions/probabilities/qata_test_sub-S09361_ses-E22749_run-1_bp-chest_vp-ap_dx.npy
qata_test_sub-S09361_ses-E22942_run-1_bp-chest_vp-ap_dx,sub-S09361,unet,1003,0.9669430748545106,0.9360017355468488,2.23606797749979,0.8740093803946497,predictions/masks/qata_test_sub-S09361_ses-E22942_run-1_bp-chest_vp-ap_dx.png,predictions/probabilities/qata_test_sub-S09361_ses-E22942_run-1_bp-chest_vp-ap_dx.npy
qata_test_sub-S09361_ses-E23085_run-1_bp-chest_vp-ap_dx,sub-S09361,unet,1003,0.9269833556072957,0.8639039855087872,12.754377448471446,2.7932869025182727,predictions/masks/qata_test_sub-S09361_ses-E23085_run-1_bp-chest_vp-ap_dx.png,predictions/probabilities/qata_test_sub-S09361_ses-E23085_run-1_bp-chest_vp-ap_dx.npy
qata_test_sub-S09361_ses-E23269_run-1_bp-chest_vp-ap_dx,sub-S09361,unet,1003,0.9662105889353586,0.9346299919445893,2.8284271247461903,0.8884696742494594,predictions/masks/qata_test_sub-S09361_ses-E23269_run-1_bp-chest_vp-ap_dx.png,predictions/probabilities/qata_test_sub-S09361_ses-E23269_run-1_bp-chest_vp-ap_dx.npy
qata_test_sub-S09362_ses-E17797_run-1_bp-chest_vp-ap_dx,sub-S09362,unet,1003,0.05500683788094505,0.028281250015183106,150.30664269020403,50.65202706686848,predictions/masks/qata_test_sub-S09362_ses-E17797_run-1_bp-chest_vp-ap_dx.png,predictions/probabilities/qata_test_sub-S09362_ses-E17797_run-1_bp-chest_vp-ap_dx.npy
qata_test_sub-S09362_ses-E26714_run-1_bp-chest_vp-pa_dx,sub-S09362,unet,1003,0.20025031292447854,0.11126564677277397,115.04996941484305,33.25805566586869,predictions/masks/qata_test_sub-S09362_ses-E26714_run-1_bp-chest_vp-pa_dx.png,predictions/probabilities/qata_test_sub-S09362_ses-E26714_run-1_bp-chest_vp-pa_dx.npy
qata_test_sub-S09363_ses-E16521_acq-2_run-1_bp-chest_vp-ap_dx,sub-S09363,unet,1003,0.7344323483686817,0.580318521435506,27.277146393575272,4.9886358052518505,predictions/masks/qata_test_sub-S09363_ses-E16521_acq-2_run-1_bp-chest_vp-ap_dx.png,predictions/probabilities/qata_test_sub-S09363_ses-E16521_acq-2_run-1_bp-chest_vp-ap_dx.npy
qata_test_sub-S09363_ses-E16917_acq-2_run-1_bp-chest_vp-ap_dx,sub-S09363,unet,1003,0.6378257329027094,0.4682409206476126,76.31316627215021,18.61595133886041,predictions/masks/qata_test_sub-S09363_ses-E16917_acq-2_run-1_bp-chest_vp-ap_dx.png,predictions/probabilities/qata_test_sub-S09363_ses-E16917_acq-2_run-1_bp-chest_vp-ap_dx.npy
qata_test_sub-S09363_ses-E17174_run-1_bp-chest_vp-ap_dx,sub-S09363,unet,1003,0.7892469412385017,0.6518645032768586,42.367981163457,8.246353516459695,predictions/masks/qata_test_sub-S09363_ses-E17174_run-1_bp-chest_vp-ap_dx.png,predictions/probabilities/qata_test_sub-S09363_ses-E17174_run-1_bp-chest_vp-ap_dx.npy
qata_test_sub-S09363_ses-E17466_run-1_bp-chest_vp-ap_dx,sub-S09363,unet,1003,0.36016544703531395,0.21963523478425234,109.06007176725478,22.36411068367631,predictions/masks/qata_test_sub-S09363_ses-E17466_run-1_bp-chest_vp-ap_dx.png,predictions/probabilities/qata_test_sub-S09363_ses-E17466_run-1_bp-chest_vp-ap_dx.npy
qata_test_sub-S09363_ses-E17952_run-1_bp-chest_vp-ap_dx,sub-S09363,unet,1003,0.8405209319100513,0.724912553441703,20.00499687890015,4.750333369954222,predictions/masks/qata_test_sub-S09363_ses-E17952_run-1_bp-chest_vp-ap_dx.png,predictions/probabilities/qata_test_sub-S09363_ses-E17952_run-1_bp-chest_vp-ap_dx.npy
qata_test_sub-S09363_ses-E18000_acq-2_run-1_bp-chest_vp-ap_dx,sub-S09363,unet,1003,0.6154699965340585,0.4445335203983912,41.14608122288197,9.96671822160479,predictions/masks/qata_test_sub-S09363_ses-E18000_acq-2_run-1_bp-chest_vp-ap_dx.png,predictions/probabilities/qata_test_sub-S09363_ses-E18000_acq-2_run-1_bp-chest_vp-ap_dx.npy
qata_test_sub-S09363_ses-E26711_run-1_bp-chest_vp-ap_dx,sub-S09363,unet,1003,0.8235619979696078,0.7000470883715268,19.954915307102755,4.558854579464791,predictions/masks/qata_test_sub-S09363_ses-E26711_run-1_bp-chest_vp-ap_dx.png,predictions/probabilities/qata_test_sub-S09363_ses-E26711_run-1_bp-chest_vp-ap_dx.npy
qata_test_sub-S09363_ses-E26971_run-1_bp-chest_vp-ap_dx,sub-S09363,unet,1003,0.789122982706971,0.6516954004729837,18.973665961010276,4.190895854419414,predictions/masks/qata_test_sub-S09363_ses-E26971_run-1_bp-chest_vp-ap_dx.png,predictions/probabilities/qata_test_sub-S09363_ses-E26971_run-1_bp-chest_vp-ap_dx.npy
qata_test_sub-S09365_ses-E16162_run-1_bp-chest_vp-ap_dx,sub-S09365,unet,1003,0.713714470985478,0.5548647286245192,99.04039579888602,16.03734387664507,predictions/masks/qata_test_sub-S09365_ses-E16162_run-1_bp-chest_vp-ap_dx.png,predictions/probabilities/qata_test_sub-S09365_ses-E16162_run-1_bp-chest_vp-ap_dx.npy
qata_test_sub-S09365_ses-E16695_run-1_bp-chest_vp-ap_dx,sub-S09365,unet,1003,0.9613492621226164,0.9255751014897569,6.0,2.0218442375083963,predictions/masks/qata_test_sub-S09365_ses-E16695_run-1_bp-chest_vp-ap_dx.png,predictions/probabilities/qata_test_sub-S09365_ses-E16695_run-1_bp-chest_vp-ap_dx.npy
qata_test_sub-S09365_ses-E17903_run-1_bp-chest_vp-ap_dx,sub-S09365,unet,1003,0.9526262202793758,0.9095379688939896,3.0,1.0583036604813454,predictions/masks/qata_test_sub-S09365_ses-E17903_run-1_bp-chest_vp-ap_dx.png,predictions/probabilities/qata_test_sub-S09365_ses-E17903_run-1_bp-chest_vp-ap_dx.npy
qata_test_sub-S09365_ses-E18705_run-1_bp-chest_vp-ap_cr,sub-S09365,unet,1003,0.8132992327388466,0.6853448275926654,21.963563370590677,4.857485267740145,predictions/masks/qata_test_sub-S09365_ses-E18705_run-1_bp-chest_vp-ap_cr.png,predictions/probabilities/qata_test_sub-S09365_ses-E18705_run-1_bp-chest_vp-ap_cr.npy
qata_test_sub-S09365_ses-E20937_run-1_bp-chest_vp-ap_dx,sub-S09365,unet,1003,0.8059482668362555,0.6749693036366432,27.68835484925207,5.549638776856242,predictions/masks/qata_test_sub-S09365_ses-E20937_run-1_bp-chest_vp-ap_dx.png,predictions/probabilities/qata_test_sub-S09365_ses-E20937_run-1_bp-chest_vp-ap_dx.npy
qata_test_sub-S09366_ses-E16163_run-1_bp-chest_vp-ap_cr,sub-S09366,unet,1003,0.9493544237460129,0.9035915109749357,6.0,1.462829381941419,predictions/masks/qata_test_sub-S09366_ses-E16163_run-1_bp-chest_vp-ap_cr.png,predictions/probabilities/qata_test_sub-S09366_ses-E16163_run-1_bp-chest_vp-ap_cr.npy
qata_test_sub-S09366_ses-E16600_run-1_bp-chest_vp-ap_cr,sub-S09366,unet,1003,0.9554777388696203,0.9147509578550866,7.0,1.384776315280652,predictions/masks/qata_test_sub-S09366_ses-E16600_run-1_bp-chest_vp-ap_cr.png,predictions/probabilities/qata_test_sub-S09366_ses-E16600_run-1_bp-chest_vp-ap_cr.npy
qata_test_sub-S09366_ses-E17172_run-1_bp-chest_vp-ap_cr,sub-S09366,unet,1003,0.9606932541774276,0.9243596830668476,5.0,1.1216948332758505,predictions/masks/qata_test_sub-S09366_ses-E17172_run-1_bp-chest_vp-ap_cr.png,predictions/probabilities/qata_test_sub-S09366_ses-E17172_run-1_bp-chest_vp-ap_cr.npy
qata_test_sub-S09366_ses-E18600_run-1_bp-chest_vp-ap_cr,sub-S09366,unet,1003,0.9593329296130837,0.9218442256049969,3.605551275463989,1.1372544092248296,predictions/masks/qata_test_sub-S09366_ses-E18600_run-1_bp-chest_vp-ap_cr.png,predictions/probabilities/qata_test_sub-S09366_ses-E18600_run-1_bp-chest_vp-ap_cr.npy
qata_test_sub-S09366_ses-E19205_run-1_bp-chest_vp-ap_cr,sub-S09366,unet,1003,0.965548138524414,0.9333910783894899,3.6055512754639896,1.0224797772808571,predictions/masks/qata_test_sub-S09366_ses-E19205_run-1_bp-chest_vp-ap_cr.png,predictions/probabilities/qata_test_sub-S09366_ses-E19205_run-1_bp-chest_vp-ap_cr.npy
qata_test_sub-S09366_ses-E19820_run-1_bp-chest_vp-ap_cr,sub-S09366,unet,1003,0.8846511627917707,0.7931609674763442,9.0,2.558761212067859,predictions/masks/qata_test_sub-S09366_ses-E19820_run-1_bp-chest_vp-ap_cr.png,predictions/probabilities/qata_test_sub-S09366_ses-E19820_run-1_bp-chest_vp-ap_cr.npy
qata_test_sub-S09366_ses-E19984_run-1_bp-chest_vp-ap_cr,sub-S09366,unet,1003,0.9719616534379344,0.9454527223508928,2.23606797749979,0.7318997726818617,predictions/masks/qata_test_sub-S09366_ses-E19984_run-1_bp-chest_vp-ap_cr.png,predictions/probabilities/qata_test_sub-S09366_ses-E19984_run-1_bp-chest_vp-ap_cr.npy
qata_test_sub-S09366_ses-E20187_run-1_bp-chest_vp-ap_cr,sub-S09366,unet,1003,0.8555701610258972,0.7475951184512017,15.22166618559718,2.805353084905173,predictions/masks/qata_test_sub-S09366_ses-E20187_run-1_bp-chest_vp-ap_cr.png,predictions/probabilities/qata_test_sub-S09366_ses-E20187_run-1_bp-chest_vp-ap_cr.npy
qata_test_sub-S09366_ses-E20399_run-1_bp-chest_vp-ap_cr,sub-S09366,unet,1003,0.919565022018875,0.8511063051085418,11.045361017187261,2.2284869367528874,predictions/masks/qata_test_sub-S09366_ses-E20399_run-1_bp-chest_vp-ap_cr.png,predictions/probabilities/qata_test_sub-S09366_ses-E20399_run-1_bp-chest_vp-ap_cr.npy
qata_test_sub-S09366_ses-E21128_run-1_bp-chest_vp-ap_cr,sub-S09366,unet,1003,0.898745969187397,0.8161114003147305,8.95820393249937,1.9411688401681704,predictions/masks/qata_test_sub-S09366_ses-E21128_run-1_bp-chest_vp-ap_cr.png,predictions/probabilities/qata_test_sub-S09366_ses-E21128_run-1_bp-chest_vp-ap_cr.npy
qata_test_sub-S09366_ses-E21487_run-1_bp-chest_vp-ap_cr,sub-S09366,unet,1003,0.9694561144545847,0.9407227853686566,2.23606797749979,0.8463661974839689,predictions/masks/qata_test_sub-S09366_ses-E21487_run-1_bp-chest_vp-ap_cr.png,predictions/probabilities/qata_test_sub-S09366_ses-E21487_run-1_bp-chest_vp-ap_cr.npy
qata_test_sub-S09366_ses-E21900_run-1_bp-chest_vp-ap_cr,sub-S09366,unet,1003,0.9676220507913305,0.9372750081822049,3.1622776601683795,0.8209234305732194,predictions/masks/qata_test_sub-S09366_ses-E21900_run-1_bp-chest_vp-ap_cr.png,predictions/probabilities/qata_test_sub-S09366_ses-E21900_run-1_bp-chest_vp-ap_cr.npy
qata_test_sub-S09366_ses-E22157_run-1_bp-chest_vp-ap_cr,sub-S09366,unet,1003,0.9417555373259578,0.889922480621159,5.0,1.544380916003346,predictions/masks/qata_test_sub-S09366_ses-E22157_run-1_bp-chest_vp-ap_cr.png,predictions/probabilities/qata_test_sub-S09366_ses-E22157_run-1_bp-chest_vp-ap_cr.npy
qata_test_sub-S09366_ses-E22573_run-1_bp-chest_vp-ap_cr,sub-S09366,unet,1003,0.8147427162428477,0.6873973502716807,13.790603271199739,3.5092425675131307,predictions/masks/qata_test_sub-S09366_ses-E22573_run-1_bp-chest_vp-ap_cr.png,predictions/probabilities/qata_test_sub-S09366_ses-E22573_run-1_bp-chest_vp-ap_cr.npy
qata_test_sub-S09366_ses-E22977_run-1_bp-chest_vp-ap_cr,sub-S09366,unet,1003,0.8532949521956754,0.7441276672068843,24.041630560342615,3.933690280526388,predictions/masks/qata_test_sub-S09366_ses-E22977_run-1_bp-chest_vp-ap_cr.png,predictions/probabilities/qata_test_sub-S09366_ses-E22977_run-1_bp-chest_vp-ap_cr.npy
qata_test_sub-S09366_ses-E23300_run-1_bp-chest_vp-ap_cr,sub-S09366,unet,1003,0.9134626376560856,0.8407098267528883,12.0291162051546,2.6869903549506264,predictions/masks/qata_test_sub-S09366_ses-E23300_run-1_bp-chest_vp-ap_cr.png,predictions/probabilities/qata_test_sub-S09366_ses-E23300_run-1_bp-chest_vp-ap_cr.npy
qata_test_sub-S09366_ses-E24177_acq-1_run-1_bp-chest_vp-pa_dx,sub-S09366,unet,1003,0.8577163247116668,0.750878563066168,9.0,3.252636430629343,predictions/masks/qata_test_sub-S09366_ses-E24177_acq-1_run-1_bp-chest_vp-pa_dx.png,predictions/probabilities/qata_test_sub-S09366_ses-E24177_acq-1_run-1_bp-chest_vp-pa_dx.npy
qata_test_sub-S09366_ses-E24258_run-1_bp-chest_vp-ap_cr,sub-S09366,unet,1003,0.9567049491863311,0.9170032470110319,5.0,1.4390872739136207,predictions/masks/qata_test_sub-S09366_ses-E24258_run-1_bp-chest_vp-ap_cr.png,predictions/probabilities/qata_test_sub-S09366_ses-E24258_run-1_bp-chest_vp-ap_cr.npy
qata_test_sub-S09366_ses-E26083_run-1_bp-chest_vp-ap_cr,sub-S09366,unet,1003,0.8750879308624753,0.7779167411152775,55.40029309920041,7.660607890710109,predictions/masks/qata_test_sub-S09366_ses-E26083_run-1_bp-chest_vp-ap_cr.png,predictions/probabilities/qata_test_sub-S09366_ses-E26083_run-1_bp-chest_vp-ap_cr.npy
qata_test_sub-S09368_ses-E18602_run-1_bp-chest_vp-ap_dx,sub-S09368,unet,1003,0.9694170340823751,0.9406491919062794,2.23606797749979,0.6863344370737897,predictions/masks/qata_test_sub-S09368_ses-E18602_run-1_bp-chest_vp-ap_dx.png,predictions/probabilities/qata_test_sub-S09368_ses-E18602_run-1_bp-chest_vp-ap_dx.npy
qata_test_sub-S09368_ses-E19120_run-1_bp-chest_vp-ap_dx,sub-S09368,unet,1003,0.9605027797923108,0.9240070691105571,5.830951894845301,1.7152988854726656,predictions/masks/qata_test_sub-S09368_ses-E19120_run-1_bp-chest_vp-ap_dx.png,predictions/probabilities/qata_test_sub-S09368_ses-E19120_run-1_bp-chest_vp-ap_dx.npy
qata_test_sub-S09368_ses-E19120_run-2_bp-chest_vp-ap_dx,sub-S09368,unet,1003,0.9733181793582654,0.9480231945182075,3.0,0.7342456280759397,predictions/masks/qata_test_sub-S09368_ses-E19120_run-2_bp-chest_vp-ap_dx.png,predictions/probabilities/qata_test_sub-S09368_ses-E19120_run-2_bp-chest_vp-ap_dx.npy
qata_test_sub-S09368_ses-E19401_run-1_bp-chest_vp-ap_cr,sub-S09368,unet,1003,0.9657084188913465,0.9336906889027825,3.0,0.8982773966808182,predictions/masks/qata_test_sub-S09368_ses-E19401_run-1_bp-chest_vp-ap_cr.png,predictions/probabilities/qata_test_sub-S09368_ses-E19401_run-1_bp-chest_vp-ap_cr.npy
qata_test_sub-S09368_ses-E20395_run-1_bp-chest_vp-ap_dx,sub-S09368,unet,1003,0.9505270447030043,0.9057184750746962,46.30322662036798,4.102140403055576,predictions/masks/qata_test_sub-S09368_ses-E20395_run-1_bp-chest_vp-ap_dx.png,predictions/probabilities/qata_test_sub-S09368_ses-E20395_run-1_bp-chest_vp-ap_dx.npy
qata_test_sub-S09368_ses-E20395_run-2_bp-chest_vp-ap_dx,sub-S09368,unet,1003,0.9518325903915811,0.9080921441239445,5.830951894845301,1.2827728983628575,predictions/masks/qata_test_sub-S09368_ses-E20395_run-2_bp-chest_vp-ap_dx.png,predictions/probabilities/qata_test_sub-S09368_ses-E20395_run-2_bp-chest_vp-ap_dx.npy
qata_test_sub-S09368_ses-E21331_run-1_bp-chest_vp-ap_dx,sub-S09368,unet,1003,0.9634236635571182,0.9294285714292435,2.8284271247461903,1.0966696208087034,predictions/masks/qata_test_sub-S09368_ses-E21331_run-1_bp-chest_vp-ap_dx.png,predictions/probabilities/qata_test_sub-S09368_ses-E21331_run-1_bp-chest_vp-ap_dx.npy
qata_test_sub-S09368_ses-E21658_run-1_bp-chest_vp-ap_dx,sub-S09368,unet,1003,0.9617439883412573,0.9263071704301519,3.0,0.9550289456038353,predictions/masks/qata_test_sub-S09368_ses-E21658_run-1_bp-chest_vp-ap_dx.png,predictions/probabilities/qata_test_sub-S09368_ses-E21658_run-1_bp-chest_vp-ap_dx.npy
qata_test_sub-S09368_ses-E22594_run-1_bp-chest_vp-ap_dx,sub-S09368,unet,1003,0.9732279449262288,0.9478519990073522,2.0,0.6092669067743586,predictions/masks/qata_test_sub-S09368_ses-E22594_run-1_bp-chest_vp-ap_dx.png,predictions/probabilities/qata_test_sub-S09368_ses-E22594_run-1_bp-chest_vp-ap_dx.npy
qata_test_sub-S09368_ses-E24685_run-1_bp-chest_vp-pa_dx,sub-S09368,unet,1003,0.903950270704472,0.824734723748936,14.00319984847549,2.62409504402836,predictions/masks/qata_test_sub-S09368_ses-E24685_run-1_bp-chest_vp-pa_dx.png,predictions/probabilities/qata_test_sub-S09368_ses-E24685_run-1_bp-chest_vp-pa_dx.npy
qata_test_sub-S09369_ses-E16167_run-1_bp-chest_vp-ap_dx,sub-S09369,unet,1003,0.7741788321193638,0.631559359887764,82.50331783136073,11.70974439967343,predictions/masks/qata_test_sub-S09369_ses-E16167_run-1_bp-chest_vp-ap_dx.png,predictions/probabilities/qata_test_sub-S09369_ses-E16167_run-1_bp-chest_vp-ap_dx.npy
qata_test_sub-S09370_ses-E16168_run-1_bp-chest_vp-ap_dx,sub-S09370,unet,1003,0.6841406768518865,0.5199193141946586,63.403176044736256,17.354753882068675,predictions/masks/qata_test_sub-S09370_ses-E16168_run-1_bp-chest_vp-ap_dx.png,predictions/probabilities/qata_test_sub-S09370_ses-E16168_run-1_bp-chest_vp-ap_dx.npy
qata_test_sub-S09370_ses-E17909_run-1_bp-chest_vp-ap_dx,sub-S09370,unet,1003,0.779719959734788,0.6389680516028353,19.0,4.478521068086487,predictions/masks/qata_test_sub-S09370_ses-E17909_run-1_bp-chest_vp-ap_dx.png,predictions/probabilities/qata_test_sub-S09370_ses-E17909_run-1_bp-chest_vp-ap_dx.npy
qata_test_sub-S09371_ses-E16169_run-1_bp-chest_vp-ap_dx,sub-S09371,unet,1003,0.7443600498838638,0.5928132900037412,28.404193549085544,6.836228225369559,predictions/masks/qata_test_sub-S09371_ses-E16169_run-1_bp-chest_vp-ap_dx.png,predictions/probabilities/qata_test_sub-S09371_ses-E16169_run-1_bp-chest_vp-ap_dx.npy
qata_test_sub-S09371_ses-E16353_run-1_bp-chest_vp-ap_dx,sub-S09371,unet,1003,0.731166347997492,0.5762507534787146,66.75870487866946,8.250087863329336,predictions/masks/qata_test_sub-S09371_ses-E16353_run-1_bp-chest_vp-ap_dx.png,predictions/probabilities/qata_test_sub-S09371_ses-E16353_run-1_bp-chest_vp-ap_dx.npy
qata_test_sub-S09371_ses-E16592_run-1_bp-chest_vp-ap_dx,sub-S09371,unet,1003,0.7407083515550862,0.5881944444515939,16.90831030820607,3.8835173706202717,predictions/masks/qata_test_sub-S09371_ses-E16592_run-1_bp-chest_vp-ap_dx.png,predictions/probabilities/qata_test_sub-S09371_ses-E16592_run-1_bp-chest_vp-ap_dx.npy
qata_test_sub-S09371_ses-E16689_run-1_bp-chest_vp-ap_dx,sub-S09371,unet,1003,0.7586341083786493,0.6111285266518632,34.03673771762135,8.837757865542418,predictions/masks/qata_test_sub-S09371_ses-E16689_run-1_bp-chest_vp-ap_dx.png,predictions/probabilities/qata_test_sub-S09371_ses-E16689_run-1_bp-chest_vp-ap_dx.npy
qata_test_sub-S09371_ses-E16810_run-1_bp-chest_vp-ap_dx,sub-S09371,unet,1003,0.7280587981006478,0.5723997280834059,36.25501635102899,5.888635649231364,predictions/masks/qata_test_sub-S09371_ses-E16810_run-1_bp-chest_vp-ap_dx.png,predictions/probabilities/qata_test_sub-S09371_ses-E16810_run-1_bp-chest_vp-ap_dx.npy
qata_test_sub-S09371_ses-E16936_run-1_bp-chest_vp-ap_dx,sub-S09371,unet,1003,0.7433070866175419,0.5914786967503868,26.62141457136711,5.238284876980695,predictions/masks/qata_test_sub-S09371_ses-E16936_run-1_bp-chest_vp-ap_dx.png,predictions/probabilities/qata_test_sub-S09371_ses-E16936_run-1_bp-chest_vp-ap_dx.npy
qata_test_sub-S09371_ses-E17184_run-1_bp-chest_vp-ap_dx,sub-S09371,unet,1003,0.667846085807639,0.5013280212593774,38.59274491038471,6.441513045166537,predictions/masks/qata_test_sub-S09371_ses-E17184_run-1_bp-chest_vp-ap_dx.png,predictions/probabilities/qata_test_sub-S09371_ses-E17184_run-1_bp-chest_vp-ap_dx.npy
qata_test_sub-S09371_ses-E17422_run-1_bp-chest_vp-ap_dx,sub-S09371,unet,1003,0.8851665375688887,0.7939899253118987,11.40175425099138,2.33573987860519,predictions/masks/qata_test_sub-S09371_ses-E17422_run-1_bp-chest_vp-ap_dx.png,predictions/probabilities/qata_test_sub-S09371_ses-E17422_run-1_bp-chest_vp-ap_dx.npy
qata_test_sub-S09371_ses-E17519_run-1_bp-chest_vp-ap_dx,sub-S09371,unet,1003,0.6499585749829125,0.4814360233279927,46.772796096858556,9.901376514815674,predictions/masks/qata_test_sub-S09371_ses-E17519_run-1_bp-chest_vp-ap_dx.png,predictions/probabilities/qata_test_sub-S09371_ses-E17519_run-1_bp-chest_vp-ap_dx.npy
qata_test_sub-S09371_ses-E17614_run-1_bp-chest_vp-ap_dx,sub-S09371,unet,1003,0.8767455980583208,0.7805405405444947,31.50374312731711,5.4408467432763965,predictions/masks/qata_test_sub-S09371_ses-E17614_run-1_bp-chest_vp-ap_dx.png,predictions/probabilities/qata_test_sub-S09371_ses-E17614_run-1_bp-chest_vp-ap_dx.npy
qata_test_sub-S09371_ses-E18434_run-1_bp-chest_cr,sub-S09371,unet,1003,0.3050475493909099,0.1799741044630994,101.49876810683796,30.46166498193027,predictions/masks/qata_test_sub-S09371_ses-E18434_run-1_bp-chest_cr.png,predictions/probabilities/qata_test_sub-S09371_ses-E18434_run-1_bp-chest_cr.npy
qata_test_sub-S09371_ses-E18616_run-1_bp-chest_vp-ap_dx,sub-S09371,unet,1003,0.8949838356461051,0.8099282748242747,11.661903789690601,2.1946384608845833,predictions/masks/qata_test_sub-S09371_ses-E18616_run-1_bp-chest_vp-ap_dx.png,predictions/probabilities/qata_test_sub-S09371_ses-E18616_run-1_bp-chest_vp-ap_dx.npy
qata_test_sub-S09371_ses-E18951_run-1_bp-chest_vp-ap_dx,sub-S09371,unet,1003,0.8538647343003993,0.7449947312987881,24.83011193990885,4.279915157580628,predictions/masks/qata_test_sub-S09371_ses-E18951_run-1_bp-chest_vp-ap_dx.png,predictions/probabilities/qata_test_sub-S09371_ses-E18951_run-1_bp-chest_vp-ap_dx.npy
qata_test_sub-S09371_ses-E19129_run-1_bp-chest_vp-ap_dx,sub-S09371,unet,1003,0.9318137414527398,0.8723326423622444,11.40175425099138,1.923916957383051,predictions/masks/qata_test_sub-S09371_ses-E19129_run-1_bp-chest_vp-ap_dx.png,predictions/probabilities/qata_test_sub-S09371_ses-E19129_run-1_bp-chest_vp-ap_dx.npy
qata_test_sub-S09371_ses-E20202_run-1_bp-chest_vp-ap_dx,sub-S09371,unet,1003,0.9079701120802741,0.8314517048713483,9.211336491335084,2.0176237663999568,predictions/masks/qata_test_sub-S09371_ses-E20202_run-1_bp-chest_vp-ap_dx.png,predictions/probabilities/qata_test_sub-S09371_ses-E20202_run-1_bp-chest_vp-ap_dx.npy
qata_test_sub-S09371_ses-E20280_run-1_bp-chest_vp-ap_dx,sub-S09371,unet,1003,0.8367298578218396,0.7192910979890142,16.240244321224054,2.959476728620287,predictions/masks/qata_test_sub-S09371_ses-E20280_run-1_bp-chest_vp-ap_dx.png,predictions/probabilities/qata_test_sub-S09371_ses-E20280_run-1_bp-chest_vp-ap_dx.npy
qata_test_sub-S09371_ses-E20406_run-1_bp-chest_vp-ap_dx,sub-S09371,unet,1003,0.9225247308069463,0.8561910952249563,8.949827571406066,1.7060202349418667,predictions/masks/qata_test_sub-S09371_ses-E20406_run-1_bp-chest_vp-ap_dx.png,predictions/probabilities/qata_test_sub-S09371_ses-E20406_run-1_bp-chest_vp-ap_dx.npy
qata_test_sub-S09371_ses-E20807_run-1_bp-chest_vp-ap_dx,sub-S09371,unet,1003,0.5599491821572186,0.3888398765022312,58.03533394321825,11.56985761325839,predictions/masks/qata_test_sub-S09371_ses-E20807_run-1_bp-chest_vp-ap_dx.png,predictions/probabilities/qata_test_sub-S09371_ses-E20807_run-1_bp-chest_vp-ap_dx.npy
qata_test_sub-S09371_ses-E21160_run-1_bp-chest_cr,sub-S09371,unet,1003,0.8396148966352742,0.7235657319304918,31.016124838541643,5.038117979079361,predictions/masks/qata_test_sub-S09371_ses-E21160_run-1_bp-chest_cr.png,predictions/probabilities/qata_test_sub-S09371_ses-E21160_run-1_bp-chest_cr.npy
qata_test_sub-S09371_ses-E21357_run-1_bp-chest_vp-ap_dx,sub-S09371,unet,1003,0.9565907564567031,0.9167934464608918,6.0,1.8432843109580261,predictions/masks/qata_test_sub-S09371_ses-E21357_run-1_bp-chest_vp-ap_dx.png,predictions/probabilities/qata_test_sub-S09371_ses-E21357_run-1_bp-chest_vp-ap_dx.npy
qata_test_sub-S09371_ses-E21497_run-1_bp-chest_vp-ap_dx,sub-S09371,unet,1003,0.9461588969143391,0.8978193146430178,8.06225774829855,1.3954262965394855,predictions/masks/qata_test_sub-S09371_ses-E21497_run-1_bp-chest_vp-ap_dx.png,predictions/probabilities/qata_test_sub-S09371_ses-E21497_run-1_bp-chest_vp-ap_dx.npy
qata_test_sub-S09371_ses-E21840_run-1_bp-chest_vp-ap_dx,sub-S09371,unet,1003,0.9204031599023678,0.8525433992748027,19.1049731745428,2.9605302453249496,predictions/masks/qata_test_sub-S09371_ses-E21840_run-1_bp-chest_vp-ap_dx.png,predictions/probabilities/qata_test_sub-S09371_ses-E21840_run-1_bp-chest_vp-ap_dx.npy
qata_test_sub-S09371_ses-E21897_run-1_bp-chest_vp-ap_dx,sub-S09371,unet,1003,0.8825446779826621,0.7897807282279263,10.770329614269007,2.294185051405912,predictions/masks/qata_test_sub-S09371_ses-E21897_run-1_bp-chest_vp-ap_dx.png,predictions/probabilities/qata_test_sub-S09371_ses-E21897_run-1_bp-chest_vp-ap_dx.npy
qata_test_sub-S09371_ses-E22017_run-1_bp-chest_vp-ap_dx,sub-S09371,unet,1003,0.9537257309496299,0.9115446677437062,4.0,0.962064644418169,predictions/masks/qata_test_sub-S09371_ses-E22017_run-1_bp-chest_vp-ap_dx.png,predictions/probabilities/qata_test_sub-S09371_ses-E22017_run-1_bp-chest_vp-ap_dx.npy
qata_test_sub-S09371_ses-E22181_run-1_bp-chest_vp-ap_dx,sub-S09371,unet,1003,0.9605647186590609,0.9241217186897724,3.1622776601683795,0.9222049148606611,predictions/masks/qata_test_sub-S09371_ses-E22181_run-1_bp-chest_vp-ap_dx.png,predictions/probabilities/qata_test_sub-S09371_ses-E22181_run-1_bp-chest_vp-ap_dx.npy
qata_test_sub-S09371_ses-E22335_run-1_bp-chest_vp-ap_dx,sub-S09371,unet,1003,0.8915974145901053,0.8043985338253182,9.848857801796104,2.261961509311653,predictions/masks/qata_test_sub-S09371_ses-E22335_run-1_bp-chest_vp-ap_dx.png,predictions/probabilities/qata_test_sub-S09371_ses-E22335_run-1_bp-chest_vp-ap_dx.npy
qata_test_sub-S09371_ses-E22786_run-1_bp-chest_vp-ap_dx,sub-S09371,unet,1003,0.9188813349820852,0.849935686725026,11.661903789690601,1.9961290520811625,predictions/masks/qata_test_sub-S09371_ses-E22786_run-1_bp-chest_vp-ap_dx.png,predictions/probabilities/qata_test_sub-S09371_ses-E22786_run-1_bp-chest_vp-ap_dx.npy
qata_test_sub-S09371_ses-E22991_run-1_bp-chest_vp-ap_dx,sub-S09371,unet,1003,0.8638433124313732,0.7603205806780535,18.027756377319946,3.1922290816935712,predictions/masks/qata_test_sub-S09371_ses-E22991_run-1_bp-chest_vp-ap_dx.png,predictions/probabilities/qata_test_sub-S09371_ses-E22991_run-1_bp-chest_vp-ap_dx.npy
qata_test_sub-S09371_ses-E23116_run-1_bp-chest_vp-ap_dx,sub-S09371,unet,1003,0.9342652687640683,0.8766396002517701,6.324555320336759,1.319268892357917,predictions/masks/qata_test_sub-S09371_ses-E23116_run-1_bp-chest_vp-ap_dx.png,predictions/probabilities/qata_test_sub-S09371_ses-E23116_run-1_bp-chest_vp-ap_dx.npy
qata_test_sub-S09371_ses-E23322_run-1_bp-chest_vp-ap_dx,sub-S09371,unet,1003,0.8736067013451759,0.7755787453547369,17.0,3.415813267072638,predictions/masks/qata_test_sub-S09371_ses-E23322_run-1_bp-chest_vp-ap_dx.png,predictions/probabilities/qata_test_sub-S09371_ses-E23322_run-1_bp-chest_vp-ap_dx.npy
qata_test_sub-S09371_ses-E23628_run-1_bp-chest_cr,sub-S09371,unet,1003,0.8360963168566792,0.7183552462011039,22.142709590178235,4.293047619576887,predictions/masks/qata_test_sub-S09371_ses-E23628_run-1_bp-chest_cr.png,predictions/probabilities/qata_test_sub-S09371_ses-E23628_run-1_bp-chest_cr.npy
qata_test_sub-S09371_ses-E24064_run-1_bp-chest_cr,sub-S09371,unet,1003,0.8588555253379649,0.7526264591463752,24.041630560342615,3.7503483286795287,predictions/masks/qata_test_sub-S09371_ses-E24064_run-1_bp-chest_cr.png,predictions/probabilities/qata_test_sub-S09371_ses-E24064_run-1_bp-chest_cr.npy
qata_test_sub-S09371_ses-E24083_run-1_bp-chest_vp-ap_dx,sub-S09371,unet,1003,0.7653578808964365,0.6199026171695085,31.04834939252005,7.079818741570803,predictions/masks/qata_test_sub-S09371_ses-E24083_run-1_bp-chest_vp-ap_dx.png,predictions/probabilities/qata_test_sub-S09371_ses-E24083_run-1_bp-chest_vp-ap_dx.npy
qata_test_sub-S09371_ses-E24510_run-1_bp-chest_vp-ap_dx,sub-S09371,unet,1003,0.7890383903247866,0.6515800203944632,21.0,4.312295950132031,predictions/masks/qata_test_sub-S09371_ses-E24510_run-1_bp-chest_vp-ap_dx.png,predictions/probabilities/qata_test_sub-S09371_ses-E24510_run-1_bp-chest_vp-ap_dx.npy
qata_test_sub-S09371_ses-E26504_run-1_bp-chest_cr,sub-S09371,unet,1003,0.7390070922004326,0.5860517435367147,39.0960246157111,7.132758920389041,predictions/masks/qata_test_sub-S09371_ses-E26504_run-1_bp-chest_cr.png,predictions/probabilities/qata_test_sub-S09371_ses-E26504_run-1_bp-chest_cr.npy
qata_test_sub-S09372_ses-E16170_run-1_bp-chest_vp-ap_dx,sub-S09372,unet,1003,0.9748926014322206,0.9510150866092193,1.4142135623730951,0.49909157984392627,predictions/masks/qata_test_sub-S09372_ses-E16170_run-1_bp-chest_vp-ap_dx.png,predictions/probabilities/qata_test_sub-S09372_ses-E16170_run-1_bp-chest_vp-ap_dx.npy
qata_test_sub-S09373_ses-E16171_run-1_bp-chest_vp-pa_dx,sub-S09373,unet,1003,0.8448938897615027,0.7314426633851678,18.633051136732668,3.751531988445123,predictions/masks/qata_test_sub-S09373_ses-E16171_run-1_bp-chest_vp-pa_dx.png,predictions/probabilities/qata_test_sub-S09373_ses-E16171_run-1_bp-chest_vp-pa_dx.npy
qata_test_sub-S09373_ses-E22331_run-1_bp-chest_vp-ap_dx,sub-S09373,unet,1003,0.959970031039495,0.9230215086968918,3.137936011143108,1.3291868985981024,predictions/masks/qata_test_sub-S09373_ses-E22331_run-1_bp-chest_vp-ap_dx.png,predictions/probabilities/qata_test_sub-S09373_ses-E22331_run-1_bp-chest_vp-ap_dx.npy
qata_test_sub-S09374_ses-E16172_run-1_bp-chest_vp-ap_dx,sub-S09374,unet,1003,0.8432718949543033,0.7290147885913556,19.170178618107073,5.618792365146115,predictions/masks/qata_test_sub-S09374_ses-E16172_run-1_bp-chest_vp-ap_dx.png,predictions/probabilities/qata_test_sub-S09374_ses-E16172_run-1_bp-chest_vp-ap_dx.npy
qata_test_sub-S09374_ses-E17342_run-1_bp-chest_vp-ap_dx,sub-S09374,unet,1003,0.9251558214912732,0.8607348302109785,8.473327868088365,1.7665803329657097,predictions/masks/qata_test_sub-S09374_ses-E17342_run-1_bp-chest_vp-ap_dx.png,predictions/probabilities/qata_test_sub-S09374_ses-E17342_run-1_bp-chest_vp-ap_dx.npy
qata_test_sub-S09374_ses-E18958_run-1_bp-chest_vp-ap_dx,sub-S09374,unet,1003,0.8932752781819712,0.8071341143590289,11.40175425099138,2.6491690019897227,predictions/masks/qata_test_sub-S09374_ses-E18958_run-1_bp-chest_vp-ap_dx.png,predictions/probabilities/qata_test_sub-S09374_ses-E18958_run-1_bp-chest_vp-ap_dx.npy
qata_test_sub-S09374_ses-E22603_run-1_bp-chest_dx,sub-S09374,unet,1003,0.8743524453430999,0.7767550702062909,8.602325267042627,2.3672257543782425,predictions/masks/qata_test_sub-S09374_ses-E22603_run-1_bp-chest_dx.png,predictions/probabilities/qata_test_sub-S09374_ses-E22603_run-1_bp-chest_dx.npy
qata_test_sub-S09374_ses-E25195_acq-1_run-1_bp-chest_vp-ap_dx,sub-S09374,unet,1003,0.7257015590224881,0.5694910514601581,93.9770811748941,24.437251756464107,predictions/masks/qata_test_sub-S09374_ses-E25195_acq-1_run-1_bp-chest_vp-ap_dx.png,predictions/probabilities/qata_test_sub-S09374_ses-E25195_acq-1_run-1_bp-chest_vp-ap_dx.npy
qata_test_sub-S09375_ses-E16173_acq-1_run-1_bp-chest_vp-ll_dx,sub-S09375,unet,1003,0.5577850365599971,0.3867558239994229,109.03208191138157,27.692763537716562,predictions/masks/qata_test_sub-S09375_ses-E16173_acq-1_run-1_bp-chest_vp-ll_dx.png,predictions/probabilities/qata_test_sub-S09375_ses-E16173_acq-1_run-1_bp-chest_vp-ll_dx.npy
qata_test_sub-S09375_ses-E16595_run-1_bp-chest_vp-ap_dx,sub-S09375,unet,1003,0.9682941531046618,0.9385370413662413,2.8284271247461903,2.63052423587965,predictions/masks/qata_test_sub-S09375_ses-E16595_run-1_bp-chest_vp-ap_dx.png,predictions/probabilities/qata_test_sub-S09375_ses-E16595_run-1_bp-chest_vp-ap_dx.npy
qata_test_sub-S09375_ses-E18944_run-1_bp-chest_vp-ap_dx,sub-S09375,unet,1003,0.8892742135262661,0.8006244424665337,56.387744413082046,7.821586885870317,predictions/masks/qata_test_sub-S09375_ses-E18944_run-1_bp-chest_vp-ap_dx.png,predictions/probabilities/qata_test_sub-S09375_ses-E18944_run-1_bp-chest_vp-ap_dx.npy
qata_test_sub-S09375_ses-E19417_run-1_bp-chest_vp-ap_cr,sub-S09375,unet,1003,0.9264130821193884,0.8629139072870379,37.543883526822604,4.6672650206173785,predictions/masks/qata_test_sub-S09375_ses-E19417_run-1_bp-chest_vp-ap_cr.png,predictions/probabilities/qata_test_sub-S09375_ses-E19417_run-1_bp-chest_vp-ap_cr.npy
qata_test_sub-S09375_ses-E20663_run-1_bp-chest_vp-ap_cr,sub-S09375,unet,1003,0.616309012892004,0.4454094293148009,74.0016891120784,11.363884385580947,predictions/masks/qata_test_sub-S09375_ses-E20663_run-1_bp-chest_vp-ap_cr.png,predictions/probabilities/qata_test_sub-S09375_ses-E20663_run-1_bp-chest_vp-ap_cr.npy
qata_test_sub-S09375_ses-E21490_run-1_bp-chest_vp-ap_dx,sub-S09375,unet,1003,0.8214070956124905,0.6969387755163889,66.9718644634235,11.711283703105973,predictions/masks/qata_test_sub-S09375_ses-E21490_run-1_bp-chest_vp-ap_dx.png,predictions/probabilities/qata_test_sub-S09375_ses-E21490_run-1_bp-chest_vp-ap_dx.npy
qata_test_sub-S09375_ses-E21827_run-1_bp-chest_vp-ap_cr,sub-S09375,unet,1003,0.9443261332527703,0.8945244956792598,4.049242250247062,1.1934943773369808,predictions/masks/qata_test_sub-S09375_ses-E21827_run-1_bp-chest_vp-ap_cr.png,predictions/probabilities/qata_test_sub-S09375_ses-E21827_run-1_bp-chest_vp-ap_cr.npy
qata_test_sub-S09375_ses-E22333_run-1_bp-chest_vp-ap_cr,sub-S09375,unet,1003,0.9296800760226531,0.8686001775712163,8.0,1.4471525840800301,predictions/masks/qata_test_sub-S09375_ses-E22333_run-1_bp-chest_vp-ap_cr.png,predictions/probabilities/qata_test_sub-S09375_ses-E22333_run-1_bp-chest_vp-ap_cr.npy
qata_test_sub-S09375_ses-E22596_run-1_bp-chest_vp-ap_cr,sub-S09375,unet,1003,0.6287051482348903,0.4584755404484101,14.1120439557122,4.468048370944079,predictions/masks/qata_test_sub-S09375_ses-E22596_run-1_bp-chest_vp-ap_cr.png,predictions/probabilities/qata_test_sub-S09375_ses-E22596_run-1_bp-chest_vp-ap_cr.npy
qata_test_sub-S09375_ses-E22795_run-1_bp-chest_vp-ap_cr,sub-S09375,unet,1003,0.8919989437563771,0.8050524308912047,8.94427190999916,2.144854840407013,predictions/masks/qata_test_sub-S09375_ses-E22795_run-1_bp-chest_vp-ap_cr.png,predictions/probabilities/qata_test_sub-S09375_ses-E22795_run-1_bp-chest_vp-ap_cr.npy
qata_test_sub-S09376_ses-E16176_run-1_bp-chest_vp-ap_dx,sub-S09376,unet,1003,0.9682485489930109,0.9384513567180846,2.354539806949097,0.7932800379946788,predictions/masks/qata_test_sub-S09376_ses-E16176_run-1_bp-chest_vp-ap_dx.png,predictions/probabilities/qata_test_sub-S09376_ses-E16176_run-1_bp-chest_vp-ap_dx.npy
qata_test_sub-S09376_ses-E16481_run-1_bp-chest_vp-ap_dx,sub-S09376,unet,1003,0.7530672464687602,0.6039357329729239,14.142135623730951,2.8962889676799124,predictions/masks/qata_test_sub-S09376_ses-E16481_run-1_bp-chest_vp-ap_dx.png,predictions/probabilities/qata_test_sub-S09376_ses-E16481_run-1_bp-chest_vp-ap_dx.npy
qata_test_sub-S09376_ses-E16617_run-1_bp-chest_vp-ap_dx,sub-S09376,unet,1003,0.9734106994836867,0.9481987577646186,2.0,0.6279911864604738,predictions/masks/qata_test_sub-S09376_ses-E16617_run-1_bp-chest_vp-ap_dx.png,predictions/probabilities/qata_test_sub-S09376_ses-E16617_run-1_bp-chest_vp-ap_dx.npy
qata_test_sub-S09376_ses-E16703_run-1_bp-chest_vp-ap_dx,sub-S09376,unet,1003,0.9748714006978367,0.9509747375712195,2.23606797749979,0.6146536943956167,predictions/masks/qata_test_sub-S09376_ses-E16703_run-1_bp-chest_vp-ap_dx.png,predictions/probabilities/qata_test_sub-S09376_ses-E16703_run-1_bp-chest_vp-ap_dx.npy
qata_test_sub-S09376_ses-E16820_run-1_bp-chest_vp-ap_dx,sub-S09376,unet,1003,0.9661554062620982,0.9345267287894247,5.0,1.4263227614881324,predictions/masks/qata_test_sub-S09376_ses-E16820_run-1_bp-chest_vp-ap_dx.png,predictions/probabilities/qata_test_sub-S09376_ses-E16820_run-1_bp-chest_vp-ap_dx.npy
qata_test_sub-S09376_ses-E17178_run-1_bp-chest_vp-ap_dx,sub-S09376,unet,1003,0.9792988908002889,0.9594374709442185,1.4142135623730951,0.48764304419707827,predictions/masks/qata_test_sub-S09376_ses-E17178_run-1_bp-chest_vp-ap_dx.png,predictions/probabilities/qata_test_sub-S09376_ses-E17178_run-1_bp-chest_vp-ap_dx.npy
qata_test_sub-S09376_ses-E17915_run-1_bp-chest_vp-ap_dx,sub-S09376,unet,1003,0.920517776606803,0.8527400976684455,12.033275663033836,2.15634823339958,predictions/masks/qata_test_sub-S09376_ses-E17915_run-1_bp-chest_vp-ap_dx.png,predictions/probabilities/qata_test_sub-S09376_ses-E17915_run-1_bp-chest_vp-ap_dx.npy
qata_test_sub-S09376_ses-E18458_run-1_bp-chest_cr,sub-S09376,unet,1003,0.9002883717156075,0.8186585906351111,20.036199421661927,2.5481178666601654,predictions/masks/qata_test_sub-S09376_ses-E18458_run-1_bp-chest_cr.png,predictions/probabilities/qata_test_sub-S09376_ses-E18458_run-1_bp-chest_cr.npy
qata_test_sub-S09376_ses-E18625_run-1_bp-chest_vp-ap_dx,sub-S09376,unet,1003,0.9724167854709451,0.9463143925691118,2.8284271247461903,0.6935142986610616,predictions/masks/qata_test_sub-S09376_ses-E18625_run-1_bp-chest_vp-ap_dx.png,predictions/probabilities/qata_test_sub-S09376_ses-E18625_run-1_bp-chest_vp-ap_dx.npy
qata_test_sub-S09376_ses-E18732_run-1_bp-chest_cr,sub-S09376,unet,1003,0.9764556851440334,0.9539945373851656,2.0,0.662967857988907,predictions/masks/qata_test_sub-S09376_ses-E18732_run-1_bp-chest_cr.png,predictions/probabilities/qata_test_sub-S09376_ses-E18732_run-1_bp-chest_cr.npy
qata_test_sub-S09376_ses-E18978_run-1_bp-chest_cr,sub-S09376,unet,1003,0.9765710532078976,0.9542148053063396,2.0,0.6178182449332176,predictions/masks/qata_test_sub-S09376_ses-E18978_run-1_bp-chest_cr.png,predictions/probabilities/qata_test_sub-S09376_ses-E18978_run-1_bp-chest_cr.npy
qata_test_sub-S09376_ses-E19213_run-1_bp-chest_cr,sub-S09376,unet,1003,0.9704343097942606,0.942566675469467,2.0,0.6672133120804025,predictions/masks/qata_test_sub-S09376_ses-E19213_run-1_bp-chest_cr.png,predictions/probabilities/qata_test_sub-S09376_ses-E19213_run-1_bp-chest_cr.npy
qata_test_sub-S09376_ses-E19844_run-1_bp-chest_cr,sub-S09376,unet,1003,0.977233695891597,0.9554809265482177,2.0,1.2206919362239113,predictions/masks/qata_test_sub-S09376_ses-E19844_run-1_bp-chest_cr.png,predictions/probabilities/qata_test_sub-S09376_ses-E19844_run-1_bp-chest_cr.npy
qata_test_sub-S09376_ses-E21166_run-1_bp-chest_cr,sub-S09376,unet,1003,0.9594258901464476,0.9220159151199544,7.0710678118654755,1.3153493445514088,predictions/masks/qata_test_sub-S09376_ses-E21166_run-1_bp-chest_cr.png,predictions/probabilities/qata_test_sub-S09376_ses-E21166_run-1_bp-chest_cr.npy
qata_test_sub-S09376_ses-E21514_run-1_bp-chest_cr,sub-S09376,unet,1003,0.9685260205673183,0.9389728096682883,2.0,0.8189623834522052,predictions/masks/qata_test_sub-S09376_ses-E21514_run-1_bp-chest_cr.png,predictions/probabilities/qata_test_sub-S09376_ses-E21514_run-1_bp-chest_cr.npy
qata_test_sub-S09376_ses-E21843_run-1_bp-chest_cr,sub-S09376,unet,1003,0.9739914356548389,0.9493014673583227,2.0,0.7010590516195643,predictions/masks/qata_test_sub-S09376_ses-E21843_run-1_bp-chest_cr.png,predictions/probabilities/qata_test_sub-S09376_ses-E21843_run-1_bp-chest_cr.npy
qata_test_sub-S09376_ses-E21908_run-1_bp-chest_cr,sub-S09376,unet,1003,0.9715184540195971,0.944614376229576,2.8284271247461903,0.7791592705726526,predictions/masks/qata_test_sub-S09376_ses-E21908_run-1_bp-chest_cr.png,predictions/probabilities/qata_test_sub-S09376_ses-E21908_run-1_bp-chest_cr.npy
qata_test_sub-S09376_ses-E22030_acq-1_run-1_bp-chest_cr,sub-S09376,unet,1003,0.9774168691839404,0.9558312079763989,1.4142135623730951,0.5286137956677743,predictions/masks/qata_test_sub-S09376_ses-E22030_acq-1_run-1_bp-chest_cr.png,predictions/probabilities/qata_test_sub-S09376_ses-E22030_acq-1_run-1_bp-chest_cr.npy
qata_test_sub-S09376_ses-E22821_run-1_bp-chest_cr,sub-S09376,unet,1003,0.9765324321788391,0.9541410620934225,2.0,0.6133440592032292,predictions/masks/qata_test_sub-S09376_ses-E22821_run-1_bp-chest_cr.png,predictions/probabilities/qata_test_sub-S09376_ses-E22821_run-1_bp-chest_cr.npy
qata_test_sub-S09376_ses-E23127_run-1_bp-chest_cr,sub-S09376,unet,1003,0.9696551724140023,0.9410977242310429,2.23606797749979,0.7131732119948799,predictions/masks/qata_test_sub-S09376_ses-E23127_run-1_bp-chest_cr.png,predictions/probabilities/qata_test_sub-S09376_ses-E23127_run-1_bp-chest_cr.npy
qata_test_sub-S09376_ses-E26132_run-1_bp-chest_vp-ap_cr,sub-S09376,unet,1003,0.9149338374295461,0.8432055749143685,14.150919895708213,2.2121624806021734,predictions/masks/qata_test_sub-S09376_ses-E26132_run-1_bp-chest_vp-ap_cr.png,predictions/probabilities/qata_test_sub-S09376_ses-E26132_run-1_bp-chest_vp-ap_cr.npy
qata_test_sub-S09377_ses-E16177_run-1_bp-chest_vp-ap_cr,sub-S09377,unet,1003,0.8540327868871602,0.745250629440484,11.180339887498949,3.0887301744833544,predictions/masks/qata_test_sub-S09377_ses-E16177_run-1_bp-chest_vp-ap_cr.png,predictions/probabilities/qata_test_sub-S09377_ses-E16177_run-1_bp-chest_vp-ap_cr.npy
qata_test_sub-S09377_ses-E16266_run-1_bp-chest_vp-ap_cr,sub-S09377,unet,1003,0.7209302325630562,0.5636363636483848,56.67158733541537,8.862779454903388,predictions/masks/qata_test_sub-S09377_ses-E16266_run-1_bp-chest_vp-ap_cr.png,predictions/probabilities/qata_test_sub-S09377_ses-E16266_run-1_bp-chest_vp-ap_cr.npy
qata_test_sub-S09377_ses-E16465_run-1_bp-chest_vp-ap_cr,sub-S09377,unet,1003,0.9244118137840078,0.8594477195203398,7.0,1.817703059585745,predictions/masks/qata_test_sub-S09377_ses-E16465_run-1_bp-chest_vp-ap_cr.png,predictions/probabilities/qata_test_sub-S09377_ses-E16465_run-1_bp-chest_vp-ap_cr.npy
qata_test_sub-S09377_ses-E16686_run-1_bp-chest_vp-ap_cr,sub-S09377,unet,1003,0.6487317448251834,0.48009101254379455,15.05318629278263,3.8698576480173768,predictions/masks/qata_test_sub-S09377_ses-E16686_run-1_bp-chest_vp-ap_cr.png,predictions/probabilities/qata_test_sub-S09377_ses-E16686_run-1_bp-chest_vp-ap_cr.npy
qata_test_sub-S09377_ses-E16818_run-1_bp-chest_vp-ap_cr,sub-S09377,unet,1003,0.8627287853591646,0.7585954645252634,48.17668633684941,9.015763376258912,predictions/masks/qata_test_sub-S09377_ses-E16818_run-1_bp-chest_vp-ap_cr.png,predictions/probabilities/qata_test_sub-S09377_ses-E16818_run-1_bp-chest_vp-ap_cr.npy
qata_test_sub-S09377_ses-E17033_run-1_bp-chest_vp-ap_cr,sub-S09377,unet,1003,0.90541976620742,0.8271844660236121,5.0,1.4198241474470459,predictions/masks/qata_test_sub-S09377_ses-E17033_run-1_bp-chest_vp-ap_cr.png,predictions/probabilities/qata_test_sub-S09377_ses-E17033_run-1_bp-chest_vp-ap_cr.npy
qata_test_sub-S09377_ses-E17133_run-1_bp-chest_vp-ap_cr,sub-S09377,unet,1003,0.6618234653167122,0.4945711183633396,108.6662320833089,29.31892340444884,predictions/masks/qata_test_sub-S09377_ses-E17133_run-1_bp-chest_vp-ap_cr.png,predictions/probabilities/qata_test_sub-S09377_ses-E17133_run-1_bp-chest_vp-ap_cr.npy
qata_test_sub-S09377_ses-E17181_run-1_bp-chest_vp-ap_cr,sub-S09377,unet,1003,0.9419023136254254,0.8901846452893541,4.0,0.9202137028740395,predictions/masks/qata_test_sub-S09377_ses-E17181_run-1_bp-chest_vp-ap_cr.png,predictions/probabilities/qata_test_sub-S09377_ses-E17181_run-1_bp-chest_vp-ap_cr.npy
qata_test_sub-S09377_ses-E18164_run-2_bp-chest_vp-ap_cr,sub-S09377,unet,1003,0.7059490799111044,0.5455342359058581,51.48243168612673,9.14102247696997,predictions/masks/qata_test_sub-S09377_ses-E18164_run-2_bp-chest_vp-ap_cr.png,predictions/probabilities/qata_test_sub-S09377_ses-E18164_run-2_bp-chest_vp-ap_cr.npy
qata_test_sub-S09377_ses-E18972_run-1_bp-chest_vp-ap_cr,sub-S09377,unet,1003,0.7423469387837262,0.5902636917043477,137.6774883707748,42.95856396598771,predictions/masks/qata_test_sub-S09377_ses-E18972_run-1_bp-chest_vp-ap_cr.png,predictions/probabilities/qata_test_sub-S09377_ses-E18972_run-1_bp-chest_vp-ap_cr.npy
qata_test_sub-S09377_ses-E20007_run-1_bp-chest_vp-ap_cr,sub-S09377,unet,1003,0.7800556299588953,0.6394190170609743,67.09989348992039,13.370509983423528,predictions/masks/qata_test_sub-S09377_ses-E20007_run-1_bp-chest_vp-ap_cr.png,predictions/probabilities/qata_test_sub-S09377_ses-E20007_run-1_bp-chest_vp-ap_cr.npy
qata_test_sub-S09377_ses-E20007_run-2_bp-chest_vp-ap_cr,sub-S09377,unet,1003,0.67393244104733,0.5082187830480801,60.42555782608537,13.917336589976783,predictions/masks/qata_test_sub-S09377_ses-E20007_run-2_bp-chest_vp-ap_cr.png,predictions/probabilities/qata_test_sub-S09377_ses-E20007_run-2_bp-chest_vp-ap_cr.npy
qata_test_sub-S09377_ses-E20288_run-1_bp-chest_vp-ap_cr,sub-S09377,unet,1003,0.9235495687117623,0.8579582875991667,4.0,1.3507131201024614,predictions/masks/qata_test_sub-S09377_ses-E20288_run-1_bp-chest_vp-ap_cr.png,predictions/probabilities/qata_test_sub-S09377_ses-E20288_run-1_bp-chest_vp-ap_cr.npy
qata_test_sub-S09377_ses-E20815_run-1_bp-chest_vp-ap_cr,sub-S09377,unet,1003,0.8798380373957384,0.7854560918608238,9.013846284534354,2.349962691744406,predictions/masks/qata_test_sub-S09377_ses-E20815_run-1_bp-chest_vp-ap_cr.png,predictions/probabilities/qata_test_sub-S09377_ses-E20815_run-1_bp-chest_vp-ap_cr.npy
qata_test_sub-S09377_ses-E20946_run-1_bp-chest_vp-pa_cr,sub-S09377,unet,1003,0.7763177859382262,0.6344112687251542,26.94804634152592,5.627332648816801,predictions/masks/qata_test_sub-S09377_ses-E20946_run-1_bp-chest_vp-pa_cr.png,predictions/probabilities/qata_test_sub-S09377_ses-E20946_run-1_bp-chest_vp-pa_cr.npy
qata_test_sub-S09377_ses-E21154_run-1_bp-chest_vp-ap_cr,sub-S09377,unet,1003,0.9438399824162673,0.8936524453716201,2.8284271247461903,0.9876487358710406,predictions/masks/qata_test_sub-S09377_ses-E21154_run-1_bp-chest_vp-ap_cr.png,predictions/probabilities/qata_test_sub-S09377_ses-E21154_run-1_bp-chest_vp-ap_cr.npy
qata_test_sub-S09377_ses-E22026_run-1_bp-chest_vp-ap_cr,sub-S09377,unet,1003,0.8639125151895165,0.7604278074902914,17.69180601295413,2.930678095753703,predictions/masks/qata_test_sub-S09377_ses-E22026_run-1_bp-chest_vp-ap_cr.png,predictions/probabilities/qata_test_sub-S09377_ses-E22026_run-1_bp-chest_vp-ap_cr.npy
qata_test_sub-S09377_ses-E22343_run-1_bp-chest_vp-ap_cr,sub-S09377,unet,1003,0.8073859522108691,0.6769884638802471,62.38348356426235,8.28817000164167,predictions/masks/qata_test_sub-S09377_ses-E22343_run-1_bp-chest_vp-ap_cr.png,predictions/probabilities/qata_test_sub-S09377_ses-E22343_run-1_bp-chest_vp-ap_cr.npy
qata_test_sub-S09377_ses-E22803_run-1_bp-chest_vp-ap_cr,sub-S09377,unet,1003,0.8687331536405831,0.7679294734389343,66.10786242360855,7.403448649484552,predictions/masks/qata_test_sub-S09377_ses-E22803_run-1_bp-chest_vp-ap_cr.png,predictions/probabilities/qata_test_sub-S09377_ses-E22803_run-1_bp-chest_vp-ap_cr.npy
qata_test_sub-S09377_ses-E22805_run-1_bp-chest_vp-ap_cr,sub-S09377,unet,1003,0.9302736098857338,0.8696369636980245,10.74930204403884,2.03389948352013,predictions/masks/qata_test_sub-S09377_ses-E22805_run-1_bp-chest_vp-ap_cr.png,predictions/probabilities/qata_test_sub-S09377_ses-E22805_run-1_bp-chest_vp-ap_cr.npy
qata_test_sub-S09377_ses-E23332_run-1_bp-chest_vp-ap_cr,sub-S09377,unet,1003,0.5490384615493019,0.37839628895366484,24.531735084834985,7.749788293427866,predictions/masks/qata_test_sub-S09377_ses-E23332_run-1_bp-chest_vp-ap_cr.png,predictions/probabilities/qata_test_sub-S09377_ses-E23332_run-1_bp-chest_vp-ap_cr.npy
qata_test_sub-S09377_ses-E26807_run-1_bp-chest_vp-ap_cr,sub-S09377,unet,1003,0.899357601714858,0.8171206225740233,9.251709958507439,1.8755015402960826,predictions/masks/qata_test_sub-S09377_ses-E26807_run-1_bp-chest_vp-ap_cr.png,predictions/probabilities/qata_test_sub-S09377_ses-E26807_run-1_bp-chest_vp-ap_cr.npy
qata_test_sub-S09378_ses-E18629_run-1_bp-chest_vp-pa_dx,sub-S09378,unet,1003,4.8590864915034456e-11,4.8590864915034456e-11,132.8964463473775,63.70708951859056,predictions/masks/qata_test_sub-S09378_ses-E18629_run-1_bp-chest_vp-pa_dx.png,predictions/probabilities/qata_test_sub-S09378_ses-E18629_run-1_bp-chest_vp-pa_dx.npy
qata_test_sub-S09379_ses-E16179_run-1_bp-chest_vp-ap_cr,sub-S09379,unet,1003,0.8315152585795543,0.7116184140924362,15.132745950421558,4.96840040167027,predictions/masks/qata_test_sub-S09379_ses-E16179_run-1_bp-chest_vp-ap_cr.png,predictions/probabilities/qata_test_sub-S09379_ses-E16179_run-1_bp-chest_vp-ap_cr.npy
qata_test_sub-S09379_ses-E16621_run-1_bp-chest_vp-ap_cr,sub-S09379,unet,1003,0.8308135349179679,0.7105911330071537,17.0,5.195397203071186,predictions/masks/qata_test_sub-S09379_ses-E16621_run-1_bp-chest_vp-ap_cr.png,predictions/probabilities/qata_test_sub-S09379_ses-E16621_run-1_bp-chest_vp-ap_cr.npy
qata_test_sub-S09379_ses-E16705_run-1_bp-chest_vp-ap_cr,sub-S09379,unet,1003,0.949893316814819,0.9045683948357831,6.082762530298219,1.7039539414523286,predictions/masks/qata_test_sub-S09379_ses-E16705_run-1_bp-chest_vp-ap_cr.png,predictions/probabilities/qata_test_sub-S09379_ses-E16705_run-1_bp-chest_vp-ap_cr.npy
qata_test_sub-S09379_ses-E16946_run-1_bp-chest_vp-ap_cr,sub-S09379,unet,1003,0.9333770922221005,0.8750769230777773,7.280109889280518,2.119859090820278,predictions/masks/qata_test_sub-S09379_ses-E16946_run-1_bp-chest_vp-ap_cr.png,predictions/probabilities/qata_test_sub-S09379_ses-E16946_run-1_bp-chest_vp-ap_cr.npy
qata_test_sub-S09379_ses-E16950_run-1_bp-chest_vp-ap_cr,sub-S09379,unet,1003,0.9414511980508277,0.889379116312492,7.615773105863909,1.9828553102628048,predictions/masks/qata_test_sub-S09379_ses-E16950_run-1_bp-chest_vp-ap_cr.png,predictions/probabilities/qata_test_sub-S09379_ses-E16950_run-1_bp-chest_vp-ap_cr.npy
qata_test_sub-S09379_ses-E17190_run-1_bp-chest_vp-ap_cr,sub-S09379,unet,1003,0.849743902002759,0.7387432272545386,24.13498120124012,5.713584947689052,predictions/masks/qata_test_sub-S09379_ses-E17190_run-1_bp-chest_vp-ap_cr.png,predictions/probabilities/qata_test_sub-S09379_ses-E17190_run-1_bp-chest_vp-ap_cr.npy
qata_test_sub-S09379_ses-E17430_run-1_bp-chest_vp-ap_cr,sub-S09379,unet,1003,0.9281454759628648,0.865924857477396,12.609147276228114,3.3654174784638804,predictions/masks/qata_test_sub-S09379_ses-E17430_run-1_bp-chest_vp-ap_cr.png,predictions/probabilities/qata_test_sub-S09379_ses-E17430_run-1_bp-chest_vp-ap_cr.npy
qata_test_sub-S09379_ses-E17431_run-1_bp-chest_vp-ap_cr,sub-S09379,unet,1003,0.9190586625102876,0.8502391671366754,11.40175425099138,3.013816509685724,predictions/masks/qata_test_sub-S09379_ses-E17431_run-1_bp-chest_vp-ap_cr.png,predictions/probabilities/qata_test_sub-S09379_ses-E17431_run-1_bp-chest_vp-ap_cr.npy
qata_test_sub-S09379_ses-E17911_run-1_bp-chest_vp-ap_cr,sub-S09379,unet,1003,0.9541178729124434,0.9122613803236985,5.656854249492381,1.5069884396661961,predictions/masks/qata_test_sub-S09379_ses-E17911_run-1_bp-chest_vp-ap_cr.png,predictions/probabilities/qata_test_sub-S09379_ses-E17911_run-1_bp-chest_vp-ap_cr.npy
qata_test_sub-S09379_ses-E17912_run-1_bp-chest_vp-ap_cr,sub-S09379,unet,1003,0.9362710918981444,0.8801782905094377,10.295630140987,2.3631565575327502,predictions/masks/qata_test_sub-S09379_ses-E17912_run-1_bp-chest_vp-ap_cr.png,predictions/probabilities/qata_test_sub-S09379_ses-E17912_run-1_bp-chest_vp-ap_cr.npy
qata_test_sub-S09379_ses-E17914_run-1_bp-chest_vp-ap_cr,sub-S09379,unet,1003,0.9408543648427784,0.8883144428985994,9.0,2.2244768186049435,predictions/masks/qata_test_sub-S09379_ses-E17914_run-1_bp-chest_vp-ap_cr.png,predictions/probabilities/qata_test_sub-S09379_ses-E17914_run-1_bp-chest_vp-ap_cr.npy
qata_test_sub-S09379_ses-E18623_run-1_bp-chest_vp-ap_cr,sub-S09379,unet,1003,0.8204802899872203,0.6956054087300584,22.0,6.469734474791998,predictions/masks/qata_test_sub-S09379_ses-E18623_run-1_bp-chest_vp-ap_cr.png,predictions/probabilities/qata_test_sub-S09379_ses-E18623_run-1_bp-chest_vp-ap_cr.npy
qata_test_sub-S09379_ses-E18624_run-1_bp-chest_vp-ap_cr,sub-S09379,unet,1003,0.9381059435157436,0.8834270592134739,7.810249675906654,2.32906639098871,predictions/masks/qata_test_sub-S09379_ses-E18624_run-1_bp-chest_vp-ap_cr.png,predictions/probabilities/qata_test_sub-S09379_ses-E18624_run-1_bp-chest_vp-ap_cr.npy
qata_test_sub-S09379_ses-E18624_run-2_bp-chest_vp-ap_cr,sub-S09379,unet,1003,0.9042656187715459,0.8252598752616916,10.781813133555547,3.3386388066407484,predictions/masks/qata_test_sub-S09379_ses-E18624_run-2_bp-chest_vp-ap_cr.png,predictions/probabilities/qata_test_sub-S09379_ses-E18624_run-2_bp-chest_vp-ap_cr.npy
qata_test_sub-S09379_ses-E18975_run-1_bp-chest_vp-ap_cr,sub-S09379,unet,1003,0.9611391098428528,0.9251855748440868,5.385164807134504,1.4277239186035438,predictions/masks/qata_test_sub-S09379_ses-E18975_run-1_bp-chest_vp-ap_cr.png,predictions/probabilities/qata_test_sub-S09379_ses-E18975_run-1_bp-chest_vp-ap_cr.npy
qata_test_sub-S09379_ses-E19206_run-1_bp-chest_vp-ap_cr,sub-S09379,unet,1003,0.5922262380344162,0.42068282137266294,27.59346894062856,7.793153357357913,predictions/masks/qata_test_sub-S09379_ses-E19206_run-1_bp-chest_vp-ap_cr.png,predictions/probabilities/qata_test_sub-S09379_ses-E19206_run-1_bp-chest_vp-ap_cr.npy
qata_test_sub-S09379_ses-E20285_run-1_bp-chest_vp-ap_cr,sub-S09379,unet,1003,0.8995686999388617,0.8174692049287839,13.038404810405298,3.1139086743815603,predictions/masks/qata_test_sub-S09379_ses-E20285_run-1_bp-chest_vp-ap_cr.png,predictions/probabilities/qata_test_sub-S09379_ses-E20285_run-1_bp-chest_vp-ap_cr.npy
qata_test_sub-S09379_ses-E20416_run-1_bp-chest_vp-ap_cr,sub-S09379,unet,1003,0.7181543396476581,0.5602502406202092,42.720018726587654,9.987650993531746,predictions/masks/qata_test_sub-S09379_ses-E20416_run-1_bp-chest_vp-ap_cr.png,predictions/probabilities/qata_test_sub-S09379_ses-E20416_run-1_bp-chest_vp-ap_cr.npy
qata_test_sub-S09379_ses-E20823_run-1_bp-chest_vp-ap_cr,sub-S09379,unet,1003,0.7478678560937758,0.5972755030173234,21.0,6.231660977220476,predictions/masks/qata_test_sub-S09379_ses-E20823_run-1_bp-chest_vp-ap_cr.png,predictions/probabilities/qata_test_sub-S09379_ses-E20823_run-1_bp-chest_vp-ap_cr.npy
qata_test_sub-S09379_ses-E21909_run-2_bp-chest_vp-ap_cr,sub-S09379,unet,1003,0.6318269436749643,0.4618033813484376,31.851357382692854,8.856659397979513,predictions/masks/qata_test_sub-S09379_ses-E21909_run-2_bp-chest_vp-ap_cr.png,predictions/probabilities/qata_test_sub-S09379_ses-E21909_run-2_bp-chest_vp-ap_cr.npy
qata_test_sub-S09379_ses-E22174_run-1_bp-chest_vp-ap_cr,sub-S09379,unet,1003,0.8919758353531111,0.8050147856098755,13.416407864998739,3.517108990676412,predictions/masks/qata_test_sub-S09379_ses-E22174_run-1_bp-chest_vp-ap_cr.png,predictions/probabilities/qata_test_sub-S09379_ses-E22174_run-1_bp-chest_vp-ap_cr.npy
qata_test_sub-S09379_ses-E22175_run-1_bp-chest_vp-ap_cr,sub-S09379,unet,1003,0.9207014034322486,0.8530553142203704,10.770329614269007,2.7874609277104057,predictions/masks/qata_test_sub-S09379_ses-E22175_run-1_bp-chest_vp-ap_cr.png,predictions/probabilities/qata_test_sub-S09379_ses-E22175_run-1_bp-chest_vp-ap_cr.npy
qata_test_sub-S09379_ses-E22352_run-1_bp-chest_vp-ap_cr,sub-S09379,unet,1003,0.9177386158994155,0.8479824092241756,12.126274348343255,3.1460125539545385,predictions/masks/qata_test_sub-S09379_ses-E22352_run-1_bp-chest_vp-ap_cr.png,predictions/probabilities/qata_test_sub-S09379_ses-E22352_run-1_bp-chest_vp-ap_cr.npy
qata_test_sub-S09379_ses-E22818_run-1_bp-chest_vp-ap_cr,sub-S09379,unet,1003,0.873902328972011,0.7760448773284673,18.35755975068582,4.711478205955618,predictions/masks/qata_test_sub-S09379_ses-E22818_run-1_bp-chest_vp-ap_cr.png,predictions/probabilities/qata_test_sub-S09379_ses-E22818_run-1_bp-chest_vp-ap_cr.npy
qata_test_sub-S09379_ses-E23008_run-1_bp-chest_vp-ap_cr,sub-S09379,unet,1003,0.8173789293046864,0.6911587739810918,17.46424919657298,5.731928120545901,predictions/masks/qata_test_sub-S09379_ses-E23008_run-1_bp-chest_vp-ap_cr.png,predictions/probabilities/qata_test_sub-S09379_ses-E23008_run-1_bp-chest_vp-ap_cr.npy
qata_test_sub-S09379_ses-E23128_run-1_bp-chest_vp-ap_cr,sub-S09379,unet,1003,0.787933114980907,0.6500739560834562,28.868652410357434,7.484604428825373,predictions/masks/qata_test_sub-S09379_ses-E23128_run-1_bp-chest_vp-ap_cr.png,predictions/probabilities/qata_test_sub-S09379_ses-E23128_run-1_bp-chest_vp-ap_cr.npy
qata_test_sub-S09380_ses-E23119_run-2_bp-chest_cr,sub-S09380,unet,1003,0.941138211384028,0.888820638827468,2.6211014232099368,1.022088816029616,predictions/masks/qata_test_sub-S09380_ses-E23119_run-2_bp-chest_cr.png,predictions/probabilities/qata_test_sub-S09380_ses-E23119_run-2_bp-chest_cr.npy
qata_test_sub-S09382_ses-E16183_run-1_bp-chest_vp-ap_cr,sub-S09382,unet,1003,0.39952578542383393,0.24962962963889349,95.65324605124255,33.74003008236018,predictions/masks/qata_test_sub-S09382_ses-E16183_run-1_bp-chest_vp-ap_cr.png,predictions/probabilities/qata_test_sub-S09382_ses-E16183_run-1_bp-chest_vp-ap_cr.npy
qata_test_sub-S09382_ses-E16291_run-1_bp-chest_vp-ap_cr,sub-S09382,unet,1003,0.9702533639351503,0.9422253299541804,3.154163777159931,0.8347280747764074,predictions/masks/qata_test_sub-S09382_ses-E16291_run-1_bp-chest_vp-ap_cr.png,predictions/probabilities/qata_test_sub-S09382_ses-E16291_run-1_bp-chest_vp-ap_cr.npy
qata_test_sub-S09382_ses-E16381_run-1_bp-chest_vp-ap_cr,sub-S09382,unet,1003,0.9480420039381533,0.9012165956129644,4.0,1.2367939500722147,predictions/masks/qata_test_sub-S09382_ses-E16381_run-1_bp-chest_vp-ap_cr.png,predictions/probabilities/qata_test_sub-S09382_ses-E16381_run-1_bp-chest_vp-ap_cr.npy
qata_test_sub-S09382_ses-E16495_run-1_bp-chest_vp-ap_cr,sub-S09382,unet,1003,0.9646347389451723,0.9316854401342127,2.8284271247461903,0.9120497071945041,predictions/masks/qata_test_sub-S09382_ses-E16495_run-1_bp-chest_vp-ap_cr.png,predictions/probabilities/qata_test_sub-S09382_ses-E16495_run-1_bp-chest_vp-ap_cr.npy
qata_test_sub-S09382_ses-E16569_run-1_bp-chest_vp-ap_cr,sub-S09382,unet,1003,0.9688844338638897,0.939646791964196,3.0,0.8957251555665655,predictions/masks/qata_test_sub-S09382_ses-E16569_run-1_bp-chest_vp-ap_cr.png,predictions/probabilities/qata_test_sub-S09382_ses-E16569_run-1_bp-chest_vp-ap_cr.npy
qata_test_sub-S09382_ses-E16637_run-1_bp-chest_vp-ap_cr,sub-S09382,unet,1003,0.9764190668688882,0.9539246338657732,2.0,0.6722716722679851,predictions/masks/qata_test_sub-S09382_ses-E16637_run-1_bp-chest_vp-ap_cr.png,predictions/probabilities/qata_test_sub-S09382_ses-E16637_run-1_bp-chest_vp-ap_cr.npy
qata_test_sub-S09382_ses-E16838_run-1_bp-chest_vp-ap_cr,sub-S09382,unet,1003,0.9744751120548503,0.9502208318002372,2.0,0.6810621684025097,predictions/masks/qata_test_sub-S09382_ses-E16838_run-1_bp-chest_vp-ap_cr.png,predictions/probabilities/qata_test_sub-S09382_ses-E16838_run-1_bp-chest_vp-ap_cr.npy
qata_test_sub-S09382_ses-E17142_run-1_bp-chest_vp-pa_cr,sub-S09382,unet,1003,0.9644412836698176,0.931324577217518,3.0,0.9903490063782743,predictions/masks/qata_test_sub-S09382_ses-E17142_run-1_bp-chest_vp-pa_cr.png,predictions/probabilities/qata_test_sub-S09382_ses-E17142_run-1_bp-chest_vp-pa_cr.npy
qata_test_sub-S09382_ses-E17280_run-1_bp-chest_vp-ap_cr,sub-S09382,unet,1003,0.9716758836260078,0.944912083801488,2.23606797749979,0.7675999046962796,predictions/masks/qata_test_sub-S09382_ses-E17280_run-1_bp-chest_vp-ap_cr.png,predictions/probabilities/qata_test_sub-S09382_ses-E17280_run-1_bp-chest_vp-ap_cr.npy
qata_test_sub-S09382_ses-E17362_run-1_bp-chest_vp-ap_cr,sub-S09382,unet,1003,0.9511400651467948,0.9068322981374279,4.123105625617661,1.3854311553652687,predictions/masks/qata_test_sub-S09382_ses-E17362_run-1_bp-chest_vp-ap_cr.png,predictions/probabilities/qata_test_sub-S09382_ses-E17362_run-1_bp-chest_vp-ap_cr.npy
qata_test_sub-S09382_ses-E17692_run-1_bp-chest_vp-ap_cr,sub-S09382,unet,1003,0.9728479578150107,0.9471314059268023,2.0,0.7290190557139811,predictions/masks/qata_test_sub-S09382_ses-E17692_run-1_bp-chest_vp-ap_cr.png,predictions/probabilities/qata_test_sub-S09382_ses-E17692_run-1_bp-chest_vp-ap_cr.npy
qata_test_sub-S09382_ses-E17827_run-1_bp-chest_vp-ap_cr,sub-S09382,unet,1003,0.9565428031589722,0.91670535797273,5.385164807134504,1.1761266348648838,predictions/masks/qata_test_sub-S09382_ses-E17827_run-1_bp-chest_vp-ap_cr.png,predictions/probabilities/qata_test_sub-S09382_ses-E17827_run-1_bp-chest_vp-ap_cr.npy
qata_test_sub-S09382_ses-E18223_run-1_bp-chest_vp-ap_cr,sub-S09382,unet,1003,0.822027059103622,0.6978318691085852,19.6468827043885,3.7393863257577835,predictions/masks/qata_test_sub-S09382_ses-E18223_run-1_bp-chest_vp-ap_cr.png,predictions/probabilities/qata_test_sub-S09382_ses-E18223_run-1_bp-chest_vp-ap_cr.npy
qata_test_sub-S09382_ses-E18643_run-1_bp-chest_vp-ap_cr,sub-S09382,unet,1003,0.9607998139969273,0.9245570073391395,3.0,1.1005687671141369,predictions/masks/qata_test_sub-S09382_ses-E18643_run-1_bp-chest_vp-ap_cr.png,predictions/probabilities/qata_test_sub-S09382_ses-E18643_run-1_bp-chest_vp-ap_cr.npy
qata_test_sub-S09382_ses-E18774_run-1_bp-chest_vp-ap_cr,sub-S09382,unet,1003,0.9784972610580553,0.957899791900449,2.0,0.6132982281156033,predictions/masks/qata_test_sub-S09382_ses-E18774_run-1_bp-chest_vp-ap_cr.png,predictions/probabilities/qata_test_sub-S09382_ses-E18774_run-1_bp-chest_vp-ap_cr.npy
qata_test_sub-S09382_ses-E18775_run-1_bp-chest_vp-ap_cr,sub-S09382,unet,1003,0.9748554186573848,0.95094432180565,2.0,0.689945839468849,predictions/masks/qata_test_sub-S09382_ses-E18775_run-1_bp-chest_vp-ap_cr.png,predictions/probabilities/qata_test_sub-S09382_ses-E18775_run-1_bp-chest_vp-ap_cr.npy
qata_test_sub-S09382_ses-E19016_run-1_bp-chest_vp-ap_cr,sub-S09382,unet,1003,0.9683917458239093,0.9387204318150602,3.0,0.9263193748926354,predictions/masks/qata_test_sub-S09382_ses-E19016_run-1_bp-chest_vp-ap_cr.png,predictions/probabilities/qata_test_sub-S09382_ses-E19016_run-1_bp-chest_vp-ap_cr.npy
qata_test_sub-S09382_ses-E19160_run-1_bp-chest_vp-ap_cr,sub-S09382,unet,1003,0.9676004049950743,0.9372343903241481,3.6055512754639896,0.9302181188933182,predictions/masks/qata_test_sub-S09382_ses-E19160_run-1_bp-chest_vp-ap_cr.png,predictions/probabilities/qata_test_sub-S09382_ses-E19160_run-1_bp-chest_vp-ap_cr.npy
qata_test_sub-S09382_ses-E19241_run-1_bp-chest_vp-ap_cr,sub-S09382,unet,1003,0.9577077993410943,0.918847707711937,5.0,1.17214218908548,predictions/masks/qata_test_sub-S09382_ses-E19241_run-1_bp-chest_vp-ap_cr.png,predictions/probabilities/qata_test_sub-S09382_ses-E19241_run-1_bp-chest_vp-ap_cr.npy
qata_test_sub-S09382_ses-E19494_run-1_bp-chest_vp-ap_cr,sub-S09382,unet,1003,0.9710055521284534,0.9436450839333735,3.0,0.836007927481019,predictions/masks/qata_test_sub-S09382_ses-E19494_run-1_bp-chest_vp-ap_cr.png,predictions/probabilities/qata_test_sub-S09382_ses-E19494_run-1_bp-chest_vp-ap_cr.npy
qata_test_sub-S09382_ses-E20464_run-1_bp-chest_vp-ap_cr,sub-S09382,unet,1003,0.9790744947986006,0.9590067931603107,2.23606797749979,0.8084670986678121,predictions/masks/qata_test_sub-S09382_ses-E20464_run-1_bp-chest_vp-ap_cr.png,predictions/probabilities/qata_test_sub-S09382_ses-E20464_run-1_bp-chest_vp-ap_cr.npy
qata_test_sub-S09382_ses-E21864_run-1_bp-chest_vp-ap_cr,sub-S09382,unet,1003,0.9690703660080745,0.9399966147601557,2.8284271247461903,0.8809281201098873,predictions/masks/qata_test_sub-S09382_ses-E21864_run-1_bp-chest_vp-ap_cr.png,predictions/probabilities/qata_test_sub-S09382_ses-E21864_run-1_bp-chest_vp-ap_cr.npy
qata_test_sub-S09382_ses-E21934_run-1_bp-chest_vp-ap_cr,sub-S09382,unet,1003,0.9766600920448033,0.9543848377774302,2.0,0.6683280926703842,predictions/masks/qata_test_sub-S09382_ses-E21934_run-1_bp-chest_vp-ap_cr.png,predictions/probabilities/qata_test_sub-S09382_ses-E21934_run-1_bp-chest_vp-ap_cr.npy
qata_test_sub-S09382_ses-E22062_run-1_bp-chest_vp-ap_cr,sub-S09382,unet,1003,0.9604418429004888,0.9238942875313424,4.0,1.0388565615286283,predictions/masks/qata_test_sub-S09382_ses-E22062_run-1_bp-chest_vp-ap_cr.png,predictions/probabilities/qata_test_sub-S09382_ses-E22062_run-1_bp-chest_vp-ap_cr.npy
qata_test_sub-S09382_ses-E22219_run-1_bp-chest_vp-ap_cr,sub-S09382,unet,1003,0.969713094763116,0.9412068520277076,2.23606797749979,0.8296747357350746,predictions/masks/qata_test_sub-S09382_ses-E22219_run-1_bp-chest_vp-ap_cr.png,predictions/probabilities/qata_test_sub-S09382_ses-E22219_run-1_bp-chest_vp-ap_cr.npy
qata_test_sub-S09382_ses-E22396_run-1_bp-chest_vp-ap_cr,sub-S09382,unet,1003,0.9773735179655292,0.9557482963097995,2.0,0.6430496661189867,predictions/masks/qata_test_sub-S09382_ses-E22396_run-1_bp-chest_vp-ap_cr.png,predictions/probabilities/qata_test_sub-S09382_ses-E22396_run-1_bp-chest_vp-ap_cr.npy
qata_test_sub-S09382_ses-E22668_run-1_bp-chest_vp-ap_cr,sub-S09382,unet,1003,0.9601725124325126,0.9233959708826528,4.0,1.2197555646990643,predictions/masks/qata_test_sub-S09382_ses-E22668_run-1_bp-chest_vp-ap_cr.png,predictions/probabilities/qata_test_sub-S09382_ses-E22668_run-1_bp-chest_vp-ap_cr.npy
qata_test_sub-S09382_ses-E22855_run-1_bp-chest_vp-ap_cr,sub-S09382,unet,1003,0.9572985360836382,0.9180945545894134,3.1622776601683795,1.1586150062183347,predictions/masks/qata_test_sub-S09382_ses-E22855_run-1_bp-chest_vp-ap_cr.png,predictions/probabilities/qata_test_sub-S09382_ses-E22855_run-1_bp-chest_vp-ap_cr.npy
qata_test_sub-S09382_ses-E22859_run-1_bp-chest_vp-ap_cr,sub-S09382,unet,1003,0.9590263374165107,0.9212781954893137,3.0,1.2274399781111631,predictions/masks/qata_test_sub-S09382_ses-E22859_run-1_bp-chest_vp-ap_cr.png,predictions/probabilities/qata_test_sub-S09382_ses-E22859_run-1_bp-chest_vp-ap_cr.npy
qata_test_sub-S09382_ses-E23033_run-1_bp-chest_vp-ap_cr,sub-S09382,unet,1003,0.9757248819960564,0.9526003949970984,2.0,0.6825109066080729,predictions/masks/qata_test_sub-S09382_ses-E23033_run-1_bp-chest_vp-ap_cr.png,predictions/probabilities/qata_test_sub-S09382_ses-E23033_run-1_bp-chest_vp-ap_cr.npy
qata_test_sub-S09382_ses-E23166_run-1_bp-chest_vp-ap_cr,sub-S09382,unet,1003,0.9777915584668122,0.9565481155686922,2.0,0.6422204678465553,predictions/masks/qata_test_sub-S09382_ses-E23166_run-1_bp-chest_vp-ap_cr.png,predictions/probabilities/qata_test_sub-S09382_ses-E23166_run-1_bp-chest_vp-ap_cr.npy
qata_test_sub-S09382_ses-E23413_run-1_bp-chest_vp-ap_cr,sub-S09382,unet,1003,0.9700858563037954,0.9419094419099516,2.8284271247461903,0.8527232866929905,predictions/masks/qata_test_sub-S09382_ses-E23413_run-1_bp-chest_vp-ap_cr.png,predictions/probabilities/qata_test_sub-S09382_ses-E23413_run-1_bp-chest_vp-ap_cr.npy
qata_test_sub-S09382_ses-E23421_run-1_bp-chest_vp-ap_dx,sub-S09382,unet,1003,0.9692850382862889,0.9404006677801302,2.0,0.8701309732854504,predictions/masks/qata_test_sub-S09382_ses-E23421_run-1_bp-chest_vp-ap_dx.png,predictions/probabilities/qata_test_sub-S09382_ses-E23421_run-1_bp-chest_vp-ap_dx.npy
qata_test_sub-S09382_ses-E24331_run-1_bp-chest_vp-ap_cr,sub-S09382,unet,1003,0.7809567758823185,0.6406309148310331,16.012487816752554,4.63737046387817,predictions/masks/qata_test_sub-S09382_ses-E24331_run-1_bp-chest_vp-ap_cr.png,predictions/probabilities/qata_test_sub-S09382_ses-E24331_run-1_bp-chest_vp-ap_cr.npy
qata_test_sub-S09382_ses-E24751_run-1_bp-chest_vp-ap_cr,sub-S09382,unet,1003,0.7039703764718377,0.5431746031891056,67.54514105264946,11.285868375147217,predictions/masks/qata_test_sub-S09382_ses-E24751_run-1_bp-chest_vp-ap_cr.png,predictions/probabilities/qata_test_sub-S09382_ses-E24751_run-1_bp-chest_vp-ap_cr.npy
qata_test_sub-S09382_ses-E26946_run-1_bp-chest_vp-ap_cr,sub-S09382,unet,1003,0.8121610048543237,0.6837298726305727,12.041594578792296,3.315711204938423,predictions/masks/qata_test_sub-S09382_ses-E26946_run-1_bp-chest_vp-ap_cr.png,predictions/probabilities/qata_test_sub-S09382_ses-E26946_run-1_bp-chest_vp-ap_cr.npy
qata_test_sub-S09383_ses-E16184_acq-1_run-1_bp-chest_vp-ap_dx,sub-S09383,unet,1003,0.6554243957473062,0.4874581940227877,88.74823187133745,21.832383518460485,predictions/masks/qata_test_sub-S09383_ses-E16184_acq-1_run-1_bp-chest_vp-ap_dx.png,predictions/probabilities/qata_test_sub-S09383_ses-E16184_acq-1_run-1_bp-chest_vp-ap_dx.npy
qata_test_sub-S09384_ses-E19154_run-1_bp-chest_dx,sub-S09384,unet,1003,0.8452015900074366,0.7319040125937863,11.280366346113308,3.032002475846725,predictions/masks/qata_test_sub-S09384_ses-E19154_run-1_bp-chest_dx.png,predictions/probabilities/qata_test_sub-S09384_ses-E19154_run-1_bp-chest_dx.npy
qata_test_sub-S09384_ses-E20827_run-1_bp-chest_vp-ap_dx,sub-S09384,unet,1003,0.9314801267988988,0.871748060248414,6.708203932499369,1.5889714265582595,predictions/masks/qata_test_sub-S09384_ses-E20827_run-1_bp-chest_vp-ap_dx.png,predictions/probabilities/qata_test_sub-S09384_ses-E20827_run-1_bp-chest_vp-ap_dx.npy
qata_test_sub-S09385_ses-E16186_run-1_bp-chest_vp-ap_cr,sub-S09385,unet,1003,0.982093994527473,0.9648179588760156,1.4142135623730951,0.46093707987810767,predictions/masks/qata_test_sub-S09385_ses-E16186_run-1_bp-chest_vp-ap_cr.png,predictions/probabilities/qata_test_sub-S09385_ses-E16186_run-1_bp-chest_vp-ap_cr.npy
qata_test_sub-S09385_ses-E19899_run-1_bp-chest_vp-ap_dx,sub-S09385,unet,1003,0.9792900524351001,0.9594205041025987,2.0,0.6021399805127202,predictions/masks/qata_test_sub-S09385_ses-E19899_run-1_bp-chest_vp-ap_dx.png,predictions/probabilities/qata_test_sub-S09385_ses-E19899_run-1_bp-chest_vp-ap_dx.npy
qata_test_sub-S09385_ses-E20875_run-1_bp-chest_vp-ap_dx,sub-S09385,unet,1003,0.9766345123259308,0.9543359865944337,2.0,0.660707811961375,predictions/masks/qata_test_sub-S09385_ses-E20875_run-1_bp-chest_vp-ap_dx.png,predictions/probabilities/qata_test_sub-S09385_ses-E20875_run-1_bp-chest_vp-ap_dx.npy
qata_test_sub-S09385_ses-E23455_run-1_bp-chest_vp-pa_dx,sub-S09385,unet,1003,0.7135865309346751,0.5547100897952411,58.600190745281324,16.33580318025763,predictions/masks/qata_test_sub-S09385_ses-E23455_run-1_bp-chest_vp-pa_dx.png,predictions/probabilities/qata_test_sub-S09385_ses-E23455_run-1_bp-chest_vp-pa_dx.npy
qata_test_sub-S09386_ses-E24916_acq-1_run-1_bp-chest_vp-pa_dx,sub-S09386,unet,1003,0.8763268328822966,0.7798769771577355,94.27702979593154,14.955595486386757,predictions/masks/qata_test_sub-S09386_ses-E24916_acq-1_run-1_bp-chest_vp-pa_dx.png,predictions/probabilities/qata_test_sub-S09386_ses-E24916_acq-1_run-1_bp-chest_vp-pa_dx.npy
qata_test_sub-S09387_ses-E20400_run-1_bp-chest_cr,sub-S09387,unet,1003,0.7607441709337822,0.613871771343728,31.269740893491385,5.184441341861768,predictions/masks/qata_test_sub-S09387_ses-E20400_run-1_bp-chest_cr.png,predictions/probabilities/qata_test_sub-S09387_ses-E20400_run-1_bp-chest_cr.npy
qata_test_sub-S09387_ses-E21902_run-1_bp-chest_cr,sub-S09387,unet,1003,0.8312186485713895,0.7111840444405154,8.841687917112214,2.47080048619156,predictions/masks/qata_test_sub-S09387_ses-E21902_run-1_bp-chest_cr.png,predictions/probabilities/qata_test_sub-S09387_ses-E21902_run-1_bp-chest_cr.npy
qata_test_sub-S09387_ses-E22310_run-1_bp-chest_cr,sub-S09387,unet,1003,0.7296416938184136,0.5743589743771642,99.573090106385,24.450502477974112,predictions/masks/qata_test_sub-S09387_ses-E22310_run-1_bp-chest_cr.png,predictions/probabilities/qata_test_sub-S09387_ses-E22310_run-1_bp-chest_cr.npy
qata_test_sub-S09387_ses-E22956_run-1_bp-chest_cr,sub-S09387,unet,1003,0.8706571787364743,0.7709414381041847,22.26619456577968,3.4694197020399025,predictions/masks/qata_test_sub-S09387_ses-E22956_run-1_bp-chest_cr.png,predictions/probabilities/qata_test_sub-S09387_ses-E22956_run-1_bp-chest_cr.npy
qata_test_sub-S09387_ses-E22957_run-1_bp-chest_vp-ap_dx,sub-S09387,unet,1003,0.9659369692396399,0.9341180764674321,3.0,0.9472178310928588,predictions/masks/qata_test_sub-S09387_ses-E22957_run-1_bp-chest_vp-ap_dx.png,predictions/probabilities/qata_test_sub-S09387_ses-E22957_run-1_bp-chest_vp-ap_dx.npy
qata_test_sub-S09391_ses-E16194_run-1_bp-chest_vp-pa_cr,sub-S09391,unet,1003,0.8177099236659774,0.6916322314102681,31.092579988789986,6.301885490235674,predictions/masks/qata_test_sub-S09391_ses-E16194_run-1_bp-chest_vp-pa_cr.png,predictions/probabilities/qata_test_sub-S09391_ses-E16194_run-1_bp-chest_vp-pa_cr.npy
qata_test_sub-S09391_ses-E18175_run-1_bp-chest_vp-ap_cr,sub-S09391,unet,1003,0.9404771871080747,0.8876422250333811,6.352054441320384,1.3609282608030586,predictions/masks/qata_test_sub-S09391_ses-E18175_run-1_bp-chest_vp-ap_cr.png,predictions/probabilities/qata_test_sub-S09391_ses-E18175_run-1_bp-chest_vp-ap_cr.npy
qata_test_sub-S09391_ses-E20036_run-1_bp-chest_vp-ap_dx,sub-S09391,unet,1003,0.9542257217850172,0.9124585884960099,4.123105625617661,1.2046701516404286,predictions/masks/qata_test_sub-S09391_ses-E20036_run-1_bp-chest_vp-ap_dx.png,predictions/probabilities/qata_test_sub-S09391_ses-E20036_run-1_bp-chest_vp-ap_dx.npy
qata_test_sub-S09391_ses-E20436_run-1_bp-chest_vp-ap_dx,sub-S09391,unet,1003,0.9525034155754039,0.9093141015818733,4.242640687119285,1.2199576206267386,predictions/masks/qata_test_sub-S09391_ses-E20436_run-1_bp-chest_vp-ap_dx.png,predictions/probabilities/qata_test_sub-S09391_ses-E20436_run-1_bp-chest_vp-ap_dx.npy
qata_test_sub-S09391_ses-E21185_run-1_bp-chest_vp-ap_dx,sub-S09391,unet,1003,0.9528467795122398,0.9099401700439809,3.0,1.1663189462932932,predictions/masks/qata_test_sub-S09391_ses-E21185_run-1_bp-chest_vp-ap_dx.png,predictions/probabilities/qata_test_sub-S09391_ses-E21185_run-1_bp-chest_vp-ap_dx.npy
qata_test_sub-S09391_ses-E22345_run-1_bp-chest_vp-ap_dx,sub-S09391,unet,1003,0.9405596220737136,0.8877891023139182,7.0710678118654755,1.5993842455235203,predictions/masks/qata_test_sub-S09391_ses-E22345_run-1_bp-chest_vp-ap_dx.png,predictions/probabilities/qata_test_sub-S09391_ses-E22345_run-1_bp-chest_vp-ap_dx.npy
qata_test_sub-S09391_ses-E23123_run-1_bp-chest_vp-ap_dx,sub-S09391,unet,1003,0.9700650759220945,0.9418702611632943,2.23606797749979,0.7259661781515696,predictions/masks/qata_test_sub-S09391_ses-E23123_run-1_bp-chest_vp-ap_dx.png,predictions/probabilities/qata_test_sub-S09391_ses-E23123_run-1_bp-chest_vp-ap_dx.npy
qata_test_sub-S09392_ses-E16195_run-1_bp-chest_vp-ap_dx,sub-S09392,unet,1003,4.376367614688124e-11,4.376367614688124e-11,81.32035415564789,39.37024084416621,predictions/masks/qata_test_sub-S09392_ses-E16195_run-1_bp-chest_vp-ap_dx.png,predictions/probabilities/qata_test_sub-S09392_ses-E16195_run-1_bp-chest_vp-ap_dx.npy
qata_test_sub-S09395_ses-E16198_run-1_bp-chest_vp-pa_cr,sub-S09395,unet,1003,0.26618049226831864,0.15352260780353516,32.01562118716424,11.207097553298999,predictions/masks/qata_test_sub-S09395_ses-E16198_run-1_bp-chest_vp-pa_cr.png,predictions/probabilities/qata_test_sub-S09395_ses-E16198_run-1_bp-chest_vp-pa_cr.npy
qata_test_sub-S09395_ses-E19850_run-1_bp-chest_vp-ap_cr,sub-S09395,unet,1003,0.741683908964799,0.5894257526033537,42.37924020083418,8.711694195721625,predictions/masks/qata_test_sub-S09395_ses-E19850_run-1_bp-chest_vp-ap_cr.png,predictions/probabilities/qata_test_sub-S09395_ses-E19850_run-1_bp-chest_vp-ap_cr.npy
qata_test_sub-S09395_ses-E22364_run-1_bp-chest_vp-ap_cr,sub-S09395,unet,1003,0.6752941176546989,0.5097690941559585,45.19733969403936,9.78769175788373,predictions/masks/qata_test_sub-S09395_ses-E22364_run-1_bp-chest_vp-ap_cr.png,predictions/probabilities/qata_test_sub-S09395_ses-E22364_run-1_bp-chest_vp-ap_cr.npy
qata_test_sub-S09395_ses-E22643_run-1_bp-chest_vp-ap_cr,sub-S09395,unet,1003,0.7374727668916811,0.5841242450567677,26.565957167316274,5.22796997255601,predictions/masks/qata_test_sub-S09395_ses-E22643_run-1_bp-chest_vp-ap_cr.png,predictions/probabilities/qata_test_sub-S09395_ses-E22643_run-1_bp-chest_vp-ap_cr.npy
qata_test_sub-S09395_ses-E25833_run-1_bp-chest_vp-ap_cr,sub-S09395,unet,1003,0.675478690553731,0.5099794814491703,29.17018075186469,8.311604476648363,predictions/masks/qata_test_sub-S09395_ses-E25833_run-1_bp-chest_vp-ap_cr.png,predictions/probabilities/qata_test_sub-S09395_ses-E25833_run-1_bp-chest_vp-ap_cr.npy
qata_test_sub-S09395_ses-E26750_run-1_bp-chest_vp-pa_cr,sub-S09395,unet,1003,7.581501136650379e-11,7.581501136650379e-11,78.30068835927102,54.037534588255355,predictions/masks/qata_test_sub-S09395_ses-E26750_run-1_bp-chest_vp-pa_cr.png,predictions/probabilities/qata_test_sub-S09395_ses-E26750_run-1_bp-chest_vp-pa_cr.npy
qata_test_sub-S09397_ses-E16200_acq-1_run-1_bp-chest_vp-ll_dx,sub-S09397,unet,1003,0.459715639853103,0.29846153853349117,100.14284766592064,28.734406812737824,predictions/masks/qata_test_sub-S09397_ses-E16200_acq-1_run-1_bp-chest_vp-ll_dx.png,predictions/probabilities/qata_test_sub-S09397_ses-E16200_acq-1_run-1_bp-chest_vp-ll_dx.npy
qata_test_sub-S09397_ses-E18638_acq-1_run-1_bp-chest_vp-pa_dx,sub-S09397,unet,1003,0.5892255892947432,0.41766109799101164,94.29606796905584,26.558943207234595,predictions/masks/qata_test_sub-S09397_ses-E18638_acq-1_run-1_bp-chest_vp-pa_dx.png,predictions/probabilities/qata_test_sub-S09397_ses-E18638_acq-1_run-1_bp-chest_vp-pa_dx.npy
qata_test_sub-S09397_ses-E22055_run-1_bp-chest_vp-ap_cr,sub-S09397,unet,1003,0.8373773877213537,0.7202486678756439,5.691673778562963,2.2177432068908502,predictions/masks/qata_test_sub-S09397_ses-E22055_run-1_bp-chest_vp-ap_cr.png,predictions/probabilities/qata_test_sub-S09397_ses-E22055_run-1_bp-chest_vp-ap_cr.npy
qata_test_sub-S09397_ses-E23382_acq-1_run-1_bp-chest_vp-pa_dx,sub-S09397,unet,1003,0.562111801264901,0.3909287257457934,99.2350449333239,29.688325732021813,predictions/masks/qata_test_sub-S09397_ses-E23382_acq-1_run-1_bp-chest_vp-pa_dx.png,predictions/probabilities/qata_test_sub-S09397_ses-E23382_acq-1_run-1_bp-chest_vp-pa_dx.npy
qata_test_sub-S09398_ses-E17446_run-1_bp-chest_vp-ap_cr,sub-S09398,unet,1003,0.8482739420956532,0.7365240512512322,14.056962202840742,3.1140834434900433,predictions/masks/qata_test_sub-S09398_ses-E17446_run-1_bp-chest_vp-ap_cr.png,predictions/probabilities/qata_test_sub-S09398_ses-E17446_run-1_bp-chest_vp-ap_cr.npy
qata_test_sub-S09398_ses-E17512_run-1_bp-chest_vp-ap_cr,sub-S09398,unet,1003,0.9556112989423295,0.9149958228914474,7.0,1.2381649661790979,predictions/masks/qata_test_sub-S09398_ses-E17512_run-1_bp-chest_vp-ap_cr.png,predictions/probabilities/qata_test_sub-S09398_ses-E17512_run-1_bp-chest_vp-ap_cr.npy
qata_test_sub-S09398_ses-E17923_run-1_bp-chest_vp-ap_cr,sub-S09398,unet,1003,0.7720026206620222,0.6286679708406782,49.58903498672873,11.501092949326026,predictions/masks/qata_test_sub-S09398_ses-E17923_run-1_bp-chest_vp-ap_cr.png,predictions/probabilities/qata_test_sub-S09398_ses-E17923_run-1_bp-chest_vp-ap_cr.npy
qata_test_sub-S09398_ses-E18631_run-1_bp-chest_vp-ap_cr,sub-S09398,unet,1003,0.5496677457906003,0.37899436091684696,93.44272529499386,27.925082986670365,predictions/masks/qata_test_sub-S09398_ses-E18631_run-1_bp-chest_vp-ap_cr.png,predictions/probabilities/qata_test_sub-S09398_ses-E18631_run-1_bp-chest_vp-ap_cr.npy
qata_test_sub-S09398_ses-E18734_run-1_bp-chest_vp-ap_cr,sub-S09398,unet,1003,0.6666213737368937,0.4999490471874049,25.00799680255744,6.925386046838941,predictions/masks/qata_test_sub-S09398_ses-E18734_run-1_bp-chest_vp-ap_cr.png,predictions/probabilities/qata_test_sub-S09398_ses-E18734_run-1_bp-chest_vp-ap_cr.npy
qata_test_sub-S09398_ses-E22184_run-1_bp-chest_vp-ap_cr,sub-S09398,unet,1003,0.949870159196399,0.9045263950123156,5.0,1.4456742332636319,predictions/masks/qata_test_sub-S09398_ses-E22184_run-1_bp-chest_vp-ap_cr.png,predictions/probabilities/qata_test_sub-S09398_ses-E22184_run-1_bp-chest_vp-ap_cr.npy
qata_test_sub-S09398_ses-E23350_run-1_bp-chest_vp-ap_cr,sub-S09398,unet,1003,0.3656752803665121,0.22374701672960182,108.51543633381208,52.62492784002735,predictions/masks/qata_test_sub-S09398_ses-E23350_run-1_bp-chest_vp-ap_cr.png,predictions/probabilities/qata_test_sub-S09398_ses-E23350_run-1_bp-chest_vp-ap_cr.npy
qata_test_sub-S09399_ses-E17281_run-1_bp-chest_vp-ap_cr,sub-S09399,unet,1003,0.6322229775746153,0.46222664017686466,24.548801205679037,6.593315332215852,predictions/masks/qata_test_sub-S09399_ses-E17281_run-1_bp-chest_vp-ap_cr.png,predictions/probabilities/qata_test_sub-S09399_ses-E17281_run-1_bp-chest_vp-ap_cr.npy
qata_test_sub-S09400_ses-E16204_acq-1_run-1_bp-chest_vp-pa_dx,sub-S09400,unet,1003,0.15156017833760924,0.08199356916873017,183.42354411605993,72.1963894073458,predictions/masks/qata_test_sub-S09400_ses-E16204_acq-1_run-1_bp-chest_vp-pa_dx.png,predictions/probabilities/qata_test_sub-S09400_ses-E16204_acq-1_run-1_bp-chest_vp-pa_dx.npy
qata_test_sub-S09403_ses-E18508_run-1_bp-chest_vp-ap_dx,sub-S09403,unet,1003,0.8723186925499327,0.7735507246581927,73.17103251970687,5.817425229226113,predictions/masks/qata_test_sub-S09403_ses-E18508_run-1_bp-chest_vp-ap_dx.png,predictions/probabilities/qata_test_sub-S09403_ses-E18508_run-1_bp-chest_vp-ap_dx.npy
qata_test_sub-S09404_ses-E16209_run-1_bp-chest_vp-ap_dx,sub-S09404,unet,1003,0.7893885474024785,0.6520577231613011,89.06876943634246,18.648920601704134,predictions/masks/qata_test_sub-S09404_ses-E16209_run-1_bp-chest_vp-ap_dx.png,predictions/probabilities/qata_test_sub-S09404_ses-E16209_run-1_bp-chest_vp-ap_dx.npy
qata_test_sub-S09404_ses-E17555_run-1_bp-chest_vp-ap_dx,sub-S09404,unet,1003,0.8950586348612303,0.8100507982617915,30.01666203960727,4.5661155712256765,predictions/masks/qata_test_sub-S09404_ses-E17555_run-1_bp-chest_vp-ap_dx.png,predictions/probabilities/qata_test_sub-S09404_ses-E17555_run-1_bp-chest_vp-ap_dx.npy
qata_test_sub-S09406_ses-E18791_run-1_bp-chest_vp-ap_dx,sub-S09406,unet,1003,0.95155720108288,0.9075909549533646,13.813967058227112,2.382367317803988,predictions/masks/qata_test_sub-S09406_ses-E18791_run-1_bp-chest_vp-ap_dx.png,predictions/probabilities/qata_test_sub-S09406_ses-E18791_run-1_bp-chest_vp-ap_dx.npy
qata_test_sub-S09408_ses-E16213_run-1_bp-chest_cr,sub-S09408,unet,1003,0.5850815850912569,0.41350906097484325,28.081913114230574,6.8659311798915,predictions/masks/qata_test_sub-S09408_ses-E16213_run-1_bp-chest_cr.png,predictions/probabilities/qata_test_sub-S09408_ses-E16213_run-1_bp-chest_cr.npy
qata_test_sub-S09408_ses-E16296_run-1_bp-chest_cr,sub-S09408,unet,1003,0.6573947110742919,0.48964108551241203,100.78707334133904,23.24449143098906,predictions/masks/qata_test_sub-S09408_ses-E16296_run-1_bp-chest_cr.png,predictions/probabilities/qata_test_sub-S09408_ses-E16296_run-1_bp-chest_cr.npy
qata_test_sub-S09408_ses-E16387_run-1_bp-chest_cr,sub-S09408,unet,1003,0.5293908086981428,0.35998062016537496,47.63183205333049,12.882427979653329,predictions/masks/qata_test_sub-S09408_ses-E16387_run-1_bp-chest_cr.png,predictions/probabilities/qata_test_sub-S09408_ses-E16387_run-1_bp-chest_cr.npy
qata_test_sub-S09408_ses-E16650_run-1_bp-chest_cr,sub-S09408,unet,1003,0.935081547811478,0.8780780780854007,3.361750787051399,0.9116285612735893,predictions/masks/qata_test_sub-S09408_ses-E16650_run-1_bp-chest_cr.png,predictions/probabilities/qata_test_sub-S09408_ses-E16650_run-1_bp-chest_cr.npy
qata_test_sub-S09408_ses-E16737_run-1_bp-chest_cr,sub-S09408,unet,1003,0.7497125335425505,0.5996321275413969,30.760190149397957,5.398021646482723,predictions/masks/qata_test_sub-S09408_ses-E16737_run-1_bp-chest_cr.png,predictions/probabilities/qata_test_sub-S09408_ses-E16737_run-1_bp-chest_cr.npy
qata_test_sub-S09408_ses-E16974_run-1_bp-chest_cr,sub-S09408,unet,1003,0.8235294117713601,0.7000000000192308,9.219544457292887,2.4430912753878875,predictions/masks/qata_test_sub-S09408_ses-E16974_run-1_bp-chest_cr.png,predictions/probabilities/qata_test_sub-S09408_ses-E16974_run-1_bp-chest_cr.npy
qata_test_sub-S09408_ses-E17145_run-1_bp-chest_cr,sub-S09408,unet,1003,0.386613620421563,0.23962866262722285,43.83434556121731,12.824354566472477,predictions/masks/qata_test_sub-S09408_ses-E17145_run-1_bp-chest_cr.png,predictions/probabilities/qata_test_sub-S09408_ses-E17145_run-1_bp-chest_cr.npy
qata_test_sub-S09408_ses-E17450_run-1_bp-chest_cr,sub-S09408,unet,1003,0.6630083925221754,0.49589570258349136,55.21865620079632,14.192955019031219,predictions/masks/qata_test_sub-S09408_ses-E17450_run-1_bp-chest_cr.png,predictions/probabilities/qata_test_sub-S09408_ses-E17450_run-1_bp-chest_cr.npy
qata_test_sub-S09408_ses-E17561_run-1_bp-chest_cr,sub-S09408,unet,1003,0.746425884128171,0.5954381752822498,18.451506670802047,4.47952056533388,predictions/masks/qata_test_sub-S09408_ses-E17561_run-1_bp-chest_cr.png,predictions/probabilities/qata_test_sub-S09408_ses-E17561_run-1_bp-chest_cr.npy
qata_test_sub-S09408_ses-E17937_run-1_bp-chest_cr,sub-S09408,unet,1003,0.5918310641901663,0.42028413576518775,43.121846402892075,7.431201071013296,predictions/masks/qata_test_sub-S09408_ses-E17937_run-1_bp-chest_cr.png,predictions/probabilities/qata_test_sub-S09408_ses-E17937_run-1_bp-chest_cr.npy
qata_test_sub-S09408_ses-E18111_run-1_bp-chest_cr,sub-S09408,unet,1003,0.7306755544195529,0.575641284597543,45.28078750024245,7.702210727084483,predictions/masks/qata_test_sub-S09408_ses-E18111_run-1_bp-chest_cr.png,predictions/probabilities/qata_test_sub-S09408_ses-E18111_run-1_bp-chest_cr.npy
qata_test_sub-S09408_ses-E18510_run-1_bp-chest_cr,sub-S09408,unet,1003,0.5689095127810252,0.3975356680027538,25.988452991448302,6.665652115961709,predictions/masks/qata_test_sub-S09408_ses-E18510_run-1_bp-chest_cr.png,predictions/probabilities/qata_test_sub-S09408_ses-E18510_run-1_bp-chest_cr.npy
qata_test_sub-S09408_ses-E18794_run-1_bp-chest_cr,sub-S09408,unet,1003,0.9032500469678142,0.8235697156620908,6.324555320336759,1.3041552265995229,predictions/masks/qata_test_sub-S09408_ses-E18794_run-1_bp-chest_cr.png,predictions/probabilities/qata_test_sub-S09408_ses-E18794_run-1_bp-chest_cr.npy
qata_test_sub-S09408_ses-E20235_run-1_bp-chest_vp-ap_dx,sub-S09408,unet,1003,0.9118638056408607,0.8380052151291393,5.0643626838353075,1.334902252531138,predictions/masks/qata_test_sub-S09408_ses-E20235_run-1_bp-chest_vp-ap_dx.png,predictions/probabilities/qata_test_sub-S09408_ses-E20235_run-1_bp-chest_vp-ap_dx.npy
qata_test_sub-S09408_ses-E20726_run-1_bp-chest_cr,sub-S09408,unet,1003,0.2705470223855956,0.15643502651428998,55.2824277960608,14.94510947790455,predictions/masks/qata_test_sub-S09408_ses-E20726_run-1_bp-chest_cr.png,predictions/probabilities/qata_test_sub-S09408_ses-E20726_run-1_bp-chest_cr.npy
qata_test_sub-S09408_ses-E21947_run-1_bp-chest_cr,sub-S09408,unet,1003,0.7433481153028915,0.5915306572652949,12.727922061357855,3.3816291932841356,predictions/masks/qata_test_sub-S09408_ses-E21947_run-1_bp-chest_cr.png,predictions/probabilities/qata_test_sub-S09408_ses-E21947_run-1_bp-chest_cr.npy
qata_test_sub-S09408_ses-E22074_run-1_bp-chest_cr,sub-S09408,unet,1003,0.7934315314694945,0.6575934579479252,20.103480325530224,3.239606268499251,predictions/masks/qata_test_sub-S09408_ses-E22074_run-1_bp-chest_cr.png,predictions/probabilities/qata_test_sub-S09408_ses-E22074_run-1_bp-chest_cr.npy
qata_test_sub-S09408_ses-E22229_run-1_bp-chest_cr,sub-S09408,unet,1003,0.6618181818215977,0.4945652173989347,41.17596833881106,8.245749716104587,predictions/masks/qata_test_sub-S09408_ses-E22229_run-1_bp-chest_cr.png,predictions/probabilities/qata_test_sub-S09408_ses-E22229_run-1_bp-chest_cr.npy
qata_test_sub-S09408_ses-E22878_run-1_bp-chest_cr,sub-S09408,unet,1003,0.8672544697542585,0.7656216216266892,40.0,5.039841092473415,predictions/masks/qata_test_sub-S09408_ses-E22878_run-1_bp-chest_cr.png,predictions/probabilities/qata_test_sub-S09408_ses-E22878_run-1_bp-chest_cr.npy
qata_test_sub-S09408_ses-E23183_run-1_bp-chest_cr,sub-S09408,unet,1003,0.909066878140245,0.833292948877313,7.0,1.4697150183698267,predictions/masks/qata_test_sub-S09408_ses-E23183_run-1_bp-chest_cr.png,predictions/probabilities/qata_test_sub-S09408_ses-E23183_run-1_bp-chest_cr.npy
qata_test_sub-S09409_ses-E16214_run-1_bp-chest_vp-ap_cr,sub-S09409,unet,1003,0.7221033323185249,0.5650717703453332,21.4195444176217,4.934336870065811,predictions/masks/qata_test_sub-S09409_ses-E16214_run-1_bp-chest_vp-ap_cr.png,predictions/probabilities/qata_test_sub-S09409_ses-E16214_run-1_bp-chest_vp-ap_cr.npy
qata_test_sub-S09409_ses-E16392_run-1_bp-chest_vp-ap_cr,sub-S09409,unet,1003,0.6887904010410897,0.5253091508734491,55.04089220250941,9.136018707928883,predictions/masks/qata_test_sub-S09409_ses-E16392_run-1_bp-chest_vp-ap_cr.png,predictions/probabilities/qata_test_sub-S09409_ses-E16392_run-1_bp-chest_vp-ap_cr.npy
qata_test_sub-S09409_ses-E17557_run-1_bp-chest_vp-ap_cr,sub-S09409,unet,1003,0.916919191920241,0.8465842853847847,5.830951894845301,1.561721591493809,predictions/masks/qata_test_sub-S09409_ses-E17557_run-1_bp-chest_vp-ap_cr.png,predictions/probabilities/qata_test_sub-S09409_ses-E17557_run-1_bp-chest_vp-ap_cr.npy
qata_test_sub-S09409_ses-E18124_run-1_bp-chest_vp-ap_cr,sub-S09409,unet,1003,0.9023230290844858,0.8220296617260119,10.04987562112089,2.2303904796806315,predictions/masks/qata_test_sub-S09409_ses-E18124_run-1_bp-chest_vp-ap_cr.png,predictions/probabilities/qata_test_sub-S09409_ses-E18124_run-1_bp-chest_vp-ap_cr.npy
qata_test_sub-S09411_ses-E17301_run-1_bp-chest_vp-pa_dx,sub-S09411,unet,1003,0.6812428078303264,0.516579406643815,18.172653067853744,4.899735451870294,predictions/masks/qata_test_sub-S09411_ses-E17301_run-1_bp-chest_vp-pa_dx.png,predictions/probabilities/qata_test_sub-S09411_ses-E17301_run-1_bp-chest_vp-pa_dx.npy
qata_test_sub-S09414_ses-E16220_run-1_bp-chest_vp-ap_dx,sub-S09414,unet,1003,0.855428571432702,0.7473789316152083,70.5891721190455,8.414648473170702,predictions/masks/qata_test_sub-S09414_ses-E16220_run-1_bp-chest_vp-ap_dx.png,predictions/probabilities/qata_test_sub-S09414_ses-E16220_run-1_bp-chest_vp-ap_dx.npy
qata_test_sub-S09416_ses-E21269_run-1_bp-chest_vp-ap_cr,sub-S09416,unet,1003,0.714906292668302,0.5563067413645681,106.14633635585227,26.44992295398716,predictions/masks/qata_test_sub-S09416_ses-E21269_run-1_bp-chest_vp-ap_cr.png,predictions/probabilities/qata_test_sub-S09416_ses-E21269_run-1_bp-chest_vp-ap_cr.npy
qata_test_sub-S09416_ses-E21963_run-1_bp-chest_vp-ap_cr,sub-S09416,unet,1003,0.7683958499637925,0.6238983929594635,11.233687332093272,3.4844825292771473,predictions/masks/qata_test_sub-S09416_ses-E21963_run-1_bp-chest_vp-ap_cr.png,predictions/probabilities/qata_test_sub-S09416_ses-E21963_run-1_bp-chest_vp-ap_cr.npy
qata_test_sub-S09416_ses-E23227_run-1_bp-chest_vp-ap_dx,sub-S09416,unet,1003,0.7539361223599421,0.6050541516316778,102.6430507600277,18.24086280037182,predictions/masks/qata_test_sub-S09416_ses-E23227_run-1_bp-chest_vp-ap_dx.png,predictions/probabilities/qata_test_sub-S09416_ses-E23227_run-1_bp-chest_vp-ap_dx.npy
qata_test_sub-S09416_ses-E26830_run-1_bp-chest_vp-ap_cr,sub-S09416,unet,1003,0.24104891580330184,0.13704128442841051,114.27160627207444,59.99429983836623,predictions/masks/qata_test_sub-S09416_ses-E26830_run-1_bp-chest_vp-ap_cr.png,predictions/probabilities/qata_test_sub-S09416_ses-E26830_run-1_bp-chest_vp-ap_cr.npy
qata_test_sub-S09417_ses-E16224_run-1_bp-chest_vp-ap_cr,sub-S09417,unet,1003,0.4105131415005616,0.2582677166522413,13.499686054680254,4.788657291976164,predictions/masks/qata_test_sub-S09417_ses-E16224_run-1_bp-chest_vp-ap_cr.png,predictions/probabilities/qata_test_sub-S09417_ses-E16224_run-1_bp-chest_vp-ap_cr.npy
qata_test_sub-S09417_ses-E17150_run-1_bp-chest_vp-ap_cr,sub-S09417,unet,1003,0.8145877037306021,0.6871766948084079,12.82455532033676,3.215779038993946,predictions/masks/qata_test_sub-S09417_ses-E17150_run-1_bp-chest_vp-ap_cr.png,predictions/probabilities/qata_test_sub-S09417_ses-E17150_run-1_bp-chest_vp-ap_cr.npy
qata_test_sub-S09417_ses-E17850_run-2_bp-chest_vp-ap_dx,sub-S09417,unet,1003,0.8009313154908447,0.6679611650700349,5.0990195135927845,1.9273952595714676,predictions/masks/qata_test_sub-S09417_ses-E17850_run-2_bp-chest_vp-ap_dx.png,predictions/probabilities/qata_test_sub-S09417_ses-E17850_run-2_bp-chest_vp-ap_dx.npy
qata_test_sub-S09417_ses-E20106_run-1_bp-chest_vp-ap_cr,sub-S09417,unet,1003,0.7211394302953097,0.563892145394848,9.011077027627483,3.315184019761047,predictions/masks/qata_test_sub-S09417_ses-E20106_run-1_bp-chest_vp-ap_cr.png,predictions/probabilities/qata_test_sub-S09417_ses-E20106_run-1_bp-chest_vp-ap_cr.npy
qata_test_sub-S09417_ses-E23219_run-1_bp-chest_vp-ap_cr,sub-S09417,unet,1003,0.503246753287074,0.3362255966012771,12.244264995535392,4.289148220379387,predictions/masks/qata_test_sub-S09417_ses-E23219_run-1_bp-chest_vp-ap_cr.png,predictions/probabilities/qata_test_sub-S09417_ses-E23219_run-1_bp-chest_vp-ap_cr.npy
qata_test_sub-S09419_ses-E16227_run-1_bp-chest_vp-ap_cr,sub-S09419,unet,1003,0.609455150428262,0.4382851445775018,57.212203288598275,15.25361874273968,predictions/masks/qata_test_sub-S09419_ses-E16227_run-1_bp-chest_vp-ap_cr.png,predictions/probabilities/qata_test_sub-S09419_ses-E16227_run-1_bp-chest_vp-ap_cr.npy
qata_test_sub-S09419_ses-E19070_run-1_bp-chest_vp-ap_dx,sub-S09419,unet,1003,0.5581732511939771,0.3871292106894354,145.91808581386275,47.903540880719014,predictions/masks/qata_test_sub-S09419_ses-E19070_run-1_bp-chest_vp-ap_dx.png,predictions/probabilities/qata_test_sub-S09419_ses-E19070_run-1_bp-chest_vp-ap_dx.npy
qata_test_sub-S09420_ses-E16229_run-1_bp-chest_vp-ap_dx,sub-S09420,unet,1003,0.9415177171531709,0.8894978521716858,4.0,1.2334882199696333,predictions/masks/qata_test_sub-S09420_ses-E16229_run-1_bp-chest_vp-ap_dx.png,predictions/probabilities/qata_test_sub-S09420_ses-E16229_run-1_bp-chest_vp-ap_dx.npy
qata_test_sub-S09420_ses-E16988_run-1_bp-chest_vp-ap_dx,sub-S09420,unet,1003,0.8667210561457634,0.764790575919309,31.26898733338094,4.363807715469978,predictions/masks/qata_test_sub-S09420_ses-E16988_run-1_bp-chest_vp-ap_dx.png,predictions/probabilities/qata_test_sub-S09420_ses-E16988_run-1_bp-chest_vp-ap_dx.npy
qata_test_sub-S09420_ses-E16988_run-2_bp-chest_vp-ap_dx,sub-S09420,unet,1003,0.878474191719523,0.7832848653460199,20.0,3.7473456276414474,predictions/masks/qata_test_sub-S09420_ses-E16988_run-2_bp-chest_vp-ap_dx.png,predictions/probabilities/qata_test_sub-S09420_ses-E16988_run-2_bp-chest_vp-ap_dx.npy
qata_test_sub-S09420_ses-E16993_run-1_bp-chest_vp-ap_dx,sub-S09420,unet,1003,0.9321857430420477,0.8729849193984272,7.615773105863909,1.5913727275300489,predictions/masks/qata_test_sub-S09420_ses-E16993_run-1_bp-chest_vp-ap_dx.png,predictions/probabilities/qata_test_sub-S09420_ses-E16993_run-1_bp-chest_vp-ap_dx.npy
qata_test_sub-S09420_ses-E17457_run-1_bp-chest_vp-ap_dx,sub-S09420,unet,1003,0.9298233265296697,0.8688503025536852,8.892979913555648,1.8939812445060091,predictions/masks/qata_test_sub-S09420_ses-E17457_run-1_bp-chest_vp-ap_dx.png,predictions/probabilities/qata_test_sub-S09420_ses-E17457_run-1_bp-chest_vp-ap_dx.npy
qata_test_sub-S09420_ses-E18672_run-1_bp-chest_vp-ap_dx,sub-S09420,unet,1003,0.8533795939356632,0.7442564160064523,26.53848165129901,4.3153249434928584,predictions/masks/qata_test_sub-S09420_ses-E18672_run-1_bp-chest_vp-ap_dx.png,predictions/probabilities/qata_test_sub-S09420_ses-E18672_run-1_bp-chest_vp-ap_dx.npy
qata_test_sub-S09420_ses-E19314_run-1_bp-chest_vp-ap_cr,sub-S09420,unet,1003,0.9432430634111169,0.8925827981376075,4.0,1.2999891153199468,predictions/masks/qata_test_sub-S09420_ses-E19314_run-1_bp-chest_vp-ap_cr.png,predictions/probabilities/qata_test_sub-S09420_ses-E19314_run-1_bp-chest_vp-ap_cr.npy
qata_test_sub-S09420_ses-E21045_run-1_bp-chest_vp-ap_cr,sub-S09420,unet,1003,0.8575667655798781,0.7506493506531604,16.068537923767664,3.8823942796218334,predictions/masks/qata_test_sub-S09420_ses-E21045_run-1_bp-chest_vp-ap_cr.png,predictions/probabilities/qata_test_sub-S09420_ses-E21045_run-1_bp-chest_vp-ap_cr.npy
qata_test_sub-S09420_ses-E21970_run-1_bp-chest_vp-ap_dx,sub-S09420,unet,1003,0.9718041648751655,0.9451547377232027,2.0,0.6463577870232121,predictions/masks/qata_test_sub-S09420_ses-E21970_run-1_bp-chest_vp-ap_dx.png,predictions/probabilities/qata_test_sub-S09420_ses-E21970_run-1_bp-chest_vp-ap_dx.npy
qata_test_sub-S09420_ses-E22489_run-1_bp-chest_vp-ap_cr,sub-S09420,unet,1003,0.7777878760358286,0.6363771564598992,26.256406900217108,5.570245659490059,predictions/masks/qata_test_sub-S09420_ses-E22489_run-1_bp-chest_vp-ap_cr.png,predictions/probabilities/qata_test_sub-S09420_ses-E22489_run-1_bp-chest_vp-ap_cr.npy
qata_test_sub-S09420_ses-E22717_run-1_bp-chest_vp-ap_cr,sub-S09420,unet,1003,0.8421513994124216,0.7273415531069939,23.820123989455638,3.939171734340641,predictions/masks/qata_test_sub-S09420_ses-E22717_run-1_bp-chest_vp-ap_cr.png,predictions/probabilities/qata_test_sub-S09420_ses-E22717_run-1_bp-chest_vp-ap_cr.npy
qata_test_sub-S09420_ses-E24404_run-1_bp-chest_vp-ap_dx,sub-S09420,unet,1003,0.9354920313691247,0.8788022813707415,5.385164807134504,1.3378852739854157,predictions/masks/qata_test_sub-S09420_ses-E24404_run-1_bp-chest_vp-ap_dx.png,predictions/probabilities/qata_test_sub-S09420_ses-E24404_run-1_bp-chest_vp-ap_dx.npy
qata_test_sub-S09420_ses-E25968_run-1_bp-chest_vp-ap_cr,sub-S09420,unet,1003,0.8785661126278927,0.7834310363921753,16.278820596099706,2.7306977885305312,predictions/masks/qata_test_sub-S09420_ses-E25968_run-1_bp-chest_vp-ap_cr.png,predictions/probabilities/qata_test_sub-S09420_ses-E25968_run-1_bp-chest_vp-ap_cr.npy
qata_test_sub-S09421_ses-E16230_run-1_bp-chest_vp-ap_cr,sub-S09421,unet,1003,0.043005312445155444,0.02197518099736362,56.06023142725756,24.733160501075517,predictions/masks/qata_test_sub-S09421_ses-E16230_run-1_bp-chest_vp-ap_cr.png,predictions/probabilities/qata_test_sub-S09421_ses-E16230_run-1_bp-chest_vp-ap_cr.npy
qata_test_sub-S09424_ses-E25680_run-1_bp-chest_vp-ap_dx,sub-S09424,unet,1003,0.9730502599654547,0.9475149776394607,2.23606797749979,0.8257299678663946,predictions/masks/qata_test_sub-S09424_ses-E25680_run-1_bp-chest_vp-ap_dx.png,predictions/probabilities/qata_test_sub-S09424_ses-E25680_run-1_bp-chest_vp-ap_dx.npy
qata_test_sub-S09425_ses-E16236_run-1_bp-chest_vp-ap_dx,sub-S09425,unet,1003,0.33136094676021566,0.1985815603047391,26.36755492375344,10.348601004244856,predictions/masks/qata_test_sub-S09425_ses-E16236_run-1_bp-chest_vp-ap_dx.png,predictions/probabilities/qata_test_sub-S09425_ses-E16236_run-1_bp-chest_vp-ap_dx.npy
qata_test_sub-S09425_ses-E21769_run-1_bp-chest_vp-ap_dx,sub-S09425,unet,1003,0.9699629412913499,0.9416777125549927,3.0,0.834372173765542,predictions/masks/qata_test_sub-S09425_ses-E21769_run-1_bp-chest_vp-ap_dx.png,predictions/probabilities/qata_test_sub-S09425_ses-E21769_run-1_bp-chest_vp-ap_dx.npy
qata_test_sub-S09426_ses-E16237_run-1_bp-chest_vp-ap_dx,sub-S09426,unet,1003,0.9749864645372226,0.951193746038969,2.0,0.5922998100446957,predictions/masks/qata_test_sub-S09426_ses-E16237_run-1_bp-chest_vp-ap_dx.png,predictions/probabilities/qata_test_sub-S09426_ses-E16237_run-1_bp-chest_vp-ap_dx.npy
qata_test_sub-S09426_ses-E16330_run-1_bp-chest_vp-ap_dx,sub-S09426,unet,1003,0.9437364003733681,0.8934667451454564,6.324555320336759,1.4895326246465166,predictions/masks/qata_test_sub-S09426_ses-E16330_run-1_bp-chest_vp-ap_dx.png,predictions/probabilities/qata_test_sub-S09426_ses-E16330_run-1_bp-chest_vp-ap_dx.npy
qata_test_sub-S09426_ses-E16421_run-1_bp-chest_vp-ap_dx,sub-S09426,unet,1003,0.9517318124916418,0.9079087048844492,5.385164807134504,1.2599715079416156,predictions/masks/qata_test_sub-S09426_ses-E16421_run-1_bp-chest_vp-ap_dx.png,predictions/probabilities/qata_test_sub-S09426_ses-E16421_run-1_bp-chest_vp-ap_dx.npy
qata_test_sub-S09426_ses-E16596_run-1_bp-chest_vp-ap_dx,sub-S09426,unet,1003,0.9644305772232739,0.9313046098229255,3.162277660168379,0.9168190676318526,predictions/masks/qata_test_sub-S09426_ses-E16596_run-1_bp-chest_vp-ap_dx.png,predictions/probabilities/qata_test_sub-S09426_ses-E16596_run-1_bp-chest_vp-ap_dx.npy
qata_test_sub-S09426_ses-E16684_run-1_bp-chest_vp-ap_dx,sub-S09426,unet,1003,0.9538875437183003,0.9118403456443592,7.615773105863909,1.7961487242585148,predictions/masks/qata_test_sub-S09426_ses-E16684_run-1_bp-chest_vp-ap_dx.png,predictions/probabilities/qata_test_sub-S09426_ses-E16684_run-1_bp-chest_vp-ap_dx.npy
qata_test_sub-S09426_ses-E16891_run-1_bp-chest_vp-ap_dx,sub-S09426,unet,1003,0.9722595507776336,0.9460166246385914,2.0,0.7362249934677553,predictions/masks/qata_test_sub-S09426_ses-E16891_run-1_bp-chest_vp-ap_dx.png,predictions/probabilities/qata_test_sub-S09426_ses-E16891_run-1_bp-chest_vp-ap_dx.npy
qata_test_sub-S09426_ses-E17865_run-1_bp-chest_vp-ap_dx,sub-S09426,unet,1003,0.971135029354384,0.94388968140818,2.0,0.6615209211849091,predictions/masks/qata_test_sub-S09426_ses-E17865_run-1_bp-chest_vp-ap_dx.png,predictions/probabilities/qata_test_sub-S09426_ses-E17865_run-1_bp-chest_vp-ap_dx.npy
qata_test_sub-S09426_ses-E18321_run-1_bp-chest_vp-pa_dx,sub-S09426,unet,1003,0.9620534937916523,0.9268815763023465,5.0,1.2437167026363307,predictions/masks/qata_test_sub-S09426_ses-E18321_run-1_bp-chest_vp-pa_dx.png,predictions/probabilities/qata_test_sub-S09426_ses-E18321_run-1_bp-chest_vp-pa_dx.npy
qata_test_sub-S09426_ses-E19083_run-2_bp-chest_vp-ap_dx,sub-S09426,unet,1003,0.9744391115080759,0.950152372660353,2.8284271247461903,1.9255803369097237,predictions/masks/qata_test_sub-S09426_ses-E19083_run-2_bp-chest_vp-ap_dx.png,predictions/probabilities/qata_test_sub-S09426_ses-E19083_run-2_bp-chest_vp-ap_dx.npy
qata_test_sub-S09426_ses-E19187_run-1_bp-chest_vp-ap_dx,sub-S09426,unet,1003,0.9649281934998871,0.9322330947870274,2.8284271247461903,0.7390986855210854,predictions/masks/qata_test_sub-S09426_ses-E19187_run-1_bp-chest_vp-ap_dx.png,predictions/probabilities/qata_test_sub-S09426_ses-E19187_run-1_bp-chest_vp-ap_dx.npy
qata_test_sub-S09426_ses-E19600_run-1_bp-chest_vp-ap_dx,sub-S09426,unet,1003,0.9518105739104755,0.9080520659913118,6.0,1.4186313376895665,predictions/masks/qata_test_sub-S09426_ses-E19600_run-1_bp-chest_vp-ap_dx.png,predictions/probabilities/qata_test_sub-S09426_ses-E19600_run-1_bp-chest_vp-ap_dx.npy
qata_test_sub-S09426_ses-E19939_run-1_bp-chest_vp-ap_dx,sub-S09426,unet,1003,0.9789204608603012,0.9587112691389688,2.0,0.6030050862945243,predictions/masks/qata_test_sub-S09426_ses-E19939_run-1_bp-chest_vp-ap_dx.png,predictions/probabilities/qata_test_sub-S09426_ses-E19939_run-1_bp-chest_vp-ap_dx.npy
qata_test_sub-S09426_ses-E20741_run-1_bp-chest_vp-ap_dx,sub-S09426,unet,1003,0.9776857169759077,0.9563455516673757,2.0,0.5676684814736846,predictions/masks/qata_test_sub-S09426_ses-E20741_run-1_bp-chest_vp-ap_dx.png,predictions/probabilities/qata_test_sub-S09426_ses-E20741_run-1_bp-chest_vp-ap_dx.npy
qata_test_sub-S09426_ses-E20899_run-1_bp-chest_vp-ap_dx,sub-S09426,unet,1003,0.9698359499031585,0.9414383561650521,3.137936011143108,0.7680995694484748,predictions/masks/qata_test_sub-S09426_ses-E20899_run-1_bp-chest_vp-ap_dx.png,predictions/probabilities/qata_test_sub-S09426_ses-E20899_run-1_bp-chest_vp-ap_dx.npy
qata_test_sub-S09426_ses-E21469_run-1_bp-chest_vp-ap_dx,sub-S09426,unet,1003,0.9712887058550399,0.9441800740241394,2.23606797749979,0.838815790844207,predictions/masks/qata_test_sub-S09426_ses-E21469_run-1_bp-chest_vp-ap_dx.png,predictions/probabilities/qata_test_sub-S09426_ses-E21469_run-1_bp-chest_vp-ap_dx.npy
qata_test_sub-S09426_ses-E21978_run-1_bp-chest_vp-ap_dx,sub-S09426,unet,1003,0.980338284536875,0.9614348265412476,1.4142135623730951,0.5377493921193436,predictions/masks/qata_test_sub-S09426_ses-E21978_run-1_bp-chest_vp-ap_dx.png,predictions/probabilities/qata_test_sub-S09426_ses-E21978_run-1_bp-chest_vp-ap_dx.npy
qata_test_sub-S09426_ses-E21980_run-1_bp-chest_vp-ap_dx,sub-S09426,unet,1003,0.9675543311908603,0.9371479395203365,3.605551275463989,0.8640339158472836,predictions/masks/qata_test_sub-S09426_ses-E21980_run-1_bp-chest_vp-ap_dx.png,predictions/probabilities/qata_test_sub-S09426_ses-E21980_run-1_bp-chest_vp-ap_dx.npy
qata_test_sub-S09426_ses-E22292_run-1_bp-chest_vp-ap_dx,sub-S09426,unet,1003,0.9693426624932363,0.9405091558736891,2.8284271247461903,0.8468250872602089,predictions/masks/qata_test_sub-S09426_ses-E22292_run-1_bp-chest_vp-ap_dx.png,predictions/probabilities/qata_test_sub-S09426_ses-E22292_run-1_bp-chest_vp-ap_dx.npy
qata_test_sub-S09426_ses-E24799_run-2_bp-chest_vp-ap_dx,sub-S09426,unet,1003,0.8931381673580966,0.8069102583717558,18.35755975068582,3.1645938484336256,predictions/masks/qata_test_sub-S09426_ses-E24799_run-2_bp-chest_vp-ap_dx.png,predictions/probabilities/qata_test_sub-S09426_ses-E24799_run-2_bp-chest_vp-ap_dx.npy
qata_test_sub-S09426_ses-E25493_run-1_bp-chest_vp-ap_dx,sub-S09426,unet,1003,0.8969772774655119,0.8131992742681191,22.47220505424423,3.10234167512534,predictions/masks/qata_test_sub-S09426_ses-E25493_run-1_bp-chest_vp-ap_dx.png,predictions/probabilities/qata_test_sub-S09426_ses-E25493_run-1_bp-chest_vp-ap_dx.npy
qata_test_sub-S09426_ses-E26002_run-1_bp-chest_vp-ap_dx,sub-S09426,unet,1003,0.9723283082077979,0.9461468248797357,2.23606797749979,0.8756059194243935,predictions/masks/qata_test_sub-S09426_ses-E26002_run-1_bp-chest_vp-ap_dx.png,predictions/probabilities/qata_test_sub-S09426_ses-E26002_run-1_bp-chest_vp-ap_dx.npy
qata_test_sub-S09426_ses-E26002_run-2_bp-chest_vp-ap_dx,sub-S09426,unet,1003,0.963860933211463,0.930242825607504,4.0,1.1955226428519055,predictions/masks/qata_test_sub-S09426_ses-E26002_run-2_bp-chest_vp-ap_dx.png,predictions/probabilities/qata_test_sub-S09426_ses-E26002_run-2_bp-chest_vp-ap_dx.npy
qata_test_sub-S09426_ses-E26194_run-1_bp-chest_vp-ap_cr,sub-S09426,unet,1003,0.6404401235990622,0.4710643015579704,34.416563479989165,8.090065947720378,predictions/masks/qata_test_sub-S09426_ses-E26194_run-1_bp-chest_vp-ap_cr.png,predictions/probabilities/qata_test_sub-S09426_ses-E26194_run-1_bp-chest_vp-ap_cr.npy
qata_test_sub-S09426_ses-E26436_run-1_bp-chest_vp-ap_dx,sub-S09426,unet,1003,0.9474360209358526,0.9001220256259908,11.661903789690601,2.2501844318817614,predictions/masks/qata_test_sub-S09426_ses-E26436_run-1_bp-chest_vp-ap_dx.png,predictions/probabilities/qata_test_sub-S09426_ses-E26436_run-1_bp-chest_vp-ap_dx.npy
qata_test_sub-S09426_ses-E26547_run-1_bp-chest_vp-pa_dx,sub-S09426,unet,1003,0.9040187280539991,0.8248487006083153,9.219544457292887,1.9331849549631834,predictions/masks/qata_test_sub-S09426_ses-E26547_run-1_bp-chest_vp-pa_dx.png,predictions/probabilities/qata_test_sub-S09426_ses-E26547_run-1_bp-chest_vp-pa_dx.npy
qata_test_sub-S09429_ses-E25116_run-1_bp-chest_vp-ap_dx,sub-S09429,unet,1003,0.9230769230816568,0.8571428571591837,2.0,0.8856574693795602,predictions/masks/qata_test_sub-S09429_ses-E25116_run-1_bp-chest_vp-ap_dx.png,predictions/probabilities/qata_test_sub-S09429_ses-E25116_run-1_bp-chest_vp-ap_dx.npy
qata_test_sub-S09429_ses-E25351_run-1_bp-chest_vp-ap_dx,sub-S09429,unet,1003,0.6431966726110874,0.47405298883868996,73.20298201227993,10.82699104506939,predictions/masks/qata_test_sub-S09429_ses-E25351_run-1_bp-chest_vp-ap_dx.png,predictions/probabilities/qata_test_sub-S09429_ses-E25351_run-1_bp-chest_vp-ap_dx.npy
qata_test_sub-S09431_ses-E16242_acq-1_run-1_bp-chest_vp-pa_cr,sub-S09431,unet,1003,0.7223154362474347,0.5653315824174219,18.503482463417896,4.315337347467462,predictions/masks/qata_test_sub-S09431_ses-E16242_acq-1_run-1_bp-chest_vp-pa_cr.png,predictions/probabilities/qata_test_sub-S09431_ses-E16242_acq-1_run-1_bp-chest_vp-pa_cr.npy
qata_test_sub-S09432_ses-E16243_run-1_bp-chest_vp-pa_dx,sub-S09432,unet,1003,0.8974466303914306,0.813971146552241,75.02698920863136,10.212829800151283,predictions/masks/qata_test_sub-S09432_ses-E16243_run-1_bp-chest_vp-pa_dx.png,predictions/probabilities/qata_test_sub-S09432_ses-E16243_run-1_bp-chest_vp-pa_dx.npy
qata_test_sub-S09432_ses-E24878_run-1_bp-chest_vp-pa_dx,sub-S09432,unet,1003,0.7736720554337855,0.6308851224279245,82.04267046564206,18.432185249065245,predictions/masks/qata_test_sub-S09432_ses-E24878_run-1_bp-chest_vp-pa_dx.png,predictions/probabilities/qata_test_sub-S09432_ses-E24878_run-1_bp-chest_vp-pa_dx.npy
qata_test_sub-S09433_ses-E26193_run-1_bp-chest_vp-pa_dx,sub-S09433,unet,1003,0.8942710759215298,0.8087615838301386,7.761630533395968,2.438607945824358,predictions/masks/qata_test_sub-S09433_ses-E26193_run-1_bp-chest_vp-pa_dx.png,predictions/probabilities/qata_test_sub-S09433_ses-E26193_run-1_bp-chest_vp-pa_dx.npy
qata_test_sub-S09434_ses-E24009_run-1_bp-chest_vp-ap_cr,sub-S09434,unet,1003,0.9750781312606175,0.9513682564507321,2.0,0.6979701791991998,predictions/masks/qata_test_sub-S09434_ses-E24009_run-1_bp-chest_vp-ap_cr.png,predictions/probabilities/qata_test_sub-S09434_ses-E24009_run-1_bp-chest_vp-ap_cr.npy
qata_test_sub-S09434_ses-E26278_run-1_bp-chest_vp-pa_dx,sub-S09434,unet,1003,0.7525600835971519,0.6032836321058254,24.698178070456937,5.985610758965126,predictions/masks/qata_test_sub-S09434_ses-E26278_run-1_bp-chest_vp-pa_dx.png,predictions/probabilities/qata_test_sub-S09434_ses-E26278_run-1_bp-chest_vp-pa_dx.npy
qata_test_sub-S09436_ses-E16248_run-1_bp-chest_vp-ap_dx,sub-S09436,unet,1003,0.589338019926004,0.4177740863948568,110.20193389692136,27.90170743566943,predictions/masks/qata_test_sub-S09436_ses-E16248_run-1_bp-chest_vp-ap_dx.png,predictions/probabilities/qata_test_sub-S09436_ses-E16248_run-1_bp-chest_vp-ap_dx.npy
qata_test_sub-S09436_ses-E16516_run-1_bp-chest_vp-ap_dx,sub-S09436,unet,1003,0.8482303539383185,0.7364583333607856,5.0,1.8754611288589704,predictions/masks/qata_test_sub-S09436_ses-E16516_run-1_bp-chest_vp-ap_dx.png,predictions/probabilities/qata_test_sub-S09436_ses-E16516_run-1_bp-chest_vp-ap_dx.npy
qata_test_sub-S09436_ses-E17012_run-1_bp-chest_vp-ap_dx,sub-S09436,unet,1003,0.17475728161502932,0.0957446809250618,44.96415898254845,16.910279798875397,predictions/masks/qata_test_sub-S09436_ses-E17012_run-1_bp-chest_vp-ap_dx.png,predictions/probabilities/qata_test_sub-S09436_ses-E17012_run-1_bp-chest_vp-ap_dx.npy
qata_test_sub-S09436_ses-E19623_run-1_bp-chest_vp-ap_dx,sub-S09436,unet,1003,0.8732478377610126,0.7750132345275271,12.115952867874778,6.7912384200076366,predictions/masks/qata_test_sub-S09436_ses-E19623_run-1_bp-chest_vp-ap_dx.png,predictions/probabilities/qata_test_sub-S09436_ses-E19623_run-1_bp-chest_vp-ap_dx.npy
qata_test_sub-S09436_ses-E22139_run-1_bp-chest_vp-ap_dx,sub-S09436,unet,1003,0.1666666666998937,0.0909090909486338,112.06424679522954,39.30584625059581,predictions/masks/qata_test_sub-S09436_ses-E22139_run-1_bp-chest_vp-ap_dx.png,predictions/probabilities/qata_test_sub-S09436_ses-E22139_run-1_bp-chest_vp-ap_dx.npy
qata_test_sub-S09436_ses-E22545_run-1_bp-chest_vp-ap_dx,sub-S09436,unet,1003,0.933653557492235,0.8755630630700697,3.1622776601683795,1.1147920867377628,predictions/masks/qata_test_sub-S09436_ses-E22545_run-1_bp-chest_vp-ap_dx.png,predictions/probabilities/qata_test_sub-S09436_ses-E22545_run-1_bp-chest_vp-ap_dx.npy
qata_test_sub-S09436_ses-E26718_run-1_bp-chest_vp-ap_dx,sub-S09436,unet,1003,0.31713004485529817,0.18844596036690586,43.0812341064792,14.749219628834469,predictions/masks/qata_test_sub-S09436_ses-E26718_run-1_bp-chest_vp-ap_dx.png,predictions/probabilities/qata_test_sub-S09436_ses-E26718_run-1_bp-chest_vp-ap_dx.npy
qata_test_sub-S09437_ses-E20592_run-1_bp-chest_vp-ap_cr,sub-S09437,unet,1003,0.7866636113681638,0.6483474976459236,20.634513857939424,5.584751077009388,predictions/masks/qata_test_sub-S09437_ses-E20592_run-1_bp-chest_vp-ap_cr.png,predictions/probabilities/qata_test_sub-S09437_ses-E20592_run-1_bp-chest_vp-ap_cr.npy
qata_test_sub-S09439_ses-E22575_run-1_bp-chest_vp-pa_dx,sub-S09439,unet,1003,0.8437765806678827,0.7297694948636699,8.018677324489563,2.3209246389233216,predictions/masks/qata_test_sub-S09439_ses-E22575_run-1_bp-chest_vp-pa_dx.png,predictions/probabilities/qata_test_sub-S09439_ses-E22575_run-1_bp-chest_vp-pa_dx.npy
qata_test_sub-S09440_ses-E19667_run-1_bp-chest_vp-ap_cr,sub-S09440,unet,1003,0.9783106192575116,0.9575421235627337,2.23606797749979,1.0232415330854145,predictions/masks/qata_test_sub-S09440_ses-E19667_run-1_bp-chest_vp-ap_cr.png,predictions/probabilities/qata_test_sub-S09440_ses-E19667_run-1_bp-chest_vp-ap_cr.npy
qata_test_sub-S09440_ses-E19833_run-1_bp-chest_vp-ap_dx,sub-S09440,unet,1003,0.9759937971551129,0.9531131690840869,2.8284271247461903,0.8169618974833143,predictions/masks/qata_test_sub-S09440_ses-E19833_run-1_bp-chest_vp-ap_dx.png,predictions/probabilities/qata_test_sub-S09440_ses-E19833_run-1_bp-chest_vp-ap_dx.npy
qata_test_sub-S09440_ses-E19987_run-1_bp-chest_vp-ap_dx,sub-S09440,unet,1003,0.9734879867440779,0.9483454398711842,3.0,0.8713689395693482,predictions/masks/qata_test_sub-S09440_ses-E19987_run-1_bp-chest_vp-ap_dx.png,predictions/probabilities/qata_test_sub-S09440_ses-E19987_run-1_bp-chest_vp-ap_dx.npy
qata_test_sub-S09440_ses-E20661_run-1_bp-chest_vp-ap_dx,sub-S09440,unet,1003,0.9808859905554843,0.9624889673435432,2.0,0.6668510230618039,predictions/masks/qata_test_sub-S09440_ses-E20661_run-1_bp-chest_vp-ap_dx.png,predictions/probabilities/qata_test_sub-S09440_ses-E20661_run-1_bp-chest_vp-ap_dx.npy
qata_test_sub-S09440_ses-E22583_run-1_bp-chest_vp-ap_dx,sub-S09440,unet,1003,0.9775067666366627,0.9560031643646565,2.0,0.7854391419003561,predictions/masks/qata_test_sub-S09440_ses-E22583_run-1_bp-chest_vp-ap_dx.png,predictions/probabilities/qata_test_sub-S09440_ses-E22583_run-1_bp-chest_vp-ap_dx.npy
qata_test_sub-S09440_ses-E23311_run-1_bp-chest_vp-ap_dx,sub-S09440,unet,1003,0.9792747918771839,0.9593912093914866,2.0,0.6578118006958449,predictions/masks/qata_test_sub-S09440_ses-E23311_run-1_bp-chest_vp-ap_dx.png,predictions/probabilities/qata_test_sub-S09440_ses-E23311_run-1_bp-chest_vp-ap_dx.npy
qata_test_sub-S09440_ses-E24067_run-1_bp-chest_vp-ap_cr,sub-S09440,unet,1003,0.964523953911596,0.9314787701322732,3.0,1.087679993318062,predictions/masks/qata_test_sub-S09440_ses-E24067_run-1_bp-chest_vp-ap_cr.png,predictions/probabilities/qata_test_sub-S09440_ses-E24067_run-1_bp-chest_vp-ap_cr.npy
qata_test_sub-S09440_ses-E24069_run-1_bp-chest_vp-ap_cr,sub-S09440,unet,1003,0.9570041608878089,0.917553191489924,6.708203932499369,1.6252746922818186,predictions/masks/qata_test_sub-S09440_ses-E24069_run-1_bp-chest_vp-ap_cr.png,predictions/probabilities/qata_test_sub-S09440_ses-E24069_run-1_bp-chest_vp-ap_cr.npy
qata_test_sub-S09440_ses-E24503_run-1_bp-chest_vp-ap_dx,sub-S09440,unet,1003,0.9655934681072286,0.9334758031164107,4.0,1.1445895000471382,predictions/masks/qata_test_sub-S09440_ses-E24503_run-1_bp-chest_vp-ap_dx.png,predictions/probabilities/qata_test_sub-S09440_ses-E24503_run-1_bp-chest_vp-ap_dx.npy
qata_test_sub-S09440_ses-E24830_run-1_bp-chest_vp-ap_dx,sub-S09440,unet,1003,0.43607427057198744,0.2788331072157791,161.1862276995153,36.76478938260934,predictions/masks/qata_test_sub-S09440_ses-E24830_run-1_bp-chest_vp-ap_dx.png,predictions/probabilities/qata_test_sub-S09440_ses-E24830_run-1_bp-chest_vp-ap_dx.npy
qata_test_sub-S09440_ses-E25759_run-1_bp-chest_vp-ap_dx,sub-S09440,unet,1003,0.9511466144985569,0.906844204963956,7.0710678118654755,1.9073573082425124,predictions/masks/qata_test_sub-S09440_ses-E25759_run-1_bp-chest_vp-ap_dx.png,predictions/probabilities/qata_test_sub-S09440_ses-E25759_run-1_bp-chest_vp-ap_dx.npy
qata_test_sub-S09440_ses-E26490_run-1_bp-chest_vp-ap_dx,sub-S09440,unet,1003,0.9661159701977127,0.9344529389651933,4.0,1.1518176512826181,predictions/masks/qata_test_sub-S09440_ses-E26490_run-1_bp-chest_vp-ap_dx.png,predictions/probabilities/qata_test_sub-S09440_ses-E26490_run-1_bp-chest_vp-ap_dx.npy
qata_test_sub-S09443_ses-E21660_run-1_bp-chest_vp-ap_dx,sub-S09443,unet,1003,0.8527508090734021,0.7433004231673765,4.0,1.4393161558048824,predictions/masks/qata_test_sub-S09443_ses-E21660_run-1_bp-chest_vp-ap_dx.png,predictions/probabilities/qata_test_sub-S09443_ses-E21660_run-1_bp-chest_vp-ap_dx.npy
qata_test_sub-S09446_ses-E16261_run-1_bp-chest_vp-pa_cr,sub-S09446,unet,1003,0.7355864811238336,0.5817610063156125,79.1100954541535,17.009045969213336,predictions/masks/qata_test_sub-S09446_ses-E16261_run-1_bp-chest_vp-pa_cr.png,predictions/probabilities/qata_test_sub-S09446_ses-E16261_run-1_bp-chest_vp-pa_cr.npy
qata_test_sub-S09447_ses-E16262_run-1_bp-chest_vp-pa_cr,sub-S09447,unet,1003,3.3222591351088837e-10,3.3222591351088837e-10,316.7838379715733,316.7838379715733,predictions/masks/qata_test_sub-S09447_ses-E16262_run-1_bp-chest_vp-pa_cr.png,predictions/probabilities/qata_test_sub-S09447_ses-E16262_run-1_bp-chest_vp-pa_cr.npy
qata_test_sub-S09448_ses-E20419_run-1_bp-chest_vp-pa_cr,sub-S09448,unet,1003,0.5289256199125744,0.359550561941674,9.36655314505962,3.754039948996563,predictions/masks/qata_test_sub-S09448_ses-E20419_run-1_bp-chest_vp-pa_cr.png,predictions/probabilities/qata_test_sub-S09448_ses-E20419_run-1_bp-chest_vp-pa_cr.npy
qata_test_sub-S09448_ses-E21381_run-1_bp-chest_vp-ap_dx,sub-S09448,unet,1003,0.8595080416305698,0.7536291995125,6.708203932499369,1.9614250061214993,predictions/masks/qata_test_sub-S09448_ses-E21381_run-1_bp-chest_vp-ap_dx.png,predictions/probabilities/qata_test_sub-S09448_ses-E21381_run-1_bp-chest_vp-ap_dx.npy
qata_test_sub-S09449_ses-E16265_run-1_bp-chest_vp-ap_dx,sub-S09449,unet,1003,0.901863106506417,0.8212665577951255,8.991640786499868,1.8527768632969246,predictions/masks/qata_test_sub-S09449_ses-E16265_run-1_bp-chest_vp-ap_dx.png,predictions/probabilities/qata_test_sub-S09449_ses-E16265_run-1_bp-chest_vp-ap_dx.npy
qata_test_sub-S09449_ses-E18173_run-1_bp-chest_vp-ap_dx,sub-S09449,unet,1003,0.9642179452428556,0.930908139231472,4.0,0.9776723148406353,predictions/masks/qata_test_sub-S09449_ses-E18173_run-1_bp-chest_vp-ap_dx.png,predictions/probabilities/qata_test_sub-S09449_ses-E18173_run-1_bp-chest_vp-ap_dx.npy
qata_test_sub-S09450_ses-E24850_run-1_bp-chest_vp-pa_dx,sub-S09450,unet,1003,0.6083086053606178,0.4371002132596232,12.631238657493736,5.350706955600733,predictions/masks/qata_test_sub-S09450_ses-E24850_run-1_bp-chest_vp-pa_dx.png,predictions/probabilities/qata_test_sub-S09450_ses-E24850_run-1_bp-chest_vp-pa_dx.npy
qata_test_sub-S09451_ses-E16269_acq-2_run-1_bp-chest_vp-ap_cr,sub-S09451,unet,1003,0.5655629139360554,0.39427516164411125,116.08351489597786,30.6982964742835,predictions/masks/qata_test_sub-S09451_ses-E16269_acq-2_run-1_bp-chest_vp-ap_cr.png,predictions/probabilities/qata_test_sub-S09451_ses-E16269_acq-2_run-1_bp-chest_vp-ap_cr.npy
qata_test_sub-S09452_ses-E16270_run-1_bp-chest_cr,sub-S09452,unet,1003,0.8530518857491103,0.7437580437613416,15.952847075210475,3.1926820674226373,predictions/masks/qata_test_sub-S09452_ses-E16270_run-1_bp-chest_cr.png,predictions/probabilities/qata_test_sub-S09452_ses-E16270_run-1_bp-chest_cr.npy
qata_test_sub-S09452_ses-E16359_run-1_bp-chest_cr,sub-S09452,unet,1003,0.8291671214951515,0.7081857169549098,56.01071087134628,8.394738483247341,predictions/masks/qata_test_sub-S09452_ses-E16359_run-1_bp-chest_cr.png,predictions/probabilities/qata_test_sub-S09452_ses-E16359_run-1_bp-chest_cr.npy
qata_test_sub-S09452_ses-E16704_run-1_bp-chest_cr,sub-S09452,unet,1003,0.9531733746132296,0.9105360443631189,6.0,1.2183523051891139,predictions/masks/qata_test_sub-S09452_ses-E16704_run-1_bp-chest_cr.png,predictions/probabilities/qata_test_sub-S09452_ses-E16704_run-1_bp-chest_cr.npy
qata_test_sub-S09452_ses-E16823_run-1_bp-chest_cr,sub-S09452,unet,1003,0.900421820939853,0.8188793103463889,12.806248474865697,2.6541974611112837,predictions/masks/qata_test_sub-S09452_ses-E16823_run-1_bp-chest_cr.png,predictions/probabilities/qata_test_sub-S09452_ses-E16823_run-1_bp-chest_cr.npy
qata_test_sub-S09452_ses-E16825_run-1_bp-chest_vp-ap_cr,sub-S09452,unet,1003,0.7311564625868628,0.57623847309054,40.0,7.652422462845148,predictions/masks/qata_test_sub-S09452_ses-E16825_run-1_bp-chest_vp-ap_cr.png,predictions/probabilities/qata_test_sub-S09452_ses-E16825_run-1_bp-chest_vp-ap_cr.npy
qata_test_sub-S09452_ses-E16953_run-1_bp-chest_cr,sub-S09452,unet,1003,0.7188448906257741,0.5610912256983545,35.044252240148296,6.8991924620918,predictions/masks/qata_test_sub-S09452_ses-E16953_run-1_bp-chest_cr.png,predictions/probabilities/qata_test_sub-S09452_ses-E16953_run-1_bp-chest_cr.npy
qata_test_sub-S09452_ses-E17117_acq-1_run-1_bp-chest_cr,sub-S09452,unet,1003,0.5847097995718176,0.41313774333967024,54.47382914076131,12.323579378454662,predictions/masks/qata_test_sub-S09452_ses-E17117_acq-1_run-1_bp-chest_cr.png,predictions/probabilities/qata_test_sub-S09452_ses-E17117_acq-1_run-1_bp-chest_cr.npy
qata_test_sub-S09452_ses-E17189_run-1_bp-chest_cr,sub-S09452,unet,1003,0.7152605459101231,0.55673587639892,14.0,4.4151390666530785,predictions/masks/qata_test_sub-S09452_ses-E17189_run-1_bp-chest_cr.png,predictions/probabilities/qata_test_sub-S09452_ses-E17189_run-1_bp-chest_cr.npy
qata_test_sub-S09452_ses-E17479_run-1_bp-chest_cr,sub-S09452,unet,1003,0.80299191699962,0.670832493452219,28.902758017931415,4.801264973560584,predictions/masks/qata_test_sub-S09452_ses-E17479_run-1_bp-chest_cr.png,predictions/probabilities/qata_test_sub-S09452_ses-E17479_run-1_bp-chest_cr.npy
qata_test_sub-S09452_ses-E17513_run-1_bp-chest_cr,sub-S09452,unet,1003,0.87813327898982,0.7827429609465691,11.40175425099138,2.393344099176562,predictions/masks/qata_test_sub-S09452_ses-E17513_run-1_bp-chest_cr.png,predictions/probabilities/qata_test_sub-S09452_ses-E17513_run-1_bp-chest_cr.npy
qata_test_sub-S09452_ses-E17919_run-1_bp-chest_cr,sub-S09452,unet,1003,0.9018625763035328,0.8212656784509572,10.241955028396195,2.2479620010756176,predictions/masks/qata_test_sub-S09452_ses-E17919_run-1_bp-chest_cr.png,predictions/probabilities/qata_test_sub-S09452_ses-E17919_run-1_bp-chest_cr.npy
qata_test_sub-S09452_ses-E17957_run-1_bp-chest_cr,sub-S09452,unet,1003,0.8846681026053979,0.7931882022508219,7.0710678118654755,2.132676216073001,predictions/masks/qata_test_sub-S09452_ses-E17957_run-1_bp-chest_cr.png,predictions/probabilities/qata_test_sub-S09452_ses-E17957_run-1_bp-chest_cr.npy
qata_test_sub-S09452_ses-E18170_run-1_bp-chest_cr,sub-S09452,unet,1003,0.6509029345392161,0.48247301933002196,55.89454172876653,10.779080211743901,predictions/masks/qata_test_sub-S09452_ses-E18170_run-1_bp-chest_cr.png,predictions/probabilities/qata_test_sub-S09452_ses-E18170_run-1_bp-chest_cr.npy
qata_test_sub-S09452_ses-E19207_run-1_bp-chest_cr,sub-S09452,unet,1003,0.9118887495735564,0.8380473496786498,5.385164807134504,1.5496683391804063,predictions/masks/qata_test_sub-S09452_ses-E19207_run-1_bp-chest_cr.png,predictions/probabilities/qata_test_sub-S09452_ses-E19207_run-1_bp-chest_cr.npy
qata_test_sub-S09452_ses-E21690_run-1_bp-chest_cr,sub-S09452,unet,1003,0.9152503707093047,0.8437434279738435,4.656888370749678,1.4320359062276495,predictions/masks/qata_test_sub-S09452_ses-E21690_run-1_bp-chest_cr.png,predictions/probabilities/qata_test_sub-S09452_ses-E21690_run-1_bp-chest_cr.npy
qata_test_sub-S09452_ses-E22036_run-1_bp-chest_cr,sub-S09452,unet,1003,0.803369394666749,0.6713595583206161,34.0,5.866484755354717,predictions/masks/qata_test_sub-S09452_ses-E22036_run-1_bp-chest_cr.png,predictions/probabilities/qata_test_sub-S09452_ses-E22036_run-1_bp-chest_cr.npy
qata_test_sub-S09452_ses-E22824_run-1_bp-chest_vp-ap_dx,sub-S09452,unet,1003,0.8260674732742714,0.703675428076086,15.0,2.878460513751131,predictions/masks/qata_test_sub-S09452_ses-E22824_run-1_bp-chest_vp-ap_dx.png,predictions/probabilities/qata_test_sub-S09452_ses-E22824_run-1_bp-chest_vp-ap_dx.npy
qata_test_sub-S09452_ses-E22828_run-1_bp-chest_cr,sub-S09452,unet,1003,0.9567975192053224,0.9171733549531527,3.605551275463989,1.04862235798167,predictions/masks/qata_test_sub-S09452_ses-E22828_run-1_bp-chest_cr.png,predictions/probabilities/qata_test_sub-S09452_ses-E22828_run-1_bp-chest_cr.npy
qata_test_sub-S09454_ses-E25547_run-1_bp-chest_vp-ap_dx,sub-S09454,unet,1003,0.47125063983157733,0.30825892858686926,53.97663048704449,10.853000379930329,predictions/masks/qata_test_sub-S09454_ses-E25547_run-1_bp-chest_vp-ap_dx.png,predictions/probabilities/qata_test_sub-S09454_ses-E25547_run-1_bp-chest_vp-ap_dx.npy
qata_test_sub-S09455_ses-E16273_run-1_bp-chest_vp-ap_cr,sub-S09455,unet,1003,0.9677540073600215,0.9375226586110268,2.23606797749979,0.768655034267508,predictions/masks/qata_test_sub-S09455_ses-E16273_run-1_bp-chest_vp-ap_cr.png,predictions/probabilities/qata_test_sub-S09455_ses-E16273_run-1_bp-chest_vp-ap_cr.npy
qata_test_sub-S09455_ses-E16541_run-1_bp-chest_vp-ap_cr,sub-S09455,unet,1003,0.9711909711911423,0.9439953810630023,2.23606797749979,0.6956951053044779,predictions/masks/qata_test_sub-S09455_ses-E16541_run-1_bp-chest_vp-ap_cr.png,predictions/probabilities/qata_test_sub-S09455_ses-E16541_run-1_bp-chest_vp-ap_cr.npy
qata_test_sub-S09455_ses-E17099_run-1_bp-chest_vp-ap_cr,sub-S09455,unet,1003,0.9713627386440017,0.9443200000005939,2.23606797749979,0.6984474126562519,predictions/masks/qata_test_sub-S09455_ses-E17099_run-1_bp-chest_vp-ap_cr.png,predictions/probabilities/qata_test_sub-S09455_ses-E17099_run-1_bp-chest_vp-ap_cr.npy
qata_test_sub-S09455_ses-E17339_run-1_bp-chest_vp-ap_cr,sub-S09455,unet,1003,0.9714316114275074,0.9444501913732859,2.0,0.7520362349931663,predictions/masks/qata_test_sub-S09455_ses-E17339_run-1_bp-chest_vp-ap_cr.png,predictions/probabilities/qata_test_sub-S09455_ses-E17339_run-1_bp-chest_vp-ap_cr.npy
qata_test_sub-S09455_ses-E18009_run-1_bp-chest_vp-ap_cr,sub-S09455,unet,1003,0.9756275768489346,0.952414917465331,2.0,0.6429504986372817,predictions/masks/qata_test_sub-S09455_ses-E18009_run-1_bp-chest_vp-ap_cr.png,predictions/probabilities/qata_test_sub-S09455_ses-E18009_run-1_bp-chest_vp-ap_cr.npy
qata_test_sub-S09455_ses-E26736_run-1_bp-chest_vp-ap_cr,sub-S09455,unet,1003,0.6002913203701457,0.42886875612844183,72.5947330245241,12.833456544297942,predictions/masks/qata_test_sub-S09455_ses-E26736_run-1_bp-chest_vp-ap_cr.png,predictions/probabilities/qata_test_sub-S09455_ses-E26736_run-1_bp-chest_vp-ap_cr.npy
qata_test_sub-S09458_ses-E16276_run-1_bp-chest_vp-ap_dx,sub-S09458,unet,1003,0.2845332414989827,0.16586345384876053,120.27362454372343,46.964872897262225,predictions/masks/qata_test_sub-S09458_ses-E16276_run-1_bp-chest_vp-ap_dx.png,predictions/probabilities/qata_test_sub-S09458_ses-E16276_run-1_bp-chest_vp-ap_dx.npy
qata_test_sub-S09458_ses-E16368_run-1_bp-chest_vp-ap_dx,sub-S09458,unet,1003,0.6984675653911917,0.5366501416512632,90.79647570252934,23.280236466328986,predictions/masks/qata_test_sub-S09458_ses-E16368_run-1_bp-chest_vp-ap_dx.png,predictions/probabilities/qata_test_sub-S09458_ses-E16368_run-1_bp-chest_vp-ap_dx.npy
qata_test_sub-S09458_ses-E16829_run-1_bp-chest_vp-ap_dx,sub-S09458,unet,1003,0.9466226358454121,0.8986548107626692,5.0,1.3546006090469267,predictions/masks/qata_test_sub-S09458_ses-E16829_run-1_bp-chest_vp-ap_dx.png,predictions/probabilities/qata_test_sub-S09458_ses-E16829_run-1_bp-chest_vp-ap_dx.npy
qata_test_sub-S09458_ses-E17334_run-1_bp-chest_vp-ap_dx,sub-S09458,unet,1003,0.8967773597260201,0.8128706998841508,12.041594578792296,2.647231114880749,predictions/masks/qata_test_sub-S09458_ses-E17334_run-1_bp-chest_vp-ap_dx.png,predictions/probabilities/qata_test_sub-S09458_ses-E17334_run-1_bp-chest_vp-ap_dx.npy
qata_test_sub-S09458_ses-E17447_run-1_bp-chest_vp-ap_dx,sub-S09458,unet,1003,0.8146971201607279,0.6873324396835232,26.917153928400893,5.239915273127217,predictions/masks/qata_test_sub-S09458_ses-E17447_run-1_bp-chest_vp-ap_dx.png,predictions/probabilities/qata_test_sub-S09458_ses-E17447_run-1_bp-chest_vp-ap_dx.npy
qata_test_sub-S09458_ses-E18180_run-1_bp-chest_vp-ap_dx,sub-S09458,unet,1003,0.9178839320979494,0.8482305727891926,8.491133568878768,1.8087561509498293,predictions/masks/qata_test_sub-S09458_ses-E18180_run-1_bp-chest_vp-ap_dx.png,predictions/probabilities/qata_test_sub-S09458_ses-E18180_run-1_bp-chest_vp-ap_dx.npy
qata_test_sub-S09458_ses-E18738_run-1_bp-chest_vp-ap_dx,sub-S09458,unet,1003,0.7942414174995099,0.6587068332171435,27.0,5.738028101184556,predictions/masks/qata_test_sub-S09458_ses-E18738_run-1_bp-chest_vp-ap_dx.png,predictions/probabilities/qata_test_sub-S09458_ses-E18738_run-1_bp-chest_vp-ap_dx.npy
qata_test_sub-S09458_ses-E19468_acq-1_run-1_bp-chest_vp-ap_dx,sub-S09458,unet,1003,0.9382965810249181,0.8837652439068687,5.717788425365896,1.329573076463216,predictions/masks/qata_test_sub-S09458_ses-E19468_acq-1_run-1_bp-chest_vp-ap_dx.png,predictions/probabilities/qata_test_sub-S09458_ses-E19468_acq-1_run-1_bp-chest_vp-ap_dx.npy
qata_test_sub-S09458_ses-E19855_run-1_bp-chest_vp-ap_dx,sub-S09458,unet,1003,0.9283387622157618,0.8662613981790018,5.0,1.4093279403844523,predictions/masks/qata_test_sub-S09458_ses-E19855_run-1_bp-chest_vp-ap_dx.png,predictions/probabilities/qata_test_sub-S09458_ses-E19855_run-1_bp-chest_vp-ap_dx.npy
qata_test_sub-S09458_ses-E20042_run-1_bp-chest_vp-ap_dx,sub-S09458,unet,1003,0.8721078520689369,0.773219189149197,15.08604881085401,3.083079123928644,predictions/masks/qata_test_sub-S09458_ses-E20042_run-1_bp-chest_vp-ap_dx.png,predictions/probabilities/qata_test_sub-S09458_ses-E20042_run-1_bp-chest_vp-ap_dx.npy
qata_test_sub-S09458_ses-E20224_run-1_bp-chest_vp-ap_dx,sub-S09458,unet,1003,0.8275545350211813,0.7058362710651848,13.266177013662167,3.0164627237901183,predictions/masks/qata_test_sub-S09458_ses-E20224_run-1_bp-chest_vp-ap_dx.png,predictions/probabilities/qata_test_sub-S09458_ses-E20224_run-1_bp-chest_vp-ap_dx.npy
qata_test_sub-S09458_ses-E21702_run-1_bp-chest_vp-ap_dx,sub-S09458,unet,1003,0.8942798219912391,0.8087758908431454,15.069463863518335,2.9888381167115825,predictions/masks/qata_test_sub-S09458_ses-E21702_run-1_bp-chest_vp-ap_dx.png,predictions/probabilities/qata_test_sub-S09458_ses-E21702_run-1_bp-chest_vp-ap_dx.npy
qata_test_sub-S09458_ses-E22358_run-1_bp-chest_vp-ap_dx,sub-S09458,unet,1003,0.9635000000009125,0.9295706705292056,2.0,0.6050310581224214,predictions/masks/qata_test_sub-S09458_ses-E22358_run-1_bp-chest_vp-ap_dx.png,predictions/probabilities/qata_test_sub-S09458_ses-E22358_run-1_bp-chest_vp-ap_dx.npy
qata_test_sub-S09458_ses-E22645_run-1_bp-chest_vp-ap_dx,sub-S09458,unet,1003,0.7414249910509028,0.5890987710561094,33.319636359209916,7.837537304955801,predictions/masks/qata_test_sub-S09458_ses-E22645_run-1_bp-chest_vp-ap_dx.png,predictions/probabilities/qata_test_sub-S09458_ses-E22645_run-1_bp-chest_vp-ap_dx.npy
qata_test_sub-S09458_ses-E23122_run-1_bp-chest_vp-ap_dx,sub-S09458,unet,1003,0.43213173120978793,0.2756173715788925,92.0,29.551271234149254,predictions/masks/qata_test_sub-S09458_ses-E23122_run-1_bp-chest_vp-ap_dx.png,predictions/probabilities/qata_test_sub-S09458_ses-E23122_run-1_bp-chest_vp-ap_dx.npy
qata_test_sub-S09458_ses-E26325_run-1_bp-chest_vp-ap_cr,sub-S09458,unet,1003,0.4547175765311657,0.29426179294886134,99.92497185388645,41.88037078287146,predictions/masks/qata_test_sub-S09458_ses-E26325_run-1_bp-chest_vp-ap_cr.png,predictions/probabilities/qata_test_sub-S09458_ses-E26325_run-1_bp-chest_vp-ap_cr.npy
qata_test_sub-S09458_ses-E27160_run-1_bp-chest_vp-ap_dx,sub-S09458,unet,1003,0.5912183055293,0.41966637406324264,124.41964108847066,31.877489720306105,predictions/masks/qata_test_sub-S09458_ses-E27160_run-1_bp-chest_vp-ap_dx.png,predictions/probabilities/qata_test_sub-S09458_ses-E27160_run-1_bp-chest_vp-ap_dx.npy
qata_test_sub-S09459_ses-E16279_run-1_bp-chest_vp-ap_cr,sub-S09459,unet,1003,0.7346593313640571,0.58060200670299,15.779605809173216,5.081296921227396,predictions/masks/qata_test_sub-S09459_ses-E16279_run-1_bp-chest_vp-ap_cr.png,predictions/probabilities/qata_test_sub-S09459_ses-E16279_run-1_bp-chest_vp-ap_cr.npy
qata_test_sub-S09459_ses-E22841_run-1_bp-chest_vp-pa_dx,sub-S09459,unet,1003,0.5493171472269106,0.3786610879311024,11.763759928575697,5.022902550917259,predictions/masks/qata_test_sub-S09459_ses-E22841_run-1_bp-chest_vp-pa_dx.png,predictions/probabilities/qata_test_sub-S09459_ses-E22841_run-1_bp-chest_vp-pa_dx.npy
qata_test_sub-S09461_ses-E20709_run-1_bp-chest_vp-ap_cr,sub-S09461,unet,1003,0.635059567234742,0.46526540792784954,55.056784229854166,15.825063205126108,predictions/masks/qata_test_sub-S09461_ses-E20709_run-1_bp-chest_vp-ap_cr.png,predictions/probabilities/qata_test_sub-S09461_ses-E20709_run-1_bp-chest_vp-ap_cr.npy
qata_test_sub-S09465_ses-E18212_run-1_bp-chest_vp-ap_dx,sub-S09465,unet,1003,0.9694251038886825,0.9406643879516093,4.0,1.203583696237303,predictions/masks/qata_test_sub-S09465_ses-E18212_run-1_bp-chest_vp-ap_dx.png,predictions/probabilities/qata_test_sub-S09465_ses-E18212_run-1_bp-chest_vp-ap_dx.npy
qata_test_sub-S09465_ses-E19875_run-1_bp-chest_vp-ap_dx,sub-S09465,unet,1003,0.9739929444581891,0.9493043339199888,3.1622776601683795,1.001148298491732,predictions/masks/qata_test_sub-S09465_ses-E19875_run-1_bp-chest_vp-ap_dx.png,predictions/probabilities/qata_test_sub-S09465_ses-E19875_run-1_bp-chest_vp-ap_dx.npy
qata_test_sub-S09465_ses-E23867_run-1_bp-chest_vp-ap_dx,sub-S09465,unet,1003,0.8581509216594969,0.7515449615351776,16.814931647799444,2.8153506266233492,predictions/masks/qata_test_sub-S09465_ses-E23867_run-1_bp-chest_vp-ap_dx.png,predictions/probabilities/qata_test_sub-S09465_ses-E23867_run-1_bp-chest_vp-ap_dx.npy
qata_test_sub-S09465_ses-E25441_run-1_bp-chest_vp-ap_cr,sub-S09465,unet,1003,0.46219512198401247,0.30055511504357213,99.21247183273323,28.740927717296206,predictions/masks/qata_test_sub-S09465_ses-E25441_run-1_bp-chest_vp-ap_cr.png,predictions/probabilities/qata_test_sub-S09465_ses-E25441_run-1_bp-chest_vp-ap_cr.npy
qata_test_sub-S09465_ses-E25868_run-1_bp-chest_vp-ap_dx,sub-S09465,unet,1003,0.957697948921012,0.9188295733753905,7.255957320857135,1.794893989584932,predictions/masks/qata_test_sub-S09465_ses-E25868_run-1_bp-chest_vp-ap_dx.png,predictions/probabilities/qata_test_sub-S09465_ses-E25868_run-1_bp-chest_vp-ap_dx.npy
qata_test_sub-S09465_ses-E26340_run-1_bp-chest_vp-ap_dx,sub-S09465,unet,1003,0.9253768608972086,0.8611175650565688,17.070421153222455,3.3827467137173057,predictions/masks/qata_test_sub-S09465_ses-E26340_run-1_bp-chest_vp-ap_dx.png,predictions/probabilities/qata_test_sub-S09465_ses-E26340_run-1_bp-chest_vp-ap_dx.npy
qata_test_sub-S09466_ses-E16293_run-1_bp-chest_vp-pa_dx,sub-S09466,unet,1003,0.23552894216663148,0.1334841629612757,135.5997139663099,56.18534962670117,predictions/masks/qata_test_sub-S09466_ses-E16293_run-1_bp-chest_vp-pa_dx.png,predictions/probabilities/qata_test_sub-S09466_ses-E16293_run-1_bp-chest_vp-pa_dx.npy
qata_test_sub-S09466_ses-E17059_run-1_bp-chest_vp-pa_dx,sub-S09466,unet,1003,0.5340599455358269,0.36431226771707137,15.275509051105358,5.774057877861626,predictions/masks/qata_test_sub-S09466_ses-E17059_run-1_bp-chest_vp-pa_dx.png,predictions/probabilities/qata_test_sub-S09466_ses-E17059_run-1_bp-chest_vp-pa_dx.npy
qata_test_sub-S09466_ses-E18114_run-1_bp-chest_vp-ap_dx,sub-S09466,unet,1003,0.8025027203535772,0.670149931864146,14.515748085632435,3.3259757006986743,predictions/masks/qata_test_sub-S09466_ses-E18114_run-1_bp-chest_vp-ap_dx.png,predictions/probabilities/qata_test_sub-S09466_ses-E18114_run-1_bp-chest_vp-ap_dx.npy
qata_test_sub-S09467_ses-E20862_run-1_bp-chest_vp-ap_cr,sub-S09467,unet,1003,0.9265770424001218,0.8631984585774759,5.089117562233504,1.1698420705456452,predictions/masks/qata_test_sub-S09467_ses-E20862_run-1_bp-chest_vp-ap_cr.png,predictions/probabilities/qata_test_sub-S09467_ses-E20862_run-1_bp-chest_vp-ap_cr.npy
qata_test_sub-S09467_ses-E21865_run-1_bp-chest_vp-ap_dx,sub-S09467,unet,1003,0.7067209776266068,0.54645669298481,7.810249675906654,2.7530396338679086,predictions/masks/qata_test_sub-S09467_ses-E21865_run-1_bp-chest_vp-ap_dx.png,predictions/probabilities/qata_test_sub-S09467_ses-E21865_run-1_bp-chest_vp-ap_dx.npy
qata_test_sub-S09467_ses-E22682_run-1_bp-chest_vp-ap_dx,sub-S09467,unet,1003,0.5243004418962739,0.35528942128636937,18.631151836994356,5.349323287972157,predictions/masks/qata_test_sub-S09467_ses-E22682_run-1_bp-chest_vp-ap_dx.png,predictions/probabilities/qata_test_sub-S09467_ses-E22682_run-1_bp-chest_vp-ap_dx.npy
qata_test_sub-S09467_ses-E23192_run-1_bp-chest_vp-pa_dx,sub-S09467,unet,1003,0.26816143501039635,0.15484205079467417,34.99746817614005,15.29240353452848,predictions/masks/qata_test_sub-S09467_ses-E23192_run-1_bp-chest_vp-pa_dx.png,predictions/probabilities/qata_test_sub-S09467_ses-E23192_run-1_bp-chest_vp-pa_dx.npy
qata_test_sub-S09468_ses-E19517_run-1_bp-chest_vp-ap_dx,sub-S09468,unet,1003,0.5324213406420678,0.3627889634838632,97.71372318912388,27.156911978768385,predictions/masks/qata_test_sub-S09468_ses-E19517_run-1_bp-chest_vp-ap_dx.png,predictions/probabilities/qata_test_sub-S09468_ses-E19517_run-1_bp-chest_vp-ap_dx.npy
qata_test_sub-S09468_ses-E19729_run-1_bp-chest_vp-ap_dx,sub-S09468,unet,1003,0.8730229449773167,0.7746590235246623,16.60547267149519,3.1293329221157293,predictions/masks/qata_test_sub-S09468_ses-E19729_run-1_bp-chest_vp-ap_dx.png,predictions/probabilities/qata_test_sub-S09468_ses-E19729_run-1_bp-chest_vp-ap_dx.npy
qata_test_sub-S09468_ses-E19891_run-1_bp-chest_vp-pa_cr,sub-S09468,unet,1003,0.6246322917265659,0.4541565778897969,46.021728870072295,10.469749310032142,predictions/masks/qata_test_sub-S09468_ses-E19891_run-1_bp-chest_vp-pa_cr.png,predictions/probabilities/qata_test_sub-S09468_ses-E19891_run-1_bp-chest_vp-pa_cr.npy
qata_test_sub-S09468_ses-E21004_acq-2_run-1_bp-chest_vp-ap_dx,sub-S09468,unet,1003,0.9237431058848455,0.8582923936993199,18.973665961010276,3.449413578573715,predictions/masks/qata_test_sub-S09468_ses-E21004_acq-2_run-1_bp-chest_vp-ap_dx.png,predictions/probabilities/qata_test_sub-S09468_ses-E21004_acq-2_run-1_bp-chest_vp-ap_dx.npy
qata_test_sub-S09468_ses-E21230_run-1_bp-chest_vp-ap_dx,sub-S09468,unet,1003,0.38688307388582704,0.23983572898399033,118.87112028106063,20.700207305898406,predictions/masks/qata_test_sub-S09468_ses-E21230_run-1_bp-chest_vp-ap_dx.png,predictions/probabilities/qata_test_sub-S09468_ses-E21230_run-1_bp-chest_vp-ap_dx.npy
qata_test_sub-S09469_ses-E16297_run-1_bp-chest_vp-pa_cr,sub-S09469,unet,1003,0.7312746386422052,0.5763852926164482,89.15911479081893,18.823059399189233,predictions/masks/qata_test_sub-S09469_ses-E16297_run-1_bp-chest_vp-pa_cr.png,predictions/probabilities/qata_test_sub-S09469_ses-E16297_run-1_bp-chest_vp-pa_cr.npy
qata_test_sub-S09469_ses-E18246_run-1_bp-chest_vp-ap_dx,sub-S09469,unet,1003,0.8014336917586447,0.6686602870879453,83.11257055670312,20.960241661530194,predictions/masks/qata_test_sub-S09469_ses-E18246_run-1_bp-chest_vp-ap_dx.png,predictions/probabilities/qata_test_sub-S09469_ses-E18246_run-1_bp-chest_vp-ap_dx.npy
qata_test_sub-S09469_ses-E19259_run-1_bp-chest_vp-ap_dx,sub-S09469,unet,1003,0.9489711409826784,0.9028973208885573,7.0,1.507240446771934,predictions/masks/qata_test_sub-S09469_ses-E19259_run-1_bp-chest_vp-ap_dx.png,predictions/probabilities/qata_test_sub-S09469_ses-E19259_run-1_bp-chest_vp-ap_dx.npy
qata_test_sub-S09469_ses-E19886_run-1_bp-chest_vp-ap_dx,sub-S09469,unet,1003,0.8626315789509834,0.7584451642869763,5.0,1.5777440075794438,predictions/masks/qata_test_sub-S09469_ses-E19886_run-1_bp-chest_vp-ap_dx.png,predictions/probabilities/qata_test_sub-S09469_ses-E19886_run-1_bp-chest_vp-ap_dx.npy
qata_test_sub-S09469_ses-E20490_run-1_bp-chest_vp-ap_cr,sub-S09469,unet,1003,0.653123634782588,0.48491728837220516,23.00974135047431,5.7822854139525965,predictions/masks/qata_test_sub-S09469_ses-E20490_run-1_bp-chest_vp-ap_cr.png,predictions/probabilities/qata_test_sub-S09469_ses-E20490_run-1_bp-chest_vp-ap_cr.npy
qata_test_sub-S09469_ses-E23439_run-1_bp-chest_vp-ap_dx,sub-S09469,unet,1003,0.8593924665863456,0.7534515084391218,16.76305461424021,2.9581331353704554,predictions/masks/qata_test_sub-S09469_ses-E23439_run-1_bp-chest_vp-ap_dx.png,predictions/probabilities/qata_test_sub-S09469_ses-E23439_run-1_bp-chest_vp-ap_dx.npy
qata_test_sub-S09469_ses-E23896_acq-1_run-1_bp-chest_vp-ap_dx,sub-S09469,unet,1003,0.962913781656251,0.928479970734146,3.0,0.9997741622984961,predictions/masks/qata_test_sub-S09469_ses-E23896_acq-1_run-1_bp-chest_vp-ap_dx.png,predictions/probabilities/qata_test_sub-S09469_ses-E23896_acq-1_run-1_bp-chest_vp-ap_dx.npy
qata_test_sub-S09469_ses-E23896_acq-2_run-1_bp-chest_vp-ap_dx,sub-S09469,unet,1003,0.8904244817380146,0.8024911032047993,16.1245154965971,3.1890091430266936,predictions/masks/qata_test_sub-S09469_ses-E23896_acq-2_run-1_bp-chest_vp-ap_dx.png,predictions/probabilities/qata_test_sub-S09469_ses-E23896_acq-2_run-1_bp-chest_vp-ap_dx.npy
qata_test_sub-S09469_ses-E24596_run-1_bp-chest_cr,sub-S09469,unet,1003,0.9178073000539526,0.8480996962003342,16.0,2.967415663233946,predictions/masks/qata_test_sub-S09469_ses-E24596_run-1_bp-chest_cr.png,predictions/probabilities/qata_test_sub-S09469_ses-E24596_run-1_bp-chest_cr.npy
qata_test_sub-S09469_ses-E25913_run-1_bp-chest_vp-ap_dx,sub-S09469,unet,1003,0.8133281153921098,0.6853858475484275,15.55624998281965,3.91319395919227,predictions/masks/qata_test_sub-S09469_ses-E25913_run-1_bp-chest_vp-ap_dx.png,predictions/probabilities/qata_test_sub-S09469_ses-E25913_run-1_bp-chest_vp-ap_dx.npy
qata_test_sub-S09469_ses-E26366_run-1_bp-chest_vp-ap_dx,sub-S09469,unet,1003,0.9685404383637043,0.9389999127328824,2.0,0.8673185861041264,predictions/masks/qata_test_sub-S09469_ses-E26366_run-1_bp-chest_vp-ap_dx.png,predictions/probabilities/qata_test_sub-S09469_ses-E26366_run-1_bp-chest_vp-ap_dx.npy
qata_test_sub-S09471_ses-E16301_run-1_bp-chest_vp-ap_cr,sub-S09471,unet,1003,0.8162274618649019,0.6895137668606026,6.4031242374328485,2.3023730020117563,predictions/masks/qata_test_sub-S09471_ses-E16301_run-1_bp-chest_vp-ap_cr.png,predictions/probabilities/qata_test_sub-S09471_ses-E16301_run-1_bp-chest_vp-ap_cr.npy
qata_test_sub-S09471_ses-E23208_run-1_bp-chest_vp-ap_cr,sub-S09471,unet,1003,0.8627997769140323,0.7587052476822607,71.55696681529014,8.132742124938778,predictions/masks/qata_test_sub-S09471_ses-E23208_run-1_bp-chest_vp-ap_cr.png,predictions/probabilities/qata_test_sub-S09471_ses-E23208_run-1_bp-chest_vp-ap_cr.npy
qata_test_sub-S09471_ses-E27037_run-1_bp-chest_vp-ap_cr,sub-S09471,unet,1003,0.7492063492196187,0.5989847716075308,5.385164807134504,2.3750131916786565,predictions/masks/qata_test_sub-S09471_ses-E27037_run-1_bp-chest_vp-ap_cr.png,predictions/probabilities/qata_test_sub-S09471_ses-E27037_run-1_bp-chest_vp-ap_cr.npy
qata_test_sub-S09472_ses-E22444_run-1_bp-chest_vp-ap_dx,sub-S09472,unet,1003,0.9061123833026931,0.8283413848686525,11.193676748647533,3.4171369768884508,predictions/masks/qata_test_sub-S09472_ses-E22444_run-1_bp-chest_vp-ap_dx.png,predictions/probabilities/qata_test_sub-S09472_ses-E22444_run-1_bp-chest_vp-ap_dx.npy
qata_test_sub-S09472_ses-E23463_run-1_bp-chest_vp-ap_dx,sub-S09472,unet,1003,0.8097655828042587,0.6803412597625641,27.876507698545193,5.5992161216480225,predictions/masks/qata_test_sub-S09472_ses-E23463_run-1_bp-chest_vp-ap_dx.png,predictions/probabilities/qata_test_sub-S09472_ses-E23463_run-1_bp-chest_vp-ap_dx.npy
qata_test_sub-S09474_ses-E18830_run-1_bp-chest_vp-ap_cr,sub-S09474,unet,1003,0.8462998102612618,0.7335526316227711,5.0,1.4638452755239397,predictions/masks/qata_test_sub-S09474_ses-E18830_run-1_bp-chest_vp-ap_cr.png,predictions/probabilities/qata_test_sub-S09474_ses-E18830_run-1_bp-chest_vp-ap_cr.npy
qata_test_sub-S09474_ses-E20874_run-1_bp-chest_vp-ap_cr,sub-S09474,unet,1003,0.9160191273174534,0.845051006345601,7.615773105863909,1.596232027158586,predictions/masks/qata_test_sub-S09474_ses-E20874_run-1_bp-chest_vp-ap_cr.png,predictions/probabilities/qata_test_sub-S09474_ses-E20874_run-1_bp-chest_vp-ap_cr.npy
qata_test_sub-S09474_ses-E21416_run-1_bp-chest_vp-pa_dx,sub-S09474,unet,1003,0.558723693158224,0.38765897318004433,28.22409515235333,9.786469407361015,predictions/masks/qata_test_sub-S09474_ses-E21416_run-1_bp-chest_vp-pa_dx.png,predictions/probabilities/qata_test_sub-S09474_ses-E21416_run-1_bp-chest_vp-pa_dx.npy
qata_test_sub-S09475_ses-E18285_run-1_bp-chest_vp-ap_dx,sub-S09475,unet,1003,0.9778717056192325,0.9567015324743772,2.0,0.5265196025118387,predictions/masks/qata_test_sub-S09475_ses-E18285_run-1_bp-chest_vp-ap_dx.png,predictions/probabilities/qata_test_sub-S09475_ses-E18285_run-1_bp-chest_vp-ap_dx.npy
qata_test_sub-S09475_ses-E19304_run-1_bp-chest_vp-ap_dx,sub-S09475,unet,1003,0.9661872048091124,0.9345862319599773,3.6055512754639887,0.8780301004725967,predictions/masks/qata_test_sub-S09475_ses-E19304_run-1_bp-chest_vp-ap_dx.png,predictions/probabilities/qata_test_sub-S09475_ses-E19304_run-1_bp-chest_vp-ap_dx.npy
qata_test_sub-S09475_ses-E19914_run-1_bp-chest_vp-ap_dx,sub-S09475,unet,1003,0.9351359562512779,0.8781740370910303,7.0710678118654755,1.8860736301078458,predictions/masks/qata_test_sub-S09475_ses-E19914_run-1_bp-chest_vp-ap_dx.png,predictions/probabilities/qata_test_sub-S09475_ses-E19914_run-1_bp-chest_vp-ap_dx.npy
qata_test_sub-S09475_ses-E24600_run-1_bp-chest_cr,sub-S09475,unet,1003,0.8613239676465447,0.7564258341923877,14.866068747318506,2.924693302571053,predictions/masks/qata_test_sub-S09475_ses-E24600_run-1_bp-chest_cr.png,predictions/probabilities/qata_test_sub-S09475_ses-E24600_run-1_bp-chest_cr.npy
qata_test_sub-S09475_ses-E24606_run-1_bp-chest_vp-pa_cr,sub-S09475,unet,1003,0.9120681381963047,0.8383504245248831,15.771660186256053,2.5315637685945713,predictions/masks/qata_test_sub-S09475_ses-E24606_run-1_bp-chest_vp-pa_cr.png,predictions/probabilities/qata_test_sub-S09475_ses-E24606_run-1_bp-chest_vp-pa_cr.npy
qata_test_sub-S09475_ses-E25949_run-1_bp-chest_vp-ap_dx,sub-S09475,unet,1003,0.9635174320590497,0.9296031229677345,3.605551275463989,0.8680028877924902,predictions/masks/qata_test_sub-S09475_ses-E25949_run-1_bp-chest_vp-ap_dx.png,predictions/probabilities/qata_test_sub-S09475_ses-E25949_run-1_bp-chest_vp-ap_dx.npy
qata_test_sub-S09476_ses-E16307_run-1_bp-chest_vp-ap_cr,sub-S09476,unet,1003,0.5322782174159062,0.3626560726567791,30.14962686336267,8.865642888668274,predictions/masks/qata_test_sub-S09476_ses-E16307_run-1_bp-chest_vp-ap_cr.png,predictions/probabilities/qata_test_sub-S09476_ses-E16307_run-1_bp-chest_vp-ap_cr.npy
qata_test_sub-S09477_ses-E16308_run-1_bp-chest_vp-ap_dx,sub-S09477,unet,1003,0.9671768393880954,0.9364399214437343,2.8284271247461903,0.7186448764461965,predictions/masks/qata_test_sub-S09477_ses-E16308_run-1_bp-chest_vp-ap_dx.png,predictions/probabilities/qata_test_sub-S09477_ses-E16308_run-1_bp-chest_vp-ap_dx.npy
qata_test_sub-S09478_ses-E18281_run-1_bp-chest_cr,sub-S09478,unet,1003,0.7696652545911649,0.625573859038272,34.84208274159964,5.702848060727502,predictions/masks/qata_test_sub-S09478_ses-E18281_run-1_bp-chest_cr.png,predictions/probabilities/qata_test_sub-S09478_ses-E18281_run-1_bp-chest_cr.npy
qata_test_sub-S09478_ses-E19299_run-1_bp-chest_vp-ap_dx,sub-S09478,unet,1003,0.8869062578551532,0.7967938586634276,13.0,2.511616963087667,predictions/masks/qata_test_sub-S09478_ses-E19299_run-1_bp-chest_vp-ap_dx.png,predictions/probabilities/qata_test_sub-S09478_ses-E19299_run-1_bp-chest_vp-ap_dx.npy
qata_test_sub-S09478_ses-E19756_run-1_bp-chest_vp-ap_dx,sub-S09478,unet,1003,0.9002262908887013,0.8185559296738288,5.0,1.4177475311166639,predictions/masks/qata_test_sub-S09478_ses-E19756_run-1_bp-chest_vp-ap_dx.png,predictions/probabilities/qata_test_sub-S09478_ses-E19756_run-1_bp-chest_vp-ap_dx.npy
qata_test_sub-S09478_ses-E19911_run-1_bp-chest_vp-ap_dx,sub-S09478,unet,1003,0.6653879686196096,0.49856284297103315,35.86940196918756,7.279221862702251,predictions/masks/qata_test_sub-S09478_ses-E19911_run-1_bp-chest_vp-ap_dx.png,predictions/probabilities/qata_test_sub-S09478_ses-E19911_run-1_bp-chest_vp-ap_dx.npy
qata_test_sub-S09478_ses-E20530_run-1_bp-chest_vp-ap_cr,sub-S09478,unet,1003,0.8496998284750246,0.7386766076469957,44.35423132493173,9.15287134157912,predictions/masks/qata_test_sub-S09478_ses-E20530_run-1_bp-chest_vp-ap_cr.png,predictions/probabilities/qata_test_sub-S09478_ses-E20530_run-1_bp-chest_vp-ap_cr.npy
qata_test_sub-S09478_ses-E23491_run-1_bp-chest_vp-pa_cr,sub-S09478,unet,1003,0.1241483725114195,0.06618240524082465,84.27569573993324,32.51926614957753,predictions/masks/qata_test_sub-S09478_ses-E23491_run-1_bp-chest_vp-pa_cr.png,predictions/probabilities/qata_test_sub-S09478_ses-E23491_run-1_bp-chest_vp-pa_cr.npy
qata_test_sub-S09478_ses-E25948_run-1_bp-chest_vp-ap_dx,sub-S09478,unet,1003,0.738405577455641,0.5852955310146423,15.132745950421558,3.4687352690656397,predictions/masks/qata_test_sub-S09478_ses-E25948_run-1_bp-chest_vp-ap_dx.png,predictions/probabilities/qata_test_sub-S09478_ses-E25948_run-1_bp-chest_vp-ap_dx.npy
qata_test_sub-S09481_ses-E16313_run-1_bp-chest_vp-ap_cr,sub-S09481,unet,1003,5.45851528354484e-11,5.45851528354484e-11,146.2210400827535,125.6581922051605,predictions/masks/qata_test_sub-S09481_ses-E16313_run-1_bp-chest_vp-ap_cr.png,predictions/probabilities/qata_test_sub-S09481_ses-E16313_run-1_bp-chest_vp-ap_cr.npy
qata_test_sub-S09481_ses-E16761_run-1_bp-chest_vp-ap_cr,sub-S09481,unet,1003,0.8515742129046796,0.7415143603470608,128.54337290913423,11.302371666403186,predictions/masks/qata_test_sub-S09481_ses-E16761_run-1_bp-chest_vp-ap_cr.png,predictions/probabilities/qata_test_sub-S09481_ses-E16761_run-1_bp-chest_vp-ap_cr.npy
qata_test_sub-S09481_ses-E20350_run-1_bp-chest_vp-ap_cr,sub-S09481,unet,1003,0.7564381011555558,0.6082834331532793,19.669757509030163,3.7538936267886767,predictions/masks/qata_test_sub-S09481_ses-E20350_run-1_bp-chest_vp-ap_cr.png,predictions/probabilities/qata_test_sub-S09481_ses-E20350_run-1_bp-chest_vp-ap_cr.npy
qata_test_sub-S09483_ses-E24820_acq-1_run-1_bp-chest_vp-ll_dx,sub-S09483,unet,1003,0.8293063133314632,0.7083888149231562,11.0,2.7193478800899418,predictions/masks/qata_test_sub-S09483_ses-E24820_acq-1_run-1_bp-chest_vp-ll_dx.png,predictions/probabilities/qata_test_sub-S09483_ses-E24820_acq-1_run-1_bp-chest_vp-ll_dx.npy
qata_test_sub-S09484_ses-E21303_run-1_bp-chest_vp-pa_cr,sub-S09484,unet,1003,0.8830892143839391,0.7906533142684478,8.54400374531753,2.5162486540199014,predictions/masks/qata_test_sub-S09484_ses-E21303_run-1_bp-chest_vp-pa_cr.png,predictions/probabilities/qata_test_sub-S09484_ses-E21303_run-1_bp-chest_vp-pa_cr.npy
qata_test_sub-S09485_ses-E16317_run-1_bp-chest_vp-pa_dx,sub-S09485,unet,1003,0.07640750676431585,0.03972125442231907,152.40997340010222,61.223251884374115,predictions/masks/qata_test_sub-S09485_ses-E16317_run-1_bp-chest_vp-pa_dx.png,predictions/probabilities/qata_test_sub-S09485_ses-E16317_run-1_bp-chest_vp-pa_dx.npy
qata_test_sub-S09485_ses-E23553_run-1_bp-chest_vp-ap_dx,sub-S09485,unet,1003,0.9678787236299805,0.9377567789653065,3.0,0.843316374413062,predictions/masks/qata_test_sub-S09485_ses-E23553_run-1_bp-chest_vp-ap_dx.png,predictions/probabilities/qata_test_sub-S09485_ses-E23553_run-1_bp-chest_vp-ap_dx.npy
qata_test_sub-S09485_ses-E25698_run-1_bp-chest_vp-ap_cr,sub-S09485,unet,1003,0.8703045685287417,0.770388676704444,13.94629120788809,3.055300296693215,predictions/masks/qata_test_sub-S09485_ses-E25698_run-1_bp-chest_vp-ap_cr.png,predictions/probabilities/qata_test_sub-S09485_ses-E25698_run-1_bp-chest_vp-ap_cr.npy
qata_test_sub-S09490_ses-E16322_run-1_bp-chest_vp-pa_cr,sub-S09490,unet,1003,0.9008849557551362,0.8196457326988918,4.449186428211545,1.7406026633106226,predictions/masks/qata_test_sub-S09490_ses-E16322_run-1_bp-chest_vp-pa_cr.png,predictions/probabilities/qata_test_sub-S09490_ses-E16322_run-1_bp-chest_vp-pa_cr.npy
qata_test_sub-S09490_ses-E18365_run-1_bp-chest_vp-ap_dx,sub-S09490,unet,1003,0.9163023607033122,0.8455332257613974,6.708203932499369,1.981585647319177,predictions/masks/qata_test_sub-S09490_ses-E18365_run-1_bp-chest_vp-ap_dx.png,predictions/probabilities/qata_test_sub-S09490_ses-E18365_run-1_bp-chest_vp-ap_dx.npy
qata_test_sub-S09490_ses-E19381_run-1_bp-chest_vp-pa_cr,sub-S09490,unet,1003,0.6301168052232966,0.45997849132800767,48.95798194695379,10.595180884111503,predictions/masks/qata_test_sub-S09490_ses-E19381_run-1_bp-chest_vp-pa_cr.png,predictions/probabilities/qata_test_sub-S09490_ses-E19381_run-1_bp-chest_vp-pa_cr.npy
qata_test_sub-S09490_ses-E19975_run-1_bp-chest_vp-ap_dx,sub-S09490,unet,1003,0.9685631629702577,0.9390426327604802,2.23606797749979,0.8425640362126289,predictions/masks/qata_test_sub-S09490_ses-E19975_run-1_bp-chest_vp-ap_dx.png,predictions/probabilities/qata_test_sub-S09490_ses-E19975_run-1_bp-chest_vp-ap_dx.npy
qata_test_sub-S09490_ses-E20616_run-1_bp-chest_vp-ap_dx,sub-S09490,unet,1003,0.8387209811665465,0.7222389861236838,16.132260227798703,4.15275857715653,predictions/masks/qata_test_sub-S09490_ses-E20616_run-1_bp-chest_vp-ap_dx.png,predictions/probabilities/qata_test_sub-S09490_ses-E20616_run-1_bp-chest_vp-ap_dx.npy
qata_test_sub-S09492_ses-E18359_run-1_bp-chest_vp-ap_dx,sub-S09492,unet,1003,0.7514509210257014,0.6018593371219945,59.88276062201033,8.149614704087359,predictions/masks/qata_test_sub-S09492_ses-E18359_run-1_bp-chest_vp-ap_dx.png,predictions/probabilities/qata_test_sub-S09492_ses-E18359_run-1_bp-chest_vp-ap_dx.npy
qata_test_sub-S09492_ses-E19799_run-1_bp-chest_vp-ap_dx,sub-S09492,unet,1003,0.34659433395579886,0.20962449875283906,124.17708657397117,51.59527284234878,predictions/masks/qata_test_sub-S09492_ses-E19799_run-1_bp-chest_vp-ap_dx.png,predictions/probabilities/qata_test_sub-S09492_ses-E19799_run-1_bp-chest_vp-ap_dx.npy
qata_test_sub-S09492_ses-E19961_run-1_bp-chest_vp-ap_dx,sub-S09492,unet,1003,0.7734074956989352,0.6305333621327892,13.601470508735444,3.7327830827066593,predictions/masks/qata_test_sub-S09492_ses-E19961_run-1_bp-chest_vp-ap_dx.png,predictions/probabilities/qata_test_sub-S09492_ses-E19961_run-1_bp-chest_vp-ap_dx.npy
qata_test_sub-S09492_ses-E20611_run-1_bp-chest_vp-ap_dx,sub-S09492,unet,1003,0.7118526242663912,0.5526173772381916,114.97282233587872,25.38674409480042,predictions/masks/qata_test_sub-S09492_ses-E20611_run-1_bp-chest_vp-ap_dx.png,predictions/probabilities/qata_test_sub-S09492_ses-E20611_run-1_bp-chest_vp-ap_dx.npy
qata_test_sub-S09492_ses-E21091_run-1_bp-chest_vp-ap_dx,sub-S09492,unet,1003,0.5715900527586362,0.40015826960168405,38.17062210315577,7.667544985594322,predictions/masks/qata_test_sub-S09492_ses-E21091_run-1_bp-chest_vp-ap_dx.png,predictions/probabilities/qata_test_sub-S09492_ses-E21091_run-1_bp-chest_vp-ap_dx.npy
qata_test_sub-S09492_ses-E21310_run-1_bp-chest_vp-ap_dx,sub-S09492,unet,1003,0.820415879033987,0.6955128205616166,4.242640687119285,1.769863071526535,predictions/masks/qata_test_sub-S09492_ses-E21310_run-1_bp-chest_vp-ap_dx.png,predictions/probabilities/qata_test_sub-S09492_ses-E21310_run-1_bp-chest_vp-ap_dx.npy
qata_test_sub-S09492_ses-E22550_run-1_bp-chest_vp-ap_dx,sub-S09492,unet,1003,0.6062111801731416,0.4349376115089238,68.38692629723175,11.737341409836283,predictions/masks/qata_test_sub-S09492_ses-E22550_run-1_bp-chest_vp-ap_dx.png,predictions/probabilities/qata_test_sub-S09492_ses-E22550_run-1_bp-chest_vp-ap_dx.npy
qata_test_sub-S09492_ses-E23563_run-1_bp-chest_vp-pa_cr,sub-S09492,unet,1003,0.8528584817382512,0.7434640523294994,2.8284271247461903,1.5071010232150897,predictions/masks/qata_test_sub-S09492_ses-E23563_run-1_bp-chest_vp-pa_cr.png,predictions/probabilities/qata_test_sub-S09492_ses-E23563_run-1_bp-chest_vp-pa_cr.npy
qata_test_sub-S09493_ses-E16325_run-1_bp-chest_vp-pa_dx,sub-S09493,unet,1003,0.7740881872635968,0.6314387211414433,40.69638287496749,7.756181382814495,predictions/masks/qata_test_sub-S09493_ses-E16325_run-1_bp-chest_vp-pa_dx.png,predictions/probabilities/qata_test_sub-S09493_ses-E16325_run-1_bp-chest_vp-pa_dx.npy
qata_test_sub-S09495_ses-E16327_acq-1_run-1_bp-chest_vp-ap_dx,sub-S09495,unet,1003,0.6982151629302586,0.5363522012636937,18.750930840530636,5.9048543341414215,predictions/masks/qata_test_sub-S09495_ses-E16327_acq-1_run-1_bp-chest_vp-ap_dx.png,predictions/probabilities/qata_test_sub-S09495_ses-E16327_acq-1_run-1_bp-chest_vp-ap_dx.npy
qata_test_sub-S09495_ses-E16327_run-2_bp-chest_vp-ap_dx,sub-S09495,unet,1003,0.7651598676993989,0.6196428571525601,16.00780488547035,3.8238016467843186,predictions/masks/qata_test_sub-S09495_ses-E16327_run-2_bp-chest_vp-ap_dx.png,predictions/probabilities/qata_test_sub-S09495_ses-E16327_run-2_bp-chest_vp-ap_dx.npy
qata_test_sub-S09495_ses-E16416_acq-2_run-1_bp-chest_vp-ap_dx,sub-S09495,unet,1003,0.7957629344323228,0.660802558888328,37.43922356114453,6.96534645052696,predictions/masks/qata_test_sub-S09495_ses-E16416_acq-2_run-1_bp-chest_vp-ap_dx.png,predictions/probabilities/qata_test_sub-S09495_ses-E16416_acq-2_run-1_bp-chest_vp-ap_dx.npy
qata_test_sub-S09495_ses-E17395_run-1_bp-chest_vp-pa_dx,sub-S09495,unet,1003,0.9458253664760375,0.8972188633636191,4.0,1.0415018512663992,predictions/masks/qata_test_sub-S09495_ses-E17395_run-1_bp-chest_vp-pa_dx.png,predictions/probabilities/qata_test_sub-S09495_ses-E17395_run-1_bp-chest_vp-pa_dx.npy
qata_test_sub-S09495_ses-E17454_run-2_bp-chest_vp-ap_dx,sub-S09495,unet,1003,0.9187950670535832,0.8497880827742484,8.94427190999916,1.87962548230305,predictions/masks/qata_test_sub-S09495_ses-E17454_run-2_bp-chest_vp-ap_dx.png,predictions/probabilities/qata_test_sub-S09495_ses-E17454_run-2_bp-chest_vp-ap_dx.npy
qata_test_sub-S09495_ses-E17458_acq-2_run-1_bp-chest_vp-ap_dx,sub-S09495,unet,1003,0.9434456076471128,0.8929456112020145,9.219544457292887,2.4174365111627045,predictions/masks/qata_test_sub-S09495_ses-E17458_acq-2_run-1_bp-chest_vp-ap_dx.png,predictions/probabilities/qata_test_sub-S09495_ses-E17458_acq-2_run-1_bp-chest_vp-ap_dx.npy
qata_test_sub-S09495_ses-E17786_acq-2_run-1_bp-chest_vp-ap_dx,sub-S09495,unet,1003,0.7285988009164436,0.5730675741412438,25.630059807330472,5.096481143862583,predictions/masks/qata_test_sub-S09495_ses-E17786_acq-2_run-1_bp-chest_vp-ap_dx.png,predictions/probabilities/qata_test_sub-S09495_ses-E17786_acq-2_run-1_bp-chest_vp-ap_dx.npy
qata_test_sub-S09495_ses-E17935_acq-1_run-1_bp-chest_vp-ap_dx,sub-S09495,unet,1003,0.8412337969541053,0.7259737078490571,39.56008088970496,6.986099248518283,predictions/masks/qata_test_sub-S09495_ses-E17935_acq-1_run-1_bp-chest_vp-ap_dx.png,predictions/probabilities/qata_test_sub-S09495_ses-E17935_acq-1_run-1_bp-chest_vp-ap_dx.npy
qata_test_sub-S09495_ses-E17987_acq-1_run-1_bp-chest_vp-ap_dx,sub-S09495,unet,1003,0.9176074346665153,0.8477584418595394,35.975418758582734,5.008230661713766,predictions/masks/qata_test_sub-S09495_ses-E17987_acq-1_run-1_bp-chest_vp-ap_dx.png,predictions/probabilities/qata_test_sub-S09495_ses-E17987_acq-1_run-1_bp-chest_vp-ap_dx.npy
qata_test_sub-S09495_ses-E26654_acq-3_run-1_bp-chest_vp-ap_dx,sub-S09495,unet,1003,0.9585297642830263,0.9203621298149428,6.324555320336759,1.561230440951994,predictions/masks/qata_test_sub-S09495_ses-E26654_acq-3_run-1_bp-chest_vp-ap_dx.png,predictions/probabilities/qata_test_sub-S09495_ses-E26654_acq-3_run-1_bp-chest_vp-ap_dx.npy
qata_test_sub-S09495_ses-E26779_acq-1_run-1_bp-chest_vp-ap_dx,sub-S09495,unet,1003,0.9510451045108999,0.9066596748836452,20.909411708155616,2.7305428279358077,predictions/masks/qata_test_sub-S09495_ses-E26779_acq-1_run-1_bp-chest_vp-ap_dx.png,predictions/probabilities/qata_test_sub-S09495_ses-E26779_acq-1_run-1_bp-chest_vp-ap_dx.npy
qata_test_sub-S09495_ses-E27044_run-1_bp-chest_vp-ap_dx,sub-S09495,unet,1003,0.9260871740983532,0.8623485554532866,11.180339887498949,2.219518641181379,predictions/masks/qata_test_sub-S09495_ses-E27044_run-1_bp-chest_vp-ap_dx.png,predictions/probabilities/qata_test_sub-S09495_ses-E27044_run-1_bp-chest_vp-ap_dx.npy
qata_test_sub-S09496_ses-E16328_run-1_bp-chest_vp-pa_dx,sub-S09496,unet,1003,0.7403183654136298,0.58770275369341,12.012478373637688,4.202792171087213,predictions/masks/qata_test_sub-S09496_ses-E16328_run-1_bp-chest_vp-pa_dx.png,predictions/probabilities/qata_test_sub-S09496_ses-E16328_run-1_bp-chest_vp-pa_dx.npy
qata_test_sub-S09496_ses-E20545_run-1_bp-chest_vp-ap_dx,sub-S09496,unet,1003,0.8545155247780296,0.7459861248786324,52.32590180780452,8.161247516670974,predictions/masks/qata_test_sub-S09496_ses-E20545_run-1_bp-chest_vp-ap_dx.png,predictions/probabilities/qata_test_sub-S09496_ses-E20545_run-1_bp-chest_vp-ap_dx.npy
qata_test_sub-S09496_ses-E25100_run-1_bp-chest_vp-ap_dx,sub-S09496,unet,1003,0.836126783936956,0.7184002281334684,30.919182216872784,5.812120843560564,predictions/masks/qata_test_sub-S09496_ses-E25100_run-1_bp-chest_vp-ap_dx.png,predictions/probabilities/qata_test_sub-S09496_ses-E25100_run-1_bp-chest_vp-ap_dx.npy
qata_test_sub-S09496_ses-E25324_run-1_bp-chest_vp-pa_dx,sub-S09496,unet,1003,0.7263031595823717,0.5702323634169932,17.629169361815947,4.689784998346163,predictions/masks/qata_test_sub-S09496_ses-E25324_run-1_bp-chest_vp-pa_dx.png,predictions/probabilities/qata_test_sub-S09496_ses-E25324_run-1_bp-chest_vp-pa_dx.npy
qata_test_sub-S09496_ses-E25982_run-1_bp-chest_vp-ap_cr,sub-S09496,unet,1003,0.7810503519232211,0.6407568623999221,15.0,3.4045410327714922,predictions/masks/qata_test_sub-S09496_ses-E25982_run-1_bp-chest_vp-ap_cr.png,predictions/probabilities/qata_test_sub-S09496_ses-E25982_run-1_bp-chest_vp-ap_cr.npy
qata_test_sub-S09498_ses-E18844_run-1_bp-chest_vp-ap_cr,sub-S09498,unet,1003,0.2927127985736244,0.17144906749128772,98.38392529938001,31.91569930930307,predictions/masks/qata_test_sub-S09498_ses-E18844_run-1_bp-chest_vp-ap_cr.png,predictions/probabilities/qata_test_sub-S09498_ses-E18844_run-1_bp-chest_vp-ap_cr.npy
qata_test_sub-S09498_ses-E22712_run-2_bp-chest_vp-ap_dx,sub-S09498,unet,1003,4.694835678547025e-10,4.694835678547025e-10,316.7838379715733,316.7838379715733,predictions/masks/qata_test_sub-S09498_ses-E22712_run-2_bp-chest_vp-ap_dx.png,predictions/probabilities/qata_test_sub-S09498_ses-E22712_run-2_bp-chest_vp-ap_dx.npy
qata_test_sub-S09499_ses-E16332_run-1_bp-chest_vp-ap_dx,sub-S09499,unet,1003,0.8883437524737806,0.7991173120757529,44.05955692504432,8.675337798788993,predictions/masks/qata_test_sub-S09499_ses-E16332_run-1_bp-chest_vp-ap_dx.png,predictions/probabilities/qata_test_sub-S09499_ses-E16332_run-1_bp-chest_vp-ap_dx.npy
qata_test_sub-S09499_ses-E16585_run-1_bp-chest_vp-ap_dx,sub-S09499,unet,1003,0.8661417322840282,0.7638888888906425,18.0,3.51516079869191,predictions/masks/qata_test_sub-S09499_ses-E16585_run-1_bp-chest_vp-ap_dx.png,predictions/probabilities/qata_test_sub-S09499_ses-E16585_run-1_bp-chest_vp-ap_dx.npy
qata_test_sub-S09499_ses-E16881_run-1_bp-chest_vp-ap_dx,sub-S09499,unet,1003,0.8654168061611532,0.7627618766632818,17.680070927010267,3.3972308247708596,predictions/masks/qata_test_sub-S09499_ses-E16881_run-1_bp-chest_vp-ap_dx.png,predictions/probabilities/qata_test_sub-S09499_ses-E16881_run-1_bp-chest_vp-ap_dx.npy
qata_test_sub-S09499_ses-E18301_run-1_bp-chest_vp-ap_dx,sub-S09499,unet,1003,0.7992733878300388,0.665658093799476,27.11323620331686,4.624164128891682,predictions/masks/qata_test_sub-S09499_ses-E18301_run-1_bp-chest_vp-ap_dx.png,predictions/probabilities/qata_test_sub-S09499_ses-E18301_run-1_bp-chest_vp-ap_dx.npy
qata_test_sub-S09499_ses-E19066_run-1_bp-chest_vp-ap_dx,sub-S09499,unet,1003,0.8953125000003894,0.810466760963087,13.0,2.1801089240387217,predictions/masks/qata_test_sub-S09499_ses-E19066_run-1_bp-chest_vp-ap_dx.png,predictions/probabilities/qata_test_sub-S09499_ses-E19066_run-1_bp-chest_vp-ap_dx.npy
qata_test_sub-S09499_ses-E19184_run-1_bp-chest_vp-ap_dx,sub-S09499,unet,1003,0.9677479033054769,0.9375112013863581,3.605551275463989,1.0598684837353718,predictions/masks/qata_test_sub-S09499_ses-E19184_run-1_bp-chest_vp-ap_dx.png,predictions/probabilities/qata_test_sub-S09499_ses-E19184_run-1_bp-chest_vp-ap_dx.npy
qata_test_sub-S09499_ses-E19184_run-2_bp-chest_vp-ap_dx,sub-S09499,unet,1003,0.959035519834245,0.9212951432136048,7.876662289339308,1.627638856183609,predictions/masks/qata_test_sub-S09499_ses-E19184_run-2_bp-chest_vp-ap_dx.png,predictions/probabilities/qata_test_sub-S09499_ses-E19184_run-2_bp-chest_vp-ap_dx.npy
qata_test_sub-S09499_ses-E19570_run-1_bp-chest_vp-ap_dx,sub-S09499,unet,1003,0.9673226983409217,0.9367134309885665,5.385164807134504,1.306230922645907,predictions/masks/qata_test_sub-S09499_ses-E19570_run-1_bp-chest_vp-ap_dx.png,predictions/probabilities/qata_test_sub-S09499_ses-E19570_run-1_bp-chest_vp-ap_dx.npy
qata_test_sub-S09499_ses-E20116_run-1_bp-chest_vp-ap_dx,sub-S09499,unet,1003,0.8478718921202625,0.7359180687654724,15.132745950421556,2.7431423467820495,predictions/masks/qata_test_sub-S09499_ses-E20116_run-1_bp-chest_vp-ap_dx.png,predictions/probabilities/qata_test_sub-S09499_ses-E20116_run-1_bp-chest_vp-ap_dx.npy
qata_test_sub-S09499_ses-E20750_run-1_bp-chest_vp-ap_dx,sub-S09499,unet,1003,0.9645672778812802,0.9315595859360805,4.123105625617661,1.027846123544264,predictions/masks/qata_test_sub-S09499_ses-E20750_run-1_bp-chest_vp-ap_dx.png,predictions/probabilities/qata_test_sub-S09499_ses-E20750_run-1_bp-chest_vp-ap_dx.npy
qata_test_sub-S09499_ses-E20892_run-1_bp-chest_vp-ap_dx,sub-S09499,unet,1003,0.9536423841061827,0.9113924050641039,8.95820393249937,1.761291799826002,predictions/masks/qata_test_sub-S09499_ses-E20892_run-1_bp-chest_vp-ap_dx.png,predictions/probabilities/qata_test_sub-S09499_ses-E20892_run-1_bp-chest_vp-ap_dx.npy
qata_test_sub-S09499_ses-E21434_run-1_bp-chest_vp-ap_dx,sub-S09499,unet,1003,0.9355104379276846,0.8788347685691682,15.0,2.5109540648208424,predictions/masks/qata_test_sub-S09499_ses-E21434_run-1_bp-chest_vp-ap_dx.png,predictions/probabilities/qata_test_sub-S09499_ses-E21434_run-1_bp-chest_vp-ap_dx.npy
qata_test_sub-S09499_ses-E21982_run-1_bp-chest_vp-ap_dx,sub-S09499,unet,1003,0.9800422832981817,0.9608655998676655,1.4142135623730951,0.5657072296741648,predictions/masks/qata_test_sub-S09499_ses-E21982_run-1_bp-chest_vp-ap_dx.png,predictions/probabilities/qata_test_sub-S09499_ses-E21982_run-1_bp-chest_vp-ap_dx.npy
qata_test_sub-S09499_ses-E21985_run-1_bp-chest_vp-ap_dx,sub-S09499,unet,1003,0.9644045663256059,0.9312561015300093,3.6055512754639896,1.1078801521863648,predictions/masks/qata_test_sub-S09499_ses-E21985_run-1_bp-chest_vp-ap_dx.png,predictions/probabilities/qata_test_sub-S09499_ses-E21985_run-1_bp-chest_vp-ap_dx.npy
qata_test_sub-S09499_ses-E22280_run-1_bp-chest_vp-ap_dx,sub-S09499,unet,1003,0.9037548066053848,0.8244093675866665,40.5092563206714,6.328516102478783,predictions/masks/qata_test_sub-S09499_ses-E22280_run-1_bp-chest_vp-ap_dx.png,predictions/probabilities/qata_test_sub-S09499_ses-E22280_run-1_bp-chest_vp-ap_dx.npy
qata_test_sub-S09499_ses-E23231_run-1_bp-chest_vp-ap_dx,sub-S09499,unet,1003,0.8759595254715807,0.7792953593063845,10.198039027185569,1.9308801304500616,predictions/masks/qata_test_sub-S09499_ses-E23231_run-1_bp-chest_vp-ap_dx.png,predictions/probabilities/qata_test_sub-S09499_ses-E23231_run-1_bp-chest_vp-ap_dx.npy
qata_test_sub-S09499_ses-E23710_run-1_bp-chest_vp-ap_cr,sub-S09499,unet,1003,0.6632691581750141,0.49618751765512387,60.03997826924123,10.320076436695922,predictions/masks/qata_test_sub-S09499_ses-E23710_run-1_bp-chest_vp-ap_cr.png,predictions/probabilities/qata_test_sub-S09499_ses-E23710_run-1_bp-chest_vp-ap_cr.npy
qata_test_sub-S09499_ses-E24400_run-1_bp-chest_vp-ap_dx,sub-S09499,unet,1003,0.8203192814287643,0.6953739842619786,17.477038994077787,3.440627986043223,predictions/masks/qata_test_sub-S09499_ses-E24400_run-1_bp-chest_vp-ap_dx.png,predictions/probabilities/qata_test_sub-S09499_ses-E24400_run-1_bp-chest_vp-ap_dx.npy
qata_test_sub-S09499_ses-E24779_run-1_bp-chest_vp-ap_dx,sub-S09499,unet,1003,0.9715604584752511,0.9446937999243462,2.23606797749979,0.8421076756832542,predictions/masks/qata_test_sub-S09499_ses-E24779_run-1_bp-chest_vp-ap_dx.png,predictions/probabilities/qata_test_sub-S09499_ses-E24779_run-1_bp-chest_vp-ap_dx.npy
qata_test_sub-S09499_ses-E25501_run-1_bp-chest_vp-ap_dx,sub-S09499,unet,1003,0.9116909369972983,0.8377132636224703,10.44030650891055,2.4068321937749055,predictions/masks/qata_test_sub-S09499_ses-E25501_run-1_bp-chest_vp-ap_dx.png,predictions/probabilities/qata_test_sub-S09499_ses-E25501_run-1_bp-chest_vp-ap_dx.npy
qata_test_sub-S09499_ses-E25990_run-1_bp-chest_vp-ap_dx,sub-S09499,unet,1003,0.9441733687790014,0.8942503824586037,9.219544457292887,2.1183438049991583,predictions/masks/qata_test_sub-S09499_ses-E25990_run-1_bp-chest_vp-ap_dx.png,predictions/probabilities/qata_test_sub-S09499_ses-E25990_run-1_bp-chest_vp-ap_dx.npy
qata_test_sub-S09499_ses-E26416_run-1_bp-chest_vp-ap_dx,sub-S09499,unet,1003,0.9551510929200988,0.9141523587269315,13.0,2.204409444944087,predictions/masks/qata_test_sub-S09499_ses-E26416_run-1_bp-chest_vp-ap_dx.png,predictions/probabilities/qata_test_sub-S09499_ses-E26416_run-1_bp-chest_vp-ap_dx.npy
qata_test_sub-S09499_ses-E26529_run-1_bp-chest_vp-pa_dx,sub-S09499,unet,1003,0.6592741935655608,0.49172932334648645,11.180339887498949,5.118138790037149,predictions/masks/qata_test_sub-S09499_ses-E26529_run-1_bp-chest_vp-pa_dx.png,predictions/probabilities/qata_test_sub-S09499_ses-E26529_run-1_bp-chest_vp-pa_dx.npy
qata_test_sub-S09500_ses-E19082_run-1_bp-chest_vp-pa_dx,sub-S09500,unet,1003,0.8461002785542113,0.7332528666344824,9.055385138137417,2.6151710286462437,predictions/masks/qata_test_sub-S09500_ses-E19082_run-1_bp-chest_vp-pa_dx.png,predictions/probabilities/qata_test_sub-S09500_ses-E19082_run-1_bp-chest_vp-pa_dx.npy
qata_test_sub-S09500_ses-E19336_run-1_bp-chest_vp-ap_dx,sub-S09500,unet,1003,0.8916352283089419,0.8044600939013038,10.295630140987,1.854983507066741,predictions/masks/qata_test_sub-S09500_ses-E19336_run-1_bp-chest_vp-ap_dx.png,predictions/probabilities/qata_test_sub-S09500_ses-E19336_run-1_bp-chest_vp-ap_dx.npy
qata_test_sub-S09501_ses-E16335_acq-1_run-1_bp-chest_vp-pa_dx,sub-S09501,unet,1003,0.85250338295215,0.7429245283086235,9.866580798981552,3.6848735670309263,predictions/masks/qata_test_sub-S09501_ses-E16335_acq-1_run-1_bp-chest_vp-pa_dx.png,predictions/probabilities/qata_test_sub-S09501_ses-E16335_acq-1_run-1_bp-chest_vp-pa_dx.npy
qata_test_sub-S09502_ses-E18422_run-1_bp-chest_vp-ap_dx,sub-S09502,unet,1003,0.718901042998756,0.561159650533711,20.110938492107124,4.615929111906131,predictions/masks/qata_test_sub-S09502_ses-E18422_run-1_bp-chest_vp-ap_dx.png,predictions/probabilities/qata_test_sub-S09502_ses-E18422_run-1_bp-chest_vp-ap_dx.npy
qata_test_sub-S09502_ses-E19402_run-1_bp-chest_vp-pa_cr,sub-S09502,unet,1003,0.895702559152687,0.8111062527410973,5.0,1.6430001886900472,predictions/masks/qata_test_sub-S09502_ses-E19402_run-1_bp-chest_vp-pa_cr.png,predictions/probabilities/qata_test_sub-S09502_ses-E19402_run-1_bp-chest_vp-pa_cr.npy
qata_test_sub-S09502_ses-E19818_run-1_bp-chest_vp-ap_dx,sub-S09502,unet,1003,0.6361439961387273,0.4664304694514361,75.2182696529882,15.322238469376869,predictions/masks/qata_test_sub-S09502_ses-E19818_run-1_bp-chest_vp-ap_dx.png,predictions/probabilities/qata_test_sub-S09502_ses-E19818_run-1_bp-chest_vp-ap_dx.npy
qata_test_sub-S09502_ses-E21131_run-1_bp-chest_vp-ap_dx,sub-S09502,unet,1003,0.8991240463436246,0.8167351129457529,5.0,1.7704381665282356,predictions/masks/qata_test_sub-S09502_ses-E21131_run-1_bp-chest_vp-ap_dx.png,predictions/probabilities/qata_test_sub-S09502_ses-E21131_run-1_bp-chest_vp-ap_dx.npy
qata_test_sub-S09502_ses-E21134_run-1_bp-chest_vp-ap_dx,sub-S09502,unet,1003,0.9156953103845027,0.844500000007775,5.830951894845301,1.6525674322433797,predictions/masks/qata_test_sub-S09502_ses-E21134_run-1_bp-chest_vp-ap_dx.png,predictions/probabilities/qata_test_sub-S09502_ses-E21134_run-1_bp-chest_vp-ap_dx.npy
qata_test_sub-S09502_ses-E21334_run-1_bp-chest_vp-ap_dx,sub-S09502,unet,1003,0.8650505821747462,0.7621930709800809,7.800525847404503,2.198509570015002,predictions/masks/qata_test_sub-S09502_ses-E21334_run-1_bp-chest_vp-ap_dx.png,predictions/probabilities/qata_test_sub-S09502_ses-E21334_run-1_bp-chest_vp-ap_dx.npy
qata_test_sub-S09503_ses-E16337_run-1_bp-chest_vp-ap_dx,sub-S09503,unet,1003,0.45478489905817454,0.29431818185827735,46.99783918497618,15.878451226743973,predictions/masks/qata_test_sub-S09503_ses-E16337_run-1_bp-chest_vp-ap_dx.png,predictions/probabilities/qata_test_sub-S09503_ses-E16337_run-1_bp-chest_vp-ap_dx.npy
qata_test_sub-S09504_ses-E16338_run-1_bp-chest_vp-ap_dx,sub-S09504,unet,1003,0.6637931034506516,0.4967741935537094,24.020824298928627,5.666790601481676,predictions/masks/qata_test_sub-S09504_ses-E16338_run-1_bp-chest_vp-ap_dx.png,predictions/probabilities/qata_test_sub-S09504_ses-E16338_run-1_bp-chest_vp-ap_dx.npy
qata_test_sub-S09504_ses-E16450_acq-1_run-1_bp-chest_vp-ap_dx,sub-S09504,unet,1003,0.9597957187875704,0.9226992583315293,4.123105625617661,1.0124425033801316,predictions/masks/qata_test_sub-S09504_ses-E16450_acq-1_run-1_bp-chest_vp-ap_dx.png,predictions/probabilities/qata_test_sub-S09504_ses-E16450_acq-1_run-1_bp-chest_vp-ap_dx.npy
qata_test_sub-S09504_ses-E16697_acq-1_run-1_bp-chest_vp-ap_dx,sub-S09504,unet,1003,0.9610702802023365,0.9250580302871111,3.6055512754639887,0.9658717620779919,predictions/masks/qata_test_sub-S09504_ses-E16697_acq-1_run-1_bp-chest_vp-ap_dx.png,predictions/probabilities/qata_test_sub-S09504_ses-E16697_acq-1_run-1_bp-chest_vp-ap_dx.npy
qata_test_sub-S09504_ses-E16804_run-1_bp-chest_vp-pa_dx,sub-S09504,unet,1003,0.9100348211465018,0.8349210037193898,11.180339887498949,2.223902694672209,predictions/masks/qata_test_sub-S09504_ses-E16804_run-1_bp-chest_vp-pa_dx.png,predictions/probabilities/qata_test_sub-S09504_ses-E16804_run-1_bp-chest_vp-pa_dx.npy
qata_test_sub-S09504_ses-E24549_run-1_bp-chest_vp-ap_dx,sub-S09504,unet,1003,0.8262531860699607,0.7039449873433246,13.601470508735444,2.490850542491526,predictions/masks/qata_test_sub-S09504_ses-E24549_run-1_bp-chest_vp-ap_dx.png,predictions/probabilities/qata_test_sub-S09504_ses-E24549_run-1_bp-chest_vp-ap_dx.npy
qata_test_sub-S09505_ses-E16339_run-1_bp-chest_cr,sub-S09505,unet,1003,0.9728434504794304,0.9471228615870617,2.0,0.5943014742813687,predictions/masks/qata_test_sub-S09505_ses-E16339_run-1_bp-chest_cr.png,predictions/probabilities/qata_test_sub-S09505_ses-E16339_run-1_bp-chest_cr.npy
qata_test_sub-S09505_ses-E17029_run-1_bp-chest_cr,sub-S09505,unet,1003,0.9629868454993359,0.92861584380141,2.0,0.8460030565361488,predictions/masks/qata_test_sub-S09505_ses-E17029_run-1_bp-chest_cr.png,predictions/probabilities/qata_test_sub-S09505_ses-E17029_run-1_bp-chest_cr.npy
qata_test_sub-S09505_ses-E17030_run-1_bp-chest_cr,sub-S09505,unet,1003,0.9793571387500468,0.9595492957751037,1.4142135623730951,0.5025434684378636,predictions/masks/qata_test_sub-S09505_ses-E17030_run-1_bp-chest_cr.png,predictions/probabilities/qata_test_sub-S09505_ses-E17030_run-1_bp-chest_cr.npy
qata_test_sub-S09505_ses-E17105_acq-1_run-1_bp-chest_cr,sub-S09505,unet,1003,0.49818181822743796,0.3317191284102035,121.00659350806242,40.83044183372626,predictions/masks/qata_test_sub-S09505_ses-E17105_acq-1_run-1_bp-chest_cr.png,predictions/probabilities/qata_test_sub-S09505_ses-E17105_acq-1_run-1_bp-chest_cr.npy
qata_test_sub-S09505_ses-E17135_run-1_bp-chest_cr,sub-S09505,unet,1003,0.7900472212170351,0.6529570699593829,71.58021302895958,12.289656244460499,predictions/masks/qata_test_sub-S09505_ses-E17135_run-1_bp-chest_cr.png,predictions/probabilities/qata_test_sub-S09505_ses-E17135_run-1_bp-chest_cr.npy
qata_test_sub-S09505_ses-E17698_run-1_bp-chest_cr,sub-S09505,unet,1003,0.8632492113575454,0.7594005827700929,34.78066616819103,5.316018103108884,predictions/masks/qata_test_sub-S09505_ses-E17698_run-1_bp-chest_cr.png,predictions/probabilities/qata_test_sub-S09505_ses-E17698_run-1_bp-chest_cr.npy
qata_test_sub-S09508_ses-E17598_run-1_bp-chest_vp-pa_dx,sub-S09508,unet,1003,0.6832023575716306,0.5188362551466306,97.14156730064599,25.058595549732672,predictions/masks/qata_test_sub-S09508_ses-E17598_run-1_bp-chest_vp-pa_dx.png,predictions/probabilities/qata_test_sub-S09508_ses-E17598_run-1_bp-chest_vp-pa_dx.npy
qata_test_sub-S09509_ses-E16343_run-1_bp-chest_vp-pa_cr,sub-S09509,unet,1003,0.6764926305351863,0.5111362778591493,90.24396561280557,12.752710325548865,predictions/masks/qata_test_sub-S09509_ses-E16343_run-1_bp-chest_vp-pa_cr.png,predictions/probabilities/qata_test_sub-S09509_ses-E16343_run-1_bp-chest_vp-pa_cr.npy
qata_test_sub-S09509_ses-E22006_run-1_bp-chest_vp-ap_cr,sub-S09509,unet,1003,0.7132548423878345,0.5543093270431773,30.825299945308984,6.330390073265527,predictions/masks/qata_test_sub-S09509_ses-E22006_run-1_bp-chest_vp-ap_cr.png,predictions/probabilities/qata_test_sub-S09509_ses-E22006_run-1_bp-chest_vp-ap_cr.npy
qata_test_sub-S09509_ses-E22315_run-1_bp-chest_vp-pa_cr,sub-S09509,unet,1003,0.6384083045139097,0.4688691232866029,15.556349186104045,4.189647809333713,predictions/masks/qata_test_sub-S09509_ses-E22315_run-1_bp-chest_vp-pa_cr.png,predictions/probabilities/qata_test_sub-S09509_ses-E22315_run-1_bp-chest_vp-pa_cr.npy
qata_test_sub-S09509_ses-E22760_run-1_bp-chest_vp-pa_cr,sub-S09509,unet,1003,0.7453101233776355,0.5940193965626611,24.052020209653108,4.334897499592075,predictions/masks/qata_test_sub-S09509_ses-E22760_run-1_bp-chest_vp-pa_cr.png,predictions/probabilities/qata_test_sub-S09509_ses-E22760_run-1_bp-chest_vp-pa_cr.npy
qata_test_sub-S09510_ses-E23748_run-1_bp-chest_vp-pa_dx,sub-S09510,unet,1003,0.6503695281509275,0.48188711038408233,21.03562082082066,4.443205800118885,predictions/masks/qata_test_sub-S09510_ses-E23748_run-1_bp-chest_vp-pa_dx.png,predictions/probabilities/qata_test_sub-S09510_ses-E23748_run-1_bp-chest_vp-pa_dx.npy
qata_test_sub-S09510_ses-E24663_run-1_bp-chest_vp-ap_dx,sub-S09510,unet,1003,0.3050749711849748,0.17999319499217445,42.69183588871347,11.838472348495673,predictions/masks/qata_test_sub-S09510_ses-E24663_run-1_bp-chest_vp-ap_dx.png,predictions/probabilities/qata_test_sub-S09510_ses-E24663_run-1_bp-chest_vp-ap_dx.npy
qata_test_sub-S09510_ses-E26286_run-2_bp-chest_vp-pa_dx,sub-S09510,unet,1003,0.8061257738708679,0.6752183406202178,10.295630140987,3.290784551020432,predictions/masks/qata_test_sub-S09510_ses-E26286_run-2_bp-chest_vp-pa_dx.png,predictions/probabilities/qata_test_sub-S09510_ses-E26286_run-2_bp-chest_vp-pa_dx.npy
qata_test_sub-S09511_ses-E16345_run-1_bp-chest_dx,sub-S09511,unet,1003,0.43760455003554355,0.2800856531357565,85.70297544426332,15.620058746288683,predictions/masks/qata_test_sub-S09511_ses-E16345_run-1_bp-chest_dx.png,predictions/probabilities/qata_test_sub-S09511_ses-E16345_run-1_bp-chest_dx.npy
qata_test_sub-S09512_ses-E16346_run-1_bp-chest_vp-pa_dx,sub-S09512,unet,1003,0.5245775729829272,0.35554398754005495,132.5511200142136,38.97659374791575,predictions/masks/qata_test_sub-S09512_ses-E16346_run-1_bp-chest_vp-pa_dx.png,predictions/probabilities/qata_test_sub-S09512_ses-E16346_run-1_bp-chest_vp-pa_dx.npy
qata_test_sub-S09512_ses-E18948_run-1_bp-chest_vp-ap_cr,sub-S09512,unet,1003,0.7807460890519765,0.640347414140538,17.88854381999832,3.6952810730032897,predictions/masks/qata_test_sub-S09512_ses-E18948_run-1_bp-chest_vp-ap_cr.png,predictions/probabilities/qata_test_sub-S09512_ses-E18948_run-1_bp-chest_vp-ap_cr.npy
qata_test_sub-S09512_ses-E20933_run-1_bp-chest_vp-ap_dx,sub-S09512,unet,1003,0.6977977631765502,0.5358597485472665,20.248456731316587,5.137935877257368,predictions/masks/qata_test_sub-S09512_ses-E20933_run-1_bp-chest_vp-ap_dx.png,predictions/probabilities/qata_test_sub-S09512_ses-E20933_run-1_bp-chest_vp-ap_dx.npy
qata_test_sub-S09512_ses-E21506_run-1_bp-chest_vp-pa_dx,sub-S09512,unet,1003,0.877513120711526,0.781758020431855,10.63014581273465,2.4477105853944514,predictions/masks/qata_test_sub-S09512_ses-E21506_run-1_bp-chest_vp-pa_dx.png,predictions/probabilities/qata_test_sub-S09512_ses-E21506_run-1_bp-chest_vp-pa_dx.npy
qata_test_sub-S09512_ses-E22796_run-1_bp-chest_vp-ap_dx,sub-S09512,unet,1003,0.6283374283435161,0.45808454742158866,25.490863528338593,6.244431882245999,predictions/masks/qata_test_sub-S09512_ses-E22796_run-1_bp-chest_vp-ap_dx.png,predictions/probabilities/qata_test_sub-S09512_ses-E22796_run-1_bp-chest_vp-ap_dx.npy
qata_test_sub-S09512_ses-E27152_run-1_bp-chest_vp-pa_dx,sub-S09512,unet,1003,0.5145463123208909,0.34639000636573386,113.19474196648792,23.304076412226017,predictions/masks/qata_test_sub-S09512_ses-E27152_run-1_bp-chest_vp-pa_dx.png,predictions/probabilities/qata_test_sub-S09512_ses-E27152_run-1_bp-chest_vp-pa_dx.npy
qata_test_sub-S09513_ses-E16347_acq-1_run-1_bp-chest_vp-ll_cr,sub-S09513,unet,1003,0.8151438240309826,0.687968582660194,12.495453501482341,2.7242694426349505,predictions/masks/qata_test_sub-S09513_ses-E16347_acq-1_run-1_bp-chest_vp-ll_cr.png,predictions/probabilities/qata_test_sub-S09513_ses-E16347_acq-1_run-1_bp-chest_vp-ll_cr.npy
qata_test_sub-S09514_ses-E19827_run-1_bp-chest_vp-ap_dx,sub-S09514,unet,1003,0.9508135403032802,0.9062388591811498,4.47213595499958,1.287599524701613,predictions/masks/qata_test_sub-S09514_ses-E19827_run-1_bp-chest_vp-ap_dx.png,predictions/probabilities/qata_test_sub-S09514_ses-E19827_run-1_bp-chest_vp-ap_dx.npy
qata_test_sub-S09514_ses-E19991_run-1_bp-chest_vp-ap_dx,sub-S09514,unet,1003,0.7760613810764596,0.6340688732926434,103.18405639565312,19.673039910534555,predictions/masks/qata_test_sub-S09514_ses-E19991_run-1_bp-chest_vp-ap_dx.png,predictions/probabilities/qata_test_sub-S09514_ses-E19991_run-1_bp-chest_vp-ap_dx.npy
qata_test_sub-S09514_ses-E20658_run-1_bp-chest_vp-ap_dx,sub-S09514,unet,1003,0.6783272380397786,0.51323387874126,84.81879515757016,13.175614355472428,predictions/masks/qata_test_sub-S09514_ses-E20658_run-1_bp-chest_vp-ap_dx.png,predictions/probabilities/qata_test_sub-S09514_ses-E20658_run-1_bp-chest_vp-ap_dx.npy
qata_test_sub-S09514_ses-E21147_run-1_bp-chest_vp-ap_dx,sub-S09514,unet,1003,0.6067620286136962,0.4355049468091188,31.8840532360611,5.499074907793105,predictions/masks/qata_test_sub-S09514_ses-E21147_run-1_bp-chest_vp-ap_dx.png,predictions/probabilities/qata_test_sub-S09514_ses-E21147_run-1_bp-chest_vp-ap_dx.npy
qata_test_sub-S09514_ses-E22589_run-1_bp-chest_dx,sub-S09514,unet,1003,0.848966613674211,0.7375690607786588,11.045361017187261,3.0861593465082375,predictions/masks/qata_test_sub-S09514_ses-E22589_run-1_bp-chest_dx.png,predictions/probabilities/qata_test_sub-S09514_ses-E22589_run-1_bp-chest_dx.npy
qata_test_sub-S09515_ses-E18411_run-1_bp-chest_vp-pa_cr,sub-S09515,unet,1003,0.7325886990845502,0.5780196993370135,16.1245154965971,4.234355515763422,predictions/masks/qata_test_sub-S09515_ses-E18411_run-1_bp-chest_vp-pa_cr.png,predictions/probabilities/qata_test_sub-S09515_ses-E18411_run-1_bp-chest_vp-pa_cr.npy
qata_test_sub-S09515_ses-E19825_run-1_bp-chest_vp-ap_dx,sub-S09515,unet,1003,0.909865005193044,0.834635168606694,7.848199740725332,1.8545918280457536,predictions/masks/qata_test_sub-S09515_ses-E19825_run-1_bp-chest_vp-ap_dx.png,predictions/probabilities/qata_test_sub-S09515_ses-E19825_run-1_bp-chest_vp-ap_dx.npy
qata_test_sub-S09515_ses-E19999_run-1_bp-chest_vp-ap_dx,sub-S09515,unet,1003,0.8804359440123899,0.7864096201605953,10.0,2.393781138570167,predictions/masks/qata_test_sub-S09515_ses-E19999_run-1_bp-chest_vp-ap_dx.png,predictions/probabilities/qata_test_sub-S09515_ses-E19999_run-1_bp-chest_vp-ap_dx.npy
qata_test_sub-S09515_ses-E20650_run-1_bp-chest_vp-ap_dx,sub-S09515,unet,1003,0.9202181750954959,0.8522260273997907,7.0,1.7873674762386542,predictions/masks/qata_test_sub-S09515_ses-E20650_run-1_bp-chest_vp-ap_dx.png,predictions/probabilities/qata_test_sub-S09515_ses-E20650_run-1_bp-chest_vp-ap_dx.npy
qata_test_sub-S09516_ses-E16351_run-1_bp-chest_vp-pa_cr,sub-S09516,unet,1003,0.9035681328829317,0.8240987515805288,8.602325267042627,2.5966036052602863,predictions/masks/qata_test_sub-S09516_ses-E16351_run-1_bp-chest_vp-pa_cr.png,predictions/probabilities/qata_test_sub-S09516_ses-E16351_run-1_bp-chest_vp-pa_cr.npy
qata_test_sub-S09516_ses-E17333_run-1_bp-chest_vp-pa_cr,sub-S09516,unet,1003,0.6744500430173964,0.5088077137120562,42.09724235216804,9.8334365420485,predictions/masks/qata_test_sub-S09516_ses-E17333_run-1_bp-chest_vp-pa_cr.png,predictions/probabilities/qata_test_sub-S09516_ses-E17333_run-1_bp-chest_vp-pa_cr.npy
qata_test_sub-S09516_ses-E17533_run-1_bp-chest_vp-pa_cr,sub-S09516,unet,1003,0.7889152415455135,0.6514120799906944,33.42654609375717,7.284469689998813,predictions/masks/qata_test_sub-S09516_ses-E17533_run-1_bp-chest_vp-pa_cr.png,predictions/probabilities/qata_test_sub-S09516_ses-E17533_run-1_bp-chest_vp-pa_cr.npy
qata_test_sub-S09516_ses-E18425_run-1_bp-chest_vp-ap_dx,sub-S09516,unet,1003,0.9193791895650741,0.850787973624111,11.34452451218707,2.3441523165231337,predictions/masks/qata_test_sub-S09516_ses-E18425_run-1_bp-chest_vp-ap_dx.png,predictions/probabilities/qata_test_sub-S09516_ses-E18425_run-1_bp-chest_vp-ap_dx.npy
qata_test_sub-S09516_ses-E19404_run-1_bp-chest_vp-ap_dx,sub-S09516,unet,1003,0.75575307439574,0.6073979841510186,45.5411901469428,10.703477682918953,predictions/masks/qata_test_sub-S09516_ses-E19404_run-1_bp-chest_vp-ap_dx.png,predictions/probabilities/qata_test_sub-S09516_ses-E19404_run-1_bp-chest_vp-ap_dx.npy
qata_test_sub-S09516_ses-E19824_run-1_bp-chest_vp-ap_dx,sub-S09516,unet,1003,0.9195690965572694,0.8511132860306935,8.54400374531753,2.1986458709831274,predictions/masks/qata_test_sub-S09516_ses-E19824_run-1_bp-chest_vp-ap_dx.png,predictions/probabilities/qata_test_sub-S09516_ses-E19824_run-1_bp-chest_vp-ap_dx.npy
qata_test_sub-S09516_ses-E19997_run-1_bp-chest_vp-ap_dx,sub-S09516,unet,1003,0.9339152119704868,0.8760233918143154,7.2628580546923835,1.8421443134279152,predictions/masks/qata_test_sub-S09516_ses-E19997_run-1_bp-chest_vp-ap_dx.png,predictions/probabilities/qata_test_sub-S09516_ses-E19997_run-1_bp-chest_vp-ap_dx.npy
qata_test_sub-S09516_ses-E20645_run-1_bp-chest_vp-ap_dx,sub-S09516,unet,1003,0.8731518585057817,0.774862047826182,46.07872969271175,7.01832942735492,predictions/masks/qata_test_sub-S09516_ses-E20645_run-1_bp-chest_vp-ap_dx.png,predictions/probabilities/qata_test_sub-S09516_ses-E20645_run-1_bp-chest_vp-ap_dx.npy
qata_test_sub-S09516_ses-E23613_run-1_bp-chest_vp-ap_dx,sub-S09516,unet,1003,0.9120291339483781,0.8382845188301434,18.552479340792495,3.5264161955561604,predictions/masks/qata_test_sub-S09516_ses-E23613_run-1_bp-chest_vp-ap_dx.png,predictions/probabilities/qata_test_sub-S09516_ses-E23613_run-1_bp-chest_vp-ap_dx.npy
qata_test_sub-S09516_ses-E24264_run-1_bp-chest_vp-ap_cr,sub-S09516,unet,1003,0.8632292145161735,0.7593696332987233,62.092809549737225,7.372484827139333,predictions/masks/qata_test_sub-S09516_ses-E24264_run-1_bp-chest_vp-ap_cr.png,predictions/probabilities/qata_test_sub-S09516_ses-E24264_run-1_bp-chest_vp-ap_cr.npy
qata_test_sub-S09516_ses-E24690_run-1_bp-chest_vp-ap_dx,sub-S09516,unet,1003,0.7964261479314837,0.6617177222358417,29.2146609054177,4.822181131263165,predictions/masks/qata_test_sub-S09516_ses-E24690_run-1_bp-chest_vp-ap_dx.png,predictions/probabilities/qata_test_sub-S09516_ses-E24690_run-1_bp-chest_vp-ap_dx.npy
qata_test_sub-S09516_ses-E25183_run-1_bp-chest_cr,sub-S09516,unet,1003,0.8643343724758764,0.761081740549795,62.00806399170998,7.718657919642552,predictions/masks/qata_test_sub-S09516_ses-E25183_run-1_bp-chest_cr.png,predictions/probabilities/qata_test_sub-S09516_ses-E25183_run-1_bp-chest_cr.npy
qata_test_sub-S09516_ses-E26091_run-1_bp-chest_vp-ap_dx,sub-S09516,unet,1003,0.9368838817056915,0.8812620423906398,9.484190388082714,1.8764711176515159,predictions/masks/qata_test_sub-S09516_ses-E26091_run-1_bp-chest_vp-ap_dx.png,predictions/probabilities/qata_test_sub-S09516_ses-E26091_run-1_bp-chest_vp-ap_dx.npy
qata_test_sub-S09516_ses-E26485_run-1_bp-chest_vp-ap_dx,sub-S09516,unet,1003,0.919043463082845,0.8502131507566838,10.295630140987,2.2812998285763197,predictions/masks/qata_test_sub-S09516_ses-E26485_run-1_bp-chest_vp-ap_dx.png,predictions/probabilities/qata_test_sub-S09516_ses-E26485_run-1_bp-chest_vp-ap_dx.npy
qata_test_sub-S09517_ses-E16352_run-1_bp-chest_vp-pa_cr,sub-S09517,unet,1003,0.49422632795917365,0.3282208589214639,137.51531090286787,41.11457360338661,predictions/masks/qata_test_sub-S09517_ses-E16352_run-1_bp-chest_vp-pa_cr.png,predictions/probabilities/qata_test_sub-S09517_ses-E16352_run-1_bp-chest_vp-pa_cr.npy
qata_test_sub-S09517_ses-E18424_run-1_bp-chest_vp-ap_dx,sub-S09517,unet,1003,0.7895004726256853,0.6522104757369989,29.657911858937517,4.92808681622622,predictions/masks/qata_test_sub-S09517_ses-E18424_run-1_bp-chest_vp-ap_dx.png,predictions/probabilities/qata_test_sub-S09517_ses-E18424_run-1_bp-chest_vp-ap_dx.npy
qata_test_sub-S09517_ses-E19659_run-1_bp-chest_vp-ap_dx,sub-S09517,unet,1003,0.8394599134321373,0.7233355600119868,24.946279389839667,3.853694164370251,predictions/masks/qata_test_sub-S09517_ses-E19659_run-1_bp-chest_vp-ap_dx.png,predictions/probabilities/qata_test_sub-S09517_ses-E19659_run-1_bp-chest_vp-ap_dx.npy
qata_test_sub-S09517_ses-E19816_run-1_bp-chest_vp-ap_dx,sub-S09517,unet,1003,0.6510961771548849,0.4826853969375582,33.95066647219373,5.926772869937929,predictions/masks/qata_test_sub-S09517_ses-E19816_run-1_bp-chest_vp-ap_dx.png,predictions/probabilities/qata_test_sub-S09517_ses-E19816_run-1_bp-chest_vp-ap_dx.npy
qata_test_sub-S09517_ses-E19993_run-1_bp-chest_vp-ap_dx,sub-S09517,unet,1003,0.8247578692520466,0.7017769765721922,13.945362404707296,2.8842614135709286,predictions/masks/qata_test_sub-S09517_ses-E19993_run-1_bp-chest_vp-ap_dx.png,predictions/probabilities/qata_test_sub-S09517_ses-E19993_run-1_bp-chest_vp-ap_dx.npy
qata_test_sub-S09517_ses-E20646_run-1_bp-chest_vp-ap_dx,sub-S09517,unet,1003,0.9363535639545959,0.8803240740754591,10.563242678385105,1.7815223793612562,predictions/masks/qata_test_sub-S09517_ses-E20646_run-1_bp-chest_vp-ap_dx.png,predictions/probabilities/qata_test_sub-S09517_ses-E20646_run-1_bp-chest_vp-ap_dx.npy
qata_test_sub-S09517_ses-E21347_run-1_bp-chest_vp-ap_dx,sub-S09517,unet,1003,0.9749849669273903,0.9511908952252587,2.0,0.7389194655701652,predictions/masks/qata_test_sub-S09517_ses-E21347_run-1_bp-chest_vp-ap_dx.png,predictions/probabilities/qata_test_sub-S09517_ses-E21347_run-1_bp-chest_vp-ap_dx.npy
qata_test_sub-S09517_ses-E23607_run-1_bp-chest_vp-ap_dx,sub-S09517,unet,1003,0.9325874125877898,0.8736897274646364,8.875882581407838,1.6450114941831575,predictions/masks/qata_test_sub-S09517_ses-E23607_run-1_bp-chest_vp-ap_dx.png,predictions/probabilities/qata_test_sub-S09517_ses-E23607_run-1_bp-chest_vp-ap_dx.npy
qata_test_sub-S09517_ses-E25763_run-1_bp-chest_vp-ap_dx,sub-S09517,unet,1003,0.7113124387890388,0.5519665590052828,27.51628604124094,6.527161026077717,predictions/masks/qata_test_sub-S09517_ses-E25763_run-1_bp-chest_vp-ap_dx.png,predictions/probabilities/qata_test_sub-S09517_ses-E25763_run-1_bp-chest_vp-ap_dx.npy
qata_test_sub-S09517_ses-E26089_run-1_bp-chest_vp-ap_dx,sub-S09517,unet,1003,0.8745651211343249,0.7770908273406352,15.172223422037206,3.3550917811378933,predictions/masks/qata_test_sub-S09517_ses-E26089_run-1_bp-chest_vp-ap_dx.png,predictions/probabilities/qata_test_sub-S09517_ses-E26089_run-1_bp-chest_vp-ap_dx.npy
qata_test_sub-S09517_ses-E26487_run-1_bp-chest_vp-ap_dx,sub-S09517,unet,1003,0.9630870235146842,0.9288021708240237,4.47213595499958,1.5432637832217062,predictions/masks/qata_test_sub-S09517_ses-E26487_run-1_bp-chest_vp-ap_dx.png,predictions/probabilities/qata_test_sub-S09517_ses-E26487_run-1_bp-chest_vp-ap_dx.npy
qata_test_sub-S09518_ses-E16354_run-1_bp-chest_vp-ap_dx,sub-S09518,unet,1003,0.402583083959638,0.25202129758919306,89.41336718249417,31.760565632263525,predictions/masks/qata_test_sub-S09518_ses-E16354_run-1_bp-chest_vp-ap_dx.png,predictions/probabilities/qata_test_sub-S09518_ses-E16354_run-1_bp-chest_vp-ap_dx.npy
qata_test_sub-S09518_ses-E17537_run-1_bp-chest_vp-ap_dx,sub-S09518,unet,1003,0.7821052631693629,0.6421780467033553,10.972015325445522,2.1542073870192953,predictions/masks/qata_test_sub-S09518_ses-E17537_run-1_bp-chest_vp-ap_dx.png,predictions/probabilities/qata_test_sub-S09518_ses-E17537_run-1_bp-chest_vp-ap_dx.npy
qata_test_sub-S09518_ses-E18161_run-1_bp-chest_vp-ap_dx,sub-S09518,unet,1003,0.8660297091856752,0.7637146371492778,23.04450122961837,4.639649399682149,predictions/masks/qata_test_sub-S09518_ses-E18161_run-1_bp-chest_vp-ap_dx.png,predictions/probabilities/qata_test_sub-S09518_ses-E18161_run-1_bp-chest_vp-ap_dx.npy
qata_test_sub-S09520_ses-E18447_run-1_bp-chest_vp-ap_dx,sub-S09520,unet,1003,0.8401070413125932,0.724297043983788,23.769728648009426,4.125397790251498,predictions/masks/qata_test_sub-S09520_ses-E18447_run-1_bp-chest_vp-ap_dx.png,predictions/probabilities/qata_test_sub-S09520_ses-E18447_run-1_bp-chest_vp-ap_dx.npy
qata_test_sub-S09520_ses-E19442_run-1_bp-chest_vp-ap_dx,sub-S09520,unet,1003,0.9101115404249464,0.835050167226287,7.017766952966369,1.6343316477202672,predictions/masks/qata_test_sub-S09520_ses-E19442_run-1_bp-chest_vp-ap_dx.png,predictions/probabilities/qata_test_sub-S09520_ses-E19442_run-1_bp-chest_vp-ap_dx.npy
qata_test_sub-S09520_ses-E19841_run-1_bp-chest_vp-ap_dx,sub-S09520,unet,1003,0.7513729405922195,0.601759296289449,19.395831854323667,4.91269496525999,predictions/masks/qata_test_sub-S09520_ses-E19841_run-1_bp-chest_vp-ap_dx.png,predictions/probabilities/qata_test_sub-S09520_ses-E19841_run-1_bp-chest_vp-ap_dx.npy
qata_test_sub-S09520_ses-E20016_run-1_bp-chest_vp-ap_dx,sub-S09520,unet,1003,0.9449335404803648,0.8956151832477811,5.656854249492381,1.1193007576349367,predictions/masks/qata_test_sub-S09520_ses-E20016_run-1_bp-chest_vp-ap_dx.png,predictions/probabilities/qata_test_sub-S09520_ses-E20016_run-1_bp-chest_vp-ap_dx.npy
qata_test_sub-S09520_ses-E20681_run-1_bp-chest_vp-ap_dx,sub-S09520,unet,1003,0.8513873052090284,0.7412309728713604,8.898372856423038,2.346430979349116,predictions/masks/qata_test_sub-S09520_ses-E20681_run-1_bp-chest_vp-ap_dx.png,predictions/probabilities/qata_test_sub-S09520_ses-E20681_run-1_bp-chest_vp-ap_dx.npy
qata_test_sub-S09520_ses-E22605_run-1_bp-chest_vp-ap_dx,sub-S09520,unet,1003,0.8818584070809528,0.7886822318997095,8.48528137423857,1.9288700968762265,predictions/masks/qata_test_sub-S09520_ses-E22605_run-1_bp-chest_vp-ap_dx.png,predictions/probabilities/qata_test_sub-S09520_ses-E22605_run-1_bp-chest_vp-ap_dx.npy
qata_test_sub-S09520_ses-E23633_run-1_bp-chest_vp-ap_dx,sub-S09520,unet,1003,0.9451641815371534,0.896029661673165,5.643269777374499,1.1829415821933513,predictions/masks/qata_test_sub-S09520_ses-E23633_run-1_bp-chest_vp-ap_dx.png,predictions/probabilities/qata_test_sub-S09520_ses-E23633_run-1_bp-chest_vp-ap_dx.npy
qata_test_sub-S09520_ses-E24107_run-1_bp-chest_vp-pa_cr,sub-S09520,unet,1003,0.8637857577618527,0.7602314120471345,10.0,2.6755924565331353,predictions/masks/qata_test_sub-S09520_ses-E24107_run-1_bp-chest_vp-pa_cr.png,predictions/probabilities/qata_test_sub-S09520_ses-E24107_run-1_bp-chest_vp-pa_cr.npy
qata_test_sub-S09520_ses-E24702_run-1_bp-chest_vp-ap_dx,sub-S09520,unet,1003,0.9554099746409794,0.9146267448926297,9.0,1.460519625755728,predictions/masks/qata_test_sub-S09520_ses-E24702_run-1_bp-chest_vp-ap_dx.png,predictions/probabilities/qata_test_sub-S09520_ses-E24702_run-1_bp-chest_vp-ap_dx.npy
qata_test_sub-S09520_ses-E26133_run-1_bp-chest_vp-ap_dx,sub-S09520,unet,1003,0.9304658513128318,0.8699730181180783,9.129256831757385,1.9727014604917312,predictions/masks/qata_test_sub-S09520_ses-E26133_run-1_bp-chest_vp-ap_dx.png,predictions/probabilities/qata_test_sub-S09520_ses-E26133_run-1_bp-chest_vp-ap_dx.npy
qata_test_sub-S09520_ses-E26498_run-1_bp-chest_vp-ap_dx,sub-S09520,unet,1003,0.9705882352942744,0.9428571428577344,3.1622776601683795,0.8432440396782196,predictions/masks/qata_test_sub-S09520_ses-E26498_run-1_bp-chest_vp-ap_dx.png,predictions/probabilities/qata_test_sub-S09520_ses-E26498_run-1_bp-chest_vp-ap_dx.npy
qata_test_sub-S09522_ses-E16360_run-1_bp-chest_vp-ap_cr,sub-S09522,unet,1003,0.877036581618859,0.781001916239228,9.219544457292887,2.1350835176004845,predictions/masks/qata_test_sub-S09522_ses-E16360_run-1_bp-chest_vp-ap_cr.png,predictions/probabilities/qata_test_sub-S09522_ses-E16360_run-1_bp-chest_vp-ap_cr.npy
qata_test_sub-S09522_ses-E18974_run-1_bp-chest_vp-pa_dx,sub-S09522,unet,1003,0.9354495208157018,0.8787272554074619,7.615773105863909,1.804692405289339,predictions/masks/qata_test_sub-S09522_ses-E18974_run-1_bp-chest_vp-pa_dx.png,predictions/probabilities/qata_test_sub-S09522_ses-E18974_run-1_bp-chest_vp-pa_dx.npy
qata_test_sub-S09522_ses-E20023_run-1_bp-chest_vp-ap_dx,sub-S09522,unet,1003,0.3167464115159452,0.1881750995344983,124.42668524074729,37.35016128000599,predictions/masks/qata_test_sub-S09522_ses-E20023_run-1_bp-chest_vp-ap_dx.png,predictions/probabilities/qata_test_sub-S09522_ses-E20023_run-1_bp-chest_vp-ap_dx.npy
qata_test_sub-S09522_ses-E20281_run-1_bp-chest_vp-ap_cr,sub-S09522,unet,1003,0.8664772727283884,0.7644110275723955,14.866068747318506,3.414019752914054,predictions/masks/qata_test_sub-S09522_ses-E20281_run-1_bp-chest_vp-ap_cr.png,predictions/probabilities/qata_test_sub-S09522_ses-E20281_run-1_bp-chest_vp-ap_cr.npy
qata_test_sub-S09522_ses-E21498_run-1_bp-chest_vp-ap_dx,sub-S09522,unet,1003,0.9190222586382764,0.8501768570022694,6.082762530298219,1.4021494949889735,predictions/masks/qata_test_sub-S09522_ses-E21498_run-1_bp-chest_vp-ap_dx.png,predictions/probabilities/qata_test_sub-S09522_ses-E21498_run-1_bp-chest_vp-ap_dx.npy
qata_test_sub-S09524_ses-E16362_run-1_bp-chest_vp-ap_cr,sub-S09524,unet,1003,0.898809523815547,0.8162162162360848,5.0,1.1497266826257648,predictions/masks/qata_test_sub-S09524_ses-E16362_run-1_bp-chest_vp-ap_cr.png,predictions/probabilities/qata_test_sub-S09524_ses-E16362_run-1_bp-chest_vp-ap_cr.npy
qata_test_sub-S09524_ses-E16944_run-1_bp-chest_vp-ap_dx,sub-S09524,unet,1003,0.424926398443942,0.2697819314869227,105.22689606952419,37.80998444662334,predictions/masks/qata_test_sub-S09524_ses-E16944_run-1_bp-chest_vp-ap_dx.png,predictions/probabilities/qata_test_sub-S09524_ses-E16944_run-1_bp-chest_vp-ap_dx.npy
qata_test_sub-S09524_ses-E18727_run-1_bp-chest_vp-ap_cr,sub-S09524,unet,1003,0.6297814207700849,0.45962113660100457,25.873453573998997,5.925800330049598,predictions/masks/qata_test_sub-S09524_ses-E18727_run-1_bp-chest_vp-ap_cr.png,predictions/probabilities/qata_test_sub-S09524_ses-E18727_run-1_bp-chest_vp-ap_cr.npy
qata_test_sub-S09524_ses-E19142_run-1_bp-chest_vp-ap_cr,sub-S09524,unet,1003,0.8186109238153331,0.6929223744642783,5.61610083313869,1.367951179104606,predictions/masks/qata_test_sub-S09524_ses-E19142_run-1_bp-chest_vp-ap_cr.png,predictions/probabilities/qata_test_sub-S09524_ses-E19142_run-1_bp-chest_vp-ap_cr.npy
qata_test_sub-S09524_ses-E19696_run-1_bp-chest_vp-ap_cr,sub-S09524,unet,1003,0.5977140453011871,0.42624262426816434,60.73137546143498,13.825538888613899,predictions/masks/qata_test_sub-S09524_ses-E19696_run-1_bp-chest_vp-ap_cr.png,predictions/probabilities/qata_test_sub-S09524_ses-E19696_run-1_bp-chest_vp-ap_cr.npy
qata_test_sub-S09524_ses-E21684_run-1_bp-chest_vp-ap_cr,sub-S09524,unet,1003,0.5191661062703711,0.3505903724182293,43.025564759585706,10.310917144712478,predictions/masks/qata_test_sub-S09524_ses-E21684_run-1_bp-chest_vp-ap_cr.png,predictions/probabilities/qata_test_sub-S09524_ses-E21684_run-1_bp-chest_vp-ap_cr.npy
qata_test_sub-S09524_ses-E22176_run-1_bp-chest_vp-ap_cr,sub-S09524,unet,1003,0.7355150897779764,0.5816717019218193,55.15342231088053,8.648171239811534,predictions/masks/qata_test_sub-S09524_ses-E22176_run-1_bp-chest_vp-ap_cr.png,predictions/probabilities/qata_test_sub-S09524_ses-E22176_run-1_bp-chest_vp-ap_cr.npy
qata_test_sub-S09524_ses-E22355_run-1_bp-chest_vp-ap_dx,sub-S09524,unet,1003,0.5186376260850952,0.35010854550325426,23.46041677907077,5.745811426578031,predictions/masks/qata_test_sub-S09524_ses-E22355_run-1_bp-chest_vp-ap_dx.png,predictions/probabilities/qata_test_sub-S09524_ses-E22355_run-1_bp-chest_vp-ap_dx.npy
qata_test_sub-S09526_ses-E16708_run-1_bp-chest_vp-ap_dx,sub-S09526,unet,1003,0.7859676783630801,0.6474025974102293,25.69939939995045,4.359736431833766,predictions/masks/qata_test_sub-S09526_ses-E16708_run-1_bp-chest_vp-ap_dx.png,predictions/probabilities/qata_test_sub-S09526_ses-E16708_run-1_bp-chest_vp-ap_dx.npy
qata_test_sub-S09526_ses-E21522_run-1_bp-chest_vp-ap_dx,sub-S09526,unet,1003,0.9603000937797197,0.9236319903803641,3.0,0.8016774233501301,predictions/masks/qata_test_sub-S09526_ses-E21522_run-1_bp-chest_vp-ap_dx.png,predictions/probabilities/qata_test_sub-S09526_ses-E21522_run-1_bp-chest_vp-ap_dx.npy
qata_test_sub-S09526_ses-E21915_run-1_bp-chest_vp-ap_cr,sub-S09526,unet,1003,0.8855911125859262,0.7946734116977433,10.0,2.510419473125255,predictions/masks/qata_test_sub-S09526_ses-E21915_run-1_bp-chest_vp-ap_cr.png,predictions/probabilities/qata_test_sub-S09526_ses-E21915_run-1_bp-chest_vp-ap_cr.npy
qata_test_sub-S09526_ses-E22193_run-1_bp-chest_vp-ap_cr,sub-S09526,unet,1003,0.7975305177522446,0.6632438739868555,12.0,3.1353809305856104,predictions/masks/qata_test_sub-S09526_ses-E22193_run-1_bp-chest_vp-ap_cr.png,predictions/probabilities/qata_test_sub-S09526_ses-E22193_run-1_bp-chest_vp-ap_cr.npy
qata_test_sub-S09526_ses-E26557_acq-1_run-1_bp-chest_dx,sub-S09526,unet,1003,0.6801075268903197,0.5152749491032476,24.076952671718992,8.33661994811534,predictions/masks/qata_test_sub-S09526_ses-E26557_acq-1_run-1_bp-chest_dx.png,predictions/probabilities/qata_test_sub-S09526_ses-E26557_acq-1_run-1_bp-chest_dx.npy
qata_test_sub-S09527_ses-E21700_run-1_bp-chest_vp-ap_cr,sub-S09527,unet,1003,0.7193675889605368,0.561728395129363,6.8978713763747725,2.12350931558247,predictions/masks/qata_test_sub-S09527_ses-E21700_run-1_bp-chest_vp-ap_cr.png,predictions/probabilities/qata_test_sub-S09527_ses-E21700_run-1_bp-chest_vp-ap_cr.npy
qata_test_sub-S09528_ses-E17036_run-1_bp-chest_vp-ap_cr,sub-S09528,unet,1003,0.6553907682081703,0.48742099393372884,36.17169057418066,5.774649318700085,predictions/masks/qata_test_sub-S09528_ses-E17036_run-1_bp-chest_vp-ap_cr.png,predictions/probabilities/qata_test_sub-S09528_ses-E17036_run-1_bp-chest_vp-ap_cr.npy
qata_test_sub-S09529_ses-E17353_run-1_bp-chest_vp-ap_dx,sub-S09529,unet,1003,0.07785306232127204,0.040503179443730955,167.01735555251543,82.2700608410273,predictions/masks/qata_test_sub-S09529_ses-E17353_run-1_bp-chest_vp-ap_dx.png,predictions/probabilities/qata_test_sub-S09529_ses-E17353_run-1_bp-chest_vp-ap_dx.npy
qata_test_sub-S09531_ses-E20431_run-1_bp-chest_vp-pa_dx,sub-S09531,unet,1003,0.9346236559143299,0.8772708922095552,11.240355762667571,1.8177599914004485,predictions/masks/qata_test_sub-S09531_ses-E20431_run-1_bp-chest_vp-pa_dx.png,predictions/probabilities/qata_test_sub-S09531_ses-E20431_run-1_bp-chest_vp-pa_dx.npy
qata_test_sub-S09531_ses-E20968_run-1_bp-chest_vp-pa_dx,sub-S09531,unet,1003,0.7429340511466721,0.5910064239896062,60.166435825965294,12.471179219753155,predictions/masks/qata_test_sub-S09531_ses-E20968_run-1_bp-chest_vp-pa_dx.png,predictions/probabilities/qata_test_sub-S09531_ses-E20968_run-1_bp-chest_vp-pa_dx.npy
qata_test_sub-S09531_ses-E25557_run-1_bp-chest_vp-pa_dx,sub-S09531,unet,1003,0.8594631796302895,0.7535602220672566,44.921031805164866,7.2617914789421585,predictions/masks/qata_test_sub-S09531_ses-E25557_run-1_bp-chest_vp-pa_dx.png,predictions/probabilities/qata_test_sub-S09531_ses-E25557_run-1_bp-chest_vp-pa_dx.npy
qata_test_sub-S09531_ses-E25852_run-1_bp-chest_vp-ap_cr,sub-S09531,unet,1003,0.9721980381915828,0.9459001581212345,2.0,0.652765747413502,predictions/masks/qata_test_sub-S09531_ses-E25852_run-1_bp-chest_vp-ap_cr.png,predictions/probabilities/qata_test_sub-S09531_ses-E25852_run-1_bp-chest_vp-ap_cr.npy
qata_test_sub-S09532_ses-E16373_run-1_bp-chest_vp-pa_cr,sub-S09532,unet,1003,0.8672897196344368,0.7656765676825438,4.254115450513302,1.52309970317024,predictions/masks/qata_test_sub-S09532_ses-E16373_run-1_bp-chest_vp-pa_cr.png,predictions/probabilities/qata_test_sub-S09532_ses-E16373_run-1_bp-chest_vp-pa_cr.npy
qata_test_sub-S09534_ses-E16376_run-2_bp-chest_vp-pa_dx,sub-S09534,unet,1003,0.8813321647698277,0.7878408022629947,8.602325267042627,1.843384317261994,predictions/masks/qata_test_sub-S09534_ses-E16376_run-2_bp-chest_vp-pa_dx.png,predictions/probabilities/qata_test_sub-S09534_ses-E16376_run-2_bp-chest_vp-pa_dx.npy
qata_test_sub-S09534_ses-E22374_run-1_bp-chest_vp-pa_cr,sub-S09534,unet,1003,0.8885573067243843,0.799462997148855,9.423259298318378,2.052890213860847,predictions/masks/qata_test_sub-S09534_ses-E22374_run-1_bp-chest_vp-pa_cr.png,predictions/probabilities/qata_test_sub-S09534_ses-E22374_run-1_bp-chest_vp-pa_cr.npy
qata_test_sub-S09534_ses-E26347_run-1_bp-chest_vp-pa_cr,sub-S09534,unet,1003,0.9161490683235022,0.8452722063054983,7.252506953939496,2.000618529648469,predictions/masks/qata_test_sub-S09534_ses-E26347_run-1_bp-chest_vp-pa_cr.png,predictions/probabilities/qata_test_sub-S09534_ses-E26347_run-1_bp-chest_vp-pa_cr.npy
qata_test_sub-S09536_ses-E24323_run-1_bp-chest_vp-pa_dx,sub-S09536,unet,1003,0.7950135246407736,0.6597696662178456,16.01404879384663,4.311926684546615,predictions/masks/qata_test_sub-S09536_ses-E24323_run-1_bp-chest_vp-pa_dx.png,predictions/probabilities/qata_test_sub-S09536_ses-E24323_run-1_bp-chest_vp-pa_dx.npy
qata_test_sub-S09536_ses-E24999_run-1_bp-chest_vp-ap_dx,sub-S09536,unet,1003,0.9672863351040121,0.9366452367044226,3.0,0.6936794455148306,predictions/masks/qata_test_sub-S09536_ses-E24999_run-1_bp-chest_vp-ap_dx.png,predictions/probabilities/qata_test_sub-S09536_ses-E24999_run-1_bp-chest_vp-ap_dx.npy
qata_test_sub-S09538_ses-E22210_run-2_bp-chest_vp-ap_cr,sub-S09538,unet,1003,0.7459717525413573,0.594860406104224,143.12406734560747,33.80498417669783,predictions/masks/qata_test_sub-S09538_ses-E22210_run-2_bp-chest_vp-ap_cr.png,predictions/probabilities/qata_test_sub-S09538_ses-E22210_run-2_bp-chest_vp-ap_cr.npy
qata_test_sub-S09538_ses-E24320_run-1_bp-chest_vp-pa_dx,sub-S09538,unet,1003,0.6144055539596642,0.4434237996057026,146.77805814581305,45.805338953137806,predictions/masks/qata_test_sub-S09538_ses-E24320_run-1_bp-chest_vp-pa_dx.png,predictions/probabilities/qata_test_sub-S09538_ses-E24320_run-1_bp-chest_vp-pa_dx.npy
qata_test_sub-S09539_ses-E16383_run-1_bp-chest_vp-ap_cr,sub-S09539,unet,1003,0.9122319913627007,0.838627339764058,9.914570696119902,2.142247038112773,predictions/masks/qata_test_sub-S09539_ses-E16383_run-1_bp-chest_vp-ap_cr.png,predictions/probabilities/qata_test_sub-S09539_ses-E16383_run-1_bp-chest_vp-ap_cr.npy
qata_test_sub-S09540_ses-E17365_acq-1_run-1_bp-chest_vp-ap_dx,sub-S09540,unet,1003,0.5818332871838572,0.41027143137257815,51.44884850229325,10.466321338349076,predictions/masks/qata_test_sub-S09540_ses-E17365_acq-1_run-1_bp-chest_vp-ap_dx.png,predictions/probabilities/qata_test_sub-S09540_ses-E17365_acq-1_run-1_bp-chest_vp-ap_dx.npy
qata_test_sub-S09540_ses-E17445_run-1_bp-chest_vp-ap_dx,sub-S09540,unet,1003,2.8409090901020144e-10,2.8409090901020144e-10,116.58641680236103,92.2900056083059,predictions/masks/qata_test_sub-S09540_ses-E17445_run-1_bp-chest_vp-ap_dx.png,predictions/probabilities/qata_test_sub-S09540_ses-E17445_run-1_bp-chest_vp-ap_dx.npy
qata_test_sub-S09540_ses-E27021_run-1_bp-chest_vp-pa_dx,sub-S09540,unet,1003,0.6195965417977062,0.4488517745532839,28.890962594289096,7.074716510426059,predictions/masks/qata_test_sub-S09540_ses-E27021_run-1_bp-chest_vp-pa_dx.png,predictions/probabilities/qata_test_sub-S09540_ses-E27021_run-1_bp-chest_vp-pa_dx.npy
qata_test_sub-S09542_ses-E18224_run-1_bp-chest_vp-ap_cr,sub-S09542,unet,1003,0.7925340990704858,0.6563614744454114,14.739992295835155,6.7677664705015195,predictions/masks/qata_test_sub-S09542_ses-E18224_run-1_bp-chest_vp-ap_cr.png,predictions/probabilities/qata_test_sub-S09542_ses-E18224_run-1_bp-chest_vp-ap_cr.npy
qata_test_sub-S09543_ses-E20330_run-2_bp-chest_vp-ap_dx,sub-S09543,unet,1003,0.339839265237664,0.20470262797580904,105.0554258482618,30.55945153417506,predictions/masks/qata_test_sub-S09543_ses-E20330_run-2_bp-chest_vp-ap_dx.png,predictions/probabilities/qata_test_sub-S09543_ses-E20330_run-2_bp-chest_vp-ap_dx.npy
qata_test_sub-S09544_ses-E19898_run-1_bp-chest_vp-pa_cr,sub-S09544,unet,1003,0.4225352113001388,0.2678571429094388,60.79633010625283,15.800273090942593,predictions/masks/qata_test_sub-S09544_ses-E19898_run-1_bp-chest_vp-pa_cr.png,predictions/probabilities/qata_test_sub-S09544_ses-E19898_run-1_bp-chest_vp-pa_cr.npy
qata_test_sub-S09544_ses-E25892_run-1_bp-chest_vp-pa_cr,sub-S09544,unet,1003,0.8907203907220586,0.802971931761063,7.781078190400224,1.955137859206646,predictions/masks/qata_test_sub-S09544_ses-E25892_run-1_bp-chest_vp-pa_cr.png,predictions/probabilities/qata_test_sub-S09544_ses-E25892_run-1_bp-chest_vp-pa_cr.npy
qata_test_sub-S09547_ses-E23462_run-1_bp-chest_vp-ap_dx,sub-S09547,unet,1003,0.7550835384049335,0.6065334998001137,88.57030937927728,18.62452839365274,predictions/masks/qata_test_sub-S09547_ses-E23462_run-1_bp-chest_vp-ap_dx.png,predictions/probabilities/qata_test_sub-S09547_ses-E23462_run-1_bp-chest_vp-ap_dx.npy
qata_test_sub-S09547_ses-E24365_run-1_bp-chest_vp-ap_cr,sub-S09547,unet,1003,0.3100541842471387,0.18346989671594335,116.17185262663546,45.02203600830924,predictions/masks/qata_test_sub-S09547_ses-E24365_run-1_bp-chest_vp-ap_cr.png,predictions/probabilities/qata_test_sub-S09547_ses-E24365_run-1_bp-chest_vp-ap_cr.npy
qata_test_sub-S09548_ses-E23051_run-1_bp-chest_vp-pa_dx,sub-S09548,unet,1003,0.08877284607196177,0.04644808756196065,131.86393679416054,72.28687998614588,predictions/masks/qata_test_sub-S09548_ses-E23051_run-1_bp-chest_vp-pa_dx.png,predictions/probabilities/qata_test_sub-S09548_ses-E23051_run-1_bp-chest_vp-pa_dx.npy
qata_test_sub-S09549_ses-E16744_run-1_bp-chest_vp-ap_dx,sub-S09549,unet,1003,0.2079018028688952,0.11601027401044478,103.50530706226304,40.82005264536879,predictions/masks/qata_test_sub-S09549_ses-E16744_run-1_bp-chest_vp-ap_dx.png,predictions/probabilities/qata_test_sub-S09549_ses-E16744_run-1_bp-chest_vp-ap_dx.npy
qata_test_sub-S09549_ses-E17493_run-1_bp-chest_vp-ap_dx,sub-S09549,unet,1003,0.2688679246145203,0.15531335161371754,131.19349222328054,48.293051098501856,predictions/masks/qata_test_sub-S09549_ses-E17493_run-1_bp-chest_vp-ap_dx.png,predictions/probabilities/qata_test_sub-S09549_ses-E17493_run-1_bp-chest_vp-ap_dx.npy
qata_test_sub-S09549_ses-E18113_run-1_bp-chest_vp-ap_dx,sub-S09549,unet,1003,0.6776729560001828,0.5124851367999423,115.00282603353536,26.919852995633875,predictions/masks/qata_test_sub-S09549_ses-E18113_run-1_bp-chest_vp-ap_dx.png,predictions/probabilities/qata_test_sub-S09549_ses-E18113_run-1_bp-chest_vp-ap_dx.npy
qata_test_sub-S09549_ses-E18661_run-1_bp-chest_vp-ap_dx,sub-S09549,unet,1003,0.8166016317908265,0.6900479616492777,99.05957652045907,21.10807537520137,predictions/masks/qata_test_sub-S09549_ses-E18661_run-1_bp-chest_vp-ap_dx.png,predictions/probabilities/qata_test_sub-S09549_ses-E18661_run-1_bp-chest_vp-ap_dx.npy
qata_test_sub-S09549_ses-E18799_run-1_bp-chest_vp-ap_cr,sub-S09549,unet,1003,0.8942486085365028,0.808724832221897,7.0710678118654755,1.416989237163449,predictions/masks/qata_test_sub-S09549_ses-E18799_run-1_bp-chest_vp-ap_cr.png,predictions/probabilities/qata_test_sub-S09549_ses-E18799_run-1_bp-chest_vp-ap_cr.npy
qata_test_sub-S09549_ses-E19035_run-1_bp-chest_vp-ap_dx,sub-S09549,unet,1003,0.5440460380800344,0.37366980847146036,96.26251063753031,25.701944404315675,predictions/masks/qata_test_sub-S09549_ses-E19035_run-1_bp-chest_vp-ap_dx.png,predictions/probabilities/qata_test_sub-S09549_ses-E19035_run-1_bp-chest_vp-ap_dx.npy
qata_test_sub-S09549_ses-E19265_run-1_bp-chest_vp-ap_dx,sub-S09549,unet,1003,0.9172370877462827,0.8471264367991809,5.0,0.9051266175628149,predictions/masks/qata_test_sub-S09549_ses-E19265_run-1_bp-chest_vp-ap_dx.png,predictions/probabilities/qata_test_sub-S09549_ses-E19265_run-1_bp-chest_vp-ap_dx.npy
qata_test_sub-S09549_ses-E20863_run-1_bp-chest_vp-ap_dx,sub-S09549,unet,1003,0.8492003046487204,0.737921906031174,13.56450889332001,2.4363084013866105,predictions/masks/qata_test_sub-S09549_ses-E20863_run-1_bp-chest_vp-ap_dx.png,predictions/probabilities/qata_test_sub-S09549_ses-E20863_run-1_bp-chest_vp-ap_dx.npy
qata_test_sub-S09549_ses-E22083_run-1_bp-chest_vp-ap_dx,sub-S09549,unet,1003,0.4324846922516119,0.27590460529293154,107.05092135213606,34.52741875987235,predictions/masks/qata_test_sub-S09549_ses-E22083_run-1_bp-chest_vp-ap_dx.png,predictions/probabilities/qata_test_sub-S09549_ses-E22083_run-1_bp-chest_vp-ap_dx.npy
qata_test_sub-S09549_ses-E22235_run-1_bp-chest_vp-ap_dx,sub-S09549,unet,1003,0.8226581265029758,0.6987419245205926,33.54101966249684,8.331148725996922,predictions/masks/qata_test_sub-S09549_ses-E22235_run-1_bp-chest_vp-ap_dx.png,predictions/probabilities/qata_test_sub-S09549_ses-E22235_run-1_bp-chest_vp-ap_dx.npy
qata_test_sub-S09549_ses-E22692_run-1_bp-chest_vp-ap_dx,sub-S09549,unet,1003,0.7835990888464844,0.6441947565765171,14.586022261450593,3.3054286240127397,predictions/masks/qata_test_sub-S09549_ses-E22692_run-1_bp-chest_vp-ap_dx.png,predictions/probabilities/qata_test_sub-S09549_ses-E22692_run-1_bp-chest_vp-ap_dx.npy
qata_test_sub-S09549_ses-E23443_run-1_bp-chest_vp-ap_dx,sub-S09549,unet,1003,0.8970229380202208,0.8132743362886939,7.732459047889538,1.8703172792661678,predictions/masks/qata_test_sub-S09549_ses-E23443_run-1_bp-chest_vp-ap_dx.png,predictions/probabilities/qata_test_sub-S09549_ses-E23443_run-1_bp-chest_vp-ap_dx.npy
qata_test_sub-S09550_ses-E16397_run-1_bp-chest_vp-ap_dx,sub-S09550,unet,1003,0.6702593465868936,0.5040526849163107,17.26267650163207,4.833965016194702,predictions/masks/qata_test_sub-S09550_ses-E16397_run-1_bp-chest_vp-ap_dx.png,predictions/probabilities/qata_test_sub-S09550_ses-E16397_run-1_bp-chest_vp-ap_dx.npy
qata_test_sub-S09550_ses-E16654_run-1_bp-chest_vp-ap_dx,sub-S09550,unet,1003,0.4940349849996777,0.32805209953996833,104.35693461959596,23.875840842736274,predictions/masks/qata_test_sub-S09550_ses-E16654_run-1_bp-chest_vp-ap_dx.png,predictions/probabilities/qata_test_sub-S09550_ses-E16654_run-1_bp-chest_vp-ap_dx.npy
qata_test_sub-S09550_ses-E16752_run-1_bp-chest_vp-ap_dx,sub-S09550,unet,1003,0.8844605997670748,0.7928546491354258,105.0,17.502450312617544,predictions/masks/qata_test_sub-S09550_ses-E16752_run-1_bp-chest_vp-ap_dx.png,predictions/probabilities/qata_test_sub-S09550_ses-E16752_run-1_bp-chest_vp-ap_dx.npy
qata_test_sub-S09550_ses-E16866_run-1_bp-chest_vp-ap_dx,sub-S09550,unet,1003,0.858846918490402,0.7526132404222231,9.916871790987864,2.963520415684887,predictions/masks/qata_test_sub-S09550_ses-E16866_run-1_bp-chest_vp-ap_dx.png,predictions/probabilities/qata_test_sub-S09550_ses-E16866_run-1_bp-chest_vp-ap_dx.npy
qata_test_sub-S09550_ses-E17838_run-1_bp-chest_vp-ap_dx,sub-S09550,unet,1003,0.7740875912429371,0.6314379279602346,102.43143542368047,20.391108581117958,predictions/masks/qata_test_sub-S09550_ses-E17838_run-1_bp-chest_vp-ap_dx.png,predictions/probabilities/qata_test_sub-S09550_ses-E17838_run-1_bp-chest_vp-ap_dx.npy
qata_test_sub-S09550_ses-E26569_run-1_bp-chest_vp-pa_cr,sub-S09550,unet,1003,0.4225416381605626,0.267862308381028,115.26816085309542,36.581622351898204,predictions/masks/qata_test_sub-S09550_ses-E26569_run-1_bp-chest_vp-pa_cr.png,predictions/probabilities/qata_test_sub-S09550_ses-E26569_run-1_bp-chest_vp-pa_cr.npy
qata_test_sub-S09551_ses-E16398_acq-2_run-2_bp-chest_vp-ap_dx,sub-S09551,unet,1003,0.7804103843126582,0.6398958914363284,21.087900402918944,4.571656087416173,predictions/masks/qata_test_sub-S09551_ses-E16398_acq-2_run-2_bp-chest_vp-ap_dx.png,predictions/probabilities/qata_test_sub-S09551_ses-E16398_acq-2_run-2_bp-chest_vp-ap_dx.npy
qata_test_sub-S09551_ses-E16578_run-1_bp-chest_vp-ap_dx,sub-S09551,unet,1003,0.831411170146023,0.7114659569813381,15.599639286243924,3.444850474143961,predictions/masks/qata_test_sub-S09551_ses-E16578_run-1_bp-chest_vp-ap_dx.png,predictions/probabilities/qata_test_sub-S09551_ses-E16578_run-1_bp-chest_vp-ap_dx.npy
qata_test_sub-S09551_ses-E16755_run-1_bp-chest_vp-ap_dx,sub-S09551,unet,1003,0.9175723919086269,0.847698622107187,5.830951894845301,1.7818892760880374,predictions/masks/qata_test_sub-S09551_ses-E16755_run-1_bp-chest_vp-ap_dx.png,predictions/probabilities/qata_test_sub-S09551_ses-E16755_run-1_bp-chest_vp-ap_dx.npy
qata_test_sub-S09551_ses-E16982_acq-2_run-1_bp-chest_vp-ap_dx,sub-S09551,unet,1003,0.7691029900364188,0.6248313090502737,21.899728313394395,4.528298322490635,predictions/masks/qata_test_sub-S09551_ses-E16982_acq-2_run-1_bp-chest_vp-ap_dx.png,predictions/probabilities/qata_test_sub-S09551_ses-E16982_acq-2_run-1_bp-chest_vp-ap_dx.npy
qata_test_sub-S09551_ses-E17148_run-1_bp-chest_vp-ap_dx,sub-S09551,unet,1003,0.8867391304360136,0.7965241163874922,10.290750585296923,2.28320141435988,predictions/masks/qata_test_sub-S09551_ses-E17148_run-1_bp-chest_vp-ap_dx.png,predictions/probabilities/qata_test_sub-S09551_ses-E17148_run-1_bp-chest_vp-ap_dx.npy
qata_test_sub-S09551_ses-E17378_acq-2_run-1_bp-chest_vp-ap_dx,sub-S09551,unet,1003,0.9019060901915211,0.8213378492832966,7.615773105863909,1.9905676333042421,predictions/masks/qata_test_sub-S09551_ses-E17378_acq-2_run-1_bp-chest_vp-ap_dx.png,predictions/probabilities/qata_test_sub-S09551_ses-E17378_acq-2_run-1_bp-chest_vp-ap_dx.npy
qata_test_sub-S09551_ses-E17451_run-1_bp-chest_vp-ap_dx,sub-S09551,unet,1003,0.8435205295289737,0.7293865140452622,13.285048776278215,3.0736974171506275,predictions/masks/qata_test_sub-S09551_ses-E17451_run-1_bp-chest_vp-ap_dx.png,predictions/probabilities/qata_test_sub-S09551_ses-E17451_run-1_bp-chest_vp-ap_dx.npy
qata_test_sub-S09551_ses-E20735_run-1_bp-chest_vp-ap_dx,sub-S09551,unet,1003,0.9080266075396184,0.8315464587421776,8.06225774829855,2.102214840133608,predictions/masks/qata_test_sub-S09551_ses-E20735_run-1_bp-chest_vp-ap_dx.png,predictions/probabilities/qata_test_sub-S09551_ses-E20735_run-1_bp-chest_vp-ap_dx.npy
qata_test_sub-S09551_ses-E23065_run-1_bp-chest_vp-ap_dx,sub-S09551,unet,1003,0.8744151225926555,0.7768540073236829,7.0710678118654755,2.0726424248381865,predictions/masks/qata_test_sub-S09551_ses-E23065_run-1_bp-chest_vp-ap_dx.png,predictions/probabilities/qata_test_sub-S09551_ses-E23065_run-1_bp-chest_vp-ap_dx.npy
qata_test_sub-S09551_ses-E26702_run-1_bp-chest_vp-pa_dx,sub-S09551,unet,1003,0.5317478642399937,0.3621638622525214,128.0114729292389,29.31043401948418,predictions/masks/qata_test_sub-S09551_ses-E26702_run-1_bp-chest_vp-pa_dx.png,predictions/probabilities/qata_test_sub-S09551_ses-E26702_run-1_bp-chest_vp-pa_dx.npy
qata_test_sub-S09552_ses-E16399_run-1_bp-chest_vp-pa_dx,sub-S09552,unet,1003,0.6350992845113345,0.4653080457125066,30.083217912982647,9.636635073606106,predictions/masks/qata_test_sub-S09552_ses-E16399_run-1_bp-chest_vp-pa_dx.png,predictions/probabilities/qata_test_sub-S09552_ses-E16399_run-1_bp-chest_vp-pa_dx.npy
qata_test_sub-S09552_ses-E19540_run-1_bp-chest_vp-pa_cr,sub-S09552,unet,1003,0.8270497388154268,0.705102139609787,14.866068747318506,3.195539233824247,predictions/masks/qata_test_sub-S09552_ses-E19540_run-1_bp-chest_vp-pa_cr.png,predictions/probabilities/qata_test_sub-S09552_ses-E19540_run-1_bp-chest_vp-pa_cr.npy
qata_test_sub-S09552_ses-E20517_run-1_bp-chest_vp-pa_cr,sub-S09552,unet,1003,0.9582864641921716,0.9199136146862241,4.0,1.1943159453510022,predictions/masks/qata_test_sub-S09552_ses-E20517_run-1_bp-chest_vp-pa_cr.png,predictions/probabilities/qata_test_sub-S09552_ses-E20517_run-1_bp-chest_vp-pa_cr.npy
qata_test_sub-S09552_ses-E24369_run-1_bp-chest_vp-pa_cr,sub-S09552,unet,1003,0.8742312423130677,0.7765637803899066,24.150289699131402,3.5575044234228796,predictions/masks/qata_test_sub-S09552_ses-E24369_run-1_bp-chest_vp-pa_cr.png,predictions/probabilities/qata_test_sub-S09552_ses-E24369_run-1_bp-chest_vp-pa_cr.npy
qata_test_sub-S09552_ses-E25924_run-1_bp-chest_vp-pa_cr,sub-S09552,unet,1003,0.9594679910772361,0.9220936817415898,6.0,1.2512418811232395,predictions/masks/qata_test_sub-S09552_ses-E25924_run-1_bp-chest_vp-pa_cr.png,predictions/probabilities/qata_test_sub-S09552_ses-E25924_run-1_bp-chest_vp-pa_cr.npy
qata_test_sub-S09552_ses-E26393_run-1_bp-chest_vp-pa_cr,sub-S09552,unet,1003,0.8515495867776263,0.7414770171832196,27.040696399872257,4.603364005142829,predictions/masks/qata_test_sub-S09552_ses-E26393_run-1_bp-chest_vp-pa_cr.png,predictions/probabilities/qata_test_sub-S09552_ses-E26393_run-1_bp-chest_vp-pa_cr.npy
qata_test_sub-S09555_ses-E18291_run-1_bp-chest_cr,sub-S09555,unet,1003,0.8740685543970935,0.7763070814051592,12.144905288845973,2.5583900337985512,predictions/masks/qata_test_sub-S09555_ses-E18291_run-1_bp-chest_cr.png,predictions/probabilities/qata_test_sub-S09555_ses-E18291_run-1_bp-chest_cr.npy
qata_test_sub-S09555_ses-E19050_run-1_bp-chest_cr,sub-S09555,unet,1003,0.9716380242760988,0.9448404814777978,2.0,0.6633604735543622,predictions/masks/qata_test_sub-S09555_ses-E19050_run-1_bp-chest_cr.png,predictions/probabilities/qata_test_sub-S09555_ses-E19050_run-1_bp-chest_cr.npy
qata_test_sub-S09555_ses-E20249_run-1_bp-chest_vp-ap_dx,sub-S09555,unet,1003,0.6424550171140031,0.4732476825585746,41.433825150939256,12.327121579482462,predictions/masks/qata_test_sub-S09555_ses-E20249_run-1_bp-chest_vp-ap_dx.png,predictions/probabilities/qata_test_sub-S09555_ses-E20249_run-1_bp-chest_vp-ap_dx.npy
qata_test_sub-S09555_ses-E21021_run-1_bp-chest_cr,sub-S09555,unet,1003,0.945733346609849,0.897053267851369,5.0990195135927845,1.1081429896724218,predictions/masks/qata_test_sub-S09555_ses-E21021_run-1_bp-chest_cr.png,predictions/probabilities/qata_test_sub-S09555_ses-E21021_run-1_bp-chest_cr.npy
qata_test_sub-S09555_ses-E21589_run-1_bp-chest_vp-ap_dx,sub-S09555,unet,1003,0.8438121272375508,0.7298226759835591,25.079872407968907,3.738783277550937,predictions/masks/qata_test_sub-S09555_ses-E21589_run-1_bp-chest_vp-ap_dx.png,predictions/probabilities/qata_test_sub-S09555_ses-E21589_run-1_bp-chest_vp-ap_dx.npy
qata_test_sub-S09555_ses-E22093_run-1_bp-chest_vp-ap_dx,sub-S09555,unet,1003,0.7599186831939149,0.6127974616645923,33.0,5.675518646296598,predictions/masks/qata_test_sub-S09555_ses-E22093_run-1_bp-chest_vp-ap_dx.png,predictions/probabilities/qata_test_sub-S09555_ses-E22093_run-1_bp-chest_vp-ap_dx.npy
qata_test_sub-S09555_ses-E22714_run-1_bp-chest_cr,sub-S09555,unet,1003,0.898871431733803,0.8163183279779679,11.908702802606651,2.2590261284875908,predictions/masks/qata_test_sub-S09555_ses-E22714_run-1_bp-chest_cr.png,predictions/probabilities/qata_test_sub-S09555_ses-E22714_run-1_bp-chest_cr.npy
qata_test_sub-S09555_ses-E22891_run-1_bp-chest_vp-ap_dx,sub-S09555,unet,1003,0.3917103165635195,0.243557065997684,74.15348659267624,20.168217155703076,predictions/masks/qata_test_sub-S09555_ses-E22891_run-1_bp-chest_vp-ap_dx.png,predictions/probabilities/qata_test_sub-S09555_ses-E22891_run-1_bp-chest_vp-ap_dx.npy
qata_test_sub-S09555_ses-E23054_run-1_bp-chest_vp-ap_dx,sub-S09555,unet,1003,1.968503936620373e-10,1.968503936620373e-10,117.56975645043309,109.22362114265317,predictions/masks/qata_test_sub-S09555_ses-E23054_run-1_bp-chest_vp-ap_dx.png,predictions/probabilities/qata_test_sub-S09555_ses-E23054_run-1_bp-chest_vp-ap_dx.npy
qata_test_sub-S09555_ses-E23930_run-1_bp-chest_cr,sub-S09555,unet,1003,0.9526242946877854,0.9095344582241357,5.830951894845301,1.2486013895758517,predictions/masks/qata_test_sub-S09555_ses-E23930_run-1_bp-chest_cr.png,predictions/probabilities/qata_test_sub-S09555_ses-E23930_run-1_bp-chest_cr.npy
qata_test_sub-S09555_ses-E24383_acq-2_run-1_bp-chest_vp-ap_dx,sub-S09555,unet,1003,0.9386086224524165,0.8843190573319247,10.079508302333798,1.747342551798935,predictions/masks/qata_test_sub-S09555_ses-E24383_acq-2_run-1_bp-chest_vp-ap_dx.png,predictions/probabilities/qata_test_sub-S09555_ses-E24383_acq-2_run-1_bp-chest_vp-ap_dx.npy
qata_test_sub-S09555_ses-E26402_run-1_bp-chest_cr,sub-S09555,unet,1003,0.9055983680875703,0.8274826550706483,17.123000403670112,2.7411371988303554,predictions/masks/qata_test_sub-S09555_ses-E26402_run-1_bp-chest_cr.png,predictions/probabilities/qata_test_sub-S09555_ses-E26402_run-1_bp-chest_cr.npy
qata_test_sub-S09556_ses-E22258_run-1_bp-chest_vp-ap_cr,sub-S09556,unet,1003,0.8587345801886695,0.7524407252613361,9.121048865799601,2.2381615836636035,predictions/masks/qata_test_sub-S09556_ses-E22258_run-1_bp-chest_vp-ap_cr.png,predictions/probabilities/qata_test_sub-S09556_ses-E22258_run-1_bp-chest_vp-ap_cr.npy
qata_test_sub-S09556_ses-E22890_run-1_bp-chest_vp-ap_cr,sub-S09556,unet,1003,0.9076086956533694,0.8308457711482861,7.211102550927978,1.8473758319440128,predictions/masks/qata_test_sub-S09556_ses-E22890_run-1_bp-chest_vp-ap_cr.png,predictions/probabilities/qata_test_sub-S09556_ses-E22890_run-1_bp-chest_vp-ap_cr.npy
qata_test_sub-S09558_ses-E16405_acq-1_run-1_bp-chest_vp-pa_dx,sub-S09558,unet,1003,0.48511623015162386,0.3202333009398662,63.01981704530529,16.902652773948503,predictions/masks/qata_test_sub-S09558_ses-E16405_acq-1_run-1_bp-chest_vp-pa_dx.png,predictions/probabilities/qata_test_sub-S09558_ses-E16405_acq-1_run-1_bp-chest_vp-pa_dx.npy
qata_test_sub-S09558_ses-E16575_run-1_bp-chest_vp-ap_dx,sub-S09558,unet,1003,0.8235410680687254,0.700016843528718,17.4928556845359,3.7131032769267733,predictions/masks/qata_test_sub-S09558_ses-E16575_run-1_bp-chest_vp-ap_dx.png,predictions/probabilities/qata_test_sub-S09558_ses-E16575_run-1_bp-chest_vp-ap_dx.npy
qata_test_sub-S09558_ses-E16759_run-1_bp-chest_vp-ap_dx,sub-S09558,unet,1003,0.7317801672680438,0.5770136599251763,24.333104241450773,6.3213649875703455,predictions/masks/qata_test_sub-S09558_ses-E16759_run-1_bp-chest_vp-ap_dx.png,predictions/probabilities/qata_test_sub-S09558_ses-E16759_run-1_bp-chest_vp-ap_dx.npy
qata_test_sub-S09558_ses-E16990_acq-1_run-1_bp-chest_vp-ap_dx,sub-S09558,unet,1003,0.41029281278774987,0.25809332441933264,98.32089843856792,23.83551587643878,predictions/masks/qata_test_sub-S09558_ses-E16990_acq-1_run-1_bp-chest_vp-ap_dx.png,predictions/probabilities/qata_test_sub-S09558_ses-E16990_acq-1_run-1_bp-chest_vp-ap_dx.npy
qata_test_sub-S09558_ses-E17153_run-1_bp-chest_vp-pa_dx,sub-S09558,unet,1003,0.9461759699480767,0.8978500612688219,15.881503145130505,3.3368733617925135,predictions/masks/qata_test_sub-S09558_ses-E17153_run-1_bp-chest_vp-pa_dx.png,predictions/probabilities/qata_test_sub-S09558_ses-E17153_run-1_bp-chest_vp-pa_dx.npy
qata_test_sub-S09558_ses-E17380_acq-2_run-1_bp-chest_vp-ap_dx,sub-S09558,unet,1003,0.638799373909964,0.46929112554830504,17.46424919657298,4.315664366219551,predictions/masks/qata_test_sub-S09558_ses-E17380_acq-2_run-1_bp-chest_vp-ap_dx.png,predictions/probabilities/qata_test_sub-S09558_ses-E17380_acq-2_run-1_bp-chest_vp-ap_dx.npy
qata_test_sub-S09558_ses-E17456_run-1_bp-chest_vp-ap_dx,sub-S09558,unet,1003,0.20550847460432525,0.1145218418294167,135.04943122453756,53.70067978069161,predictions/masks/qata_test_sub-S09558_ses-E17456_run-1_bp-chest_vp-ap_dx.png,predictions/probabilities/qata_test_sub-S09558_ses-E17456_run-1_bp-chest_vp-ap_dx.npy
qata_test_sub-S09558_ses-E20749_run-1_bp-chest_vp-pa_dx,sub-S09558,unet,1003,0.5863256271560616,0.4147529575585977,26.347575741061974,8.094523730305575,predictions/masks/qata_test_sub-S09558_ses-E20749_run-1_bp-chest_vp-pa_dx.png,predictions/probabilities/qata_test_sub-S09558_ses-E20749_run-1_bp-chest_vp-pa_dx.npy
qata_test_sub-S09558_ses-E23045_run-1_bp-chest_vp-pa_dx,sub-S09558,unet,1003,0.48992369400332764,0.32443638250001466,138.85745398302754,37.78065860110778,predictions/masks/qata_test_sub-S09558_ses-E23045_run-1_bp-chest_vp-pa_dx.png,predictions/probabilities/qata_test_sub-S09558_ses-E23045_run-1_bp-chest_vp-pa_dx.npy
qata_test_sub-S09558_ses-E26889_run-1_bp-chest_vp-pa_dx,sub-S09558,unet,1003,0.31124087593251853,0.18430152146665624,156.73463493090176,62.58998381183976,predictions/masks/qata_test_sub-S09558_ses-E26889_run-1_bp-chest_vp-pa_dx.png,predictions/probabilities/qata_test_sub-S09558_ses-E26889_run-1_bp-chest_vp-pa_dx.npy
qata_test_sub-S09559_ses-E16406_run-1_bp-chest_vp-ap_cr,sub-S09559,unet,1003,0.7179356157401767,0.5599840573977681,26.40075756488817,5.559429669325126,predictions/masks/qata_test_sub-S09559_ses-E16406_run-1_bp-chest_vp-ap_cr.png,predictions/probabilities/qata_test_sub-S09559_ses-E16406_run-1_bp-chest_vp-ap_cr.npy
qata_test_sub-S09559_ses-E16664_run-2_bp-chest_vp-ap_dx,sub-S09559,unet,1003,0.859483614698283,0.7535916412747992,30.332236238634714,5.137795399254639,predictions/masks/qata_test_sub-S09559_ses-E16664_run-2_bp-chest_vp-ap_dx.png,predictions/probabilities/qata_test_sub-S09559_ses-E16664_run-2_bp-chest_vp-ap_dx.npy
qata_test_sub-S09559_ses-E16876_run-1_bp-chest_vp-ap_dx,sub-S09559,unet,1003,0.9133097679630654,0.8404508856693047,19.235384061671343,3.7912211902889195,predictions/masks/qata_test_sub-S09559_ses-E16876_run-1_bp-chest_vp-ap_dx.png,predictions/probabilities/qata_test_sub-S09559_ses-E16876_run-1_bp-chest_vp-ap_dx.npy
qata_test_sub-S09559_ses-E17065_run-1_bp-chest_vp-ap_cr,sub-S09559,unet,1003,0.9041197118066854,0.8250168577267357,4.242640687119285,1.3221247349253356,predictions/masks/qata_test_sub-S09559_ses-E17065_run-1_bp-chest_vp-ap_cr.png,predictions/probabilities/qata_test_sub-S09559_ses-E17065_run-1_bp-chest_vp-ap_cr.npy
qata_test_sub-S09559_ses-E17453_run-1_bp-chest_vp-ap_cr,sub-S09559,unet,1003,0.9130087789311452,0.8399412628507105,12.52224293615739,2.6388855775299334,predictions/masks/qata_test_sub-S09559_ses-E17453_run-1_bp-chest_vp-ap_cr.png,predictions/probabilities/qata_test_sub-S09559_ses-E17453_run-1_bp-chest_vp-ap_cr.npy
qata_test_sub-S09559_ses-E17500_run-1_bp-chest_vp-ap_cr,sub-S09559,unet,1003,0.9377730703036027,0.8828368440747496,7.0710678118654755,1.670112701362065,predictions/masks/qata_test_sub-S09559_ses-E17500_run-1_bp-chest_vp-ap_cr.png,predictions/probabilities/qata_test_sub-S09559_ses-E17500_run-1_bp-chest_vp-ap_cr.npy
qata_test_sub-S09559_ses-E17569_run-1_bp-chest_vp-ap_cr,sub-S09559,unet,1003,0.6042553191537475,0.432926829278172,63.41724828452886,13.186074154325448,predictions/masks/qata_test_sub-S09559_ses-E17569_run-1_bp-chest_vp-ap_cr.png,predictions/probabilities/qata_test_sub-S09559_ses-E17569_run-1_bp-chest_vp-ap_cr.npy
qata_test_sub-S09559_ses-E17781_run-1_bp-chest_vp-ap_cr,sub-S09559,unet,1003,0.6800976801074451,0.5152636447957788,18.384776310850235,5.096164924138103,predictions/masks/qata_test_sub-S09559_ses-E17781_run-1_bp-chest_vp-ap_cr.png,predictions/probabilities/qata_test_sub-S09559_ses-E17781_run-1_bp-chest_vp-ap_cr.npy
qata_test_sub-S09559_ses-E18542_run-1_bp-chest_vp-ap_cr,sub-S09559,unet,1003,0.6631783889065078,0.4960859275533208,27.017586563601963,6.894427847490528,predictions/masks/qata_test_sub-S09559_ses-E18542_run-1_bp-chest_vp-ap_cr.png,predictions/probabilities/qata_test_sub-S09559_ses-E18542_run-1_bp-chest_vp-ap_cr.npy
qata_test_sub-S09559_ses-E20246_acq-1_run-1_bp-chest_vp-ll_dx,sub-S09559,unet,1003,0.747479274036579,0.5967799642362512,12.806248474865697,4.041960480166948,predictions/masks/qata_test_sub-S09559_ses-E20246_acq-1_run-1_bp-chest_vp-ll_dx.png,predictions/probabilities/qata_test_sub-S09559_ses-E20246_acq-1_run-1_bp-chest_vp-ll_dx.npy
qata_test_sub-S09559_ses-E21969_run-1_bp-chest_vp-ap_cr,sub-S09559,unet,1003,0.820887542330763,0.6961910520043473,10.63014581273465,2.6912491458452528,predictions/masks/qata_test_sub-S09559_ses-E21969_run-1_bp-chest_vp-ap_cr.png,predictions/probabilities/qata_test_sub-S09559_ses-E21969_run-1_bp-chest_vp-ap_cr.npy
qata_test_sub-S09560_ses-E16408_run-1_bp-chest_vp-pa_cr,sub-S09560,unet,1003,0.8333680917657275,0.714336789427446,92.11867051268453,16.62457761841025,predictions/masks/qata_test_sub-S09560_ses-E16408_run-1_bp-chest_vp-pa_cr.png,predictions/probabilities/qata_test_sub-S09560_ses-E16408_run-1_bp-chest_vp-pa_cr.npy
qata_test_sub-S09562_ses-E16411_run-2_bp-chest_vp-ap_cr,sub-S09562,unet,1003,0.5562294229846434,0.38526164187745415,21.400934559032695,7.753162563590946,predictions/masks/qata_test_sub-S09562_ses-E16411_run-2_bp-chest_vp-ap_cr.png,predictions/probabilities/qata_test_sub-S09562_ses-E16411_run-2_bp-chest_vp-ap_cr.npy
qata_test_sub-S09562_ses-E17983_run-1_bp-chest_vp-ap_dx,sub-S09562,unet,1003,0.9518378983815107,0.9081018068795783,3.6055512754639896,1.0108466615452802,predictions/masks/qata_test_sub-S09562_ses-E17983_run-1_bp-chest_vp-ap_dx.png,predictions/probabilities/qata_test_sub-S09562_ses-E17983_run-1_bp-chest_vp-ap_dx.npy
qata_test_sub-S09563_ses-E16412_acq-2_run-1_bp-chest_vp-ap_dx,sub-S09563,unet,1003,0.6949835225303924,0.5325476992405977,26.00672828188038,7.232186260553628,predictions/masks/qata_test_sub-S09563_ses-E16412_acq-2_run-1_bp-chest_vp-ap_dx.png,predictions/probabilities/qata_test_sub-S09563_ses-E16412_acq-2_run-1_bp-chest_vp-ap_dx.npy
qata_test_sub-S09563_ses-E16507_run-1_bp-chest_vp-ap_dx,sub-S09563,unet,1003,0.27518427521989264,0.15954415959204876,109.85936721738732,43.0040399396667,predictions/masks/qata_test_sub-S09563_ses-E16507_run-1_bp-chest_vp-ap_dx.png,predictions/probabilities/qata_test_sub-S09563_ses-E16507_run-1_bp-chest_vp-ap_dx.npy
qata_test_sub-S09563_ses-E16573_run-1_bp-chest_vp-ap_dx,sub-S09563,unet,1003,0.652016421162714,0.48369759944522767,81.6996687909039,22.433487831480328,predictions/masks/qata_test_sub-S09563_ses-E16573_run-1_bp-chest_vp-ap_dx.png,predictions/probabilities/qata_test_sub-S09563_ses-E16573_run-1_bp-chest_vp-ap_dx.npy
qata_test_sub-S09563_ses-E17155_run-1_bp-chest_vp-ap_dx,sub-S09563,unet,1003,0.7484257871139902,0.5979875419454727,90.21489368744813,22.608185385683207,predictions/masks/qata_test_sub-S09563_ses-E17155_run-1_bp-chest_vp-ap_dx.png,predictions/probabilities/qata_test_sub-S09563_ses-E17155_run-1_bp-chest_vp-ap_dx.npy
qata_test_sub-S09563_ses-E17452_run-1_bp-chest_vp-ap_dx,sub-S09563,unet,1003,0.4429571037589609,0.2844861274214738,53.991630584597345,16.12425745014207,predictions/masks/qata_test_sub-S09563_ses-E17452_run-1_bp-chest_vp-ap_dx.png,predictions/probabilities/qata_test_sub-S09563_ses-E17452_run-1_bp-chest_vp-ap_dx.npy
qata_test_sub-S09563_ses-E21881_run-1_bp-chest_vp-ap_dx,sub-S09563,unet,1003,0.5360465116548809,0.36616362197250485,108.40664186294121,35.6096019547305,predictions/masks/qata_test_sub-S09563_ses-E21881_run-1_bp-chest_vp-ap_dx.png,predictions/probabilities/qata_test_sub-S09563_ses-E21881_run-1_bp-chest_vp-ap_dx.npy
qata_test_sub-S09563_ses-E22269_run-1_bp-chest_vp-ap_dx,sub-S09563,unet,1003,0.2709832134729626,0.15672676843573322,98.75308088218874,41.33706163252629,predictions/masks/qata_test_sub-S09563_ses-E22269_run-1_bp-chest_vp-ap_dx.png,predictions/probabilities/qata_test_sub-S09563_ses-E22269_run-1_bp-chest_vp-ap_dx.npy
qata_test_sub-S09564_ses-E16414_run-1_bp-chest_vp-pa_dx,sub-S09564,unet,1003,0.6165870603643815,0.44569993724275897,93.04300019059211,22.647052879964104,predictions/masks/qata_test_sub-S09564_ses-E16414_run-1_bp-chest_vp-pa_dx.png,predictions/probabilities/qata_test_sub-S09564_ses-E16414_run-1_bp-chest_vp-pa_dx.npy
qata_test_sub-S09566_ses-E16417_run-1_bp-chest_cr,sub-S09566,unet,1003,0.8118203309737159,0.6832471150145943,88.43183861413894,14.673053958295117,predictions/masks/qata_test_sub-S09566_ses-E16417_run-1_bp-chest_cr.png,predictions/probabilities/qata_test_sub-S09566_ses-E16417_run-1_bp-chest_cr.npy
qata_test_sub-S09567_ses-E19587_run-1_bp-chest_vp-pa_cr,sub-S09567,unet,1003,0.667942916817474,0.5014371570550971,20.181415030271832,4.971025030825406,predictions/masks/qata_test_sub-S09567_ses-E19587_run-1_bp-chest_vp-pa_cr.png,predictions/probabilities/qata_test_sub-S09567_ses-E19587_run-1_bp-chest_vp-pa_cr.npy
qata_test_sub-S09568_ses-E16895_run-1_bp-chest_vp-pa_dx,sub-S09568,unet,1003,0.532177392479754,0.3625624716327777,38.06967090736602,11.012200143377585,predictions/masks/qata_test_sub-S09568_ses-E16895_run-1_bp-chest_vp-pa_dx.png,predictions/probabilities/qata_test_sub-S09568_ses-E16895_run-1_bp-chest_vp-pa_dx.npy
qata_test_sub-S09569_ses-E16420_run-1_bp-chest_vp-ap_dx,sub-S09569,unet,1003,0.8862803797223529,0.7957841126137385,18.439088914585774,3.9754473318587866,predictions/masks/qata_test_sub-S09569_ses-E16420_run-1_bp-chest_vp-ap_dx.png,predictions/probabilities/qata_test_sub-S09569_ses-E16420_run-1_bp-chest_vp-ap_dx.npy
qata_test_sub-S09569_ses-E17159_run-1_bp-chest_vp-ap_dx,sub-S09569,unet,1003,0.7752007136518704,0.6329206118078922,49.39179974809528,9.339304759484238,predictions/masks/qata_test_sub-S09569_ses-E17159_run-1_bp-chest_vp-ap_dx.png,predictions/probabilities/qata_test_sub-S09569_ses-E17159_run-1_bp-chest_vp-ap_dx.npy
qata_test_sub-S09569_ses-E17316_run-1_bp-chest_vp-ap_cr,sub-S09569,unet,1003,0.9628188499785438,0.9283034597755039,5.830951894845301,1.1617139566094605,predictions/masks/qata_test_sub-S09569_ses-E17316_run-1_bp-chest_vp-ap_cr.png,predictions/probabilities/qata_test_sub-S09569_ses-E17316_run-1_bp-chest_vp-ap_cr.npy
qata_test_sub-S09569_ses-E17406_run-1_bp-chest_vp-ap_cr,sub-S09569,unet,1003,0.9526752149958666,0.9096272986536569,5.0,1.3169343957917876,predictions/masks/qata_test_sub-S09569_ses-E17406_run-1_bp-chest_vp-ap_cr.png,predictions/probabilities/qata_test_sub-S09569_ses-E17406_run-1_bp-chest_vp-ap_cr.npy
qata_test_sub-S09570_ses-E16423_run-1_bp-chest_vp-ap_dx,sub-S09570,unet,1003,0.9066901408532844,0.8293075684654899,3.1622776601683795,0.8333503581062301,predictions/masks/qata_test_sub-S09570_ses-E16423_run-1_bp-chest_vp-ap_dx.png,predictions/probabilities/qata_test_sub-S09570_ses-E16423_run-1_bp-chest_vp-ap_dx.npy
qata_test_sub-S09570_ses-E18546_run-1_bp-chest_vp-ap_dx,sub-S09570,unet,1003,0.6590909091339532,0.49152542382457154,10.477308177839957,3.346798706043839,predictions/masks/qata_test_sub-S09570_ses-E18546_run-1_bp-chest_vp-ap_dx.png,predictions/probabilities/qata_test_sub-S09570_ses-E18546_run-1_bp-chest_vp-ap_dx.npy
qata_test_sub-S09571_ses-E16424_run-1_bp-chest_vp-ap_dx,sub-S09571,unet,1003,0.726652142340402,0.5706627124492909,25.0,7.056588610088696,predictions/masks/qata_test_sub-S09571_ses-E16424_run-1_bp-chest_vp-ap_dx.png,predictions/probabilities/qata_test_sub-S09571_ses-E16424_run-1_bp-chest_vp-ap_dx.npy
qata_test_sub-S09571_ses-E16890_run-1_bp-chest_vp-ap_dx,sub-S09571,unet,1003,0.6220504475259957,0.45143194569083467,30.26110344995376,7.171533529107882,predictions/masks/qata_test_sub-S09571_ses-E16890_run-1_bp-chest_vp-ap_dx.png,predictions/probabilities/qata_test_sub-S09571_ses-E16890_run-1_bp-chest_vp-ap_dx.npy
qata_test_sub-S09571_ses-E18065_run-1_bp-chest_vp-ap_dx,sub-S09571,unet,1003,0.8919478621032285,0.8049692172404905,14.142135623730951,2.7961697973896062,predictions/masks/qata_test_sub-S09571_ses-E18065_run-1_bp-chest_vp-ap_dx.png,predictions/probabilities/qata_test_sub-S09571_ses-E18065_run-1_bp-chest_vp-ap_dx.npy
qata_test_sub-S09571_ses-E20742_run-1_bp-chest_vp-pa_dx,sub-S09571,unet,1003,0.4055023923533866,0.25431357840858376,106.73332640334795,39.86082756186999,predictions/masks/qata_test_sub-S09571_ses-E20742_run-1_bp-chest_vp-pa_dx.png,predictions/probabilities/qata_test_sub-S09571_ses-E20742_run-1_bp-chest_vp-pa_dx.npy
qata_test_sub-S09571_ses-E26783_run-1_bp-chest_vp-ap_dx,sub-S09571,unet,1003,0.911272549180383,0.8370070475358073,11.045361017187261,2.125179875677301,predictions/masks/qata_test_sub-S09571_ses-E26783_run-1_bp-chest_vp-ap_dx.png,predictions/probabilities/qata_test_sub-S09571_ses-E26783_run-1_bp-chest_vp-ap_dx.npy
qata_test_sub-S09572_ses-E17162_run-1_bp-chest_vp-ap_dx,sub-S09572,unet,1003,0.5735697313183409,0.40210148643254484,46.694214322742795,11.646922523025228,predictions/masks/qata_test_sub-S09572_ses-E17162_run-1_bp-chest_vp-ap_dx.png,predictions/probabilities/qata_test_sub-S09572_ses-E17162_run-1_bp-chest_vp-ap_dx.npy
qata_test_sub-S09572_ses-E17936_run-1_bp-chest_vp-ap_cr,sub-S09572,unet,1003,0.6561432058640172,0.4882538144953196,16.0,5.30068248183038,predictions/masks/qata_test_sub-S09572_ses-E17936_run-1_bp-chest_vp-ap_cr.png,predictions/probabilities/qata_test_sub-S09572_ses-E17936_run-1_bp-chest_vp-ap_cr.npy
qata_test_sub-S09572_ses-E22285_run-1_bp-chest_vp-ap_dx,sub-S09572,unet,1003,0.31748071980896575,0.18869365930255427,77.52128636596721,29.18448886466972,predictions/masks/qata_test_sub-S09572_ses-E22285_run-1_bp-chest_vp-ap_dx.png,predictions/probabilities/qata_test_sub-S09572_ses-E22285_run-1_bp-chest_vp-ap_dx.npy
qata_test_sub-S09575_ses-E17866_run-1_bp-chest_vp-pa_dx,sub-S09575,unet,1003,0.5185352622170313,0.35001525787763155,35.342588144156345,10.115944423523182,predictions/masks/qata_test_sub-S09575_ses-E17866_run-1_bp-chest_vp-pa_dx.png,predictions/probabilities/qata_test_sub-S09575_ses-E17866_run-1_bp-chest_vp-pa_dx.npy
qata_test_sub-S09576_ses-E19386_run-1_bp-chest_vp-pa_dx,sub-S09576,unet,1003,0.873764258557533,0.7758271438293104,7.347242532597173,1.953684008624167,predictions/masks/qata_test_sub-S09576_ses-E19386_run-1_bp-chest_vp-pa_dx.png,predictions/probabilities/qata_test_sub-S09576_ses-E19386_run-1_bp-chest_vp-pa_dx.npy
qata_test_sub-S09577_ses-E18351_run-1_bp-chest_vp-pa_cr,sub-S09577,unet,1003,0.8992347966174014,0.8169178984354096,17.26267650163207,3.793390341254258,predictions/masks/qata_test_sub-S09577_ses-E18351_run-1_bp-chest_vp-pa_cr.png,predictions/probabilities/qata_test_sub-S09577_ses-E18351_run-1_bp-chest_vp-pa_cr.npy
qata_test_sub-S09577_ses-E22544_run-1_bp-chest_vp-ap_cr,sub-S09577,unet,1003,0.8261813324435374,0.7038406827901577,18.0,4.747924650147078,predictions/masks/qata_test_sub-S09577_ses-E22544_run-1_bp-chest_vp-ap_cr.png,predictions/probabilities/qata_test_sub-S09577_ses-E22544_run-1_bp-chest_vp-ap_cr.npy
qata_test_sub-S09577_ses-E23566_run-1_bp-chest_vp-pa_cr,sub-S09577,unet,1003,0.9484399691303207,0.9019361151890548,14.939730936293323,2.552621834240327,predictions/masks/qata_test_sub-S09577_ses-E23566_run-1_bp-chest_vp-pa_cr.png,predictions/probabilities/qata_test_sub-S09577_ses-E23566_run-1_bp-chest_vp-pa_cr.npy
qata_test_sub-S09577_ses-E25722_run-1_bp-chest_vp-pa_cr,sub-S09577,unet,1003,0.7956837907600787,0.6606934164460324,80.1606456788499,20.930490089034535,predictions/masks/qata_test_sub-S09577_ses-E25722_run-1_bp-chest_vp-pa_cr.png,predictions/probabilities/qata_test_sub-S09577_ses-E25722_run-1_bp-chest_vp-pa_cr.npy
qata_test_sub-S09580_ses-E19608_run-1_bp-chest_vp-pa_cr,sub-S09580,unet,1003,0.2478907808061376,0.14148135179230464,96.20810776644555,39.58361931279912,predictions/masks/qata_test_sub-S09580_ses-E19608_run-1_bp-chest_vp-pa_cr.png,predictions/probabilities/qata_test_sub-S09580_ses-E19608_run-1_bp-chest_vp-pa_cr.npy
qata_test_sub-S09580_ses-E20601_run-1_bp-chest_vp-pa_cr,sub-S09580,unet,1003,0.9806208842898372,0.9619785898859176,1.4142135623730951,0.5291577984266227,predictions/masks/qata_test_sub-S09580_ses-E20601_run-1_bp-chest_vp-pa_cr.png,predictions/probabilities/qata_test_sub-S09580_ses-E20601_run-1_bp-chest_vp-pa_cr.npy
qata_test_sub-S09580_ses-E24448_run-1_bp-chest_vp-pa_cr,sub-S09580,unet,1003,0.667325558417329,0.5007416197122296,94.58250164116028,25.89336159292449,predictions/masks/qata_test_sub-S09580_ses-E24448_run-1_bp-chest_vp-pa_cr.png,predictions/probabilities/qata_test_sub-S09580_ses-E24448_run-1_bp-chest_vp-pa_cr.npy
qata_test_sub-S09580_ses-E26037_run-1_bp-chest_vp-pa_cr,sub-S09580,unet,1003,0.9731047011388493,0.9476182257512287,2.8284271247461903,0.73539494554017,predictions/masks/qata_test_sub-S09580_ses-E26037_run-1_bp-chest_vp-pa_cr.png,predictions/probabilities/qata_test_sub-S09580_ses-E26037_run-1_bp-chest_vp-pa_cr.npy
qata_test_sub-S09581_ses-E16438_run-1_bp-chest_vp-pa_dx,sub-S09581,unet,1003,0.844705568168718,0.7311604253413971,12.529964086141668,2.796957166036078,predictions/masks/qata_test_sub-S09581_ses-E16438_run-1_bp-chest_vp-pa_dx.png,predictions/probabilities/qata_test_sub-S09581_ses-E16438_run-1_bp-chest_vp-pa_dx.npy
qata_test_sub-S09581_ses-E25701_run-1_bp-chest_vp-pa_cr,sub-S09581,unet,1003,0.8637214845085813,0.7601318450838255,34.64739499616514,6.292091945229721,predictions/masks/qata_test_sub-S09581_ses-E25701_run-1_bp-chest_vp-pa_cr.png,predictions/probabilities/qata_test_sub-S09581_ses-E25701_run-1_bp-chest_vp-pa_cr.npy
qata_test_sub-S09581_ses-E26029_run-1_bp-chest_vp-pa_cr,sub-S09581,unet,1003,0.8198213574567912,0.6946586964934953,38.42840542445247,5.527934869694437,predictions/masks/qata_test_sub-S09581_ses-E26029_run-1_bp-chest_vp-pa_cr.png,predictions/probabilities/qata_test_sub-S09581_ses-E26029_run-1_bp-chest_vp-pa_cr.npy
qata_test_sub-S09581_ses-E26451_run-1_bp-chest_vp-pa_cr,sub-S09581,unet,1003,0.9466619569059562,0.8987256874590521,7.280109889280518,1.483798922874646,predictions/masks/qata_test_sub-S09581_ses-E26451_run-1_bp-chest_vp-pa_cr.png,predictions/probabilities/qata_test_sub-S09581_ses-E26451_run-1_bp-chest_vp-pa_cr.npy
qata_test_sub-S09583_ses-E16442_run-1_bp-chest_vp-ap_cr,sub-S09583,unet,1003,0.635999303020805,0.46627491059105075,94.16580890632432,26.27474754223964,predictions/masks/qata_test_sub-S09583_ses-E16442_run-1_bp-chest_vp-ap_cr.png,predictions/probabilities/qata_test_sub-S09583_ses-E16442_run-1_bp-chest_vp-ap_cr.npy
qata_test_sub-S09583_ses-E20623_run-1_bp-chest_vp-ap_cr,sub-S09583,unet,1003,0.578417018348304,0.40688234582083016,56.428712082697636,12.433298220381554,predictions/masks/qata_test_sub-S09583_ses-E20623_run-1_bp-chest_vp-ap_cr.png,predictions/probabilities/qata_test_sub-S09583_ses-E20623_run-1_bp-chest_vp-ap_cr.npy
qata_test_sub-S09583_ses-E20786_run-1_bp-chest_vp-ap_cr,sub-S09583,unet,1003,0.9362349239646762,0.8801143645875963,14.933034373659254,2.7529085583264816,predictions/masks/qata_test_sub-S09583_ses-E20786_run-1_bp-chest_vp-ap_cr.png,predictions/probabilities/qata_test_sub-S09583_ses-E20786_run-1_bp-chest_vp-ap_cr.npy
qata_test_sub-S09585_ses-E16444_run-1_bp-chest_vp-ap_dx,sub-S09585,unet,1003,0.9491468153407155,0.9032154340846387,4.123105625617661,1.4236758952614366,predictions/masks/qata_test_sub-S09585_ses-E16444_run-1_bp-chest_vp-ap_dx.png,predictions/probabilities/qata_test_sub-S09585_ses-E16444_run-1_bp-chest_vp-ap_dx.npy
qata_test_sub-S09587_ses-E16446_run-1_bp-chest_vp-ap_cr,sub-S09587,unet,1003,0.8336650189392459,0.7147732276561561,20.021938211014856,4.481214418095425,predictions/masks/qata_test_sub-S09587_ses-E16446_run-1_bp-chest_vp-ap_cr.png,predictions/probabilities/qata_test_sub-S09587_ses-E16446_run-1_bp-chest_vp-ap_cr.npy
qata_test_sub-S09587_ses-E16933_run-1_bp-chest_vp-ap_cr,sub-S09587,unet,1003,0.9496160959482732,0.9040657347145015,4.242640687119285,1.1929464861108598,predictions/masks/qata_test_sub-S09587_ses-E16933_run-1_bp-chest_vp-ap_cr.png,predictions/probabilities/qata_test_sub-S09587_ses-E16933_run-1_bp-chest_vp-ap_cr.npy
qata_test_sub-S09587_ses-E19674_run-1_bp-chest_vp-ap_cr,sub-S09587,unet,1003,0.9153269024657333,0.8438735177884897,35.014282800023196,4.984708688550642,predictions/masks/qata_test_sub-S09587_ses-E19674_run-1_bp-chest_vp-ap_cr.png,predictions/probabilities/qata_test_sub-S09587_ses-E19674_run-1_bp-chest_vp-ap_cr.npy
qata_test_sub-S09587_ses-E19990_run-1_bp-chest_vp-ap_cr,sub-S09587,unet,1003,0.7047552447573094,0.5441097073799361,64.57312237678033,10.151167574233483,predictions/masks/qata_test_sub-S09587_ses-E19990_run-1_bp-chest_vp-ap_cr.png,predictions/probabilities/qata_test_sub-S09587_ses-E19990_run-1_bp-chest_vp-ap_cr.npy
qata_test_sub-S09587_ses-E21825_run-1_bp-chest_vp-ap_cr,sub-S09587,unet,1003,0.9673413063478963,0.9367483296219443,2.23606797749979,0.8501511996285822,predictions/masks/qata_test_sub-S09587_ses-E21825_run-1_bp-chest_vp-ap_cr.png,predictions/probabilities/qata_test_sub-S09587_ses-E21825_run-1_bp-chest_vp-ap_cr.npy
qata_test_sub-S09587_ses-E22159_run-1_bp-chest_vp-ap_cr,sub-S09587,unet,1003,0.9691783972768002,0.9401999285974634,2.8284271247461903,0.8122768686540265,predictions/masks/qata_test_sub-S09587_ses-E22159_run-1_bp-chest_vp-ap_cr.png,predictions/probabilities/qata_test_sub-S09587_ses-E22159_run-1_bp-chest_vp-ap_cr.npy
qata_test_sub-S09587_ses-E24699_run-1_bp-chest_vp-ap_cr,sub-S09587,unet,1003,0.7222466637357219,0.5652473315785005,48.507731342539614,9.042146739580454,predictions/masks/qata_test_sub-S09587_ses-E24699_run-1_bp-chest_vp-ap_cr.png,predictions/probabilities/qata_test_sub-S09587_ses-E24699_run-1_bp-chest_vp-ap_cr.npy
qata_test_sub-S09592_ses-E16452_acq-1_run-1_bp-chest_vp-pa_cr,sub-S09592,unet,1003,0.7884311354990381,0.6507522259801849,11.065607847733997,4.510971238005512,predictions/masks/qata_test_sub-S09592_ses-E16452_acq-1_run-1_bp-chest_vp-pa_cr.png,predictions/probabilities/qata_test_sub-S09592_ses-E16452_acq-1_run-1_bp-chest_vp-pa_cr.npy
qata_test_sub-S09594_ses-E16809_run-1_bp-chest_vp-ap_dx,sub-S09594,unet,1003,0.4136706613534472,0.26077224400501475,32.30167372279101,7.609339065499341,predictions/masks/qata_test_sub-S09594_ses-E16809_run-1_bp-chest_vp-ap_dx.png,predictions/probabilities/qata_test_sub-S09594_ses-E16809_run-1_bp-chest_vp-ap_dx.npy
qata_test_sub-S09594_ses-E17025_acq-1_run-1_bp-chest_vp-ap_dx,sub-S09594,unet,1003,0.6616803789663006,0.49441132639737667,65.92419889539804,10.672782370066116,predictions/masks/qata_test_sub-S09594_ses-E17025_acq-1_run-1_bp-chest_vp-ap_dx.png,predictions/probabilities/qata_test_sub-S09594_ses-E17025_acq-1_run-1_bp-chest_vp-ap_dx.npy
qata_test_sub-S09594_ses-E17182_run-1_bp-chest_vp-ap_dx,sub-S09594,unet,1003,0.18944016982782064,0.10463071514933674,121.52735543947887,36.818607579105915,predictions/masks/qata_test_sub-S09594_ses-E17182_run-1_bp-chest_vp-ap_dx.png,predictions/probabilities/qata_test_sub-S09594_ses-E17182_run-1_bp-chest_vp-ap_dx.npy
qata_test_sub-S09594_ses-E17429_acq-1_run-1_bp-chest_vp-ap_dx,sub-S09594,unet,1003,0.6745426829392325,0.5089131685158761,56.44083891690123,11.95437870181772,predictions/masks/qata_test_sub-S09594_ses-E17429_acq-1_run-1_bp-chest_vp-ap_dx.png,predictions/probabilities/qata_test_sub-S09594_ses-E17429_acq-1_run-1_bp-chest_vp-ap_dx.npy
qata_test_sub-S09594_ses-E18157_run-1_bp-chest_vp-ap_dx,sub-S09594,unet,1003,0.032735775601501496,0.016640253643689363,97.32154547201301,40.533674933148326,predictions/masks/qata_test_sub-S09594_ses-E18157_run-1_bp-chest_vp-ap_dx.png,predictions/probabilities/qata_test_sub-S09594_ses-E18157_run-1_bp-chest_vp-ap_dx.npy
qata_test_sub-S09597_ses-E26985_run-1_bp-chest_vp-ap_cr,sub-S09597,unet,1003,0.464926590560158,0.3028692880285404,70.48640254895261,19.765433622166444,predictions/masks/qata_test_sub-S09597_ses-E26985_run-1_bp-chest_vp-ap_cr.png,predictions/probabilities/qata_test_sub-S09597_ses-E26985_run-1_bp-chest_vp-ap_cr.npy
qata_test_sub-S09598_ses-E17426_run-1_bp-chest_vp-ap_cr,sub-S09598,unet,1003,0.9651735904242801,0.9326913011626432,2.8284271247461903,0.9290437227824615,predictions/masks/qata_test_sub-S09598_ses-E17426_run-1_bp-chest_vp-ap_cr.png,predictions/probabilities/qata_test_sub-S09598_ses-E17426_run-1_bp-chest_vp-ap_cr.npy
qata_test_sub-S09599_ses-E16461_run-1_bp-chest_vp-ap_cr,sub-S09599,unet,1003,0.9055766793439297,0.8274464389213986,83.11015749662593,9.685780734360776,predictions/masks/qata_test_sub-S09599_ses-E16461_run-1_bp-chest_vp-ap_cr.png,predictions/probabilities/qata_test_sub-S09599_ses-E16461_run-1_bp-chest_vp-ap_cr.npy
qata_test_sub-S09599_ses-E17261_run-1_bp-chest_vp-ap_cr,sub-S09599,unet,1003,0.892828685261099,0.8064051817270095,5.0,1.5582281563315938,predictions/masks/qata_test_sub-S09599_ses-E17261_run-1_bp-chest_vp-ap_cr.png,predictions/probabilities/qata_test_sub-S09599_ses-E17261_run-1_bp-chest_vp-ap_cr.npy
qata_test_sub-S09600_ses-E19138_run-1_bp-chest_vp-pa_cr,sub-S09600,unet,1003,0.6196159834136162,0.44887218049256594,95.96111892856324,18.915944875321596,predictions/masks/qata_test_sub-S09600_ses-E19138_run-1_bp-chest_vp-pa_cr.png,predictions/probabilities/qata_test_sub-S09600_ses-E19138_run-1_bp-chest_vp-pa_cr.npy
qata_test_sub-S09601_ses-E16463_run-1_bp-chest_vp-ap_cr,sub-S09601,unet,1003,0.9443796188256688,0.8946204863680954,5.830951894845301,1.4967038549071456,predictions/masks/qata_test_sub-S09601_ses-E16463_run-1_bp-chest_vp-ap_cr.png,predictions/probabilities/qata_test_sub-S09601_ses-E16463_run-1_bp-chest_vp-ap_cr.npy
qata_test_sub-S09601_ses-E19211_run-1_bp-chest_vp-ap_cr,sub-S09601,unet,1003,0.8390154759874421,0.7226758485024822,27.432913475948787,4.904324831852494,predictions/masks/qata_test_sub-S09601_ses-E19211_run-1_bp-chest_vp-ap_cr.png,predictions/probabilities/qata_test_sub-S09601_ses-E19211_run-1_bp-chest_vp-ap_cr.npy
qata_test_sub-S09601_ses-E25208_run-1_bp-chest_vp-ap_cr,sub-S09601,unet,1003,0.9831810227494499,0.9669184434461524,1.4142135623730951,0.4730096687415318,predictions/masks/qata_test_sub-S09601_ses-E25208_run-1_bp-chest_vp-ap_cr.png,predictions/probabilities/qata_test_sub-S09601_ses-E25208_run-1_bp-chest_vp-ap_cr.npy
qata_test_sub-S09601_ses-E25407_run-1_bp-chest_vp-ap_cr,sub-S09601,unet,1003,0.8792337590236033,0.7844934357222629,22.19000875558887,4.354220395320671,predictions/masks/qata_test_sub-S09601_ses-E25407_run-1_bp-chest_vp-ap_cr.png,predictions/probabilities/qata_test_sub-S09601_ses-E25407_run-1_bp-chest_vp-ap_cr.npy
qata_test_sub-S09603_ses-E16466_run-1_bp-chest_vp-ap_dx,sub-S09603,unet,1003,0.978766970843629,0.9584168773432271,2.0,0.5719208996458491,predictions/masks/qata_test_sub-S09603_ses-E16466_run-1_bp-chest_vp-ap_dx.png,predictions/probabilities/qata_test_sub-S09603_ses-E16466_run-1_bp-chest_vp-ap_dx.npy
qata_test_sub-S09603_ses-E16688_run-1_bp-chest_vp-ap_dx,sub-S09603,unet,1003,0.975589225589354,0.9523418241582545,1.4142135623730951,0.5901538384859569,predictions/masks/qata_test_sub-S09603_ses-E16688_run-1_bp-chest_vp-ap_dx.png,predictions/probabilities/qata_test_sub-S09603_ses-E16688_run-1_bp-chest_vp-ap_dx.npy
qata_test_sub-S09603_ses-E16811_run-1_bp-chest_vp-ap_cr,sub-S09603,unet,1003,0.8858244008196686,0.7950491838742292,14.560219778561036,2.532689765729473,predictions/masks/qata_test_sub-S09603_ses-E16811_run-1_bp-chest_vp-ap_cr.png,predictions/probabilities/qata_test_sub-S09603_ses-E16811_run-1_bp-chest_vp-ap_cr.npy
qata_test_sub-S09603_ses-E16941_run-1_bp-chest_vp-ap_dx,sub-S09603,unet,1003,0.9722077289645824,0.9459185054829706,3.0,0.9113111374225503,predictions/masks/qata_test_sub-S09603_ses-E16941_run-1_bp-chest_vp-ap_dx.png,predictions/probabilities/qata_test_sub-S09603_ses-E16941_run-1_bp-chest_vp-ap_dx.npy
qata_test_sub-S09603_ses-E17094_run-1_bp-chest_vp-ap_dx,sub-S09603,unet,1003,0.8208224750535764,0.6960974558031899,17.139057828574927,3.2469173604209938,predictions/masks/qata_test_sub-S09603_ses-E17094_run-1_bp-chest_vp-ap_dx.png,predictions/probabilities/qata_test_sub-S09603_ses-E17094_run-1_bp-chest_vp-ap_dx.npy
qata_test_sub-S09603_ses-E17179_run-1_bp-chest_vp-ap_dx,sub-S09603,unet,1003,0.9549103849327132,0.9137114857577135,5.0,1.4524925995968396,predictions/masks/qata_test_sub-S09603_ses-E17179_run-1_bp-chest_vp-ap_dx.png,predictions/probabilities/qata_test_sub-S09603_ses-E17179_run-1_bp-chest_vp-ap_dx.npy
qata_test_sub-S09603_ses-E17471_run-1_bp-chest_vp-ap_dx,sub-S09603,unet,1003,0.9613204552670325,0.9255216973725179,4.47213595499958,1.06758089657967,predictions/masks/qata_test_sub-S09603_ses-E17471_run-1_bp-chest_vp-ap_dx.png,predictions/probabilities/qata_test_sub-S09603_ses-E17471_run-1_bp-chest_vp-ap_dx.npy
qata_test_sub-S09603_ses-E17892_run-1_bp-chest_vp-ap_dx,sub-S09603,unet,1003,0.9747124338142472,0.9506722464611284,2.23606797749979,0.6989576665904249,predictions/masks/qata_test_sub-S09603_ses-E17892_run-1_bp-chest_vp-ap_dx.png,predictions/probabilities/qata_test_sub-S09603_ses-E17892_run-1_bp-chest_vp-ap_dx.npy
qata_test_sub-S09603_ses-E18619_run-1_bp-chest_vp-ap_dx,sub-S09603,unet,1003,0.7058410188870808,0.5454051852919044,76.02982055808707,15.721892826767816,predictions/masks/qata_test_sub-S09603_ses-E18619_run-1_bp-chest_vp-ap_dx.png,predictions/probabilities/qata_test_sub-S09603_ses-E18619_run-1_bp-chest_vp-ap_dx.npy
qata_test_sub-S09603_ses-E18961_run-1_bp-chest_vp-pa_dx,sub-S09603,unet,1003,0.9068478455228527,0.8295714753081592,3.605551275463989,1.1699124543864747,predictions/masks/qata_test_sub-S09603_ses-E18961_run-1_bp-chest_vp-pa_dx.png,predictions/probabilities/qata_test_sub-S09603_ses-E18961_run-1_bp-chest_vp-pa_dx.npy
qata_test_sub-S09603_ses-E19210_run-1_bp-chest_vp-ap_dx,sub-S09603,unet,1003,0.9504342617552021,0.9055500071343591,5.385164807134504,1.592633998918229,predictions/masks/qata_test_sub-S09603_ses-E19210_run-1_bp-chest_vp-ap_dx.png,predictions/probabilities/qata_test_sub-S09603_ses-E19210_run-1_bp-chest_vp-ap_dx.npy
qata_test_sub-S09603_ses-E20289_run-1_bp-chest_vp-ap_dx,sub-S09603,unet,1003,0.9694539249148061,0.9407186620306283,3.0,0.8256617435909976,predictions/masks/qata_test_sub-S09603_ses-E20289_run-1_bp-chest_vp-ap_dx.png,predictions/probabilities/qata_test_sub-S09603_ses-E20289_run-1_bp-chest_vp-ap_dx.npy
qata_test_sub-S09603_ses-E20411_run-1_bp-chest_vp-pa_cr,sub-S09603,unet,1003,0.7951615751386618,0.6599736186478092,48.96807775547987,7.472502986202822,predictions/masks/qata_test_sub-S09603_ses-E20411_run-1_bp-chest_vp-pa_cr.png,predictions/probabilities/qata_test_sub-S09603_ses-E20411_run-1_bp-chest_vp-pa_cr.npy
qata_test_sub-S09603_ses-E20811_run-1_bp-chest_vp-ap_dx,sub-S09603,unet,1003,0.9603456553050391,0.92371629109786,4.47213595499958,1.116395904038699,predictions/masks/qata_test_sub-S09603_ses-E20811_run-1_bp-chest_vp-ap_dx.png,predictions/probabilities/qata_test_sub-S09603_ses-E20811_run-1_bp-chest_vp-ap_dx.npy
qata_test_sub-S09603_ses-E20944_run-1_bp-chest_vp-ap_dx,sub-S09603,unet,1003,0.9797060218113812,0.9602193512411914,2.0,0.5340322523573219,predictions/masks/qata_test_sub-S09603_ses-E20944_run-1_bp-chest_vp-ap_dx.png,predictions/probabilities/qata_test_sub-S09603_ses-E20944_run-1_bp-chest_vp-ap_dx.npy
qata_test_sub-S09603_ses-E21502_run-1_bp-chest_vp-pa_dx,sub-S09603,unet,1003,0.8668596237385362,0.7650063857110468,6.4031242374328485,1.6047683948413147,predictions/masks/qata_test_sub-S09603_ses-E21502_run-1_bp-chest_vp-pa_dx.png,predictions/probabilities/qata_test_sub-S09603_ses-E21502_run-1_bp-chest_vp-pa_dx.npy
qata_test_sub-S09603_ses-E21673_run-1_bp-chest_vp-ap_dx,sub-S09603,unet,1003,0.9761233480177264,0.9533602960162347,2.0,0.7940920588949827,predictions/masks/qata_test_sub-S09603_ses-E21673_run-1_bp-chest_vp-ap_dx.png,predictions/probabilities/qata_test_sub-S09603_ses-E21673_run-1_bp-chest_vp-ap_dx.npy
qata_test_sub-S09603_ses-E22179_run-1_bp-chest_vp-ap_dx,sub-S09603,unet,1003,0.9640155189138505,0.9305308491720763,3.0,0.9872479886750155,predictions/masks/qata_test_sub-S09603_ses-E22179_run-1_bp-chest_vp-ap_dx.png,predictions/probabilities/qata_test_sub-S09603_ses-E22179_run-1_bp-chest_vp-ap_dx.npy
qata_test_sub-S09603_ses-E22342_run-1_bp-chest_vp-ap_dx,sub-S09603,unet,1003,0.9676218831411834,0.9372746935837757,2.8284271247461903,1.0246950318317554,predictions/masks/qata_test_sub-S09603_ses-E22342_run-1_bp-chest_vp-ap_dx.png,predictions/probabilities/qata_test_sub-S09603_ses-E22342_run-1_bp-chest_vp-ap_dx.npy
qata_test_sub-S09603_ses-E26803_run-1_bp-chest_vp-pa_dx,sub-S09603,unet,1003,0.5991208791296896,0.4276749294186485,28.111350788675864,6.989363993522781,predictions/masks/qata_test_sub-S09603_ses-E26803_run-1_bp-chest_vp-pa_dx.png,predictions/probabilities/qata_test_sub-S09603_ses-E26803_run-1_bp-chest_vp-pa_dx.npy
qata_test_sub-S09605_ses-E16470_acq-2_run-1_bp-chest_vp-pa_dx,sub-S09605,unet,1003,0.5589988081180275,0.3879239040782496,85.8556892520884,25.89112867114919,predictions/masks/qata_test_sub-S09605_ses-E16470_acq-2_run-1_bp-chest_vp-pa_dx.png,predictions/probabilities/qata_test_sub-S09605_ses-E16470_acq-2_run-1_bp-chest_vp-pa_dx.npy
qata_test_sub-S09605_ses-E16610_run-1_bp-chest_vp-pa_dx,sub-S09605,unet,1003,0.872641509435631,0.7740585774111097,9.481547795660283,2.270482570471608,predictions/masks/qata_test_sub-S09605_ses-E16610_run-1_bp-chest_vp-pa_dx.png,predictions/probabilities/qata_test_sub-S09605_ses-E16610_run-1_bp-chest_vp-pa_dx.npy
qata_test_sub-S09605_ses-E16817_run-1_bp-chest_vp-pa_dx,sub-S09605,unet,1003,0.8408484989006508,0.725400000005492,10.44030650891055,2.9286163651309667,predictions/masks/qata_test_sub-S09605_ses-E16817_run-1_bp-chest_vp-pa_dx.png,predictions/probabilities/qata_test_sub-S09605_ses-E16817_run-1_bp-chest_vp-pa_dx.npy
qata_test_sub-S09605_ses-E16943_acq-2_run-1_bp-chest_vp-pa_dx,sub-S09605,unet,1003,0.811926085479969,0.6833969465709275,25.154485570013485,5.016157768442733,predictions/masks/qata_test_sub-S09605_ses-E16943_acq-2_run-1_bp-chest_vp-pa_dx.png,predictions/probabilities/qata_test_sub-S09605_ses-E16943_acq-2_run-1_bp-chest_vp-pa_dx.npy
qata_test_sub-S09605_ses-E17180_run-1_bp-chest_vp-ap_dx,sub-S09605,unet,1003,0.9208541716287937,0.8533176401375119,55.08175741568164,6.812949106492825,predictions/masks/qata_test_sub-S09605_ses-E17180_run-1_bp-chest_vp-ap_dx.png,predictions/probabilities/qata_test_sub-S09605_ses-E17180_run-1_bp-chest_vp-ap_dx.npy
qata_test_sub-S09605_ses-E17435_acq-2_run-1_bp-chest_vp-ap_dx,sub-S09605,unet,1003,0.6734049273557059,0.5076190476249093,29.718350030366857,6.102648329659303,predictions/masks/qata_test_sub-S09605_ses-E17435_acq-2_run-1_bp-chest_vp-ap_dx.png,predictions/probabilities/qata_test_sub-S09605_ses-E17435_acq-2_run-1_bp-chest_vp-ap_dx.npy
qata_test_sub-S09605_ses-E17476_run-1_bp-chest_vp-ap_dx,sub-S09605,unet,1003,0.6739819556245551,0.5082751011491674,37.99663652969895,7.174049788097238,predictions/masks/qata_test_sub-S09605_ses-E17476_run-1_bp-chest_vp-ap_dx.png,predictions/probabilities/qata_test_sub-S09605_ses-E17476_run-1_bp-chest_vp-ap_dx.npy
qata_test_sub-S09605_ses-E26865_run-1_bp-chest_vp-pa_dx,sub-S09605,unet,1003,0.8449946178707617,0.7315936626343991,9.939696961966998,2.586113763426196,predictions/masks/qata_test_sub-S09605_ses-E26865_run-1_bp-chest_vp-pa_dx.png,predictions/probabilities/qata_test_sub-S09605_ses-E26865_run-1_bp-chest_vp-pa_dx.npy
qata_test_sub-S09606_ses-E16471_run-1_bp-chest_vp-ap_cr,sub-S09606,unet,1003,0.7882302771873072,0.6504786036085236,20.213834754290815,4.508279905264663,predictions/masks/qata_test_sub-S09606_ses-E16471_run-1_bp-chest_vp-ap_cr.png,predictions/probabilities/qata_test_sub-S09606_ses-E16471_run-1_bp-chest_vp-ap_cr.npy
qata_test_sub-S09606_ses-E17751_run-1_bp-chest_vp-ap_cr,sub-S09606,unet,1003,0.7884200081726002,0.650737065231229,20.008744538075273,4.32898336091874,predictions/masks/qata_test_sub-S09606_ses-E17751_run-1_bp-chest_vp-ap_cr.png,predictions/probabilities/qata_test_sub-S09606_ses-E17751_run-1_bp-chest_vp-ap_cr.npy
qata_test_sub-S09609_ses-E16474_run-2_bp-chest_vp-pa_dx,sub-S09609,unet,1003,6.761325219285914e-11,6.761325219285914e-11,128.20296194929102,100.3708758613269,predictions/masks/qata_test_sub-S09609_ses-E16474_run-2_bp-chest_vp-pa_dx.png,predictions/probabilities/qata_test_sub-S09609_ses-E16474_run-2_bp-chest_vp-pa_dx.npy
qata_test_sub-S09609_ses-E19449_run-1_bp-chest_vp-ap_cr,sub-S09609,unet,1003,0.9637266612185595,0.9299927202143897,3.0,0.8846553427634517,predictions/masks/qata_test_sub-S09609_ses-E19449_run-1_bp-chest_vp-ap_cr.png,predictions/probabilities/qata_test_sub-S09609_ses-E19449_run-1_bp-chest_vp-ap_cr.npy
qata_test_sub-S09609_ses-E19845_run-1_bp-chest_vp-pa_cr,sub-S09609,unet,1003,0.8705653653015506,0.7707974756200402,10.44030650891055,2.15357675487253,predictions/masks/qata_test_sub-S09609_ses-E19845_run-1_bp-chest_vp-pa_cr.png,predictions/probabilities/qata_test_sub-S09609_ses-E19845_run-1_bp-chest_vp-pa_cr.npy
qata_test_sub-S09609_ses-E21382_run-1_bp-chest_vp-pa_cr,sub-S09609,unet,1003,0.8209233060346068,0.6962425007989819,17.07162768692982,3.6193533656709453,predictions/masks/qata_test_sub-S09609_ses-E21382_run-1_bp-chest_vp-pa_cr.png,predictions/probabilities/qata_test_sub-S09609_ses-E21382_run-1_bp-chest_vp-pa_cr.npy
qata_test_sub-S09609_ses-E23666_run-1_bp-chest_vp-ap_cr,sub-S09609,unet,1003,0.9643237820555249,0.931105460710363,2.8284271247461903,0.8058699762301414,predictions/masks/qata_test_sub-S09609_ses-E23666_run-1_bp-chest_vp-ap_cr.png,predictions/probabilities/qata_test_sub-S09609_ses-E23666_run-1_bp-chest_vp-ap_cr.npy
qata_test_sub-S09609_ses-E25797_run-1_bp-chest_vp-ap_cr,sub-S09609,unet,1003,0.7075689051991845,0.5474712795517302,27.520380250125292,6.229968638627751,predictions/masks/qata_test_sub-S09609_ses-E25797_run-1_bp-chest_vp-ap_cr.png,predictions/probabilities/qata_test_sub-S09609_ses-E25797_run-1_bp-chest_vp-ap_cr.npy
qata_test_sub-S09610_ses-E19688_run-1_bp-chest_vp-pa_cr,sub-S09610,unet,1003,0.6340358033166998,0.46416721965945035,117.34031472823575,33.13072989631369,predictions/masks/qata_test_sub-S09610_ses-E19688_run-1_bp-chest_vp-pa_cr.png,predictions/probabilities/qata_test_sub-S09610_ses-E19688_run-1_bp-chest_vp-pa_cr.npy
qata_test_sub-S09610_ses-E20704_run-1_bp-chest_vp-pa_cr,sub-S09610,unet,1003,0.30605455756310623,0.1806755695369074,121.46419678317514,44.55499227590736,predictions/masks/qata_test_sub-S09610_ses-E20704_run-1_bp-chest_vp-pa_cr.png,predictions/probabilities/qata_test_sub-S09610_ses-E20704_run-1_bp-chest_vp-pa_cr.npy
qata_test_sub-S09610_ses-E23665_run-1_bp-chest_vp-pa_cr,sub-S09610,unet,1003,0.7940091650855704,0.6583873957431253,24.174364466271747,7.126926510302958,predictions/masks/qata_test_sub-S09610_ses-E23665_run-1_bp-chest_vp-pa_cr.png,predictions/probabilities/qata_test_sub-S09610_ses-E23665_run-1_bp-chest_vp-pa_cr.npy
qata_test_sub-S09611_ses-E17966_acq-1_run-1_bp-chest_vp-ll_dx,sub-S09611,unet,1003,0.19031649551057814,0.10516562429684584,56.708829791414196,14.759589316421872,predictions/masks/qata_test_sub-S09611_ses-E17966_acq-1_run-1_bp-chest_vp-ll_dx.png,predictions/probabilities/qata_test_sub-S09611_ses-E17966_acq-1_run-1_bp-chest_vp-ll_dx.npy
qata_test_sub-S09612_ses-E16477_run-1_bp-chest_vp-ap_cr,sub-S09612,unet,1003,0.8006314839888691,0.6675441895491094,16.76305461424021,4.464580248958239,predictions/masks/qata_test_sub-S09612_ses-E16477_run-1_bp-chest_vp-ap_cr.png,predictions/probabilities/qata_test_sub-S09612_ses-E16477_run-1_bp-chest_vp-ap_cr.npy
qata_test_sub-S09613_ses-E16479_run-1_bp-chest_vp-pa_cr,sub-S09613,unet,1003,0.5040097205466826,0.3369070825426606,22.135695729050532,6.192112951003159,predictions/masks/qata_test_sub-S09613_ses-E16479_run-1_bp-chest_vp-pa_cr.png,predictions/probabilities/qata_test_sub-S09613_ses-E16479_run-1_bp-chest_vp-pa_cr.npy
qata_test_sub-S09613_ses-E17619_run-1_bp-chest_vp-ap_dx,sub-S09613,unet,1003,0.9461775797054841,0.8978529603134043,9.848857801796104,1.3872908827298753,predictions/masks/qata_test_sub-S09613_ses-E17619_run-1_bp-chest_vp-ap_dx.png,predictions/probabilities/qata_test_sub-S09613_ses-E17619_run-1_bp-chest_vp-ap_dx.npy
qata_test_sub-S09615_ses-E23637_run-1_bp-chest_vp-ap_dx,sub-S09615,unet,1003,0.874917925149788,0.7776480887138124,5.049509756796392,1.717347456234916,predictions/masks/qata_test_sub-S09615_ses-E23637_run-1_bp-chest_vp-ap_dx.png,predictions/probabilities/qata_test_sub-S09615_ses-E23637_run-1_bp-chest_vp-ap_dx.npy
qata_test_sub-S09615_ses-E23807_run-1_bp-chest_vp-ap_dx,sub-S09615,unet,1003,0.9343509555725096,0.8767904972647398,5.385164807134504,1.6156039635621469,predictions/masks/qata_test_sub-S09615_ses-E23807_run-1_bp-chest_vp-ap_dx.png,predictions/probabilities/qata_test_sub-S09615_ses-E23807_run-1_bp-chest_vp-ap_dx.npy
qata_test_sub-S09615_ses-E24190_run-1_bp-chest_vp-ap_dx,sub-S09615,unet,1003,0.6650997331999422,0.4982392690634982,30.4138126514911,7.036931750948581,predictions/masks/qata_test_sub-S09615_ses-E24190_run-1_bp-chest_vp-ap_dx.png,predictions/probabilities/qata_test_sub-S09615_ses-E24190_run-1_bp-chest_vp-ap_dx.npy
qata_test_sub-S09615_ses-E24891_run-1_bp-chest_vp-pa_dx,sub-S09615,unet,1003,0.7096418732862357,0.5499573014709669,41.1908896510031,11.611829201031435,predictions/masks/qata_test_sub-S09615_ses-E24891_run-1_bp-chest_vp-pa_dx.png,predictions/probabilities/qata_test_sub-S09615_ses-E24891_run-1_bp-chest_vp-pa_dx.npy
qata_test_sub-S09615_ses-E25783_run-1_bp-chest_vp-ap_dx,sub-S09615,unet,1003,0.5843903895003075,0.4128188910096391,118.73099154287256,29.377825960438855,predictions/masks/qata_test_sub-S09615_ses-E25783_run-1_bp-chest_vp-ap_dx.png,predictions/probabilities/qata_test_sub-S09615_ses-E25783_run-1_bp-chest_vp-ap_dx.npy
qata_test_sub-S09615_ses-E26546_run-1_bp-chest_vp-ap_dx,sub-S09615,unet,1003,0.9666076052884167,0.9353732524405577,3.605551275463989,0.9310624709339465,predictions/masks/qata_test_sub-S09615_ses-E26546_run-1_bp-chest_vp-ap_dx.png,predictions/probabilities/qata_test_sub-S09615_ses-E26546_run-1_bp-chest_vp-ap_dx.npy
qata_test_sub-S09616_ses-E22845_run-1_bp-chest_vp-ap_dx,sub-S09616,unet,1003,4.5146726860264254e-11,4.5146726860264254e-11,316.7838379715733,316.7838379715733,predictions/masks/qata_test_sub-S09616_ses-E22845_run-1_bp-chest_vp-ap_dx.png,predictions/probabilities/qata_test_sub-S09616_ses-E22845_run-1_bp-chest_vp-ap_dx.npy
qata_test_sub-S09617_ses-E23757_run-1_bp-chest_vp-ap_dx,sub-S09617,unet,1003,0.5404213620886716,0.37025847601979667,27.43595999266413,7.7483814603649765,predictions/masks/qata_test_sub-S09617_ses-E23757_run-1_bp-chest_vp-ap_dx.png,predictions/probabilities/qata_test_sub-S09617_ses-E23757_run-1_bp-chest_vp-ap_dx.npy
qata_test_sub-S09617_ses-E24856_run-1_bp-chest_vp-ap_dx,sub-S09617,unet,1003,0.3773584905927376,0.2325581395754462,144.71091309115698,46.22278719695883,predictions/masks/qata_test_sub-S09617_ses-E24856_run-1_bp-chest_vp-ap_dx.png,predictions/probabilities/qata_test_sub-S09617_ses-E24856_run-1_bp-chest_vp-ap_dx.npy
qata_test_sub-S09617_ses-E25206_run-1_bp-chest_vp-ap_dx,sub-S09617,unet,1003,0.8716506781364265,0.7725007329295661,17.02644772933376,3.389596810926114,predictions/masks/qata_test_sub-S09617_ses-E25206_run-1_bp-chest_vp-ap_dx.png,predictions/probabilities/qata_test_sub-S09617_ses-E25206_run-1_bp-chest_vp-ap_dx.npy
qata_test_sub-S09617_ses-E26139_run-1_bp-chest_vp-ap_dx,sub-S09617,unet,1003,0.6005586592318242,0.42914171659535216,24.036415513592615,6.0164349445672025,predictions/masks/qata_test_sub-S09617_ses-E26139_run-1_bp-chest_vp-ap_dx.png,predictions/probabilities/qata_test_sub-S09617_ses-E26139_run-1_bp-chest_vp-ap_dx.npy
qata_test_sub-S09618_ses-E16486_run-1_bp-chest_vp-pa_cr,sub-S09618,unet,1003,0.17199715710120836,0.09409020221251593,138.10791726848547,58.24619777311004,predictions/masks/qata_test_sub-S09618_ses-E16486_run-1_bp-chest_vp-pa_cr.png,predictions/probabilities/qata_test_sub-S09618_ses-E16486_run-1_bp-chest_vp-pa_cr.npy
qata_test_sub-S09619_ses-E16489_run-1_bp-chest_vp-ap_cr,sub-S09619,unet,1003,0.8223443223466465,0.6982892690580251,80.31215309112957,11.14504066039223,predictions/masks/qata_test_sub-S09619_ses-E16489_run-1_bp-chest_vp-ap_cr.png,predictions/probabilities/qata_test_sub-S09619_ses-E16489_run-1_bp-chest_vp-ap_cr.npy
qata_test_sub-S09619_ses-E26690_run-1_bp-chest_vp-ap_cr,sub-S09619,unet,1003,0.6817780394559382,0.5171951764396072,106.38098694316764,28.336185226897776,predictions/masks/qata_test_sub-S09619_ses-E26690_run-1_bp-chest_vp-ap_cr.png,predictions/probabilities/qata_test_sub-S09619_ses-E26690_run-1_bp-chest_vp-ap_cr.npy
qata_test_sub-S09620_ses-E23680_run-1_bp-chest_vp-ap_dx,sub-S09620,unet,1003,0.4022607678931541,0.25176872409729767,86.24668586557937,34.19948655476761,predictions/masks/qata_test_sub-S09620_ses-E23680_run-1_bp-chest_vp-ap_dx.png,predictions/probabilities/qata_test_sub-S09620_ses-E23680_run-1_bp-chest_vp-ap_dx.npy
qata_test_sub-S09620_ses-E24749_run-1_bp-chest_vp-ap_dx,sub-S09620,unet,1003,0.652631578963989,0.48437500003662104,24.00832971957145,5.014931293611319,predictions/masks/qata_test_sub-S09620_ses-E24749_run-1_bp-chest_vp-ap_dx.png,predictions/probabilities/qata_test_sub-S09620_ses-E24749_run-1_bp-chest_vp-ap_dx.npy
qata_test_sub-S09624_ses-E20495_run-1_bp-chest_vp-ap_cr,sub-S09624,unet,1003,0.804184829994696,0.6724992709340186,41.926066928629986,5.782353613108822,predictions/masks/qata_test_sub-S09624_ses-E20495_run-1_bp-chest_vp-ap_cr.png,predictions/probabilities/qata_test_sub-S09624_ses-E20495_run-1_bp-chest_vp-ap_cr.npy
qata_test_sub-S09624_ses-E21018_run-1_bp-chest_vp-ap_dx,sub-S09624,unet,1003,0.6806872037961983,0.5159407274468806,39.44045911820864,6.886743321642814,predictions/masks/qata_test_sub-S09624_ses-E21018_run-1_bp-chest_vp-ap_dx.png,predictions/probabilities/qata_test_sub-S09624_ses-E21018_run-1_bp-chest_vp-ap_dx.npy
qata_test_sub-S09624_ses-E23883_acq-1_run-1_bp-chest_vp-ll_dx,sub-S09624,unet,1003,0.48503485035906035,0.32016238161515126,50.191087142598334,12.278648779777372,predictions/masks/qata_test_sub-S09624_ses-E23883_acq-1_run-1_bp-chest_vp-ll_dx.png,predictions/probabilities/qata_test_sub-S09624_ses-E23883_acq-1_run-1_bp-chest_vp-ll_dx.npy
qata_test_sub-S09624_ses-E25044_run-1_bp-chest_vp-ap_dx,sub-S09624,unet,1003,0.9006722689083977,0.8192936859834996,14.186056983617302,2.723602388348018,predictions/masks/qata_test_sub-S09624_ses-E25044_run-1_bp-chest_vp-ap_dx.png,predictions/probabilities/qata_test_sub-S09624_ses-E25044_run-1_bp-chest_vp-ap_dx.npy
qata_test_sub-S09624_ses-E25904_run-1_bp-chest_vp-ap_cr,sub-S09624,unet,1003,0.6034122562743138,0.4320618299817487,31.93425175034004,7.888013990145649,predictions/masks/qata_test_sub-S09624_ses-E25904_run-1_bp-chest_vp-ap_cr.png,predictions/probabilities/qata_test_sub-S09624_ses-E25904_run-1_bp-chest_vp-ap_cr.npy
qata_test_sub-S09626_ses-E25311_acq-1_run-1_bp-chest_vp-ll_cr,sub-S09626,unet,1003,0.8806262230978167,0.7867132867319305,5.0,1.5592331959158252,predictions/masks/qata_test_sub-S09626_ses-E25311_acq-1_run-1_bp-chest_vp-ll_cr.png,predictions/probabilities/qata_test_sub-S09626_ses-E25311_acq-1_run-1_bp-chest_vp-ll_cr.npy
qata_test_sub-S09626_ses-E25939_run-1_bp-chest_vp-ap_cr,sub-S09626,unet,1003,0.4452296819877091,0.2863636363783809,117.63842879120341,37.429146914942386,predictions/masks/qata_test_sub-S09626_ses-E25939_run-1_bp-chest_vp-ap_cr.png,predictions/probabilities/qata_test_sub-S09626_ses-E25939_run-1_bp-chest_vp-ap_cr.npy
qata_test_sub-S09628_ses-E16501_run-1_bp-chest_vp-pa_dx,sub-S09628,unet,1003,0.7321720196044591,0.5775010734402104,100.7923515712082,21.52662163143856,predictions/masks/qata_test_sub-S09628_ses-E16501_run-1_bp-chest_vp-pa_dx.png,predictions/probabilities/qata_test_sub-S09628_ses-E16501_run-1_bp-chest_vp-pa_dx.npy
qata_test_sub-S09629_ses-E16505_run-1_bp-chest_vp-ap_dx,sub-S09629,unet,1003,0.42083618921036076,0.26649305561922804,110.55392228560775,31.555879439894454,predictions/masks/qata_test_sub-S09629_ses-E16505_run-1_bp-chest_vp-ap_dx.png,predictions/probabilities/qata_test_sub-S09629_ses-E16505_run-1_bp-chest_vp-ap_dx.npy
qata_test_sub-S09629_ses-E22281_run-1_bp-chest_vp-ap_dx,sub-S09629,unet,1003,0.8791478902138817,0.7843567251619622,7.0710678118654755,1.9108217939057723,predictions/masks/qata_test_sub-S09629_ses-E22281_run-1_bp-chest_vp-ap_dx.png,predictions/probabilities/qata_test_sub-S09629_ses-E22281_run-1_bp-chest_vp-ap_dx.npy
qata_test_sub-S09629_ses-E23074_run-1_bp-chest_vp-ap_dx,sub-S09629,unet,1003,0.68522378908838,0.5211714232463983,60.09318776908135,13.270600154302791,predictions/masks/qata_test_sub-S09629_ses-E23074_run-1_bp-chest_vp-ap_dx.png,predictions/probabilities/qata_test_sub-S09629_ses-E23074_run-1_bp-chest_vp-ap_dx.npy
qata_test_sub-S09631_ses-E25079_run-1_bp-chest_vp-ap_cr,sub-S09631,unet,1003,0.748324289820074,0.5978579625194714,39.05124837953327,9.349452669327082,predictions/masks/qata_test_sub-S09631_ses-E25079_run-1_bp-chest_vp-ap_cr.png,predictions/probabilities/qata_test_sub-S09631_ses-E25079_run-1_bp-chest_vp-ap_cr.npy
qata_test_sub-S09631_ses-E25972_run-1_bp-chest_vp-ap_cr,sub-S09631,unet,1003,0.9520744741986434,0.9085325729336639,9.0,1.400738860543292,predictions/masks/qata_test_sub-S09631_ses-E25972_run-1_bp-chest_vp-ap_cr.png,predictions/probabilities/qata_test_sub-S09631_ses-E25972_run-1_bp-chest_vp-ap_cr.npy
qata_test_sub-S09631_ses-E26175_run-1_bp-chest_vp-ap_dx,sub-S09631,unet,1003,0.8127047146420574,0.6845009195839408,37.09715556750304,6.425138974317637,predictions/masks/qata_test_sub-S09631_ses-E26175_run-1_bp-chest_vp-ap_dx.png,predictions/probabilities/qata_test_sub-S09631_ses-E26175_run-1_bp-chest_vp-ap_dx.npy
qata_test_sub-S09632_ses-E21267_run-1_bp-chest_vp-ap_dx,sub-S09632,unet,1003,0.38822704976330447,0.24086956523059358,49.51358469032163,12.662604299690539,predictions/masks/qata_test_sub-S09632_ses-E21267_run-1_bp-chest_vp-ap_dx.png,predictions/probabilities/qata_test_sub-S09632_ses-E21267_run-1_bp-chest_vp-ap_dx.npy
qata_test_sub-S09632_ses-E22469_run-1_bp-chest_vp-ap_dx,sub-S09632,unet,1003,0.8053857161454053,0.6741805510217338,21.37755832643195,4.487547342192393,predictions/masks/qata_test_sub-S09632_ses-E22469_run-1_bp-chest_vp-ap_dx.png,predictions/probabilities/qata_test_sub-S09632_ses-E22469_run-1_bp-chest_vp-ap_dx.npy
qata_test_sub-S09634_ses-E16518_run-1_bp-chest_vp-pa_cr,sub-S09634,unet,1003,0.6116129032508636,0.4405204461486505,87.75448641920599,26.585270963845012,predictions/masks/qata_test_sub-S09634_ses-E16518_run-1_bp-chest_vp-pa_cr.png,predictions/probabilities/qata_test_sub-S09634_ses-E16518_run-1_bp-chest_vp-pa_cr.npy
qata_test_sub-S09634_ses-E18890_run-1_bp-chest_vp-ap_dx,sub-S09634,unet,1003,0.7728971962643352,0.6298552932286775,57.16378835715659,11.90622037658939,predictions/masks/qata_test_sub-S09634_ses-E18890_run-1_bp-chest_vp-ap_dx.png,predictions/probabilities/qata_test_sub-S09634_ses-E18890_run-1_bp-chest_vp-ap_dx.npy
qata_test_sub-S09634_ses-E22954_run-1_bp-chest_cr,sub-S09634,unet,1003,0.8525161933252053,0.7429439861106613,39.0,5.708890770839857,predictions/masks/qata_test_sub-S09634_ses-E22954_run-1_bp-chest_cr.png,predictions/probabilities/qata_test_sub-S09634_ses-E22954_run-1_bp-chest_cr.npy
qata_test_sub-S09639_ses-E16526_run-1_bp-chest_vp-ap_cr,sub-S09639,unet,1003,0.8999397227260407,0.818082191785806,7.0,2.23424290183052,predictions/masks/qata_test_sub-S09639_ses-E16526_run-1_bp-chest_vp-ap_cr.png,predictions/probabilities/qata_test_sub-S09639_ses-E16526_run-1_bp-chest_vp-ap_cr.npy
qata_test_sub-S09639_ses-E18079_run-1_bp-chest_vp-ap_dx,sub-S09639,unet,1003,0.9070016335272517,0.8298289012592266,16.364499805629627,2.8163363964214323,predictions/masks/qata_test_sub-S09639_ses-E18079_run-1_bp-chest_vp-ap_dx.png,predictions/probabilities/qata_test_sub-S09639_ses-E18079_run-1_bp-chest_vp-ap_dx.npy
qata_test_sub-S09640_ses-E16527_run-2_bp-chest_cr,sub-S09640,unet,1003,0.6877249100484717,0.5240706886335118,92.0,25.019726725562716,predictions/masks/qata_test_sub-S09640_ses-E16527_run-2_bp-chest_cr.png,predictions/probabilities/qata_test_sub-S09640_ses-E16527_run-2_bp-chest_cr.npy
qata_test_sub-S09640_ses-E21642_run-1_bp-chest_vp-pa_dx,sub-S09640,unet,1003,0.7125364431654497,0.5534420290259563,94.08371879594213,15.011062267183219,predictions/masks/qata_test_sub-S09640_ses-E21642_run-1_bp-chest_vp-pa_dx.png,predictions/probabilities/qata_test_sub-S09640_ses-E21642_run-1_bp-chest_vp-pa_dx.npy
qata_test_sub-S09642_ses-E18595_run-1_bp-chest_vp-pa_dx,sub-S09642,unet,1003,0.881967213116689,0.7888563049915291,97.41736446121513,14.365906614218964,predictions/masks/qata_test_sub-S09642_ses-E18595_run-1_bp-chest_vp-pa_dx.png,predictions/probabilities/qata_test_sub-S09642_ses-E18595_run-1_bp-chest_vp-pa_dx.npy
qata_test_sub-S09642_ses-E19110_run-1_bp-chest_vp-ap_dx,sub-S09642,unet,1003,0.7622641509583482,0.6158536585756246,14.300000000000011,3.277284366551036,predictions/masks/qata_test_sub-S09642_ses-E19110_run-1_bp-chest_vp-ap_dx.png,predictions/probabilities/qata_test_sub-S09642_ses-E19110_run-1_bp-chest_vp-ap_dx.npy
qata_test_sub-S09642_ses-E22563_run-1_bp-chest_vp-ap_dx,sub-S09642,unet,1003,0.9685338326313594,0.9389874949582595,2.8284271247461903,0.7830669874623136,predictions/masks/qata_test_sub-S09642_ses-E22563_run-1_bp-chest_vp-ap_dx.png,predictions/probabilities/qata_test_sub-S09642_ses-E22563_run-1_bp-chest_vp-ap_dx.npy
qata_test_sub-S09642_ses-E24472_run-1_bp-chest_vp-ap_dx,sub-S09642,unet,1003,0.9467146126189383,0.8988206083193852,4.47213595499958,1.253531862063062,predictions/masks/qata_test_sub-S09642_ses-E24472_run-1_bp-chest_vp-ap_dx.png,predictions/probabilities/qata_test_sub-S09642_ses-E24472_run-1_bp-chest_vp-ap_dx.npy
qata_test_sub-S09642_ses-E24842_run-1_bp-chest_vp-pa_dx,sub-S09642,unet,1003,0.6850411202559449,0.5209601081973982,109.0,26.380426457611758,predictions/masks/qata_test_sub-S09642_ses-E24842_run-1_bp-chest_vp-pa_dx.png,predictions/probabilities/qata_test_sub-S09642_ses-E24842_run-1_bp-chest_vp-pa_dx.npy
qata_test_sub-S09642_ses-E25504_run-1_bp-chest_vp-ap_dx,sub-S09642,unet,1003,0.625811917547986,0.455404850001833,128.76625863964614,35.23733024827774,predictions/masks/qata_test_sub-S09642_ses-E25504_run-1_bp-chest_vp-ap_dx.png,predictions/probabilities/qata_test_sub-S09642_ses-E25504_run-1_bp-chest_vp-ap_dx.npy
qata_test_sub-S09644_ses-E18384_run-1_bp-chest_vp-ap_dx,sub-S09644,unet,1003,0.6396039604031761,0.47016011646375083,17.804493814764857,4.97459737856644,predictions/masks/qata_test_sub-S09644_ses-E18384_run-1_bp-chest_vp-ap_dx.png,predictions/probabilities/qata_test_sub-S09644_ses-E18384_run-1_bp-chest_vp-ap_dx.npy
qata_test_sub-S09644_ses-E25741_run-1_bp-chest_vp-pa_cr,sub-S09644,unet,1003,0.9029921860129028,0.8231410701937755,7.0,1.5828961366960586,predictions/masks/qata_test_sub-S09644_ses-E25741_run-1_bp-chest_vp-pa_cr.png,predictions/probabilities/qata_test_sub-S09644_ses-E25741_run-1_bp-chest_vp-pa_cr.npy
qata_test_sub-S09644_ses-E26051_run-1_bp-chest_vp-ap_dx,sub-S09644,unet,1003,0.934530095037823,0.8771060455927377,4.0,1.1504460382585324,predictions/masks/qata_test_sub-S09644_ses-E26051_run-1_bp-chest_vp-ap_dx.png,predictions/probabilities/qata_test_sub-S09644_ses-E26051_run-1_bp-chest_vp-ap_dx.npy
qata_test_sub-S09645_ses-E16533_run-1_bp-chest_vp-ap_dx,sub-S09645,unet,1003,0.4266304348215604,0.2711571675931643,28.291002940932607,11.879514237462693,predictions/masks/qata_test_sub-S09645_ses-E16533_run-1_bp-chest_vp-ap_dx.png,predictions/probabilities/qata_test_sub-S09645_ses-E16533_run-1_bp-chest_vp-ap_dx.npy
qata_test_sub-S09645_ses-E16927_run-1_bp-chest_cr,sub-S09645,unet,1003,0.629047178572706,0.45883940628085845,13.519447038430114,3.9737145461553944,predictions/masks/qata_test_sub-S09645_ses-E16927_run-1_bp-chest_cr.png,predictions/probabilities/qata_test_sub-S09645_ses-E16927_run-1_bp-chest_cr.npy
qata_test_sub-S09645_ses-E20801_run-1_bp-chest_vp-ap_dx,sub-S09645,unet,1003,0.30565760472793324,0.18039895927231575,127.91926318713223,46.17037086377909,predictions/masks/qata_test_sub-S09645_ses-E20801_run-1_bp-chest_vp-ap_dx.png,predictions/probabilities/qata_test_sub-S09645_ses-E20801_run-1_bp-chest_vp-ap_dx.npy
qata_test_sub-S09645_ses-E26858_run-1_bp-chest_vp-ap_cr,sub-S09645,unet,1003,0.5547073791631865,0.38380281695565116,124.0790058162292,43.4842479467176,predictions/masks/qata_test_sub-S09645_ses-E26858_run-1_bp-chest_vp-ap_cr.png,predictions/probabilities/qata_test_sub-S09645_ses-E26858_run-1_bp-chest_vp-ap_cr.npy
qata_test_sub-S09647_ses-E26113_run-1_bp-chest_vp-ap_cr,sub-S09647,unet,1003,0.8316981132202492,0.7118863049467847,6.082762530298219,1.7387728028444545,predictions/masks/qata_test_sub-S09647_ses-E26113_run-1_bp-chest_vp-ap_cr.png,predictions/probabilities/qata_test_sub-S09647_ses-E26113_run-1_bp-chest_vp-ap_cr.npy
qata_test_sub-S09650_ses-E16538_run-1_bp-chest_vp-ap_cr,sub-S09650,unet,1003,0.9667218238652928,0.9355871886143919,1.4142135623730951,0.4987448435832963,predictions/masks/qata_test_sub-S09650_ses-E16538_run-1_bp-chest_vp-ap_cr.png,predictions/probabilities/qata_test_sub-S09650_ses-E16538_run-1_bp-chest_vp-ap_cr.npy
qata_test_sub-S09651_ses-E16807_run-1_bp-chest_vp-ap_dx,sub-S09651,unet,1003,0.9235087719307191,0.8578878748401154,16.0836461788299,5.578635696852736,predictions/masks/qata_test_sub-S09651_ses-E16807_run-1_bp-chest_vp-ap_dx.png,predictions/probabilities/qata_test_sub-S09651_ses-E16807_run-1_bp-chest_vp-ap_dx.npy
qata_test_sub-S09651_ses-E19416_run-1_bp-chest_vp-ap_dx,sub-S09651,unet,1003,0.9305097641398616,0.8700497984379879,34.26728429165533,5.260123106115202,predictions/masks/qata_test_sub-S09651_ses-E19416_run-1_bp-chest_vp-ap_dx.png,predictions/probabilities/qata_test_sub-S09651_ses-E19416_run-1_bp-chest_vp-ap_dx.npy
qata_test_sub-S09651_ses-E19665_run-1_bp-chest_vp-ap_dx,sub-S09651,unet,1003,0.9344199277317259,0.8769119769137531,5.385164807134504,1.6328541996965886,predictions/masks/qata_test_sub-S09651_ses-E19665_run-1_bp-chest_vp-ap_dx.png,predictions/probabilities/qata_test_sub-S09651_ses-E19665_run-1_bp-chest_vp-ap_dx.npy
qata_test_sub-S09651_ses-E20193_run-1_bp-chest_vp-ap_dx,sub-S09651,unet,1003,0.8895444566418116,0.8010626467342016,40.30384207202805,5.561869384710905,predictions/masks/qata_test_sub-S09651_ses-E20193_run-1_bp-chest_vp-ap_dx.png,predictions/probabilities/qata_test_sub-S09651_ses-E20193_run-1_bp-chest_vp-ap_dx.npy
qata_test_sub-S09651_ses-E22019_run-1_bp-chest_vp-ap_dx,sub-S09651,unet,1003,0.6777654458128833,0.5125909345544157,25.739759459147784,7.276205673143922,predictions/masks/qata_test_sub-S09651_ses-E22019_run-1_bp-chest_vp-ap_dx.png,predictions/probabilities/qata_test_sub-S09651_ses-E22019_run-1_bp-chest_vp-ap_dx.npy
qata_test_sub-S09651_ses-E23114_run-1_bp-chest_vp-ap_dx,sub-S09651,unet,1003,0.885949797420547,0.7952512331761955,25.079872407968907,4.470682911617708,predictions/masks/qata_test_sub-S09651_ses-E23114_run-1_bp-chest_vp-ap_dx.png,predictions/probabilities/qata_test_sub-S09651_ses-E23114_run-1_bp-chest_vp-ap_dx.npy
qata_test_sub-S09651_ses-E23644_run-1_bp-chest_vp-ap_dx,sub-S09651,unet,1003,0.2949171476578865,0.1729635291728988,60.83296790910711,30.62686260848044,predictions/masks/qata_test_sub-S09651_ses-E23644_run-1_bp-chest_vp-ap_dx.png,predictions/probabilities/qata_test_sub-S09651_ses-E23644_run-1_bp-chest_vp-ap_dx.npy
qata_test_sub-S09651_ses-E27113_run-1_bp-chest_vp-ap_dx,sub-S09651,unet,1003,0.777786060381828,0.6363747255472508,47.0,10.019601594142804,predictions/masks/qata_test_sub-S09651_ses-E27113_run-1_bp-chest_vp-ap_dx.png,predictions/probabilities/qata_test_sub-S09651_ses-E27113_run-1_bp-chest_vp-ap_dx.npy
qata_test_sub-S09653_ses-E16543_run-1_bp-chest_vp-ap_cr,sub-S09653,unet,1003,0.8676049618336401,0.7661681061772453,43.50270730167354,5.45593385970006,predictions/masks/qata_test_sub-S09653_ses-E16543_run-1_bp-chest_vp-ap_cr.png,predictions/probabilities/qata_test_sub-S09653_ses-E16543_run-1_bp-chest_vp-ap_cr.npy
qata_test_sub-S09653_ses-E16948_run-2_bp-chest_vp-ap_dx,sub-S09653,unet,1003,0.9667648296173642,0.935667752443745,2.8284271247461903,0.7677115610502211,predictions/masks/qata_test_sub-S09653_ses-E16948_run-2_bp-chest_vp-ap_dx.png,predictions/probabilities/qata_test_sub-S09653_ses-E16948_run-2_bp-chest_vp-ap_dx.npy
qata_test_sub-S09653_ses-E21504_run-1_bp-chest_vp-ap_cr,sub-S09653,unet,1003,0.5248028491538438,0.3557509915613769,56.482262627981726,15.491324429874453,predictions/masks/qata_test_sub-S09653_ses-E21504_run-1_bp-chest_vp-ap_cr.png,predictions/probabilities/qata_test_sub-S09653_ses-E21504_run-1_bp-chest_vp-ap_cr.npy
qata_test_sub-S09653_ses-E21911_run-1_bp-chest_vp-pa_cr,sub-S09653,unet,1003,0.7258745193686028,0.5697041071754791,31.874650991050384,5.259740194018111,predictions/masks/qata_test_sub-S09653_ses-E21911_run-1_bp-chest_vp-pa_cr.png,predictions/probabilities/qata_test_sub-S09653_ses-E21911_run-1_bp-chest_vp-pa_cr.npy
qata_test_sub-S09653_ses-E22819_run-1_bp-chest_vp-ap_dx,sub-S09653,unet,1003,0.4809122459183455,0.3165796344796219,32.64965543462902,10.764161054380436,predictions/masks/qata_test_sub-S09653_ses-E22819_run-1_bp-chest_vp-ap_dx.png,predictions/probabilities/qata_test_sub-S09653_ses-E22819_run-1_bp-chest_vp-ap_dx.npy
qata_test_sub-S09653_ses-E23000_run-1_bp-chest_vp-ap_dx,sub-S09653,unet,1003,0.9244743974805913,0.8595559188140641,7.211102550927978,1.751838020770805,predictions/masks/qata_test_sub-S09653_ses-E23000_run-1_bp-chest_vp-ap_dx.png,predictions/probabilities/qata_test_sub-S09653_ses-E23000_run-1_bp-chest_vp-ap_dx.npy
qata_test_sub-S09653_ses-E27070_run-1_bp-chest_vp-ap_cr,sub-S09653,unet,1003,0.8932975871327976,0.8071705426403302,5.830951894845301,1.6546222737867193,predictions/masks/qata_test_sub-S09653_ses-E27070_run-1_bp-chest_vp-ap_cr.png,predictions/probabilities/qata_test_sub-S09653_ses-E27070_run-1_bp-chest_vp-ap_cr.npy
qata_test_sub-S09654_ses-E24109_run-1_bp-chest_vp-ap_dx,sub-S09654,unet,1003,0.9075965130771159,0.8308253534010299,8.024903099319419,1.6651225857811451,predictions/masks/qata_test_sub-S09654_ses-E24109_run-1_bp-chest_vp-ap_dx.png,predictions/probabilities/qata_test_sub-S09654_ses-E24109_run-1_bp-chest_vp-ap_dx.npy
qata_test_sub-S09654_ses-E26317_acq-1_run-1_bp-chest_vp-pa_dx,sub-S09654,unet,1003,0.8933949006245052,0.8073294629968313,61.932072007574384,8.888198189981072,predictions/masks/qata_test_sub-S09654_ses-E26317_acq-1_run-1_bp-chest_vp-pa_dx.png,predictions/probabilities/qata_test_sub-S09654_ses-E26317_acq-1_run-1_bp-chest_vp-pa_dx.npy
qata_test_sub-S09655_ses-E16547_run-1_bp-chest_vp-pa_cr,sub-S09655,unet,1003,0.7839617981246175,0.6446851726520693,36.131690899226044,6.854088192051757,predictions/masks/qata_test_sub-S09655_ses-E16547_run-1_bp-chest_vp-pa_cr.png,predictions/probabilities/qata_test_sub-S09655_ses-E16547_run-1_bp-chest_vp-pa_cr.npy
qata_test_sub-S09656_ses-E27060_run-1_bp-chest_vp-ap_cr,sub-S09656,unet,1003,0.5359477124458736,0.36607142862288383,113.30533897625902,27.405349748926064,predictions/masks/qata_test_sub-S09656_ses-E27060_run-1_bp-chest_vp-ap_cr.png,predictions/probabilities/qata_test_sub-S09656_ses-E27060_run-1_bp-chest_vp-ap_cr.npy
qata_test_sub-S09656_ses-E27157_run-1_bp-chest_vp-ap_dx,sub-S09656,unet,1003,0.9606843056000389,0.9243431142017755,3.1622776601683795,0.9940363339383183,predictions/masks/qata_test_sub-S09656_ses-E27157_run-1_bp-chest_vp-ap_dx.png,predictions/probabilities/qata_test_sub-S09656_ses-E27157_run-1_bp-chest_vp-ap_dx.npy
qata_test_sub-S09660_ses-E16558_run-1_bp-chest_vp-ap_dx,sub-S09660,unet,1003,0.6134222920013065,0.4424002264522389,114.11154736336948,25.1745637038598,predictions/masks/qata_test_sub-S09660_ses-E16558_run-1_bp-chest_vp-ap_dx.png,predictions/probabilities/qata_test_sub-S09660_ses-E16558_run-1_bp-chest_vp-ap_dx.npy
qata_test_sub-S09662_ses-E16562_run-1_bp-chest_vp-ap_dx,sub-S09662,unet,1003,0.9519223534726362,0.9082555635332626,2.8284271247461903,1.1076251052022241,predictions/masks/qata_test_sub-S09662_ses-E16562_run-1_bp-chest_vp-ap_dx.png,predictions/probabilities/qata_test_sub-S09662_ses-E16562_run-1_bp-chest_vp-ap_dx.npy
qata_test_sub-S09662_ses-E16854_run-1_bp-chest_vp-ap_dx,sub-S09662,unet,1003,0.5466933867917158,0.3761720904922133,92.00159438078457,23.125214287173957,predictions/masks/qata_test_sub-S09662_ses-E16854_run-1_bp-chest_vp-ap_dx.png,predictions/probabilities/qata_test_sub-S09662_ses-E16854_run-1_bp-chest_vp-ap_dx.npy
qata_test_sub-S09662_ses-E17946_run-1_bp-chest_vp-ap_cr,sub-S09662,unet,1003,0.8943488943575472,0.8088888889172017,4.868033988749895,1.055639667126645,predictions/masks/qata_test_sub-S09662_ses-E17946_run-1_bp-chest_vp-ap_cr.png,predictions/probabilities/qata_test_sub-S09662_ses-E17946_run-1_bp-chest_vp-ap_cr.npy
qata_test_sub-S09662_ses-E18646_run-1_bp-chest_vp-ap_dx,sub-S09662,unet,1003,0.9627128892473914,0.9281064801328271,4.0,0.964095292819141,predictions/masks/qata_test_sub-S09662_ses-E18646_run-1_bp-chest_vp-ap_dx.png,predictions/probabilities/qata_test_sub-S09662_ses-E18646_run-1_bp-chest_vp-ap_dx.npy
qata_test_sub-S09662_ses-E19021_run-1_bp-chest_vp-ap_cr,sub-S09662,unet,1003,0.9411905761049026,0.8889140527699136,5.385164807134504,1.4987481711951272,predictions/masks/qata_test_sub-S09662_ses-E19021_run-1_bp-chest_vp-ap_cr.png,predictions/probabilities/qata_test_sub-S09662_ses-E19021_run-1_bp-chest_vp-ap_cr.npy
qata_test_sub-S09662_ses-E19169_run-1_bp-chest_vp-ap_dx,sub-S09662,unet,1003,0.8132870464923199,0.6853275209397116,24.83011193990885,4.6304349540678365,predictions/masks/qata_test_sub-S09662_ses-E19169_run-1_bp-chest_vp-ap_dx.png,predictions/probabilities/qata_test_sub-S09662_ses-E19169_run-1_bp-chest_vp-ap_dx.npy
qata_test_sub-S09662_ses-E19249_run-1_bp-chest_vp-ap_dx,sub-S09662,unet,1003,0.9006615927975891,0.819276018101183,13.038404810405298,2.9327442591088193,predictions/masks/qata_test_sub-S09662_ses-E19249_run-1_bp-chest_vp-ap_dx.png,predictions/probabilities/qata_test_sub-S09662_ses-E19249_run-1_bp-chest_vp-ap_dx.npy
qata_test_sub-S09662_ses-E19505_run-1_bp-chest_vp-ap_cr,sub-S09662,unet,1003,0.4465617233037879,0.2874666667046684,108.35820107021439,38.533763692313805,predictions/masks/qata_test_sub-S09662_ses-E19505_run-1_bp-chest_vp-ap_cr.png,predictions/probabilities/qata_test_sub-S09662_ses-E19505_run-1_bp-chest_vp-ap_cr.npy
qata_test_sub-S09662_ses-E20072_run-1_bp-chest_vp-ap_dx,sub-S09662,unet,1003,0.9616889348198,0.9262050334149552,2.8284271247461903,0.8564794516708863,predictions/masks/qata_test_sub-S09662_ses-E20072_run-1_bp-chest_vp-ap_dx.png,predictions/probabilities/qata_test_sub-S09662_ses-E20072_run-1_bp-chest_vp-ap_dx.npy
qata_test_sub-S09662_ses-E20481_run-1_bp-chest_vp-ap_cr,sub-S09662,unet,1003,0.517525773202982,0.3490959666332387,51.54184797055028,12.294434464531259,predictions/masks/qata_test_sub-S09662_ses-E20481_run-1_bp-chest_vp-ap_cr.png,predictions/probabilities/qata_test_sub-S09662_ses-E20481_run-1_bp-chest_vp-ap_cr.npy
qata_test_sub-S09662_ses-E20718_run-1_bp-chest_vp-ap_dx,sub-S09662,unet,1003,0.9214937544500583,0.8544167066748148,9.33748462841292,1.826639003140672,predictions/masks/qata_test_sub-S09662_ses-E20718_run-1_bp-chest_vp-ap_dx.png,predictions/probabilities/qata_test_sub-S09662_ses-E20718_run-1_bp-chest_vp-ap_dx.npy
qata_test_sub-S09662_ses-E20860_run-1_bp-chest_vp-ap_dx,sub-S09662,unet,1003,0.9729570840683541,0.9473382942192634,2.23606797749979,0.645897120129245,predictions/masks/qata_test_sub-S09662_ses-E20860_run-1_bp-chest_vp-ap_dx.png,predictions/probabilities/qata_test_sub-S09662_ses-E20860_run-1_bp-chest_vp-ap_dx.npy
qata_test_sub-S09662_ses-E21005_run-1_bp-chest_vp-ap_dx,sub-S09662,unet,1003,0.8974877581440415,0.814038814330269,13.038404810405298,3.571586956729739,predictions/masks/qata_test_sub-S09662_ses-E21005_run-1_bp-chest_vp-ap_dx.png,predictions/probabilities/qata_test_sub-S09662_ses-E21005_run-1_bp-chest_vp-ap_dx.npy
qata_test_sub-S09662_ses-E21938_run-1_bp-chest_vp-ap_dx,sub-S09662,unet,1003,0.7102582757392664,0.5506980679798238,41.50715519938761,9.02069618989991,predictions/masks/qata_test_sub-S09662_ses-E21938_run-1_bp-chest_vp-ap_dx.png,predictions/probabilities/qata_test_sub-S09662_ses-E21938_run-1_bp-chest_vp-ap_dx.npy
qata_test_sub-S09662_ses-E22686_run-1_bp-chest_vp-ap_dx,sub-S09662,unet,1003,0.9245928338768356,0.8597607148287179,34.09910071179738,4.1411126347819165,predictions/masks/qata_test_sub-S09662_ses-E22686_run-1_bp-chest_vp-ap_dx.png,predictions/probabilities/qata_test_sub-S09662_ses-E22686_run-1_bp-chest_vp-ap_dx.npy
qata_test_sub-S09662_ses-E23871_run-1_bp-chest_vp-ap_cr,sub-S09662,unet,1003,0.9689126084058112,0.9396997929614428,2.8284271247461903,0.7337278271195786,predictions/masks/qata_test_sub-S09662_ses-E23871_run-1_bp-chest_vp-ap_cr.png,predictions/probabilities/qata_test_sub-S09662_ses-E23871_run-1_bp-chest_vp-ap_cr.npy
qata_test_sub-S09662_ses-E25590_run-1_bp-chest_vp-pa_dx,sub-S09662,unet,1003,0.9355834533858017,0.8789636504265375,8.237013576088449,1.7477592204190815,predictions/masks/qata_test_sub-S09662_ses-E25590_run-1_bp-chest_vp-pa_dx.png,predictions/probabilities/qata_test_sub-S09662_ses-E25590_run-1_bp-chest_vp-pa_dx.npy
qata_test_sub-S09662_ses-E25888_run-1_bp-chest_vp-pa_dx,sub-S09662,unet,1003,0.8459776696256991,0.7330687174420486,18.24828759089466,4.126722824151703,predictions/masks/qata_test_sub-S09662_ses-E25888_run-1_bp-chest_vp-pa_dx.png,predictions/probabilities/qata_test_sub-S09662_ses-E25888_run-1_bp-chest_vp-pa_dx.npy
qata_test_sub-S09663_ses-E16565_run-1_bp-chest_vp-pa_cr,sub-S09663,unet,1003,0.7537409149261706,0.6048027444389433,15.524174696260024,4.132182342002162,predictions/masks/qata_test_sub-S09663_ses-E16565_run-1_bp-chest_vp-pa_cr.png,predictions/probabilities/qata_test_sub-S09663_ses-E16565_run-1_bp-chest_vp-pa_cr.npy
qata_test_sub-S09663_ses-E24207_run-1_bp-chest_vp-pa_cr,sub-S09663,unet,1003,0.955271344625266,0.9143726839609003,3.1622776601683795,1.0369627447605276,predictions/masks/qata_test_sub-S09663_ses-E24207_run-1_bp-chest_vp-pa_cr.png,predictions/probabilities/qata_test_sub-S09663_ses-E24207_run-1_bp-chest_vp-pa_cr.npy
qata_test_sub-S09665_ses-E25263_run-1_bp-chest_vp-pa_dx,sub-S09665,unet,1003,0.1807973049308929,0.09938271610497637,131.12281409116184,47.63891643393332,predictions/masks/qata_test_sub-S09665_ses-E25263_run-1_bp-chest_vp-pa_dx.png,predictions/probabilities/qata_test_sub-S09665_ses-E25263_run-1_bp-chest_vp-pa_dx.npy
qata_test_sub-S09668_ses-E16574_run-1_bp-chest_vp-ap_cr,sub-S09668,unet,1003,7.818608287113478e-11,7.818608287113478e-11,109.288608738514,88.39647598044384,predictions/masks/qata_test_sub-S09668_ses-E16574_run-1_bp-chest_vp-ap_cr.png,predictions/probabilities/qata_test_sub-S09668_ses-E16574_run-1_bp-chest_vp-ap_cr.npy
qata_test_sub-S09669_ses-E16870_run-1_bp-chest_vp-ap_dx,sub-S09669,unet,1003,0.12440645778136723,0.0663291139713251,81.02468759581859,31.06244532423541,predictions/masks/qata_test_sub-S09669_ses-E16870_run-1_bp-chest_vp-ap_dx.png,predictions/probabilities/qata_test_sub-S09669_ses-E16870_run-1_bp-chest_vp-ap_dx.npy
qata_test_sub-S09669_ses-E18824_run-1_bp-chest_cr,sub-S09669,unet,1003,0.692134442137109,0.529209166783293,31.32091952673165,8.384482661212507,predictions/masks/qata_test_sub-S09669_ses-E18824_run-1_bp-chest_cr.png,predictions/probabilities/qata_test_sub-S09669_ses-E18824_run-1_bp-chest_cr.npy
qata_test_sub-S09669_ses-E19046_run-1_bp-chest_cr,sub-S09669,unet,1003,0.9690122233236272,0.939887208408871,2.23606797749979,0.7104871836462165,predictions/masks/qata_test_sub-S09669_ses-E19046_run-1_bp-chest_cr.png,predictions/probabilities/qata_test_sub-S09669_ses-E19046_run-1_bp-chest_cr.npy
qata_test_sub-S09669_ses-E19549_run-1_bp-chest_vp-ap_dx,sub-S09669,unet,1003,0.9550734779569274,0.9140101794814625,3.0,1.0221606989718688,predictions/masks/qata_test_sub-S09669_ses-E19549_run-1_bp-chest_vp-ap_dx.png,predictions/probabilities/qata_test_sub-S09669_ses-E19549_run-1_bp-chest_vp-ap_dx.npy
qata_test_sub-S09669_ses-E20245_run-1_bp-chest_vp-ap_dx,sub-S09669,unet,1003,0.8581806174685638,0.7515905147520013,11.689721268359461,3.1354973183759336,predictions/masks/qata_test_sub-S09669_ses-E20245_run-1_bp-chest_vp-ap_dx.png,predictions/probabilities/qata_test_sub-S09669_ses-E20245_run-1_bp-chest_vp-ap_dx.npy
qata_test_sub-S09669_ses-E21584_run-1_bp-chest_vp-ap_dx,sub-S09669,unet,1003,0.9070353470005651,0.8298853439702157,13.0,2.4128157844997635,predictions/masks/qata_test_sub-S09669_ses-E21584_run-1_bp-chest_vp-ap_dx.png,predictions/probabilities/qata_test_sub-S09669_ses-E21584_run-1_bp-chest_vp-ap_dx.npy
qata_test_sub-S09669_ses-E21879_acq-1_run-1_bp-chest_vp-ap_dx,sub-S09669,unet,1003,0.7514596812411005,0.601870576349801,87.68456603506434,15.635102946418103,predictions/masks/qata_test_sub-S09669_ses-E21879_acq-1_run-1_bp-chest_vp-ap_dx.png,predictions/probabilities/qata_test_sub-S09669_ses-E21879_acq-1_run-1_bp-chest_vp-ap_dx.npy
qata_test_sub-S09669_ses-E22091_run-1_bp-chest_vp-ap_dx,sub-S09669,unet,1003,0.07061592783305971,0.036600244021215936,128.00976511841964,72.977419241671,predictions/masks/qata_test_sub-S09669_ses-E22091_run-1_bp-chest_vp-ap_dx.png,predictions/probabilities/qata_test_sub-S09669_ses-E22091_run-1_bp-chest_vp-ap_dx.npy
qata_test_sub-S09669_ses-E22250_run-1_bp-chest_vp-ap_dx,sub-S09669,unet,1003,0.9255189255219569,0.8613636363741392,3.6055512754639887,0.829015778991191,predictions/masks/qata_test_sub-S09669_ses-E22250_run-1_bp-chest_vp-ap_dx.png,predictions/probabilities/qata_test_sub-S09669_ses-E22250_run-1_bp-chest_vp-ap_dx.npy
qata_test_sub-S09669_ses-E22709_run-1_bp-chest_cr,sub-S09669,unet,1003,0.9146082417921065,0.8426526504155373,10.237075472706127,2.090501777675313,predictions/masks/qata_test_sub-S09669_ses-E22709_run-1_bp-chest_cr.png,predictions/probabilities/qata_test_sub-S09669_ses-E22709_run-1_bp-chest_cr.npy
qata_test_sub-S09669_ses-E22898_run-1_bp-chest_vp-ap_dx,sub-S09669,unet,1003,0.8786374398542837,0.7835444762323451,13.96777472473285,3.23926932686275,predictions/masks/qata_test_sub-S09669_ses-E22898_run-1_bp-chest_vp-ap_dx.png,predictions/probabilities/qata_test_sub-S09669_ses-E22898_run-1_bp-chest_vp-ap_dx.npy
qata_test_sub-S09670_ses-E16577_run-1_bp-chest_vp-ap_cr,sub-S09670,unet,1003,0.7159712230256695,0.5575974899247512,14.142135623730951,3.537959537208242,predictions/masks/qata_test_sub-S09670_ses-E16577_run-1_bp-chest_vp-ap_cr.png,predictions/probabilities/qata_test_sub-S09670_ses-E16577_run-1_bp-chest_vp-ap_cr.npy
qata_test_sub-S09670_ses-E17050_run-1_bp-chest_vp-ap_cr,sub-S09670,unet,1003,0.8475073314006587,0.7353689568103386,2.8284271247461903,1.2360649685329324,predictions/masks/qata_test_sub-S09670_ses-E17050_run-1_bp-chest_vp-ap_cr.png,predictions/probabilities/qata_test_sub-S09670_ses-E17050_run-1_bp-chest_vp-ap_cr.npy
qata_test_sub-S09670_ses-E17147_run-1_bp-chest_vp-pa_cr,sub-S09670,unet,1003,0.5256480970897505,0.3565282454412073,92.64232016650988,11.478488236149982,predictions/masks/qata_test_sub-S09670_ses-E17147_run-1_bp-chest_vp-pa_cr.png,predictions/probabilities/qata_test_sub-S09670_ses-E17147_run-1_bp-chest_vp-pa_cr.npy
qata_test_sub-S09670_ses-E17925_run-1_bp-chest_vp-ap_cr,sub-S09670,unet,1003,0.7167630058037354,0.5585585586153722,11.794795565876182,2.60946798245171,predictions/masks/qata_test_sub-S09670_ses-E17925_run-1_bp-chest_vp-ap_cr.png,predictions/probabilities/qata_test_sub-S09670_ses-E17925_run-1_bp-chest_vp-ap_cr.npy
qata_test_sub-S09670_ses-E18811_run-1_bp-chest_vp-ap_cr,sub-S09670,unet,1003,0.9416091954026344,0.8896611642062374,7.810249675906654,1.623860363594756,predictions/masks/qata_test_sub-S09670_ses-E18811_run-1_bp-chest_vp-ap_cr.png,predictions/probabilities/qata_test_sub-S09670_ses-E18811_run-1_bp-chest_vp-ap_cr.npy
qata_test_sub-S09670_ses-E19746_run-1_bp-chest_vp-ap_cr,sub-S09670,unet,1003,0.7160014129308018,0.5576341127983819,51.17209618187709,7.450553847247695,predictions/masks/qata_test_sub-S09670_ses-E19746_run-1_bp-chest_vp-ap_cr.png,predictions/probabilities/qata_test_sub-S09670_ses-E19746_run-1_bp-chest_vp-ap_cr.npy
qata_test_sub-S09670_ses-E20338_run-1_bp-chest_vp-ap_cr,sub-S09670,unet,1003,0.8573055460661809,0.7502491528826962,16.1245154965971,3.522362181380967,predictions/masks/qata_test_sub-S09670_ses-E20338_run-1_bp-chest_vp-ap_cr.png,predictions/probabilities/qata_test_sub-S09670_ses-E20338_run-1_bp-chest_vp-ap_cr.npy
qata_test_sub-S09670_ses-E20877_run-1_bp-chest_vp-ap_cr,sub-S09670,unet,1003,0.9532451165724434,0.9106669877207961,3.605551275463989,1.1302293644639445,predictions/masks/qata_test_sub-S09670_ses-E20877_run-1_bp-chest_vp-ap_cr.png,predictions/probabilities/qata_test_sub-S09670_ses-E20877_run-1_bp-chest_vp-ap_cr.npy
qata_test_sub-S09670_ses-E21243_run-1_bp-chest_vp-ap_cr,sub-S09670,unet,1003,0.8592038471823457,0.7531615925087451,34.40959740426329,5.030177513761802,predictions/masks/qata_test_sub-S09670_ses-E21243_run-1_bp-chest_vp-ap_cr.png,predictions/probabilities/qata_test_sub-S09670_ses-E21243_run-1_bp-chest_vp-ap_cr.npy
qata_test_sub-S09670_ses-E21871_run-1_bp-chest_vp-ap_cr,sub-S09670,unet,1003,0.8299668375063315,0.7093532594766979,18.800244433464524,3.905277022302705,predictions/masks/qata_test_sub-S09670_ses-E21871_run-1_bp-chest_vp-ap_cr.png,predictions/probabilities/qata_test_sub-S09670_ses-E21871_run-1_bp-chest_vp-ap_cr.npy
qata_test_sub-S09670_ses-E22086_run-1_bp-chest_vp-ap_cr,sub-S09670,unet,1003,0.9712558282524402,0.9441179400344246,2.0,0.7183926341872807,predictions/masks/qata_test_sub-S09670_ses-E22086_run-1_bp-chest_vp-ap_cr.png,predictions/probabilities/qata_test_sub-S09670_ses-E22086_run-1_bp-chest_vp-ap_cr.npy
qata_test_sub-S09670_ses-E22447_run-1_bp-chest_vp-ap_cr,sub-S09670,unet,1003,0.8164222088285016,0.6897917609813287,13.45362404707371,3.4235408397902174,predictions/masks/qata_test_sub-S09670_ses-E22447_run-1_bp-chest_vp-ap_cr.png,predictions/probabilities/qata_test_sub-S09670_ses-E22447_run-1_bp-chest_vp-ap_cr.npy
qata_test_sub-S09670_ses-E22700_run-1_bp-chest_vp-ap_cr,sub-S09670,unet,1003,0.9683216219331395,0.9385886556505294,2.23606797749979,0.7780203881399205,predictions/masks/qata_test_sub-S09670_ses-E22700_run-1_bp-chest_vp-ap_cr.png,predictions/probabilities/qata_test_sub-S09670_ses-E22700_run-1_bp-chest_vp-ap_cr.npy
qata_test_sub-S09670_ses-E23064_run-1_bp-chest_vp-ap_cr,sub-S09670,unet,1003,0.7575301204864923,0.6096969697087972,47.51841748206689,8.454521422321257,predictions/masks/qata_test_sub-S09670_ses-E23064_run-1_bp-chest_vp-ap_cr.png,predictions/probabilities/qata_test_sub-S09670_ses-E23064_run-1_bp-chest_vp-ap_cr.npy
qata_test_sub-S09670_ses-E23205_run-1_bp-chest_vp-ap_cr,sub-S09670,unet,1003,0.8753427054781815,0.7783195020769883,13.152946437965905,3.1821449653506675,predictions/masks/qata_test_sub-S09670_ses-E23205_run-1_bp-chest_vp-ap_cr.png,predictions/probabilities/qata_test_sub-S09670_ses-E23205_run-1_bp-chest_vp-ap_cr.npy
qata_test_sub-S09670_ses-E24775_run-1_bp-chest_vp-ap_cr,sub-S09670,unet,1003,0.9074114800977853,0.8305152979100138,12.120098866236306,2.400709457997506,predictions/masks/qata_test_sub-S09670_ses-E24775_run-1_bp-chest_vp-ap_cr.png,predictions/probabilities/qata_test_sub-S09670_ses-E24775_run-1_bp-chest_vp-ap_cr.npy
qata_test_sub-S09670_ses-E25931_run-1_bp-chest_vp-pa_cr,sub-S09670,unet,1003,0.8588443286505125,0.7526092628852528,16.796969000988213,2.705310784949193,predictions/masks/qata_test_sub-S09670_ses-E25931_run-1_bp-chest_vp-pa_cr.png,predictions/probabilities/qata_test_sub-S09670_ses-E25931_run-1_bp-chest_vp-pa_cr.npy
qata_test_sub-S09672_ses-E16580_acq-1_run-1_bp-chest_cr,sub-S09672,unet,1003,0.7437239611180031,0.5920068027280271,49.8196748283246,12.96402887312279,predictions/masks/qata_test_sub-S09672_ses-E16580_acq-1_run-1_bp-chest_cr.png,predictions/probabilities/qata_test_sub-S09672_ses-E16580_acq-1_run-1_bp-chest_cr.npy
qata_test_sub-S09673_ses-E16581_run-1_bp-chest_vp-ap_dx,sub-S09673,unet,1003,0.46463414635234485,0.3026211278977331,96.48807937584112,24.487218033794537,predictions/masks/qata_test_sub-S09673_ses-E16581_run-1_bp-chest_vp-ap_dx.png,predictions/probabilities/qata_test_sub-S09673_ses-E16581_run-1_bp-chest_vp-ap_dx.npy
qata_test_sub-S09673_ses-E16742_run-1_bp-chest_vp-pa_cr,sub-S09673,unet,1003,0.6879836472523291,0.5243712441681644,25.317977802344327,6.141269819274339,predictions/masks/qata_test_sub-S09673_ses-E16742_run-1_bp-chest_vp-pa_cr.png,predictions/probabilities/qata_test_sub-S09673_ses-E16742_run-1_bp-chest_vp-pa_cr.npy
qata_test_sub-S09673_ses-E18520_run-1_bp-chest_vp-ap_dx,sub-S09673,unet,1003,0.7939110070277721,0.6582524271899959,66.2555354352573,9.693483129085214,predictions/masks/qata_test_sub-S09673_ses-E18520_run-1_bp-chest_vp-ap_dx.png,predictions/probabilities/qata_test_sub-S09673_ses-E18520_run-1_bp-chest_vp-ap_dx.npy
qata_test_sub-S09673_ses-E18802_run-1_bp-chest_cr,sub-S09673,unet,1003,0.9578571428574438,0.9191226867728701,3.1622776601683795,0.9421840977062036,predictions/masks/qata_test_sub-S09673_ses-E18802_run-1_bp-chest_cr.png,predictions/probabilities/qata_test_sub-S09673_ses-E18802_run-1_bp-chest_cr.npy
qata_test_sub-S09673_ses-E19171_run-1_bp-chest_vp-ap_dx,sub-S09673,unet,1003,0.9667326732675463,0.9356075124577027,2.23606797749979,0.7648169139995976,predictions/masks/qata_test_sub-S09673_ses-E19171_run-1_bp-chest_vp-ap_dx.png,predictions/probabilities/qata_test_sub-S09673_ses-E19171_run-1_bp-chest_vp-ap_dx.npy
qata_test_sub-S09673_ses-E19256_run-1_bp-chest_cr,sub-S09673,unet,1003,0.9239766081875791,0.8586956521754489,11.505814066471032,2.102064120545361,predictions/masks/qata_test_sub-S09673_ses-E19256_run-1_bp-chest_cr.png,predictions/probabilities/qata_test_sub-S09673_ses-E19256_run-1_bp-chest_cr.npy
qata_test_sub-S09673_ses-E19520_run-1_bp-chest_cr,sub-S09673,unet,1003,0.8680183914986959,0.7668131575473857,48.75448697299562,8.736895829873795,predictions/masks/qata_test_sub-S09673_ses-E19520_run-1_bp-chest_cr.png,predictions/probabilities/qata_test_sub-S09673_ses-E19520_run-1_bp-chest_cr.npy
qata_test_sub-S09673_ses-E19739_run-1_bp-chest_cr,sub-S09673,unet,1003,0.9508285791907045,0.9062661833256731,5.385164807134504,1.422441424203229,predictions/masks/qata_test_sub-S09673_ses-E19739_run-1_bp-chest_cr.png,predictions/probabilities/qata_test_sub-S09673_ses-E19739_run-1_bp-chest_cr.npy
qata_test_sub-S09673_ses-E20324_run-1_bp-chest_vp-ap_dx,sub-S09673,unet,1003,0.8757817554466704,0.7790140034571453,14.291468247344525,3.0613962035510003,predictions/masks/qata_test_sub-S09673_ses-E20324_run-1_bp-chest_vp-ap_dx.png,predictions/probabilities/qata_test_sub-S09673_ses-E20324_run-1_bp-chest_vp-ap_dx.npy
qata_test_sub-S09673_ses-E20498_run-1_bp-chest_cr,sub-S09673,unet,1003,0.8190294398368767,0.6935223175470158,70.86323710644825,12.254251575892903,predictions/masks/qata_test_sub-S09673_ses-E20498_run-1_bp-chest_cr.png,predictions/probabilities/qata_test_sub-S09673_ses-E20498_run-1_bp-chest_cr.npy
qata_test_sub-S09673_ses-E21409_run-1_bp-chest_cr,sub-S09673,unet,1003,0.9557042942020327,0.915166354602979,5.385164807134504,0.9697649217763016,predictions/masks/qata_test_sub-S09673_ses-E21409_run-1_bp-chest_cr.png,predictions/probabilities/qata_test_sub-S09673_ses-E21409_run-1_bp-chest_cr.npy
qata_test_sub-S09673_ses-E21736_run-1_bp-chest_cr,sub-S09673,unet,1003,0.9336343115129148,0.8755292125335093,8.209420550647959,1.492210364195512,predictions/masks/qata_test_sub-S09673_ses-E21736_run-1_bp-chest_cr.png,predictions/probabilities/qata_test_sub-S09673_ses-E21736_run-1_bp-chest_cr.npy
qata_test_sub-S09673_ses-E21873_run-1_bp-chest_vp-ap_dx,sub-S09673,unet,1003,0.9410765834611897,0.8887107119966531,5.385164807134504,2.7579276405336244,predictions/masks/qata_test_sub-S09673_ses-E21873_run-1_bp-chest_vp-ap_dx.png,predictions/probabilities/qata_test_sub-S09673_ses-E21873_run-1_bp-chest_vp-ap_dx.npy
qata_test_sub-S09673_ses-E22080_run-1_bp-chest_vp-ap_dx,sub-S09673,unet,1003,0.9517303370790856,0.9079060195522568,5.385164807134504,1.8728777862593753,predictions/masks/qata_test_sub-S09673_ses-E22080_run-1_bp-chest_vp-ap_dx.png,predictions/probabilities/qata_test_sub-S09673_ses-E22080_run-1_bp-chest_vp-ap_dx.npy
qata_test_sub-S09673_ses-E22232_run-1_bp-chest_vp-ap_dx,sub-S09673,unet,1003,0.7774434414378976,0.635916134920038,47.40882826595622,8.134564268290344,predictions/masks/qata_test_sub-S09673_ses-E22232_run-1_bp-chest_vp-ap_dx.png,predictions/probabilities/qata_test_sub-S09673_ses-E22232_run-1_bp-chest_vp-ap_dx.npy
qata_test_sub-S09673_ses-E22399_run-1_bp-chest_cr,sub-S09673,unet,1003,0.9740776161475105,0.9494652144053629,2.0,0.6871499218801608,predictions/masks/qata_test_sub-S09673_ses-E22399_run-1_bp-chest_cr.png,predictions/probabilities/qata_test_sub-S09673_ses-E22399_run-1_bp-chest_cr.npy
qata_test_sub-S09673_ses-E22684_run-1_bp-chest_cr,sub-S09673,unet,1003,0.87434056905756,0.7767363245270937,19.94703240565824,3.003346800503532,predictions/masks/qata_test_sub-S09673_ses-E22684_run-1_bp-chest_cr.png,predictions/probabilities/qata_test_sub-S09673_ses-E22684_run-1_bp-chest_cr.npy
qata_test_sub-S09673_ses-E22871_run-1_bp-chest_cr,sub-S09673,unet,1003,0.7915084570263073,0.6549557269400892,50.113471353620454,8.15552836006263,predictions/masks/qata_test_sub-S09673_ses-E22871_run-1_bp-chest_cr.png,predictions/probabilities/qata_test_sub-S09673_ses-E22871_run-1_bp-chest_cr.npy
qata_test_sub-S09673_ses-E23052_run-1_bp-chest_vp-ap_dx,sub-S09673,unet,1003,0.888470334994101,0.7993221980198664,58.0,6.216582544997681,predictions/masks/qata_test_sub-S09673_ses-E23052_run-1_bp-chest_vp-ap_dx.png,predictions/probabilities/qata_test_sub-S09673_ses-E23052_run-1_bp-chest_vp-ap_dx.npy
qata_test_sub-S09673_ses-E23879_run-1_bp-chest_vp-pa_cr,sub-S09673,unet,1003,0.3152566884081521,0.18712446358908802,29.081817607514214,7.239555546463405,predictions/masks/qata_test_sub-S09673_ses-E23879_run-1_bp-chest_vp-pa_cr.png,predictions/probabilities/qata_test_sub-S09673_ses-E23879_run-1_bp-chest_vp-pa_cr.npy
qata_test_sub-S09673_ses-E25042_run-1_bp-chest_vp-ap_dx,sub-S09673,unet,1003,0.9060945273641574,0.828311540651349,45.16622299640172,4.578767196591551,predictions/masks/qata_test_sub-S09673_ses-E25042_run-1_bp-chest_vp-ap_dx.png,predictions/probabilities/qata_test_sub-S09673_ses-E25042_run-1_bp-chest_vp-ap_dx.npy
qata_test_sub-S09673_ses-E26368_run-1_bp-chest_vp-ap_dx,sub-S09673,unet,1003,0.9223229600592849,0.8558435652585737,27.03515034295734,3.1847012436633495,predictions/masks/qata_test_sub-S09673_ses-E26368_run-1_bp-chest_vp-ap_dx.png,predictions/probabilities/qata_test_sub-S09673_ses-E26368_run-1_bp-chest_vp-ap_dx.npy
qata_test_sub-S09674_ses-E16582_run-1_bp-chest_vp-ap_dx,sub-S09674,unet,1003,0.9502054859985176,0.9051347414429612,6.4031242374328485,1.327400675992252,predictions/masks/qata_test_sub-S09674_ses-E16582_run-1_bp-chest_vp-ap_dx.png,predictions/probabilities/qata_test_sub-S09674_ses-E16582_run-1_bp-chest_vp-ap_dx.npy
qata_test_sub-S09675_ses-E16583_run-1_bp-chest_vp-ap_cr,sub-S09675,unet,1003,0.754484926947686,0.60576137798199,76.99823931833942,11.710664472127895,predictions/masks/qata_test_sub-S09675_ses-E16583_run-1_bp-chest_vp-ap_cr.png,predictions/probabilities/qata_test_sub-S09675_ses-E16583_run-1_bp-chest_vp-ap_cr.npy
qata_test_sub-S09675_ses-E23080_acq-1_run-1_bp-chest_cr,sub-S09675,unet,1003,0.5623285583730215,0.39113843545916605,101.6366075781753,34.26291362386826,predictions/masks/qata_test_sub-S09675_ses-E23080_acq-1_run-1_bp-chest_cr.png,predictions/probabilities/qata_test_sub-S09675_ses-E23080_acq-1_run-1_bp-chest_cr.npy
qata_test_sub-S09675_ses-E24164_acq-1_run-1_bp-chest_cr,sub-S09675,unet,1003,0.8677011024935136,0.7663180670837967,10.44030650891055,2.8750846468162266,predictions/masks/qata_test_sub-S09675_ses-E24164_acq-1_run-1_bp-chest_cr.png,predictions/probabilities/qata_test_sub-S09675_ses-E24164_acq-1_run-1_bp-chest_cr.npy
qata_test_sub-S09676_ses-E16584_run-1_bp-chest_vp-ap_cr,sub-S09676,unet,1003,0.9616637657876482,0.9261583426465558,7.0710678118654755,1.6011159239171817,predictions/masks/qata_test_sub-S09676_ses-E16584_run-1_bp-chest_vp-ap_cr.png,predictions/probabilities/qata_test_sub-S09676_ses-E16584_run-1_bp-chest_vp-ap_cr.npy
qata_test_sub-S09676_ses-E17166_run-1_bp-chest_vp-ap_cr,sub-S09676,unet,1003,0.9676138244056186,0.9372595713506388,4.47213595499958,0.9746809875941235,predictions/masks/qata_test_sub-S09676_ses-E17166_run-1_bp-chest_vp-ap_cr.png,predictions/probabilities/qata_test_sub-S09676_ses-E17166_run-1_bp-chest_vp-ap_cr.npy
qata_test_sub-S09676_ses-E17392_run-1_bp-chest_vp-ap_cr,sub-S09676,unet,1003,0.8953213441291443,0.8104812556776433,13.0,3.981923206317972,predictions/masks/qata_test_sub-S09676_ses-E17392_run-1_bp-chest_vp-ap_cr.png,predictions/probabilities/qata_test_sub-S09676_ses-E17392_run-1_bp-chest_vp-ap_cr.npy
qata_test_sub-S09676_ses-E17490_run-1_bp-chest_vp-ap_cr,sub-S09676,unet,1003,0.839292730847951,0.7230873392104574,7.0,2.8331831513194308,predictions/masks/qata_test_sub-S09676_ses-E17490_run-1_bp-chest_vp-ap_cr.png,predictions/probabilities/qata_test_sub-S09676_ses-E17490_run-1_bp-chest_vp-ap_cr.npy
qata_test_sub-S09676_ses-E18847_run-1_bp-chest_vp-ap_cr,sub-S09676,unet,1003,0.9634966378483982,0.9295644114927751,2.8284271247461903,1.0476529429306027,predictions/masks/qata_test_sub-S09676_ses-E18847_run-1_bp-chest_vp-ap_cr.png,predictions/probabilities/qata_test_sub-S09676_ses-E18847_run-1_bp-chest_vp-ap_cr.npy
qata_test_sub-S09676_ses-E19073_run-1_bp-chest_vp-ap_cr,sub-S09676,unet,1003,0.9813988801367496,0.9634771266191794,1.4142135623730951,0.5311220176677476,predictions/masks/qata_test_sub-S09676_ses-E19073_run-1_bp-chest_vp-ap_cr.png,predictions/probabilities/qata_test_sub-S09676_ses-E19073_run-1_bp-chest_vp-ap_cr.npy
qata_test_sub-S09676_ses-E19188_run-1_bp-chest_vp-ap_cr,sub-S09676,unet,1003,0.9803071204143015,0.9613748806530564,2.0,0.5538741365616636,predictions/masks/qata_test_sub-S09676_ses-E19188_run-1_bp-chest_vp-ap_cr.png,predictions/probabilities/qata_test_sub-S09676_ses-E19188_run-1_bp-chest_vp-ap_cr.npy
qata_test_sub-S09676_ses-E19918_run-1_bp-chest_vp-ap_cr,sub-S09676,unet,1003,0.944182484987933,0.8942667379197323,10.0,2.0867520672251794,predictions/masks/qata_test_sub-S09676_ses-E19918_run-1_bp-chest_vp-ap_cr.png,predictions/probabilities/qata_test_sub-S09676_ses-E19918_run-1_bp-chest_vp-ap_cr.npy
qata_test_sub-S09676_ses-E20258_run-1_bp-chest_vp-ap_cr,sub-S09676,unet,1003,0.9747459327431642,0.9507359823028101,2.8284271247461903,0.7098286744662561,predictions/masks/qata_test_sub-S09676_ses-E20258_run-1_bp-chest_vp-ap_cr.png,predictions/probabilities/qata_test_sub-S09676_ses-E20258_run-1_bp-chest_vp-ap_cr.npy
qata_test_sub-S09676_ses-E21057_run-1_bp-chest_vp-ap_cr,sub-S09676,unet,1003,0.9525807805289261,0.9094551282057878,14.933034373659254,2.4710754262829315,predictions/masks/qata_test_sub-S09676_ses-E21057_run-1_bp-chest_vp-ap_cr.png,predictions/probabilities/qata_test_sub-S09676_ses-E21057_run-1_bp-chest_vp-ap_cr.npy
qata_test_sub-S09676_ses-E21888_run-1_bp-chest_vp-ap_cr,sub-S09676,unet,1003,0.9693967313302959,0.9406109613662119,3.3174234255218025,0.9573799681845507,predictions/masks/qata_test_sub-S09676_ses-E21888_run-1_bp-chest_vp-ap_cr.png,predictions/probabilities/qata_test_sub-S09676_ses-E21888_run-1_bp-chest_vp-ap_cr.npy
qata_test_sub-S09676_ses-E21981_run-1_bp-chest_vp-ap_cr,sub-S09676,unet,1003,0.9730486524327395,0.9475119291074684,3.605551275463989,0.8657322794981881,predictions/masks/qata_test_sub-S09676_ses-E21981_run-1_bp-chest_vp-ap_cr.png,predictions/probabilities/qata_test_sub-S09676_ses-E21981_run-1_bp-chest_vp-ap_cr.npy
qata_test_sub-S09676_ses-E22108_run-1_bp-chest_vp-ap_cr,sub-S09676,unet,1003,0.9750201450444375,0.9512578616356709,2.8284271247461903,0.7050377719099954,predictions/masks/qata_test_sub-S09676_ses-E22108_run-1_bp-chest_vp-ap_cr.png,predictions/probabilities/qata_test_sub-S09676_ses-E22108_run-1_bp-chest_vp-ap_cr.npy
qata_test_sub-S09676_ses-E22286_run-1_bp-chest_vp-ap_cr,sub-S09676,unet,1003,0.9642050951307679,0.9308841843094566,5.0,1.0570934742244353,predictions/masks/qata_test_sub-S09676_ses-E22286_run-1_bp-chest_vp-ap_cr.png,predictions/probabilities/qata_test_sub-S09676_ses-E22286_run-1_bp-chest_vp-ap_cr.npy
qata_test_sub-S09676_ses-E22287_run-1_bp-chest_vp-ap_cr,sub-S09676,unet,1003,0.973605535150023,0.9485685752334506,2.0,0.770408652699978,predictions/masks/qata_test_sub-S09676_ses-E22287_run-1_bp-chest_vp-ap_cr.png,predictions/probabilities/qata_test_sub-S09676_ses-E22287_run-1_bp-chest_vp-ap_cr.npy
qata_test_sub-S09676_ses-E22917_run-1_bp-chest_vp-ap_cr,sub-S09676,unet,1003,0.8864061172477213,0.7959868772427253,22.80350850198276,3.228112605764862,predictions/masks/qata_test_sub-S09676_ses-E22917_run-1_bp-chest_vp-ap_cr.png,predictions/probabilities/qata_test_sub-S09676_ses-E22917_run-1_bp-chest_vp-ap_cr.npy
qata_test_sub-S09676_ses-E23071_run-1_bp-chest_vp-ap_cr,sub-S09676,unet,1003,0.9787215563662554,0.9583297899484792,2.0,0.6220329464199407,predictions/masks/qata_test_sub-S09676_ses-E23071_run-1_bp-chest_vp-ap_cr.png,predictions/probabilities/qata_test_sub-S09676_ses-E23071_run-1_bp-chest_vp-ap_cr.npy
qata_test_sub-S09676_ses-E25670_run-1_bp-chest_vp-ap_dx,sub-S09676,unet,1003,0.9622796487018243,0.9273015099862724,3.0,0.9772725633208242,predictions/masks/qata_test_sub-S09676_ses-E25670_run-1_bp-chest_vp-ap_dx.png,predictions/probabilities/qata_test_sub-S09676_ses-E25670_run-1_bp-chest_vp-ap_dx.npy
qata_test_sub-S09676_ses-E25985_run-1_bp-chest_vp-ap_cr,sub-S09676,unet,1003,0.9169773917972485,0.8466835178257938,10.44030650891055,2.040991896409788,predictions/masks/qata_test_sub-S09676_ses-E25985_run-1_bp-chest_vp-ap_cr.png,predictions/probabilities/qata_test_sub-S09676_ses-E25985_run-1_bp-chest_vp-ap_cr.npy
qata_test_sub-S09677_ses-E18555_run-1_bp-chest_vp-pa_dx,sub-S09677,unet,1003,0.8457727345397831,0.732761008038417,6.324555320336759,2.1082587828419768,predictions/masks/qata_test_sub-S09677_ses-E18555_run-1_bp-chest_vp-pa_dx.png,predictions/probabilities/qata_test_sub-S09677_ses-E18555_run-1_bp-chest_vp-pa_dx.npy
qata_test_sub-S09678_ses-E16587_run-1_bp-chest_vp-ap_dx,sub-S09678,unet,1003,0.9313820589602658,0.8715762885794335,8.875882581407838,1.847056228232177,predictions/masks/qata_test_sub-S09678_ses-E16587_run-1_bp-chest_vp-ap_dx.png,predictions/probabilities/qata_test_sub-S09678_ses-E16587_run-1_bp-chest_vp-ap_dx.npy
qata_test_sub-S09678_ses-E16889_run-1_bp-chest_vp-ap_dx,sub-S09678,unet,1003,0.5825981137847384,0.4110324103948161,26.705720124842124,7.265107943947071,predictions/masks/qata_test_sub-S09678_ses-E16889_run-1_bp-chest_vp-ap_dx.png,predictions/probabilities/qata_test_sub-S09678_ses-E16889_run-1_bp-chest_vp-ap_dx.npy
qata_test_sub-S09678_ses-E18317_run-1_bp-chest_vp-ap_cr,sub-S09678,unet,1003,0.7439192015792511,0.5922542582587091,41.28646711371413,5.795302230359388,predictions/masks/qata_test_sub-S09678_ses-E18317_run-1_bp-chest_vp-ap_cr.png,predictions/probabilities/qata_test_sub-S09678_ses-E18317_run-1_bp-chest_vp-ap_cr.npy
qata_test_sub-S09678_ses-E18547_run-1_bp-chest_vp-ap_dx,sub-S09678,unet,1003,0.9599711503788116,0.9230235783639773,5.0,1.258113916422004,predictions/masks/qata_test_sub-S09678_ses-E18547_run-1_bp-chest_vp-ap_dx.png,predictions/probabilities/qata_test_sub-S09678_ses-E18547_run-1_bp-chest_vp-ap_dx.npy
qata_test_sub-S09678_ses-E18683_run-1_bp-chest_vp-ap_cr,sub-S09678,unet,1003,0.9028520893216765,0.8229082701932702,16.278820596099706,3.0126043789548915,predictions/masks/qata_test_sub-S09678_ses-E18683_run-1_bp-chest_vp-ap_cr.png,predictions/probabilities/qata_test_sub-S09678_ses-E18683_run-1_bp-chest_vp-ap_cr.npy
qata_test_sub-S09678_ses-E18865_run-1_bp-chest_vp-ap_dx,sub-S09678,unet,1003,0.9707532450288127,0.9431686234037985,3.0,0.9265513229120848,predictions/masks/qata_test_sub-S09678_ses-E18865_run-1_bp-chest_vp-ap_dx.png,predictions/probabilities/qata_test_sub-S09678_ses-E18865_run-1_bp-chest_vp-ap_dx.npy
qata_test_sub-S09678_ses-E19086_run-1_bp-chest_vp-ap_dx,sub-S09678,unet,1003,0.9790797793623736,0.959016933518093,2.0,0.658246164587439,predictions/masks/qata_test_sub-S09678_ses-E19086_run-1_bp-chest_vp-ap_dx.png,predictions/probabilities/qata_test_sub-S09678_ses-E19086_run-1_bp-chest_vp-ap_dx.npy
qata_test_sub-S09678_ses-E19191_run-1_bp-chest_vp-ap_dx,sub-S09678,unet,1003,0.9732582961382757,0.9479095788920548,2.8284271247461903,0.8286570655817977,predictions/masks/qata_test_sub-S09678_ses-E19191_run-1_bp-chest_vp-ap_dx.png,predictions/probabilities/qata_test_sub-S09678_ses-E19191_run-1_bp-chest_vp-ap_dx.npy
qata_test_sub-S09678_ses-E19595_run-1_bp-chest_vp-ap_dx,sub-S09678,unet,1003,0.979992473657865,0.9607698456621733,2.0,0.6297413086152027,predictions/masks/qata_test_sub-S09678_ses-E19595_run-1_bp-chest_vp-ap_dx.png,predictions/probabilities/qata_test_sub-S09678_ses-E19595_run-1_bp-chest_vp-ap_dx.npy
qata_test_sub-S09678_ses-E19776_run-1_bp-chest_vp-ap_dx,sub-S09678,unet,1003,0.9731780005419494,0.9477572559370201,3.0,0.8395742477522183,predictions/masks/qata_test_sub-S09678_ses-E19776_run-1_bp-chest_vp-ap_dx.png,predictions/probabilities/qata_test_sub-S09678_ses-E19776_run-1_bp-chest_vp-ap_dx.npy
qata_test_sub-S09678_ses-E19930_run-1_bp-chest_vp-ap_dx,sub-S09678,unet,1003,0.9774404823787038,0.9558763725094491,2.23606797749979,0.6976981663918083,predictions/masks/qata_test_sub-S09678_ses-E19930_run-1_bp-chest_vp-ap_dx.png,predictions/probabilities/qata_test_sub-S09678_ses-E19930_run-1_bp-chest_vp-ap_dx.npy
qata_test_sub-S09678_ses-E20137_run-1_bp-chest_vp-ap_dx,sub-S09678,unet,1003,0.9719048510957985,0.9453452359267301,3.0,0.9097079188354337,predictions/masks/qata_test_sub-S09678_ses-E20137_run-1_bp-chest_vp-ap_dx.png,predictions/probabilities/qata_test_sub-S09678_ses-E20137_run-1_bp-chest_vp-ap_dx.npy
qata_test_sub-S09678_ses-E20356_run-1_bp-chest_vp-ap_cr,sub-S09678,unet,1003,0.8912527211562871,0.803837572514022,11.763759928575647,2.3009480499801227,predictions/masks/qata_test_sub-S09678_ses-E20356_run-1_bp-chest_vp-ap_cr.png,predictions/probabilities/qata_test_sub-S09678_ses-E20356_run-1_bp-chest_vp-ap_cr.npy
qata_test_sub-S09678_ses-E20363_run-1_bp-chest_vp-ap_cr,sub-S09678,unet,1003,0.8645241392490114,0.7613760619079706,14.202090186578747,2.436544682485316,predictions/masks/qata_test_sub-S09678_ses-E20363_run-1_bp-chest_vp-ap_cr.png,predictions/probabilities/qata_test_sub-S09678_ses-E20363_run-1_bp-chest_vp-ap_cr.npy
qata_test_sub-S09678_ses-E20565_run-1_bp-chest_vp-ap_dx,sub-S09678,unet,1003,0.6720046305244453,0.5060293476717562,66.70832032063167,16.075846375579193,predictions/masks/qata_test_sub-S09678_ses-E20565_run-1_bp-chest_vp-ap_dx.png,predictions/probabilities/qata_test_sub-S09678_ses-E20565_run-1_bp-chest_vp-ap_dx.npy
qata_test_sub-S09678_ses-E20745_run-1_bp-chest_vp-ap_dx,sub-S09678,unet,1003,0.966225791214115,0.9346584418556495,4.0,0.977003702072175,predictions/masks/qata_test_sub-S09678_ses-E20745_run-1_bp-chest_vp-ap_dx.png,predictions/probabilities/qata_test_sub-S09678_ses-E20745_run-1_bp-chest_vp-ap_dx.npy
qata_test_sub-S09678_ses-E20898_run-1_bp-chest_vp-ap_dx,sub-S09678,unet,1003,0.9638824497122416,0.9302829099312191,3.605551275463989,1.1334059682582478,predictions/masks/qata_test_sub-S09678_ses-E20898_run-1_bp-chest_vp-ap_dx.png,predictions/probabilities/qata_test_sub-S09678_ses-E20898_run-1_bp-chest_vp-ap_dx.npy
qata_test_sub-S09678_ses-E21065_run-1_bp-chest_vp-ap_dx,sub-S09678,unet,1003,0.6457605208998624,0.47684366824947433,60.40819473602838,14.11803749197065,predictions/masks/qata_test_sub-S09678_ses-E21065_run-1_bp-chest_vp-ap_dx.png,predictions/probabilities/qata_test_sub-S09678_ses-E21065_run-1_bp-chest_vp-ap_dx.npy
qata_test_sub-S09678_ses-E21613_run-1_bp-chest_vp-ap_dx,sub-S09678,unet,1003,0.9701310987972357,0.9419947506565486,3.0,0.9481592765059009,predictions/masks/qata_test_sub-S09678_ses-E21613_run-1_bp-chest_vp-ap_dx.png,predictions/probabilities/qata_test_sub-S09678_ses-E21613_run-1_bp-chest_vp-ap_dx.npy
qata_test_sub-S09678_ses-E22133_run-1_bp-chest_vp-ap_dx,sub-S09678,unet,1003,0.9617500741278894,0.9263184616365658,4.762461179749787,1.4414619101440522,predictions/masks/qata_test_sub-S09678_ses-E22133_run-1_bp-chest_vp-ap_dx.png,predictions/probabilities/qata_test_sub-S09678_ses-E22133_run-1_bp-chest_vp-ap_dx.npy
qata_test_sub-S09678_ses-E22514_run-1_bp-chest_vp-ap_dx,sub-S09678,unet,1003,0.970952899441639,0.9435456345146866,3.0,0.9214323028907708,predictions/masks/qata_test_sub-S09678_ses-E22514_run-1_bp-chest_vp-ap_dx.png,predictions/probabilities/qata_test_sub-S09678_ses-E22514_run-1_bp-chest_vp-ap_dx.npy
qata_test_sub-S09678_ses-E22732_run-1_bp-chest_vp-ap_cr,sub-S09678,unet,1003,0.956350379347934,0.9163519637470133,4.0,1.1597808800893303,predictions/masks/qata_test_sub-S09678_ses-E22732_run-1_bp-chest_vp-ap_cr.png,predictions/probabilities/qata_test_sub-S09678_ses-E22732_run-1_bp-chest_vp-ap_cr.npy
qata_test_sub-S09678_ses-E23254_run-1_bp-chest_vp-ap_dx,sub-S09678,unet,1003,0.9688170943667355,0.9395201269089859,3.605551275463989,0.9774094705716811,predictions/masks/qata_test_sub-S09678_ses-E23254_run-1_bp-chest_vp-ap_dx.png,predictions/probabilities/qata_test_sub-S09678_ses-E23254_run-1_bp-chest_vp-ap_dx.npy
qata_test_sub-S09678_ses-E23520_run-1_bp-chest_vp-ap_dx,sub-S09678,unet,1003,0.9725360278284826,0.9465402721355095,3.0,0.8530453257723862,predictions/masks/qata_test_sub-S09678_ses-E23520_run-1_bp-chest_vp-ap_dx.png,predictions/probabilities/qata_test_sub-S09678_ses-E23520_run-1_bp-chest_vp-ap_dx.npy
qata_test_sub-S09678_ses-E25107_run-1_bp-chest_vp-ap_dx,sub-S09678,unet,1003,0.972796372849804,0.9470336232640073,2.23606797749979,0.8872758714318995,predictions/masks/qata_test_sub-S09678_ses-E25107_run-1_bp-chest_vp-ap_dx.png,predictions/probabilities/qata_test_sub-S09678_ses-E25107_run-1_bp-chest_vp-ap_dx.npy
qata_test_sub-S09678_ses-E25318_run-1_bp-chest_vp-ap_cr,sub-S09678,unet,1003,0.9623499848361754,0.9274321503137584,4.242640687119285,1.1994758291767673,predictions/masks/qata_test_sub-S09678_ses-E25318_run-1_bp-chest_vp-ap_cr.png,predictions/probabilities/qata_test_sub-S09678_ses-E25318_run-1_bp-chest_vp-ap_cr.npy
qata_test_sub-S09678_ses-E25686_run-1_bp-chest_vp-ap_dx,sub-S09678,unet,1003,0.8567050829396552,0.7493299149297906,26.870057685088806,5.692175693275705,predictions/masks/qata_test_sub-S09678_ses-E25686_run-1_bp-chest_vp-ap_dx.png,predictions/probabilities/qata_test_sub-S09678_ses-E25686_run-1_bp-chest_vp-ap_dx.npy
qata_test_sub-S09678_ses-E26437_acq-2_run-1_bp-chest_vp-ap_dx,sub-S09678,unet,1003,0.9305293867381921,0.870084110025744,11.0,2.6115980776223515,predictions/masks/qata_test_sub-S09678_ses-E26437_acq-2_run-1_bp-chest_vp-ap_dx.png,predictions/probabilities/qata_test_sub-S09678_ses-E26437_acq-2_run-1_bp-chest_vp-ap_dx.npy
qata_test_sub-S09679_ses-E16588_run-1_bp-chest_vp-ap_cr,sub-S09679,unet,1003,0.9093175444072991,0.8337142857174531,7.0,1.8638056605948692,predictions/masks/qata_test_sub-S09679_ses-E16588_run-1_bp-chest_vp-ap_cr.png,predictions/probabilities/qata_test_sub-S09679_ses-E16588_run-1_bp-chest_vp-ap_cr.npy
qata_test_sub-S09679_ses-E17874_run-1_bp-chest_vp-ap_cr,sub-S09679,unet,1003,0.9350868319007327,0.878087397088694,4.47213595499958,1.3435664507386171,predictions/masks/qata_test_sub-S09679_ses-E17874_run-1_bp-chest_vp-ap_cr.png,predictions/probabilities/qata_test_sub-S09679_ses-E17874_run-1_bp-chest_vp-ap_cr.npy
qata_test_sub-S09679_ses-E18686_run-1_bp-chest_vp-ap_cr,sub-S09679,unet,1003,0.8068022440409642,0.6761680869868326,13.003840481040527,4.5750655001736265,predictions/masks/qata_test_sub-S09679_ses-E18686_run-1_bp-chest_vp-ap_cr.png,predictions/probabilities/qata_test_sub-S09679_ses-E18686_run-1_bp-chest_vp-ap_cr.npy
qata_test_sub-S09679_ses-E19951_run-1_bp-chest_vp-ap_cr,sub-S09679,unet,1003,0.8906961128113803,0.8029324724266488,16.0,3.014270763039891,predictions/masks/qata_test_sub-S09679_ses-E19951_run-1_bp-chest_vp-ap_cr.png,predictions/probabilities/qata_test_sub-S09679_ses-E19951_run-1_bp-chest_vp-ap_cr.npy
qata_test_sub-S09679_ses-E20585_run-1_bp-chest_vp-ap_cr,sub-S09679,unet,1003,0.7771899797745667,0.6355770454302637,55.05224365061281,10.023231234372544,predictions/masks/qata_test_sub-S09679_ses-E20585_run-1_bp-chest_vp-ap_cr.png,predictions/probabilities/qata_test_sub-S09679_ses-E20585_run-1_bp-chest_vp-ap_cr.npy
qata_test_sub-S09679_ses-E20766_run-1_bp-chest_vp-ap_cr,sub-S09679,unet,1003,0.8213295159718947,0.6968270836542154,15.380779018481164,4.074332727862668,predictions/masks/qata_test_sub-S09679_ses-E20766_run-1_bp-chest_vp-ap_cr.png,predictions/probabilities/qata_test_sub-S09679_ses-E20766_run-1_bp-chest_vp-ap_cr.npy
qata_test_sub-S09679_ses-E21081_run-2_bp-chest_vp-ap_cr,sub-S09679,unet,1003,0.9750284528354085,0.9512736773357117,2.0,0.574850577473159,predictions/masks/qata_test_sub-S09679_ses-E21081_run-2_bp-chest_vp-ap_cr.png,predictions/probabilities/qata_test_sub-S09679_ses-E21081_run-2_bp-chest_vp-ap_cr.npy
qata_test_sub-S09679_ses-E21464_run-1_bp-chest_vp-ap_cr,sub-S09679,unet,1003,0.9546685931013665,0.9132688320678426,2.23606797749979,0.953208678509405,predictions/masks/qata_test_sub-S09679_ses-E21464_run-1_bp-chest_vp-ap_cr.png,predictions/probabilities/qata_test_sub-S09679_ses-E21464_run-1_bp-chest_vp-ap_cr.npy
qata_test_sub-S09679_ses-E21989_run-1_bp-chest_vp-ap_cr,sub-S09679,unet,1003,0.9125367025543862,0.8391425298668116,8.0,1.8479750285372571,predictions/masks/qata_test_sub-S09679_ses-E21989_run-1_bp-chest_vp-ap_cr.png,predictions/probabilities/qata_test_sub-S09679_ses-E21989_run-1_bp-chest_vp-ap_cr.npy
qata_test_sub-S09679_ses-E22137_run-1_bp-chest_vp-ap_cr,sub-S09679,unet,1003,0.8441012830720551,0.7302554027557907,16.18623753639814,3.0932628487695695,predictions/masks/qata_test_sub-S09679_ses-E22137_run-1_bp-chest_vp-ap_cr.png,predictions/probabilities/qata_test_sub-S09679_ses-E22137_run-1_bp-chest_vp-ap_cr.npy
qata_test_sub-S09679_ses-E22304_run-1_bp-chest_vp-ap_cr,sub-S09679,unet,1003,0.9200203769746984,0.851886792455159,5.385164807134504,1.8535020745694097,predictions/masks/qata_test_sub-S09679_ses-E22304_run-1_bp-chest_vp-ap_cr.png,predictions/probabilities/qata_test_sub-S09679_ses-E22304_run-1_bp-chest_vp-ap_cr.npy
qata_test_sub-S09679_ses-E22740_run-1_bp-chest_vp-ap_cr,sub-S09679,unet,1003,0.8785353535368872,0.7833821211487642,80.6733602738273,7.383307953849219,predictions/masks/qata_test_sub-S09679_ses-E22740_run-1_bp-chest_vp-ap_cr.png,predictions/probabilities/qata_test_sub-S09679_ses-E22740_run-1_bp-chest_vp-ap_cr.npy
qata_test_sub-S09679_ses-E24004_run-1_bp-chest_vp-ap_cr,sub-S09679,unet,1003,0.9521379094841304,0.908648111332916,9.523035462634201,3.083462402098096,predictions/masks/qata_test_sub-S09679_ses-E24004_run-1_bp-chest_vp-ap_cr.png,predictions/probabilities/qata_test_sub-S09679_ses-E24004_run-1_bp-chest_vp-ap_cr.npy
qata_test_sub-S09679_ses-E24254_run-1_bp-chest_vp-ap_cr,sub-S09679,unet,1003,0.9504373177846178,0.9055555555568673,3.1622776601683795,2.7839590715694125,predictions/masks/qata_test_sub-S09679_ses-E24254_run-1_bp-chest_vp-ap_cr.png,predictions/probabilities/qata_test_sub-S09679_ses-E24254_run-1_bp-chest_vp-ap_cr.npy
qata_test_sub-S09679_ses-E25345_run-1_bp-chest_vp-ap_cr,sub-S09679,unet,1003,0.9531387117536235,0.9104727841744665,4.0,3.9232635157443223,predictions/masks/qata_test_sub-S09679_ses-E25345_run-1_bp-chest_vp-ap_cr.png,predictions/probabilities/qata_test_sub-S09679_ses-E25345_run-1_bp-chest_vp-ap_cr.npy
qata_test_sub-S09680_ses-E16590_run-1_bp-chest_vp-ap_cr,sub-S09680,unet,1003,0.7782374100739368,0.6369792433440751,122.43454074781377,26.703101903503242,predictions/masks/qata_test_sub-S09680_ses-E16590_run-1_bp-chest_vp-ap_cr.png,predictions/probabilities/qata_test_sub-S09680_ses-E16590_run-1_bp-chest_vp-ap_cr.npy
qata_test_sub-S09680_ses-E16777_run-1_bp-chest_vp-ap_cr,sub-S09680,unet,1003,0.6789500252418037,0.5139472678686096,73.83594882836574,13.514946704508638,predictions/masks/qata_test_sub-S09680_ses-E16777_run-1_bp-chest_vp-ap_cr.png,predictions/probabilities/qata_test_sub-S09680_ses-E16777_run-1_bp-chest_vp-ap_cr.npy
qata_test_sub-S09680_ses-E16899_run-1_bp-chest_vp-ap_cr,sub-S09680,unet,1003,0.6724260019850417,0.5065073607904148,37.0,8.651476306682872,predictions/masks/qata_test_sub-S09680_ses-E16899_run-1_bp-chest_vp-ap_cr.png,predictions/probabilities/qata_test_sub-S09680_ses-E16899_run-1_bp-chest_vp-ap_cr.npy
qata_test_sub-S09680_ses-E17170_run-1_bp-chest_vp-ap_cr,sub-S09680,unet,1003,0.6284299566767868,0.4581829121594646,24.855302083767903,6.120764521689689,predictions/masks/qata_test_sub-S09680_ses-E17170_run-1_bp-chest_vp-ap_cr.png,predictions/probabilities/qata_test_sub-S09680_ses-E17170_run-1_bp-chest_vp-ap_cr.npy
qata_test_sub-S09680_ses-E17403_run-1_bp-chest_vp-ap_cr,sub-S09680,unet,1003,0.7513849632588876,0.6017747193118114,43.0,9.458346142158238,predictions/masks/qata_test_sub-S09680_ses-E17403_run-1_bp-chest_vp-ap_cr.png,predictions/probabilities/qata_test_sub-S09680_ses-E17403_run-1_bp-chest_vp-ap_cr.npy
qata_test_sub-S09680_ses-E17459_run-1_bp-chest_vp-ap_cr,sub-S09680,unet,1003,0.9126735333636774,0.8393739703476175,8.94427190999916,2.3149969113505655,predictions/masks/qata_test_sub-S09680_ses-E17459_run-1_bp-chest_vp-ap_cr.png,predictions/probabilities/qata_test_sub-S09680_ses-E17459_run-1_bp-chest_vp-ap_cr.npy
qata_test_sub-S09680_ses-E17869_run-1_bp-chest_vp-ap_cr,sub-S09680,unet,1003,0.6254558716288265,0.45502785885332064,52.037819557826325,10.068184436865478,predictions/masks/qata_test_sub-S09680_ses-E17869_run-1_bp-chest_vp-ap_cr.png,predictions/probabilities/qata_test_sub-S09680_ses-E17869_run-1_bp-chest_vp-ap_cr.npy
qata_test_sub-S09680_ses-E18330_run-1_bp-chest_vp-ap_cr,sub-S09680,unet,1003,0.3875338753431212,0.2403361344605012,77.43221464528578,22.87331736168811,predictions/masks/qata_test_sub-S09680_ses-E18330_run-1_bp-chest_vp-ap_cr.png,predictions/probabilities/qata_test_sub-S09680_ses-E18330_run-1_bp-chest_vp-ap_cr.npy
qata_test_sub-S09680_ses-E18564_run-1_bp-chest_vp-ap_cr,sub-S09680,unet,1003,0.5887397202531192,0.4171730252075189,36.33592111377361,9.711984689457092,predictions/masks/qata_test_sub-S09680_ses-E18564_run-1_bp-chest_vp-ap_cr.png,predictions/probabilities/qata_test_sub-S09680_ses-E18564_run-1_bp-chest_vp-ap_cr.npy
qata_test_sub-S09680_ses-E18687_run-1_bp-chest_vp-ap_cr,sub-S09680,unet,1003,0.6797066014709082,0.5148148148237998,63.21707132697365,13.945294312154191,predictions/masks/qata_test_sub-S09680_ses-E18687_run-1_bp-chest_vp-ap_cr.png,predictions/probabilities/qata_test_sub-S09680_ses-E18687_run-1_bp-chest_vp-ap_cr.npy
qata_test_sub-S09680_ses-E18870_run-1_bp-chest_vp-ap_cr,sub-S09680,unet,1003,0.748700623703889,0.598338525449671,64.1598275080551,11.03791312304862,predictions/masks/qata_test_sub-S09680_ses-E18870_run-1_bp-chest_vp-ap_cr.png,predictions/probabilities/qata_test_sub-S09680_ses-E18870_run-1_bp-chest_vp-ap_cr.npy
qata_test_sub-S09680_ses-E19339_run-1_bp-chest_vp-ap_cr,sub-S09680,unet,1003,0.9523285084960968,0.9089953446470266,7.211102550927979,1.7620644649147186,predictions/masks/qata_test_sub-S09680_ses-E19339_run-1_bp-chest_vp-ap_cr.png,predictions/probabilities/qata_test_sub-S09680_ses-E19339_run-1_bp-chest_vp-ap_cr.npy
qata_test_sub-S09680_ses-E20367_run-1_bp-chest_vp-ap_cr,sub-S09680,unet,1003,0.86328318730444,0.7594531704502671,16.64331697709324,3.2604922790891697,predictions/masks/qata_test_sub-S09680_ses-E20367_run-1_bp-chest_vp-ap_cr.png,predictions/probabilities/qata_test_sub-S09680_ses-E20367_run-1_bp-chest_vp-ap_cr.npy
qata_test_sub-S09680_ses-E20758_run-1_bp-chest_vp-ap_cr,sub-S09680,unet,1003,0.7645558861045151,0.6188510491959769,36.76955262170047,7.3091239355826465,predictions/masks/qata_test_sub-S09680_ses-E20758_run-1_bp-chest_vp-ap_cr.png,predictions/probabilities/qata_test_sub-S09680_ses-E20758_run-1_bp-chest_vp-ap_cr.npy
qata_test_sub-S09680_ses-E20909_run-1_bp-chest_vp-ap_cr,sub-S09680,unet,1003,0.33541566555179797,0.20150115474363162,80.26829138207535,24.097454548621304,predictions/masks/qata_test_sub-S09680_ses-E20909_run-1_bp-chest_vp-ap_cr.png,predictions/probabilities/qata_test_sub-S09680_ses-E20909_run-1_bp-chest_vp-ap_cr.npy
qata_test_sub-S09680_ses-E22528_run-1_bp-chest_vp-pa_cr,sub-S09680,unet,1003,0.9239443894463739,0.8586400000011309,9.0,2.5348163941802135,predictions/masks/qata_test_sub-S09680_ses-E22528_run-1_bp-chest_vp-pa_cr.png,predictions/probabilities/qata_test_sub-S09680_ses-E22528_run-1_bp-chest_vp-pa_cr.npy
qata_test_sub-S09681_ses-E16591_run-1_bp-chest_vp-ap_dx,sub-S09681,unet,1003,0.9599482607291544,0.9229812561079952,4.47213595499958,1.173069702335352,predictions/masks/qata_test_sub-S09681_ses-E16591_run-1_bp-chest_vp-ap_dx.png,predictions/probabilities/qata_test_sub-S09681_ses-E16591_run-1_bp-chest_vp-ap_dx.npy
qata_test_sub-S09681_ses-E16901_run-1_bp-chest_vp-ap_dx,sub-S09681,unet,1003,0.9612721982544332,0.9254322418629825,3.0,1.0220319970229514,predictions/masks/qata_test_sub-S09681_ses-E16901_run-1_bp-chest_vp-ap_dx.png,predictions/probabilities/qata_test_sub-S09681_ses-E16901_run-1_bp-chest_vp-ap_dx.npy
qata_test_sub-S09681_ses-E17859_run-1_bp-chest_vp-ap_dx,sub-S09681,unet,1003,0.9691316670962683,0.9401119776050779,3.0,0.8166450566832152,predictions/masks/qata_test_sub-S09681_ses-E17859_run-1_bp-chest_vp-ap_dx.png,predictions/probabilities/qata_test_sub-S09681_ses-E17859_run-1_bp-chest_vp-ap_dx.npy
qata_test_sub-S09681_ses-E17943_run-1_bp-chest_vp-ap_dx,sub-S09681,unet,1003,0.8749544294579388,0.7777057679880476,16.385621549285176,3.224534802322164,predictions/masks/qata_test_sub-S09681_ses-E17943_run-1_bp-chest_vp-ap_dx.png,predictions/probabilities/qata_test_sub-S09681_ses-E17943_run-1_bp-chest_vp-ap_dx.npy
qata_test_sub-S09681_ses-E18333_run-1_bp-chest_vp-ap_dx,sub-S09681,unet,1003,0.9755430494925812,0.9522538248285014,2.0,0.5947711348832652,predictions/masks/qata_test_sub-S09681_ses-E18333_run-1_bp-chest_vp-ap_dx.png,predictions/probabilities/qata_test_sub-S09681_ses-E18333_run-1_bp-chest_vp-ap_dx.npy
qata_test_sub-S09681_ses-E19189_run-1_bp-chest_vp-ap_dx,sub-S09681,unet,1003,0.9740642646545696,0.9494398441310332,2.0,0.6555823613941839,predictions/masks/qata_test_sub-S09681_ses-E19189_run-1_bp-chest_vp-ap_dx.png,predictions/probabilities/qata_test_sub-S09681_ses-E19189_run-1_bp-chest_vp-ap_dx.npy
qata_test_sub-S09681_ses-E19613_run-1_bp-chest_vp-ap_dx,sub-S09681,unet,1003,0.9602240183290255,0.923491247399639,4.0,1.0506481050149912,predictions/masks/qata_test_sub-S09681_ses-E19613_run-1_bp-chest_vp-ap_dx.png,predictions/probabilities/qata_test_sub-S09681_ses-E19613_run-1_bp-chest_vp-ap_dx.npy
qata_test_sub-S09681_ses-E19946_run-1_bp-chest_vp-ap_dx,sub-S09681,unet,1003,0.9231219626446331,0.8572205306670593,14.0,2.2366506758032916,predictions/masks/qata_test_sub-S09681_ses-E19946_run-1_bp-chest_vp-ap_dx.png,predictions/probabilities/qata_test_sub-S09681_ses-E19946_run-1_bp-chest_vp-ap_dx.npy
qata_test_sub-S09681_ses-E20151_run-1_bp-chest_vp-ap_dx,sub-S09681,unet,1003,0.6771666529258913,0.5119062461100623,33.01439063651644,7.0686543657256875,predictions/masks/qata_test_sub-S09681_ses-E20151_run-1_bp-chest_vp-ap_dx.png,predictions/probabilities/qata_test_sub-S09681_ses-E20151_run-1_bp-chest_vp-ap_dx.npy
qata_test_sub-S09681_ses-E20761_run-1_bp-chest_vp-ap_dx,sub-S09681,unet,1003,0.9760617760618787,0.9532428355961686,2.23606797749979,0.6490848872226627,predictions/masks/qata_test_sub-S09681_ses-E20761_run-1_bp-chest_vp-ap_dx.png,predictions/probabilities/qata_test_sub-S09681_ses-E20761_run-1_bp-chest_vp-ap_dx.npy
qata_test_sub-S09681_ses-E21457_run-1_bp-chest_vp-ap_dx,sub-S09681,unet,1003,0.9234541951309426,0.8577936869524048,8.549835897490034,1.9794367434828601,predictions/masks/qata_test_sub-S09681_ses-E21457_run-1_bp-chest_vp-ap_dx.png,predictions/probabilities/qata_test_sub-S09681_ses-E21457_run-1_bp-chest_vp-ap_dx.npy
qata_test_sub-S09681_ses-E21622_run-1_bp-chest_vp-ap_dx,sub-S09681,unet,1003,0.9662153103635459,0.934638827649661,2.8284271247461903,0.7924692273459959,predictions/masks/qata_test_sub-S09681_ses-E21622_run-1_bp-chest_vp-ap_dx.png,predictions/probabilities/qata_test_sub-S09681_ses-E21622_run-1_bp-chest_vp-ap_dx.npy
qata_test_sub-S09681_ses-E21995_run-1_bp-chest_vp-ap_dx,sub-S09681,unet,1003,0.9756415630386305,0.9524415749754257,2.0,0.6407327914622923,predictions/masks/qata_test_sub-S09681_ses-E21995_run-1_bp-chest_vp-ap_dx.png,predictions/probabilities/qata_test_sub-S09681_ses-E21995_run-1_bp-chest_vp-ap_dx.npy
qata_test_sub-S09681_ses-E22289_run-1_bp-chest_vp-ap_dx,sub-S09681,unet,1003,0.9732926363984487,0.9479747305839096,2.23606797749979,0.7217964999540224,predictions/masks/qata_test_sub-S09681_ses-E22289_run-1_bp-chest_vp-ap_dx.png,predictions/probabilities/qata_test_sub-S09681_ses-E22289_run-1_bp-chest_vp-ap_dx.npy
qata_test_sub-S09681_ses-E22929_run-1_bp-chest_vp-ap_dx,sub-S09681,unet,1003,0.9713073455318414,0.9442153021247245,2.8284271247461903,0.7146866081720437,predictions/masks/qata_test_sub-S09681_ses-E22929_run-1_bp-chest_vp-ap_dx.png,predictions/probabilities/qata_test_sub-S09681_ses-E22929_run-1_bp-chest_vp-ap_dx.npy
qata_test_sub-S09681_ses-E23258_run-1_bp-chest_vp-ap_dx,sub-S09681,unet,1003,0.872976553949692,0.7745859742407013,12.649110640673518,2.540316214698458,predictions/masks/qata_test_sub-S09681_ses-E23258_run-1_bp-chest_vp-ap_dx.png,predictions/probabilities/qata_test_sub-S09681_ses-E23258_run-1_bp-chest_vp-ap_dx.npy
qata_test_sub-S09681_ses-E24429_run-1_bp-chest_vp-ap_dx,sub-S09681,unet,1003,0.9703703703705076,0.9424460431659852,3.0,0.77060822475,predictions/masks/qata_test_sub-S09681_ses-E24429_run-1_bp-chest_vp-ap_dx.png,predictions/probabilities/qata_test_sub-S09681_ses-E24429_run-1_bp-chest_vp-ap_dx.npy
qata_test_sub-S09681_ses-E24806_run-1_bp-chest_vp-ap_dx,sub-S09681,unet,1003,0.6805479452098555,0.5157807309070643,93.52910412173318,16.340192091624477,predictions/masks/qata_test_sub-S09681_ses-E24806_run-1_bp-chest_vp-ap_dx.png,predictions/probabilities/qata_test_sub-S09681_ses-E24806_run-1_bp-chest_vp-ap_dx.npy
qata_test_sub-S09681_ses-E26032_run-1_bp-chest_vp-ap_dx,sub-S09681,unet,1003,0.9647429949899576,0.9318874350248083,4.47213595499958,1.010684752589521,predictions/masks/qata_test_sub-S09681_ses-E26032_run-1_bp-chest_vp-ap_dx.png,predictions/probabilities/qata_test_sub-S09681_ses-E26032_run-1_bp-chest_vp-ap_dx.npy
qata_test_sub-S09683_ses-E16594_run-1_bp-chest_vp-ap_cr,sub-S09683,unet,1003,0.9403745982492498,0.8874594707678333,6.0,1.5768723205660313,predictions/masks/qata_test_sub-S09683_ses-E16594_run-1_bp-chest_vp-ap_cr.png,predictions/probabilities/qata_test_sub-S09683_ses-E16594_run-1_bp-chest_vp-ap_cr.npy
qata_test_sub-S09683_ses-E16692_run-1_bp-chest_vp-ap_cr,sub-S09683,unet,1003,0.9633862046900243,0.9293588499873943,3.0,0.9533598306517784,predictions/masks/qata_test_sub-S09683_ses-E16692_run-1_bp-chest_vp-ap_cr.png,predictions/probabilities/qata_test_sub-S09683_ses-E16692_run-1_bp-chest_vp-ap_cr.npy
qata_test_sub-S09683_ses-E16929_run-1_bp-chest_vp-ap_cr,sub-S09683,unet,1003,0.9519841471472386,0.9083680791243249,5.0,1.3199521191181969,predictions/masks/qata_test_sub-S09683_ses-E16929_run-1_bp-chest_vp-ap_cr.png,predictions/probabilities/qata_test_sub-S09683_ses-E16929_run-1_bp-chest_vp-ap_cr.npy
qata_test_sub-S09683_ses-E17252_run-1_bp-chest_vp-ap_cr,sub-S09683,unet,1003,0.9668401911148339,0.9358089453349557,2.0,0.7514023930545268,predictions/masks/qata_test_sub-S09683_ses-E17252_run-1_bp-chest_vp-ap_cr.png,predictions/probabilities/qata_test_sub-S09683_ses-E17252_run-1_bp-chest_vp-ap_cr.npy
qata_test_sub-S09683_ses-E17515_run-1_bp-chest_vp-ap_cr,sub-S09683,unet,1003,0.9351815477864348,0.8782544534639164,6.464140176446167,1.6945970786928366,predictions/masks/qata_test_sub-S09683_ses-E17515_run-1_bp-chest_vp-ap_cr.png,predictions/probabilities/qata_test_sub-S09683_ses-E17515_run-1_bp-chest_vp-ap_cr.npy
qata_test_sub-S09683_ses-E18426_run-1_bp-chest_vp-ap_cr,sub-S09683,unet,1003,0.9378127233741348,0.8829071332446576,6.4031242374328485,1.3572316405096796,predictions/masks/qata_test_sub-S09683_ses-E18426_run-1_bp-chest_vp-ap_cr.png,predictions/probabilities/qata_test_sub-S09683_ses-E18426_run-1_bp-chest_vp-ap_cr.npy
qata_test_sub-S09683_ses-E19661_run-1_bp-chest_vp-ap_cr,sub-S09683,unet,1003,0.9744179626393006,0.9501121579187967,2.0,0.6572344788301765,predictions/masks/qata_test_sub-S09683_ses-E19661_run-1_bp-chest_vp-ap_cr.png,predictions/probabilities/qata_test_sub-S09683_ses-E19661_run-1_bp-chest_vp-ap_cr.npy
qata_test_sub-S09683_ses-E20273_run-1_bp-chest_vp-ap_cr,sub-S09683,unet,1003,0.9671407076640919,0.9363721804517259,3.0,0.8326465735842707,predictions/masks/qata_test_sub-S09683_ses-E20273_run-1_bp-chest_vp-ap_cr.png,predictions/probabilities/qata_test_sub-S09683_ses-E20273_run-1_bp-chest_vp-ap_cr.npy
qata_test_sub-S09683_ses-E20396_run-1_bp-chest_vp-ap_cr,sub-S09683,unet,1003,0.9516085910348828,0.9076844610684488,4.47213595499958,1.3519582773071472,predictions/masks/qata_test_sub-S09683_ses-E20396_run-1_bp-chest_vp-ap_cr.png,predictions/probabilities/qata_test_sub-S09683_ses-E20396_run-1_bp-chest_vp-ap_cr.npy
qata_test_sub-S09683_ses-E20627_run-1_bp-chest_vp-ap_cr,sub-S09683,unet,1003,0.9385555900946091,0.884224912144824,11.180339887498949,2.100586468304274,predictions/masks/qata_test_sub-S09683_ses-E20627_run-1_bp-chest_vp-ap_cr.png,predictions/probabilities/qata_test_sub-S09683_ses-E20627_run-1_bp-chest_vp-ap_cr.npy
qata_test_sub-S09683_ses-E20643_run-1_bp-chest_vp-ap_cr,sub-S09683,unet,1003,0.9212983997176976,0.8540808685899094,12.727922061357855,2.2354498789920356,predictions/masks/qata_test_sub-S09683_ses-E20643_run-1_bp-chest_vp-ap_cr.png,predictions/probabilities/qata_test_sub-S09683_ses-E20643_run-1_bp-chest_vp-ap_cr.npy
qata_test_sub-S09683_ses-E20797_run-1_bp-chest_vp-ap_cr,sub-S09683,unet,1003,0.9682199901203786,0.9383977018838345,2.23606797749979,0.7837715336749337,predictions/masks/qata_test_sub-S09683_ses-E20797_run-1_bp-chest_vp-ap_cr.png,predictions/probabilities/qata_test_sub-S09683_ses-E20797_run-1_bp-chest_vp-ap_cr.npy
qata_test_sub-S09683_ses-E21135_run-1_bp-chest_vp-pa_cr,sub-S09683,unet,1003,0.9522208362712066,0.9087991718435943,6.117038066139075,2.0371511291354953,predictions/masks/qata_test_sub-S09683_ses-E21135_run-1_bp-chest_vp-pa_cr.png,predictions/probabilities/qata_test_sub-S09683_ses-E21135_run-1_bp-chest_vp-pa_cr.npy
qata_test_sub-S09683_ses-E21348_run-1_bp-chest_vp-ap_cr,sub-S09683,unet,1003,0.9679419525068078,0.9378754953350649,2.23606797749979,0.7817054174259102,predictions/masks/qata_test_sub-S09683_ses-E21348_run-1_bp-chest_vp-ap_cr.png,predictions/probabilities/qata_test_sub-S09683_ses-E21348_run-1_bp-chest_vp-ap_cr.npy
qata_test_sub-S09683_ses-E21483_run-1_bp-chest_vp-pa_cr,sub-S09683,unet,1003,0.9712686753611589,0.9441422187687571,2.0,0.6887716764364527,predictions/masks/qata_test_sub-S09683_ses-E21483_run-1_bp-chest_vp-pa_cr.png,predictions/probabilities/qata_test_sub-S09683_ses-E21483_run-1_bp-chest_vp-pa_cr.npy
qata_test_sub-S09683_ses-E22571_run-1_bp-chest_vp-ap_cr,sub-S09683,unet,1003,0.8993764781772771,0.817151787460274,16.918685714917906,2.8445585603993577,predictions/masks/qata_test_sub-S09683_ses-E22571_run-1_bp-chest_vp-ap_cr.png,predictions/probabilities/qata_test_sub-S09683_ses-E22571_run-1_bp-chest_vp-ap_cr.npy
qata_test_sub-S09683_ses-E22974_run-1_bp-chest_vp-ap_cr,sub-S09683,unet,1003,0.9580390952821716,0.9194578135750962,3.1622776601683795,1.0547502768251256,predictions/masks/qata_test_sub-S09683_ses-E22974_run-1_bp-chest_vp-ap_cr.png,predictions/probabilities/qata_test_sub-S09683_ses-E22974_run-1_bp-chest_vp-ap_cr.npy
qata_test_sub-S09683_ses-E24266_run-1_bp-chest_vp-ap_cr,sub-S09683,unet,1003,0.8324715615319505,0.7130203720148653,22.70233936221275,4.766367720151734,predictions/masks/qata_test_sub-S09683_ses-E24266_run-1_bp-chest_vp-ap_cr.png,predictions/probabilities/qata_test_sub-S09683_ses-E24266_run-1_bp-chest_vp-ap_cr.npy
qata_test_sub-S09683_ses-E24267_run-1_bp-chest_vp-ap_cr,sub-S09683,unet,1003,0.9738210087576742,0.9489777290986767,2.23606797749979,0.9225384618848645,predictions/masks/qata_test_sub-S09683_ses-E24267_run-1_bp-chest_vp-ap_cr.png,predictions/probabilities/qata_test_sub-S09683_ses-E24267_run-1_bp-chest_vp-ap_cr.npy
qata_test_sub-S09683_ses-E25533_run-1_bp-chest_vp-ap_cr,sub-S09683,unet,1003,0.8161221082778902,0.6893634166057743,16.65799998574353,4.0345493872806095,predictions/masks/qata_test_sub-S09683_ses-E25533_run-1_bp-chest_vp-ap_cr.png,predictions/probabilities/qata_test_sub-S09683_ses-E25533_run-1_bp-chest_vp-ap_cr.npy
qata_test_sub-S09683_ses-E26307_run-1_bp-chest_vp-ap_cr,sub-S09683,unet,1003,0.735501765005856,0.5816550349036559,86.8265464336049,21.393963864030876,predictions/masks/qata_test_sub-S09683_ses-E26307_run-1_bp-chest_vp-ap_cr.png,predictions/probabilities/qata_test_sub-S09683_ses-E26307_run-1_bp-chest_vp-ap_cr.npy
qata_test_sub-S09683_ses-E26484_run-1_bp-chest_vp-ap_cr,sub-S09683,unet,1003,0.8393859977551537,0.723225806456077,32.939211745616696,5.5925072489190315,predictions/masks/qata_test_sub-S09683_ses-E26484_run-1_bp-chest_vp-ap_cr.png,predictions/probabilities/qata_test_sub-S09683_ses-E26484_run-1_bp-chest_vp-ap_cr.npy
qata_test_sub-S09684_ses-E16597_run-1_bp-chest_vp-pa_dx,sub-S09684,unet,1003,0.8937624155749403,0.8079298951327692,8.48528137423857,1.9007622993619435,predictions/masks/qata_test_sub-S09684_ses-E16597_run-1_bp-chest_vp-pa_dx.png,predictions/probabilities/qata_test_sub-S09684_ses-E16597_run-1_bp-chest_vp-pa_dx.npy
qata_test_sub-S09684_ses-E25099_run-1_bp-chest_dx,sub-S09684,unet,1003,0.9406741972788342,0.8879932829573804,6.0,1.4460701097340507,predictions/masks/qata_test_sub-S09684_ses-E25099_run-1_bp-chest_dx.png,predictions/probabilities/qata_test_sub-S09684_ses-E25099_run-1_bp-chest_dx.npy
qata_test_sub-S09685_ses-E16598_run-1_bp-chest_vp-ap_dx,sub-S09685,unet,1003,0.7850377652585416,0.6461417012108518,33.69754280752265,6.256505091917188,predictions/masks/qata_test_sub-S09685_ses-E16598_run-1_bp-chest_vp-ap_dx.png,predictions/probabilities/qata_test_sub-S09685_ses-E16598_run-1_bp-chest_vp-ap_dx.npy
qata_test_sub-S09687_ses-E16601_run-1_bp-chest_cr,sub-S09687,unet,1003,0.975165633682517,0.9515348682019391,2.23606797749979,0.777591710327274,predictions/masks/qata_test_sub-S09687_ses-E16601_run-1_bp-chest_cr.png,predictions/probabilities/qata_test_sub-S09687_ses-E16601_run-1_bp-chest_cr.npy
qata_test_sub-S09687_ses-E17027_run-1_bp-chest_cr,sub-S09687,unet,1003,0.9588240350728152,0.9209048877153162,8.06225774829855,1.6350561026553754,predictions/masks/qata_test_sub-S09687_ses-E17027_run-1_bp-chest_cr.png,predictions/probabilities/qata_test_sub-S09687_ses-E17027_run-1_bp-chest_cr.npy
qata_test_sub-S09687_ses-E17093_run-1_bp-chest_cr,sub-S09687,unet,1003,0.97029022840473,0.9422948632426427,3.0,0.8854750010866104,predictions/masks/qata_test_sub-S09687_ses-E17093_run-1_bp-chest_cr.png,predictions/probabilities/qata_test_sub-S09687_ses-E17093_run-1_bp-chest_cr.npy
qata_test_sub-S09687_ses-E17468_run-1_bp-chest_cr,sub-S09687,unet,1003,0.8965935604297872,0.8125687219841616,10.44030650891055,1.9723916209390842,predictions/masks/qata_test_sub-S09687_ses-E17468_run-1_bp-chest_cr.png,predictions/probabilities/qata_test_sub-S09687_ses-E17468_run-1_bp-chest_cr.npy
qata_test_sub-S09687_ses-E17521_run-1_bp-chest_cr,sub-S09687,unet,1003,0.9652883078563776,0.9329055766798724,4.0,1.1335049517807292,predictions/masks/qata_test_sub-S09687_ses-E17521_run-1_bp-chest_cr.png,predictions/probabilities/qata_test_sub-S09687_ses-E17521_run-1_bp-chest_cr.npy
qata_test_sub-S09687_ses-E17602_run-1_bp-chest_cr,sub-S09687,unet,1003,0.7296452570735299,0.57436339033615,70.4601514637387,13.568078550805104,predictions/masks/qata_test_sub-S09687_ses-E17602_run-1_bp-chest_cr.png,predictions/probabilities/qata_test_sub-S09687_ses-E17602_run-1_bp-chest_cr.npy
qata_test_sub-S09687_ses-E17960_run-1_bp-chest_cr,sub-S09687,unet,1003,0.9157981349427875,0.8446749304338926,11.180339887498949,2.1312715850328816,predictions/masks/qata_test_sub-S09687_ses-E17960_run-1_bp-chest_cr.png,predictions/probabilities/qata_test_sub-S09687_ses-E17960_run-1_bp-chest_cr.npy
qata_test_sub-S09687_ses-E18005_run-1_bp-chest_cr,sub-S09687,unet,1003,0.9828897338403749,0.9663551401871893,1.4142135623730951,0.4866960451892533,predictions/masks/qata_test_sub-S09687_ses-E18005_run-1_bp-chest_cr.png,predictions/probabilities/qata_test_sub-S09687_ses-E18005_run-1_bp-chest_cr.npy
qata_test_sub-S09687_ses-E18404_run-1_bp-chest_cr,sub-S09687,unet,1003,0.9775852159689749,0.9561532474275175,2.0,0.6213043316055326,predictions/masks/qata_test_sub-S09687_ses-E18404_run-1_bp-chest_cr.png,predictions/probabilities/qata_test_sub-S09687_ses-E18404_run-1_bp-chest_cr.npy
qata_test_sub-S09687_ses-E18927_acq-1_run-1_bp-chest_cr,sub-S09687,unet,1003,0.8826283500170922,0.7899147522064743,9.848857801796104,1.8939033247835197,predictions/masks/qata_test_sub-S09687_ses-E18927_acq-1_run-1_bp-chest_cr.png,predictions/probabilities/qata_test_sub-S09687_ses-E18927_acq-1_run-1_bp-chest_cr.npy
qata_test_sub-S09687_ses-E18929_run-1_bp-chest_cr,sub-S09687,unet,1003,0.9118497109837204,0.8379814077061093,4.242640687119285,3.1514660065914937,predictions/masks/qata_test_sub-S09687_ses-E18929_run-1_bp-chest_cr.png,predictions/probabilities/qata_test_sub-S09687_ses-E18929_run-1_bp-chest_cr.npy
qata_test_sub-S09687_ses-E19646_run-1_bp-chest_cr,sub-S09687,unet,1003,0.6769543147273714,0.5116635973139453,70.70625816712243,11.50137160898277,predictions/masks/qata_test_sub-S09687_ses-E19646_run-1_bp-chest_cr.png,predictions/probabilities/qata_test_sub-S09687_ses-E19646_run-1_bp-chest_cr.npy
qata_test_sub-S09687_ses-E19821_run-1_bp-chest_cr,sub-S09687,unet,1003,0.4324200913371594,0.2758520244894887,52.22166782217735,16.179726277057615,predictions/masks/qata_test_sub-S09687_ses-E19821_run-1_bp-chest_cr.png,predictions/probabilities/qata_test_sub-S09687_ses-E19821_run-1_bp-chest_cr.npy
qata_test_sub-S09687_ses-E20276_run-1_bp-chest_cr,sub-S09687,unet,1003,0.8830778048439384,0.7906350224529746,15.107883557409394,2.433709108875761,predictions/masks/qata_test_sub-S09687_ses-E20276_run-1_bp-chest_cr.png,predictions/probabilities/qata_test_sub-S09687_ses-E20276_run-1_bp-chest_cr.npy
qata_test_sub-S09687_ses-E21332_run-1_bp-chest_cr,sub-S09687,unet,1003,0.9411961522380494,0.8889240006337664,6.008276253029814,1.6269739146650877,predictions/masks/qata_test_sub-S09687_ses-E21332_run-1_bp-chest_cr.png,predictions/probabilities/qata_test_sub-S09687_ses-E21332_run-1_bp-chest_cr.npy
qata_test_sub-S09687_ses-E21820_run-1_bp-chest_cr,sub-S09687,unet,1003,0.7524437372158167,0.6031341107944035,17.08800749063506,4.683712558335488,predictions/masks/qata_test_sub-S09687_ses-E21820_run-1_bp-chest_cr.png,predictions/probabilities/qata_test_sub-S09687_ses-E21820_run-1_bp-chest_cr.npy
qata_test_sub-S09687_ses-E22782_run-1_bp-chest_cr,sub-S09687,unet,1003,0.8470502549180984,0.7346809854762122,52.95985822981524,6.066971927216046,predictions/masks/qata_test_sub-S09687_ses-E22782_run-1_bp-chest_cr.png,predictions/probabilities/qata_test_sub-S09687_ses-E22782_run-1_bp-chest_cr.npy
qata_test_sub-S09687_ses-E23618_run-1_bp-chest_vp-pa_cr,sub-S09687,unet,1003,0.58325312804781,0.41168478268862985,21.4022503333308,5.2275591522080935,predictions/masks/qata_test_sub-S09687_ses-E23618_run-1_bp-chest_vp-pa_cr.png,predictions/probabilities/qata_test_sub-S09687_ses-E23618_run-1_bp-chest_vp-pa_cr.npy
qata_test_sub-S09687_ses-E26078_run-1_bp-chest_vp-ap_dx,sub-S09687,unet,1003,0.971941253786091,0.9454141189555818,2.8284271247461903,0.7756912020526698,predictions/masks/qata_test_sub-S09687_ses-E26078_run-1_bp-chest_vp-ap_dx.png,predictions/probabilities/qata_test_sub-S09687_ses-E26078_run-1_bp-chest_vp-ap_dx.npy
qata_test_sub-S09688_ses-E16603_run-1_bp-chest_vp-ap_dx,sub-S09688,unet,1003,0.8550205365738441,0.7467562204282284,22.21460127501537,4.505726616800832,predictions/masks/qata_test_sub-S09688_ses-E16603_run-1_bp-chest_vp-ap_dx.png,predictions/probabilities/qata_test_sub-S09688_ses-E16603_run-1_bp-chest_vp-ap_dx.npy
qata_test_sub-S09688_ses-E18703_run-1_bp-chest_vp-ap_dx,sub-S09688,unet,1003,0.17801608581292183,0.0977045321042465,137.03210714710542,63.21397269508,predictions/masks/qata_test_sub-S09688_ses-E18703_run-1_bp-chest_vp-ap_dx.png,predictions/probabilities/qata_test_sub-S09688_ses-E18703_run-1_bp-chest_vp-ap_dx.npy
qata_test_sub-S09688_ses-E22143_run-1_bp-chest_vp-ap_dx,sub-S09688,unet,1003,0.5396825397053729,0.36956521743413273,44.29138886292324,11.125263025612849,predictions/masks/qata_test_sub-S09688_ses-E22143_run-1_bp-chest_vp-ap_dx.png,predictions/probabilities/qata_test_sub-S09688_ses-E22143_run-1_bp-chest_vp-ap_dx.npy
qata_test_sub-S09688_ses-E23740_run-1_bp-chest_vp-ap_dx,sub-S09688,unet,1003,0.924786013477283,0.8600948509508791,8.54400374531753,2.733383645229457,predictions/masks/qata_test_sub-S09688_ses-E23740_run-1_bp-chest_vp-ap_dx.png,predictions/probabilities/qata_test_sub-S09688_ses-E23740_run-1_bp-chest_vp-ap_dx.npy
qata_test_sub-S09689_ses-E16604_run-1_bp-chest_vp-ap_dx,sub-S09689,unet,1003,0.9388369990964819,0.8847245883034102,6.106941809302051,1.9239337920438788,predictions/masks/qata_test_sub-S09689_ses-E16604_run-1_bp-chest_vp-ap_dx.png,predictions/probabilities/qata_test_sub-S09689_ses-E16604_run-1_bp-chest_vp-ap_dx.npy
qata_test_sub-S09689_ses-E18381_run-1_bp-chest_vp-ap_cr,sub-S09689,unet,1003,0.9578180212016463,0.9190506463242313,4.0,1.4551499101749186,predictions/masks/qata_test_sub-S09689_ses-E18381_run-1_bp-chest_vp-ap_cr.png,predictions/probabilities/qata_test_sub-S09689_ses-E18381_run-1_bp-chest_vp-ap_cr.npy
qata_test_sub-S09689_ses-E18696_run-1_bp-chest_vp-ap_cr,sub-S09689,unet,1003,0.9409298495175494,0.8884490315299244,4.334438794271371,1.4390023281705726,predictions/masks/qata_test_sub-S09689_ses-E18696_run-1_bp-chest_vp-ap_cr.png,predictions/probabilities/qata_test_sub-S09689_ses-E18696_run-1_bp-chest_vp-ap_cr.npy
qata_test_sub-S09689_ses-E19106_run-1_bp-chest_vp-ap_dx,sub-S09689,unet,1003,0.9718482252143481,0.9452380952386621,2.0,0.7324449133039421,predictions/masks/qata_test_sub-S09689_ses-E19106_run-1_bp-chest_vp-ap_dx.png,predictions/probabilities/qata_test_sub-S09689_ses-E19106_run-1_bp-chest_vp-ap_dx.npy
qata_test_sub-S09689_ses-E19201_run-1_bp-chest_vp-ap_dx,sub-S09689,unet,1003,0.955181915312629,0.9142088266962949,7.0,1.39600483992111,predictions/masks/qata_test_sub-S09689_ses-E19201_run-1_bp-chest_vp-ap_dx.png,predictions/probabilities/qata_test_sub-S09689_ses-E19201_run-1_bp-chest_vp-ap_dx.npy
qata_test_sub-S09689_ses-E19645_acq-1_run-1_bp-chest_vp-ap_dx,sub-S09689,unet,1003,0.8518532259865252,0.7419375686696702,20.450827579341542,4.9854828726693405,predictions/masks/qata_test_sub-S09689_ses-E19645_acq-1_run-1_bp-chest_vp-ap_dx.png,predictions/probabilities/qata_test_sub-S09689_ses-E19645_acq-1_run-1_bp-chest_vp-ap_dx.npy
qata_test_sub-S09689_ses-E19803_run-1_bp-chest_vp-ap_dx,sub-S09689,unet,1003,0.962287318014604,0.9273157538885811,4.230687180969106,1.042610930368133,predictions/masks/qata_test_sub-S09689_ses-E19803_run-1_bp-chest_vp-ap_dx.png,predictions/probabilities/qata_test_sub-S09689_ses-E19803_run-1_bp-chest_vp-ap_dx.npy
qata_test_sub-S09689_ses-E19967_run-1_bp-chest_vp-ap_dx,sub-S09689,unet,1003,0.950805152979264,0.9062236205977575,6.0,2.146959372993401,predictions/masks/qata_test_sub-S09689_ses-E19967_run-1_bp-chest_vp-ap_dx.png,predictions/probabilities/qata_test_sub-S09689_ses-E19967_run-1_bp-chest_vp-ap_dx.npy
qata_test_sub-S09689_ses-E20159_run-1_bp-chest_vp-ap_dx,sub-S09689,unet,1003,0.9676038412590096,0.937240838283792,2.23606797749979,0.8286412103640789,predictions/masks/qata_test_sub-S09689_ses-E20159_run-1_bp-chest_vp-ap_dx.png,predictions/probabilities/qata_test_sub-S09689_ses-E20159_run-1_bp-chest_vp-ap_dx.npy
qata_test_sub-S09689_ses-E20397_run-1_bp-chest_vp-ap_cr,sub-S09689,unet,1003,0.935341660544193,0.8785369220168594,4.123105625617661,1.5434052680744565,predictions/masks/qata_test_sub-S09689_ses-E20397_run-1_bp-chest_vp-ap_cr.png,predictions/probabilities/qata_test_sub-S09689_ses-E20397_run-1_bp-chest_vp-ap_cr.npy
qata_test_sub-S09689_ses-E20626_run-1_bp-chest_vp-ap_dx,sub-S09689,unet,1003,0.9585186321117983,0.9203416034755184,11.313708498984761,2.811502137025953,predictions/masks/qata_test_sub-S09689_ses-E20626_run-1_bp-chest_vp-ap_dx.png,predictions/probabilities/qata_test_sub-S09689_ses-E20626_run-1_bp-chest_vp-ap_dx.npy
qata_test_sub-S09689_ses-E20924_run-1_bp-chest_vp-ap_dx,sub-S09689,unet,1003,0.961961115807484,0.9267100977206655,3.1622776601683795,1.0300742944093837,predictions/masks/qata_test_sub-S09689_ses-E20924_run-1_bp-chest_vp-ap_dx.png,predictions/probabilities/qata_test_sub-S09689_ses-E20924_run-1_bp-chest_vp-ap_dx.npy
qata_test_sub-S09689_ses-E21117_run-1_bp-chest_vp-ap_dx,sub-S09689,unet,1003,0.9043797294202963,0.8254499790722022,16.33434734253294,3.0633500090848362,predictions/masks/qata_test_sub-S09689_ses-E21117_run-1_bp-chest_vp-ap_dx.png,predictions/probabilities/qata_test_sub-S09689_ses-E21117_run-1_bp-chest_vp-ap_dx.npy
qata_test_sub-S09689_ses-E21326_run-1_bp-chest_vp-ap_dx,sub-S09689,unet,1003,0.9527320707856538,0.9097309716155805,7.060407640085648,1.532105208723641,predictions/masks/qata_test_sub-S09689_ses-E21326_run-1_bp-chest_vp-ap_dx.png,predictions/probabilities/qata_test_sub-S09689_ses-E21326_run-1_bp-chest_vp-ap_dx.npy
qata_test_sub-S09689_ses-E21327_run-1_bp-chest_vp-ap_dx,sub-S09689,unet,1003,0.9745514369442468,0.9503659881685514,2.23606797749979,0.6674108046072961,predictions/masks/qata_test_sub-S09689_ses-E21327_run-1_bp-chest_vp-ap_dx.png,predictions/probabilities/qata_test_sub-S09689_ses-E21327_run-1_bp-chest_vp-ap_dx.npy
qata_test_sub-S09689_ses-E21475_run-1_bp-chest_vp-ap_dx,sub-S09689,unet,1003,0.9703438847409278,0.942396078031433,2.23606797749979,0.7844611445878912,predictions/masks/qata_test_sub-S09689_ses-E21475_run-1_bp-chest_vp-ap_dx.png,predictions/probabilities/qata_test_sub-S09689_ses-E21475_run-1_bp-chest_vp-ap_dx.npy
qata_test_sub-S09689_ses-E21646_run-1_bp-chest_vp-ap_dx,sub-S09689,unet,1003,0.9708216619983029,0.9432977999552813,2.0,0.8094562801185691,predictions/masks/qata_test_sub-S09689_ses-E21646_run-1_bp-chest_vp-ap_dx.png,predictions/probabilities/qata_test_sub-S09689_ses-E21646_run-1_bp-chest_vp-ap_dx.npy
qata_test_sub-S09689_ses-E22007_run-1_bp-chest_vp-ap_dx,sub-S09689,unet,1003,0.9697672998230638,0.9413089874325193,2.23606797749979,0.8415604504860047,predictions/masks/qata_test_sub-S09689_ses-E22007_run-1_bp-chest_vp-ap_dx.png,predictions/probabilities/qata_test_sub-S09689_ses-E22007_run-1_bp-chest_vp-ap_dx.npy
qata_test_sub-S09689_ses-E22308_run-1_bp-chest_vp-ap_dx,sub-S09689,unet,1003,0.9673110720564032,0.9366916269577293,2.23606797749979,0.9013521558643429,predictions/masks/qata_test_sub-S09689_ses-E22308_run-1_bp-chest_vp-ap_dx.png,predictions/probabilities/qata_test_sub-S09689_ses-E22308_run-1_bp-chest_vp-ap_dx.npy
qata_test_sub-S09689_ses-E22565_run-1_bp-chest_vp-ap_dx,sub-S09689,unet,1003,0.9062008585154226,0.8284892757240558,13.518192319053918,3.7637980256059125,predictions/masks/qata_test_sub-S09689_ses-E22565_run-1_bp-chest_vp-ap_dx.png,predictions/probabilities/qata_test_sub-S09689_ses-E22565_run-1_bp-chest_vp-ap_dx.npy
qata_test_sub-S09689_ses-E22774_run-1_bp-chest_vp-ap_dx,sub-S09689,unet,1003,0.9617298781536426,0.9262809917363495,2.23606797749979,0.9428504512371473,predictions/masks/qata_test_sub-S09689_ses-E22774_run-1_bp-chest_vp-ap_dx.png,predictions/probabilities/qata_test_sub-S09689_ses-E22774_run-1_bp-chest_vp-ap_dx.npy
qata_test_sub-S09689_ses-E22961_run-1_bp-chest_vp-ap_dx,sub-S09689,unet,1003,0.9685021527307115,0.9389279437615209,2.8284271247461903,0.9099886866363274,predictions/masks/qata_test_sub-S09689_ses-E22961_run-1_bp-chest_vp-ap_dx.png,predictions/probabilities/qata_test_sub-S09689_ses-E22961_run-1_bp-chest_vp-ap_dx.npy
qata_test_sub-S09689_ses-E23102_run-1_bp-chest_vp-ap_dx,sub-S09689,unet,1003,0.9677270896855104,0.9374721355334655,2.8284271247461903,1.2784207491904378,predictions/masks/qata_test_sub-S09689_ses-E23102_run-1_bp-chest_vp-ap_dx.png,predictions/probabilities/qata_test_sub-S09689_ses-E23102_run-1_bp-chest_vp-ap_dx.npy
qata_test_sub-S09689_ses-E23273_run-1_bp-chest_vp-ap_dx,sub-S09689,unet,1003,0.9644182227360597,0.9312815693653085,2.23606797749979,0.9238925796221065,predictions/masks/qata_test_sub-S09689_ses-E23273_run-1_bp-chest_vp-ap_dx.png,predictions/probabilities/qata_test_sub-S09689_ses-E23273_run-1_bp-chest_vp-ap_dx.npy
qata_test_sub-S09689_ses-E23583_run-1_bp-chest_vp-ap_dx,sub-S09689,unet,1003,0.9674029850748215,0.93686401480184,3.0,1.5901137274876889,predictions/masks/qata_test_sub-S09689_ses-E23583_run-1_bp-chest_vp-ap_dx.png,predictions/probabilities/qata_test_sub-S09689_ses-E23583_run-1_bp-chest_vp-ap_dx.npy
qata_test_sub-S09689_ses-E24033_run-1_bp-chest_vp-ap_cr,sub-S09689,unet,1003,0.8319887209224408,0.7123122317635151,20.248456731316587,3.2826086611849172,predictions/masks/qata_test_sub-S09689_ses-E24033_run-1_bp-chest_vp-ap_cr.png,predictions/probabilities/qata_test_sub-S09689_ses-E24033_run-1_bp-chest_vp-ap_cr.npy
qata_test_sub-S09689_ses-E25744_run-1_bp-chest_vp-ap_dx,sub-S09689,unet,1003,0.9457644628102675,0.8971092601678453,4.0,1.1473174233520849,predictions/masks/qata_test_sub-S09689_ses-E25744_run-1_bp-chest_vp-ap_dx.png,predictions/probabilities/qata_test_sub-S09689_ses-E25744_run-1_bp-chest_vp-ap_dx.npy
qata_test_sub-S09689_ses-E25745_run-1_bp-chest_vp-ap_dx,sub-S09689,unet,1003,0.9661601465677004,0.9345355988748615,4.47213595499958,0.9181993980867504,predictions/masks/qata_test_sub-S09689_ses-E25745_run-1_bp-chest_vp-ap_dx.png,predictions/probabilities/qata_test_sub-S09689_ses-E25745_run-1_bp-chest_vp-ap_dx.npy
qata_test_sub-S09689_ses-E26065_run-1_bp-chest_vp-ap_dx,sub-S09689,unet,1003,0.7490826489614316,0.5988266517698084,44.37773536009169,8.192742135908615,predictions/masks/qata_test_sub-S09689_ses-E26065_run-1_bp-chest_vp-ap_dx.png,predictions/probabilities/qata_test_sub-S09689_ses-E26065_run-1_bp-chest_vp-ap_dx.npy
qata_test_sub-S09690_ses-E16605_run-1_bp-chest_vp-ap_cr,sub-S09690,unet,1003,0.20328975119345047,0.11314553994773965,69.30728649256079,24.795282297802668,predictions/masks/qata_test_sub-S09690_ses-E16605_run-1_bp-chest_vp-ap_cr.png,predictions/probabilities/qata_test_sub-S09690_ses-E16605_run-1_bp-chest_vp-ap_cr.npy
qata_test_sub-S09692_ses-E17183_acq-2_run-1_bp-chest_vp-ap_dx,sub-S09692,unet,1003,0.8940453323096885,0.808392385718933,8.06225774829855,2.025499709692574,predictions/masks/qata_test_sub-S09692_ses-E17183_acq-2_run-1_bp-chest_vp-ap_dx.png,predictions/probabilities/qata_test_sub-S09692_ses-E17183_acq-2_run-1_bp-chest_vp-ap_dx.npy
qata_test_sub-S09692_ses-E18439_run-1_bp-chest_cr,sub-S09692,unet,1003,0.7621528442836156,0.6157083617031893,25.495097567963924,6.7261294030811785,predictions/masks/qata_test_sub-S09692_ses-E18439_run-1_bp-chest_cr.png,predictions/probabilities/qata_test_sub-S09692_ses-E18439_run-1_bp-chest_cr.npy
qata_test_sub-S09692_ses-E20201_run-1_bp-chest_cr,sub-S09692,unet,1003,0.969650986343059,0.9410898379974882,4.0,0.9809828716227534,predictions/masks/qata_test_sub-S09692_ses-E20201_run-1_bp-chest_cr.png,predictions/probabilities/qata_test_sub-S09692_ses-E20201_run-1_bp-chest_cr.npy
qata_test_sub-S09692_ses-E21356_run-1_bp-chest_cr,sub-S09692,unet,1003,0.9782160730057,0.9573609910692658,2.0,0.5532399863028372,predictions/masks/qata_test_sub-S09692_ses-E21356_run-1_bp-chest_cr.png,predictions/probabilities/qata_test_sub-S09692_ses-E21356_run-1_bp-chest_cr.npy
qata_test_sub-S09692_ses-E21505_run-1_bp-chest_cr,sub-S09692,unet,1003,0.9771114265437495,0.9552471812666501,2.23606797749979,0.639677812528705,predictions/masks/qata_test_sub-S09692_ses-E21505_run-1_bp-chest_cr.png,predictions/probabilities/qata_test_sub-S09692_ses-E21505_run-1_bp-chest_cr.npy
qata_test_sub-S09692_ses-E21668_run-1_bp-chest_cr,sub-S09692,unet,1003,0.977650974798014,0.9562790697678486,2.23606797749979,0.6088254651226964,predictions/masks/qata_test_sub-S09692_ses-E21668_run-1_bp-chest_cr.png,predictions/probabilities/qata_test_sub-S09692_ses-E21668_run-1_bp-chest_cr.npy
qata_test_sub-S09692_ses-E21914_run-1_bp-chest_vp-ap_dx,sub-S09692,unet,1003,0.9591826463336898,0.9215667311419578,3.0,0.9965038218160348,predictions/masks/qata_test_sub-S09692_ses-E21914_run-1_bp-chest_vp-ap_dx.png,predictions/probabilities/qata_test_sub-S09692_ses-E21914_run-1_bp-chest_vp-ap_dx.npy
qata_test_sub-S09692_ses-E22025_run-1_bp-chest_vp-ap_dx,sub-S09692,unet,1003,0.9579982126901698,0.9193825042891524,3.0,0.9109661755521662,predictions/masks/qata_test_sub-S09692_ses-E22025_run-1_bp-chest_vp-ap_dx.png,predictions/probabilities/qata_test_sub-S09692_ses-E22025_run-1_bp-chest_vp-ap_dx.npy
qata_test_sub-S09692_ses-E22600_run-1_bp-chest_cr,sub-S09692,unet,1003,0.9013893865205566,0.8204812291649479,21.095023109728988,3.0496918389358254,predictions/masks/qata_test_sub-S09692_ses-E22600_run-1_bp-chest_cr.png,predictions/probabilities/qata_test_sub-S09692_ses-E22600_run-1_bp-chest_cr.npy
qata_test_sub-S09692_ses-E24090_run-1_bp-chest_vp-pa_cr,sub-S09692,unet,1003,0.8678193548393919,0.7665025528832375,28.282364493746144,4.104774113459162,predictions/masks/qata_test_sub-S09692_ses-E24090_run-1_bp-chest_vp-pa_cr.png,predictions/probabilities/qata_test_sub-S09692_ses-E24090_run-1_bp-chest_vp-pa_cr.npy
qata_test_sub-S09692_ses-E24092_run-1_bp-chest_cr,sub-S09692,unet,1003,0.9703915950335467,0.9424860853436728,3.605551275463989,0.903052547087252,predictions/masks/qata_test_sub-S09692_ses-E24092_run-1_bp-chest_cr.png,predictions/probabilities/qata_test_sub-S09692_ses-E24092_run-1_bp-chest_cr.npy
qata_test_sub-S09693_ses-E16608_run-1_bp-chest_vp-ap_dx,sub-S09693,unet,1003,0.3078083742245263,0.18189924212296482,122.70778111455604,38.574469954817395,predictions/masks/qata_test_sub-S09693_ses-E16608_run-1_bp-chest_vp-ap_dx.png,predictions/probabilities/qata_test_sub-S09693_ses-E16608_run-1_bp-chest_vp-ap_dx.npy
qata_test_sub-S09693_ses-E19186_run-1_bp-chest_vp-pa_cr,sub-S09693,unet,1003,0.8599879299960774,0.7543673901600221,8.154234499766936,2.480435073251662,predictions/masks/qata_test_sub-S09693_ses-E19186_run-1_bp-chest_vp-pa_cr.png,predictions/probabilities/qata_test_sub-S09693_ses-E19186_run-1_bp-chest_vp-pa_cr.npy
qata_test_sub-S09694_ses-E16609_run-1_bp-chest_vp-ap_dx,sub-S09694,unet,1003,0.8852742190890273,0.7941632231458119,9.433981132056603,1.9603498390177359,predictions/masks/qata_test_sub-S09694_ses-E16609_run-1_bp-chest_vp-ap_dx.png,predictions/probabilities/qata_test_sub-S09694_ses-E16609_run-1_bp-chest_vp-ap_dx.npy
qata_test_sub-S09694_ses-E17185_run-1_bp-chest_vp-ap_dx,sub-S09694,unet,1003,0.8632861231388913,0.7594577146577216,12.033275663033836,3.2012831417227834,predictions/masks/qata_test_sub-S09694_ses-E17185_run-1_bp-chest_vp-ap_dx.png,predictions/probabilities/qata_test_sub-S09694_ses-E17185_run-1_bp-chest_vp-ap_dx.npy
qata_test_sub-S09694_ses-E17337_run-1_bp-chest_vp-pa_dx,sub-S09694,unet,1003,0.582881002105099,0.411314083711767,31.18211486478708,9.91857349441139,predictions/masks/qata_test_sub-S09694_ses-E17337_run-1_bp-chest_vp-pa_dx.png,predictions/probabilities/qata_test_sub-S09694_ses-E17337_run-1_bp-chest_vp-pa_dx.npy
qata_test_sub-S09694_ses-E20413_run-1_bp-chest_vp-ap_dx,sub-S09694,unet,1003,0.5892116182694366,0.417647058847998,35.0,6.283938291771182,predictions/masks/qata_test_sub-S09694_ses-E20413_run-1_bp-chest_vp-ap_dx.png,predictions/probabilities/qata_test_sub-S09694_ses-E20413_run-1_bp-chest_vp-ap_dx.npy
qata_test_sub-S09694_ses-E26910_run-1_bp-chest_vp-pa_dx,sub-S09694,unet,1003,0.38328188080305675,0.23707403057470405,110.76999526060898,33.1065770198838,predictions/masks/qata_test_sub-S09694_ses-E26910_run-1_bp-chest_vp-pa_dx.png,predictions/probabilities/qata_test_sub-S09694_ses-E26910_run-1_bp-chest_vp-pa_dx.npy
qata_test_sub-S09695_ses-E17191_run-1_bp-chest_vp-ap_dx,sub-S09695,unet,1003,0.609446419512203,0.43827611397230554,60.10951191004979,12.725468533622866,predictions/masks/qata_test_sub-S09695_ses-E17191_run-1_bp-chest_vp-ap_dx.png,predictions/probabilities/qata_test_sub-S09695_ses-E17191_run-1_bp-chest_vp-ap_dx.npy
qata_test_sub-S09695_ses-E18620_run-1_bp-chest_vp-pa_cr,sub-S09695,unet,1003,0.6188719030248354,0.44809160309556545,23.85032362120612,6.268058762451056,predictions/masks/qata_test_sub-S09695_ses-E18620_run-1_bp-chest_vp-pa_cr.png,predictions/probabilities/qata_test_sub-S09695_ses-E18620_run-1_bp-chest_vp-pa_cr.npy
qata_test_sub-S09697_ses-E16614_run-1_bp-chest_vp-ap_dx,sub-S09697,unet,1003,0.41214495593707845,0.2595608191645803,80.68390004434882,25.206428616211323,predictions/masks/qata_test_sub-S09697_ses-E16614_run-1_bp-chest_vp-ap_dx.png,predictions/probabilities/qata_test_sub-S09697_ses-E16614_run-1_bp-chest_vp-ap_dx.npy
qata_test_sub-S09698_ses-E16616_run-1_bp-chest_vp-pa_dx,sub-S09698,unet,1003,0.5184648805387957,0.3499511241764442,112.17842929904127,35.60436880392688,predictions/masks/qata_test_sub-S09698_ses-E16616_run-1_bp-chest_vp-pa_dx.png,predictions/probabilities/qata_test_sub-S09698_ses-E16616_run-1_bp-chest_vp-pa_dx.npy
qata_test_sub-S09699_ses-E16619_run-1_bp-chest_vp-ap_cr,sub-S09699,unet,1003,0.45541838141900987,0.294849023215835,12.377349237317413,4.246552127814919,predictions/masks/qata_test_sub-S09699_ses-E16619_run-1_bp-chest_vp-ap_cr.png,predictions/probabilities/qata_test_sub-S09699_ses-E16619_run-1_bp-chest_vp-ap_cr.npy
qata_test_sub-S09699_ses-E17473_run-1_bp-chest_vp-ap_dx,sub-S09699,unet,1003,0.09469153521558883,0.049698795252281706,130.13452875357126,57.543357765274116,predictions/masks/qata_test_sub-S09699_ses-E17473_run-1_bp-chest_vp-ap_dx.png,predictions/probabilities/qata_test_sub-S09699_ses-E17473_run-1_bp-chest_vp-ap_dx.npy
qata_test_sub-S09699_ses-E17617_run-1_bp-chest_vp-ap_dx,sub-S09699,unet,1003,0.8424744276683637,0.7278235987253354,15.057886552931954,3.575232823078585,predictions/masks/qata_test_sub-S09699_ses-E17617_run-1_bp-chest_vp-ap_dx.png,predictions/probabilities/qata_test_sub-S09699_ses-E17617_run-1_bp-chest_vp-ap_dx.npy
qata_test_sub-S09700_ses-E18733_run-1_bp-chest_vp-pa_dx,sub-S09700,unet,1003,0.3591613491924192,0.218888888975679,109.35858285642443,39.36254863357687,predictions/masks/qata_test_sub-S09700_ses-E18733_run-1_bp-chest_vp-pa_dx.png,predictions/probabilities/qata_test_sub-S09700_ses-E18733_run-1_bp-chest_vp-pa_dx.npy
qata_test_sub-S09700_ses-E20216_run-1_bp-chest_vp-ap_dx,sub-S09700,unet,1003,0.5549389567312268,0.3840245776045046,45.22001711300005,15.314292047463669,predictions/masks/qata_test_sub-S09700_ses-E20216_run-1_bp-chest_vp-ap_dx.png,predictions/probabilities/qata_test_sub-S09700_ses-E20216_run-1_bp-chest_vp-ap_dx.npy
qata_test_sub-S09700_ses-E20952_run-1_bp-chest_vp-ap_cr,sub-S09700,unet,1003,0.9205423531138571,0.8527822798527072,6.0,1.4334119816196595,predictions/masks/qata_test_sub-S09700_ses-E20952_run-1_bp-chest_vp-ap_cr.png,predictions/probabilities/qata_test_sub-S09700_ses-E20952_run-1_bp-chest_vp-ap_cr.npy
qata_test_sub-S09700_ses-E22825_run-1_bp-chest_vp-ap_dx,sub-S09700,unet,1003,0.8060060060118316,0.6750503018272107,79.81256341814625,14.769689224946191,predictions/masks/qata_test_sub-S09700_ses-E22825_run-1_bp-chest_vp-ap_dx.png,predictions/probabilities/qata_test_sub-S09700_ses-E22825_run-1_bp-chest_vp-ap_dx.npy
qata_test_sub-S09703_ses-E16625_run-1_bp-chest_vp-ap_cr,sub-S09703,unet,1003,0.9327664399096782,0.8740040369714862,8.94427190999916,1.6626373469387472,predictions/masks/qata_test_sub-S09703_ses-E16625_run-1_bp-chest_vp-ap_cr.png,predictions/probabilities/qata_test_sub-S09703_ses-E16625_run-1_bp-chest_vp-ap_cr.npy
qata_test_sub-S09703_ses-E19461_run-1_bp-chest_vp-ap_cr,sub-S09703,unet,1003,0.8998041136145944,0.8178580966810481,12.328626561573163,2.220592596947749,predictions/masks/qata_test_sub-S09703_ses-E19461_run-1_bp-chest_vp-ap_cr.png,predictions/probabilities/qata_test_sub-S09703_ses-E19461_run-1_bp-chest_vp-ap_cr.npy
qata_test_sub-S09703_ses-E20301_run-1_bp-chest_vp-ap_cr,sub-S09703,unet,1003,0.9173708920191673,0.847354726800977,9.219544457292887,1.9550528470615331,predictions/masks/qata_test_sub-S09703_ses-E20301_run-1_bp-chest_vp-ap_cr.png,predictions/probabilities/qata_test_sub-S09703_ses-E20301_run-1_bp-chest_vp-ap_cr.npy
qata_test_sub-S09703_ses-E20706_run-1_bp-chest_vp-ap_cr,sub-S09703,unet,1003,0.942249240121835,0.8908045977020589,6.324555320336759,1.571310697630863,predictions/masks/qata_test_sub-S09703_ses-E20706_run-1_bp-chest_vp-ap_cr.png,predictions/probabilities/qata_test_sub-S09703_ses-E20706_run-1_bp-chest_vp-ap_cr.npy
qata_test_sub-S09703_ses-E23854_run-1_bp-chest_vp-ap_cr,sub-S09703,unet,1003,0.954959749850609,0.9138018843912172,4.0,1.0464900306306872,predictions/masks/qata_test_sub-S09703_ses-E23854_run-1_bp-chest_vp-ap_cr.png,predictions/probabilities/qata_test_sub-S09703_ses-E23854_run-1_bp-chest_vp-ap_cr.npy
qata_test_sub-S09704_ses-E19852_acq-1_run-1_bp-chest_vp-ap_dx,sub-S09704,unet,1003,0.7374045801626945,0.5840386941001185,16.353581263329527,6.353970816363811,predictions/masks/qata_test_sub-S09704_ses-E19852_acq-1_run-1_bp-chest_vp-ap_dx.png,predictions/probabilities/qata_test_sub-S09704_ses-E19852_acq-1_run-1_bp-chest_vp-ap_dx.npy
qata_test_sub-S09704_ses-E19852_acq-2_run-1_bp-chest_vp-ap_dx,sub-S09704,unet,1003,0.6083082979425224,0.4370998957951898,82.60961264225874,19.177121466187813,predictions/masks/qata_test_sub-S09704_ses-E19852_acq-2_run-1_bp-chest_vp-ap_dx.png,predictions/probabilities/qata_test_sub-S09704_ses-E19852_acq-2_run-1_bp-chest_vp-ap_dx.npy
qata_test_sub-S09708_ses-E16636_run-1_bp-chest_vp-ap_dx,sub-S09708,unet,1003,0.847290640394819,0.7350427350449337,25.0,4.752172405079987,predictions/masks/qata_test_sub-S09708_ses-E16636_run-1_bp-chest_vp-ap_dx.png,predictions/probabilities/qata_test_sub-S09708_ses-E16636_run-1_bp-chest_vp-ap_dx.npy
qata_test_sub-S09708_ses-E17141_run-1_bp-chest_vp-ap_dx,sub-S09708,unet,1003,0.908398456821108,0.8321703670155671,10.0,2.7032647497354962,predictions/masks/qata_test_sub-S09708_ses-E17141_run-1_bp-chest_vp-ap_dx.png,predictions/probabilities/qata_test_sub-S09708_ses-E17141_run-1_bp-chest_vp-ap_dx.npy
qata_test_sub-S09708_ses-E22670_run-1_bp-chest_vp-ap_dx,sub-S09708,unet,1003,0.7422430755279079,0.590132370642718,48.82620956569605,12.665900505489581,predictions/masks/qata_test_sub-S09708_ses-E22670_run-1_bp-chest_vp-ap_dx.png,predictions/probabilities/qata_test_sub-S09708_ses-E22670_run-1_bp-chest_vp-ap_dx.npy
qata_test_sub-S09708_ses-E24162_run-1_bp-chest_vp-pa_dx,sub-S09708,unet,1003,0.5795918367690128,0.408045977079535,9.06509716980848,3.083680676743781,predictions/masks/qata_test_sub-S09708_ses-E24162_run-1_bp-chest_vp-pa_dx.png,predictions/probabilities/qata_test_sub-S09708_ses-E24162_run-1_bp-chest_vp-pa_dx.npy
qata_test_sub-S09709_ses-E16639_run-1_bp-chest_vp-pa_cr,sub-S09709,unet,1003,0.8886861313919396,0.7996715927914883,5.0,1.4555369116300698,predictions/masks/qata_test_sub-S09709_ses-E16639_run-1_bp-chest_vp-pa_cr.png,predictions/probabilities/qata_test_sub-S09709_ses-E16639_run-1_bp-chest_vp-pa_cr.npy
qata_test_sub-S09709_ses-E24157_run-1_bp-chest_vp-pa_cr,sub-S09709,unet,1003,0.9405099150160369,0.8877005347660308,4.47213595499958,1.0611515449889397,predictions/masks/qata_test_sub-S09709_ses-E24157_run-1_bp-chest_vp-pa_cr.png,predictions/probabilities/qata_test_sub-S09709_ses-E24157_run-1_bp-chest_vp-pa_cr.npy
qata_test_sub-S09710_ses-E16640_run-1_bp-chest_vp-ap_dx,sub-S09710,unet,1003,0.8834961232516011,0.7913059163096806,16.385621549285176,2.9217962117454523,predictions/masks/qata_test_sub-S09710_ses-E16640_run-1_bp-chest_vp-ap_dx.png,predictions/probabilities/qata_test_sub-S09710_ses-E16640_run-1_bp-chest_vp-ap_dx.npy
qata_test_sub-S09710_ses-E17123_run-1_bp-chest_vp-ap_cr,sub-S09710,unet,1003,0.8656109254704981,0.763063524596233,11.099186938124415,2.9974204102394437,predictions/masks/qata_test_sub-S09710_ses-E17123_run-1_bp-chest_vp-ap_cr.png,predictions/probabilities/qata_test_sub-S09710_ses-E17123_run-1_bp-chest_vp-ap_cr.npy
qata_test_sub-S09711_ses-E18225_run-1_bp-chest_vp-pa_cr,sub-S09711,unet,1003,0.832165840880277,0.7125719301695838,53.258692660089295,7.06764363332224,predictions/masks/qata_test_sub-S09711_ses-E18225_run-1_bp-chest_vp-pa_cr.png,predictions/probabilities/qata_test_sub-S09711_ses-E18225_run-1_bp-chest_vp-pa_cr.npy
qata_test_sub-S09711_ses-E20994_run-1_bp-chest_vp-pa_cr,sub-S09711,unet,1003,0.3135802469206421,0.18594436311388549,80.39476799616261,24.889725018757343,predictions/masks/qata_test_sub-S09711_ses-E20994_run-1_bp-chest_vp-pa_cr.png,predictions/probabilities/qata_test_sub-S09711_ses-E20994_run-1_bp-chest_vp-pa_cr.npy
qata_test_sub-S09711_ses-E23411_run-1_bp-chest_vp-pa_cr,sub-S09711,unet,1003,0.5426911041641679,0.37239263804964434,85.95136443213963,17.26057996599007,predictions/masks/qata_test_sub-S09711_ses-E23411_run-1_bp-chest_vp-pa_cr.png,predictions/probabilities/qata_test_sub-S09711_ses-E23411_run-1_bp-chest_vp-pa_cr.npy
qata_test_sub-S09712_ses-E19280_run-1_bp-chest_cr,sub-S09712,unet,1003,0.790040092848069,0.6529473317096506,34.91560700070962,5.495335250516248,predictions/masks/qata_test_sub-S09712_ses-E19280_run-1_bp-chest_cr.png,predictions/probabilities/qata_test_sub-S09712_ses-E19280_run-1_bp-chest_cr.npy
qata_test_sub-S09712_ses-E26390_run-1_bp-chest_vp-ap_dx,sub-S09712,unet,1003,0.6574843483249005,0.48974054604901235,53.59811874779823,11.338141016775086,predictions/masks/qata_test_sub-S09712_ses-E26390_run-1_bp-chest_vp-ap_dx.png,predictions/probabilities/qata_test_sub-S09712_ses-E26390_run-1_bp-chest_vp-ap_dx.npy
qata_test_sub-S09715_ses-E16646_run-1_bp-chest_vp-ap_dx,sub-S09715,unet,1003,0.4137386498339175,0.2608262817506017,30.182288761801072,9.494540305559466,predictions/masks/qata_test_sub-S09715_ses-E16646_run-1_bp-chest_vp-ap_dx.png,predictions/probabilities/qata_test_sub-S09715_ses-E16646_run-1_bp-chest_vp-ap_dx.npy
qata_test_sub-S09716_ses-E16647_run-1_bp-chest_dx,sub-S09716,unet,1003,0.7997729530324993,0.6663513833136355,37.6010638897026,6.83218242776804,predictions/masks/qata_test_sub-S09716_ses-E16647_run-1_bp-chest_dx.png,predictions/probabilities/qata_test_sub-S09716_ses-E16647_run-1_bp-chest_dx.npy
qata_test_sub-S09717_ses-E19511_run-1_bp-chest_vp-ap_dx,sub-S09717,unet,1003,0.7076234299252876,0.5475365665983922,30.97406859113305,4.644265453230653,predictions/masks/qata_test_sub-S09717_ses-E19511_run-1_bp-chest_vp-ap_dx.png,predictions/probabilities/qata_test_sub-S09717_ses-E19511_run-1_bp-chest_vp-ap_dx.npy
qata_test_sub-S09717_ses-E21410_run-1_bp-chest_vp-ap_dx,sub-S09717,unet,1003,0.9016813907105379,0.820965230932002,4.47213595499958,1.4270886338527256,predictions/masks/qata_test_sub-S09717_ses-E21410_run-1_bp-chest_vp-ap_dx.png,predictions/probabilities/qata_test_sub-S09717_ses-E21410_run-1_bp-chest_vp-ap_dx.npy
qata_test_sub-S09717_ses-E22401_run-1_bp-chest_vp-pa_cr,sub-S09717,unet,1003,0.7487600478921026,0.5984144341279821,45.798300392662156,6.691585261489206,predictions/masks/qata_test_sub-S09717_ses-E22401_run-1_bp-chest_vp-pa_cr.png,predictions/probabilities/qata_test_sub-S09717_ses-E22401_run-1_bp-chest_vp-pa_cr.npy
qata_test_sub-S09718_ses-E23427_run-1_bp-chest_vp-ap_dx,sub-S09718,unet,1003,0.2260869565778198,0.12745098046344353,25.874609671636787,10.648023029599683,predictions/masks/qata_test_sub-S09718_ses-E23427_run-1_bp-chest_vp-ap_dx.png,predictions/probabilities/qata_test_sub-S09718_ses-E23427_run-1_bp-chest_vp-ap_dx.npy
qata_test_sub-S09718_ses-E24346_run-1_bp-chest_vp-pa_dx,sub-S09718,unet,1003,0.5271139705991013,0.35787831515264035,110.65704492387344,29.43434909559358,predictions/masks/qata_test_sub-S09718_ses-E24346_run-1_bp-chest_vp-pa_dx.png,predictions/probabilities/qata_test_sub-S09718_ses-E24346_run-1_bp-chest_vp-pa_dx.npy
qata_test_sub-S09719_ses-E19486_run-1_bp-chest_vp-ap_dx,sub-S09719,unet,1003,0.791366906481346,0.6547619047797743,8.68080262172225,2.5875426324226134,predictions/masks/qata_test_sub-S09719_ses-E19486_run-1_bp-chest_vp-ap_dx.png,predictions/probabilities/qata_test_sub-S09719_ses-E19486_run-1_bp-chest_vp-ap_dx.npy
qata_test_sub-S09719_ses-E20451_run-1_bp-chest_vp-pa_dx,sub-S09719,unet,1003,0.3379360465356855,0.20332313077379438,22.250726250321524,13.74191231490972,predictions/masks/qata_test_sub-S09719_ses-E20451_run-1_bp-chest_vp-pa_dx.png,predictions/probabilities/qata_test_sub-S09719_ses-E20451_run-1_bp-chest_vp-pa_dx.npy
qata_test_sub-S09720_ses-E16867_acq-1_run-1_bp-chest_vp-ap_dx,sub-S09720,unet,1003,0.4705650330394382,0.3076724693835245,19.4164878389476,7.496836611819472,predictions/masks/qata_test_sub-S09720_ses-E16867_acq-1_run-1_bp-chest_vp-ap_dx.png,predictions/probabilities/qata_test_sub-S09720_ses-E16867_acq-1_run-1_bp-chest_vp-ap_dx.npy
qata_test_sub-S09720_ses-E16981_run-1_bp-chest_vp-pa_dx,sub-S09720,unet,1003,0.7809611830045767,0.6406368461227719,86.72972963181368,13.415362682806855,predictions/masks/qata_test_sub-S09720_ses-E16981_run-1_bp-chest_vp-pa_dx.png,predictions/probabilities/qata_test_sub-S09720_ses-E16981_run-1_bp-chest_vp-pa_dx.npy
qata_test_sub-S09720_ses-E17496_run-1_bp-chest_vp-ap_dx,sub-S09720,unet,1003,0.7712574850573344,0.6276803119634152,93.1099058044934,22.803454998228137,predictions/masks/qata_test_sub-S09720_ses-E17496_run-1_bp-chest_vp-ap_dx.png,predictions/probabilities/qata_test_sub-S09720_ses-E17496_run-1_bp-chest_vp-ap_dx.npy
qata_test_sub-S09720_ses-E17848_run-1_bp-chest_vp-ap_dx,sub-S09720,unet,1003,0.9544296631760938,0.9128316188425443,3.605551275463989,1.9832190468601618,predictions/masks/qata_test_sub-S09720_ses-E17848_run-1_bp-chest_vp-ap_dx.png,predictions/probabilities/qata_test_sub-S09720_ses-E17848_run-1_bp-chest_vp-ap_dx.npy
qata_test_sub-S09720_ses-E23823_run-1_bp-chest_vp-pa_dx,sub-S09720,unet,1003,0.5952143569493912,0.4237047551863942,18.027756377319946,3.963023516394331,predictions/masks/qata_test_sub-S09720_ses-E23823_run-1_bp-chest_vp-pa_dx.png,predictions/probabilities/qata_test_sub-S09720_ses-E23823_run-1_bp-chest_vp-pa_dx.npy
qata_test_sub-S09721_ses-E18282_run-1_bp-chest_cr,sub-S09721,unet,1003,0.8493000874907118,0.7380726097749843,13.341664064126334,3.6502716756726317,predictions/masks/qata_test_sub-S09721_ses-E18282_run-1_bp-chest_cr.png,predictions/probabilities/qata_test_sub-S09721_ses-E18282_run-1_bp-chest_cr.npy
qata_test_sub-S09721_ses-E20524_run-1_bp-chest_vp-ap_dx,sub-S09721,unet,1003,0.6920378814505079,0.5290962724717325,16.289500691418244,4.298836968545307,predictions/masks/qata_test_sub-S09721_ses-E20524_run-1_bp-chest_vp-ap_dx.png,predictions/probabilities/qata_test_sub-S09721_ses-E20524_run-1_bp-chest_vp-ap_dx.npy
qata_test_sub-S09721_ses-E22463_run-1_bp-chest_vp-ap_dx,sub-S09721,unet,1003,0.6977755477555146,0.5358335474046794,36.05551275463989,7.01277370414501,predictions/masks/qata_test_sub-S09721_ses-E22463_run-1_bp-chest_vp-ap_dx.png,predictions/probabilities/qata_test_sub-S09721_ses-E22463_run-1_bp-chest_vp-ap_dx.npy
qata_test_sub-S09721_ses-E23931_run-1_bp-chest_vp-pa_cr,sub-S09721,unet,1003,0.6098245614171992,0.4386673397557462,23.243261776791112,7.680835600143111,predictions/masks/qata_test_sub-S09721_ses-E23931_run-1_bp-chest_vp-pa_cr.png,predictions/probabilities/qata_test_sub-S09721_ses-E23931_run-1_bp-chest_vp-pa_cr.npy
qata_test_sub-S09721_ses-E24599_run-1_bp-chest_vp-ap_dx,sub-S09721,unet,1003,0.8933619812292958,0.8072756999835015,9.433981132056603,2.3422228973655743,predictions/masks/qata_test_sub-S09721_ses-E24599_run-1_bp-chest_vp-ap_dx.png,predictions/probabilities/qata_test_sub-S09721_ses-E24599_run-1_bp-chest_vp-ap_dx.npy
qata_test_sub-S09721_ses-E25059_run-1_bp-chest_vp-ap_dx,sub-S09721,unet,1003,0.04792043401790415,0.024548402060570903,96.99375849026994,51.1113044415855,predictions/masks/qata_test_sub-S09721_ses-E25059_run-1_bp-chest_vp-ap_dx.png,predictions/probabilities/qata_test_sub-S09721_ses-E25059_run-1_bp-chest_vp-ap_dx.npy
qata_test_sub-S09721_ses-E25952_run-1_bp-chest_vp-ap_dx,sub-S09721,unet,1003,0.9805788748279591,0.9618977384473476,1.4142135623730951,0.4609505804901429,predictions/masks/qata_test_sub-S09721_ses-E25952_run-1_bp-chest_vp-ap_dx.png,predictions/probabilities/qata_test_sub-S09721_ses-E25952_run-1_bp-chest_vp-ap_dx.npy
qata_test_sub-S09722_ses-E16656_run-1_bp-chest_vp-pa_cr,sub-S09722,unet,1003,8.833922260703716e-11,8.833922260703716e-11,316.7838379715733,316.7838379715733,predictions/masks/qata_test_sub-S09722_ses-E16656_run-1_bp-chest_vp-pa_cr.png,predictions/probabilities/qata_test_sub-S09722_ses-E16656_run-1_bp-chest_vp-pa_cr.npy
qata_test_sub-S09723_ses-E16657_run-1_bp-chest_vp-pa_cr,sub-S09723,unet,1003,0.4831964152545484,0.31856228462242425,126.90841751685389,45.33184930789843,predictions/masks/qata_test_sub-S09723_ses-E16657_run-1_bp-chest_vp-pa_cr.png,predictions/probabilities/qata_test_sub-S09723_ses-E16657_run-1_bp-chest_vp-pa_cr.npy
qata_test_sub-S09723_ses-E18270_run-1_bp-chest_vp-ap_dx,sub-S09723,unet,1003,0.8356826419664675,0.7177447250119019,24.081111227722495,4.977011490057121,predictions/masks/qata_test_sub-S09723_ses-E18270_run-1_bp-chest_vp-ap_dx.png,predictions/probabilities/qata_test_sub-S09723_ses-E18270_run-1_bp-chest_vp-ap_dx.npy
qata_test_sub-S09723_ses-E19045_run-1_bp-chest_vp-ap_dx,sub-S09723,unet,1003,0.9373366396358331,0.8820635721508316,7.0,1.3807541974349125,predictions/masks/qata_test_sub-S09723_ses-E19045_run-1_bp-chest_vp-ap_dx.png,predictions/probabilities/qata_test_sub-S09723_ses-E19045_run-1_bp-chest_vp-ap_dx.npy
qata_test_sub-S09723_ses-E22458_run-1_bp-chest_vp-ap_dx,sub-S09723,unet,1003,0.9237929750532221,0.8583785030577974,8.0,2.038298275682264,predictions/masks/qata_test_sub-S09723_ses-E22458_run-1_bp-chest_vp-ap_dx.png,predictions/probabilities/qata_test_sub-S09723_ses-E22458_run-1_bp-chest_vp-ap_dx.npy
qata_test_sub-S09723_ses-E22893_run-1_bp-chest_vp-pa_cr,sub-S09723,unet,1003,0.870816440099604,0.7711912137458294,14.866068747318506,3.09541876533349,predictions/masks/qata_test_sub-S09723_ses-E22893_run-1_bp-chest_vp-pa_cr.png,predictions/probabilities/qata_test_sub-S09723_ses-E22893_run-1_bp-chest_vp-pa_cr.npy
qata_test_sub-S09723_ses-E25934_run-1_bp-chest_vp-ap_dx,sub-S09723,unet,1003,0.8114689143447052,0.6827494241764729,22.60086153692449,5.467200879060799,predictions/masks/qata_test_sub-S09723_ses-E25934_run-1_bp-chest_vp-ap_dx.png,predictions/probabilities/qata_test_sub-S09723_ses-E25934_run-1_bp-chest_vp-ap_dx.npy
qata_test_sub-S09723_ses-E26396_run-1_bp-chest_vp-ap_dx,sub-S09723,unet,1003,0.9240246406576043,0.8587786259559952,39.48589734820281,4.22002259633672,predictions/masks/qata_test_sub-S09723_ses-E26396_run-1_bp-chest_vp-ap_dx.png,predictions/probabilities/qata_test_sub-S09723_ses-E26396_run-1_bp-chest_vp-ap_dx.npy
qata_test_sub-S09725_ses-E16659_run-1_bp-chest_vp-pa_dx,sub-S09725,unet,1003,0.3169922595165134,0.18834866407409775,30.70174736058449,13.130782720079905,predictions/masks/qata_test_sub-S09725_ses-E16659_run-1_bp-chest_vp-pa_dx.png,predictions/probabilities/qata_test_sub-S09725_ses-E16659_run-1_bp-chest_vp-pa_dx.npy
qata_test_sub-S09726_ses-E17568_run-1_bp-chest_vp-ap_cr,sub-S09726,unet,1003,0.08628659490195893,0.045088566981467224,105.32888550113503,42.78367536788049,predictions/masks/qata_test_sub-S09726_ses-E17568_run-1_bp-chest_vp-ap_cr.png,predictions/probabilities/qata_test_sub-S09726_ses-E17568_run-1_bp-chest_vp-ap_cr.npy
qata_test_sub-S09728_ses-E16665_run-1_bp-chest_vp-ap_dx,sub-S09728,unet,1003,0.7362117869551821,0.5825436409046959,78.81161412663835,10.049128864060322,predictions/masks/qata_test_sub-S09728_ses-E16665_run-1_bp-chest_vp-ap_dx.png,predictions/probabilities/qata_test_sub-S09728_ses-E16665_run-1_bp-chest_vp-ap_dx.npy
qata_test_sub-S09728_ses-E23225_run-1_bp-chest_vp-ap_cr,sub-S09728,unet,1003,0.3008204193891686,0.17703862669774265,64.94988206742734,21.55468142211892,predictions/masks/qata_test_sub-S09728_ses-E23225_run-1_bp-chest_vp-ap_cr.png,predictions/probabilities/qata_test_sub-S09728_ses-E23225_run-1_bp-chest_vp-ap_cr.npy
qata_test_sub-S09729_ses-E16668_run-1_bp-chest_vp-ap_dx,sub-S09729,unet,1003,0.6880695940412579,0.5244711083194041,28.612595133010878,5.840938054638268,predictions/masks/qata_test_sub-S09729_ses-E16668_run-1_bp-chest_vp-ap_dx.png,predictions/probabilities/qata_test_sub-S09729_ses-E16668_run-1_bp-chest_vp-ap_dx.npy
qata_test_sub-S09729_ses-E17168_run-1_bp-chest_vp-ap_cr,sub-S09729,unet,1003,0.665523156094931,0.49871465296918477,21.840329667841555,5.572934458136873,predictions/masks/qata_test_sub-S09729_ses-E17168_run-1_bp-chest_vp-ap_cr.png,predictions/probabilities/qata_test_sub-S09729_ses-E17168_run-1_bp-chest_vp-ap_cr.npy
qata_test_sub-S09729_ses-E18550_run-1_bp-chest_vp-ap_cr,sub-S09729,unet,1003,0.5822470515467257,0.41068301231079835,19.85696157921525,5.354682183625906,predictions/masks/qata_test_sub-S09729_ses-E18550_run-1_bp-chest_vp-ap_cr.png,predictions/probabilities/qata_test_sub-S09729_ses-E18550_run-1_bp-chest_vp-ap_cr.npy
qata_test_sub-S09732_ses-E17013_run-1_bp-chest_vp-ap_dx,sub-S09732,unet,1003,0.9173716864083845,0.8473560823170785,5.385164807134504,1.42664131123223,predictions/masks/qata_test_sub-S09732_ses-E17013_run-1_bp-chest_vp-ap_dx.png,predictions/probabilities/qata_test_sub-S09732_ses-E17013_run-1_bp-chest_vp-ap_dx.npy
qata_test_sub-S09732_ses-E20780_run-1_bp-chest_vp-ap_dx,sub-S09732,unet,1003,0.8860330461815276,0.7953853955427134,8.910077245703498,2.1021918474412136,predictions/masks/qata_test_sub-S09732_ses-E20780_run-1_bp-chest_vp-ap_dx.png,predictions/probabilities/qata_test_sub-S09732_ses-E20780_run-1_bp-chest_vp-ap_dx.npy
qata_test_sub-S09732_ses-E22320_run-1_bp-chest_vp-ap_dx,sub-S09732,unet,1003,0.8792505204729419,0.7845201238423449,9.433981132056603,2.077362281192151,predictions/masks/qata_test_sub-S09732_ses-E22320_run-1_bp-chest_vp-ap_dx.png,predictions/probabilities/qata_test_sub-S09732_ses-E22320_run-1_bp-chest_vp-ap_dx.npy
qata_test_sub-S09734_ses-E18704_run-1_bp-chest_vp-ap_dx,sub-S09734,unet,1003,0.8271652041216637,0.7052700065093768,16.1245154965971,3.838365653385311,predictions/masks/qata_test_sub-S09734_ses-E18704_run-1_bp-chest_vp-ap_dx.png,predictions/probabilities/qata_test_sub-S09734_ses-E18704_run-1_bp-chest_vp-ap_dx.npy
qata_test_sub-S09734_ses-E18897_run-1_bp-chest_vp-ap_cr,sub-S09734,unet,1003,0.9319094404106629,0.87250039993805,5.0990195135927845,1.706191712406748,predictions/masks/qata_test_sub-S09734_ses-E18897_run-1_bp-chest_vp-ap_cr.png,predictions/probabilities/qata_test_sub-S09734_ses-E18897_run-1_bp-chest_vp-ap_cr.npy
qata_test_sub-S09734_ses-E20389_run-1_bp-chest_vp-pa_dx,sub-S09734,unet,1003,0.6255666364630297,0.45514511876944946,10.63014581273465,3.499788490717017,predictions/masks/qata_test_sub-S09734_ses-E20389_run-1_bp-chest_vp-pa_dx.png,predictions/probabilities/qata_test_sub-S09734_ses-E20389_run-1_bp-chest_vp-pa_dx.npy
qata_test_sub-S09734_ses-E20918_run-1_bp-chest_vp-ap_dx,sub-S09734,unet,1003,0.6718180492831052,0.5058177826672707,51.87088903686252,8.589923048148098,predictions/masks/qata_test_sub-S09734_ses-E20918_run-1_bp-chest_vp-ap_dx.png,predictions/probabilities/qata_test_sub-S09734_ses-E20918_run-1_bp-chest_vp-ap_dx.npy
qata_test_sub-S09734_ses-E21476_acq-1_run-1_bp-chest_vp-pa_dx,sub-S09734,unet,1003,0.703176656609125,0.5422301041999062,51.00294089382822,9.333379119402382,predictions/masks/qata_test_sub-S09734_ses-E21476_acq-1_run-1_bp-chest_vp-pa_dx.png,predictions/probabilities/qata_test_sub-S09734_ses-E21476_acq-1_run-1_bp-chest_vp-pa_dx.npy
qata_test_sub-S09734_ses-E22766_run-1_bp-chest_vp-ap_dx,sub-S09734,unet,1003,0.3610599078414624,0.2203008575956657,36.45336360086529,10.614709107084781,predictions/masks/qata_test_sub-S09734_ses-E22766_run-1_bp-chest_vp-ap_dx.png,predictions/probabilities/qata_test_sub-S09734_ses-E22766_run-1_bp-chest_vp-ap_dx.npy
qata_test_sub-S09736_ses-E24647_run-1_bp-chest_vp-ap_dx,sub-S09736,unet,1003,0.8159031979415813,0.689051094935905,4.152989390993066,1.8961421337632767,predictions/masks/qata_test_sub-S09736_ses-E24647_run-1_bp-chest_vp-ap_dx.png,predictions/probabilities/qata_test_sub-S09736_ses-E24647_run-1_bp-chest_vp-ap_dx.npy
qata_test_sub-S09736_ses-E25124_run-1_bp-chest_vp-pa_dx,sub-S09736,unet,1003,0.8835210432738068,0.7913458985985838,6.0,1.9748050948578075,predictions/masks/qata_test_sub-S09736_ses-E25124_run-1_bp-chest_vp-pa_dx.png,predictions/probabilities/qata_test_sub-S09736_ses-E25124_run-1_bp-chest_vp-pa_dx.npy
qata_test_sub-S09737_ses-E16680_acq-1_run-1_bp-chest_vp-pa_cr,sub-S09737,unet,1003,0.010600706801183682,0.005328596891178632,67.5731462005461,32.88277185079472,predictions/masks/qata_test_sub-S09737_ses-E16680_acq-1_run-1_bp-chest_vp-pa_cr.png,predictions/probabilities/qata_test_sub-S09737_ses-E16680_acq-1_run-1_bp-chest_vp-pa_cr.npy
qata_test_sub-S09739_ses-E18557_run-1_bp-chest_vp-ap_dx,sub-S09739,unet,1003,0.007734303935219875,0.003882164900573598,101.18091763668387,45.662432872417554,predictions/masks/qata_test_sub-S09739_ses-E18557_run-1_bp-chest_vp-ap_dx.png,predictions/probabilities/qata_test_sub-S09739_ses-E18557_run-1_bp-chest_vp-ap_dx.npy
qata_test_sub-S09741_ses-E16691_run-1_bp-chest_cr,sub-S09741,unet,1003,0.806198259397024,0.6753200569105505,12.394381540487966,3.2339768722485442,predictions/masks/qata_test_sub-S09741_ses-E16691_run-1_bp-chest_cr.png,predictions/probabilities/qata_test_sub-S09741_ses-E16691_run-1_bp-chest_cr.npy
qata_test_sub-S09741_ses-E16806_run-1_bp-chest_vp-ap_dx,sub-S09741,unet,1003,0.74224061484271,0.5901292597041098,32.02732566131388,5.179826696170271,predictions/masks/qata_test_sub-S09741_ses-E16806_run-1_bp-chest_vp-ap_dx.png,predictions/probabilities/qata_test_sub-S09741_ses-E16806_run-1_bp-chest_vp-ap_dx.npy
qata_test_sub-S09741_ses-E17469_run-1_bp-chest_vp-pa_cr,sub-S09741,unet,1003,0.7481085892356896,0.5975826519872882,14.7749476289419,3.211740587017944,predictions/masks/qata_test_sub-S09741_ses-E17469_run-1_bp-chest_vp-pa_cr.png,predictions/probabilities/qata_test_sub-S09741_ses-E17469_run-1_bp-chest_vp-pa_cr.npy
qata_test_sub-S09745_ses-E19438_run-1_bp-chest_vp-ap_dx,sub-S09745,unet,1003,0.7665566556672787,0.6214769889449223,89.94218878321743,23.010774699466214,predictions/masks/qata_test_sub-S09745_ses-E19438_run-1_bp-chest_vp-ap_dx.png,predictions/probabilities/qata_test_sub-S09745_ses-E19438_run-1_bp-chest_vp-ap_dx.npy
qata_test_sub-S09745_ses-E20677_run-1_bp-chest_vp-ap_dx,sub-S09745,unet,1003,0.8371208329178385,0.7198691460103328,15.365193387422845,3.81488380285476,predictions/masks/qata_test_sub-S09745_ses-E20677_run-1_bp-chest_vp-ap_dx.png,predictions/probabilities/qata_test_sub-S09745_ses-E20677_run-1_bp-chest_vp-ap_dx.npy
qata_test_sub-S09745_ses-E22607_run-1_bp-chest_vp-ap_dx,sub-S09745,unet,1003,0.7752785802747082,0.6330244313456946,89.01685021106307,13.063172149057133,predictions/masks/qata_test_sub-S09745_ses-E22607_run-1_bp-chest_vp-ap_dx.png,predictions/probabilities/qata_test_sub-S09745_ses-E22607_run-1_bp-chest_vp-ap_dx.npy
qata_test_sub-S09746_ses-E16702_run-1_bp-chest_vp-ap_dx,sub-S09746,unet,1003,0.5439396945141055,0.3735694823058973,30.01666203960727,8.588250947884633,predictions/masks/qata_test_sub-S09746_ses-E16702_run-1_bp-chest_vp-ap_dx.png,predictions/probabilities/qata_test_sub-S09746_ses-E16702_run-1_bp-chest_vp-ap_dx.npy
qata_test_sub-S09746_ses-E17106_run-1_bp-chest_vp-ap_dx,sub-S09746,unet,1003,0.5728207904825983,0.4013657056372775,33.17468574445084,8.308415979946517,predictions/masks/qata_test_sub-S09746_ses-E17106_run-1_bp-chest_vp-ap_dx.png,predictions/probabilities/qata_test_sub-S09746_ses-E17106_run-1_bp-chest_vp-ap_dx.npy
qata_test_sub-S09747_ses-E16706_run-1_bp-chest_vp-pa_cr,sub-S09747,unet,1003,0.6093750000145323,0.43820224722106993,98.3015743759757,24.37928701269935,predictions/masks/qata_test_sub-S09747_ses-E16706_run-1_bp-chest_vp-pa_cr.png,predictions/probabilities/qata_test_sub-S09747_ses-E16706_run-1_bp-chest_vp-pa_cr.npy
qata_test_sub-S09747_ses-E18456_run-1_bp-chest_vp-ap_dx,sub-S09747,unet,1003,0.9570733146488114,0.9176803394648464,93.49966479111102,5.83133141076831,predictions/masks/qata_test_sub-S09747_ses-E18456_run-1_bp-chest_vp-ap_dx.png,predictions/probabilities/qata_test_sub-S09747_ses-E18456_run-1_bp-chest_vp-ap_dx.npy
qata_test_sub-S09747_ses-E22637_run-1_bp-chest_vp-ap_dx,sub-S09747,unet,1003,0.759127241310021,0.6117688022419301,13.46101637015679,2.7364874728650923,predictions/masks/qata_test_sub-S09747_ses-E22637_run-1_bp-chest_vp-ap_dx.png,predictions/probabilities/qata_test_sub-S09747_ses-E22637_run-1_bp-chest_vp-ap_dx.npy
qata_test_sub-S09747_ses-E23655_run-1_bp-chest_cr,sub-S09747,unet,1003,0.7800992033702074,0.6394775751690617,44.48590172445827,8.548421323388062,predictions/masks/qata_test_sub-S09747_ses-E23655_run-1_bp-chest_cr.png,predictions/probabilities/qata_test_sub-S09747_ses-E23655_run-1_bp-chest_cr.npy
qata_test_sub-S09747_ses-E25227_run-1_bp-chest_vp-pa_cr,sub-S09747,unet,1003,0.5069278547657208,0.3395200000211354,112.0044641967453,32.29723999551004,predictions/masks/qata_test_sub-S09747_ses-E25227_run-1_bp-chest_vp-pa_cr.png,predictions/probabilities/qata_test_sub-S09747_ses-E25227_run-1_bp-chest_vp-pa_cr.npy
qata_test_sub-S09747_ses-E26509_run-1_bp-chest_vp-ap_dx,sub-S09747,unet,1003,0.9751636816190944,0.9515311510036797,2.0,0.5736851078272357,predictions/masks/qata_test_sub-S09747_ses-E26509_run-1_bp-chest_vp-ap_dx.png,predictions/probabilities/qata_test_sub-S09747_ses-E26509_run-1_bp-chest_vp-ap_dx.npy
qata_test_sub-S09748_ses-E16709_run-1_bp-chest_vp-ap_cr,sub-S09748,unet,1003,0.5432473444844084,0.37291666671021406,110.13761754634103,33.10104992303642,predictions/masks/qata_test_sub-S09748_ses-E16709_run-1_bp-chest_vp-ap_cr.png,predictions/probabilities/qata_test_sub-S09748_ses-E16709_run-1_bp-chest_vp-ap_cr.npy
qata_test_sub-S09748_ses-E22191_run-1_bp-chest_vp-ap_cr,sub-S09748,unet,1003,0.4534883721219086,0.29323308275507637,48.400383460340954,13.676646760845605,predictions/masks/qata_test_sub-S09748_ses-E22191_run-1_bp-chest_vp-ap_cr.png,predictions/probabilities/qata_test_sub-S09748_ses-E22191_run-1_bp-chest_vp-ap_cr.npy
qata_test_sub-S09750_ses-E19151_run-1_bp-chest_vp-ap_cr,sub-S09750,unet,1003,0.622060284875056,0.45144230771868066,17.17692291975505,4.624913028895288,predictions/masks/qata_test_sub-S09750_ses-E19151_run-1_bp-chest_vp-ap_cr.png,predictions/probabilities/qata_test_sub-S09750_ses-E19151_run-1_bp-chest_vp-ap_cr.npy
qata_test_sub-S09751_ses-E16715_run-1_bp-chest_vp-pa_cr,sub-S09751,unet,1003,0.5016091954080274,0.3347652654290462,43.945412218382074,10.761527186195009,predictions/masks/qata_test_sub-S09751_ses-E16715_run-1_bp-chest_vp-pa_cr.png,predictions/probabilities/qata_test_sub-S09751_ses-E16715_run-1_bp-chest_vp-pa_cr.npy
qata_test_sub-S09751_ses-E18178_run-1_bp-chest_vp-pa_cr,sub-S09751,unet,1003,0.971552599981659,0.9446789402788983,2.0,0.7214584174182199,predictions/masks/qata_test_sub-S09751_ses-E18178_run-1_bp-chest_vp-pa_cr.png,predictions/probabilities/qata_test_sub-S09751_ses-E18178_run-1_bp-chest_vp-pa_cr.npy
qata_test_sub-S09751_ses-E20961_run-1_bp-chest_vp-ap_cr,sub-S09751,unet,1003,0.9520109905729688,0.9084169604926461,5.0,1.429797468447651,predictions/masks/qata_test_sub-S09751_ses-E20961_run-1_bp-chest_vp-ap_cr.png,predictions/probabilities/qata_test_sub-S09751_ses-E20961_run-1_bp-chest_vp-ap_cr.npy
qata_test_sub-S09751_ses-E23836_run-1_bp-chest_vp-pa_cr,sub-S09751,unet,1003,0.8679521601178035,0.7667097887040387,22.10428851041576,4.356769224901159,predictions/masks/qata_test_sub-S09751_ses-E23836_run-1_bp-chest_vp-pa_cr.png,predictions/probabilities/qata_test_sub-S09751_ses-E23836_run-1_bp-chest_vp-pa_cr.npy
qata_test_sub-S09751_ses-E25837_run-1_bp-chest_vp-pa_cr,sub-S09751,unet,1003,0.9781990521328048,0.9573283859002103,2.0,0.5363344461518192,predictions/masks/qata_test_sub-S09751_ses-E25837_run-1_bp-chest_vp-pa_cr.png,predictions/probabilities/qata_test_sub-S09751_ses-E25837_run-1_bp-chest_vp-pa_cr.npy
qata_test_sub-S09752_ses-E25241_run-1_bp-chest_vp-ap_cr,sub-S09752,unet,1003,0.8065687121900333,0.6758400927092746,11.326915361785751,3.040465371528211,predictions/masks/qata_test_sub-S09752_ses-E25241_run-1_bp-chest_vp-ap_cr.png,predictions/probabilities/qata_test_sub-S09752_ses-E25241_run-1_bp-chest_vp-ap_cr.npy
qata_test_sub-S09753_ses-E16720_run-1_bp-chest_vp-ap_dx,sub-S09753,unet,1003,0.2857142857792799,0.16666666675513092,90.05207509227586,32.05919297583252,predictions/masks/qata_test_sub-S09753_ses-E16720_run-1_bp-chest_vp-ap_dx.png,predictions/probabilities/qata_test_sub-S09753_ses-E16720_run-1_bp-chest_vp-ap_dx.npy
qata_test_sub-S09753_ses-E20312_run-1_bp-chest_vp-ap_dx,sub-S09753,unet,1003,0.3439233484950114,0.20767356886676774,24.24335774153859,7.295050501530865,predictions/masks/qata_test_sub-S09753_ses-E20312_run-1_bp-chest_vp-ap_dx.png,predictions/probabilities/qata_test_sub-S09753_ses-E20312_run-1_bp-chest_vp-ap_dx.npy
qata_test_sub-S09755_ses-E16724_run-1_bp-chest_vp-pa_cr,sub-S09755,unet,1003,0.6602931803804878,0.49286393912974014,84.50886126403586,19.27577342620808,predictions/masks/qata_test_sub-S09755_ses-E16724_run-1_bp-chest_vp-pa_cr.png,predictions/probabilities/qata_test_sub-S09755_ses-E16724_run-1_bp-chest_vp-pa_cr.npy
qata_test_sub-S09757_ses-E26679_run-1_bp-chest_vp-ap_dx,sub-S09757,unet,1003,2.8409090901020144e-10,2.8409090901020144e-10,51.64683106189077,35.522287944686305,predictions/masks/qata_test_sub-S09757_ses-E26679_run-1_bp-chest_vp-ap_dx.png,predictions/probabilities/qata_test_sub-S09757_ses-E26679_run-1_bp-chest_vp-ap_dx.npy
qata_test_sub-S09759_ses-E16728_run-1_bp-chest_vp-pa_cr,sub-S09759,unet,1003,0.8487704314556211,0.7372729598429963,9.848857801796104,2.9377359652220774,predictions/masks/qata_test_sub-S09759_ses-E16728_run-1_bp-chest_vp-pa_cr.png,predictions/probabilities/qata_test_sub-S09759_ses-E16728_run-1_bp-chest_vp-pa_cr.npy
qata_test_sub-S09759_ses-E22410_run-1_bp-chest_vp-pa_cr,sub-S09759,unet,1003,0.8926667337300808,0.8061409883756152,11.34452451218707,2.2270590806005988,predictions/masks/qata_test_sub-S09759_ses-E22410_run-1_bp-chest_vp-pa_cr.png,predictions/probabilities/qata_test_sub-S09759_ses-E22410_run-1_bp-chest_vp-pa_cr.npy
qata_test_sub-S09759_ses-E24342_run-1_bp-chest_vp-pa_cr,sub-S09759,unet,1003,0.8583103483516364,0.7517895490380854,39.27336797248607,6.800154547146955,predictions/masks/qata_test_sub-S09759_ses-E24342_run-1_bp-chest_vp-pa_cr.png,predictions/probabilities/qata_test_sub-S09759_ses-E24342_run-1_bp-chest_vp-pa_cr.npy
qata_test_sub-S09759_ses-E25899_run-1_bp-chest_vp-pa_cr,sub-S09759,unet,1003,0.9525347110109109,0.9093711467333604,5.656854249492381,1.2062894772765802,predictions/masks/qata_test_sub-S09759_ses-E25899_run-1_bp-chest_vp-pa_cr.png,predictions/probabilities/qata_test_sub-S09759_ses-E25899_run-1_bp-chest_vp-pa_cr.npy
qata_test_sub-S09760_ses-E16731_run-1_bp-chest_cr,sub-S09760,unet,1003,0.8055077453002569,0.674351585108256,6.4031242374328485,1.7029205867790087,predictions/masks/qata_test_sub-S09760_ses-E16731_run-1_bp-chest_cr.png,predictions/probabilities/qata_test_sub-S09760_ses-E16731_run-1_bp-chest_cr.npy
qata_test_sub-S09760_ses-E18240_run-1_bp-chest_vp-ap_dx,sub-S09760,unet,1003,0.9310607987798135,0.8710138029540454,5.0,1.2391848052657948,predictions/masks/qata_test_sub-S09760_ses-E18240_run-1_bp-chest_vp-ap_dx.png,predictions/probabilities/qata_test_sub-S09760_ses-E18240_run-1_bp-chest_vp-ap_dx.npy
qata_test_sub-S09760_ses-E20482_run-1_bp-chest_cr,sub-S09760,unet,1003,0.8432568496481435,0.7289922999710581,15.226606198662509,3.712467241943864,predictions/masks/qata_test_sub-S09760_ses-E20482_run-1_bp-chest_cr.png,predictions/probabilities/qata_test_sub-S09760_ses-E20482_run-1_bp-chest_cr.npy
qata_test_sub-S09760_ses-E20858_run-1_bp-chest_vp-ap_dx,sub-S09760,unet,1003,0.6151426645784062,0.4441920830809802,32.25131138617823,6.872512863031204,predictions/masks/qata_test_sub-S09760_ses-E20858_run-1_bp-chest_vp-ap_dx.png,predictions/probabilities/qata_test_sub-S09760_ses-E20858_run-1_bp-chest_vp-ap_dx.npy
qata_test_sub-S09760_ses-E21226_run-1_bp-chest_vp-ap_dx,sub-S09760,unet,1003,0.8819775098786143,0.7888727799965771,9.055385138137417,2.3981789912120677,predictions/masks/qata_test_sub-S09760_ses-E21226_run-1_bp-chest_vp-ap_dx.png,predictions/probabilities/qata_test_sub-S09760_ses-E21226_run-1_bp-chest_vp-ap_dx.npy
qata_test_sub-S09760_ses-E21721_run-1_bp-chest_vp-ap_dx,sub-S09760,unet,1003,0.9045936395770592,0.8258064516165284,96.54403096267174,13.633987987143069,predictions/masks/qata_test_sub-S09760_ses-E21721_run-1_bp-chest_vp-ap_dx.png,predictions/probabilities/qata_test_sub-S09760_ses-E21721_run-1_bp-chest_vp-ap_dx.npy
qata_test_sub-S09760_ses-E22406_run-1_bp-chest_vp-ap_dx,sub-S09760,unet,1003,0.9193807630494935,0.8507906685478192,5.575347416785029,1.6612462960675591,predictions/masks/qata_test_sub-S09760_ses-E22406_run-1_bp-chest_vp-ap_dx.png,predictions/probabilities/qata_test_sub-S09760_ses-E22406_run-1_bp-chest_vp-ap_dx.npy
qata_test_sub-S09760_ses-E23185_run-1_bp-chest_vp-ap_dx,sub-S09760,unet,1003,0.8713716562358744,0.7720625315293967,98.4819779276593,8.237873310505114,predictions/masks/qata_test_sub-S09760_ses-E23185_run-1_bp-chest_vp-ap_dx.png,predictions/probabilities/qata_test_sub-S09760_ses-E23185_run-1_bp-chest_vp-ap_dx.npy
qata_test_sub-S09760_ses-E25900_run-1_bp-chest_vp-pa_cr,sub-S09760,unet,1003,0.4479884016147884,0.2886501635082368,88.95504482602435,19.162748767852058,predictions/masks/qata_test_sub-S09760_ses-E25900_run-1_bp-chest_vp-pa_cr.png,predictions/probabilities/qata_test_sub-S09760_ses-E25900_run-1_bp-chest_vp-pa_cr.npy
qata_test_sub-S09762_ses-E16733_run-1_bp-chest_vp-pa_cr,sub-S09762,unet,1003,0.9722438103698665,0.9459868207848549,2.0,0.6882875547534728,predictions/masks/qata_test_sub-S09762_ses-E16733_run-1_bp-chest_vp-pa_cr.png,predictions/probabilities/qata_test_sub-S09762_ses-E16733_run-1_bp-chest_vp-pa_cr.npy
qata_test_sub-S09762_ses-E18234_run-1_bp-chest_vp-pa_cr,sub-S09762,unet,1003,0.8243352861665224,0.7011652867264464,22.57208232057218,4.311706541901591,predictions/masks/qata_test_sub-S09762_ses-E18234_run-1_bp-chest_vp-pa_cr.png,predictions/probabilities/qata_test_sub-S09762_ses-E18234_run-1_bp-chest_vp-pa_cr.npy
qata_test_sub-S09762_ses-E19022_run-1_bp-chest_vp-ap_cr,sub-S09762,unet,1003,0.9733463937723702,0.9480767299392581,2.0,0.693336769581057,predictions/masks/qata_test_sub-S09762_ses-E19022_run-1_bp-chest_vp-ap_cr.png,predictions/probabilities/qata_test_sub-S09762_ses-E19022_run-1_bp-chest_vp-ap_cr.npy
qata_test_sub-S09762_ses-E19737_run-1_bp-chest_vp-ap_cr,sub-S09762,unet,1003,0.9658460988259769,0.9339481268019141,2.23606797749979,0.819053451479515,predictions/masks/qata_test_sub-S09762_ses-E19737_run-1_bp-chest_vp-ap_cr.png,predictions/probabilities/qata_test_sub-S09762_ses-E19737_run-1_bp-chest_vp-ap_cr.npy
qata_test_sub-S09762_ses-E22687_run-1_bp-chest_vp-ap_cr,sub-S09762,unet,1003,0.980686695279079,0.9621052631583146,1.4142135623730951,0.4584687981732084,predictions/masks/qata_test_sub-S09762_ses-E22687_run-1_bp-chest_vp-ap_cr.png,predictions/probabilities/qata_test_sub-S09762_ses-E22687_run-1_bp-chest_vp-ap_cr.npy
qata_test_sub-S09762_ses-E23042_run-1_bp-chest_vp-pa_cr,sub-S09762,unet,1003,0.8923431203230148,0.8056133056153262,13.341664064126334,2.965192254637167,predictions/masks/qata_test_sub-S09762_ses-E23042_run-1_bp-chest_vp-pa_cr.png,predictions/probabilities/qata_test_sub-S09762_ses-E23042_run-1_bp-chest_vp-pa_cr.npy
qata_test_sub-S09762_ses-E23423_run-1_bp-chest_vp-pa_cr,sub-S09762,unet,1003,0.5681498829140949,0.3967942427413545,95.93225249145526,25.23631970600854,predictions/masks/qata_test_sub-S09762_ses-E23423_run-1_bp-chest_vp-pa_cr.png,predictions/probabilities/qata_test_sub-S09762_ses-E23423_run-1_bp-chest_vp-pa_cr.npy
qata_test_sub-S09762_ses-E27134_run-2_bp-chest_vp-pa_dx,sub-S09762,unet,1003,0.7734322319660581,0.6305662451998195,17.0,3.832554884912859,predictions/masks/qata_test_sub-S09762_ses-E27134_run-2_bp-chest_vp-pa_dx.png,predictions/probabilities/qata_test_sub-S09762_ses-E27134_run-2_bp-chest_vp-pa_dx.npy
qata_test_sub-S09765_ses-E18242_run-1_bp-chest_vp-ap_dx,sub-S09765,unet,1003,0.7230255839873373,0.5662020906049303,21.931148078674795,4.398297773366086,predictions/masks/qata_test_sub-S09765_ses-E18242_run-1_bp-chest_vp-ap_dx.png,predictions/probabilities/qata_test_sub-S09765_ses-E18242_run-1_bp-chest_vp-ap_dx.npy
qata_test_sub-S09765_ses-E20500_run-1_bp-chest_vp-ap_dx,sub-S09765,unet,1003,0.7921494443179913,0.6558339859179392,16.454323528493273,3.3413745755903244,predictions/masks/qata_test_sub-S09765_ses-E20500_run-1_bp-chest_vp-ap_dx.png,predictions/probabilities/qata_test_sub-S09765_ses-E20500_run-1_bp-chest_vp-ap_dx.npy
qata_test_sub-S09765_ses-E24350_run-1_bp-chest_vp-ap_dx,sub-S09765,unet,1003,0.6868131868158756,0.523012552307492,17.046957646465863,4.226264101581695,predictions/masks/qata_test_sub-S09765_ses-E24350_run-1_bp-chest_vp-ap_dx.png,predictions/probabilities/qata_test_sub-S09765_ses-E24350_run-1_bp-chest_vp-ap_dx.npy
qata_test_sub-S09765_ses-E24590_run-1_bp-chest_vp-ap_dx,sub-S09765,unet,1003,0.8088573219148467,0.679059978958505,15.620499351813308,2.766505978731649,predictions/masks/qata_test_sub-S09765_ses-E24590_run-1_bp-chest_vp-ap_dx.png,predictions/probabilities/qata_test_sub-S09765_ses-E24590_run-1_bp-chest_vp-ap_dx.npy
qata_test_sub-S09765_ses-E25038_run-1_bp-chest_dx,sub-S09765,unet,1003,0.685818415696368,0.5218597063699534,47.79137816604312,9.642323286918607,predictions/masks/qata_test_sub-S09765_ses-E25038_run-1_bp-chest_dx.png,predictions/probabilities/qata_test_sub-S09765_ses-E25038_run-1_bp-chest_dx.npy
qata_test_sub-S09766_ses-E16740_run-1_bp-chest_vp-ap_dx,sub-S09766,unet,1003,0.4880777156389744,0.3228193146549296,99.77473371900581,32.858343917823845,predictions/masks/qata_test_sub-S09766_ses-E16740_run-1_bp-chest_vp-ap_dx.png,predictions/probabilities/qata_test_sub-S09766_ses-E16740_run-1_bp-chest_vp-ap_dx.npy
qata_test_sub-S09766_ses-E16740_run-2_bp-chest_vp-ap_dx,sub-S09766,unet,1003,0.8648138902764475,0.7618256450375114,18.439088914585774,3.4131525547856794,predictions/masks/qata_test_sub-S09766_ses-E16740_run-2_bp-chest_vp-ap_dx.png,predictions/probabilities/qata_test_sub-S09766_ses-E16740_run-2_bp-chest_vp-ap_dx.npy
qata_test_sub-S09766_ses-E16979_run-1_bp-chest_vp-ap_dx,sub-S09766,unet,1003,0.7393493943141507,0.5864824012181714,16.1245154965971,4.881463894526255,predictions/masks/qata_test_sub-S09766_ses-E16979_run-1_bp-chest_vp-ap_dx.png,predictions/probabilities/qata_test_sub-S09766_ses-E16979_run-1_bp-chest_vp-ap_dx.npy
qata_test_sub-S09766_ses-E17297_run-1_bp-chest_vp-ap_dx,sub-S09766,unet,1003,0.6275498510284769,0.457247829009444,26.119872386917983,9.463552333343786,predictions/masks/qata_test_sub-S09766_ses-E17297_run-1_bp-chest_vp-ap_dx.png,predictions/probabilities/qata_test_sub-S09766_ses-E17297_run-1_bp-chest_vp-ap_dx.npy
qata_test_sub-S09766_ses-E17443_run-1_bp-chest_vp-ap_dx,sub-S09766,unet,1003,0.5838670449972932,0.4122967712455656,49.78453043525943,12.134211788254394,predictions/masks/qata_test_sub-S09766_ses-E17443_run-1_bp-chest_vp-ap_dx.png,predictions/probabilities/qata_test_sub-S09766_ses-E17443_run-1_bp-chest_vp-ap_dx.npy
qata_test_sub-S09766_ses-E17514_acq-1_run-1_bp-chest_vp-ap_dx,sub-S09766,unet,1003,0.6759763313686159,0.510547014676062,31.971806875028136,6.0557479161781265,predictions/masks/qata_test_sub-S09766_ses-E17514_acq-1_run-1_bp-chest_vp-ap_dx.png,predictions/probabilities/qata_test_sub-S09766_ses-E17514_acq-1_run-1_bp-chest_vp-ap_dx.npy
qata_test_sub-S09766_ses-E18112_run-1_bp-chest_vp-ap_dx,sub-S09766,unet,1003,0.8596671460873262,0.7538738738783086,11.0,2.357828194442078,predictions/masks/qata_test_sub-S09766_ses-E18112_run-1_bp-chest_vp-ap_dx.png,predictions/probabilities/qata_test_sub-S09766_ses-E18112_run-1_bp-chest_vp-ap_dx.npy
qata_test_sub-S09766_ses-E20729_run-1_bp-chest_vp-ap_dx,sub-S09766,unet,1003,0.9164037854896183,0.8457059679789563,6.708203932499369,1.9410433788836507,predictions/masks/qata_test_sub-S09766_ses-E20729_run-1_bp-chest_vp-ap_dx.png,predictions/probabilities/qata_test_sub-S09766_ses-E20729_run-1_bp-chest_vp-ap_dx.npy
qata_test_sub-S09767_ses-E18235_run-1_bp-chest_vp-ap_dx,sub-S09767,unet,1003,0.8342423523839969,0.7156224572846572,41.0,6.255850188558311,predictions/masks/qata_test_sub-S09767_ses-E18235_run-1_bp-chest_vp-ap_dx.png,predictions/probabilities/qata_test_sub-S09767_ses-E18235_run-1_bp-chest_vp-ap_dx.npy
qata_test_sub-S09767_ses-E19026_run-1_bp-chest_vp-ap_dx,sub-S09767,unet,1003,0.9393459424208547,0.8856289529173785,7.02487373415291,1.7510012616213546,predictions/masks/qata_test_sub-S09767_ses-E19026_run-1_bp-chest_vp-ap_dx.png,predictions/probabilities/qata_test_sub-S09767_ses-E19026_run-1_bp-chest_vp-ap_dx.npy
qata_test_sub-S09767_ses-E19500_run-1_bp-chest_vp-ap_dx,sub-S09767,unet,1003,0.9689575708283902,0.9397843807525657,3.0,0.8818731645109623,predictions/masks/qata_test_sub-S09767_ses-E19500_run-1_bp-chest_vp-ap_dx.png,predictions/probabilities/qata_test_sub-S09767_ses-E19500_run-1_bp-chest_vp-ap_dx.npy
qata_test_sub-S09767_ses-E19890_run-1_bp-chest_vp-ap_dx,sub-S09767,unet,1003,0.952585466414909,0.909463670658443,5.656854249492381,1.4586286506698192,predictions/masks/qata_test_sub-S09767_ses-E19890_run-1_bp-chest_vp-ap_dx.png,predictions/probabilities/qata_test_sub-S09767_ses-E19890_run-1_bp-chest_vp-ap_dx.npy
qata_test_sub-S09767_ses-E21418_run-1_bp-chest_vp-ap_dx,sub-S09767,unet,1003,0.9276814614466914,0.8651174330146781,11.926174977679906,2.2214324528015106,predictions/masks/qata_test_sub-S09767_ses-E21418_run-1_bp-chest_vp-ap_dx.png,predictions/probabilities/qata_test_sub-S09767_ses-E21418_run-1_bp-chest_vp-ap_dx.npy
qata_test_sub-S09767_ses-E23177_run-1_bp-chest_vp-ap_dx,sub-S09767,unet,1003,0.9643690679945834,0.9311899038468431,3.0,0.9191666928574487,predictions/masks/qata_test_sub-S09767_ses-E23177_run-1_bp-chest_vp-ap_dx.png,predictions/probabilities/qata_test_sub-S09767_ses-E23177_run-1_bp-chest_vp-ap_dx.npy
qata_test_sub-S09767_ses-E23693_run-1_bp-chest_vp-ap_cr,sub-S09767,unet,1003,0.949217096911244,0.9033427305698079,4.123105625617661,1.0062434920224022,predictions/masks/qata_test_sub-S09767_ses-E23693_run-1_bp-chest_vp-ap_cr.png,predictions/probabilities/qata_test_sub-S09767_ses-E23693_run-1_bp-chest_vp-ap_cr.npy
qata_test_sub-S09767_ses-E24344_run-1_bp-chest_vp-ap_dx,sub-S09767,unet,1003,0.9684172532035353,0.9387683694896889,3.605551275463989,0.8993438485905522,predictions/masks/qata_test_sub-S09767_ses-E24344_run-1_bp-chest_vp-ap_dx.png,predictions/probabilities/qata_test_sub-S09767_ses-E24344_run-1_bp-chest_vp-ap_dx.npy
qata_test_sub-S09767_ses-E24758_run-1_bp-chest_vp-ap_dx,sub-S09767,unet,1003,0.8740682233308286,0.776306559104031,16.625242653123955,4.026450339772236,predictions/masks/qata_test_sub-S09767_ses-E24758_run-1_bp-chest_vp-ap_dx.png,predictions/probabilities/qata_test_sub-S09767_ses-E24758_run-1_bp-chest_vp-ap_dx.npy
qata_test_sub-S09767_ses-E25448_run-1_bp-chest_vp-ap_dx,sub-S09767,unet,1003,0.8795074758141331,0.7849293563598035,16.634279815108588,3.710125564201674,predictions/masks/qata_test_sub-S09767_ses-E25448_run-1_bp-chest_vp-ap_dx.png,predictions/probabilities/qata_test_sub-S09767_ses-E25448_run-1_bp-chest_vp-ap_dx.npy
qata_test_sub-S09767_ses-E25909_run-1_bp-chest_vp-ap_dx,sub-S09767,unet,1003,0.8014082670500221,0.668624891212151,23.345235059857504,4.9125625457644455,predictions/masks/qata_test_sub-S09767_ses-E25909_run-1_bp-chest_vp-ap_dx.png,predictions/probabilities/qata_test_sub-S09767_ses-E25909_run-1_bp-chest_vp-ap_dx.npy
qata_test_sub-S09767_ses-E26376_run-1_bp-chest_vp-ap_dx,sub-S09767,unet,1003,0.946844238564189,0.8990543215314196,9.219544457292887,1.9974016424536543,predictions/masks/qata_test_sub-S09767_ses-E26376_run-1_bp-chest_vp-ap_dx.png,predictions/probabilities/qata_test_sub-S09767_ses-E26376_run-1_bp-chest_vp-ap_dx.npy
qata_test_sub-S09767_ses-E26822_run-1_bp-chest_vp-ap_cr,sub-S09767,unet,1003,0.8326565505485647,0.7132918345033581,22.777120421088057,4.181406854967406,predictions/masks/qata_test_sub-S09767_ses-E26822_run-1_bp-chest_vp-ap_cr.png,predictions/probabilities/qata_test_sub-S09767_ses-E26822_run-1_bp-chest_vp-ap_cr.npy
qata_test_sub-S09768_ses-E16745_run-1_bp-chest_vp-ap_dx,sub-S09768,unet,1003,0.9108477666379061,0.8362905925732745,45.94013949390892,5.751959616335849,predictions/masks/qata_test_sub-S09768_ses-E16745_run-1_bp-chest_vp-ap_dx.png,predictions/probabilities/qata_test_sub-S09768_ses-E16745_run-1_bp-chest_vp-ap_dx.npy
qata_test_sub-S09768_ses-E18658_run-1_bp-chest_vp-ap_dx,sub-S09768,unet,1003,0.7572123176700614,0.6092853416898987,55.53976198836946,14.330750301917654,predictions/masks/qata_test_sub-S09768_ses-E18658_run-1_bp-chest_vp-ap_dx.png,predictions/probabilities/qata_test_sub-S09768_ses-E18658_run-1_bp-chest_vp-ap_dx.npy
qata_test_sub-S09768_ses-E19272_run-1_bp-chest_vp-ap_dx,sub-S09768,unet,1003,0.7905795428331727,0.6536846124541106,41.8645411072598,6.557292384136344,predictions/masks/qata_test_sub-S09768_ses-E19272_run-1_bp-chest_vp-ap_dx.png,predictions/probabilities/qata_test_sub-S09768_ses-E19272_run-1_bp-chest_vp-ap_dx.npy
qata_test_sub-S09768_ses-E19523_run-1_bp-chest_vp-ap_dx,sub-S09768,unet,1003,0.9632882487268287,0.9291765503231247,2.23606797749979,1.116556286036268,predictions/masks/qata_test_sub-S09768_ses-E19523_run-1_bp-chest_vp-ap_dx.png,predictions/probabilities/qata_test_sub-S09768_ses-E19523_run-1_bp-chest_vp-ap_dx.npy
qata_test_sub-S09768_ses-E20084_run-1_bp-chest_vp-ap_dx,sub-S09768,unet,1003,0.7100755667542812,0.5504784221919453,62.03140412037713,12.543862204844391,predictions/masks/qata_test_sub-S09768_ses-E20084_run-1_bp-chest_vp-ap_dx.png,predictions/probabilities/qata_test_sub-S09768_ses-E20084_run-1_bp-chest_vp-ap_dx.npy
qata_test_sub-S09768_ses-E20239_run-1_bp-chest_vp-ap_dx,sub-S09768,unet,1003,0.7694067658151755,0.6252324037284135,56.50353254892576,14.033703314788472,predictions/masks/qata_test_sub-S09768_ses-E20239_run-1_bp-chest_vp-ap_dx.png,predictions/probabilities/qata_test_sub-S09768_ses-E20239_run-1_bp-chest_vp-ap_dx.npy
qata_test_sub-S09768_ses-E20510_run-1_bp-chest_vp-ap_dx,sub-S09768,unet,1003,0.6638655462220181,0.49685534591986075,26.669083038802498,7.734567189765217,predictions/masks/qata_test_sub-S09768_ses-E20510_run-1_bp-chest_vp-ap_dx.png,predictions/probabilities/qata_test_sub-S09768_ses-E20510_run-1_bp-chest_vp-ap_dx.npy
qata_test_sub-S09768_ses-E20876_run-1_bp-chest_vp-ap_dx,sub-S09768,unet,1003,0.8453930244691065,0.7321911632181487,12.529964086141668,2.717206530328693,predictions/masks/qata_test_sub-S09768_ses-E20876_run-1_bp-chest_vp-ap_dx.png,predictions/probabilities/qata_test_sub-S09768_ses-E20876_run-1_bp-chest_vp-ap_dx.npy
qata_test_sub-S09768_ses-E20876_run-2_bp-chest_vp-ap_dx,sub-S09768,unet,1003,0.6934610054215262,0.5307618129309399,64.03007085677311,17.605879408217444,predictions/masks/qata_test_sub-S09768_ses-E20876_run-2_bp-chest_vp-ap_dx.png,predictions/probabilities/qata_test_sub-S09768_ses-E20876_run-2_bp-chest_vp-ap_dx.npy
qata_test_sub-S09768_ses-E21013_run-1_bp-chest_vp-ap_dx,sub-S09768,unet,1003,0.8425360809948838,0.7279156327577182,17.894116628998397,3.028040354108596,predictions/masks/qata_test_sub-S09768_ses-E21013_run-1_bp-chest_vp-ap_dx.png,predictions/probabilities/qata_test_sub-S09768_ses-E21013_run-1_bp-chest_vp-ap_dx.npy
qata_test_sub-S09768_ses-E21563_run-1_bp-chest_vp-ap_dx,sub-S09768,unet,1003,0.8331051270373786,0.7139504563307966,31.04834939252005,5.309192965472076,predictions/masks/qata_test_sub-S09768_ses-E21563_run-1_bp-chest_vp-ap_dx.png,predictions/probabilities/qata_test_sub-S09768_ses-E21563_run-1_bp-chest_vp-ap_dx.npy
qata_test_sub-S09768_ses-E21742_run-1_bp-chest_vp-ap_dx,sub-S09768,unet,1003,0.9319785930355078,0.8726216412509423,5.0,1.464848091808969,predictions/masks/qata_test_sub-S09768_ses-E21742_run-1_bp-chest_vp-ap_dx.png,predictions/probabilities/qata_test_sub-S09768_ses-E21742_run-1_bp-chest_vp-ap_dx.npy
qata_test_sub-S09768_ses-E21952_run-1_bp-chest_vp-ap_dx,sub-S09768,unet,1003,0.9443480581880132,0.8945638432377425,5.0,1.395469426712498,predictions/masks/qata_test_sub-S09768_ses-E21952_run-1_bp-chest_vp-ap_dx.png,predictions/probabilities/qata_test_sub-S09768_ses-E21952_run-1_bp-chest_vp-ap_dx.npy
qata_test_sub-S09768_ses-E22887_run-1_bp-chest_vp-ap_dx,sub-S09768,unet,1003,0.9432314410484414,0.89256198347253,3.605551275463989,1.353021116345773,predictions/masks/qata_test_sub-S09768_ses-E22887_run-1_bp-chest_vp-ap_dx.png,predictions/probabilities/qata_test_sub-S09768_ses-E22887_run-1_bp-chest_vp-ap_dx.npy
qata_test_sub-S09768_ses-E23194_run-1_bp-chest_vp-ap_dx,sub-S09768,unet,1003,0.7714080607140661,0.6278797996723225,14.0,3.7290851843742145,predictions/masks/qata_test_sub-S09768_ses-E23194_run-1_bp-chest_vp-ap_dx.png,predictions/probabilities/qata_test_sub-S09768_ses-E23194_run-1_bp-chest_vp-ap_dx.npy
qata_test_sub-S09768_ses-E23452_run-1_bp-chest_vp-ap_dx,sub-S09768,unet,1003,0.8946604759156317,0.8093987923389498,7.292036661915136,1.7318660585745191,predictions/masks/qata_test_sub-S09768_ses-E23452_run-1_bp-chest_vp-ap_dx.png,predictions/probabilities/qata_test_sub-S09768_ses-E23452_run-1_bp-chest_vp-ap_dx.npy
qata_test_sub-S09768_ses-E25292_run-1_bp-chest_vp-ap_dx,sub-S09768,unet,1003,0.8360982083623416,0.7183580387725433,23.90414215811615,5.715142310771976,predictions/masks/qata_test_sub-S09768_ses-E25292_run-1_bp-chest_vp-ap_dx.png,predictions/probabilities/qata_test_sub-S09768_ses-E25292_run-1_bp-chest_vp-ap_dx.npy
qata_test_sub-S09768_ses-E25614_run-1_bp-chest_vp-ap_dx,sub-S09768,unet,1003,0.9607990764445073,0.9245556414226762,5.0,1.091212860443864,predictions/masks/qata_test_sub-S09768_ses-E25614_run-1_bp-chest_vp-ap_dx.png,predictions/probabilities/qata_test_sub-S09768_ses-E25614_run-1_bp-chest_vp-ap_dx.npy
qata_test_sub-S09768_ses-E26236_run-1_bp-chest_vp-ap_dx,sub-S09768,unet,1003,0.9299629255144592,0.869094116166447,21.93171219946131,3.1337830156867916,predictions/masks/qata_test_sub-S09768_ses-E26236_run-1_bp-chest_vp-ap_dx.png,predictions/probabilities/qata_test_sub-S09768_ses-E26236_run-1_bp-chest_vp-ap_dx.npy
qata_test_sub-S09772_ses-E23908_run-1_bp-chest_cr,sub-S09772,unet,1003,0.9647252747254685,0.93185436790222,3.0,0.9066243333244943,predictions/masks/qata_test_sub-S09772_ses-E23908_run-1_bp-chest_cr.png,predictions/probabilities/qata_test_sub-S09772_ses-E23908_run-1_bp-chest_cr.npy
qata_test_sub-S09772_ses-E25920_run-1_bp-chest_vp-ap_dx,sub-S09772,unet,1003,0.89312320916982,0.8068858400232088,13.341664064126334,2.0321817840870593,predictions/masks/qata_test_sub-S09772_ses-E25920_run-1_bp-chest_vp-ap_dx.png,predictions/probabilities/qata_test_sub-S09772_ses-E25920_run-1_bp-chest_vp-ap_dx.npy
qata_test_sub-S09773_ses-E23910_run-1_bp-chest_vp-ap_dx,sub-S09773,unet,1003,0.7488584474981409,0.5985401460098211,94.91978159235236,9.463016294858452,predictions/masks/qata_test_sub-S09773_ses-E23910_run-1_bp-chest_vp-ap_dx.png,predictions/probabilities/qata_test_sub-S09773_ses-E23910_run-1_bp-chest_vp-ap_dx.npy
qata_test_sub-S09773_ses-E25613_run-1_bp-chest_vp-ap_dx,sub-S09773,unet,1003,0.004627844234298965,0.0023192887900147165,107.092009838027,28.649784347355997,predictions/masks/qata_test_sub-S09773_ses-E25613_run-1_bp-chest_vp-ap_dx.png,predictions/probabilities/qata_test_sub-S09773_ses-E25613_run-1_bp-chest_vp-ap_dx.npy
qata_test_sub-S09775_ses-E16760_run-1_bp-chest_vp-pa_dx,sub-S09775,unet,1003,0.9472871210668606,0.899853264860607,5.0,1.2605453737539423,predictions/masks/qata_test_sub-S09775_ses-E16760_run-1_bp-chest_vp-pa_dx.png,predictions/probabilities/qata_test_sub-S09775_ses-E16760_run-1_bp-chest_vp-pa_dx.npy
qata_test_sub-S09775_ses-E24783_run-1_bp-chest_vp-pa_dx,sub-S09775,unet,1003,0.8593297476239278,0.7533550961279161,9.0,3.2818708247517803,predictions/masks/qata_test_sub-S09775_ses-E24783_run-1_bp-chest_vp-pa_dx.png,predictions/probabilities/qata_test_sub-S09775_ses-E24783_run-1_bp-chest_vp-pa_dx.npy
qata_test_sub-S09776_ses-E16762_run-1_bp-chest_vp-pa_cr,sub-S09776,unet,1003,0.35775862082806925,0.21784776923416066,11.202481323848192,4.538244698355377,predictions/masks/qata_test_sub-S09776_ses-E16762_run-1_bp-chest_vp-pa_cr.png,predictions/probabilities/qata_test_sub-S09776_ses-E16762_run-1_bp-chest_vp-pa_cr.npy
qata_test_sub-S09776_ses-E19765_run-1_bp-chest_vp-pa_cr,sub-S09776,unet,1003,0.9672588459846773,0.9365936878030054,2.23606797749979,0.7671572775118559,predictions/masks/qata_test_sub-S09776_ses-E19765_run-1_bp-chest_vp-pa_cr.png,predictions/probabilities/qata_test_sub-S09776_ses-E19765_run-1_bp-chest_vp-pa_cr.npy
qata_test_sub-S09776_ses-E25967_run-1_bp-chest_vp-ap_cr,sub-S09776,unet,1003,0.4242038216621634,0.2691996766468715,48.68278051897535,11.629240677972861,predictions/masks/qata_test_sub-S09776_ses-E25967_run-1_bp-chest_vp-ap_cr.png,predictions/probabilities/qata_test_sub-S09776_ses-E25967_run-1_bp-chest_vp-ap_cr.npy
qata_test_sub-S09778_ses-E16764_run-1_bp-chest_cr,sub-S09778,unet,1003,0.48962655612248407,0.3241758243614901,9.219544457292887,3.3626060198599084,predictions/masks/qata_test_sub-S09778_ses-E16764_run-1_bp-chest_cr.png,predictions/probabilities/qata_test_sub-S09778_ses-E16764_run-1_bp-chest_cr.npy
qata_test_sub-S09778_ses-E17641_run-1_bp-chest_vp-ap_dx,sub-S09778,unet,1003,4.926108371957582e-10,4.926108371957582e-10,316.7838379715733,316.7838379715733,predictions/masks/qata_test_sub-S09778_ses-E17641_run-1_bp-chest_vp-ap_dx.png,predictions/probabilities/qata_test_sub-S09778_ses-E17641_run-1_bp-chest_vp-ap_dx.npy
qata_test_sub-S09778_ses-E17643_run-1_bp-chest_vp-ap_dx,sub-S09778,unet,1003,0.9307717076319548,0.8705079301371108,31.875423563401128,3.2391359274466027,predictions/masks/qata_test_sub-S09778_ses-E17643_run-1_bp-chest_vp-ap_dx.png,predictions/probabilities/qata_test_sub-S09778_ses-E17643_run-1_bp-chest_vp-ap_dx.npy
qata_test_sub-S09778_ses-E21429_run-1_bp-chest_vp-ap_dx,sub-S09778,unet,1003,0.721910562594616,0.5648357160881656,21.02379604162864,5.761545481789803,predictions/masks/qata_test_sub-S09778_ses-E21429_run-1_bp-chest_vp-ap_dx.png,predictions/probabilities/qata_test_sub-S09778_ses-E21429_run-1_bp-chest_vp-ap_dx.npy
qata_test_sub-S09778_ses-E22719_run-1_bp-chest_vp-ap_dx,sub-S09778,unet,1003,1.5408320490692091e-10,1.5408320490692091e-10,76.4912361381225,62.41991163181578,predictions/masks/qata_test_sub-S09778_ses-E22719_run-1_bp-chest_vp-ap_dx.png,predictions/probabilities/qata_test_sub-S09778_ses-E22719_run-1_bp-chest_vp-ap_dx.npy
qata_test_sub-S09780_ses-E16767_acq-1_run-1_bp-chest_vp-ap_cr,sub-S09780,unet,1003,0.829059829065047,0.7080291970955147,56.652440441131105,9.898545144006931,predictions/masks/qata_test_sub-S09780_ses-E16767_acq-1_run-1_bp-chest_vp-ap_cr.png,predictions/probabilities/qata_test_sub-S09780_ses-E16767_acq-1_run-1_bp-chest_vp-ap_cr.npy
qata_test_sub-S09780_ses-E18304_run-1_bp-chest_vp-ap_cr,sub-S09780,unet,1003,0.8300250969674876,0.7094383775407676,13.0,3.7995451098567945,predictions/masks/qata_test_sub-S09780_ses-E18304_run-1_bp-chest_vp-ap_cr.png,predictions/probabilities/qata_test_sub-S09780_ses-E18304_run-1_bp-chest_vp-ap_cr.npy
qata_test_sub-S09780_ses-E18305_run-1_bp-chest_vp-ap_cr,sub-S09780,unet,1003,0.9298602631945481,0.8689148073055549,4.322964030877367,1.3245402493980394,predictions/masks/qata_test_sub-S09780_ses-E18305_run-1_bp-chest_vp-ap_cr.png,predictions/probabilities/qata_test_sub-S09780_ses-E18305_run-1_bp-chest_vp-ap_cr.npy
qata_test_sub-S09780_ses-E21044_run-1_bp-chest_vp-ap_cr,sub-S09780,unet,1003,0.7355759429207833,0.5817478232962997,14.142135623730951,4.014251460830721,predictions/masks/qata_test_sub-S09780_ses-E21044_run-1_bp-chest_vp-ap_cr.png,predictions/probabilities/qata_test_sub-S09780_ses-E21044_run-1_bp-chest_vp-ap_cr.npy
qata_test_sub-S09780_ses-E23709_run-1_bp-chest_vp-ap_cr,sub-S09780,unet,1003,0.965454805355861,0.9332166543852872,3.0,1.2019315295469055,predictions/masks/qata_test_sub-S09780_ses-E23709_run-1_bp-chest_vp-ap_cr.png,predictions/probabilities/qata_test_sub-S09780_ses-E23709_run-1_bp-chest_vp-ap_cr.npy
qata_test_sub-S09780_ses-E24405_run-1_bp-chest_vp-ap_cr,sub-S09780,unet,1003,0.8226346557703466,0.6987080601648793,30.149336860684354,5.324233051731556,predictions/masks/qata_test_sub-S09780_ses-E24405_run-1_bp-chest_vp-ap_cr.png,predictions/probabilities/qata_test_sub-S09780_ses-E24405_run-1_bp-chest_vp-ap_cr.npy
qata_test_sub-S09781_ses-E20754_run-1_bp-chest_vp-ap_dx,sub-S09781,unet,1003,3.496503495280942e-10,3.496503495280942e-10,316.7838379715733,316.7838379715733,predictions/masks/qata_test_sub-S09781_ses-E20754_run-1_bp-chest_vp-ap_dx.png,predictions/probabilities/qata_test_sub-S09781_ses-E20754_run-1_bp-chest_vp-ap_dx.npy
qata_test_sub-S09783_ses-E16770_run-1_bp-chest_vp-ap_cr,sub-S09783,unet,1003,0.9335961817807968,0.8754621521708945,7.280109889280518,2.0131369482736874,predictions/masks/qata_test_sub-S09783_ses-E16770_run-1_bp-chest_vp-ap_cr.png,predictions/probabilities/qata_test_sub-S09783_ses-E16770_run-1_bp-chest_vp-ap_cr.npy
qata_test_sub-S09783_ses-E17575_run-1_bp-chest_vp-ap_dx,sub-S09783,unet,1003,0.9258397557079697,0.8619195884680937,13.038404810405298,2.174291042817835,predictions/masks/qata_test_sub-S09783_ses-E17575_run-1_bp-chest_vp-ap_dx.png,predictions/probabilities/qata_test_sub-S09783_ses-E17575_run-1_bp-chest_vp-ap_dx.npy
qata_test_sub-S09787_ses-E16775_run-1_bp-chest_vp-ap_dx,sub-S09787,unet,1003,0.438393464980368,0.2807323453111829,98.4418063987484,28.064872830467753,predictions/masks/qata_test_sub-S09787_ses-E16775_run-1_bp-chest_vp-ap_dx.png,predictions/probabilities/qata_test_sub-S09787_ses-E16775_run-1_bp-chest_vp-ap_dx.npy
qata_test_sub-S09787_ses-E22293_run-1_bp-chest_vp-ap_cr,sub-S09787,unet,1003,0.890575201094391,0.8027359781175722,73.65310926650736,6.775888788447399,predictions/masks/qata_test_sub-S09787_ses-E22293_run-1_bp-chest_vp-ap_cr.png,predictions/probabilities/qata_test_sub-S09787_ses-E22293_run-1_bp-chest_vp-ap_cr.npy
qata_test_sub-S09788_ses-E24791_run-1_bp-chest_vp-ap_dx,sub-S09788,unet,1003,0.7695680771785839,0.6254454739909935,80.02133504125129,12.965362735024263,predictions/masks/qata_test_sub-S09788_ses-E24791_run-1_bp-chest_vp-ap_dx.png,predictions/probabilities/qata_test_sub-S09788_ses-E24791_run-1_bp-chest_vp-ap_dx.npy
qata_test_sub-S09788_ses-E24922_run-1_bp-chest_vp-pa_dx,sub-S09788,unet,1003,0.8855246785589895,0.7945664309715457,20.880613017821105,3.514544357579071,predictions/masks/qata_test_sub-S09788_ses-E24922_run-1_bp-chest_vp-pa_dx.png,predictions/probabilities/qata_test_sub-S09788_ses-E24922_run-1_bp-chest_vp-pa_dx.npy
qata_test_sub-S09788_ses-E25313_run-1_bp-chest_vp-ap_dx,sub-S09788,unet,1003,0.5780661364676001,0.4065351781157924,67.58512534836976,16.039730778699063,predictions/masks/qata_test_sub-S09788_ses-E25313_run-1_bp-chest_vp-ap_dx.png,predictions/probabilities/qata_test_sub-S09788_ses-E25313_run-1_bp-chest_vp-ap_dx.npy
qata_test_sub-S09789_ses-E16780_run-1_bp-chest_vp-ap_cr,sub-S09789,unet,1003,0.785340314152181,0.6465517241814591,6.324555320336759,2.3800285952680538,predictions/masks/qata_test_sub-S09789_ses-E16780_run-1_bp-chest_vp-ap_cr.png,predictions/probabilities/qata_test_sub-S09789_ses-E16780_run-1_bp-chest_vp-ap_cr.npy
qata_test_sub-S09789_ses-E18888_run-2_bp-chest_vp-ap_dx,sub-S09789,unet,1003,0.7730974005655098,0.6301212508024234,31.87077428745002,6.082045571377265,predictions/masks/qata_test_sub-S09789_ses-E18888_run-2_bp-chest_vp-ap_dx.png,predictions/probabilities/qata_test_sub-S09789_ses-E18888_run-2_bp-chest_vp-ap_dx.npy
qata_test_sub-S09789_ses-E21634_run-1_bp-chest_vp-ap_cr,sub-S09789,unet,1003,0.8678787878948026,0.7665952891292087,3.1622776601683795,0.9514040574717696,predictions/masks/qata_test_sub-S09789_ses-E21634_run-1_bp-chest_vp-ap_cr.png,predictions/probabilities/qata_test_sub-S09789_ses-E21634_run-1_bp-chest_vp-ap_cr.npy
qata_test_sub-S09789_ses-E27048_run-1_bp-chest_vp-ap_dx,sub-S09789,unet,1003,0.6429391504428313,0.47377326574047834,14.022908814432348,3.1536625003120284,predictions/masks/qata_test_sub-S09789_ses-E27048_run-1_bp-chest_vp-ap_dx.png,predictions/probabilities/qata_test_sub-S09789_ses-E27048_run-1_bp-chest_vp-ap_dx.npy
qata_test_sub-S09790_ses-E16781_run-1_bp-chest_vp-ap_dx,sub-S09790,unet,1003,0.39221621622935754,0.2439483593533096,74.31389217635144,18.18783668892476,predictions/masks/qata_test_sub-S09790_ses-E16781_run-1_bp-chest_vp-ap_dx.png,predictions/probabilities/qata_test_sub-S09790_ses-E16781_run-1_bp-chest_vp-ap_dx.npy
qata_test_sub-S09790_ses-E18586_acq-2_run-1_bp-chest_vp-ap_dx,sub-S09790,unet,1003,0.6326987682039437,0.4627354627501301,41.97789233865284,7.432975377737595,predictions/masks/qata_test_sub-S09790_ses-E18586_acq-2_run-1_bp-chest_vp-ap_dx.png,predictions/probabilities/qata_test_sub-S09790_ses-E18586_acq-2_run-1_bp-chest_vp-ap_dx.npy
qata_test_sub-S09790_ses-E20383_run-2_bp-chest_vp-ap_dx,sub-S09790,unet,1003,0.9404382662424903,0.8875728862994247,3.6055512754639896,1.0984589139528684,predictions/masks/qata_test_sub-S09790_ses-E20383_run-2_bp-chest_vp-ap_dx.png,predictions/probabilities/qata_test_sub-S09790_ses-E20383_run-2_bp-chest_vp-ap_dx.npy
qata_test_sub-S09790_ses-E21891_run-1_bp-chest_vp-ap_dx,sub-S09790,unet,1003,0.934522040614814,0.8770918557107272,5.0,1.321229543573312,predictions/masks/qata_test_sub-S09790_ses-E21891_run-1_bp-chest_vp-ap_dx.png,predictions/probabilities/qata_test_sub-S09790_ses-E21891_run-1_bp-chest_vp-ap_dx.npy
qata_test_sub-S09790_ses-E22140_run-1_bp-chest_vp-ap_dx,sub-S09790,unet,1003,0.6080793763566208,0.4368635438455333,115.89216717164146,32.50154185606267,predictions/masks/qata_test_sub-S09790_ses-E22140_run-1_bp-chest_vp-ap_dx.png,predictions/probabilities/qata_test_sub-S09790_ses-E22140_run-1_bp-chest_vp-ap_dx.npy
qata_test_sub-S09790_ses-E23097_run-1_bp-chest_vp-ap_dx,sub-S09790,unet,1003,0.7161517727614316,0.5578165374819827,89.01994138278461,14.159694061264966,predictions/masks/qata_test_sub-S09790_ses-E23097_run-1_bp-chest_vp-ap_dx.png,predictions/probabilities/qata_test_sub-S09790_ses-E23097_run-1_bp-chest_vp-ap_dx.npy
qata_test_sub-S09791_ses-E16782_run-1_bp-chest_vp-ap_cr,sub-S09791,unet,1003,0.7667364016777068,0.6217133163805,12.111913654045217,3.50084037781102,predictions/masks/qata_test_sub-S09791_ses-E16782_run-1_bp-chest_vp-ap_cr.png,predictions/probabilities/qata_test_sub-S09791_ses-E16782_run-1_bp-chest_vp-ap_cr.npy
qata_test_sub-S09794_ses-E16786_run-1_bp-chest_vp-ap_cr,sub-S09794,unet,1003,0.2640522876779017,0.15210843386263428,18.552479340792523,6.4490599709545116,predictions/masks/qata_test_sub-S09794_ses-E16786_run-1_bp-chest_vp-ap_cr.png,predictions/probabilities/qata_test_sub-S09794_ses-E16786_run-1_bp-chest_vp-ap_cr.npy
qata_test_sub-S09795_ses-E18347_run-1_bp-chest_vp-pa_dx,sub-S09795,unet,1003,0.9044585987299181,0.825581395361513,3.1622776601683795,1.290983258468943,predictions/masks/qata_test_sub-S09795_ses-E18347_run-1_bp-chest_vp-pa_dx.png,predictions/probabilities/qata_test_sub-S09795_ses-E18347_run-1_bp-chest_vp-pa_dx.npy
qata_test_sub-S09795_ses-E19792_acq-1_run-1_bp-chest_vp-ap_cr,sub-S09795,unet,1003,0.5491897409780632,0.3785400176010811,105.59825341101717,33.468900524077185,predictions/masks/qata_test_sub-S09795_ses-E19792_acq-1_run-1_bp-chest_vp-ap_cr.png,predictions/probabilities/qata_test_sub-S09795_ses-E19792_acq-1_run-1_bp-chest_vp-ap_cr.npy
qata_test_sub-S09796_ses-E16887_run-1_bp-chest_vp-pa_dx,sub-S09796,unet,1003,0.712503802868497,0.5534026465239413,16.635772253362106,5.537157020851353,predictions/masks/qata_test_sub-S09796_ses-E16887_run-1_bp-chest_vp-pa_dx.png,predictions/probabilities/qata_test_sub-S09796_ses-E16887_run-1_bp-chest_vp-pa_dx.npy
qata_test_sub-S09796_ses-E17389_acq-1_run-2_bp-chest_vp-pa_dx,sub-S09796,unet,1003,0.7497691597530116,0.5997045790546747,12.494216381944572,4.045727651969412,predictions/masks/qata_test_sub-S09796_ses-E17389_acq-1_run-2_bp-chest_vp-pa_dx.png,predictions/probabilities/qata_test_sub-S09796_ses-E17389_acq-1_run-2_bp-chest_vp-pa_dx.npy
qata_test_sub-S09798_ses-E26290_run-1_bp-chest_vp-pa_dx,sub-S09798,unet,1003,0.9285427000948043,0.8666166166199545,5.0,1.3374070706134047,predictions/masks/qata_test_sub-S09798_ses-E26290_run-1_bp-chest_vp-pa_dx.png,predictions/probabilities/qata_test_sub-S09798_ses-E26290_run-1_bp-chest_vp-pa_dx.npy
qata_test_sub-S09799_ses-E16792_run-1_bp-chest_vp-pa_cr,sub-S09799,unet,1003,0.6473029045935847,0.4785276074259476,9.848857801796104,3.7929276134007552,predictions/masks/qata_test_sub-S09799_ses-E16792_run-1_bp-chest_vp-pa_cr.png,predictions/probabilities/qata_test_sub-S09799_ses-E16792_run-1_bp-chest_vp-pa_cr.npy
qata_test_sub-S09799_ses-E18368_run-1_bp-chest_vp-ap_dx,sub-S09799,unet,1003,0.9653878501651977,0.9330915457737232,3.605551275463989,0.9230866506524743,predictions/masks/qata_test_sub-S09799_ses-E18368_run-1_bp-chest_vp-ap_dx.png,predictions/probabilities/qata_test_sub-S09799_ses-E18368_run-1_bp-chest_vp-ap_dx.npy
qata_test_sub-S09799_ses-E24017_run-1_bp-chest_cr,sub-S09799,unet,1003,0.7379969024281234,0.5847821640459727,34.70926052117247,6.733077944420655,predictions/masks/qata_test_sub-S09799_ses-E24017_run-1_bp-chest_cr.png,predictions/probabilities/qata_test_sub-S09799_ses-E24017_run-1_bp-chest_cr.npy
qata_test_sub-S09799_ses-E24463_run-1_bp-chest_vp-ap_dx,sub-S09799,unet,1003,0.9220380601601389,0.8553530751726733,12.970937271229836,2.456582133753341,predictions/masks/qata_test_sub-S09799_ses-E24463_run-1_bp-chest_vp-ap_dx.png,predictions/probabilities/qata_test_sub-S09799_ses-E24463_run-1_bp-chest_vp-ap_dx.npy
qata_test_sub-S09799_ses-E24670_run-1_bp-chest_vp-ap_dx,sub-S09799,unet,1003,0.9664187514087986,0.9350196249461947,2.0,0.8428797926090819,predictions/masks/qata_test_sub-S09799_ses-E24670_run-1_bp-chest_vp-ap_dx.png,predictions/probabilities/qata_test_sub-S09799_ses-E24670_run-1_bp-chest_vp-ap_dx.npy
qata_test_sub-S09799_ses-E26851_run-1_bp-chest_vp-pa_cr,sub-S09799,unet,1003,0.8652580533472374,0.762515262529761,7.0710678118654755,2.3933090996696036,predictions/masks/qata_test_sub-S09799_ses-E26851_run-1_bp-chest_vp-pa_cr.png,predictions/probabilities/qata_test_sub-S09799_ses-E26851_run-1_bp-chest_vp-pa_cr.npy
qata_test_sub-S09802_ses-E19648_run-1_bp-chest_vp-ap_dx,sub-S09802,unet,1003,0.6658429434422591,0.4990738835254358,67.37195206387284,11.01583857107378,predictions/masks/qata_test_sub-S09802_ses-E19648_run-1_bp-chest_vp-ap_dx.png,predictions/probabilities/qata_test_sub-S09802_ses-E19648_run-1_bp-chest_vp-ap_dx.npy
qata_test_sub-S09803_ses-E17325_acq-1_run-1_bp-chest_cr,sub-S09803,unet,1003,0.8538570417577166,0.744983019458321,29.668856287529422,4.722128710205817,predictions/masks/qata_test_sub-S09803_ses-E17325_acq-1_run-1_bp-chest_cr.png,predictions/probabilities/qata_test_sub-S09803_ses-E17325_acq-1_run-1_bp-chest_cr.npy
qata_test_sub-S09803_ses-E18594_run-1_bp-chest_vp-pa_dx,sub-S09803,unet,1003,0.7630238934679584,0.6168461051540945,8.48528137423857,3.4478438853489504,predictions/masks/qata_test_sub-S09803_ses-E18594_run-1_bp-chest_vp-pa_dx.png,predictions/probabilities/qata_test_sub-S09803_ses-E18594_run-1_bp-chest_vp-pa_dx.npy
qata_test_sub-S09804_ses-E24055_run-1_bp-chest_vp-pa_cr,sub-S09804,unet,1003,0.9250361794511572,0.8605277329062863,5.656854249492381,1.5673944369595134,predictions/masks/qata_test_sub-S09804_ses-E24055_run-1_bp-chest_vp-pa_cr.png,predictions/probabilities/qata_test_sub-S09804_ses-E24055_run-1_bp-chest_vp-pa_cr.npy
qata_test_sub-S09808_ses-E18449_run-1_bp-chest_cr,sub-S09808,unet,1003,0.8677327753718767,0.766367476246928,7.049747468305828,2.0635120307109887,predictions/masks/qata_test_sub-S09808_ses-E18449_run-1_bp-chest_cr.png,predictions/probabilities/qata_test_sub-S09808_ses-E18449_run-1_bp-chest_cr.npy
qata_test_sub-S09808_ses-E24722_run-1_bp-chest_vp-ap_dx,sub-S09808,unet,1003,0.7839248434294382,0.644635193148299,14.713144262939771,3.130623232153878,predictions/masks/qata_test_sub-S09808_ses-E24722_run-1_bp-chest_vp-ap_dx.png,predictions/probabilities/qata_test_sub-S09808_ses-E24722_run-1_bp-chest_vp-ap_dx.npy
qata_test_sub-S09808_ses-E25214_run-1_bp-chest_vp-ap_dx,sub-S09808,unet,1003,0.6735668789852234,0.5078031212583473,49.43272911772354,12.209690649549104,predictions/masks/qata_test_sub-S09808_ses-E25214_run-1_bp-chest_vp-ap_dx.png,predictions/probabilities/qata_test_sub-S09808_ses-E25214_run-1_bp-chest_vp-ap_dx.npy
qata_test_sub-S09810_ses-E16816_acq-1_run-1_bp-chest_vp-pa_dx,sub-S09810,unet,1003,0.896902654868397,0.8130766145244068,8.246211251235321,2.029726336237533,predictions/masks/qata_test_sub-S09810_ses-E16816_acq-1_run-1_bp-chest_vp-pa_dx.png,predictions/probabilities/qata_test_sub-S09810_ses-E16816_acq-1_run-1_bp-chest_vp-pa_dx.npy
qata_test_sub-S09810_ses-E17475_acq-1_run-1_bp-chest_vp-pa_dx,sub-S09810,unet,1003,0.8659117997636188,0.7635312664276529,10.0,2.3380463494616888,predictions/masks/qata_test_sub-S09810_ses-E17475_acq-1_run-1_bp-chest_vp-pa_dx.png,predictions/probabilities/qata_test_sub-S09810_ses-E17475_acq-1_run-1_bp-chest_vp-pa_dx.npy
qata_test_sub-S09810_ses-E22606_acq-1_run-1_bp-chest_cr,sub-S09810,unet,1003,0.8919512682266437,0.804974765688357,6.094852169800135,1.5176867186773448,predictions/masks/qata_test_sub-S09810_ses-E22606_acq-1_run-1_bp-chest_cr.png,predictions/probabilities/qata_test_sub-S09810_ses-E22606_acq-1_run-1_bp-chest_cr.npy
qata_test_sub-S09811_ses-E18462_run-1_bp-chest_vp-ap_dx,sub-S09811,unet,1003,0.915062687622902,0.8434244791717636,3.6055512754639887,1.2172226269254853,predictions/masks/qata_test_sub-S09811_ses-E18462_run-1_bp-chest_vp-ap_dx.png,predictions/probabilities/qata_test_sub-S09811_ses-E18462_run-1_bp-chest_vp-ap_dx.npy
qata_test_sub-S09811_ses-E18981_run-1_bp-chest_vp-ap_dx,sub-S09811,unet,1003,0.8069809069241202,0.6764191047842856,18.031907072267686,4.229980091336441,predictions/masks/qata_test_sub-S09811_ses-E18981_run-1_bp-chest_vp-ap_dx.png,predictions/probabilities/qata_test_sub-S09811_ses-E18981_run-1_bp-chest_vp-ap_dx.npy
qata_test_sub-S09811_ses-E19699_run-1_bp-chest_vp-ap_dx,sub-S09811,unet,1003,0.800569221390515,0.6674576271299167,9.104632933884051,2.183402750051067,predictions/masks/qata_test_sub-S09811_ses-E19699_run-1_bp-chest_vp-ap_dx.png,predictions/probabilities/qata_test_sub-S09811_ses-E19699_run-1_bp-chest_vp-ap_dx.npy
qata_test_sub-S09811_ses-E20421_run-1_bp-chest_vp-ap_dx,sub-S09811,unet,1003,0.4716981132226502,0.3086419753345065,19.235384061671343,6.015805136052417,predictions/masks/qata_test_sub-S09811_ses-E20421_run-1_bp-chest_vp-ap_dx.png,predictions/probabilities/qata_test_sub-S09811_ses-E20421_run-1_bp-chest_vp-ap_dx.npy
qata_test_sub-S09811_ses-E22629_run-1_bp-chest_vp-ap_dx,sub-S09811,unet,1003,0.7655206942609686,0.6201162633551424,41.10048087039273,9.998014473386776,predictions/masks/qata_test_sub-S09811_ses-E22629_run-1_bp-chest_vp-ap_dx.png,predictions/probabilities/qata_test_sub-S09811_ses-E22629_run-1_bp-chest_vp-ap_dx.npy
qata_test_sub-S09811_ses-E23674_run-1_bp-chest_vp-ap_dx,sub-S09811,unet,1003,0.8899038461564927,0.8016457340926096,5.0,1.4763177233379965,predictions/masks/qata_test_sub-S09811_ses-E23674_run-1_bp-chest_vp-ap_dx.png,predictions/probabilities/qata_test_sub-S09811_ses-E23674_run-1_bp-chest_vp-ap_dx.npy
qata_test_sub-S09811_ses-E25420_run-1_bp-chest_vp-ap_dx,sub-S09811,unet,1003,0.6782733126716367,0.5131721400392215,106.43069309799029,27.54886280911082,predictions/masks/qata_test_sub-S09811_ses-E25420_run-1_bp-chest_vp-ap_dx.png,predictions/probabilities/qata_test_sub-S09811_ses-E25420_run-1_bp-chest_vp-ap_dx.npy
qata_test_sub-S09811_ses-E25788_run-1_bp-chest_vp-ap_dx,sub-S09811,unet,1003,0.9110308036497844,0.8365992414716624,5.0,1.4448227331958623,predictions/masks/qata_test_sub-S09811_ses-E25788_run-1_bp-chest_vp-ap_dx.png,predictions/probabilities/qata_test_sub-S09811_ses-E25788_run-1_bp-chest_vp-ap_dx.npy
qata_test_sub-S09811_ses-E26320_run-1_bp-chest_vp-ap_dx,sub-S09811,unet,1003,0.8633364750257094,0.7595356550646895,83.57981546531869,14.062483959890741,predictions/masks/qata_test_sub-S09811_ses-E26320_run-1_bp-chest_vp-ap_dx.png,predictions/probabilities/qata_test_sub-S09811_ses-E26320_run-1_bp-chest_vp-ap_dx.npy
qata_test_sub-S09813_ses-E16828_run-1_bp-chest_vp-ap_dx,sub-S09813,unet,1003,0.958735157121437,0.9207409274198542,5.385164807134504,1.5160896781843127,predictions/masks/qata_test_sub-S09813_ses-E16828_run-1_bp-chest_vp-ap_dx.png,predictions/probabilities/qata_test_sub-S09813_ses-E16828_run-1_bp-chest_vp-ap_dx.npy
qata_test_sub-S09814_ses-E16830_run-1_bp-chest_vp-ap_cr,sub-S09814,unet,1003,0.8672680412456657,0.7656427759083455,100.06597676716613,9.426377635044684,predictions/masks/qata_test_sub-S09814_ses-E16830_run-1_bp-chest_vp-ap_cr.png,predictions/probabilities/qata_test_sub-S09814_ses-E16830_run-1_bp-chest_vp-ap_cr.npy
qata_test_sub-S09814_ses-E18986_acq-1_run-1_bp-chest_vp-pa_dx,sub-S09814,unet,1003,0.8680823680844904,0.766913018767285,8.602325267042627,2.050615704824105,predictions/masks/qata_test_sub-S09814_ses-E18986_acq-1_run-1_bp-chest_vp-pa_dx.png,predictions/probabilities/qata_test_sub-S09814_ses-E18986_acq-1_run-1_bp-chest_vp-pa_dx.npy
qata_test_sub-S09814_ses-E20417_run-1_bp-chest_vp-ap_cr,sub-S09814,unet,1003,1.4992503745878186e-10,1.4992503745878186e-10,147.46440241834748,134.69232865647578,predictions/masks/qata_test_sub-S09814_ses-E20417_run-1_bp-chest_vp-ap_cr.png,predictions/probabilities/qata_test_sub-S09814_ses-E20417_run-1_bp-chest_vp-ap_cr.npy
qata_test_sub-S09814_ses-E20954_run-1_bp-chest_vp-ap_cr,sub-S09814,unet,1003,0.8165495706622522,0.6899736148166261,8.48528137423857,1.9123238898644728,predictions/masks/qata_test_sub-S09814_ses-E20954_run-1_bp-chest_vp-ap_cr.png,predictions/probabilities/qata_test_sub-S09814_ses-E20954_run-1_bp-chest_vp-ap_cr.npy
qata_test_sub-S09815_ses-E16834_run-1_bp-chest_vp-ap_dx,sub-S09815,unet,1003,0.8177882723408977,0.6917443408993512,9.112174537225286,2.7065750894305682,predictions/masks/qata_test_sub-S09815_ses-E16834_run-1_bp-chest_vp-ap_dx.png,predictions/probabilities/qata_test_sub-S09815_ses-E16834_run-1_bp-chest_vp-ap_dx.npy
qata_test_sub-S09815_ses-E16963_run-1_bp-chest_vp-ap_dx,sub-S09815,unet,1003,0.7915488766583612,0.6550110810230236,17.796048947955303,3.6403463927795734,predictions/masks/qata_test_sub-S09815_ses-E16963_run-1_bp-chest_vp-ap_dx.png,predictions/probabilities/qata_test_sub-S09815_ses-E16963_run-1_bp-chest_vp-ap_dx.npy
qata_test_sub-S09815_ses-E18634_run-1_bp-chest_vp-ap_cr,sub-S09815,unet,1003,0.909344192028404,0.8337590882327813,6.4031242374328485,1.9538394182693966,predictions/masks/qata_test_sub-S09815_ses-E18634_run-1_bp-chest_vp-ap_cr.png,predictions/probabilities/qata_test_sub-S09815_ses-E18634_run-1_bp-chest_vp-ap_cr.npy
qata_test_sub-S09815_ses-E18744_run-1_bp-chest_vp-ap_cr,sub-S09815,unet,1003,0.9223713266532636,0.8559268600297627,4.123105625617661,1.1498506773803494,predictions/masks/qata_test_sub-S09815_ses-E18744_run-1_bp-chest_vp-ap_cr.png,predictions/probabilities/qata_test_sub-S09815_ses-E18744_run-1_bp-chest_vp-ap_cr.npy
qata_test_sub-S09815_ses-E20303_run-1_bp-chest_vp-ap_dx,sub-S09815,unet,1003,0.7920433996759416,0.6556886228575782,3.6055512754639896,1.2952176636292412,predictions/masks/qata_test_sub-S09815_ses-E20303_run-1_bp-chest_vp-ap_dx.png,predictions/probabilities/qata_test_sub-S09815_ses-E20303_run-1_bp-chest_vp-ap_dx.npy
qata_test_sub-S09815_ses-E21191_run-1_bp-chest_vp-ap_dx,sub-S09815,unet,1003,0.9084488621513412,0.8322549724459081,6.0,1.5701324299132002,predictions/masks/qata_test_sub-S09815_ses-E21191_run-1_bp-chest_vp-ap_dx.png,predictions/probabilities/qata_test_sub-S09815_ses-E21191_run-1_bp-chest_vp-ap_dx.npy
qata_test_sub-S09815_ses-E21401_run-2_bp-chest_vp-ap_dx,sub-S09815,unet,1003,0.7533118510606281,0.6042504307982697,21.047445600012683,4.431453079278022,predictions/masks/qata_test_sub-S09815_ses-E21401_run-2_bp-chest_vp-ap_dx.png,predictions/probabilities/qata_test_sub-S09815_ses-E21401_run-2_bp-chest_vp-ap_dx.npy
qata_test_sub-S09815_ses-E21706_run-1_bp-chest_vp-ap_dx,sub-S09815,unet,1003,0.687064116992417,0.5233036326414221,21.213203435596427,5.201483405323135,predictions/masks/qata_test_sub-S09815_ses-E21706_run-1_bp-chest_vp-ap_dx.png,predictions/probabilities/qata_test_sub-S09815_ses-E21706_run-1_bp-chest_vp-ap_dx.npy
qata_test_sub-S09815_ses-E22649_run-1_bp-chest_vp-ap_dx,sub-S09815,unet,1003,0.6587456174589259,0.49114144642779145,41.19950805622801,8.358029250950718,predictions/masks/qata_test_sub-S09815_ses-E22649_run-1_bp-chest_vp-ap_dx.png,predictions/probabilities/qata_test_sub-S09815_ses-E22649_run-1_bp-chest_vp-ap_dx.npy
qata_test_sub-S09816_ses-E16839_run-1_bp-chest_vp-pa_cr,sub-S09816,unet,1003,0.3553549446128388,0.21606786428449656,152.1162379014545,60.0856162655661,predictions/masks/qata_test_sub-S09816_ses-E16839_run-1_bp-chest_vp-pa_cr.png,predictions/probabilities/qata_test_sub-S09816_ses-E16839_run-1_bp-chest_vp-pa_cr.npy
qata_test_sub-S09816_ses-E19865_run-1_bp-chest_vp-pa_cr,sub-S09816,unet,1003,0.9561919211076674,0.9160610465121363,5.0,1.49456445441152,predictions/masks/qata_test_sub-S09816_ses-E19865_run-1_bp-chest_vp-pa_cr.png,predictions/probabilities/qata_test_sub-S09816_ses-E19865_run-1_bp-chest_vp-pa_cr.npy
qata_test_sub-S09816_ses-E21002_run-1_bp-chest_vp-ap_cr,sub-S09816,unet,1003,0.9624357728094625,0.9275915144219529,5.0,1.6123814155369511,predictions/masks/qata_test_sub-S09816_ses-E21002_run-1_bp-chest_vp-ap_cr.png,predictions/probabilities/qata_test_sub-S09816_ses-E21002_run-1_bp-chest_vp-ap_cr.npy
qata_test_sub-S09817_ses-E16840_run-1_bp-chest_vp-ap_dx,sub-S09817,unet,1003,0.9746122054641478,0.9504815745398819,2.0,0.6276948053727662,predictions/masks/qata_test_sub-S09817_ses-E16840_run-1_bp-chest_vp-ap_dx.png,predictions/probabilities/qata_test_sub-S09817_ses-E16840_run-1_bp-chest_vp-ap_dx.npy
qata_test_sub-S09817_ses-E19493_run-1_bp-chest_vp-ap_cr,sub-S09817,unet,1003,0.7599623470423608,0.6128542510317382,12.0,2.646049472099864,predictions/masks/qata_test_sub-S09817_ses-E19493_run-1_bp-chest_vp-ap_cr.png,predictions/probabilities/qata_test_sub-S09817_ses-E19493_run-1_bp-chest_vp-ap_cr.npy
qata_test_sub-S09817_ses-E20853_run-1_bp-chest_vp-ap_cr,sub-S09817,unet,1003,0.9794150671016446,0.9596605196986624,1.4142135623730951,0.5116424433691369,predictions/masks/qata_test_sub-S09817_ses-E20853_run-1_bp-chest_vp-ap_cr.png,predictions/probabilities/qata_test_sub-S09817_ses-E20853_run-1_bp-chest_vp-ap_cr.npy
qata_test_sub-S09817_ses-E21940_run-1_bp-chest_vp-ap_cr,sub-S09817,unet,1003,0.9631697039349687,0.9289559801548722,3.0,0.9627034384476121,predictions/masks/qata_test_sub-S09817_ses-E21940_run-1_bp-chest_vp-ap_cr.png,predictions/probabilities/qata_test_sub-S09817_ses-E21940_run-1_bp-chest_vp-ap_cr.npy
qata_test_sub-S09817_ses-E22215_run-1_bp-chest_vp-ap_cr,sub-S09817,unet,1003,0.9732982704562896,0.947985420156162,2.0,0.6815376513594875,predictions/masks/qata_test_sub-S09817_ses-E22215_run-1_bp-chest_vp-ap_cr.png,predictions/probabilities/qata_test_sub-S09817_ses-E22215_run-1_bp-chest_vp-ap_cr.npy
qata_test_sub-S09818_ses-E16841_run-1_bp-chest_vp-pa_cr,sub-S09818,unet,1003,0.9154631912660186,0.8441052289755081,8.365328248868199,2.093224945809949,predictions/masks/qata_test_sub-S09818_ses-E16841_run-1_bp-chest_vp-pa_cr.png,predictions/probabilities/qata_test_sub-S09818_ses-E16841_run-1_bp-chest_vp-pa_cr.npy
qata_test_sub-S09818_ses-E18230_run-1_bp-chest_vp-ap_dx,sub-S09818,unet,1003,0.9098088769553798,0.8345407128392561,13.142209619572402,3.247039209798068,predictions/masks/qata_test_sub-S09818_ses-E18230_run-1_bp-chest_vp-ap_dx.png,predictions/probabilities/qata_test_sub-S09818_ses-E18230_run-1_bp-chest_vp-ap_dx.npy
qata_test_sub-S09818_ses-E24333_run-1_bp-chest_vp-pa_cr,sub-S09818,unet,1003,0.757061350991357,0.6090898787304874,33.269997172318405,6.99940831296013,predictions/masks/qata_test_sub-S09818_ses-E24333_run-1_bp-chest_vp-pa_cr.png,predictions/probabilities/qata_test_sub-S09818_ses-E24333_run-1_bp-chest_vp-pa_cr.npy
qata_test_sub-S09818_ses-E25017_run-1_bp-chest_vp-ap_dx,sub-S09818,unet,1003,0.8515529661856807,0.7414821416347331,28.457511687020393,4.253339234661026,predictions/masks/qata_test_sub-S09818_ses-E25017_run-1_bp-chest_vp-ap_dx.png,predictions/probabilities/qata_test_sub-S09818_ses-E25017_run-1_bp-chest_vp-ap_dx.npy
qata_test_sub-S09818_ses-E25581_run-1_bp-chest_vp-ap_dx,sub-S09818,unet,1003,0.9318503751118418,0.8723968565827859,8.94427190999916,1.887152469005007,predictions/masks/qata_test_sub-S09818_ses-E25581_run-1_bp-chest_vp-ap_dx.png,predictions/probabilities/qata_test_sub-S09818_ses-E25581_run-1_bp-chest_vp-ap_dx.npy
qata_test_sub-S09818_ses-E25880_run-1_bp-chest_vp-ap_dx,sub-S09818,unet,1003,0.9220992427054912,0.855458386559345,10.89915960451555,2.2367702588141865,predictions/masks/qata_test_sub-S09818_ses-E25880_run-1_bp-chest_vp-ap_dx.png,predictions/probabilities/qata_test_sub-S09818_ses-E25880_run-1_bp-chest_vp-ap_dx.npy
qata_test_sub-S09819_ses-E19882_run-1_bp-chest_vp-pa_dx,sub-S09819,unet,1003,0.15196998126479144,0.08223350256912916,113.95963678612884,45.24625950745809,predictions/masks/qata_test_sub-S09819_ses-E19882_run-1_bp-chest_vp-pa_dx.png,predictions/probabilities/qata_test_sub-S09819_ses-E19882_run-1_bp-chest_vp-pa_dx.npy
qata_test_sub-S09819_ses-E25021_run-1_bp-chest_vp-ap_dx,sub-S09819,unet,1003,0.6610064195555807,0.49365914013319956,19.833743581975696,5.568619242747306,predictions/masks/qata_test_sub-S09819_ses-E25021_run-1_bp-chest_vp-ap_dx.png,predictions/probabilities/qata_test_sub-S09819_ses-E25021_run-1_bp-chest_vp-ap_dx.npy
qata_test_sub-S09819_ses-E25878_run-1_bp-chest_vp-ap_dx,sub-S09819,unet,1003,0.8635493574005045,0.7598652550644917,122.0,10.242882448818518,predictions/masks/qata_test_sub-S09819_ses-E25878_run-1_bp-chest_vp-ap_dx.png,predictions/probabilities/qata_test_sub-S09819_ses-E25878_run-1_bp-chest_vp-ap_dx.npy
qata_test_sub-S09819_ses-E26241_run-1_bp-chest_vp-ap_dx,sub-S09819,unet,1003,0.6593406593473442,0.49180327870340157,126.82800514262755,34.73530531172452,predictions/masks/qata_test_sub-S09819_ses-E26241_run-1_bp-chest_vp-ap_dx.png,predictions/probabilities/qata_test_sub-S09819_ses-E26241_run-1_bp-chest_vp-ap_dx.npy
qata_test_sub-S09822_ses-E16846_run-1_bp-chest_vp-ap_cr,sub-S09822,unet,1003,0.87708267840495,0.7810750280016496,10.295630140987,2.123877931528388,predictions/masks/qata_test_sub-S09822_ses-E16846_run-1_bp-chest_vp-ap_cr.png,predictions/probabilities/qata_test_sub-S09822_ses-E16846_run-1_bp-chest_vp-ap_cr.npy
qata_test_sub-S09822_ses-E18999_run-1_bp-chest_vp-ap_dx,sub-S09822,unet,1003,0.9348479296450359,0.8776661621043392,5.385164807134504,1.5546558983663705,predictions/masks/qata_test_sub-S09822_ses-E18999_run-1_bp-chest_vp-ap_dx.png,predictions/probabilities/qata_test_sub-S09822_ses-E18999_run-1_bp-chest_vp-ap_dx.npy
qata_test_sub-S09822_ses-E20309_run-1_bp-chest_vp-ap_dx,sub-S09822,unet,1003,0.9489405532670031,0.902841943162497,4.242640687119285,1.333812306963816,predictions/masks/qata_test_sub-S09822_ses-E20309_run-1_bp-chest_vp-ap_dx.png,predictions/probabilities/qata_test_sub-S09822_ses-E20309_run-1_bp-chest_vp-ap_dx.npy
qata_test_sub-S09824_ses-E16848_run-1_bp-chest_vp-ap_cr,sub-S09824,unet,1003,0.9099707815932253,0.8348132015440641,6.4031242374328485,1.9983201827789996,predictions/masks/qata_test_sub-S09824_ses-E16848_run-1_bp-chest_vp-ap_cr.png,predictions/probabilities/qata_test_sub-S09824_ses-E16848_run-1_bp-chest_vp-ap_cr.npy
qata_test_sub-S09825_ses-E23401_run-1_bp-chest_vp-ap_dx,sub-S09825,unet,1003,0.30532837672105756,0.18016964026966453,157.53526508928752,72.88488376391105,predictions/masks/qata_test_sub-S09825_ses-E23401_run-1_bp-chest_vp-ap_dx.png,predictions/probabilities/qata_test_sub-S09825_ses-E23401_run-1_bp-chest_vp-ap_dx.npy
qata_test_sub-S09827_ses-E25267_acq-1_run-1_bp-chest_vp-ll_dx,sub-S09827,unet,1003,0.6149943630322718,0.4440374440600718,24.506088783109032,5.228610305922369,predictions/masks/qata_test_sub-S09827_ses-E25267_acq-1_run-1_bp-chest_vp-ll_dx.png,predictions/probabilities/qata_test_sub-S09827_ses-E25267_acq-1_run-1_bp-chest_vp-ll_dx.npy
qata_test_sub-S09827_ses-E25861_run-1_bp-chest_vp-ap_dx,sub-S09827,unet,1003,0.4052489386566867,0.25411423043300513,39.39146881878398,13.13767040950576,predictions/masks/qata_test_sub-S09827_ses-E25861_run-1_bp-chest_vp-ap_dx.png,predictions/probabilities/qata_test_sub-S09827_ses-E25861_run-1_bp-chest_vp-ap_dx.npy
qata_test_sub-S09828_ses-E16853_run-1_bp-chest_vp-ap_dx,sub-S09828,unet,1003,0.9480138629705677,0.901165737458156,3.162277660168379,0.8566437498915082,predictions/masks/qata_test_sub-S09828_ses-E16853_run-1_bp-chest_vp-ap_dx.png,predictions/probabilities/qata_test_sub-S09828_ses-E16853_run-1_bp-chest_vp-ap_dx.npy
qata_test_sub-S09828_ses-E18763_run-1_bp-chest_vp-ap_cr,sub-S09828,unet,1003,0.8926608470757733,0.8061313868669743,12.91227766016838,3.134894827497385,predictions/masks/qata_test_sub-S09828_ses-E18763_run-1_bp-chest_vp-ap_cr.png,predictions/probabilities/qata_test_sub-S09828_ses-E18763_run-1_bp-chest_vp-ap_cr.npy
qata_test_sub-S09828_ses-E20711_run-1_bp-chest_vp-ap_cr,sub-S09828,unet,1003,0.8847746650440343,0.7933595456576374,11.259370610513173,2.3405260320362666,predictions/masks/qata_test_sub-S09828_ses-E20711_run-1_bp-chest_vp-ap_cr.png,predictions/probabilities/qata_test_sub-S09828_ses-E20711_run-1_bp-chest_vp-ap_cr.npy
qata_test_sub-S09828_ses-E22205_run-1_bp-chest_vp-ap_cr,sub-S09828,unet,1003,0.9177377892044065,0.8479809976292167,6.348125995465582,1.6514278172387518,predictions/masks/qata_test_sub-S09828_ses-E22205_run-1_bp-chest_vp-ap_cr.png,predictions/probabilities/qata_test_sub-S09828_ses-E22205_run-1_bp-chest_vp-ap_cr.npy
qata_test_sub-S09828_ses-E22847_run-1_bp-chest_vp-ap_cr,sub-S09828,unet,1003,0.8719052744904211,0.7729007633641961,13.263631089737343,2.4615983153859364,predictions/masks/qata_test_sub-S09828_ses-E22847_run-1_bp-chest_vp-ap_cr.png,predictions/probabilities/qata_test_sub-S09828_ses-E22847_run-1_bp-chest_vp-ap_cr.npy
qata_test_sub-S09830_ses-E19889_run-1_bp-chest_vp-ap_cr,sub-S09830,unet,1003,0.5870535714746592,0.4154818326357849,11.187008318073238,3.008550221468778,predictions/masks/qata_test_sub-S09830_ses-E19889_run-1_bp-chest_vp-ap_cr.png,predictions/probabilities/qata_test_sub-S09830_ses-E19889_run-1_bp-chest_vp-ap_cr.npy
qata_test_sub-S09831_ses-E18239_run-1_bp-chest_vp-ap_dx,sub-S09831,unet,1003,7.949125595552533e-11,7.949125595552533e-11,128.75357082511448,88.35315391148406,predictions/masks/qata_test_sub-S09831_ses-E18239_run-1_bp-chest_vp-ap_dx.png,predictions/probabilities/qata_test_sub-S09831_ses-E18239_run-1_bp-chest_vp-ap_dx.npy
qata_test_sub-S09831_ses-E18650_run-1_bp-chest_vp-ap_dx,sub-S09831,unet,1003,0.6806213140652827,0.5158650214112834,40.30569942864229,10.102290069570218,predictions/masks/qata_test_sub-S09831_ses-E18650_run-1_bp-chest_vp-ap_dx.png,predictions/probabilities/qata_test_sub-S09831_ses-E18650_run-1_bp-chest_vp-ap_dx.npy
qata_test_sub-S09831_ses-E19025_run-1_bp-chest_vp-ap_dx,sub-S09831,unet,1003,0.6725440806251547,0.5066413662707171,136.1744058972859,28.274394828648276,predictions/masks/qata_test_sub-S09831_ses-E19025_run-1_bp-chest_vp-ap_dx.png,predictions/probabilities/qata_test_sub-S09831_ses-E19025_run-1_bp-chest_vp-ap_dx.npy
qata_test_sub-S09831_ses-E19254_run-1_bp-chest_vp-ap_dx,sub-S09831,unet,1003,0.9081007488102774,0.8316708229478905,7.0,1.6531852427662976,predictions/masks/qata_test_sub-S09831_ses-E19254_run-1_bp-chest_vp-ap_dx.png,predictions/probabilities/qata_test_sub-S09831_ses-E19254_run-1_bp-chest_vp-ap_dx.npy
qata_test_sub-S09831_ses-E19721_run-1_bp-chest_vp-ap_dx,sub-S09831,unet,1003,0.885625278149491,0.794728434507525,100.50121211779418,16.792366912765583,predictions/masks/qata_test_sub-S09831_ses-E19721_run-1_bp-chest_vp-ap_dx.png,predictions/probabilities/qata_test_sub-S09831_ses-E19721_run-1_bp-chest_vp-ap_dx.npy
qata_test_sub-S09831_ses-E20334_run-1_bp-chest_vp-ap_dx,sub-S09831,unet,1003,0.7864204883884881,0.6480172752326655,22.449899998394958,4.662232223986704,predictions/masks/qata_test_sub-S09831_ses-E20334_run-1_bp-chest_vp-ap_dx.png,predictions/probabilities/qata_test_sub-S09831_ses-E20334_run-1_bp-chest_vp-ap_dx.npy
qata_test_sub-S09831_ses-E20856_run-1_bp-chest_vp-ap_dx,sub-S09831,unet,1003,0.9174063283425882,0.8474151958962647,15.273639174804849,5.22980471138089,predictions/masks/qata_test_sub-S09831_ses-E20856_run-1_bp-chest_vp-ap_dx.png,predictions/probabilities/qata_test_sub-S09831_ses-E20856_run-1_bp-chest_vp-ap_dx.npy
qata_test_sub-S09831_ses-E21556_run-1_bp-chest_vp-ap_dx,sub-S09831,unet,1003,0.814402108795744,0.6869125821153419,15.033296378372908,3.592899724256638,predictions/masks/qata_test_sub-S09831_ses-E21556_run-1_bp-chest_vp-ap_dx.png,predictions/probabilities/qata_test_sub-S09831_ses-E21556_run-1_bp-chest_vp-ap_dx.npy
qata_test_sub-S09831_ses-E22072_run-1_bp-chest_vp-ap_dx,sub-S09831,unet,1003,0.9233703874240389,0.8576490713604882,7.0710678118654755,1.8829554523485215,predictions/masks/qata_test_sub-S09831_ses-E22072_run-1_bp-chest_vp-ap_dx.png,predictions/probabilities/qata_test_sub-S09831_ses-E22072_run-1_bp-chest_vp-ap_dx.npy
qata_test_sub-S09831_ses-E23181_run-1_bp-chest_vp-ap_dx,sub-S09831,unet,1003,0.6427675210643236,0.47358689910890667,94.43809411565157,18.934930767046776,predictions/masks/qata_test_sub-S09831_ses-E23181_run-1_bp-chest_vp-ap_dx.png,predictions/probabilities/qata_test_sub-S09831_ses-E23181_run-1_bp-chest_vp-ap_dx.npy
qata_test_sub-S09831_ses-E23425_run-1_bp-chest_vp-ap_dx,sub-S09831,unet,1003,0.5600305888406828,0.38891839264668226,95.27299862091746,21.83301144949817,predictions/masks/qata_test_sub-S09831_ses-E23425_run-1_bp-chest_vp-ap_dx.png,predictions/probabilities/qata_test_sub-S09831_ses-E23425_run-1_bp-chest_vp-ap_dx.npy
qata_test_sub-S09831_ses-E24347_run-1_bp-chest_vp-ap_dx,sub-S09831,unet,1003,0.9614663611751566,0.9257922182124791,3.0,1.0393474773587141,predictions/masks/qata_test_sub-S09831_ses-E24347_run-1_bp-chest_vp-ap_dx.png,predictions/probabilities/qata_test_sub-S09831_ses-E24347_run-1_bp-chest_vp-ap_dx.npy
qata_test_sub-S09831_ses-E24761_run-1_bp-chest_vp-pa_dx,sub-S09831,unet,1003,0.3325526932865864,0.19943820235962947,39.27083871682044,15.931026685512357,predictions/masks/qata_test_sub-S09831_ses-E24761_run-1_bp-chest_vp-pa_dx.png,predictions/probabilities/qata_test_sub-S09831_ses-E24761_run-1_bp-chest_vp-pa_dx.npy
qata_test_sub-S09831_ses-E25609_run-1_bp-chest_vp-ap_dx,sub-S09831,unet,1003,0.8614053574407332,0.7565513882147437,15.65087701796426,4.128120314729502,predictions/masks/qata_test_sub-S09831_ses-E25609_run-1_bp-chest_vp-ap_dx.png,predictions/probabilities/qata_test_sub-S09831_ses-E25609_run-1_bp-chest_vp-ap_dx.npy
qata_test_sub-S09832_ses-E16859_run-1_bp-chest_vp-pa_dx,sub-S09832,unet,1003,0.38373793508675824,0.2374230908708859,105.10756250535677,49.703053214675535,predictions/masks/qata_test_sub-S09832_ses-E16859_run-1_bp-chest_vp-pa_dx.png,predictions/probabilities/qata_test_sub-S09832_ses-E16859_run-1_bp-chest_vp-pa_dx.npy
qata_test_sub-S09832_ses-E19533_run-1_bp-chest_vp-ap_dx,sub-S09832,unet,1003,0.5228194726287317,0.35393065570360693,102.33728659383111,36.81533694167984,predictions/masks/qata_test_sub-S09832_ses-E19533_run-1_bp-chest_vp-ap_dx.png,predictions/probabilities/qata_test_sub-S09832_ses-E19533_run-1_bp-chest_vp-ap_dx.npy
qata_test_sub-S09832_ses-E22445_run-1_bp-chest_vp-ap_dx,sub-S09832,unet,1003,0.5983637039866425,0.42690368799610234,111.30946142385704,32.93789561652033,predictions/masks/qata_test_sub-S09832_ses-E22445_run-1_bp-chest_vp-ap_dx.png,predictions/probabilities/qata_test_sub-S09832_ses-E22445_run-1_bp-chest_vp-ap_dx.npy
qata_test_sub-S09834_ses-E21566_run-1_bp-chest_vp-ap_cr,sub-S09834,unet,1003,0.8945761915955085,0.80926083262937,33.385363305260896,4.430203966850097,predictions/masks/qata_test_sub-S09834_ses-E21566_run-1_bp-chest_vp-ap_cr.png,predictions/probabilities/qata_test_sub-S09834_ses-E21566_run-1_bp-chest_vp-ap_cr.npy
qata_test_sub-S09835_ses-E20329_run-1_bp-chest_vp-pa_dx,sub-S09835,unet,1003,0.840874811469047,0.7254391672267119,10.410950549897747,5.350206196236459,predictions/masks/qata_test_sub-S09835_ses-E20329_run-1_bp-chest_vp-pa_dx.png,predictions/probabilities/qata_test_sub-S09835_ses-E20329_run-1_bp-chest_vp-pa_dx.npy
qata_test_sub-S09835_ses-E23362_run-1_bp-chest_vp-ap_cr,sub-S09835,unet,1003,0.6257982120104186,0.4553903345837383,48.38388161361178,11.86732725856834,predictions/masks/qata_test_sub-S09835_ses-E23362_run-1_bp-chest_vp-ap_cr.png,predictions/probabilities/qata_test_sub-S09835_ses-E23362_run-1_bp-chest_vp-ap_cr.npy
qata_test_sub-S09836_ses-E23196_acq-1_run-1_bp-chest_vp-pa_cr,sub-S09836,unet,1003,0.6493333333567111,0.48075024684296647,8.06225774829855,3.749004284699269,predictions/masks/qata_test_sub-S09836_ses-E23196_acq-1_run-1_bp-chest_vp-pa_cr.png,predictions/probabilities/qata_test_sub-S09836_ses-E23196_acq-1_run-1_bp-chest_vp-pa_cr.npy
qata_test_sub-S09837_ses-E16871_run-1_bp-chest_vp-ap_cr,sub-S09837,unet,1003,0.9558228479576751,0.9153837987056441,3.0,1.0525598285052054,predictions/masks/qata_test_sub-S09837_ses-E16871_run-1_bp-chest_vp-ap_cr.png,predictions/probabilities/qata_test_sub-S09837_ses-E16871_run-1_bp-chest_vp-ap_cr.npy
qata_test_sub-S09837_ses-E17455_run-1_bp-chest_vp-ap_cr,sub-S09837,unet,1003,0.6626756897478511,0.4955235500260085,20.307505260538385,3.666728737252688,predictions/masks/qata_test_sub-S09837_ses-E17455_run-1_bp-chest_vp-ap_cr.png,predictions/probabilities/qata_test_sub-S09837_ses-E17455_run-1_bp-chest_vp-ap_cr.npy
qata_test_sub-S09837_ses-E20516_run-1_bp-chest_vp-ap_cr,sub-S09837,unet,1003,0.90786136940048,0.8312693498473779,7.876662289339308,2.2124947168693483,predictions/masks/qata_test_sub-S09837_ses-E20516_run-1_bp-chest_vp-ap_cr.png,predictions/probabilities/qata_test_sub-S09837_ses-E20516_run-1_bp-chest_vp-ap_cr.npy
qata_test_sub-S09837_ses-E22253_run-1_bp-chest_vp-ap_cr,sub-S09837,unet,1003,0.9566993826888276,0.9169930189007578,5.0,1.2867737663864305,predictions/masks/qata_test_sub-S09837_ses-E22253_run-1_bp-chest_vp-ap_cr.png,predictions/probabilities/qata_test_sub-S09837_ses-E22253_run-1_bp-chest_vp-ap_cr.npy
qata_test_sub-S09837_ses-E22894_run-2_bp-chest_vp-ap_cr,sub-S09837,unet,1003,0.7090517241410662,0.5492487479207137,23.315153449783278,5.908681363852764,predictions/masks/qata_test_sub-S09837_ses-E22894_run-2_bp-chest_vp-ap_cr.png,predictions/probabilities/qata_test_sub-S09837_ses-E22894_run-2_bp-chest_vp-ap_cr.npy
qata_test_sub-S09837_ses-E24226_run-1_bp-chest_vp-ap_cr,sub-S09837,unet,1003,0.9538785908815437,0.9118239838778666,5.0,0.9485625780696796,predictions/masks/qata_test_sub-S09837_ses-E24226_run-1_bp-chest_vp-ap_cr.png,predictions/probabilities/qata_test_sub-S09837_ses-E24226_run-1_bp-chest_vp-ap_cr.npy
qata_test_sub-S09837_ses-E24618_run-1_bp-chest_vp-ap_cr,sub-S09837,unet,1003,0.8693427437153124,0.7688826466952422,7.810249675906654,2.1958913084924943,predictions/masks/qata_test_sub-S09837_ses-E24618_run-1_bp-chest_vp-ap_cr.png,predictions/probabilities/qata_test_sub-S09837_ses-E24618_run-1_bp-chest_vp-ap_cr.npy
qata_test_sub-S09839_ses-E16873_run-1_bp-chest_vp-ap_cr,sub-S09839,unet,1003,0.9362172112293031,0.8800830593549043,5.0,1.3521458534265354,predictions/masks/qata_test_sub-S09839_ses-E16873_run-1_bp-chest_vp-ap_cr.png,predictions/probabilities/qata_test_sub-S09839_ses-E16873_run-1_bp-chest_vp-ap_cr.npy
qata_test_sub-S09839_ses-E19177_run-1_bp-chest_vp-ap_dx,sub-S09839,unet,1003,0.9488202979885831,0.9026242574636993,7.063961030678918,1.7505885844060718,predictions/masks/qata_test_sub-S09839_ses-E19177_run-1_bp-chest_vp-ap_dx.png,predictions/probabilities/qata_test_sub-S09839_ses-E19177_run-1_bp-chest_vp-ap_dx.npy
qata_test_sub-S09840_ses-E18544_run-1_bp-chest_vp-pa_dx,sub-S09840,unet,1003,0.5119363395872764,0.3440285206160377,160.46183346827368,19.860549874569763,predictions/masks/qata_test_sub-S09840_ses-E18544_run-1_bp-chest_vp-pa_dx.png,predictions/probabilities/qata_test_sub-S09840_ses-E18544_run-1_bp-chest_vp-pa_dx.npy
qata_test_sub-S09841_ses-E23070_run-1_bp-chest_vp-ap_dx,sub-S09841,unet,1003,0.8438860971550438,0.7299333526592311,51.92348352469557,6.177459482161345,predictions/masks/qata_test_sub-S09841_ses-E23070_run-1_bp-chest_vp-ap_dx.png,predictions/probabilities/qata_test_sub-S09841_ses-E23070_run-1_bp-chest_vp-ap_dx.npy
qata_test_sub-S09842_ses-E16879_run-1_bp-chest_vp-ap_dx,sub-S09842,unet,1003,0.3850771869705716,0.23844928306905938,75.31268153505093,16.014713526202176,predictions/masks/qata_test_sub-S09842_ses-E16879_run-1_bp-chest_vp-ap_dx.png,predictions/probabilities/qata_test_sub-S09842_ses-E16879_run-1_bp-chest_vp-ap_dx.npy
qata_test_sub-S09842_ses-E19760_run-1_bp-chest_vp-ap_dx,sub-S09842,unet,1003,0.782794169933068,0.6431074766563606,106.20374763731576,19.833110522025848,predictions/masks/qata_test_sub-S09842_ses-E19760_run-1_bp-chest_vp-ap_dx.png,predictions/probabilities/qata_test_sub-S09842_ses-E19760_run-1_bp-chest_vp-ap_dx.npy
qata_test_sub-S09842_ses-E21264_run-1_bp-chest_vp-ap_dx,sub-S09842,unet,1003,0.7450402144789207,0.5936765648409135,50.11466846728475,7.624687516550433,predictions/masks/qata_test_sub-S09842_ses-E21264_run-1_bp-chest_vp-ap_dx.png,predictions/probabilities/qata_test_sub-S09842_ses-E21264_run-1_bp-chest_vp-ap_dx.npy
qata_test_sub-S09842_ses-E22102_run-1_bp-chest_vp-ap_dx,sub-S09842,unet,1003,0.8834781120292546,0.7912770197777765,23.1299462457293,4.089975283600607,predictions/masks/qata_test_sub-S09842_ses-E22102_run-1_bp-chest_vp-ap_dx.png,predictions/probabilities/qata_test_sub-S09842_ses-E22102_run-1_bp-chest_vp-ap_dx.npy
qata_test_sub-S09842_ses-E22722_run-1_bp-chest_vp-ap_dx,sub-S09842,unet,1003,0.47331343284210964,0.31002659159533824,56.06959040177843,13.435952695396754,predictions/masks/qata_test_sub-S09842_ses-E22722_run-1_bp-chest_vp-ap_dx.png,predictions/probabilities/qata_test_sub-S09842_ses-E22722_run-1_bp-chest_vp-ap_dx.npy
qata_test_sub-S09843_ses-E19313_run-1_bp-chest_vp-ap_dx,sub-S09843,unet,1003,0.4825560044259069,0.3180058083582766,27.690197023633896,7.774264170609449,predictions/masks/qata_test_sub-S09843_ses-E19313_run-1_bp-chest_vp-ap_dx.png,predictions/probabilities/qata_test_sub-S09843_ses-E19313_run-1_bp-chest_vp-ap_dx.npy
qata_test_sub-S09843_ses-E23496_run-1_bp-chest_vp-ap_dx,sub-S09843,unet,1003,0.8830455259041988,0.7905832747765148,12.206555615733702,2.150379438680907,predictions/masks/qata_test_sub-S09843_ses-E23496_run-1_bp-chest_vp-ap_dx.png,predictions/probabilities/qata_test_sub-S09843_ses-E23496_run-1_bp-chest_vp-ap_dx.npy
qata_test_sub-S09843_ses-E24623_run-1_bp-chest_cr,sub-S09843,unet,1003,0.7127586991195642,0.5537102473655934,30.870698080866262,5.722945831417746,predictions/masks/qata_test_sub-S09843_ses-E24623_run-1_bp-chest_cr.png,predictions/probabilities/qata_test_sub-S09843_ses-E24623_run-1_bp-chest_cr.npy
qata_test_sub-S09843_ses-E25653_run-1_bp-chest_vp-pa_cr,sub-S09843,unet,1003,0.7248692620609403,0.5684666211080321,26.828825672704557,5.410826159611336,predictions/masks/qata_test_sub-S09843_ses-E25653_run-1_bp-chest_vp-pa_cr.png,predictions/probabilities/qata_test_sub-S09843_ses-E25653_run-1_bp-chest_vp-pa_cr.npy
qata_test_sub-S09843_ses-E25974_run-1_bp-chest_cr,sub-S09843,unet,1003,0.8316920322329523,0.7118773946470546,8.48528137423857,2.3126476654072343,predictions/masks/qata_test_sub-S09843_ses-E25974_run-1_bp-chest_cr.png,predictions/probabilities/qata_test_sub-S09843_ses-E25974_run-1_bp-chest_cr.npy
qata_test_sub-S09844_ses-E16885_run-1_bp-chest_vp-ap_dx,sub-S09844,unet,1003,0.625843780144025,0.4554385965103355,75.02532883123024,17.483196551060015,predictions/masks/qata_test_sub-S09844_ses-E16885_run-1_bp-chest_vp-ap_dx.png,predictions/probabilities/qata_test_sub-S09844_ses-E16885_run-1_bp-chest_vp-ap_dx.npy
qata_test_sub-S09844_ses-E21984_run-1_bp-chest_cr,sub-S09844,unet,1003,0.2714790114055913,0.15705855655210813,42.432297791790205,15.453129618241102,predictions/masks/qata_test_sub-S09844_ses-E21984_run-1_bp-chest_cr.png,predictions/probabilities/qata_test_sub-S09844_ses-E21984_run-1_bp-chest_cr.npy
qata_test_sub-S09845_ses-E16888_run-1_bp-chest_vp-ap_dx,sub-S09845,unet,1003,0.9464078794905387,0.8982678031358501,29.151155159141894,3.036416638325712,predictions/masks/qata_test_sub-S09845_ses-E16888_run-1_bp-chest_vp-ap_dx.png,predictions/probabilities/qata_test_sub-S09845_ses-E16888_run-1_bp-chest_vp-ap_dx.npy
qata_test_sub-S09845_ses-E18676_run-1_bp-chest_vp-ap_cr,sub-S09845,unet,1003,0.9242031416812246,0.8590870428145863,25.594907268320362,3.3113743752599203,predictions/masks/qata_test_sub-S09845_ses-E18676_run-1_bp-chest_vp-ap_cr.png,predictions/probabilities/qata_test_sub-S09845_ses-E18676_run-1_bp-chest_vp-ap_cr.npy
qata_test_sub-S09845_ses-E18848_run-2_bp-chest_vp-ap_dx,sub-S09845,unet,1003,0.9168086314599886,0.8463958060308467,14.317821063276353,2.4589423908403156,predictions/masks/qata_test_sub-S09845_ses-E18848_run-2_bp-chest_vp-ap_dx.png,predictions/probabilities/qata_test_sub-S09845_ses-E18848_run-2_bp-chest_vp-ap_dx.npy
qata_test_sub-S09845_ses-E21278_run-1_bp-chest_vp-ap_dx,sub-S09845,unet,1003,0.8791623940856,0.7843798151022304,21.711825052288965,3.643636214944632,predictions/masks/qata_test_sub-S09845_ses-E21278_run-1_bp-chest_vp-ap_dx.png,predictions/probabilities/qata_test_sub-S09845_ses-E21278_run-1_bp-chest_vp-ap_dx.npy
qata_test_sub-S09845_ses-E21976_run-1_bp-chest_vp-ap_cr,sub-S09845,unet,1003,0.9182242990660574,0.8488120950345743,12.825623627379109,2.6411715374611506,predictions/masks/qata_test_sub-S09845_ses-E21976_run-1_bp-chest_vp-ap_cr.png,predictions/probabilities/qata_test_sub-S09845_ses-E21976_run-1_bp-chest_vp-ap_cr.npy
qata_test_sub-S09845_ses-E22296_run-1_bp-chest_vp-ap_cr,sub-S09845,unet,1003,0.9365397461598325,0.8806532663346569,3.1622776601683795,1.095584961772131,predictions/masks/qata_test_sub-S09845_ses-E22296_run-1_bp-chest_vp-ap_cr.png,predictions/probabilities/qata_test_sub-S09845_ses-E22296_run-1_bp-chest_vp-ap_cr.npy
qata_test_sub-S09846_ses-E19077_run-1_bp-chest_vp-ap_dx,sub-S09846,unet,1003,0.8011583011774943,0.6682769726782164,6.324555320336759,1.866420049875234,predictions/masks/qata_test_sub-S09846_ses-E19077_run-1_bp-chest_vp-ap_dx.png,predictions/probabilities/qata_test_sub-S09846_ses-E19077_run-1_bp-chest_vp-ap_dx.npy
qata_test_sub-S09847_ses-E16894_run-1_bp-chest_vp-ap_cr,sub-S09847,unet,1003,0.9218277619424564,0.8549911873120495,6.616680023979427,1.6406534325168738,predictions/masks/qata_test_sub-S09847_ses-E16894_run-1_bp-chest_vp-ap_cr.png,predictions/probabilities/qata_test_sub-S09847_ses-E16894_run-1_bp-chest_vp-ap_cr.npy
qata_test_sub-S09847_ses-E27010_run-1_bp-chest_vp-pa_dx,sub-S09847,unet,1003,0.8885407691713908,0.7994362226948635,11.0,2.6754133938028217,predictions/masks/qata_test_sub-S09847_ses-E27010_run-1_bp-chest_vp-pa_dx.png,predictions/probabilities/qata_test_sub-S09847_ses-E27010_run-1_bp-chest_vp-pa_dx.npy
qata_test_sub-S09848_ses-E16896_run-1_bp-chest_vp-ap_dx,sub-S09848,unet,1003,0.6678802220836635,0.501366493584294,31.051559307214504,7.512006703338277,predictions/masks/qata_test_sub-S09848_ses-E16896_run-1_bp-chest_vp-ap_dx.png,predictions/probabilities/qata_test_sub-S09848_ses-E16896_run-1_bp-chest_vp-ap_dx.npy
qata_test_sub-S09848_ses-E17529_run-1_bp-chest_vp-ap_cr,sub-S09848,unet,1003,0.7925016160343811,0.656316916497422,96.54999999999995,21.226251886662805,predictions/masks/qata_test_sub-S09848_ses-E17529_run-1_bp-chest_vp-ap_cr.png,predictions/probabilities/qata_test_sub-S09848_ses-E17529_run-1_bp-chest_vp-ap_cr.npy
qata_test_sub-S09848_ses-E18312_run-1_bp-chest_vp-pa_cr,sub-S09848,unet,1003,0.9228635442230418,0.8567749603812944,13.44804161976246,2.717871464902919,predictions/masks/qata_test_sub-S09848_ses-E18312_run-1_bp-chest_vp-pa_cr.png,predictions/probabilities/qata_test_sub-S09848_ses-E18312_run-1_bp-chest_vp-pa_cr.npy
qata_test_sub-S09848_ses-E19323_run-1_bp-chest_vp-pa_dx,sub-S09848,unet,1003,0.9188656614122735,0.8499088675818218,10.63014581273465,2.6233632514856073,predictions/masks/qata_test_sub-S09848_ses-E19323_run-1_bp-chest_vp-pa_dx.png,predictions/probabilities/qata_test_sub-S09848_ses-E19323_run-1_bp-chest_vp-pa_dx.npy
qata_test_sub-S09848_ses-E21072_run-1_bp-chest_vp-ap_cr,sub-S09848,unet,1003,0.7080919080938523,0.5480977420399206,31.622776601683796,6.259069411734124,predictions/masks/qata_test_sub-S09848_ses-E21072_run-1_bp-chest_vp-ap_cr.png,predictions/probabilities/qata_test_sub-S09848_ses-E21072_run-1_bp-chest_vp-ap_cr.npy
qata_test_sub-S09848_ses-E21433_run-1_bp-chest_vp-ap_cr,sub-S09848,unet,1003,0.8813631296784258,0.7878902913562884,15.524174696260026,2.4905398602232225,predictions/masks/qata_test_sub-S09848_ses-E21433_run-1_bp-chest_vp-ap_cr.png,predictions/probabilities/qata_test_sub-S09848_ses-E21433_run-1_bp-chest_vp-ap_cr.npy
qata_test_sub-S09848_ses-E22109_run-1_bp-chest_vp-ap_cr,sub-S09848,unet,1003,0.9690538363244122,0.9399655098087953,2.23606797749979,0.7775176237167513,predictions/masks/qata_test_sub-S09848_ses-E22109_run-1_bp-chest_vp-ap_cr.png,predictions/probabilities/qata_test_sub-S09848_ses-E22109_run-1_bp-chest_vp-ap_cr.npy
qata_test_sub-S09848_ses-E22508_run-1_bp-chest_vp-ap_cr,sub-S09848,unet,1003,0.9206709422796218,0.8530030167304781,10.763320424192264,2.1595497369866234,predictions/masks/qata_test_sub-S09848_ses-E22508_run-1_bp-chest_vp-ap_cr.png,predictions/probabilities/qata_test_sub-S09848_ses-E22508_run-1_bp-chest_vp-ap_cr.npy
qata_test_sub-S09848_ses-E23238_run-1_bp-chest_vp-ap_cr,sub-S09848,unet,1003,0.8508907424577753,0.7404785375056862,28.96356421265522,5.14469397147861,predictions/masks/qata_test_sub-S09848_ses-E23238_run-1_bp-chest_vp-ap_cr.png,predictions/probabilities/qata_test_sub-S09848_ses-E23238_run-1_bp-chest_vp-ap_cr.npy
qata_test_sub-S09848_ses-E23733_run-1_bp-chest_vp-ap_cr,sub-S09848,unet,1003,0.8589087809046682,0.7527082555129784,9.848857801796104,2.2249114431821337,predictions/masks/qata_test_sub-S09848_ses-E23733_run-1_bp-chest_vp-ap_cr.png,predictions/probabilities/qata_test_sub-S09848_ses-E23733_run-1_bp-chest_vp-ap_cr.npy
qata_test_sub-S09848_ses-E23781_run-1_bp-chest_vp-ap_cr,sub-S09848,unet,1003,0.8177940280339085,0.6917525773259432,23.40939982143925,4.756189329963121,predictions/masks/qata_test_sub-S09848_ses-E23781_run-1_bp-chest_vp-ap_cr.png,predictions/probabilities/qata_test_sub-S09848_ses-E23781_run-1_bp-chest_vp-ap_cr.npy
qata_test_sub-S09848_ses-E25994_run-1_bp-chest_vp-pa_cr,sub-S09848,unet,1003,0.9196235862905999,0.851206648554809,13.364087204388053,3.1498770331828925,predictions/masks/qata_test_sub-S09848_ses-E25994_run-1_bp-chest_vp-pa_cr.png,predictions/probabilities/qata_test_sub-S09848_ses-E25994_run-1_bp-chest_vp-pa_cr.npy
qata_test_sub-S09848_ses-E26422_run-1_bp-chest_vp-ap_cr,sub-S09848,unet,1003,0.9049443143934705,0.8263911381756404,11.704699910719626,3.338234474774183,predictions/masks/qata_test_sub-S09848_ses-E26422_run-1_bp-chest_vp-ap_cr.png,predictions/probabilities/qata_test_sub-S09848_ses-E26422_run-1_bp-chest_vp-ap_cr.npy
qata_test_sub-S09848_ses-E26424_run-1_bp-chest_vp-pa_cr,sub-S09848,unet,1003,0.9248660358000803,0.8602332979861419,12.041594578792296,2.7327297704793105,predictions/masks/qata_test_sub-S09848_ses-E26424_run-1_bp-chest_vp-pa_cr.png,predictions/probabilities/qata_test_sub-S09848_ses-E26424_run-1_bp-chest_vp-pa_cr.npy
qata_test_sub-S09849_ses-E19075_run-1_bp-chest_vp-ap_dx,sub-S09849,unet,1003,0.878023674736077,0.7825688073593973,4.0,1.475391743110281,predictions/masks/qata_test_sub-S09849_ses-E19075_run-1_bp-chest_vp-ap_dx.png,predictions/probabilities/qata_test_sub-S09849_ses-E19075_run-1_bp-chest_vp-ap_dx.npy
qata_test_sub-S09850_ses-E21596_run-1_bp-chest_vp-pa_cr,sub-S09850,unet,1003,0.7896586345434322,0.652426379110227,10.63014581273465,3.9763781257947164,predictions/masks/qata_test_sub-S09850_ses-E21596_run-1_bp-chest_vp-pa_cr.png,predictions/probabilities/qata_test_sub-S09850_ses-E21596_run-1_bp-chest_vp-pa_cr.npy
qata_test_sub-S09852_ses-E19345_run-1_bp-chest_vp-ap_cr,sub-S09852,unet,1003,0.9518296739856831,0.9080868350906679,4.0,1.0739394212480469,predictions/masks/qata_test_sub-S09852_ses-E19345_run-1_bp-chest_vp-ap_cr.png,predictions/probabilities/qata_test_sub-S09852_ses-E19345_run-1_bp-chest_vp-ap_cr.npy
qata_test_sub-S09852_ses-E21076_run-1_bp-chest_vp-ap_dx,sub-S09852,unet,1003,0.9107460500166292,0.8361191162375385,8.06225774829855,1.930864405834228,predictions/masks/qata_test_sub-S09852_ses-E21076_run-1_bp-chest_vp-ap_dx.png,predictions/probabilities/qata_test_sub-S09852_ses-E21076_run-1_bp-chest_vp-ap_dx.npy
qata_test_sub-S09855_ses-E16909_run-1_bp-chest_vp-pa_cr,sub-S09855,unet,1003,0.7113801452854387,0.5520481022340457,40.19111293578772,8.967672310361372,predictions/masks/qata_test_sub-S09855_ses-E16909_run-1_bp-chest_vp-pa_cr.png,predictions/probabilities/qata_test_sub-S09855_ses-E16909_run-1_bp-chest_vp-pa_cr.npy
qata_test_sub-S09855_ses-E17128_run-1_bp-chest_vp-pa_cr,sub-S09855,unet,1003,0.6342028985613274,0.4643463497680669,96.01301963265917,29.957579700275225,predictions/masks/qata_test_sub-S09855_ses-E17128_run-1_bp-chest_vp-pa_cr.png,predictions/probabilities/qata_test_sub-S09855_ses-E17128_run-1_bp-chest_vp-pa_cr.npy
qata_test_sub-S09855_ses-E19193_run-1_bp-chest_vp-pa_cr,sub-S09855,unet,1003,0.6781115879879492,0.5129870129987256,87.27543440951598,19.92339731156832,predictions/masks/qata_test_sub-S09855_ses-E19193_run-1_bp-chest_vp-pa_cr.png,predictions/probabilities/qata_test_sub-S09855_ses-E19193_run-1_bp-chest_vp-pa_cr.npy
qata_test_sub-S09855_ses-E23545_run-1_bp-chest_cr,sub-S09855,unet,1003,0.9159171721405991,0.8448774840855706,8.523450915439886,1.9375626108258266,predictions/masks/qata_test_sub-S09855_ses-E23545_run-1_bp-chest_cr.png,predictions/probabilities/qata_test_sub-S09855_ses-E23545_run-1_bp-chest_cr.npy
qata_test_sub-S09855_ses-E23792_run-1_bp-chest_vp-pa_cr,sub-S09855,unet,1003,0.9272237196773672,0.8643216080430418,11.180339887498949,5.171367184108119,predictions/masks/qata_test_sub-S09855_ses-E23792_run-1_bp-chest_vp-pa_cr.png,predictions/probabilities/qata_test_sub-S09855_ses-E23792_run-1_bp-chest_vp-pa_cr.npy
qata_test_sub-S09855_ses-E24007_run-1_bp-chest_vp-ap_dx,sub-S09855,unet,1003,0.9110443622925656,0.8366221090617799,12.649110640673518,2.2595732612021875,predictions/masks/qata_test_sub-S09855_ses-E24007_run-1_bp-chest_vp-ap_dx.png,predictions/probabilities/qata_test_sub-S09855_ses-E24007_run-1_bp-chest_vp-ap_dx.npy
qata_test_sub-S09855_ses-E24446_run-1_bp-chest_vp-ap_dx,sub-S09855,unet,1003,0.859857482186085,0.7541666666691649,13.379035964562537,2.299365927618922,predictions/masks/qata_test_sub-S09855_ses-E24446_run-1_bp-chest_vp-ap_dx.png,predictions/probabilities/qata_test_sub-S09855_ses-E24446_run-1_bp-chest_vp-ap_dx.npy
qata_test_sub-S09855_ses-E26448_run-1_bp-chest_vp-ap_dx,sub-S09855,unet,1003,0.8900211752257146,0.8018361750351515,30.688234316496366,4.205775497692316,predictions/masks/qata_test_sub-S09855_ses-E26448_run-1_bp-chest_vp-ap_dx.png,predictions/probabilities/qata_test_sub-S09855_ses-E26448_run-1_bp-chest_vp-ap_dx.npy
qata_test_sub-S09856_ses-E23543_run-1_bp-chest_vp-ap_dx,sub-S09856,unet,1003,0.8159292035561124,0.689088191376818,5.156248572301125,1.8621301788516589,predictions/masks/qata_test_sub-S09856_ses-E23543_run-1_bp-chest_vp-ap_dx.png,predictions/probabilities/qata_test_sub-S09856_ses-E23543_run-1_bp-chest_vp-ap_dx.npy
qata_test_sub-S09856_ses-E24014_run-1_bp-chest_vp-ap_dx,sub-S09856,unet,1003,0.5990922844296795,0.4276457883616568,40.52159917870962,8.717597172614456,predictions/masks/qata_test_sub-S09856_ses-E24014_run-1_bp-chest_vp-ap_dx.png,predictions/probabilities/qata_test_sub-S09856_ses-E24014_run-1_bp-chest_vp-ap_dx.npy
qata_test_sub-S09857_ses-E16912_run-1_bp-chest_vp-pa_dx,sub-S09857,unet,1003,0.810194902554417,0.6809475806612426,8.502898085562254,3.1070856924258585,predictions/masks/qata_test_sub-S09857_ses-E16912_run-1_bp-chest_vp-pa_dx.png,predictions/probabilities/qata_test_sub-S09857_ses-E16912_run-1_bp-chest_vp-pa_dx.npy
qata_test_sub-S09858_ses-E16913_run-1_bp-chest_vp-pa_dx,sub-S09858,unet,1003,0.3823178016910897,0.23633677993957397,134.3994045566863,47.43004810717967,predictions/masks/qata_test_sub-S09858_ses-E16913_run-1_bp-chest_vp-pa_dx.png,predictions/probabilities/qata_test_sub-S09858_ses-E16913_run-1_bp-chest_vp-pa_dx.npy
qata_test_sub-S09859_ses-E20380_run-1_bp-chest_vp-ap_dx,sub-S09859,unet,1003,0.9045268650415382,0.825695159633736,6.4031242374328485,1.866890469840466,predictions/masks/qata_test_sub-S09859_ses-E20380_run-1_bp-chest_vp-ap_dx.png,predictions/probabilities/qata_test_sub-S09859_ses-E20380_run-1_bp-chest_vp-ap_dx.npy
qata_test_sub-S09859_ses-E20902_run-1_bp-chest_vp-pa_cr,sub-S09859,unet,1003,0.4907063197499343,0.32512315279247256,72.41718019523132,15.313377052903379,predictions/masks/qata_test_sub-S09859_ses-E20902_run-1_bp-chest_vp-pa_cr.png,predictions/probabilities/qata_test_sub-S09859_ses-E20902_run-1_bp-chest_vp-pa_cr.npy
qata_test_sub-S09862_ses-E23580_run-1_bp-chest_vp-pa_cr,sub-S09862,unet,1003,0.548354258583361,0.37774661059477577,104.39047241556347,23.761280015633254,predictions/masks/qata_test_sub-S09862_ses-E23580_run-1_bp-chest_vp-pa_cr.png,predictions/probabilities/qata_test_sub-S09862_ses-E23580_run-1_bp-chest_vp-pa_cr.npy
qata_test_sub-S09862_ses-E25723_run-1_bp-chest_vp-pa_cr,sub-S09862,unet,1003,0.7186800894933255,0.5608904408746884,14.601140434895495,3.9460358147593,predictions/masks/qata_test_sub-S09862_ses-E25723_run-1_bp-chest_vp-pa_cr.png,predictions/probabilities/qata_test_sub-S09862_ses-E25723_run-1_bp-chest_vp-pa_cr.npy
qata_test_sub-S09863_ses-E24684_run-1_bp-chest_vp-ap_cr,sub-S09863,unet,1003,0.3233944954322422,0.1928864569359478,22.360679774997898,7.437877803859824,predictions/masks/qata_test_sub-S09863_ses-E24684_run-1_bp-chest_vp-ap_cr.png,predictions/probabilities/qata_test_sub-S09863_ses-E24684_run-1_bp-chest_vp-ap_cr.npy
qata_test_sub-S09863_ses-E26073_run-1_bp-chest_vp-ap_cr,sub-S09863,unet,1003,0.23282552459807918,0.13175016268276676,98.73117730479207,24.889961081597544,predictions/masks/qata_test_sub-S09863_ses-E26073_run-1_bp-chest_vp-ap_cr.png,predictions/probabilities/qata_test_sub-S09863_ses-E26073_run-1_bp-chest_vp-ap_cr.npy
qata_test_sub-S09864_ses-E16922_run-1_bp-chest_vp-ap_dx,sub-S09864,unet,1003,0.8796316597263839,0.7851272015739676,5.0,1.5768302161808545,predictions/masks/qata_test_sub-S09864_ses-E16922_run-1_bp-chest_vp-ap_dx.png,predictions/probabilities/qata_test_sub-S09864_ses-E16922_run-1_bp-chest_vp-ap_dx.npy
qata_test_sub-S09864_ses-E17014_run-1_bp-chest_vp-ap_cr,sub-S09864,unet,1003,0.82726008345404,0.7054079696534438,10.0,1.841385416031746,predictions/masks/qata_test_sub-S09864_ses-E17014_run-1_bp-chest_vp-ap_cr.png,predictions/probabilities/qata_test_sub-S09864_ses-E17014_run-1_bp-chest_vp-ap_cr.npy
qata_test_sub-S09864_ses-E18393_run-1_bp-chest_vp-ap_cr,sub-S09864,unet,1003,0.8692092781504177,0.7686738680789625,15.620499351813308,3.0624313272846977,predictions/masks/qata_test_sub-S09864_ses-E18393_run-1_bp-chest_vp-ap_cr.png,predictions/probabilities/qata_test_sub-S09864_ses-E18393_run-1_bp-chest_vp-ap_cr.npy
qata_test_sub-S09864_ses-E19382_run-1_bp-chest_vp-ap_cr,sub-S09864,unet,1003,0.8717051842614403,0.7725863596153103,8.51464255977805,2.1468364885838445,predictions/masks/qata_test_sub-S09864_ses-E19382_run-1_bp-chest_vp-ap_cr.png,predictions/probabilities/qata_test_sub-S09864_ses-E19382_run-1_bp-chest_vp-ap_cr.npy
qata_test_sub-S09864_ses-E19388_run-2_bp-chest_vp-ap_dx,sub-S09864,unet,1003,0.8958541458554464,0.8113548970863751,5.830951894845301,1.7159677099578423,predictions/masks/qata_test_sub-S09864_ses-E19388_run-2_bp-chest_vp-ap_dx.png,predictions/probabilities/qata_test_sub-S09864_ses-E19388_run-2_bp-chest_vp-ap_dx.npy
qata_test_sub-S09864_ses-E21338_run-1_bp-chest_vp-ap_cr,sub-S09864,unet,1003,0.9157857646244576,0.8446538836579572,8.06225774829855,1.4842935943332691,predictions/masks/qata_test_sub-S09864_ses-E21338_run-1_bp-chest_vp-ap_cr.png,predictions/probabilities/qata_test_sub-S09864_ses-E21338_run-1_bp-chest_vp-ap_cr.npy
qata_test_sub-S09864_ses-E24984_run-1_bp-chest_vp-ap_cr,sub-S09864,unet,1003,0.9254964845200105,0.8613247617970229,8.94427190999916,1.813212929540136,predictions/masks/qata_test_sub-S09864_ses-E24984_run-1_bp-chest_vp-ap_cr.png,predictions/probabilities/qata_test_sub-S09864_ses-E24984_run-1_bp-chest_vp-ap_cr.npy
qata_test_sub-S09864_ses-E25753_run-1_bp-chest_vp-ap_dx,sub-S09864,unet,1003,0.9652124447557642,0.9327638700952913,11.676882432050757,1.798848340322467,predictions/masks/qata_test_sub-S09864_ses-E25753_run-1_bp-chest_vp-ap_dx.png,predictions/probabilities/qata_test_sub-S09864_ses-E25753_run-1_bp-chest_vp-ap_dx.npy
qata_test_sub-S09864_ses-E26074_run-1_bp-chest_vp-ap_cr,sub-S09864,unet,1003,0.5659918132584799,0.39469217714249816,69.92436008019129,12.46038731542072,predictions/masks/qata_test_sub-S09864_ses-E26074_run-1_bp-chest_vp-ap_cr.png,predictions/probabilities/qata_test_sub-S09864_ses-E26074_run-1_bp-chest_vp-ap_cr.npy
qata_test_sub-S09865_ses-E16923_run-1_bp-chest_vp-ap_dx,sub-S09865,unet,1003,0.37154554761075886,0.22815839097334512,37.133463905956944,9.986650903813487,predictions/masks/qata_test_sub-S09865_ses-E16923_run-1_bp-chest_vp-ap_dx.png,predictions/probabilities/qata_test_sub-S09865_ses-E16923_run-1_bp-chest_vp-ap_dx.npy
qata_test_sub-S09866_ses-E16930_run-1_bp-chest_vp-ap_dx,sub-S09866,unet,1003,0.7789954337933181,0.6379955123500873,18.01383512158778,3.873059181624231,predictions/masks/qata_test_sub-S09866_ses-E16930_run-1_bp-chest_vp-ap_dx.png,predictions/probabilities/qata_test_sub-S09866_ses-E16930_run-1_bp-chest_vp-ap_dx.npy
qata_test_sub-S09866_ses-E18408_run-1_bp-chest_vp-ap_cr,sub-S09866,unet,1003,0.781356726714114,0.641169359274193,32.957522025498015,6.315043550318812,predictions/masks/qata_test_sub-S09866_ses-E18408_run-1_bp-chest_vp-ap_cr.png,predictions/probabilities/qata_test_sub-S09866_ses-E18408_run-1_bp-chest_vp-ap_cr.npy
qata_test_sub-S09866_ses-E18931_run-1_bp-chest_vp-ap_dx,sub-S09866,unet,1003,0.9533362407330038,0.9108333333345717,3.0,1.0055633949107365,predictions/masks/qata_test_sub-S09866_ses-E18931_run-1_bp-chest_vp-ap_dx.png,predictions/probabilities/qata_test_sub-S09866_ses-E18931_run-1_bp-chest_vp-ap_dx.npy
qata_test_sub-S09866_ses-E21137_run-1_bp-chest_vp-ap_cr,sub-S09866,unet,1003,0.7462486002296472,0.5952125759344333,26.014417746886533,5.002515935366405,predictions/masks/qata_test_sub-S09866_ses-E21137_run-1_bp-chest_vp-ap_cr.png,predictions/probabilities/qata_test_sub-S09866_ses-E21137_run-1_bp-chest_vp-ap_cr.npy
qata_test_sub-S09866_ses-E21346_run-1_bp-chest_vp-ap_cr,sub-S09866,unet,1003,0.8249240121633762,0.7020175892549396,5.385164807134504,1.862825239180755,predictions/masks/qata_test_sub-S09866_ses-E21346_run-1_bp-chest_vp-ap_cr.png,predictions/probabilities/qata_test_sub-S09866_ses-E21346_run-1_bp-chest_vp-ap_cr.npy
qata_test_sub-S09866_ses-E24490_acq-1_run-1_bp-chest_vp-ll_dx,sub-S09866,unet,1003,0.9208322760730674,0.853280037623953,4.0,1.3173969603303588,predictions/masks/qata_test_sub-S09866_ses-E24490_acq-1_run-1_bp-chest_vp-ll_dx.png,predictions/probabilities/qata_test_sub-S09866_ses-E24490_acq-1_run-1_bp-chest_vp-ll_dx.npy
qata_test_sub-S09866_ses-E26092_run-1_bp-chest_vp-ap_cr,sub-S09866,unet,1003,0.9110919822927257,0.8367024280086198,9.0,2.026382228756862,predictions/masks/qata_test_sub-S09866_ses-E26092_run-1_bp-chest_vp-ap_cr.png,predictions/probabilities/qata_test_sub-S09866_ses-E26092_run-1_bp-chest_vp-ap_cr.npy
qata_test_sub-S09866_ses-E26486_run-1_bp-chest_vp-ap_dx,sub-S09866,unet,1003,0.9671306585567485,0.936353340884073,2.23606797749979,0.8027386212330091,predictions/masks/qata_test_sub-S09866_ses-E26486_run-1_bp-chest_vp-ap_dx.png,predictions/probabilities/qata_test_sub-S09866_ses-E26486_run-1_bp-chest_vp-ap_dx.npy
qata_test_sub-S09867_ses-E18410_run-1_bp-chest_vp-ap_dx,sub-S09867,unet,1003,0.7732788002742108,0.6303623027380488,37.64100355285548,9.59028752600244,predictions/masks/qata_test_sub-S09867_ses-E18410_run-1_bp-chest_vp-ap_dx.png,predictions/probabilities/qata_test_sub-S09867_ses-E18410_run-1_bp-chest_vp-ap_dx.npy
qata_test_sub-S09867_ses-E18717_run-1_bp-chest_vp-ap_dx,sub-S09867,unet,1003,0.4598930481370946,0.298611111125871,95.59077938591071,31.32532669536658,predictions/masks/qata_test_sub-S09867_ses-E18717_run-1_bp-chest_vp-ap_dx.png,predictions/probabilities/qata_test_sub-S09867_ses-E18717_run-1_bp-chest_vp-ap_dx.npy
qata_test_sub-S09867_ses-E19123_run-1_bp-chest_vp-ap_dx,sub-S09867,unet,1003,3.710575139008884e-11,3.710575139008884e-11,118.95326959112968,80.13440307485516,predictions/masks/qata_test_sub-S09867_ses-E19123_run-1_bp-chest_vp-ap_dx.png,predictions/probabilities/qata_test_sub-S09867_ses-E19123_run-1_bp-chest_vp-ap_dx.npy
qata_test_sub-S09867_ses-E20190_run-1_bp-chest_vp-ap_dx,sub-S09867,unet,1003,0.4602885558277029,0.29894468705787947,47.557104672790885,13.731911090760493,predictions/masks/qata_test_sub-S09867_ses-E20190_run-1_bp-chest_vp-ap_dx.png,predictions/probabilities/qata_test_sub-S09867_ses-E20190_run-1_bp-chest_vp-ap_dx.npy
qata_test_sub-S09867_ses-E20649_run-1_bp-chest_vp-ap_dx,sub-S09867,unet,1003,0.8460976055579775,0.7332488515803383,27.0,4.678060527249272,predictions/masks/qata_test_sub-S09867_ses-E20649_run-1_bp-chest_vp-ap_dx.png,predictions/probabilities/qata_test_sub-S09867_ses-E20649_run-1_bp-chest_vp-ap_dx.npy
qata_test_sub-S09867_ses-E20934_run-1_bp-chest_vp-ap_dx,sub-S09867,unet,1003,0.8680536791863999,0.7668682367937073,12.727922061357855,3.1657873605883853,predictions/masks/qata_test_sub-S09867_ses-E20934_run-1_bp-chest_vp-ap_dx.png,predictions/probabilities/qata_test_sub-S09867_ses-E20934_run-1_bp-chest_vp-ap_dx.npy
qata_test_sub-S09867_ses-E20935_run-1_bp-chest_vp-ap_dx,sub-S09867,unet,1003,0.863745019923033,0.7601683029537107,79.04170270344699,12.093938626538609,predictions/masks/qata_test_sub-S09867_ses-E20935_run-1_bp-chest_vp-ap_dx.png,predictions/probabilities/qata_test_sub-S09867_ses-E20935_run-1_bp-chest_vp-ap_dx.npy
qata_test_sub-S09867_ses-E20938_run-1_bp-chest_vp-ap_dx,sub-S09867,unet,1003,0.925290875689488,0.8609686609706415,26.650122904965833,3.673851380077769,predictions/masks/qata_test_sub-S09867_ses-E20938_run-1_bp-chest_vp-ap_dx.png,predictions/probabilities/qata_test_sub-S09867_ses-E20938_run-1_bp-chest_vp-ap_dx.npy
qata_test_sub-S09867_ses-E21485_run-1_bp-chest_vp-ap_dx,sub-S09867,unet,1003,0.4836871069233128,0.3189889825104473,55.911128753495944,15.458215429506968,predictions/masks/qata_test_sub-S09867_ses-E21485_run-1_bp-chest_vp-ap_dx.png,predictions/probabilities/qata_test_sub-S09867_ses-E21485_run-1_bp-chest_vp-ap_dx.npy
qata_test_sub-S09867_ses-E22009_run-1_bp-chest_vp-ap_dx,sub-S09867,unet,1003,0.33017471129212056,0.19773009400252298,85.58387669905949,36.23587069386324,predictions/masks/qata_test_sub-S09867_ses-E22009_run-1_bp-chest_vp-ap_dx.png,predictions/probabilities/qata_test_sub-S09867_ses-E22009_run-1_bp-chest_vp-ap_dx.npy
qata_test_sub-S09867_ses-E22582_run-1_bp-chest_vp-ap_dx,sub-S09867,unet,1003,0.8221467266566693,0.6980043654552852,80.89743331656089,22.54109647945058,predictions/masks/qata_test_sub-S09867_ses-E22582_run-1_bp-chest_vp-ap_dx.png,predictions/probabilities/qata_test_sub-S09867_ses-E22582_run-1_bp-chest_vp-ap_dx.npy
qata_test_sub-S09867_ses-E22970_run-1_bp-chest_vp-ap_dx,sub-S09867,unet,1003,0.8630546075095061,0.7590994371512307,12.688395099221562,3.0627470068251643,predictions/masks/qata_test_sub-S09867_ses-E22970_run-1_bp-chest_vp-ap_dx.png,predictions/probabilities/qata_test_sub-S09867_ses-E22970_run-1_bp-chest_vp-ap_dx.npy
qata_test_sub-S09867_ses-E23304_run-1_bp-chest_vp-ap_dx,sub-S09867,unet,1003,0.19081551863852672,0.10547045955774746,114.11260748337297,40.47235926089754,predictions/masks/qata_test_sub-S09867_ses-E23304_run-1_bp-chest_vp-ap_dx.png,predictions/probabilities/qata_test_sub-S09867_ses-E23304_run-1_bp-chest_vp-ap_dx.npy
qata_test_sub-S09867_ses-E24705_run-1_bp-chest_vp-ap_dx,sub-S09867,unet,1003,0.9563882492501822,0.9164215030768064,3.6055512754639896,1.006583897472399,predictions/masks/qata_test_sub-S09867_ses-E24705_run-1_bp-chest_vp-ap_dx.png,predictions/probabilities/qata_test_sub-S09867_ses-E24705_run-1_bp-chest_vp-ap_dx.npy
qata_test_sub-S09867_ses-E24708_run-1_bp-chest_vp-ap_dx,sub-S09867,unet,1003,0.9523325836178457,0.9090027700843628,4.123105625617661,1.0424772263871236,predictions/masks/qata_test_sub-S09867_ses-E24708_run-1_bp-chest_vp-ap_dx.png,predictions/probabilities/qata_test_sub-S09867_ses-E24708_run-1_bp-chest_vp-ap_dx.npy
qata_test_sub-S09867_ses-E26100_run-1_bp-chest_vp-ap_dx,sub-S09867,unet,1003,0.9491334542955069,0.9031912360097262,4.123105625617661,1.284674908511188,predictions/masks/qata_test_sub-S09867_ses-E26100_run-1_bp-chest_vp-ap_dx.png,predictions/probabilities/qata_test_sub-S09867_ses-E26100_run-1_bp-chest_vp-ap_dx.npy
qata_test_sub-S09867_ses-E26491_run-1_bp-chest_vp-ap_dx,sub-S09867,unet,1003,0.9422754141433097,0.890851386782243,5.242092160363644,1.8185092120725954,predictions/masks/qata_test_sub-S09867_ses-E26491_run-1_bp-chest_vp-ap_dx.png,predictions/probabilities/qata_test_sub-S09867_ses-E26491_run-1_bp-chest_vp-ap_dx.npy
qata_test_sub-S09868_ses-E16931_run-1_bp-chest_vp-ap_dx,sub-S09868,unet,1003,0.9278181966816985,0.8653552912493846,8.602325267042627,1.7010151024206481,predictions/masks/qata_test_sub-S09868_ses-E16931_run-1_bp-chest_vp-ap_dx.png,predictions/probabilities/qata_test_sub-S09868_ses-E16931_run-1_bp-chest_vp-ap_dx.npy
qata_test_sub-S09869_ses-E16934_acq-1_run-1_bp-chest_vp-ll_dx,sub-S09869,unet,1003,0.8149010477406926,0.6876227898145754,7.615773105863909,2.316486344835958,predictions/masks/qata_test_sub-S09869_ses-E16934_acq-1_run-1_bp-chest_vp-ll_dx.png,predictions/probabilities/qata_test_sub-S09869_ses-E16934_acq-1_run-1_bp-chest_vp-ll_dx.npy
qata_test_sub-S09869_ses-E25395_acq-1_run-1_bp-chest_vp-ll_dx,sub-S09869,unet,1003,0.8686800135775813,0.7678464307277837,92.67931768705192,14.65553026245204,predictions/masks/qata_test_sub-S09869_ses-E25395_acq-1_run-1_bp-chest_vp-ll_dx.png,predictions/probabilities/qata_test_sub-S09869_ses-E25395_acq-1_run-1_bp-chest_vp-ll_dx.npy
qata_test_sub-S09871_ses-E23626_run-1_bp-chest_dx,sub-S09871,unet,1003,0.2799084914644071,0.1627288374407334,97.03736315969078,30.823131351205376,predictions/masks/qata_test_sub-S09871_ses-E23626_run-1_bp-chest_dx.png,predictions/probabilities/qata_test_sub-S09871_ses-E23626_run-1_bp-chest_dx.npy
qata_test_sub-S09871_ses-E24085_run-1_bp-chest_cr,sub-S09871,unet,1003,0.8806608819690915,0.7867686099629736,49.527667413254576,9.009185217968406,predictions/masks/qata_test_sub-S09871_ses-E24085_run-1_bp-chest_cr.png,predictions/probabilities/qata_test_sub-S09871_ses-E24085_run-1_bp-chest_cr.npy
qata_test_sub-S09871_ses-E24509_acq-1_run-1_bp-chest_vp-ap_dx,sub-S09871,unet,1003,0.9313680798261087,0.8715518058595928,9.219544457292887,1.8445414425695394,predictions/masks/qata_test_sub-S09871_ses-E24509_acq-1_run-1_bp-chest_vp-ap_dx.png,predictions/probabilities/qata_test_sub-S09871_ses-E24509_acq-1_run-1_bp-chest_vp-ap_dx.npy
qata_test_sub-S09871_ses-E25198_run-1_bp-chest_vp-ap_dx,sub-S09871,unet,1003,0.8810455192044715,0.7873828062960848,91.18236549756415,9.479592808484444,predictions/masks/qata_test_sub-S09871_ses-E25198_run-1_bp-chest_vp-ap_dx.png,predictions/probabilities/qata_test_sub-S09871_ses-E25198_run-1_bp-chest_vp-ap_dx.npy
qata_test_sub-S09873_ses-E16940_run-1_bp-chest_vp-ap_dx,sub-S09873,unet,1003,0.8640000000029405,0.7605633802908046,9.055385138137417,2.2338262129207447,predictions/masks/qata_test_sub-S09873_ses-E16940_run-1_bp-chest_vp-ap_dx.png,predictions/probabilities/qata_test_sub-S09873_ses-E16940_run-1_bp-chest_vp-ap_dx.npy
qata_test_sub-S09873_ses-E18618_run-1_bp-chest_vp-ap_dx,sub-S09873,unet,1003,0.6340983606677345,0.46423427751011836,87.99573684732465,26.72360155060785,predictions/masks/qata_test_sub-S09873_ses-E18618_run-1_bp-chest_vp-ap_dx.png,predictions/probabilities/qata_test_sub-S09873_ses-E18618_run-1_bp-chest_vp-ap_dx.npy
qata_test_sub-S09873_ses-E22180_run-1_bp-chest_vp-ap_dx,sub-S09873,unet,1003,0.770730039326881,0.6269819193427821,15.026637102698325,3.487879549749854,predictions/masks/qata_test_sub-S09873_ses-E22180_run-1_bp-chest_vp-ap_dx.png,predictions/probabilities/qata_test_sub-S09873_ses-E22180_run-1_bp-chest_vp-ap_dx.npy
qata_test_sub-S09875_ses-E22028_run-1_bp-chest_vp-ap_dx,sub-S09875,unet,1003,6.775067750218491e-11,6.775067750218491e-11,111.08555261599052,67.60797274531363,predictions/masks/qata_test_sub-S09875_ses-E22028_run-1_bp-chest_vp-ap_dx.png,predictions/probabilities/qata_test_sub-S09875_ses-E22028_run-1_bp-chest_vp-ap_dx.npy
qata_test_sub-S09875_ses-E23130_run-1_bp-chest_vp-ap_dx,sub-S09875,unet,1003,0.7664037975670591,0.6212760675320099,20.024984394500787,4.345201519454689,predictions/masks/qata_test_sub-S09875_ses-E23130_run-1_bp-chest_vp-ap_dx.png,predictions/probabilities/qata_test_sub-S09875_ses-E23130_run-1_bp-chest_vp-ap_dx.npy
qata_test_sub-S09876_ses-E24115_run-1_bp-chest_vp-pa_cr,sub-S09876,unet,1003,0.900932558455184,0.819724545011812,75.0,11.096902939667217,predictions/masks/qata_test_sub-S09876_ses-E24115_run-1_bp-chest_vp-pa_cr.png,predictions/probabilities/qata_test_sub-S09876_ses-E24115_run-1_bp-chest_vp-pa_cr.npy
qata_test_sub-S09876_ses-E25409_run-1_bp-chest_vp-ap_cr,sub-S09876,unet,1003,0.7432624113511594,0.5914221219053855,21.07365498929888,5.934998624678324,predictions/masks/qata_test_sub-S09876_ses-E25409_run-1_bp-chest_vp-ap_cr.png,predictions/probabilities/qata_test_sub-S09876_ses-E25409_run-1_bp-chest_vp-ap_cr.npy
qata_test_sub-S09877_ses-E20962_run-1_bp-chest_vp-pa_cr,sub-S09877,unet,1003,4.158004157831268e-11,4.158004157831268e-11,130.03364942367875,99.68809194249967,predictions/masks/qata_test_sub-S09877_ses-E20962_run-1_bp-chest_vp-pa_cr.png,predictions/probabilities/qata_test_sub-S09877_ses-E20962_run-1_bp-chest_vp-pa_cr.npy
qata_test_sub-S09878_ses-E16956_run-1_bp-chest_vp-ap_cr,sub-S09878,unet,1003,0.23920028563944304,0.13584752639351796,137.81364144284055,48.78198074921933,predictions/masks/qata_test_sub-S09878_ses-E16956_run-1_bp-chest_vp-ap_cr.png,predictions/probabilities/qata_test_sub-S09878_ses-E16956_run-1_bp-chest_vp-ap_cr.npy
qata_test_sub-S09878_ses-E22650_run-1_bp-chest_vp-ap_cr,sub-S09878,unet,1003,0.9098517238250718,0.8346128170922127,6.0,1.923184037826312,predictions/masks/qata_test_sub-S09878_ses-E22650_run-1_bp-chest_vp-ap_cr.png,predictions/probabilities/qata_test_sub-S09878_ses-E22650_run-1_bp-chest_vp-ap_cr.npy
qata_test_sub-S09879_ses-E16957_run-1_bp-chest_vp-ap_cr,sub-S09879,unet,1003,0.9615384615386415,0.9259259259265934,3.0,1.0896719816464226,predictions/masks/qata_test_sub-S09879_ses-E16957_run-1_bp-chest_vp-ap_cr.png,predictions/probabilities/qata_test_sub-S09879_ses-E16957_run-1_bp-chest_vp-ap_cr.npy
qata_test_sub-S09879_ses-E17287_run-1_bp-chest_vp-ap_dx,sub-S09879,unet,1003,0.5280598610621026,0.3587509078170842,107.95813506647684,32.76956641735732,predictions/masks/qata_test_sub-S09879_ses-E17287_run-1_bp-chest_vp-ap_dx.png,predictions/probabilities/qata_test_sub-S09879_ses-E17287_run-1_bp-chest_vp-ap_dx.npy
qata_test_sub-S09879_ses-E17929_run-1_bp-chest_vp-ap_cr,sub-S09879,unet,1003,0.7442176870764118,0.592632719397295,19.4164878389476,4.20550931999757,predictions/masks/qata_test_sub-S09879_ses-E17929_run-1_bp-chest_vp-ap_cr.png,predictions/probabilities/qata_test_sub-S09879_ses-E17929_run-1_bp-chest_vp-ap_cr.npy
qata_test_sub-S09879_ses-E21183_run-1_bp-chest_vp-ap_cr,sub-S09879,unet,1003,0.19801721889906057,0.10988851890676286,148.50420843695554,77.84162734329806,predictions/masks/qata_test_sub-S09879_ses-E21183_run-1_bp-chest_vp-ap_cr.png,predictions/probabilities/qata_test_sub-S09879_ses-E21183_run-1_bp-chest_vp-ap_cr.npy
qata_test_sub-S09879_ses-E22363_run-1_bp-chest_vp-ap_cr,sub-S09879,unet,1003,0.7267584666935113,0.5707938734996983,27.184548215941568,5.987832571180542,predictions/masks/qata_test_sub-S09879_ses-E22363_run-1_bp-chest_vp-ap_cr.png,predictions/probabilities/qata_test_sub-S09879_ses-E22363_run-1_bp-chest_vp-ap_cr.npy
qata_test_sub-S09880_ses-E23349_run-1_bp-chest_vp-pa_cr,sub-S09880,unet,1003,0.8935249575043498,0.8075418994467167,94.01409435289156,15.623081437877458,predictions/masks/qata_test_sub-S09880_ses-E23349_run-1_bp-chest_vp-pa_cr.png,predictions/probabilities/qata_test_sub-S09880_ses-E23349_run-1_bp-chest_vp-pa_cr.npy
qata_test_sub-S09880_ses-E27123_run-2_bp-chest_dx,sub-S09880,unet,1003,0.8070683661701312,0.676542010700508,90.02610728850892,21.6620471180814,predictions/masks/qata_test_sub-S09880_ses-E27123_run-2_bp-chest_dx.png,predictions/probabilities/qata_test_sub-S09880_ses-E27123_run-2_bp-chest_dx.npy
qata_test_sub-S09884_ses-E23142_run-1_bp-chest_vp-ap_cr,sub-S09884,unet,1003,0.6146627566027605,0.4436917866309282,79.39773296511683,25.227549424314795,predictions/masks/qata_test_sub-S09884_ses-E23142_run-1_bp-chest_vp-ap_cr.png,predictions/probabilities/qata_test_sub-S09884_ses-E23142_run-1_bp-chest_vp-ap_cr.npy
qata_test_sub-S09885_ses-E23841_run-2_bp-chest_vp-pa_dx,sub-S09885,unet,1003,0.8065601345695744,0.6758280479286862,76.66744479354591,11.009988818867939,predictions/masks/qata_test_sub-S09885_ses-E23841_run-2_bp-chest_vp-pa_dx.png,predictions/probabilities/qata_test_sub-S09885_ses-E23841_run-2_bp-chest_vp-pa_dx.npy
qata_test_sub-S09886_ses-E22216_run-1_bp-chest_vp-ap_cr,sub-S09886,unet,1003,0.8556832694794448,0.7477678571522408,8.0,2.3254467856460237,predictions/masks/qata_test_sub-S09886_ses-E22216_run-1_bp-chest_vp-ap_cr.png,predictions/probabilities/qata_test_sub-S09886_ses-E22216_run-1_bp-chest_vp-ap_cr.npy
qata_test_sub-S09887_ses-E25027_run-1_bp-chest_vp-ap_dx,sub-S09887,unet,1003,0.8683127572024671,0.7672727272752917,102.81571182035194,14.71147913985134,predictions/masks/qata_test_sub-S09887_ses-E25027_run-1_bp-chest_vp-ap_dx.png,predictions/probabilities/qata_test_sub-S09887_ses-E25027_run-1_bp-chest_vp-ap_dx.npy
qata_test_sub-S09887_ses-E25275_run-1_bp-chest_vp-ap_dx,sub-S09887,unet,1003,0.8419797257020021,0.7270854788917598,27.16615541441225,5.820134710067623,predictions/masks/qata_test_sub-S09887_ses-E25275_run-1_bp-chest_vp-ap_dx.png,predictions/probabilities/qata_test_sub-S09887_ses-E25275_run-1_bp-chest_vp-ap_dx.npy
qata_test_sub-S09887_ses-E26243_run-1_bp-chest_vp-ap_dx,sub-S09887,unet,1003,0.9181853431567908,0.8487455197150686,29.61840074091736,4.798690112297682,predictions/masks/qata_test_sub-S09887_ses-E26243_run-1_bp-chest_vp-ap_dx.png,predictions/probabilities/qata_test_sub-S09887_ses-E26243_run-1_bp-chest_vp-ap_dx.npy
qata_test_sub-S09889_ses-E16972_run-1_bp-chest_vp-ap_dx,sub-S09889,unet,1003,0.725700496046885,0.5694897422454551,34.72745441964857,7.561471622795211,predictions/masks/qata_test_sub-S09889_ses-E16972_run-1_bp-chest_vp-ap_dx.png,predictions/probabilities/qata_test_sub-S09889_ses-E16972_run-1_bp-chest_vp-ap_dx.npy
qata_test_sub-S09891_ses-E25047_run-1_bp-chest_cr,sub-S09891,unet,1003,0.781641168299414,0.6415525114428041,69.63295531398701,14.168435936435687,predictions/masks/qata_test_sub-S09891_ses-E25047_run-1_bp-chest_cr.png,predictions/probabilities/qata_test_sub-S09891_ses-E25047_run-1_bp-chest_cr.npy
qata_test_sub-S09892_ses-E25043_run-1_bp-chest_vp-ap_cr,sub-S09892,unet,1003,2.3364485975849415e-10,2.3364485975849415e-10,107.25202867083338,94.51693593912486,predictions/masks/qata_test_sub-S09892_ses-E25043_run-1_bp-chest_vp-ap_cr.png,predictions/probabilities/qata_test_sub-S09892_ses-E25043_run-1_bp-chest_vp-ap_cr.npy
qata_test_sub-S09893_ses-E16978_acq-1_run-1_bp-chest_vp-pa_cr,sub-S09893,unet,1003,0.7028604787010256,0.5418541854391605,14.054743551732543,3.843049493284486,predictions/masks/qata_test_sub-S09893_ses-E16978_acq-1_run-1_bp-chest_vp-pa_cr.png,predictions/probabilities/qata_test_sub-S09893_ses-E16978_acq-1_run-1_bp-chest_vp-pa_cr.npy
qata_test_sub-S09899_ses-E16994_run-1_bp-chest_vp-pa_dx,sub-S09899,unet,1003,0.02282062986425041,0.011542012942266203,137.8745771842473,77.69055194401275,predictions/masks/qata_test_sub-S09899_ses-E16994_run-1_bp-chest_vp-pa_dx.png,predictions/probabilities/qata_test_sub-S09899_ses-E16994_run-1_bp-chest_vp-pa_dx.npy
qata_test_sub-S09903_ses-E17002_acq-1_run-1_bp-chest_vp-pa_cr,sub-S09903,unet,1003,0.6725978647881021,0.5067024129127164,22.0,4.945158587922005,predictions/masks/qata_test_sub-S09903_ses-E17002_acq-1_run-1_bp-chest_vp-pa_cr.png,predictions/probabilities/qata_test_sub-S09903_ses-E17002_acq-1_run-1_bp-chest_vp-pa_cr.npy
qata_test_sub-S09904_ses-E17003_run-1_bp-chest_vp-pa_dx,sub-S09904,unet,1003,0.8462179868987942,0.7334296923449632,12.727922061357855,2.739438610493534,predictions/masks/qata_test_sub-S09904_ses-E17003_run-1_bp-chest_vp-pa_dx.png,predictions/probabilities/qata_test_sub-S09904_ses-E17003_run-1_bp-chest_vp-pa_dx.npy
qata_test_sub-S09904_ses-E21080_run-1_bp-chest_vp-ap_dx,sub-S09904,unet,1003,0.9720936755015279,0.9457025920880532,2.0,0.5918993260530245,predictions/masks/qata_test_sub-S09904_ses-E21080_run-1_bp-chest_vp-ap_dx.png,predictions/probabilities/qata_test_sub-S09904_ses-E21080_run-1_bp-chest_vp-ap_dx.npy
qata_test_sub-S09904_ses-E26036_run-1_bp-chest_vp-pa_dx,sub-S09904,unet,1003,0.8463466358218011,0.7336229946568579,18.0,3.7016358809055356,predictions/masks/qata_test_sub-S09904_ses-E26036_run-1_bp-chest_vp-pa_dx.png,predictions/probabilities/qata_test_sub-S09904_ses-E26036_run-1_bp-chest_vp-pa_dx.npy
qata_test_sub-S09905_ses-E17004_run-1_bp-chest_cr,sub-S09905,unet,1003,0.958665794637288,0.9206129883190477,3.1622776601683795,1.0502326689085952,predictions/masks/qata_test_sub-S09905_ses-E17004_run-1_bp-chest_cr.png,predictions/probabilities/qata_test_sub-S09905_ses-E17004_run-1_bp-chest_cr.npy
qata_test_sub-S09905_ses-E17081_run-1_bp-chest_vp-ap_dx,sub-S09905,unet,1003,0.9610078668341067,0.9249423899931423,2.8284271247461903,0.9319368896095854,predictions/masks/qata_test_sub-S09905_ses-E17081_run-1_bp-chest_vp-ap_dx.png,predictions/probabilities/qata_test_sub-S09905_ses-E17081_run-1_bp-chest_vp-ap_dx.npy
qata_test_sub-S09905_ses-E17164_run-1_bp-chest_cr,sub-S09905,unet,1003,0.9693206720235148,0.9404677533669342,3.0,0.8630372083869686,predictions/masks/qata_test_sub-S09905_ses-E17164_run-1_bp-chest_cr.png,predictions/probabilities/qata_test_sub-S09905_ses-E17164_run-1_bp-chest_cr.npy
qata_test_sub-S09905_ses-E17464_run-1_bp-chest_cr,sub-S09905,unet,1003,0.9552396616543982,0.9143146294848271,3.9408326913195624,1.10559373045223,predictions/masks/qata_test_sub-S09905_ses-E17464_run-1_bp-chest_cr.png,predictions/probabilities/qata_test_sub-S09905_ses-E17464_run-1_bp-chest_cr.npy
qata_test_sub-S09905_ses-E17532_run-1_bp-chest_vp-ap_dx,sub-S09905,unet,1003,0.9653505237713671,0.933021806854385,3.0,1.001921348580008,predictions/masks/qata_test_sub-S09905_ses-E17532_run-1_bp-chest_vp-ap_dx.png,predictions/probabilities/qata_test_sub-S09905_ses-E17532_run-1_bp-chest_vp-ap_dx.npy
qata_test_sub-S09905_ses-E17699_run-1_bp-chest_vp-ap_dx,sub-S09905,unet,1003,0.7594972864912918,0.6122495970571925,34.74908208863587,5.684157376735421,predictions/masks/qata_test_sub-S09905_ses-E17699_run-1_bp-chest_vp-ap_dx.png,predictions/probabilities/qata_test_sub-S09905_ses-E17699_run-1_bp-chest_vp-ap_dx.npy
qata_test_sub-S09905_ses-E17993_run-1_bp-chest_vp-ap_dx,sub-S09905,unet,1003,0.900458142441242,0.8189393939413534,10.63014581273465,2.4979589357684464,predictions/masks/qata_test_sub-S09905_ses-E17993_run-1_bp-chest_vp-ap_dx.png,predictions/probabilities/qata_test_sub-S09905_ses-E17993_run-1_bp-chest_vp-ap_dx.npy
qata_test_sub-S09905_ses-E18575_run-1_bp-chest_cr,sub-S09905,unet,1003,0.8639579070455191,0.7604981473882204,25.254258234894863,3.4017730673903688,predictions/masks/qata_test_sub-S09905_ses-E18575_run-1_bp-chest_cr.png,predictions/probabilities/qata_test_sub-S09905_ses-E18575_run-1_bp-chest_cr.npy
qata_test_sub-S09905_ses-E18883_run-1_bp-chest_cr,sub-S09905,unet,1003,0.8628810735359892,0.7588309836863707,22.791384494151423,4.734296357885291,predictions/masks/qata_test_sub-S09905_ses-E18883_run-1_bp-chest_cr.png,predictions/probabilities/qata_test_sub-S09905_ses-E18883_run-1_bp-chest_cr.npy
qata_test_sub-S09905_ses-E19793_run-1_bp-chest_cr,sub-S09905,unet,1003,0.9155725589082881,0.8442912123168353,12.529964086141668,2.5970518759825088,predictions/masks/qata_test_sub-S09905_ses-E19793_run-1_bp-chest_cr.png,predictions/probabilities/qata_test_sub-S09905_ses-E19793_run-1_bp-chest_cr.npy
qata_test_sub-S09905_ses-E20381_run-1_bp-chest_cr,sub-S09905,unet,1003,0.9678714859439832,0.9377431906622601,2.23606797749979,0.7943803749533431,predictions/masks/qata_test_sub-S09905_ses-E20381_run-1_bp-chest_cr.png,predictions/probabilities/qata_test_sub-S09905_ses-E20381_run-1_bp-chest_cr.npy
qata_test_sub-S09905_ses-E20588_acq-1_run-1_bp-chest_vp-ap_dx,sub-S09905,unet,1003,0.9609453471198762,0.9248265665879127,3.605551275463989,0.9644926726614677,predictions/masks/qata_test_sub-S09905_ses-E20588_acq-1_run-1_bp-chest_vp-ap_dx.png,predictions/probabilities/qata_test_sub-S09905_ses-E20588_acq-1_run-1_bp-chest_vp-ap_dx.npy
qata_test_sub-S09905_ses-E20588_acq-3_run-1_bp-chest_vp-ap_dx,sub-S09905,unet,1003,0.9674545670509119,0.9369607730365009,2.23606797749979,0.8068747234137728,predictions/masks/qata_test_sub-S09905_ses-E20588_acq-3_run-1_bp-chest_vp-ap_dx.png,predictions/probabilities/qata_test_sub-S09905_ses-E20588_acq-3_run-1_bp-chest_vp-ap_dx.npy
qata_test_sub-S09905_ses-E21301_run-1_bp-chest_cr,sub-S09905,unet,1003,0.9683613353699831,0.9386632825724309,3.1622776601683795,0.9098996435974891,predictions/masks/qata_test_sub-S09905_ses-E21301_run-1_bp-chest_cr.png,predictions/probabilities/qata_test_sub-S09905_ses-E21301_run-1_bp-chest_cr.npy
qata_test_sub-S09905_ses-E21788_run-1_bp-chest_cr,sub-S09905,unet,1003,0.9715585893061375,0.9446902654871335,3.0,0.8933670494948109,predictions/masks/qata_test_sub-S09905_ses-E21788_run-1_bp-chest_cr.png,predictions/probabilities/qata_test_sub-S09905_ses-E21788_run-1_bp-chest_cr.npy
qata_test_sub-S09905_ses-E21791_run-1_bp-chest_cr,sub-S09905,unet,1003,0.9579964061098495,0.9193791765475385,5.0990195135927845,1.866217433030445,predictions/masks/qata_test_sub-S09905_ses-E21791_run-1_bp-chest_cr.png,predictions/probabilities/qata_test_sub-S09905_ses-E21791_run-1_bp-chest_cr.npy
qata_test_sub-S09905_ses-E22936_run-1_bp-chest_cr,sub-S09905,unet,1003,0.8648940639825647,0.7619500846048862,18.681541692269406,3.1634372911638144,predictions/masks/qata_test_sub-S09905_ses-E22936_run-1_bp-chest_cr.png,predictions/probabilities/qata_test_sub-S09905_ses-E22936_run-1_bp-chest_cr.npy
qata_test_sub-S09905_ses-E23245_run-1_bp-chest_cr,sub-S09905,unet,1003,0.9254961638455045,0.8613242063040089,11.034020762890446,2.787260687677664,predictions/masks/qata_test_sub-S09905_ses-E23245_run-1_bp-chest_cr.png,predictions/probabilities/qata_test_sub-S09905_ses-E23245_run-1_bp-chest_cr.npy
qata_test_sub-S09905_ses-E26721_run-1_bp-chest_vp-ap_dx,sub-S09905,unet,1003,0.8104036718864257,0.6812425801408539,15.28560618437174,4.258580970591637,predictions/masks/qata_test_sub-S09905_ses-E26721_run-1_bp-chest_vp-ap_dx.png,predictions/probabilities/qata_test_sub-S09905_ses-E26721_run-1_bp-chest_vp-ap_dx.npy
qata_test_sub-S09906_ses-E20591_run-1_bp-chest_vp-ap_dx,sub-S09906,unet,1003,0.8896687870155029,0.8012643224048299,14.23895806848301,2.329746781197117,predictions/masks/qata_test_sub-S09906_ses-E20591_run-1_bp-chest_vp-ap_dx.png,predictions/probabilities/qata_test_sub-S09906_ses-E20591_run-1_bp-chest_vp-ap_dx.npy
qata_test_sub-S09906_ses-E23548_run-1_bp-chest_vp-ap_dx,sub-S09906,unet,1003,0.9592434411228844,0.9216789776067337,3.0,1.0099704807916485,predictions/masks/qata_test_sub-S09906_ses-E23548_run-1_bp-chest_vp-ap_dx.png,predictions/probabilities/qata_test_sub-S09906_ses-E23548_run-1_bp-chest_vp-ap_dx.npy
qata_test_sub-S09907_ses-E22937_acq-1_run-1_bp-chest_vp-pa_dx,sub-S09907,unet,1003,0.8374689826336338,0.7203842049192322,11.180339887498949,2.4746143127775033,predictions/masks/qata_test_sub-S09907_ses-E22937_acq-1_run-1_bp-chest_vp-pa_dx.png,predictions/probabilities/qata_test_sub-S09907_ses-E22937_acq-1_run-1_bp-chest_vp-pa_dx.npy
qata_test_sub-S09909_ses-E25133_run-1_bp-chest_vp-ap_dx,sub-S09909,unet,1003,0.9729666744350212,0.9473564783305269,2.0,0.6673561212773752,predictions/masks/qata_test_sub-S09909_ses-E25133_run-1_bp-chest_vp-ap_dx.png,predictions/probabilities/qata_test_sub-S09909_ses-E25133_run-1_bp-chest_vp-ap_dx.npy
qata_test_sub-S09909_ses-E25370_run-1_bp-chest_vp-ap_dx,sub-S09909,unet,1003,0.9798052650560175,0.9604100388834639,1.4142135623730951,0.4845037149463237,predictions/masks/qata_test_sub-S09909_ses-E25370_run-1_bp-chest_vp-ap_dx.png,predictions/probabilities/qata_test_sub-S09909_ses-E25370_run-1_bp-chest_vp-ap_dx.npy
qata_test_sub-S09911_ses-E17017_acq-1_run-1_bp-chest_vp-ll_dx,sub-S09911,unet,1003,0.5403430749755346,0.37018498369161734,50.80354318352215,12.28953782602089,predictions/masks/qata_test_sub-S09911_ses-E17017_acq-1_run-1_bp-chest_vp-ll_dx.png,predictions/probabilities/qata_test_sub-S09911_ses-E17017_acq-1_run-1_bp-chest_vp-ll_dx.npy
qata_test_sub-S09912_ses-E17018_run-1_bp-chest_vp-pa_cr,sub-S09912,unet,1003,0.32998413538696475,0.19759341356558593,65.84966040957632,20.50340211643725,predictions/masks/qata_test_sub-S09912_ses-E17018_run-1_bp-chest_vp-pa_cr.png,predictions/probabilities/qata_test_sub-S09912_ses-E17018_run-1_bp-chest_vp-pa_cr.npy
qata_test_sub-S09913_ses-E17020_run-1_bp-chest_vp-ap_cr,sub-S09913,unet,1003,0.4434848869839095,0.2849216710416148,52.19434554911301,14.896558040427774,predictions/masks/qata_test_sub-S09913_ses-E17020_run-1_bp-chest_vp-ap_cr.png,predictions/probabilities/qata_test_sub-S09913_ses-E17020_run-1_bp-chest_vp-ap_cr.npy
qata_test_sub-S09914_ses-E17021_run-1_bp-chest_vp-ap_dx,sub-S09914,unet,1003,0.6197740578904941,0.4490381168664232,44.84464088724981,8.762651429389885,predictions/masks/qata_test_sub-S09914_ses-E17021_run-1_bp-chest_vp-ap_dx.png,predictions/probabilities/qata_test_sub-S09914_ses-E17021_run-1_bp-chest_vp-ap_dx.npy
qata_test_sub-S09914_ses-E25537_run-1_bp-chest_vp-ap_dx,sub-S09914,unet,1003,0.5594923321110657,0.38839941265093986,24.165811014244582,6.449480349149645,predictions/masks/qata_test_sub-S09914_ses-E25537_run-1_bp-chest_vp-ap_dx.png,predictions/probabilities/qata_test_sub-S09914_ses-E25537_run-1_bp-chest_vp-ap_dx.npy
qata_test_sub-S09916_ses-E17024_run-1_bp-chest_vp-pa_dx,sub-S09916,unet,1003,0.9025596902566677,0.8224225793829554,20.506063881251972,3.265120977202519,predictions/masks/qata_test_sub-S09916_ses-E17024_run-1_bp-chest_vp-pa_dx.png,predictions/probabilities/qata_test_sub-S09916_ses-E17024_run-1_bp-chest_vp-pa_dx.npy
qata_test_sub-S09917_ses-E21838_run-1_bp-chest_vp-ap_dx,sub-S09917,unet,1003,1.7035775124866137e-10,1.7035775124866137e-10,115.65444438806138,96.513226241917,predictions/masks/qata_test_sub-S09917_ses-E21838_run-1_bp-chest_vp-ap_dx.png,predictions/probabilities/qata_test_sub-S09917_ses-E21838_run-1_bp-chest_vp-ap_dx.npy
qata_test_sub-S09918_ses-E17032_run-1_bp-chest_vp-ap_cr,sub-S09918,unet,1003,0.4731182795901261,0.3098591549642928,79.5434693226484,22.70992715803274,predictions/masks/qata_test_sub-S09918_ses-E17032_run-1_bp-chest_vp-ap_cr.png,predictions/probabilities/qata_test_sub-S09918_ses-E17032_run-1_bp-chest_vp-ap_cr.npy
qata_test_sub-S09918_ses-E22984_run-1_bp-chest_vp-ap_cr,sub-S09918,unet,1003,0.8942703387156199,0.8087603779013919,10.825335894852671,2.6595163513312046,predictions/masks/qata_test_sub-S09918_ses-E22984_run-1_bp-chest_vp-ap_cr.png,predictions/probabilities/qata_test_sub-S09918_ses-E22984_run-1_bp-chest_vp-ap_cr.npy
qata_test_sub-S09919_ses-E19455_run-1_bp-chest_vp-ap_cr,sub-S09919,unet,1003,0.6923916007677612,0.529509906162054,19.036740611089968,4.499297866232667,predictions/masks/qata_test_sub-S09919_ses-E19455_run-1_bp-chest_vp-ap_cr.png,predictions/probabilities/qata_test_sub-S09919_ses-E19455_run-1_bp-chest_vp-ap_cr.npy
qata_test_sub-S09919_ses-E19698_run-1_bp-chest_vp-ap_dx,sub-S09919,unet,1003,0.3454545454677686,0.20879120881053012,31.348820620050873,11.729691538098246,predictions/masks/qata_test_sub-S09919_ses-E19698_run-1_bp-chest_vp-ap_dx.png,predictions/probabilities/qata_test_sub-S09919_ses-E19698_run-1_bp-chest_vp-ap_dx.npy
qata_test_sub-S09919_ses-E25231_acq-1_run-1_bp-chest_vp-pa_dx,sub-S09919,unet,1003,0.5944206008670725,0.42290076337640004,28.224385083579293,7.120766941269693,predictions/masks/qata_test_sub-S09919_ses-E25231_acq-1_run-1_bp-chest_vp-pa_dx.png,predictions/probabilities/qata_test_sub-S09919_ses-E25231_acq-1_run-1_bp-chest_vp-pa_dx.npy
qata_test_sub-S09920_ses-E17037_acq-1_run-1_bp-chest_vp-ll_dx,sub-S09920,unet,1003,0.022617124473132702,0.011437908577496901,31.095811138841604,16.944772480104533,predictions/masks/qata_test_sub-S09920_ses-E17037_acq-1_run-1_bp-chest_vp-ll_dx.png,predictions/probabilities/qata_test_sub-S09920_ses-E17037_acq-1_run-1_bp-chest_vp-ll_dx.npy
qata_test_sub-S09921_ses-E17039_run-1_bp-chest_vp-ap_cr,sub-S09921,unet,1003,0.9312353612399782,0.8713193976188882,34.49492141037257,4.130172816620173,predictions/masks/qata_test_sub-S09921_ses-E17039_run-1_bp-chest_vp-ap_cr.png,predictions/probabilities/qata_test_sub-S09921_ses-E17039_run-1_bp-chest_vp-ap_cr.npy
qata_test_sub-S09921_ses-E18476_run-1_bp-chest_vp-ap_cr,sub-S09921,unet,1003,0.8620484211674049,0.7575440266562823,35.04838842595358,4.9168291628770495,predictions/masks/qata_test_sub-S09921_ses-E18476_run-1_bp-chest_vp-ap_cr.png,predictions/probabilities/qata_test_sub-S09921_ses-E18476_run-1_bp-chest_vp-ap_cr.npy
qata_test_sub-S09921_ses-E18736_run-1_bp-chest_vp-ap_cr,sub-S09921,unet,1003,0.9773567701738648,0.9557162670897987,2.0,0.5896036983650981,predictions/masks/qata_test_sub-S09921_ses-E18736_run-1_bp-chest_vp-ap_cr.png,predictions/probabilities/qata_test_sub-S09921_ses-E18736_run-1_bp-chest_vp-ap_cr.npy
qata_test_sub-S09921_ses-E19853_run-1_bp-chest_vp-ap_cr,sub-S09921,unet,1003,0.9630231613167526,0.9286833855807357,5.0,2.393897480487326,predictions/masks/qata_test_sub-S09921_ses-E19853_run-1_bp-chest_vp-ap_cr.png,predictions/probabilities/qata_test_sub-S09921_ses-E19853_run-1_bp-chest_vp-ap_cr.npy
qata_test_sub-S09921_ses-E21521_run-1_bp-chest_vp-ap_cr,sub-S09921,unet,1003,0.9422862107487757,0.8908706876332917,7.014213562373098,1.753463404830987,predictions/masks/qata_test_sub-S09921_ses-E21521_run-1_bp-chest_vp-ap_cr.png,predictions/probabilities/qata_test_sub-S09921_ses-E21521_run-1_bp-chest_vp-ap_cr.npy
qata_test_sub-S09922_ses-E17040_run-1_bp-chest_vp-ap_cr,sub-S09922,unet,1003,0.6434363357479351,0.4743134087322405,18.439088914585774,5.868759551932962,predictions/masks/qata_test_sub-S09922_ses-E17040_run-1_bp-chest_vp-ap_cr.png,predictions/probabilities/qata_test_sub-S09922_ses-E17040_run-1_bp-chest_vp-ap_cr.npy
qata_test_sub-S09922_ses-E17477_acq-1_run-1_bp-chest_vp-ap_dx,sub-S09922,unet,1003,0.9229910021723674,0.8569946992411039,9.0,2.0079577357441094,predictions/masks/qata_test_sub-S09922_ses-E17477_acq-1_run-1_bp-chest_vp-ap_dx.png,predictions/probabilities/qata_test_sub-S09922_ses-E17477_acq-1_run-1_bp-chest_vp-ap_dx.npy
qata_test_sub-S09926_ses-E17049_run-2_bp-chest_cr,sub-S09926,unet,1003,0.8123603871963447,0.6840125391948585,19.21701297179341,7.45266350186605,predictions/masks/qata_test_sub-S09926_ses-E17049_run-2_bp-chest_cr.png,predictions/probabilities/qata_test_sub-S09926_ses-E17049_run-2_bp-chest_cr.npy
qata_test_sub-S09928_ses-E17296_run-1_bp-chest_vp-ap_cr,sub-S09928,unet,1003,3.389830507325481e-10,3.389830507325481e-10,316.7838379715733,316.7838379715733,predictions/masks/qata_test_sub-S09928_ses-E17296_run-1_bp-chest_vp-ap_cr.png,predictions/probabilities/qata_test_sub-S09928_ses-E17296_run-1_bp-chest_vp-ap_cr.npy
qata_test_sub-S09930_ses-E18772_run-1_bp-chest_vp-pa_dx,sub-S09930,unet,1003,0.8353265869440973,0.7172195892798404,4.31507230677772,2.3953862139644087,predictions/masks/qata_test_sub-S09930_ses-E18772_run-1_bp-chest_vp-pa_dx.png,predictions/probabilities/qata_test_sub-S09930_ses-E18772_run-1_bp-chest_vp-pa_dx.npy
qata_test_sub-S09932_ses-E19757_run-1_bp-chest_vp-ap_dx,sub-S09932,unet,1003,0.8629764065366838,0.7589784517254997,7.280109889280518,2.5435826730383333,predictions/masks/qata_test_sub-S09932_ses-E19757_run-1_bp-chest_vp-ap_dx.png,predictions/probabilities/qata_test_sub-S09932_ses-E19757_run-1_bp-chest_vp-ap_dx.npy
qata_test_sub-S09932_ses-E23481_run-1_bp-chest_vp-pa_dx,sub-S09932,unet,1003,0.7124257005418564,0.553308419442662,25.948019187931123,8.32834250321104,predictions/masks/qata_test_sub-S09932_ses-E23481_run-1_bp-chest_vp-pa_dx.png,predictions/probabilities/qata_test_sub-S09932_ses-E23481_run-1_bp-chest_vp-pa_dx.npy
qata_test_sub-S09933_ses-E18817_run-1_bp-chest_vp-pa_dx,sub-S09933,unet,1003,0.8804012345694393,0.786354238461145,9.468334833548148,2.2040597928718944,predictions/masks/qata_test_sub-S09933_ses-E18817_run-1_bp-chest_vp-pa_dx.png,predictions/probabilities/qata_test_sub-S09933_ses-E18817_run-1_bp-chest_vp-pa_dx.npy
qata_test_sub-S09934_ses-E17062_run-1_bp-chest_vp-ap_dx,sub-S09934,unet,1003,2.2675736956309353e-10,2.2675736956309353e-10,316.7838379715733,316.7838379715733,predictions/masks/qata_test_sub-S09934_ses-E17062_run-1_bp-chest_vp-ap_dx.png,predictions/probabilities/qata_test_sub-S09934_ses-E17062_run-1_bp-chest_vp-ap_dx.npy
qata_test_sub-S09934_ses-E19061_run-1_bp-chest_vp-ap_dx,sub-S09934,unet,1003,0.8454015813582458,0.7322040007256766,10.295630140987,2.9443073482298665,predictions/masks/qata_test_sub-S09934_ses-E19061_run-1_bp-chest_vp-ap_dx.png,predictions/probabilities/qata_test_sub-S09934_ses-E19061_run-1_bp-chest_vp-ap_dx.npy
qata_test_sub-S09939_ses-E20762_run-1_bp-chest_vp-ap_dx,sub-S09939,unet,1003,0.7526595744696514,0.6034115138633017,57.64361714427699,12.362965528183473,predictions/masks/qata_test_sub-S09939_ses-E20762_run-1_bp-chest_vp-ap_dx.png,predictions/probabilities/qata_test_sub-S09939_ses-E20762_run-1_bp-chest_vp-ap_dx.npy
qata_test_sub-S09939_ses-E26785_run-1_bp-chest_vp-ap_dx,sub-S09939,unet,1003,0.5603920438229981,0.38926712055688295,105.94810050208545,40.65654159624153,predictions/masks/qata_test_sub-S09939_ses-E26785_run-1_bp-chest_vp-ap_dx.png,predictions/probabilities/qata_test_sub-S09939_ses-E26785_run-1_bp-chest_vp-ap_dx.npy
qata_test_sub-S09941_ses-E17079_run-1_bp-chest_vp-pa_cr,sub-S09941,unet,1003,0.7233560090859775,0.5666074600740135,111.33054691458686,18.05275682260068,predictions/masks/qata_test_sub-S09941_ses-E17079_run-1_bp-chest_vp-pa_cr.png,predictions/probabilities/qata_test_sub-S09941_ses-E17079_run-1_bp-chest_vp-pa_cr.npy
qata_test_sub-S09945_ses-E17086_run-1_bp-chest_vp-pa_cr,sub-S09945,unet,1003,0.5665322580863643,0.3952180028554699,13.0,4.938946505008824,predictions/masks/qata_test_sub-S09945_ses-E17086_run-1_bp-chest_vp-pa_cr.png,predictions/probabilities/qata_test_sub-S09945_ses-E17086_run-1_bp-chest_vp-pa_cr.npy
qata_test_sub-S09945_ses-E22003_run-1_bp-chest_vp-pa_cr,sub-S09945,unet,1003,0.8531097613153126,0.7438460390907975,20.77457906192796,3.314986789464206,predictions/masks/qata_test_sub-S09945_ses-E22003_run-1_bp-chest_vp-pa_cr.png,predictions/probabilities/qata_test_sub-S09945_ses-E22003_run-1_bp-chest_vp-pa_cr.npy
qata_test_sub-S09948_ses-E17667_run-1_bp-chest_vp-ap_cr,sub-S09948,unet,1003,0.8514782608705984,0.7413688673562523,13.076473218982953,2.5007013003472163,predictions/masks/qata_test_sub-S09948_ses-E17667_run-1_bp-chest_vp-ap_cr.png,predictions/probabilities/qata_test_sub-S09948_ses-E17667_run-1_bp-chest_vp-ap_cr.npy
qata_test_sub-S09949_ses-E18909_run-1_bp-chest_vp-ap_cr,sub-S09949,unet,1003,0.9356085603852587,0.8790079716584763,4.242640687119285,1.2039509792382275,predictions/masks/qata_test_sub-S09949_ses-E18909_run-1_bp-chest_vp-ap_cr.png,predictions/probabilities/qata_test_sub-S09949_ses-E18909_run-1_bp-chest_vp-ap_cr.npy
qata_test_sub-S09949_ses-E21328_run-1_bp-chest_vp-ap_dx,sub-S09949,unet,1003,0.4622467772134211,0.3005988024789702,16.004447336529672,6.400237073786723,predictions/masks/qata_test_sub-S09949_ses-E21328_run-1_bp-chest_vp-ap_dx.png,predictions/probabilities/qata_test_sub-S09949_ses-E21328_run-1_bp-chest_vp-ap_dx.npy
qata_test_sub-S09952_ses-E21674_run-1_bp-chest_vp-ap_dx,sub-S09952,unet,1003,0.6980157651617827,0.536116910249014,19.949509026704597,6.142762906919752,predictions/masks/qata_test_sub-S09952_ses-E21674_run-1_bp-chest_vp-ap_dx.png,predictions/probabilities/qata_test_sub-S09952_ses-E21674_run-1_bp-chest_vp-ap_dx.npy
qata_test_sub-S09953_ses-E17096_run-1_bp-chest_vp-ap_dx,sub-S09953,unet,1003,0.9309090909099882,0.8707482993228681,7.211102550927977,1.7825361219005142,predictions/masks/qata_test_sub-S09953_ses-E17096_run-1_bp-chest_vp-ap_dx.png,predictions/probabilities/qata_test_sub-S09953_ses-E17096_run-1_bp-chest_vp-ap_dx.npy
qata_test_sub-S09953_ses-E18726_run-1_bp-chest_vp-ap_dx,sub-S09953,unet,1003,0.953169080308885,0.9105282069725021,3.1622776601683795,1.0439686487494089,predictions/masks/qata_test_sub-S09953_ses-E18726_run-1_bp-chest_vp-ap_dx.png,predictions/probabilities/qata_test_sub-S09953_ses-E18726_run-1_bp-chest_vp-ap_dx.npy
qata_test_sub-S09953_ses-E21362_run-1_bp-chest_vp-ap_dx,sub-S09953,unet,1003,0.61849047947652,0.44769179676361043,17.165317039627546,5.496655372320135,predictions/masks/qata_test_sub-S09953_ses-E21362_run-1_bp-chest_vp-ap_dx.png,predictions/probabilities/qata_test_sub-S09953_ses-E21362_run-1_bp-chest_vp-ap_dx.npy
qata_test_sub-S09953_ses-E22182_run-1_bp-chest_vp-ap_dx,sub-S09953,unet,1003,0.907296073629427,0.8303219671263371,14.0,2.4376345828526427,predictions/masks/qata_test_sub-S09953_ses-E22182_run-1_bp-chest_vp-ap_dx.png,predictions/probabilities/qata_test_sub-S09953_ses-E22182_run-1_bp-chest_vp-ap_dx.npy
qata_test_sub-S09953_ses-E26120_run-1_bp-chest_vp-pa_dx,sub-S09953,unet,1003,0.7003668976824222,0.5388958594874876,25.50685099004339,6.018454453838424,predictions/masks/qata_test_sub-S09953_ses-E26120_run-1_bp-chest_vp-pa_dx.png,predictions/probabilities/qata_test_sub-S09953_ses-E26120_run-1_bp-chest_vp-pa_dx.npy
qata_test_sub-S09953_ses-E27155_run-1_bp-chest_dx,sub-S09953,unet,1003,0.6476233487676681,0.47887794290400937,38.11033572574574,10.738919910759058,predictions/masks/qata_test_sub-S09953_ses-E27155_run-1_bp-chest_dx.png,predictions/probabilities/qata_test_sub-S09953_ses-E27155_run-1_bp-chest_dx.npy
qata_test_sub-S09955_ses-E18418_run-1_bp-chest_vp-ap_cr,sub-S09955,unet,1003,0.7460815047088275,0.595000000016875,70.01892520176236,16.334100439682672,predictions/masks/qata_test_sub-S09955_ses-E18418_run-1_bp-chest_vp-ap_cr.png,predictions/probabilities/qata_test_sub-S09955_ses-E18418_run-1_bp-chest_vp-ap_cr.npy
qata_test_sub-S09955_ses-E19985_run-1_bp-chest_vp-ap_cr,sub-S09955,unet,1003,0.7210657785225468,0.5638020833446926,28.60030014031794,5.221933388162297,predictions/masks/qata_test_sub-S09955_ses-E19985_run-1_bp-chest_vp-ap_cr.png,predictions/probabilities/qata_test_sub-S09955_ses-E19985_run-1_bp-chest_vp-ap_cr.npy
qata_test_sub-S09955_ses-E24707_run-1_bp-chest_vp-pa_dx,sub-S09955,unet,1003,0.8759776536340563,0.7793240556747785,7.582206784205562,2.0589475222242464,predictions/masks/qata_test_sub-S09955_ses-E24707_run-1_bp-chest_vp-pa_dx.png,predictions/probabilities/qata_test_sub-S09955_ses-E24707_run-1_bp-chest_vp-pa_dx.npy
qata_test_sub-S09955_ses-E26105_run-1_bp-chest_vp-ap_cr,sub-S09955,unet,1003,0.43038821956390944,0.27420042647018333,35.295848419533584,8.985554082914517,predictions/masks/qata_test_sub-S09955_ses-E26105_run-1_bp-chest_vp-ap_cr.png,predictions/probabilities/qata_test_sub-S09955_ses-E26105_run-1_bp-chest_vp-ap_cr.npy
qata_test_sub-S09956_ses-E26117_run-1_bp-chest_vp-ap_cr,sub-S09956,unet,1003,0.6883923705756033,0.5248462689126666,89.46279863403524,26.197057194869007,predictions/masks/qata_test_sub-S09956_ses-E26117_run-1_bp-chest_vp-ap_cr.png,predictions/probabilities/qata_test_sub-S09956_ses-E26117_run-1_bp-chest_vp-ap_cr.npy
qata_test_sub-S09958_ses-E17102_run-1_bp-chest_vp-ap_cr,sub-S09958,unet,1003,0.5991489362043276,0.42770352376334103,11.40175425099138,4.122545041281288,predictions/masks/qata_test_sub-S09958_ses-E17102_run-1_bp-chest_vp-ap_cr.png,predictions/probabilities/qata_test_sub-S09958_ses-E17102_run-1_bp-chest_vp-ap_cr.npy
qata_test_sub-S09958_ses-E20403_run-1_bp-chest_vp-ap_cr,sub-S09958,unet,1003,0.8297246163566352,0.7089994611153404,28.02806618797206,4.705488547091224,predictions/masks/qata_test_sub-S09958_ses-E20403_run-1_bp-chest_vp-ap_cr.png,predictions/probabilities/qata_test_sub-S09958_ses-E20403_run-1_bp-chest_vp-ap_cr.npy
qata_test_sub-S09958_ses-E23115_run-1_bp-chest_vp-ap_cr,sub-S09958,unet,1003,0.8684422921817238,0.7674750356965085,125.73225330778041,10.84710993182018,predictions/masks/qata_test_sub-S09958_ses-E23115_run-1_bp-chest_vp-ap_cr.png,predictions/probabilities/qata_test_sub-S09958_ses-E23115_run-1_bp-chest_vp-ap_cr.npy
qata_test_sub-S09960_ses-E17104_run-1_bp-chest_vp-ap_dx,sub-S09960,unet,1003,0.21712439420946286,0.12178325483429565,58.668453886708654,23.339448688149425,predictions/masks/qata_test_sub-S09960_ses-E17104_run-1_bp-chest_vp-ap_dx.png,predictions/probabilities/qata_test_sub-S09960_ses-E17104_run-1_bp-chest_vp-ap_dx.npy
qata_test_sub-S09960_ses-E22323_run-1_bp-chest_vp-ap_dx,sub-S09960,unet,1003,0.791318864781592,0.6546961326157626,18.97038539856879,3.4996738822435147,predictions/masks/qata_test_sub-S09960_ses-E22323_run-1_bp-chest_vp-ap_dx.png,predictions/probabilities/qata_test_sub-S09960_ses-E22323_run-1_bp-chest_vp-ap_dx.npy
qata_test_sub-S09962_ses-E24094_run-1_bp-chest_vp-pa_dx,sub-S09962,unet,1003,0.4284014280274336,0.2725896012482287,26.847702202827463,11.529576727861489,predictions/masks/qata_test_sub-S09962_ses-E24094_run-1_bp-chest_vp-pa_dx.png,predictions/probabilities/qata_test_sub-S09962_ses-E24094_run-1_bp-chest_vp-pa_dx.npy
qata_test_sub-S09967_ses-E17114_run-1_bp-chest_vp-ap_dx,sub-S09967,unet,1003,0.8431472081238179,0.7288284335294245,18.022205101855956,3.1679964006732426,predictions/masks/qata_test_sub-S09967_ses-E17114_run-1_bp-chest_vp-ap_dx.png,predictions/probabilities/qata_test_sub-S09967_ses-E17114_run-1_bp-chest_vp-ap_dx.npy
qata_test_sub-S09967_ses-E17291_run-1_bp-chest_vp-ap_dx,sub-S09967,unet,1003,0.8427858253552436,0.7282885431438715,31.0,4.891356040075717,predictions/masks/qata_test_sub-S09967_ses-E17291_run-1_bp-chest_vp-ap_dx.png,predictions/probabilities/qata_test_sub-S09967_ses-E17291_run-1_bp-chest_vp-ap_dx.npy
qata_test_sub-S09967_ses-E17535_run-1_bp-chest_vp-ap_dx,sub-S09967,unet,1003,0.8032168886671424,0.6711465770730625,31.556247092219515,5.136358142254338,predictions/masks/qata_test_sub-S09967_ses-E17535_run-1_bp-chest_vp-ap_dx.png,predictions/probabilities/qata_test_sub-S09967_ses-E17535_run-1_bp-chest_vp-ap_dx.npy
qata_test_sub-S09967_ses-E18011_run-1_bp-chest_vp-ap_dx,sub-S09967,unet,1003,0.9463503649639932,0.8981641842760969,4.0,1.1814383899228078,predictions/masks/qata_test_sub-S09967_ses-E18011_run-1_bp-chest_vp-ap_dx.png,predictions/probabilities/qata_test_sub-S09967_ses-E18011_run-1_bp-chest_vp-ap_dx.npy
qata_test_sub-S09968_ses-E17118_run-1_bp-chest_vp-ap_dx,sub-S09968,unet,1003,0.4749138261303157,0.3114013058937368,58.3866102132714,18.56843978742021,predictions/masks/qata_test_sub-S09968_ses-E17118_run-1_bp-chest_vp-ap_dx.png,predictions/probabilities/qata_test_sub-S09968_ses-E17118_run-1_bp-chest_vp-ap_dx.npy
qata_test_sub-S09969_ses-E17119_acq-1_run-1_bp-chest_vp-pa_dx,sub-S09969,unet,1003,0.9270664505687385,0.8640483383737142,4.0,1.0616918837574736,predictions/masks/qata_test_sub-S09969_ses-E17119_acq-1_run-1_bp-chest_vp-pa_dx.png,predictions/probabilities/qata_test_sub-S09969_ses-E17119_acq-1_run-1_bp-chest_vp-pa_dx.npy
qata_test_sub-S09969_ses-E26947_acq-1_run-1_bp-chest_vp-ll_dx,sub-S09969,unet,1003,0.8963929393726708,0.8122392211470014,7.280109889280518,1.6543820528812156,predictions/masks/qata_test_sub-S09969_ses-E26947_acq-1_run-1_bp-chest_vp-ll_dx.png,predictions/probabilities/qata_test_sub-S09969_ses-E26947_acq-1_run-1_bp-chest_vp-ll_dx.npy
qata_test_sub-S09973_ses-E17693_run-1_bp-chest_vp-ap_cr,sub-S09973,unet,1003,0.8130607135425301,0.6850061522291263,23.817358552246038,4.982748662670505,predictions/masks/qata_test_sub-S09973_ses-E17693_run-1_bp-chest_vp-ap_cr.png,predictions/probabilities/qata_test_sub-S09973_ses-E17693_run-1_bp-chest_vp-ap_cr.npy
qata_test_sub-S09973_ses-E20372_run-1_bp-chest_vp-ap_dx,sub-S09973,unet,1003,0.674927395940466,0.5093512565894404,64.19840304817308,9.813574853288758,predictions/masks/qata_test_sub-S09973_ses-E20372_run-1_bp-chest_vp-ap_dx.png,predictions/probabilities/qata_test_sub-S09973_ses-E20372_run-1_bp-chest_vp-ap_dx.npy
qata_test_sub-S09973_ses-E20759_run-1_bp-chest_vp-ap_dx,sub-S09973,unet,1003,0.7746878112328608,0.6322370889129394,89.51049586786655,16.186350068275704,predictions/masks/qata_test_sub-S09973_ses-E20759_run-1_bp-chest_vp-ap_dx.png,predictions/probabilities/qata_test_sub-S09973_ses-E20759_run-1_bp-chest_vp-ap_dx.npy
qata_test_sub-S09974_ses-E17127_run-1_bp-chest_vp-ap_dx,sub-S09974,unet,1003,0.3358876117638168,0.20184190332049523,144.0,58.97275334560004,predictions/masks/qata_test_sub-S09974_ses-E17127_run-1_bp-chest_vp-ap_dx.png,predictions/probabilities/qata_test_sub-S09974_ses-E17127_run-1_bp-chest_vp-ap_dx.npy
qata_test_sub-S09974_ses-E19369_run-1_bp-chest_vp-ap_dx,sub-S09974,unet,1003,0.7881527669541064,0.6503730383374019,17.0,4.823971200813811,predictions/masks/qata_test_sub-S09974_ses-E19369_run-1_bp-chest_vp-ap_dx.png,predictions/probabilities/qata_test_sub-S09974_ses-E19369_run-1_bp-chest_vp-ap_dx.npy
qata_test_sub-S09974_ses-E19952_run-1_bp-chest_vp-ap_dx,sub-S09974,unet,1003,0.8539712918674262,0.7451569806321784,79.36936700241787,12.2376987487067,predictions/masks/qata_test_sub-S09974_ses-E19952_run-1_bp-chest_vp-ap_dx.png,predictions/probabilities/qata_test_sub-S09974_ses-E19952_run-1_bp-chest_vp-ap_dx.npy
qata_test_sub-S09974_ses-E21086_run-1_bp-chest_vp-ap_dx,sub-S09974,unet,1003,0.7799712850003594,0.6393056781512414,113.44699108437858,32.150917079721914,predictions/masks/qata_test_sub-S09974_ses-E21086_run-1_bp-chest_vp-ap_dx.png,predictions/probabilities/qata_test_sub-S09974_ses-E21086_run-1_bp-chest_vp-ap_dx.npy
qata_test_sub-S09974_ses-E21787_run-1_bp-chest_vp-ap_dx,sub-S09974,unet,1003,0.6744748094501863,0.5088359046421085,115.93358769063273,25.692983321202465,predictions/masks/qata_test_sub-S09974_ses-E21787_run-1_bp-chest_vp-ap_dx.png,predictions/probabilities/qata_test_sub-S09974_ses-E21787_run-1_bp-chest_vp-ap_dx.npy
qata_test_sub-S09974_ses-E22933_run-1_bp-chest_vp-ap_dx,sub-S09974,unet,1003,0.5035360679025351,0.3364839319649883,110.54058760337598,31.417588063932076,predictions/masks/qata_test_sub-S09974_ses-E22933_run-1_bp-chest_vp-ap_dx.png,predictions/probabilities/qata_test_sub-S09974_ses-E22933_run-1_bp-chest_vp-ap_dx.npy
qata_test_sub-S09977_ses-E17132_acq-1_run-1_bp-chest_cr,sub-S09977,unet,1003,0.780891895624873,0.6405436013630742,17.26267650163207,3.901604041901102,predictions/masks/qata_test_sub-S09977_ses-E17132_acq-1_run-1_bp-chest_cr.png,predictions/probabilities/qata_test_sub-S09977_ses-E17132_acq-1_run-1_bp-chest_cr.npy
qata_test_sub-S09977_ses-E27000_acq-1_run-1_bp-chest_cr,sub-S09977,unet,1003,0.5491295367431523,0.3784828147370657,101.16495565468145,36.641207142364195,predictions/masks/qata_test_sub-S09977_ses-E27000_acq-1_run-1_bp-chest_cr.png,predictions/probabilities/qata_test_sub-S09977_ses-E27000_acq-1_run-1_bp-chest_cr.npy
qata_test_sub-S09979_ses-E20936_run-1_bp-chest_vp-ap_cr,sub-S09979,unet,1003,0.9653894369653601,0.933094510589684,2.23606797749979,0.8265128291248586,predictions/masks/qata_test_sub-S09979_ses-E20936_run-1_bp-chest_vp-ap_cr.png,predictions/probabilities/qata_test_sub-S09979_ses-E20936_run-1_bp-chest_vp-ap_cr.npy
qata_test_sub-S09979_ses-E21115_run-1_bp-chest_vp-ap_cr,sub-S09979,unet,1003,0.9748210442009569,0.9508789062504797,2.0,0.6311228445834991,predictions/masks/qata_test_sub-S09979_ses-E21115_run-1_bp-chest_vp-ap_cr.png,predictions/probabilities/qata_test_sub-S09979_ses-E21115_run-1_bp-chest_vp-ap_cr.npy
qata_test_sub-S09979_ses-E21817_run-1_bp-chest_vp-ap_cr,sub-S09979,unet,1003,0.7793087610530526,0.6384159533473951,19.026297590440446,4.857035856597329,predictions/masks/qata_test_sub-S09979_ses-E21817_run-1_bp-chest_vp-ap_cr.png,predictions/probabilities/qata_test_sub-S09979_ses-E21817_run-1_bp-chest_vp-ap_cr.npy
qata_test_sub-S09979_ses-E21899_run-1_bp-chest_vp-ap_cr,sub-S09979,unet,1003,0.6942622950882323,0.5317011927328406,24.73863375370596,5.10515916746749,predictions/masks/qata_test_sub-S09979_ses-E21899_run-1_bp-chest_vp-ap_cr.png,predictions/probabilities/qata_test_sub-S09979_ses-E21899_run-1_bp-chest_vp-ap_cr.npy
qata_test_sub-S09979_ses-E23599_run-1_bp-chest_vp-ap_cr,sub-S09979,unet,1003,0.9758103531689608,0.9527633443556659,2.0,0.5907271700320564,predictions/masks/qata_test_sub-S09979_ses-E23599_run-1_bp-chest_vp-ap_cr.png,predictions/probabilities/qata_test_sub-S09979_ses-E23599_run-1_bp-chest_vp-ap_cr.npy
qata_test_sub-S09979_ses-E25160_run-1_bp-chest_vp-pa_dx,sub-S09979,unet,1003,0.31420656906326067,0.18638497653855424,64.58443230295846,18.891149392643648,predictions/masks/qata_test_sub-S09979_ses-E25160_run-1_bp-chest_vp-pa_dx.png,predictions/probabilities/qata_test_sub-S09979_ses-E25160_run-1_bp-chest_vp-pa_dx.npy
qata_test_sub-S09981_ses-E24201_acq-1_run-1_bp-chest_vp-pa_cr,sub-S09981,unet,1003,0.9263477600614431,0.8628005657732886,6.0,1.517994337485174,predictions/masks/qata_test_sub-S09981_ses-E24201_acq-1_run-1_bp-chest_vp-pa_cr.png,predictions/probabilities/qata_test_sub-S09981_ses-E24201_acq-1_run-1_bp-chest_vp-pa_cr.npy
qata_test_sub-S09981_ses-E27017_run-1_bp-chest_cr,sub-S09981,unet,1003,0.7180680826384036,0.5601452564884184,122.55446046987242,20.887207342432028,predictions/masks/qata_test_sub-S09981_ses-E27017_run-1_bp-chest_cr.png,predictions/probabilities/qata_test_sub-S09981_ses-E27017_run-1_bp-chest_cr.npy
qata_test_sub-S09983_ses-E17157_run-1_bp-chest_vp-ap_dx,sub-S09983,unet,1003,0.6488807912591243,0.4802542862747013,57.81300763495366,11.669698850475084,predictions/masks/qata_test_sub-S09983_ses-E17157_run-1_bp-chest_vp-ap_dx.png,predictions/probabilities/qata_test_sub-S09983_ses-E17157_run-1_bp-chest_vp-ap_dx.npy
qata_test_sub-S09986_ses-E17165_run-1_bp-chest_cr,sub-S09986,unet,1003,0.6002510197740782,0.4288276171390086,44.483485498032856,10.23446682274784,predictions/masks/qata_test_sub-S09986_ses-E17165_run-1_bp-chest_cr.png,predictions/probabilities/qata_test_sub-S09986_ses-E17165_run-1_bp-chest_cr.npy
qata_test_sub-S09989_ses-E18086_run-1_bp-chest_vp-ap_dx,sub-S09989,unet,1003,0.7517325723637487,0.6022207707467402,53.029235634131425,11.750507880670185,predictions/masks/qata_test_sub-S09989_ses-E18086_run-1_bp-chest_vp-ap_dx.png,predictions/probabilities/qata_test_sub-S09989_ses-E18086_run-1_bp-chest_vp-ap_dx.npy
qata_test_sub-S09991_ses-E17177_run-1_bp-chest_vp-ap_dx,sub-S09991,unet,1003,0.5724907063355952,0.4010416666978624,79.0,20.842086203512533,predictions/masks/qata_test_sub-S09991_ses-E17177_run-1_bp-chest_vp-ap_dx.png,predictions/probabilities/qata_test_sub-S09991_ses-E17177_run-1_bp-chest_vp-ap_dx.npy
qata_test_sub-S09991_ses-E22950_run-1_bp-chest_vp-ap_dx,sub-S09991,unet,1003,0.7818361303132005,0.6418152350274546,8.48528137423857,2.3253333944699968,predictions/masks/qata_test_sub-S09991_ses-E22950_run-1_bp-chest_vp-ap_dx.png,predictions/probabilities/qata_test_sub-S09991_ses-E22950_run-1_bp-chest_vp-ap_dx.npy
qata_test_sub-S09992_ses-E24065_run-1_bp-chest_vp-pa_cr,sub-S09992,unet,1003,1.2150668285279383e-10,1.2150668285279383e-10,137.58269933027154,120.42268048507962,predictions/masks/qata_test_sub-S09992_ses-E24065_run-1_bp-chest_vp-pa_cr.png,predictions/probabilities/qata_test_sub-S09992_ses-E24065_run-1_bp-chest_vp-pa_cr.npy
qata_test_sub-S09992_ses-E25755_run-1_bp-chest_vp-ap_cr,sub-S09992,unet,1003,0.8456090651667416,0.7325153374561331,11.414761727926344,2.582189576817269,predictions/masks/qata_test_sub-S09992_ses-E25755_run-1_bp-chest_vp-ap_cr.png,predictions/probabilities/qata_test_sub-S09992_ses-E25755_run-1_bp-chest_vp-ap_cr.npy
qata_test_sub-S09993_ses-E17187_run-1_bp-chest_vp-ap_dx,sub-S09993,unet,1003,0.950275194534539,0.90526125474769,2.8284271247461903,0.8715234800069619,predictions/masks/qata_test_sub-S09993_ses-E17187_run-1_bp-chest_vp-ap_dx.png,predictions/probabilities/qata_test_sub-S09993_ses-E17187_run-1_bp-chest_vp-ap_dx.npy
qata_test_sub-S09993_ses-E22162_run-1_bp-chest_vp-ap_dx,sub-S09993,unet,1003,0.9481584918838527,0.9014271490225452,2.8284271247461903,0.9832030514093162,predictions/masks/qata_test_sub-S09993_ses-E22162_run-1_bp-chest_vp-ap_dx.png,predictions/probabilities/qata_test_sub-S09993_ses-E22162_run-1_bp-chest_vp-ap_dx.npy
qata_test_sub-S09993_ses-E23110_run-1_bp-chest_vp-ap_dx,sub-S09993,unet,1003,0.8986324250976236,0.8159241706196033,8.48528137423857,1.9353818701464751,predictions/masks/qata_test_sub-S09993_ses-E23110_run-1_bp-chest_vp-ap_dx.png,predictions/probabilities/qata_test_sub-S09993_ses-E23110_run-1_bp-chest_vp-ap_dx.npy
qata_test_sub-S09993_ses-E23292_run-1_bp-chest_vp-pa_dx,sub-S09993,unet,1003,0.7935384615416379,0.6577403723627202,20.248456731316587,4.59780914201439,predictions/masks/qata_test_sub-S09993_ses-E23292_run-1_bp-chest_vp-pa_dx.png,predictions/probabilities/qata_test_sub-S09993_ses-E23292_run-1_bp-chest_vp-pa_dx.npy
qata_test_sub-S09994_ses-E17188_run-1_bp-chest_vp-ap_dx,sub-S09994,unet,1003,0.9705446461653828,0.9427748785320967,2.23606797749979,0.8088211692052271,predictions/masks/qata_test_sub-S09994_ses-E17188_run-1_bp-chest_vp-ap_dx.png,predictions/probabilities/qata_test_sub-S09994_ses-E17188_run-1_bp-chest_vp-ap_dx.npy
qata_test_sub-S09994_ses-E18945_run-1_bp-chest_vp-ap_dx,sub-S09994,unet,1003,0.9724169397321647,0.9463146847505747,2.8284271247461903,0.7979937202444116,predictions/masks/qata_test_sub-S09994_ses-E18945_run-1_bp-chest_vp-ap_dx.png,predictions/probabilities/qata_test_sub-S09994_ses-E18945_run-1_bp-chest_vp-ap_dx.npy
qata_test_sub-S09994_ses-E18947_run-1_bp-chest_vp-ap_dx,sub-S09994,unet,1003,0.9765235760692872,0.9541241529717726,2.0,0.6684469270968195,predictions/masks/qata_test_sub-S09994_ses-E18947_run-1_bp-chest_vp-ap_dx.png,predictions/probabilities/qata_test_sub-S09994_ses-E18947_run-1_bp-chest_vp-ap_dx.npy
qata_test_sub-S09994_ses-E19119_run-1_bp-chest_vp-ap_dx,sub-S09994,unet,1003,0.9147545965663032,0.842901148139243,15.575574517382945,2.5251075328277244,predictions/masks/qata_test_sub-S09994_ses-E19119_run-1_bp-chest_vp-ap_dx.png,predictions/probabilities/qata_test_sub-S09994_ses-E19119_run-1_bp-chest_vp-ap_dx.npy
qata_test_sub-S09994_ses-E19829_run-1_bp-chest_cr,sub-S09994,unet,1003,0.8991405869961153,0.8167624097832263,24.881581610288578,3.4867584839008505,predictions/masks/qata_test_sub-S09994_ses-E19829_run-1_bp-chest_cr.png,predictions/probabilities/qata_test_sub-S09994_ses-E19829_run-1_bp-chest_cr.npy
qata_test_sub-S09994_ses-E21663_run-1_bp-chest_vp-ap_dx,sub-S09994,unet,1003,0.9640015910900755,0.9305048953740592,2.8284271247461903,0.9898852807307392,predictions/masks/qata_test_sub-S09994_ses-E21663_run-1_bp-chest_vp-ap_dx.png,predictions/probabilities/qata_test_sub-S09994_ses-E21663_run-1_bp-chest_vp-ap_dx.npy
qata_test_sub-S09994_ses-E22010_run-1_bp-chest_vp-ap_dx,sub-S09994,unet,1003,0.971056857013582,0.9437419974396307,2.23606797749979,0.8894860328437945,predictions/masks/qata_test_sub-S09994_ses-E22010_run-1_bp-chest_vp-ap_dx.png,predictions/probabilities/qata_test_sub-S09994_ses-E22010_run-1_bp-chest_vp-ap_dx.npy
qata_test_sub-S09994_ses-E23306_run-1_bp-chest_vp-ap_dx,sub-S09994,unet,1003,0.9400860009558525,0.8869455463407235,9.848857801796104,1.7551547299631036,predictions/masks/qata_test_sub-S09994_ses-E23306_run-1_bp-chest_vp-ap_dx.png,predictions/probabilities/qata_test_sub-S09994_ses-E23306_run-1_bp-chest_vp-ap_dx.npy
qata_test_sub-S09994_ses-E24497_run-1_bp-chest_vp-pa_dx,sub-S09994,unet,1003,0.9022243368627202,0.821865857624641,13.440598383347465,2.495947469914326,predictions/masks/qata_test_sub-S09994_ses-E24497_run-1_bp-chest_vp-pa_dx.png,predictions/probabilities/qata_test_sub-S09994_ses-E24497_run-1_bp-chest_vp-pa_dx.npy
qata_test_sub-S09994_ses-E25178_run-1_bp-chest_vp-ap_dx,sub-S09994,unet,1003,0.977059773828862,0.9551484523061533,2.0,0.6017209077469482,predictions/masks/qata_test_sub-S09994_ses-E25178_run-1_bp-chest_vp-ap_dx.png,predictions/probabilities/qata_test_sub-S09994_ses-E25178_run-1_bp-chest_vp-ap_dx.npy
qata_test_sub-S09995_ses-E17192_run-1_bp-chest_vp-ap_dx,sub-S09995,unet,1003,0.8873797396781336,0.7975584944254772,4.0,1.396505946178834,predictions/masks/qata_test_sub-S09995_ses-E17192_run-1_bp-chest_vp-ap_dx.png,predictions/probabilities/qata_test_sub-S09995_ses-E17192_run-1_bp-chest_vp-ap_dx.npy
qata_test_sub-S09995_ses-E19431_run-1_bp-chest_vp-ap_dx,sub-S09995,unet,1003,0.802734812824448,0.6704736940709516,21.047073611564908,3.79569090882324,predictions/masks/qata_test_sub-S09995_ses-E19431_run-1_bp-chest_vp-ap_dx.png,predictions/probabilities/qata_test_sub-S09995_ses-E19431_run-1_bp-chest_vp-ap_dx.npy
qata_test_sub-S09995_ses-E26500_run-1_bp-chest_vp-pa_dx,sub-S09995,unet,1003,0.8195060164775487,0.6942060086165015,6.94406545408733,2.0621916145231203,predictions/masks/qata_test_sub-S09995_ses-E26500_run-1_bp-chest_vp-pa_dx.png,predictions/probabilities/qata_test_sub-S09995_ses-E26500_run-1_bp-chest_vp-pa_dx.npy
qata_test_sub-S09998_ses-E18991_run-1_bp-chest_vp-ap_cr,sub-S09998,unet,1003,0.6454965358172347,0.47655583977181953,15.12280099321669,5.096767995040719,predictions/masks/qata_test_sub-S09998_ses-E18991_run-1_bp-chest_vp-ap_cr.png,predictions/probabilities/qata_test_sub-S09998_ses-E18991_run-1_bp-chest_vp-ap_cr.npy
qata_test_sub-S09998_ses-E19446_run-1_bp-chest_vp-ap_dx,sub-S09998,unet,1003,0.7713446612149009,0.6277957999039133,24.103861253765878,5.521594867724188,predictions/masks/qata_test_sub-S09998_ses-E19446_run-1_bp-chest_vp-ap_dx.png,predictions/probabilities/qata_test_sub-S09998_ses-E19446_run-1_bp-chest_vp-ap_dx.npy
qata_test_sub-S09998_ses-E19689_run-1_bp-chest_vp-ap_dx,sub-S09998,unet,1003,0.5888255416285331,0.41725921139569305,125.00039999360021,34.790314384504434,predictions/masks/qata_test_sub-S09998_ses-E19689_run-1_bp-chest_vp-ap_dx.png,predictions/probabilities/qata_test_sub-S09998_ses-E19689_run-1_bp-chest_vp-ap_dx.npy
qata_test_sub-S09998_ses-E22632_run-1_bp-chest_vp-ap_cr,sub-S09998,unet,1003,0.8016006739700757,0.6688927943819175,18.700183749453767,4.303332989005048,predictions/masks/qata_test_sub-S09998_ses-E22632_run-1_bp-chest_vp-ap_cr.png,predictions/probabilities/qata_test_sub-S09998_ses-E22632_run-1_bp-chest_vp-ap_cr.npy
qata_test_sub-S09999_ses-E17197_run-1_bp-chest_vp-ap_dx,sub-S09999,unet,1003,0.20730738684641353,0.11564023043351175,73.49829930005184,28.567099533985495,predictions/masks/qata_test_sub-S09999_ses-E17197_run-1_bp-chest_vp-ap_dx.png,predictions/probabilities/qata_test_sub-S09999_ses-E17197_run-1_bp-chest_vp-ap_dx.npy
qata_test_sub-S09999_ses-E19482_run-1_bp-chest_vp-pa_dx,sub-S09999,unet,1003,0.2713534822841211,0.15697453442960949,94.40285110551974,36.48504372886594,predictions/masks/qata_test_sub-S09999_ses-E19482_run-1_bp-chest_vp-pa_dx.png,predictions/probabilities/qata_test_sub-S09999_ses-E19482_run-1_bp-chest_vp-pa_dx.npy
qata_test_sub-S09999_ses-E22844_run-1_bp-chest_vp-ap_dx,sub-S09999,unet,1003,0.8666332593609662,0.7646538655916542,12.649110640673518,2.744803547562483,predictions/masks/qata_test_sub-S09999_ses-E22844_run-1_bp-chest_vp-ap_dx.png,predictions/probabilities/qata_test_sub-S09999_ses-E22844_run-1_bp-chest_vp-ap_dx.npy
qata_test_sub-S09999_ses-E23145_run-1_bp-chest_vp-ap_dx,sub-S09999,unet,1003,0.9354859880558148,0.8787916152912603,5.0,1.3628870135890487,predictions/masks/qata_test_sub-S09999_ses-E23145_run-1_bp-chest_vp-ap_dx.png,predictions/probabilities/qata_test_sub-S09999_ses-E23145_run-1_bp-chest_vp-ap_dx.npy
qata_test_sub-S10000_ses-E25580_run-1_bp-chest_vp-ap_dx,sub-S10000,unet,1003,0.6961594101465484,0.5339298496812174,61.52885364608039,10.073022684643401,predictions/masks/qata_test_sub-S10000_ses-E25580_run-1_bp-chest_vp-ap_dx.png,predictions/probabilities/qata_test_sub-S10000_ses-E25580_run-1_bp-chest_vp-ap_dx.npy
qata_test_sub-S10005_ses-E19020_run-1_bp-chest_vp-ap_dx,sub-S10005,unet,1003,0.9291085639196239,0.8676029451886065,7.063961030678918,1.9638221054478904,predictions/masks/qata_test_sub-S10005_ses-E19020_run-1_bp-chest_vp-ap_dx.png,predictions/probabilities/qata_test_sub-S10005_ses-E19020_run-1_bp-chest_vp-ap_dx.npy
qata_test_sub-S10005_ses-E19504_run-1_bp-chest_vp-ap_dx,sub-S10005,unet,1003,0.9420788589910772,0.8905000783830499,8.0,1.7816028975568858,predictions/masks/qata_test_sub-S10005_ses-E19504_run-1_bp-chest_vp-ap_dx.png,predictions/probabilities/qata_test_sub-S10005_ses-E19504_run-1_bp-chest_vp-ap_dx.npy
qata_test_sub-S10005_ses-E19884_run-1_bp-chest_vp-ap_dx,sub-S10005,unet,1003,0.8712201483418729,0.7718246804839929,29.620612618432524,4.909858061429548,predictions/masks/qata_test_sub-S10005_ses-E19884_run-1_bp-chest_vp-ap_dx.png,predictions/probabilities/qata_test_sub-S10005_ses-E19884_run-1_bp-chest_vp-ap_dx.npy
qata_test_sub-S10005_ses-E23869_acq-1_run-1_bp-chest_vp-ll_dx,sub-S10005,unet,1003,0.7061819865743669,0.545812455269402,25.311063019995274,5.927423220477093,predictions/masks/qata_test_sub-S10005_ses-E23869_acq-1_run-1_bp-chest_vp-ll_dx.png,predictions/probabilities/qata_test_sub-S10005_ses-E23869_acq-1_run-1_bp-chest_vp-ll_dx.npy
qata_test_sub-S10008_ses-E19470_run-1_bp-chest_vp-ap_dx,sub-S10008,unet,1003,0.43326450160096425,0.2765396597258981,108.39764047489803,33.55933663035983,predictions/masks/qata_test_sub-S10008_ses-E19470_run-1_bp-chest_vp-ap_dx.png,predictions/probabilities/qata_test_sub-S10008_ses-E19470_run-1_bp-chest_vp-ap_dx.npy
qata_test_sub-S10009_ses-E23383_run-1_bp-chest_vp-pa_dx,sub-S10009,unet,1003,0.874008074622386,0.7762116716177989,9.0,2.3575671181673314,predictions/masks/qata_test_sub-S10009_ses-E23383_run-1_bp-chest_vp-pa_dx.png,predictions/probabilities/qata_test_sub-S10009_ses-E23383_run-1_bp-chest_vp-pa_dx.npy
qata_test_sub-S10009_ses-E24991_run-1_bp-chest_vp-pa_dx,sub-S10009,unet,1003,0.5213237802960996,0.35256114446919423,102.11243601639633,31.797048661468022,predictions/masks/qata_test_sub-S10009_ses-E24991_run-1_bp-chest_vp-pa_dx.png,predictions/probabilities/qata_test_sub-S10009_ses-E24991_run-1_bp-chest_vp-pa_dx.npy
qata_test_sub-S10011_ses-E17215_run-1_bp-chest_dx,sub-S10011,unet,1003,0.6324069218695603,0.46242331288932487,26.400757564888167,6.15844180635421,predictions/masks/qata_test_sub-S10011_ses-E17215_run-1_bp-chest_dx.png,predictions/probabilities/qata_test_sub-S10011_ses-E17215_run-1_bp-chest_dx.npy
qata_test_sub-S10012_ses-E25442_run-1_bp-chest_vp-pa_cr,sub-S10012,unet,1003,0.9681818181820309,0.9383259911902264,2.23606797749979,0.8038444633911993,predictions/masks/qata_test_sub-S10012_ses-E25442_run-1_bp-chest_vp-pa_cr.png,predictions/probabilities/qata_test_sub-S10012_ses-E25442_run-1_bp-chest_vp-pa_cr.npy
qata_test_sub-S10012_ses-E25602_run-1_bp-chest_vp-ap_dx,sub-S10012,unet,1003,0.9765537282875864,0.9541817243165439,2.0,0.5161920843861849,predictions/masks/qata_test_sub-S10012_ses-E25602_run-1_bp-chest_vp-ap_dx.png,predictions/probabilities/qata_test_sub-S10012_ses-E25602_run-1_bp-chest_vp-ap_dx.npy
qata_test_sub-S10013_ses-E20085_run-1_bp-chest_vp-ap_cr,sub-S10013,unet,1003,0.9437422111452399,0.8934771616400897,4.47213595499958,1.3259303793860628,predictions/masks/qata_test_sub-S10013_ses-E20085_run-1_bp-chest_vp-ap_cr.png,predictions/probabilities/qata_test_sub-S10013_ses-E20085_run-1_bp-chest_vp-ap_cr.npy
qata_test_sub-S10013_ses-E20488_run-1_bp-chest_vp-ap_cr,sub-S10013,unet,1003,0.9730819951906517,0.9475751624120324,2.0,0.544874978113497,predictions/masks/qata_test_sub-S10013_ses-E20488_run-1_bp-chest_vp-ap_cr.png,predictions/probabilities/qata_test_sub-S10013_ses-E20488_run-1_bp-chest_vp-ap_cr.npy
qata_test_sub-S10013_ses-E22084_run-1_bp-chest_vp-pa_cr,sub-S10013,unet,1003,0.6930107526964244,0.530234471430266,57.00613987846983,10.36745533959382,predictions/masks/qata_test_sub-S10013_ses-E22084_run-1_bp-chest_vp-pa_cr.png,predictions/probabilities/qata_test_sub-S10013_ses-E22084_run-1_bp-chest_vp-pa_cr.npy
qata_test_sub-S10013_ses-E22426_run-1_bp-chest_vp-ap_cr,sub-S10013,unet,1003,0.9551580910404751,0.9141651792971902,3.16227766016838,0.9370429929178241,predictions/masks/qata_test_sub-S10013_ses-E22426_run-1_bp-chest_vp-ap_cr.png,predictions/probabilities/qata_test_sub-S10013_ses-E22426_run-1_bp-chest_vp-ap_cr.npy
qata_test_sub-S10013_ses-E23444_run-1_bp-chest_vp-ap_cr,sub-S10013,unet,1003,0.9684883543920804,0.9389020070847269,2.0,0.6774453498980324,predictions/masks/qata_test_sub-S10013_ses-E23444_run-1_bp-chest_vp-ap_cr.png,predictions/probabilities/qata_test_sub-S10013_ses-E23444_run-1_bp-chest_vp-ap_cr.npy
qata_test_sub-S10013_ses-E26372_run-1_bp-chest_vp-ap_cr,sub-S10013,unet,1003,0.9479573848398256,0.9010636747792355,3.605551275463989,1.1618040093473,predictions/masks/qata_test_sub-S10013_ses-E26372_run-1_bp-chest_vp-ap_cr.png,predictions/probabilities/qata_test_sub-S10013_ses-E26372_run-1_bp-chest_vp-ap_cr.npy
qata_test_sub-S10013_ses-E26373_run-1_bp-chest_vp-ap_cr,sub-S10013,unet,1003,0.958672390594229,0.9206251538281981,3.1622776601683795,0.9547453033209515,predictions/masks/qata_test_sub-S10013_ses-E26373_run-1_bp-chest_vp-ap_cr.png,predictions/probabilities/qata_test_sub-S10013_ses-E26373_run-1_bp-chest_vp-ap_cr.npy
qata_test_sub-S10015_ses-E25056_run-1_bp-chest_vp-pa_cr,sub-S10015,unet,1003,0.9222766217894041,0.8557637705930855,5.0,1.2944332645657401,predictions/masks/qata_test_sub-S10015_ses-E25056_run-1_bp-chest_vp-pa_cr.png,predictions/probabilities/qata_test_sub-S10015_ses-E25056_run-1_bp-chest_vp-pa_cr.npy
qata_test_sub-S10019_ses-E19307_run-1_bp-chest_vp-ap_cr,sub-S10019,unet,1003,0.9457315424143796,0.897050021377537,16.012487816752554,2.334629297114773,predictions/masks/qata_test_sub-S10019_ses-E19307_run-1_bp-chest_vp-ap_cr.png,predictions/probabilities/qata_test_sub-S10019_ses-E19307_run-1_bp-chest_vp-ap_cr.npy
qata_test_sub-S10019_ses-E25650_run-1_bp-chest_vp-pa_dx,sub-S10019,unet,1003,0.8612879348651179,0.756370254816527,10.588816906321833,2.340798193159945,predictions/masks/qata_test_sub-S10019_ses-E25650_run-1_bp-chest_vp-pa_dx.png,predictions/probabilities/qata_test_sub-S10019_ses-E25650_run-1_bp-chest_vp-pa_dx.npy
qata_test_sub-S10020_ses-E17231_run-1_bp-chest_vp-pa_cr,sub-S10020,unet,1003,0.7130434782858223,0.5540540541143171,14.212670403551895,3.166134541025431,predictions/masks/qata_test_sub-S10020_ses-E17231_run-1_bp-chest_vp-pa_cr.png,predictions/probabilities/qata_test_sub-S10020_ses-E17231_run-1_bp-chest_vp-pa_cr.npy
qata_test_sub-S10023_ses-E19360_run-1_bp-chest_vp-ap_cr,sub-S10023,unet,1003,0.9488054607510316,0.902597402598048,6.324555320336759,2.0984814210756024,predictions/masks/qata_test_sub-S10023_ses-E19360_run-1_bp-chest_vp-ap_cr.png,predictions/probabilities/qata_test_sub-S10023_ses-E19360_run-1_bp-chest_vp-ap_cr.npy
qata_test_sub-S10023_ses-E22543_run-1_bp-chest_vp-ap_dx,sub-S10023,unet,1003,0.9772423025435997,0.9554973821993059,2.0,0.6808349274995221,predictions/masks/qata_test_sub-S10023_ses-E22543_run-1_bp-chest_vp-ap_dx.png,predictions/probabilities/qata_test_sub-S10023_ses-E22543_run-1_bp-chest_vp-ap_dx.npy
qata_test_sub-S10023_ses-E25707_run-1_bp-chest_vp-pa_dx,sub-S10023,unet,1003,0.6416815387737125,0.47240875913949176,50.15974481593781,12.256984730323678,predictions/masks/qata_test_sub-S10023_ses-E25707_run-1_bp-chest_vp-pa_dx.png,predictions/probabilities/qata_test_sub-S10023_ses-E25707_run-1_bp-chest_vp-pa_dx.npy
qata_test_sub-S10024_ses-E17235_run-1_bp-chest_vp-pa_dx,sub-S10024,unet,1003,0.8943988583679201,0.8089706356950961,9.112840899841817,2.0594735536948012,predictions/masks/qata_test_sub-S10024_ses-E17235_run-1_bp-chest_vp-pa_dx.png,predictions/probabilities/qata_test_sub-S10024_ses-E17235_run-1_bp-chest_vp-pa_dx.npy
qata_test_sub-S10024_ses-E19091_run-2_bp-chest_vp-ap_dx,sub-S10024,unet,1003,0.9731298846297985,0.9476659901424495,3.1622776601683795,0.8541133911184535,predictions/masks/qata_test_sub-S10024_ses-E19091_run-2_bp-chest_vp-ap_dx.png,predictions/probabilities/qata_test_sub-S10024_ses-E19091_run-2_bp-chest_vp-ap_dx.npy
qata_test_sub-S10024_ses-E20587_run-1_bp-chest_vp-ap_dx,sub-S10024,unet,1003,0.8042547988759658,0.6725971370165468,19.943644133878458,3.666227620704245,predictions/masks/qata_test_sub-S10024_ses-E20587_run-1_bp-chest_vp-ap_dx.png,predictions/probabilities/qata_test_sub-S10024_ses-E20587_run-1_bp-chest_vp-ap_dx.npy
qata_test_sub-S10024_ses-E24000_run-1_bp-chest_vp-ap_dx,sub-S10024,unet,1003,0.819557298965823,0.6942796107359535,16.2556748311743,4.562309491360873,predictions/masks/qata_test_sub-S10024_ses-E24000_run-1_bp-chest_vp-ap_dx.png,predictions/probabilities/qata_test_sub-S10024_ses-E24000_run-1_bp-chest_vp-ap_dx.npy
qata_test_sub-S10027_ses-E19320_run-1_bp-chest_vp-ap_dx,sub-S10027,unet,1003,0.09519136412683064,0.0499742401313769,131.0953851209111,65.37738467268717,predictions/masks/qata_test_sub-S10027_ses-E19320_run-1_bp-chest_vp-ap_dx.png,predictions/probabilities/qata_test_sub-S10027_ses-E19320_run-1_bp-chest_vp-ap_dx.npy
qata_test_sub-S10029_ses-E17250_run-1_bp-chest_vp-pa_dx,sub-S10029,unet,1003,0.752776635139746,0.603562005303195,108.75383164753264,27.360009029852133,predictions/masks/qata_test_sub-S10029_ses-E17250_run-1_bp-chest_vp-pa_dx.png,predictions/probabilities/qata_test_sub-S10029_ses-E17250_run-1_bp-chest_vp-pa_dx.npy
qata_test_sub-S10029_ses-E17802_run-1_bp-chest_vp-pa_dx,sub-S10029,unet,1003,0.82154882155483,0.6971428571601633,13.935582150733772,2.6719306479674154,predictions/masks/qata_test_sub-S10029_ses-E17802_run-1_bp-chest_vp-pa_dx.png,predictions/probabilities/qata_test_sub-S10029_ses-E17802_run-1_bp-chest_vp-pa_dx.npy
qata_test_sub-S10032_ses-E25750_run-1_bp-chest_vp-pa_cr,sub-S10032,unet,1003,0.4379683597060994,0.2803837953187582,97.34524334024572,28.69199715348143,predictions/masks/qata_test_sub-S10032_ses-E25750_run-1_bp-chest_vp-pa_cr.png,predictions/probabilities/qata_test_sub-S10032_ses-E25750_run-1_bp-chest_vp-pa_cr.npy
qata_test_sub-S10036_ses-E25397_run-1_bp-chest_vp-ap_cr,sub-S10036,unet,1003,0.8798264642134567,0.7854376452528707,7.179437168288774,1.7546417763006716,predictions/masks/qata_test_sub-S10036_ses-E25397_run-1_bp-chest_vp-ap_cr.png,predictions/probabilities/qata_test_sub-S10036_ses-E25397_run-1_bp-chest_vp-ap_cr.npy
qata_test_sub-S10036_ses-E26543_run-1_bp-chest_vp-ap_cr,sub-S10036,unet,1003,0.4006247559664072,0.25048828126829864,62.112798526538185,16.484831910894936,predictions/masks/qata_test_sub-S10036_ses-E26543_run-1_bp-chest_vp-ap_cr.png,predictions/probabilities/qata_test_sub-S10036_ses-E26543_run-1_bp-chest_vp-ap_cr.npy
