sample_id,source_id,method,seed,dice,miou,hd95,assd,prediction_path,probability_path
qata_test_sub-S08047_ses-E16280_run-1_bp-chest_vp-ap_dx,sub-S08047,tripath_lesionnet,1003,0.9512840619488763,0.9070941209467511,8.48528137423857,1.9362864450728545,predictions/masks/qata_test_sub-S08047_ses-E16280_run-1_bp-chest_vp-ap_dx.png,predictions/probabilities/qata_test_sub-S08047_ses-E16280_run-1_bp-chest_vp-ap_dx.npy
qata_test_sub-S08047_ses-E16628_run-1_bp-chest_vp-ap_dx,sub-S08047,tripath_lesionnet,1003,0.9676444537072493,0.9373170485521619,2.8284271247461903,0.8701085207502132,predictions/masks/qata_test_sub-S08047_ses-E16628_run-1_bp-chest_vp-ap_dx.png,predictions/probabilities/qata_test_sub-S08047_ses-E16628_run-1_bp-chest_vp-ap_dx.npy
qata_test_sub-S08047_ses-E16837_run-1_bp-chest_cr,sub-S08047,tripath_lesionnet,1003,0.9643870154429857,0.9312233718814037,3.0,0.95456236380121,predictions/masks/qata_test_sub-S08047_ses-E16837_run-1_bp-chest_cr.png,predictions/probabilities/qata_test_sub-S08047_ses-E16837_run-1_bp-chest_cr.npy
qata_test_sub-S08047_ses-E17130_run-1_bp-chest_cr,sub-S08047,tripath_lesionnet,1003,0.9200302551060989,0.8519037310600802,35.22782990761707,4.596215953871716,predictions/masks/qata_test_sub-S08047_ses-E17130_run-1_bp-chest_cr.png,predictions/probabilities/qata_test_sub-S08047_ses-E17130_run-1_bp-chest_cr.npy
qata_test_sub-S08047_ses-E17511_run-1_bp-chest_vp-ap_dx,sub-S08047,tripath_lesionnet,1003,0.8622335890889835,0.7578300614452596,12.397296253235009,2.8141597046505593,predictions/masks/qata_test_sub-S08047_ses-E17511_run-1_bp-chest_vp-ap_dx.png,predictions/probabilities/qata_test_sub-S08047_ses-E17511_run-1_bp-chest_vp-ap_dx.npy
qata_test_sub-S08047_ses-E17539_run-1_bp-chest_vp-ap_dx,sub-S08047,tripath_lesionnet,1003,0.7728538564004549,0.6297977306400612,42.0720018726587,6.690998480960425,predictions/masks/qata_test_sub-S08047_ses-E17539_run-1_bp-chest_vp-ap_dx.png,predictions/probabilities/qata_test_sub-S08047_ses-E17539_run-1_bp-chest_vp-ap_dx.npy
qata_test_sub-S08047_ses-E17682_run-1_bp-chest_vp-ap_dx,sub-S08047,tripath_lesionnet,1003,0.955546928079416,0.9148777994618077,5.656854249492381,1.5389152633492555,predictions/masks/qata_test_sub-S08047_ses-E17682_run-1_bp-chest_vp-ap_dx.png,predictions/probabilities/qata_test_sub-S08047_ses-E17682_run-1_bp-chest_vp-ap_dx.npy
qata_test_sub-S08047_ses-E17934_run-1_bp-chest_vp-ap_dx,sub-S08047,tripath_lesionnet,1003,0.9731576862124943,0.9477187228711516,2.23606797749979,0.7196393558192612,predictions/masks/qata_test_sub-S08047_ses-E17934_run-1_bp-chest_vp-ap_dx.png,predictions/probabilities/qata_test_sub-S08047_ses-E17934_run-1_bp-chest_vp-ap_dx.npy
qata_test_sub-S08047_ses-E18100_run-1_bp-chest_vp-ap_dx,sub-S08047,tripath_lesionnet,1003,0.9560937952332524,0.9158809391762259,4.123105625617661,1.255065055966638,predictions/masks/qata_test_sub-S08047_ses-E18100_run-1_bp-chest_vp-ap_dx.png,predictions/probabilities/qata_test_sub-S08047_ses-E18100_run-1_bp-chest_vp-ap_dx.npy
qata_test_sub-S08047_ses-E26555_run-1_bp-chest_vp-ap_dx,sub-S08047,tripath_lesionnet,1003,0.9160544217692785,0.8451110832202195,13.0,3.4698655916200187,predictions/masks/qata_test_sub-S08047_ses-E26555_run-1_bp-chest_vp-ap_dx.png,predictions/probabilities/qata_test_sub-S08047_ses-E26555_run-1_bp-chest_vp-ap_dx.npy
qata_test_sub-S08074_ses-E18689_run-1_bp-chest_vp-ap_cr,sub-S08074,tripath_lesionnet,1003,0.8217130253667233,0.69737936772676,65.19738839288806,12.410970814473913,predictions/masks/qata_test_sub-S08074_ses-E18689_run-1_bp-chest_vp-ap_cr.png,predictions/probabilities/qata_test_sub-S08074_ses-E18689_run-1_bp-chest_vp-ap_cr.npy
qata_test_sub-S08077_ses-E18680_run-1_bp-chest_vp-ap_cr,sub-S08077,tripath_lesionnet,1003,0.8560579910301671,0.7483403741853748,6.0,1.8043915695726382,predictions/masks/qata_test_sub-S08077_ses-E18680_run-1_bp-chest_vp-ap_cr.png,predictions/probabilities/qata_test_sub-S08077_ses-E18680_run-1_bp-chest_vp-ap_cr.npy
qata_test_sub-S08097_ses-E17492_run-1_bp-chest_vp-ap_dx,sub-S08097,tripath_lesionnet,1003,0.1979713186709349,0.1098602484817601,79.76787868716764,33.56534851917252,predictions/masks/qata_test_sub-S08097_ses-E17492_run-1_bp-chest_vp-ap_dx.png,predictions/probabilities/qata_test_sub-S08097_ses-E17492_run-1_bp-chest_vp-ap_dx.npy
qata_test_sub-S08433_ses-E16090_run-1_bp-chest_vp-ap_dx,sub-S08433,tripath_lesionnet,1003,0.6588801099395782,0.49129098363261825,20.14315025311199,7.428829372137566,predictions/masks/qata_test_sub-S08433_ses-E16090_run-1_bp-chest_vp-ap_dx.png,predictions/probabilities/qata_test_sub-S08433_ses-E16090_run-1_bp-chest_vp-ap_dx.npy
qata_test_sub-S08489_ses-E19060_run-1_bp-chest_vp-ap_dx,sub-S08489,tripath_lesionnet,1003,0.6934806337455977,0.5307848101289581,64.21601071977635,12.850484154913218,predictions/masks/qata_test_sub-S08489_ses-E19060_run-1_bp-chest_vp-ap_dx.png,predictions/probabilities/qata_test_sub-S08489_ses-E19060_run-1_bp-chest_vp-ap_dx.npy
qata_test_sub-S08489_ses-E22262_run-1_bp-chest_vp-pa_dx,sub-S08489,tripath_lesionnet,1003,0.4246089128509976,0.2695260347251414,106.99906482863692,34.823117468375244,predictions/masks/qata_test_sub-S08489_ses-E22262_run-1_bp-chest_vp-pa_dx.png,predictions/probabilities/qata_test_sub-S08489_ses-E22262_run-1_bp-chest_vp-pa_dx.npy
qata_test_sub-S08489_ses-E22906_run-1_bp-chest_vp-ap_dx,sub-S08489,tripath_lesionnet,1003,0.546320346326893,0.3758189398575379,56.49583619584951,16.245801048212883,predictions/masks/qata_test_sub-S08489_ses-E22906_run-1_bp-chest_vp-ap_dx.png,predictions/probabilities/qata_test_sub-S08489_ses-E22906_run-1_bp-chest_vp-ap_dx.npy
qata_test_sub-S08489_ses-E23228_run-1_bp-chest_vp-ap_cr,sub-S08489,tripath_lesionnet,1003,0.8409992069793765,0.7256243585380977,15.556349186104045,4.968663529389826,predictions/masks/qata_test_sub-S08489_ses-E23228_run-1_bp-chest_vp-ap_cr.png,predictions/probabilities/qata_test_sub-S08489_ses-E23228_run-1_bp-chest_vp-ap_cr.npy
qata_test_sub-S08498_ses-E18204_run-1_bp-chest_vp-ap_dx,sub-S08498,tripath_lesionnet,1003,0.7702157932197438,0.6263015811849042,23.345235059857504,5.686135569770886,predictions/masks/qata_test_sub-S08498_ses-E18204_run-1_bp-chest_vp-ap_dx.png,predictions/probabilities/qata_test_sub-S08498_ses-E18204_run-1_bp-chest_vp-ap_dx.npy
qata_test_sub-S08651_ses-E17664_run-1_bp-chest_vp-ap_dx,sub-S08651,tripath_lesionnet,1003,0.807975962856925,0.6778185151385052,18.439088914585774,4.202871184622838,predictions/masks/qata_test_sub-S08651_ses-E17664_run-1_bp-chest_vp-ap_dx.png,predictions/probabilities/qata_test_sub-S08651_ses-E17664_run-1_bp-chest_vp-ap_dx.npy
qata_test_sub-S09308_ses-E16093_run-1_bp-chest_vp-ap_dx,sub-S09308,tripath_lesionnet,1003,0.8911480287654067,0.8036672629783692,4.449186428211545,1.611166361883723,predictions/masks/qata_test_sub-S09308_ses-E16093_run-1_bp-chest_vp-ap_dx.png,predictions/probabilities/qata_test_sub-S09308_ses-E16093_run-1_bp-chest_vp-ap_dx.npy
qata_test_sub-S09308_ses-E16127_acq-1_run-1_bp-chest_vp-ap_dx,sub-S09308,tripath_lesionnet,1003,0.6558868115383585,0.48796992485052854,7.280109889280517,2.8463505347684968,predictions/masks/qata_test_sub-S09308_ses-E16127_acq-1_run-1_bp-chest_vp-ap_dx.png,predictions/probabilities/qata_test_sub-S09308_ses-E16127_acq-1_run-1_bp-chest_vp-ap_dx.npy
qata_test_sub-S09308_ses-E17371_acq-2_run-1_bp-chest_vp-ap_dx,sub-S09308,tripath_lesionnet,1003,0.2620211899090868,0.15076201643257298,83.26723107441744,35.55227296244541,predictions/masks/qata_test_sub-S09308_ses-E17371_acq-2_run-1_bp-chest_vp-ap_dx.png,predictions/probabilities/qata_test_sub-S09308_ses-E17371_acq-2_run-1_bp-chest_vp-ap_dx.npy
qata_test_sub-S09308_ses-E17491_run-1_bp-chest_vp-ap_dx,sub-S09308,tripath_lesionnet,1003,0.7091587711826254,0.5493772242193338,13.0,5.042779480337883,predictions/masks/qata_test_sub-S09308_ses-E17491_run-1_bp-chest_vp-ap_dx.png,predictions/probabilities/qata_test_sub-S09308_ses-E17491_run-1_bp-chest_vp-ap_dx.npy
qata_test_sub-S09308_ses-E18798_run-1_bp-chest_vp-ap_cr,sub-S09308,tripath_lesionnet,1003,0.8445908841317327,0.7309885931622864,10.807388983967375,2.8964016137924715,predictions/masks/qata_test_sub-S09308_ses-E18798_run-1_bp-chest_vp-ap_cr.png,predictions/probabilities/qata_test_sub-S09308_ses-E18798_run-1_bp-chest_vp-ap_cr.npy
qata_test_sub-S09308_ses-E19031_run-1_bp-chest_vp-ap_dx,sub-S09308,tripath_lesionnet,1003,0.4185982340036065,0.2647007503181871,31.30255406155598,10.871004555720159,predictions/masks/qata_test_sub-S09308_ses-E19031_run-1_bp-chest_vp-ap_dx.png,predictions/probabilities/qata_test_sub-S09308_ses-E19031_run-1_bp-chest_vp-ap_dx.npy
qata_test_sub-S09308_ses-E19513_run-1_bp-chest_vp-ap_dx,sub-S09308,tripath_lesionnet,1003,0.42046227057409136,0.26619324296823343,26.21828756072994,10.509846629545205,predictions/masks/qata_test_sub-S09308_ses-E19513_run-1_bp-chest_vp-ap_dx.png,predictions/probabilities/qata_test_sub-S09308_ses-E19513_run-1_bp-chest_vp-ap_dx.npy
qata_test_sub-S09308_ses-E20237_run-1_bp-chest_vp-ap_dx,sub-S09308,tripath_lesionnet,1003,0.2243243243592647,0.12633181130764423,91.91027327416897,27.790824906563092,predictions/masks/qata_test_sub-S09308_ses-E20237_run-1_bp-chest_vp-ap_dx.png,predictions/probabilities/qata_test_sub-S09308_ses-E20237_run-1_bp-chest_vp-ap_dx.npy
qata_test_sub-S09308_ses-E20323_run-2_bp-chest_vp-ap_dx,sub-S09308,tripath_lesionnet,1003,0.16653656000087075,0.09083167757335137,98.11176080677251,41.82240588143062,predictions/masks/qata_test_sub-S09308_ses-E20323_run-2_bp-chest_vp-ap_dx.png,predictions/probabilities/qata_test_sub-S09308_ses-E20323_run-2_bp-chest_vp-ap_dx.npy
qata_test_sub-S09308_ses-E20733_acq-2_run-1_bp-chest_vp-ap_dx,sub-S09308,tripath_lesionnet,1003,0.8219954648626987,0.6977863330415989,6.503315773597727,5.8598199668010125,predictions/masks/qata_test_sub-S09308_ses-E20733_acq-2_run-1_bp-chest_vp-ap_dx.png,predictions/probabilities/qata_test_sub-S09308_ses-E20733_acq-2_run-1_bp-chest_vp-ap_dx.npy
qata_test_sub-S09308_ses-E22400_run-1_bp-chest_vp-ap_dx,sub-S09308,tripath_lesionnet,1003,0.9180660638501748,0.8485417022028221,9.080009036010734,2.3111976727556414,predictions/masks/qata_test_sub-S09308_ses-E22400_run-1_bp-chest_vp-ap_dx.png,predictions/probabilities/qata_test_sub-S09308_ses-E22400_run-1_bp-chest_vp-ap_dx.npy
qata_test_sub-S09308_ses-E25907_run-1_bp-chest_vp-ap_dx,sub-S09308,tripath_lesionnet,1003,0.4328741536438741,0.27622169251262746,100.71213082460874,32.684816072139405,predictions/masks/qata_test_sub-S09308_ses-E25907_run-1_bp-chest_vp-ap_dx.png,predictions/probabilities/qata_test_sub-S09308_ses-E25907_run-1_bp-chest_vp-ap_dx.npy
qata_test_sub-S09309_ses-E16094_run-1_bp-chest_vp-ap_cr,sub-S09309,tripath_lesionnet,1003,0.9017984799465588,0.8211593805698073,9.899494936611665,2.711105176289136,predictions/masks/qata_test_sub-S09309_ses-E16094_run-1_bp-chest_vp-ap_cr.png,predictions/probabilities/qata_test_sub-S09309_ses-E16094_run-1_bp-chest_vp-ap_cr.npy
qata_test_sub-S09309_ses-E24760_acq-1_run-1_bp-chest_vp-pa_dx,sub-S09309,tripath_lesionnet,1003,0.915658790549334,0.8444378785663401,22.16300749717699,3.2858813298660543,predictions/masks/qata_test_sub-S09309_ses-E24760_acq-1_run-1_bp-chest_vp-pa_dx.png,predictions/probabilities/qata_test_sub-S09309_ses-E24760_acq-1_run-1_bp-chest_vp-pa_dx.npy
qata_test_sub-S09310_ses-E16095_run-1_bp-chest_vp-ap_dx,sub-S09310,tripath_lesionnet,1003,0.35401301521240724,0.21507643652002761,39.015960325133754,14.454254916119991,predictions/masks/qata_test_sub-S09310_ses-E16095_run-1_bp-chest_vp-ap_dx.png,predictions/probabilities/qata_test_sub-S09310_ses-E16095_run-1_bp-chest_vp-ap_dx.npy
qata_test_sub-S09310_ses-E24865_run-1_bp-chest_vp-ap_dx,sub-S09310,tripath_lesionnet,1003,0.49033570707117646,0.3247978437567658,97.00489677711109,22.40263255656139,predictions/masks/qata_test_sub-S09310_ses-E24865_run-1_bp-chest_vp-ap_dx.png,predictions/probabilities/qata_test_sub-S09310_ses-E24865_run-1_bp-chest_vp-ap_dx.npy
qata_test_sub-S09311_ses-E20696_run-1_bp-chest_vp-pa_cr,sub-S09311,tripath_lesionnet,1003,0.9313136589192262,0.8714565004903292,5.691168824543111,1.5860653418948711,predictions/masks/qata_test_sub-S09311_ses-E20696_run-1_bp-chest_vp-pa_cr.png,predictions/probabilities/qata_test_sub-S09311_ses-E20696_run-1_bp-chest_vp-pa_cr.npy
qata_test_sub-S09311_ses-E21848_run-1_bp-chest_vp-ap_cr,sub-S09311,tripath_lesionnet,1003,0.9461663947801375,0.8978328173387793,3.6055512754639896,1.2023678161819686,predictions/masks/qata_test_sub-S09311_ses-E21848_run-1_bp-chest_vp-ap_cr.png,predictions/probabilities/qata_test_sub-S09311_ses-E21848_run-1_bp-chest_vp-ap_cr.npy
qata_test_sub-S09311_ses-E21850_run-1_bp-chest_vp-ap_cr,sub-S09311,tripath_lesionnet,1003,0.9611394697846111,0.9251862418778699,3.0,0.73705769683172,predictions/masks/qata_test_sub-S09311_ses-E21850_run-1_bp-chest_vp-ap_cr.png,predictions/probabilities/qata_test_sub-S09311_ses-E21850_run-1_bp-chest_vp-ap_cr.npy
qata_test_sub-S09312_ses-E23677_run-1_bp-chest_vp-ap_dx,sub-S09312,tripath_lesionnet,1003,0.9626462961667767,0.9279827050408326,2.8284271247461903,0.805847103271138,predictions/masks/qata_test_sub-S09312_ses-E23677_run-1_bp-chest_vp-ap_dx.png,predictions/probabilities/qata_test_sub-S09312_ses-E23677_run-1_bp-chest_vp-ap_dx.npy
qata_test_sub-S09312_ses-E23812_run-1_bp-chest_vp-ap_dx,sub-S09312,tripath_lesionnet,1003,0.899496258620338,0.8173495689288299,19.167276107423703,3.1674856143191215,predictions/masks/qata_test_sub-S09312_ses-E23812_run-1_bp-chest_vp-ap_dx.png,predictions/probabilities/qata_test_sub-S09312_ses-E23812_run-1_bp-chest_vp-ap_dx.npy
qata_test_sub-S09312_ses-E24141_run-1_bp-chest_vp-ap_dx,sub-S09312,tripath_lesionnet,1003,0.5313255251992689,0.36177215191489187,36.84286114351624,9.678925489436793,predictions/masks/qata_test_sub-S09312_ses-E24141_run-1_bp-chest_vp-ap_dx.png,predictions/probabilities/qata_test_sub-S09312_ses-E24141_run-1_bp-chest_vp-ap_dx.npy
qata_test_sub-S09312_ses-E24163_run-1_bp-chest_vp-ap_dx,sub-S09312,tripath_lesionnet,1003,0.8965677719610439,0.8125263601875523,14.805321335067429,2.6819156979133827,predictions/masks/qata_test_sub-S09312_ses-E24163_run-1_bp-chest_vp-ap_dx.png,predictions/probabilities/qata_test_sub-S09312_ses-E24163_run-1_bp-chest_vp-ap_dx.npy
qata_test_sub-S09312_ses-E24866_run-1_bp-chest_vp-ap_dx,sub-S09312,tripath_lesionnet,1003,0.9441448382129934,0.894199197374508,6.439649903985524,1.6827393740538639,predictions/masks/qata_test_sub-S09312_ses-E24866_run-1_bp-chest_vp-ap_dx.png,predictions/probabilities/qata_test_sub-S09312_ses-E24866_run-1_bp-chest_vp-ap_dx.npy
qata_test_sub-S09312_ses-E25262_run-1_bp-chest_vp-ap_dx,sub-S09312,tripath_lesionnet,1003,0.7555959362372545,0.6071950086339148,40.0274746764018,7.13127983505555,predictions/masks/qata_test_sub-S09312_ses-E25262_run-1_bp-chest_vp-ap_dx.png,predictions/probabilities/qata_test_sub-S09312_ses-E25262_run-1_bp-chest_vp-ap_dx.npy
qata_test_sub-S09312_ses-E26157_run-1_bp-chest_vp-ap_dx,sub-S09312,tripath_lesionnet,1003,0.917430209505881,0.847455949318477,12.041594578792296,2.4352579509676704,predictions/masks/qata_test_sub-S09312_ses-E26157_run-1_bp-chest_vp-ap_dx.png,predictions/probabilities/qata_test_sub-S09312_ses-E26157_run-1_bp-chest_vp-ap_dx.npy
qata_test_sub-S09313_ses-E16098_run-1_bp-chest_vp-ap_cr,sub-S09313,tripath_lesionnet,1003,0.9561835983615292,0.9160457690271947,2.23606797749979,1.0020112084587973,predictions/masks/qata_test_sub-S09313_ses-E16098_run-1_bp-chest_vp-ap_cr.png,predictions/probabilities/qata_test_sub-S09313_ses-E16098_run-1_bp-chest_vp-ap_cr.npy
qata_test_sub-S09313_ses-E16120_run-1_bp-chest_vp-ap_dx,sub-S09313,tripath_lesionnet,1003,0.8777395399391551,0.7821174951605108,20.492370302249057,3.666905261809627,predictions/masks/qata_test_sub-S09313_ses-E16120_run-1_bp-chest_vp-ap_dx.png,predictions/probabilities/qata_test_sub-S09313_ses-E16120_run-1_bp-chest_vp-ap_dx.npy
qata_test_sub-S09313_ses-E20772_run-1_bp-chest_vp-ap_dx,sub-S09313,tripath_lesionnet,1003,0.44658227849502324,0.28748370276116414,31.39984057205193,9.30342176265799,predictions/masks/qata_test_sub-S09313_ses-E20772_run-1_bp-chest_vp-ap_dx.png,predictions/probabilities/qata_test_sub-S09313_ses-E20772_run-1_bp-chest_vp-ap_dx.npy
qata_test_sub-S09313_ses-E23360_run-1_bp-chest_vp-ap_dx,sub-S09313,tripath_lesionnet,1003,0.8034880864664488,0.6715253541400993,45.21282657316525,10.121097792557224,predictions/masks/qata_test_sub-S09313_ses-E23360_run-1_bp-chest_vp-ap_dx.png,predictions/probabilities/qata_test_sub-S09313_ses-E23360_run-1_bp-chest_vp-ap_dx.npy
qata_test_sub-S09313_ses-E24131_run-1_bp-chest_vp-ap_dx,sub-S09313,tripath_lesionnet,1003,0.7539153915413689,0.6050274487199505,41.19440475989346,6.224810469612252,predictions/masks/qata_test_sub-S09313_ses-E24131_run-1_bp-chest_vp-ap_dx.png,predictions/probabilities/qata_test_sub-S09313_ses-E24131_run-1_bp-chest_vp-ap_dx.npy
qata_test_sub-S09313_ses-E24544_run-1_bp-chest_vp-ap_dx,sub-S09313,tripath_lesionnet,1003,0.6455724016738565,0.47663854640693315,23.853720883753127,8.298669894820756,predictions/masks/qata_test_sub-S09313_ses-E24544_run-1_bp-chest_vp-ap_dx.png,predictions/probabilities/qata_test_sub-S09313_ses-E24544_run-1_bp-chest_vp-ap_dx.npy
qata_test_sub-S09314_ses-E16099_run-1_bp-chest_vp-ap_cr,sub-S09314,tripath_lesionnet,1003,0.8559515803650847,0.7481777568834193,10.777278246087452,2.804014244496687,predictions/masks/qata_test_sub-S09314_ses-E16099_run-1_bp-chest_vp-ap_cr.png,predictions/probabilities/qata_test_sub-S09314_ses-E16099_run-1_bp-chest_vp-ap_cr.npy
qata_test_sub-S09314_ses-E17345_run-1_bp-chest_vp-ap_cr,sub-S09314,tripath_lesionnet,1003,0.8191586947987213,0.6937076906037764,42.633710221349524,8.451395522499318,predictions/masks/qata_test_sub-S09314_ses-E17345_run-1_bp-chest_vp-ap_cr.png,predictions/probabilities/qata_test_sub-S09314_ses-E17345_run-1_bp-chest_vp-ap_cr.npy
qata_test_sub-S09314_ses-E17536_run-1_bp-chest_vp-ap_cr,sub-S09314,tripath_lesionnet,1003,0.9147246225022717,0.8428502493189183,6.479394161199479,2.1693018985896737,predictions/masks/qata_test_sub-S09314_ses-E17536_run-1_bp-chest_vp-ap_cr.png,predictions/probabilities/qata_test_sub-S09314_ses-E17536_run-1_bp-chest_vp-ap_cr.npy
qata_test_sub-S09314_ses-E18183_run-1_bp-chest_vp-ap_cr,sub-S09314,tripath_lesionnet,1003,0.918819729889028,0.8498302783455556,8.54400374531753,1.988260559852167,predictions/masks/qata_test_sub-S09314_ses-E18183_run-1_bp-chest_vp-ap_cr.png,predictions/probabilities/qata_test_sub-S09314_ses-E18183_run-1_bp-chest_vp-ap_cr.npy
qata_test_sub-S09314_ses-E18479_run-1_bp-chest_vp-ap_cr,sub-S09314,tripath_lesionnet,1003,0.9400069759335542,0.8868048700248963,3.605551275463989,1.1881093978276218,predictions/masks/qata_test_sub-S09314_ses-E18479_run-1_bp-chest_vp-ap_cr.png,predictions/probabilities/qata_test_sub-S09314_ses-E18479_run-1_bp-chest_vp-ap_cr.npy
qata_test_sub-S09314_ses-E18752_run-1_bp-chest_vp-ap_cr,sub-S09314,tripath_lesionnet,1003,0.8753043007861062,0.7782587782641112,12.0,3.339003011144692,predictions/masks/qata_test_sub-S09314_ses-E18752_run-1_bp-chest_vp-ap_cr.png,predictions/probabilities/qata_test_sub-S09314_ses-E18752_run-1_bp-chest_vp-ap_cr.npy
qata_test_sub-S09314_ses-E20304_run-1_bp-chest_vp-ap_cr,sub-S09314,tripath_lesionnet,1003,0.9500328251517249,0.9048214533846767,3.1622776601683795,1.1332583035790067,predictions/masks/qata_test_sub-S09314_ses-E20304_run-1_bp-chest_vp-ap_cr.png,predictions/probabilities/qata_test_sub-S09314_ses-E20304_run-1_bp-chest_vp-ap_cr.npy
qata_test_sub-S09314_ses-E20960_run-1_bp-chest_vp-ap_cr,sub-S09314,tripath_lesionnet,1003,0.8372370580361445,0.7200410572306892,11.379612814642131,2.5937039841452445,predictions/masks/qata_test_sub-S09314_ses-E20960_run-1_bp-chest_vp-ap_cr.png,predictions/probabilities/qata_test_sub-S09314_ses-E20960_run-1_bp-chest_vp-ap_cr.npy
qata_test_sub-S09314_ses-E21527_run-1_bp-chest_vp-ap_cr,sub-S09314,tripath_lesionnet,1003,0.9381309862806271,0.8834714773300265,5.0990195135927845,1.1691292026307447,predictions/masks/qata_test_sub-S09314_ses-E21527_run-1_bp-chest_vp-ap_cr.png,predictions/probabilities/qata_test_sub-S09314_ses-E21527_run-1_bp-chest_vp-ap_cr.npy
qata_test_sub-S09314_ses-E22365_run-1_bp-chest_vp-pa_cr,sub-S09314,tripath_lesionnet,1003,0.7872745603249997,0.6491779050498951,15.0,3.937512629939412,predictions/masks/qata_test_sub-S09314_ses-E22365_run-1_bp-chest_vp-pa_cr.png,predictions/probabilities/qata_test_sub-S09314_ses-E22365_run-1_bp-chest_vp-pa_cr.npy
qata_test_sub-S09314_ses-E22839_run-1_bp-chest_vp-ap_cr,sub-S09314,tripath_lesionnet,1003,0.8540260908690169,0.7452404317983783,13.0,2.736172067036738,predictions/masks/qata_test_sub-S09314_ses-E22839_run-1_bp-chest_vp-ap_cr.png,predictions/probabilities/qata_test_sub-S09314_ses-E22839_run-1_bp-chest_vp-ap_cr.npy
qata_test_sub-S09314_ses-E25542_run-1_bp-chest_vp-ap_cr,sub-S09314,tripath_lesionnet,1003,0.8967155546385384,0.8127691443584952,8.48528137423857,2.0734533103921224,predictions/masks/qata_test_sub-S09314_ses-E25542_run-1_bp-chest_vp-ap_cr.png,predictions/probabilities/qata_test_sub-S09314_ses-E25542_run-1_bp-chest_vp-ap_cr.npy
qata_test_sub-S09314_ses-E25840_acq-1_run-1_bp-chest_vp-ap_cr,sub-S09314,tripath_lesionnet,1003,0.7409658899049761,0.5885193133120794,23.239970208949572,5.782152847122939,predictions/masks/qata_test_sub-S09314_ses-E25840_acq-1_run-1_bp-chest_vp-ap_cr.png,predictions/probabilities/qata_test_sub-S09314_ses-E25840_acq-1_run-1_bp-chest_vp-ap_cr.npy
qata_test_sub-S09314_ses-E26336_acq-1_run-1_bp-chest_vp-ap_cr,sub-S09314,tripath_lesionnet,1003,0.8972182932591086,0.813595553659393,10.889992295835157,2.4049619171711294,predictions/masks/qata_test_sub-S09314_ses-E26336_acq-1_run-1_bp-chest_vp-ap_cr.png,predictions/probabilities/qata_test_sub-S09314_ses-E26336_acq-1_run-1_bp-chest_vp-ap_cr.npy
qata_test_sub-S09315_ses-E17116_run-1_bp-chest_vp-ap_cr,sub-S09315,tripath_lesionnet,1003,0.6328852120148457,0.4629349470905495,123.1251220871559,32.14182758733896,predictions/masks/qata_test_sub-S09315_ses-E17116_run-1_bp-chest_vp-ap_cr.png,predictions/probabilities/qata_test_sub-S09315_ses-E17116_run-1_bp-chest_vp-ap_cr.npy
qata_test_sub-S09315_ses-E21849_run-1_bp-chest_vp-ap_cr,sub-S09315,tripath_lesionnet,1003,0.772207375737336,0.6289395786239084,81.95726138447387,16.940846630239612,predictions/masks/qata_test_sub-S09315_ses-E21849_run-1_bp-chest_vp-ap_cr.png,predictions/probabilities/qata_test_sub-S09315_ses-E21849_run-1_bp-chest_vp-ap_cr.npy
qata_test_sub-S09315_ses-E23004_run-1_bp-chest_vp-ap_cr,sub-S09315,tripath_lesionnet,1003,0.6207928197740618,0.45010845992948934,85.1125687790837,15.810844483430497,predictions/masks/qata_test_sub-S09315_ses-E23004_run-1_bp-chest_vp-ap_cr.png,predictions/probabilities/qata_test_sub-S09315_ses-E23004_run-1_bp-chest_vp-ap_cr.npy
qata_test_sub-S09315_ses-E23347_run-1_bp-chest_vp-ap_cr,sub-S09315,tripath_lesionnet,1003,0.7514519731980424,0.6018606870323984,15.068103728589925,4.424517481595115,predictions/masks/qata_test_sub-S09315_ses-E23347_run-1_bp-chest_vp-ap_cr.png,predictions/probabilities/qata_test_sub-S09315_ses-E23347_run-1_bp-chest_vp-ap_cr.npy
qata_test_sub-S09317_ses-E19170_run-1_bp-chest_vp-ap_cr,sub-S09317,tripath_lesionnet,1003,5.797101448939298e-11,5.797101448939298e-11,90.57038281975791,51.97237578335713,predictions/masks/qata_test_sub-S09317_ses-E19170_run-1_bp-chest_vp-ap_cr.png,predictions/probabilities/qata_test_sub-S09317_ses-E19170_run-1_bp-chest_vp-ap_cr.npy
qata_test_sub-S09317_ses-E21228_run-1_bp-chest_vp-pa_cr,sub-S09317,tripath_lesionnet,1003,0.6064120054704498,0.4351443955244667,86.58521813797087,21.149391398931368,predictions/masks/qata_test_sub-S09317_ses-E21228_run-1_bp-chest_vp-pa_cr.png,predictions/probabilities/qata_test_sub-S09317_ses-E21228_run-1_bp-chest_vp-pa_cr.npy
qata_test_sub-S09317_ses-E22213_run-1_bp-chest_vp-ap_dx,sub-S09317,tripath_lesionnet,1003,0.5256769374490247,0.3565547815208665,77.51902665476354,26.05686392457636,predictions/masks/qata_test_sub-S09317_ses-E22213_run-1_bp-chest_vp-ap_dx.png,predictions/probabilities/qata_test_sub-S09317_ses-E22213_run-1_bp-chest_vp-ap_dx.npy
qata_test_sub-S09317_ses-E23874_run-1_bp-chest_vp-ap_dx,sub-S09317,tripath_lesionnet,1003,0.5106487148222607,0.34286653519582955,99.01742127416014,29.660210192408776,predictions/masks/qata_test_sub-S09317_ses-E23874_run-1_bp-chest_vp-ap_dx.png,predictions/probabilities/qata_test_sub-S09317_ses-E23874_run-1_bp-chest_vp-ap_dx.npy
qata_test_sub-S09317_ses-E24206_run-1_bp-chest_vp-ap_cr,sub-S09317,tripath_lesionnet,1003,0.3045951860260571,0.17965926694994017,113.5865124879428,45.10063357551788,predictions/masks/qata_test_sub-S09317_ses-E24206_run-1_bp-chest_vp-ap_cr.png,predictions/probabilities/qata_test_sub-S09317_ses-E24206_run-1_bp-chest_vp-ap_cr.npy
qata_test_sub-S09317_ses-E26697_run-1_bp-chest_vp-pa_cr,sub-S09317,tripath_lesionnet,1003,0.8170347003190648,0.6906666666769777,8.54400374531753,2.7095493714429133,predictions/masks/qata_test_sub-S09317_ses-E26697_run-1_bp-chest_vp-pa_cr.png,predictions/probabilities/qata_test_sub-S09317_ses-E26697_run-1_bp-chest_vp-pa_cr.npy
qata_test_sub-S09318_ses-E16103_run-1_bp-chest_vp-ap_cr,sub-S09318,tripath_lesionnet,1003,0.7797364516983168,0.6389902023911965,21.840329667841555,6.706473700459959,predictions/masks/qata_test_sub-S09318_ses-E16103_run-1_bp-chest_vp-ap_cr.png,predictions/probabilities/qata_test_sub-S09318_ses-E16103_run-1_bp-chest_vp-ap_cr.npy
qata_test_sub-S09318_ses-E16124_run-1_bp-chest_vp-ap_cr,sub-S09318,tripath_lesionnet,1003,0.5145917001382009,0.34643114636690175,50.10782283932501,12.918976792177524,predictions/masks/qata_test_sub-S09318_ses-E16124_run-1_bp-chest_vp-ap_cr.png,predictions/probabilities/qata_test_sub-S09318_ses-E16124_run-1_bp-chest_vp-ap_cr.npy
qata_test_sub-S09318_ses-E23380_run-1_bp-chest_vp-ap_cr,sub-S09318,tripath_lesionnet,1003,4.474272930448578e-11,4.474272930448578e-11,119.62852618757356,88.44782367919402,predictions/masks/qata_test_sub-S09318_ses-E23380_run-1_bp-chest_vp-ap_cr.png,predictions/probabilities/qata_test_sub-S09318_ses-E23380_run-1_bp-chest_vp-ap_cr.npy
qata_test_sub-S09318_ses-E23744_run-1_bp-chest_vp-ap_cr,sub-S09318,tripath_lesionnet,1003,0.3909465020715376,0.2429667519396713,74.64123457006089,18.237034614997974,predictions/masks/qata_test_sub-S09318_ses-E23744_run-1_bp-chest_vp-ap_cr.png,predictions/probabilities/qata_test_sub-S09318_ses-E23744_run-1_bp-chest_vp-ap_cr.npy
qata_test_sub-S09318_ses-E23820_run-1_bp-chest_vp-ap_cr,sub-S09318,tripath_lesionnet,1003,0.9365396627112021,0.8806531187609461,6.066210024238572,1.8162843511142626,predictions/masks/qata_test_sub-S09318_ses-E23820_run-1_bp-chest_vp-ap_cr.png,predictions/probabilities/qata_test_sub-S09318_ses-E23820_run-1_bp-chest_vp-ap_cr.npy
qata_test_sub-S09318_ses-E24145_run-1_bp-chest_vp-ap_cr,sub-S09318,tripath_lesionnet,1003,0.21363865124290843,0.11959430907001557,102.08523915118231,45.953630517379274,predictions/masks/qata_test_sub-S09318_ses-E24145_run-1_bp-chest_vp-ap_cr.png,predictions/probabilities/qata_test_sub-S09318_ses-E24145_run-1_bp-chest_vp-ap_cr.npy
qata_test_sub-S09318_ses-E24890_run-1_bp-chest_vp-ap_cr,sub-S09318,tripath_lesionnet,1003,0.35366135366881885,0.214816893514595,77.08955722675712,20.280953411559004,predictions/masks/qata_test_sub-S09318_ses-E24890_run-1_bp-chest_vp-ap_cr.png,predictions/probabilities/qata_test_sub-S09318_ses-E24890_run-1_bp-chest_vp-ap_cr.npy
qata_test_sub-S09318_ses-E24985_run-1_bp-chest_vp-ap_cr,sub-S09318,tripath_lesionnet,1003,6.325110689036994e-11,6.325110689036994e-11,114.06903631280967,68.10422478992965,predictions/masks/qata_test_sub-S09318_ses-E24985_run-1_bp-chest_vp-ap_cr.png,predictions/probabilities/qata_test_sub-S09318_ses-E24985_run-1_bp-chest_vp-ap_cr.npy
qata_test_sub-S09318_ses-E25824_run-1_bp-chest_vp-ap_cr,sub-S09318,tripath_lesionnet,1003,0.2744163887738348,0.15902816126010413,111.28096008848047,43.086008856619976,predictions/masks/qata_test_sub-S09318_ses-E25824_run-1_bp-chest_vp-ap_cr.png,predictions/probabilities/qata_test_sub-S09318_ses-E25824_run-1_bp-chest_vp-ap_cr.npy
qata_test_sub-S09318_ses-E26199_run-1_bp-chest_vp-ap_cr,sub-S09318,tripath_lesionnet,1003,0.6517539400160692,0.4834087481276167,68.90716831774249,20.35890902434119,predictions/masks/qata_test_sub-S09318_ses-E26199_run-1_bp-chest_vp-ap_cr.png,predictions/probabilities/qata_test_sub-S09318_ses-E26199_run-1_bp-chest_vp-ap_cr.npy
qata_test_sub-S09319_ses-E16104_run-1_bp-chest_vp-pa_dx,sub-S09319,tripath_lesionnet,1003,0.3696529459750078,0.22673267334388786,86.72249900759059,25.411112822059376,predictions/masks/qata_test_sub-S09319_ses-E16104_run-1_bp-chest_vp-pa_dx.png,predictions/probabilities/qata_test_sub-S09319_ses-E16104_run-1_bp-chest_vp-pa_dx.npy
qata_test_sub-S09319_ses-E20093_run-1_bp-chest_vp-ap_dx,sub-S09319,tripath_lesionnet,1003,0.596037898380877,0.42453987733591775,19.18849280474739,4.624627350180983,predictions/masks/qata_test_sub-S09319_ses-E20093_run-1_bp-chest_vp-ap_dx.png,predictions/probabilities/qata_test_sub-S09319_ses-E20093_run-1_bp-chest_vp-ap_dx.npy
qata_test_sub-S09319_ses-E26763_run-1_bp-chest_vp-ap_dx,sub-S09319,tripath_lesionnet,1003,0.9685193553247552,0.938960280374426,2.23606797749979,0.869193277789488,predictions/masks/qata_test_sub-S09319_ses-E26763_run-1_bp-chest_vp-ap_dx.png,predictions/probabilities/qata_test_sub-S09319_ses-E26763_run-1_bp-chest_vp-ap_dx.npy
qata_test_sub-S09320_ses-E19508_run-1_bp-chest_vp-ap_cr,sub-S09320,tripath_lesionnet,1003,0.9238164219403185,0.8584189916806361,6.324555320336759,1.9374690682478375,predictions/masks/qata_test_sub-S09320_ses-E19508_run-1_bp-chest_vp-ap_cr.png,predictions/probabilities/qata_test_sub-S09320_ses-E19508_run-1_bp-chest_vp-ap_cr.npy
qata_test_sub-S09320_ses-E20473_run-1_bp-chest_vp-ap_cr,sub-S09320,tripath_lesionnet,1003,0.8876747141056204,0.7980351839205384,6.324555320336759,1.9295755855355503,predictions/masks/qata_test_sub-S09320_ses-E20473_run-1_bp-chest_vp-ap_cr.png,predictions/probabilities/qata_test_sub-S09320_ses-E20473_run-1_bp-chest_vp-ap_cr.npy
qata_test_sub-S09320_ses-E21937_run-1_bp-chest_vp-ap_cr,sub-S09320,tripath_lesionnet,1003,0.8361795075472976,0.7184780754185552,42.95346318982906,6.403054026849125,predictions/masks/qata_test_sub-S09320_ses-E21937_run-1_bp-chest_vp-ap_cr.png,predictions/probabilities/qata_test_sub-S09320_ses-E21937_run-1_bp-chest_vp-ap_cr.npy
qata_test_sub-S09320_ses-E22690_run-1_bp-chest_vp-ap_cr,sub-S09320,tripath_lesionnet,1003,0.8114156657446728,0.6826740369721425,13.616019182771149,4.023876830444354,predictions/masks/qata_test_sub-S09320_ses-E22690_run-1_bp-chest_vp-ap_cr.png,predictions/probabilities/qata_test_sub-S09320_ses-E22690_run-1_bp-chest_vp-ap_cr.npy
qata_test_sub-S09322_ses-E21159_run-1_bp-chest_vp-ap_dx,sub-S09322,tripath_lesionnet,1003,0.9321614140730726,0.8729422464768264,9.219544457292887,2.223844226727441,predictions/masks/qata_test_sub-S09322_ses-E21159_run-1_bp-chest_vp-ap_dx.png,predictions/probabilities/qata_test_sub-S09322_ses-E21159_run-1_bp-chest_vp-ap_dx.npy
qata_test_sub-S09323_ses-E16108_run-1_bp-chest_vp-ap_cr,sub-S09323,tripath_lesionnet,1003,0.3213517665339063,0.19143484629606752,43.0,11.863539898840397,predictions/masks/qata_test_sub-S09323_ses-E16108_run-1_bp-chest_vp-ap_cr.png,predictions/probabilities/qata_test_sub-S09323_ses-E16108_run-1_bp-chest_vp-ap_cr.npy
qata_test_sub-S09323_ses-E20699_run-1_bp-chest_vp-ap_cr,sub-S09323,tripath_lesionnet,1003,0.3847980997868251,0.23823529415498848,91.0,24.236096860131777,predictions/masks/qata_test_sub-S09323_ses-E20699_run-1_bp-chest_vp-ap_cr.png,predictions/probabilities/qata_test_sub-S09323_ses-E20699_run-1_bp-chest_vp-ap_cr.npy
qata_test_sub-S09323_ses-E20955_run-1_bp-chest_vp-ap_dx,sub-S09323,tripath_lesionnet,1003,0.8711474192374462,0.771710526323299,9.848857801796104,1.8465528533424092,predictions/masks/qata_test_sub-S09323_ses-E20955_run-1_bp-chest_vp-ap_dx.png,predictions/probabilities/qata_test_sub-S09323_ses-E20955_run-1_bp-chest_vp-ap_dx.npy
qata_test_sub-S09323_ses-E22350_run-1_bp-chest_vp-ap_dx,sub-S09323,tripath_lesionnet,1003,0.6484508001391858,0.4797833480352716,51.93731225007512,9.763927589816003,predictions/masks/qata_test_sub-S09323_ses-E22350_run-1_bp-chest_vp-ap_dx.png,predictions/probabilities/qata_test_sub-S09323_ses-E22350_run-1_bp-chest_vp-ap_dx.npy
qata_test_sub-S09324_ses-E19389_run-1_bp-chest_vp-pa_cr,sub-S09324,tripath_lesionnet,1003,0.6455142232076764,0.4765751211913529,104.32125799044518,30.79103209971679,predictions/masks/qata_test_sub-S09324_ses-E19389_run-1_bp-chest_vp-pa_cr.png,predictions/probabilities/qata_test_sub-S09324_ses-E19389_run-1_bp-chest_vp-pa_cr.npy
qata_test_sub-S09324_ses-E20634_run-1_bp-chest_vp-pa_cr,sub-S09324,tripath_lesionnet,1003,0.41844459742474566,0.2645778938847191,129.36051223536793,23.079313749526374,predictions/masks/qata_test_sub-S09324_ses-E20634_run-1_bp-chest_vp-pa_cr.png,predictions/probabilities/qata_test_sub-S09324_ses-E20634_run-1_bp-chest_vp-pa_cr.npy
qata_test_sub-S09325_ses-E16110_run-1_bp-chest_vp-ap_dx,sub-S09325,tripath_lesionnet,1003,3.787878786443985e-10,3.787878786443985e-10,316.7838379715733,316.7838379715733,predictions/masks/qata_test_sub-S09325_ses-E16110_run-1_bp-chest_vp-ap_dx.png,predictions/probabilities/qata_test_sub-S09325_ses-E16110_run-1_bp-chest_vp-ap_dx.npy
qata_test_sub-S09325_ses-E20192_run-1_bp-chest_vp-ap_dx,sub-S09325,tripath_lesionnet,1003,0.6846715328697319,0.5205327414516612,108.08212685906801,31.92155420557701,predictions/masks/qata_test_sub-S09325_ses-E20192_run-1_bp-chest_vp-ap_dx.png,predictions/probabilities/qata_test_sub-S09325_ses-E20192_run-1_bp-chest_vp-ap_dx.npy
qata_test_sub-S09325_ses-E22792_run-1_bp-chest_vp-ap_dx,sub-S09325,tripath_lesionnet,1003,0.9080826751814142,0.8316405047732897,7.615773105863909,1.9951707377925874,predictions/masks/qata_test_sub-S09325_ses-E22792_run-1_bp-chest_vp-ap_dx.png,predictions/probabilities/qata_test_sub-S09325_ses-E22792_run-1_bp-chest_vp-ap_dx.npy
qata_test_sub-S09326_ses-E19220_run-1_bp-chest_vp-pa_cr,sub-S09326,tripath_lesionnet,1003,0.7871621621711503,0.6490250696623241,6.0,1.6805204139676906,predictions/masks/qata_test_sub-S09326_ses-E19220_run-1_bp-chest_vp-pa_cr.png,predictions/probabilities/qata_test_sub-S09326_ses-E19220_run-1_bp-chest_vp-pa_cr.npy
qata_test_sub-S09326_ses-E23374_run-1_bp-chest_vp-pa_cr,sub-S09326,tripath_lesionnet,1003,0.7137055837708779,0.5548539858283461,11.180339887498949,3.453043907271351,predictions/masks/qata_test_sub-S09326_ses-E23374_run-1_bp-chest_vp-pa_cr.png,predictions/probabilities/qata_test_sub-S09326_ses-E23374_run-1_bp-chest_vp-pa_cr.npy
qata_test_sub-S09327_ses-E16112_run-1_bp-chest_vp-ap_dx,sub-S09327,tripath_lesionnet,1003,0.7749345154155757,0.632565789477713,28.928427124746094,5.902398812315988,predictions/masks/qata_test_sub-S09327_ses-E16112_run-1_bp-chest_vp-ap_dx.png,predictions/probabilities/qata_test_sub-S09327_ses-E16112_run-1_bp-chest_vp-ap_dx.npy
qata_test_sub-S09328_ses-E16113_run-1_bp-chest_vp-ap_dx,sub-S09328,tripath_lesionnet,1003,0.36017669047366035,0.21964359721427087,27.06657546722559,10.143673291089518,predictions/masks/qata_test_sub-S09328_ses-E16113_run-1_bp-chest_vp-ap_dx.png,predictions/probabilities/qata_test_sub-S09328_ses-E16113_run-1_bp-chest_vp-ap_dx.npy
qata_test_sub-S09328_ses-E23378_run-1_bp-chest_vp-ap_dx,sub-S09328,tripath_lesionnet,1003,0.6815742397280156,0.51696065132178,36.40054944640259,7.751201162577721,predictions/masks/qata_test_sub-S09328_ses-E23378_run-1_bp-chest_vp-ap_dx.png,predictions/probabilities/qata_test_sub-S09328_ses-E23378_run-1_bp-chest_vp-ap_dx.npy
qata_test_sub-S09331_ses-E16729_run-1_bp-chest_vp-ap_dx,sub-S09331,tripath_lesionnet,1003,0.934629607539457,0.8772813794661596,5.830951894845301,1.7778575553574842,predictions/masks/qata_test_sub-S09331_ses-E16729_run-1_bp-chest_vp-ap_dx.png,predictions/probabilities/qata_test_sub-S09331_ses-E16729_run-1_bp-chest_vp-ap_dx.npy
qata_test_sub-S09331_ses-E18504_acq-2_run-1_bp-chest_vp-ap_dx,sub-S09331,tripath_lesionnet,1003,0.8968444109802393,0.8129808885602757,39.93619012205111,5.932540105725081,predictions/masks/qata_test_sub-S09331_ses-E18504_acq-2_run-1_bp-chest_vp-ap_dx.png,predictions/probabilities/qata_test_sub-S09331_ses-E18504_acq-2_run-1_bp-chest_vp-ap_dx.npy
qata_test_sub-S09331_ses-E20337_run-1_bp-chest_vp-ap_dx,sub-S09331,tripath_lesionnet,1003,0.79477785919007,0.6594451199330226,37.40711945696486,7.370274187985073,predictions/masks/qata_test_sub-S09331_ses-E20337_run-1_bp-chest_vp-ap_dx.png,predictions/probabilities/qata_test_sub-S09331_ses-E20337_run-1_bp-chest_vp-ap_dx.npy
qata_test_sub-S09331_ses-E21867_run-1_bp-chest_vp-ap_dx,sub-S09331,tripath_lesionnet,1003,0.919283175356048,0.8506235439242069,6.324555320336759,1.877542680513181,predictions/masks/qata_test_sub-S09331_ses-E21867_run-1_bp-chest_vp-ap_dx.png,predictions/probabilities/qata_test_sub-S09331_ses-E21867_run-1_bp-chest_vp-ap_dx.npy
qata_test_sub-S09331_ses-E21867_run-2_bp-chest_vp-ap_dx,sub-S09331,tripath_lesionnet,1003,0.795471087749329,0.6604001611432738,14.23370053549679,4.631933563575895,predictions/masks/qata_test_sub-S09331_ses-E21867_run-2_bp-chest_vp-ap_dx.png,predictions/probabilities/qata_test_sub-S09331_ses-E21867_run-2_bp-chest_vp-ap_dx.npy
qata_test_sub-S09331_ses-E21867_run-3_bp-chest_vp-ap_dx,sub-S09331,tripath_lesionnet,1003,0.8853054101229647,0.7942134268562849,37.21887538961505,5.081960890431117,predictions/masks/qata_test_sub-S09331_ses-E21867_run-3_bp-chest_vp-ap_dx.png,predictions/probabilities/qata_test_sub-S09331_ses-E21867_run-3_bp-chest_vp-ap_dx.npy
qata_test_sub-S09331_ses-E26757_run-1_bp-chest_vp-pa_dx,sub-S09331,tripath_lesionnet,1003,0.6306806906205461,0.4605797101605629,17.082145378164192,4.562765081101809,predictions/masks/qata_test_sub-S09331_ses-E26757_run-1_bp-chest_vp-pa_dx.png,predictions/probabilities/qata_test_sub-S09331_ses-E26757_run-1_bp-chest_vp-pa_dx.npy
qata_test_sub-S09332_ses-E22940_run-1_bp-chest_vp-pa_cr,sub-S09332,tripath_lesionnet,1003,0.8062938549902978,0.675454221600447,84.9290597807927,10.584679880077047,predictions/masks/qata_test_sub-S09332_ses-E22940_run-1_bp-chest_vp-pa_cr.png,predictions/probabilities/qata_test_sub-S09332_ses-E22940_run-1_bp-chest_vp-pa_cr.npy
qata_test_sub-S09332_ses-E23999_run-1_bp-chest_vp-pa_cr,sub-S09332,tripath_lesionnet,1003,0.8688987494975272,0.7681883024306184,95.56331542207874,17.13703646902958,predictions/masks/qata_test_sub-S09332_ses-E23999_run-1_bp-chest_vp-pa_cr.png,predictions/probabilities/qata_test_sub-S09332_ses-E23999_run-1_bp-chest_vp-pa_cr.npy
qata_test_sub-S09332_ses-E24659_run-1_bp-chest_vp-pa_cr,sub-S09332,tripath_lesionnet,1003,0.9220864251427097,0.8554363231452635,8.230868847255149,1.7887837801280144,predictions/masks/qata_test_sub-S09332_ses-E24659_run-1_bp-chest_vp-pa_cr.png,predictions/probabilities/qata_test_sub-S09332_ses-E24659_run-1_bp-chest_vp-pa_cr.npy
qata_test_sub-S09333_ses-E23536_run-1_bp-chest_vp-ap_dx,sub-S09333,tripath_lesionnet,1003,0.8165368484144213,0.689955447555894,22.64728499276241,4.389315800240609,predictions/masks/qata_test_sub-S09333_ses-E23536_run-1_bp-chest_vp-ap_dx.png,predictions/probabilities/qata_test_sub-S09333_ses-E23536_run-1_bp-chest_vp-ap_dx.npy
qata_test_sub-S09333_ses-E23993_run-1_bp-chest_vp-ap_dx,sub-S09333,tripath_lesionnet,1003,0.9658677685951824,0.9339886518026533,3.1622776601683795,1.049497113462728,predictions/masks/qata_test_sub-S09333_ses-E23993_run-1_bp-chest_vp-ap_dx.png,predictions/probabilities/qata_test_sub-S09333_ses-E23993_run-1_bp-chest_vp-ap_dx.npy
qata_test_sub-S09333_ses-E24256_run-1_bp-chest_vp-ap_cr,sub-S09333,tripath_lesionnet,1003,0.6788247213833363,0.5138036809940235,103.33150336269458,22.664227259285685,predictions/masks/qata_test_sub-S09333_ses-E24256_run-1_bp-chest_vp-ap_cr.png,predictions/probabilities/qata_test_sub-S09333_ses-E24256_run-1_bp-chest_vp-ap_cr.npy
qata_test_sub-S09333_ses-E24648_run-1_bp-chest_vp-ap_dx,sub-S09333,tripath_lesionnet,1003,0.7154278945837979,0.5569386814268182,54.23651371307244,10.510147482839338,predictions/masks/qata_test_sub-S09333_ses-E24648_run-1_bp-chest_vp-ap_dx.png,predictions/probabilities/qata_test_sub-S09333_ses-E24648_run-1_bp-chest_vp-ap_dx.npy
qata_test_sub-S09333_ses-E24931_run-1_bp-chest_vp-ap_cr,sub-S09333,tripath_lesionnet,1003,0.801186943622363,0.6683168316892498,12.132533425795685,3.4309010607612276,predictions/masks/qata_test_sub-S09333_ses-E24931_run-1_bp-chest_vp-ap_cr.png,predictions/probabilities/qata_test_sub-S09333_ses-E24931_run-1_bp-chest_vp-ap_cr.npy
qata_test_sub-S09334_ses-E20884_run-1_bp-chest_vp-ap_dx,sub-S09334,tripath_lesionnet,1003,0.8423871150965865,0.7276932781963433,25.24473218555362,5.450603983654712,predictions/masks/qata_test_sub-S09334_ses-E20884_run-1_bp-chest_vp-ap_dx.png,predictions/probabilities/qata_test_sub-S09334_ses-E20884_run-1_bp-chest_vp-ap_dx.npy
qata_test_sub-S09334_ses-E21425_run-1_bp-chest_vp-ap_dx,sub-S09334,tripath_lesionnet,1003,0.7773012207216836,0.6357258499795696,15.257757943871129,5.015350657871448,predictions/masks/qata_test_sub-S09334_ses-E21425_run-1_bp-chest_vp-ap_dx.png,predictions/probabilities/qata_test_sub-S09334_ses-E21425_run-1_bp-chest_vp-ap_dx.npy
qata_test_sub-S09334_ses-E21582_run-1_bp-chest_vp-ap_dx,sub-S09334,tripath_lesionnet,1003,0.4934482926616326,0.32753491981810956,69.02750665539519,15.933595209305071,predictions/masks/qata_test_sub-S09334_ses-E21582_run-1_bp-chest_vp-ap_dx.png,predictions/probabilities/qata_test_sub-S09334_ses-E21582_run-1_bp-chest_vp-ap_dx.npy
qata_test_sub-S09334_ses-E21749_run-1_bp-chest_vp-ap_dx,sub-S09334,tripath_lesionnet,1003,0.8584980237161608,0.752077562329159,36.40526233105872,6.414048367088223,predictions/masks/qata_test_sub-S09334_ses-E21749_run-1_bp-chest_vp-ap_dx.png,predictions/probabilities/qata_test_sub-S09334_ses-E21749_run-1_bp-chest_vp-ap_dx.npy
qata_test_sub-S09334_ses-E21958_run-1_bp-chest_vp-ap_dx,sub-S09334,tripath_lesionnet,1003,0.8972006586691531,0.8135665529030123,27.0,4.927878039229837,predictions/masks/qata_test_sub-S09334_ses-E21958_run-1_bp-chest_vp-ap_dx.png,predictions/probabilities/qata_test_sub-S09334_ses-E21958_run-1_bp-chest_vp-ap_dx.npy
qata_test_sub-S09334_ses-E22097_run-1_bp-chest_vp-ap_dx,sub-S09334,tripath_lesionnet,1003,0.9073473797953313,0.8304079110033324,11.058858904218418,2.662493622915551,predictions/masks/qata_test_sub-S09334_ses-E22097_run-1_bp-chest_vp-ap_dx.png,predictions/probabilities/qata_test_sub-S09334_ses-E22097_run-1_bp-chest_vp-ap_dx.npy
qata_test_sub-S09334_ses-E22257_run-1_bp-chest_vp-ap_dx,sub-S09334,tripath_lesionnet,1003,0.9372586332348057,0.8819254265864555,6.324555320336758,1.8152698059851284,predictions/masks/qata_test_sub-S09334_ses-E22257_run-1_bp-chest_vp-ap_dx.png,predictions/probabilities/qata_test_sub-S09334_ses-E22257_run-1_bp-chest_vp-ap_dx.npy
qata_test_sub-S09334_ses-E22257_run-2_bp-chest_vp-ap_dx,sub-S09334,tripath_lesionnet,1003,0.5409043838532809,0.37071208896686275,87.00919464317136,26.785481584730277,predictions/masks/qata_test_sub-S09334_ses-E22257_run-2_bp-chest_vp-ap_dx.png,predictions/probabilities/qata_test_sub-S09334_ses-E22257_run-2_bp-chest_vp-ap_dx.npy
qata_test_sub-S09336_ses-E26268_run-1_bp-chest_vp-pa_cr,sub-S09336,tripath_lesionnet,1003,0.3857566765730525,0.23897058825860998,28.188521032037716,9.909572095512031,predictions/masks/qata_test_sub-S09336_ses-E26268_run-1_bp-chest_vp-pa_cr.png,predictions/probabilities/qata_test_sub-S09336_ses-E26268_run-1_bp-chest_vp-pa_cr.npy
qata_test_sub-S09337_ses-E20401_run-1_bp-chest_vp-ap_cr,sub-S09337,tripath_lesionnet,1003,0.9189916569487845,0.8501244813302884,5.3565502777802925,1.686216879018094,predictions/masks/qata_test_sub-S09337_ses-E20401_run-1_bp-chest_vp-ap_cr.png,predictions/probabilities/qata_test_sub-S09337_ses-E20401_run-1_bp-chest_vp-ap_cr.npy
qata_test_sub-S09337_ses-E21345_run-1_bp-chest_vp-ap_cr,sub-S09337,tripath_lesionnet,1003,0.9526494447963141,0.9095803120203299,4.0,1.1440972429612473,predictions/masks/qata_test_sub-S09337_ses-E21345_run-1_bp-chest_vp-ap_cr.png,predictions/probabilities/qata_test_sub-S09337_ses-E21345_run-1_bp-chest_vp-ap_cr.npy
qata_test_sub-S09337_ses-E21898_run-1_bp-chest_vp-ap_cr,sub-S09337,tripath_lesionnet,1003,0.7872415001789828,0.6491329479870193,17.425309397199797,3.7129820498804094,predictions/masks/qata_test_sub-S09337_ses-E21898_run-1_bp-chest_vp-ap_cr.png,predictions/probabilities/qata_test_sub-S09337_ses-E21898_run-1_bp-chest_vp-ap_cr.npy
qata_test_sub-S09337_ses-E23294_run-1_bp-chest_vp-ap_cr,sub-S09337,tripath_lesionnet,1003,0.8511386470206703,0.7408541029042289,22.330543537970982,4.08721652673823,predictions/masks/qata_test_sub-S09337_ses-E23294_run-1_bp-chest_vp-ap_cr.png,predictions/probabilities/qata_test_sub-S09337_ses-E23294_run-1_bp-chest_vp-ap_cr.npy
qata_test_sub-S09337_ses-E26482_run-1_bp-chest_vp-ap_dx,sub-S09337,tripath_lesionnet,1003,0.8226262041006546,0.6986958661454392,32.61606268017386,5.154579773563732,predictions/masks/qata_test_sub-S09337_ses-E26482_run-1_bp-chest_vp-ap_dx.png,predictions/probabilities/qata_test_sub-S09337_ses-E26482_run-1_bp-chest_vp-ap_dx.npy
qata_test_sub-S09338_ses-E19413_run-1_bp-chest_vp-ap_dx,sub-S09338,tripath_lesionnet,1003,0.7335640138540008,0.5792349727104422,96.08639100464113,24.621521180098515,predictions/masks/qata_test_sub-S09338_ses-E19413_run-1_bp-chest_vp-ap_dx.png,predictions/probabilities/qata_test_sub-S09338_ses-E19413_run-1_bp-chest_vp-ap_dx.npy
qata_test_sub-S09338_ses-E20659_run-1_bp-chest_vp-ap_cr,sub-S09338,tripath_lesionnet,1003,1.0040160641562233e-10,1.0040160641562233e-10,144.23071247929892,127.74366942744517,predictions/masks/qata_test_sub-S09338_ses-E20659_run-1_bp-chest_vp-ap_cr.png,predictions/probabilities/qata_test_sub-S09338_ses-E20659_run-1_bp-chest_vp-ap_cr.npy
qata_test_sub-S09338_ses-E24068_run-1_bp-chest_vp-ap_dx,sub-S09338,tripath_lesionnet,1003,0.8779576587871758,0.7824639289919574,5.830951894845301,1.4084980588429137,predictions/masks/qata_test_sub-S09338_ses-E24068_run-1_bp-chest_vp-ap_dx.png,predictions/probabilities/qata_test_sub-S09338_ses-E24068_run-1_bp-chest_vp-ap_dx.npy
qata_test_sub-S09339_ses-E16128_acq-1_run-1_bp-chest_vp-pa_dx,sub-S09339,tripath_lesionnet,1003,0.6107854630943268,0.4396624473046698,109.0,21.217646809006503,predictions/masks/qata_test_sub-S09339_ses-E16128_acq-1_run-1_bp-chest_vp-pa_dx.png,predictions/probabilities/qata_test_sub-S09339_ses-E16128_acq-1_run-1_bp-chest_vp-pa_dx.npy
qata_test_sub-S09339_ses-E16833_run-1_bp-chest_vp-ap_dx,sub-S09339,tripath_lesionnet,1003,0.3818448023607074,0.2359753890975036,84.43458164721099,18.367634541625478,predictions/masks/qata_test_sub-S09339_ses-E16833_run-1_bp-chest_vp-ap_dx.png,predictions/probabilities/qata_test_sub-S09339_ses-E16833_run-1_bp-chest_vp-ap_dx.npy
qata_test_sub-S09339_ses-E17821_run-1_bp-chest_vp-pa_dx,sub-S09339,tripath_lesionnet,1003,0.1775568182402303,0.09742790342186843,94.45617813972842,27.48539414617847,predictions/masks/qata_test_sub-S09339_ses-E17821_run-1_bp-chest_vp-pa_dx.png,predictions/probabilities/qata_test_sub-S09339_ses-E17821_run-1_bp-chest_vp-pa_dx.npy
qata_test_sub-S09339_ses-E20698_run-1_bp-chest_vp-pa_dx,sub-S09339,tripath_lesionnet,1003,0.8268698061061724,0.7048406139663707,5.385164807134504,2.0512002339975144,predictions/masks/qata_test_sub-S09339_ses-E20698_run-1_bp-chest_vp-pa_dx.png,predictions/probabilities/qata_test_sub-S09339_ses-E20698_run-1_bp-chest_vp-pa_dx.npy
qata_test_sub-S09340_ses-E16129_run-1_bp-chest_vp-ap_cr,sub-S09340,tripath_lesionnet,1003,0.9563826004506556,0.9164111300406994,3.6055512754639896,1.044355588084652,predictions/masks/qata_test_sub-S09340_ses-E16129_run-1_bp-chest_vp-ap_cr.png,predictions/probabilities/qata_test_sub-S09340_ses-E16129_run-1_bp-chest_vp-ap_cr.npy
qata_test_sub-S09340_ses-E16136_run-1_bp-chest_vp-ap_cr,sub-S09340,tripath_lesionnet,1003,0.9386176897055424,0.8843351548282747,5.656854249492381,1.5673173808411591,predictions/masks/qata_test_sub-S09340_ses-E16136_run-1_bp-chest_vp-ap_cr.png,predictions/probabilities/qata_test_sub-S09340_ses-E16136_run-1_bp-chest_vp-ap_cr.npy
qata_test_sub-S09340_ses-E16283_run-1_bp-chest_vp-ap_cr,sub-S09340,tripath_lesionnet,1003,0.9601880276287404,0.9234246701732316,4.206780168668776,1.098191328012929,predictions/masks/qata_test_sub-S09340_ses-E16283_run-1_bp-chest_vp-ap_cr.png,predictions/probabilities/qata_test_sub-S09340_ses-E16283_run-1_bp-chest_vp-ap_cr.npy
qata_test_sub-S09340_ses-E16372_run-1_bp-chest_vp-ap_cr,sub-S09340,tripath_lesionnet,1003,0.7673764564097537,0.6225554106951047,15.285606184371737,4.80384005661101,predictions/masks/qata_test_sub-S09340_ses-E16372_run-1_bp-chest_vp-ap_cr.png,predictions/probabilities/qata_test_sub-S09340_ses-E16372_run-1_bp-chest_vp-ap_cr.npy
qata_test_sub-S09340_ses-E16560_run-1_bp-chest_vp-ap_cr,sub-S09340,tripath_lesionnet,1003,0.9414556962028879,0.8893871449937979,5.385164807134504,1.403921812644013,predictions/masks/qata_test_sub-S09340_ses-E16560_run-1_bp-chest_vp-ap_cr.png,predictions/probabilities/qata_test_sub-S09340_ses-E16560_run-1_bp-chest_vp-ap_cr.npy
qata_test_sub-S09340_ses-E16561_run-1_bp-chest_vp-ap_cr,sub-S09340,tripath_lesionnet,1003,0.8967937316738125,0.8128976034874693,10.074451073107479,2.9616050714252906,predictions/masks/qata_test_sub-S09340_ses-E16561_run-1_bp-chest_vp-ap_cr.png,predictions/probabilities/qata_test_sub-S09340_ses-E16561_run-1_bp-chest_vp-ap_cr.npy
qata_test_sub-S09340_ses-E16634_run-1_bp-chest_vp-ap_cr,sub-S09340,tripath_lesionnet,1003,0.943813030254822,0.8936041224624269,5.0,1.5135326471545412,predictions/masks/qata_test_sub-S09340_ses-E16634_run-1_bp-chest_vp-ap_cr.png,predictions/probabilities/qata_test_sub-S09340_ses-E16634_run-1_bp-chest_vp-ap_cr.npy
qata_test_sub-S09340_ses-E16717_run-1_bp-chest_vp-ap_cr,sub-S09340,tripath_lesionnet,1003,0.9166148102058704,0.8460654796111882,10.324565414571717,2.3000229163487718,predictions/masks/qata_test_sub-S09340_ses-E16717_run-1_bp-chest_vp-ap_cr.png,predictions/probabilities/qata_test_sub-S09340_ses-E16717_run-1_bp-chest_vp-ap_cr.npy
qata_test_sub-S09340_ses-E17139_run-1_bp-chest_vp-pa_cr,sub-S09340,tripath_lesionnet,1003,0.80216476247864,0.6696787148627542,19.0,5.097430888481565,predictions/masks/qata_test_sub-S09340_ses-E17139_run-1_bp-chest_vp-pa_cr.png,predictions/probabilities/qata_test_sub-S09340_ses-E17139_run-1_bp-chest_vp-pa_cr.npy
qata_test_sub-S09340_ses-E17282_run-1_bp-chest_vp-ap_cr,sub-S09340,tripath_lesionnet,1003,0.8656442521973307,0.7631153223997431,9.391093797103851,2.315966771879524,predictions/masks/qata_test_sub-S09340_ses-E17282_run-1_bp-chest_vp-ap_cr.png,predictions/probabilities/qata_test_sub-S09340_ses-E17282_run-1_bp-chest_vp-ap_cr.npy
qata_test_sub-S09340_ses-E17441_run-1_bp-chest_vp-ap_cr,sub-S09340,tripath_lesionnet,1003,0.9251774986349974,0.8607723577248635,11.40175425099138,2.657239279058835,predictions/masks/qata_test_sub-S09340_ses-E17441_run-1_bp-chest_vp-ap_cr.png,predictions/probabilities/qata_test_sub-S09340_ses-E17441_run-1_bp-chest_vp-ap_cr.npy
qata_test_sub-S09340_ses-E17520_run-1_bp-chest_vp-ap_cr,sub-S09340,tripath_lesionnet,1003,0.7834284955531574,0.6439641999602274,38.07229453813722,7.426553629685614,predictions/masks/qata_test_sub-S09340_ses-E17520_run-1_bp-chest_vp-ap_cr.png,predictions/probabilities/qata_test_sub-S09340_ses-E17520_run-1_bp-chest_vp-ap_cr.npy
qata_test_sub-S09340_ses-E17621_run-1_bp-chest_vp-ap_cr,sub-S09340,tripath_lesionnet,1003,0.5643493396174428,0.3930965625532292,72.97910015128315,14.786494830948017,predictions/masks/qata_test_sub-S09340_ses-E17621_run-1_bp-chest_vp-ap_cr.png,predictions/probabilities/qata_test_sub-S09340_ses-E17621_run-1_bp-chest_vp-ap_cr.npy
qata_test_sub-S09340_ses-E17823_run-1_bp-chest_vp-ap_cr,sub-S09340,tripath_lesionnet,1003,0.9544979079500288,0.9129564782399905,4.0,1.2222510863402531,predictions/masks/qata_test_sub-S09340_ses-E17823_run-1_bp-chest_vp-ap_cr.png,predictions/probabilities/qata_test_sub-S09340_ses-E17823_run-1_bp-chest_vp-ap_cr.npy
qata_test_sub-S09340_ses-E17825_run-1_bp-chest_vp-ap_cr,sub-S09340,tripath_lesionnet,1003,0.9567977778882159,0.9171738303545343,3.0,1.1663624761676101,predictions/masks/qata_test_sub-S09340_ses-E17825_run-1_bp-chest_vp-ap_cr.png,predictions/probabilities/qata_test_sub-S09340_ses-E17825_run-1_bp-chest_vp-ap_cr.npy
qata_test_sub-S09340_ses-E17940_run-1_bp-chest_vp-ap_cr,sub-S09340,tripath_lesionnet,1003,0.905839995118656,0.8278862242071624,14.142135623730951,2.438364114106631,predictions/masks/qata_test_sub-S09340_ses-E17940_run-1_bp-chest_vp-ap_cr.png,predictions/probabilities/qata_test_sub-S09340_ses-E17940_run-1_bp-chest_vp-ap_cr.npy
qata_test_sub-S09340_ses-E18102_run-1_bp-chest_vp-ap_cr,sub-S09340,tripath_lesionnet,1003,0.8521265324663129,0.7423523206773703,15.92455532033674,3.6726171643392593,predictions/masks/qata_test_sub-S09340_ses-E18102_run-1_bp-chest_vp-ap_cr.png,predictions/probabilities/qata_test_sub-S09340_ses-E18102_run-1_bp-chest_vp-ap_cr.npy
qata_test_sub-S09340_ses-E18484_run-1_bp-chest_vp-ap_cr,sub-S09340,tripath_lesionnet,1003,0.9253265337985881,0.8610304086784716,11.307040068410446,2.214696895101602,predictions/masks/qata_test_sub-S09340_ses-E18484_run-1_bp-chest_vp-ap_cr.png,predictions/probabilities/qata_test_sub-S09340_ses-E18484_run-1_bp-chest_vp-ap_cr.npy
qata_test_sub-S09340_ses-E18996_run-1_bp-chest_vp-ap_cr,sub-S09340,tripath_lesionnet,1003,0.9299181003686587,0.8690158208355351,6.4031242374328485,1.9059266356501035,predictions/masks/qata_test_sub-S09340_ses-E18996_run-1_bp-chest_vp-ap_cr.png,predictions/probabilities/qata_test_sub-S09340_ses-E18996_run-1_bp-chest_vp-ap_cr.npy
qata_test_sub-S09340_ses-E19161_run-1_bp-chest_vp-ap_cr,sub-S09340,tripath_lesionnet,1003,0.9493116965997388,0.9035140997839175,6.082762530298219,1.5476013743720962,predictions/masks/qata_test_sub-S09340_ses-E19161_run-1_bp-chest_vp-ap_cr.png,predictions/probabilities/qata_test_sub-S09340_ses-E19161_run-1_bp-chest_vp-ap_cr.npy
qata_test_sub-S09340_ses-E19480_run-1_bp-chest_vp-ap_cr,sub-S09340,tripath_lesionnet,1003,0.9249958051349348,0.8604578564010358,7.0,2.162155382890943,predictions/masks/qata_test_sub-S09340_ses-E19480_run-1_bp-chest_vp-ap_cr.png,predictions/probabilities/qata_test_sub-S09340_ses-E19480_run-1_bp-chest_vp-ap_cr.npy
qata_test_sub-S09340_ses-E19710_run-1_bp-chest_vp-ap_cr,sub-S09340,tripath_lesionnet,1003,0.8471065322235473,0.7347656621377053,11.40175425099138,4.040360427666342,predictions/masks/qata_test_sub-S09340_ses-E19710_run-1_bp-chest_vp-ap_cr.png,predictions/probabilities/qata_test_sub-S09340_ses-E19710_run-1_bp-chest_vp-ap_cr.npy
qata_test_sub-S09340_ses-E19860_run-1_bp-chest_vp-ap_cr,sub-S09340,tripath_lesionnet,1003,0.7764496439485221,0.6345874038699377,32.82512859730525,7.388210659522309,predictions/masks/qata_test_sub-S09340_ses-E19860_run-1_bp-chest_vp-ap_cr.png,predictions/probabilities/qata_test_sub-S09340_ses-E19860_run-1_bp-chest_vp-ap_cr.npy
qata_test_sub-S09340_ses-E20710_run-1_bp-chest_vp-ap_cr,sub-S09340,tripath_lesionnet,1003,0.9538050288198404,0.9116895560530845,4.47213595499958,1.4046651727857058,predictions/masks/qata_test_sub-S09340_ses-E20710_run-1_bp-chest_vp-ap_cr.png,predictions/probabilities/qata_test_sub-S09340_ses-E20710_run-1_bp-chest_vp-ap_cr.npy
qata_test_sub-S09340_ses-E20837_run-1_bp-chest_vp-ap_cr,sub-S09340,tripath_lesionnet,1003,0.9355410447764201,0.8788887915180187,6.324555320336759,1.8940380404920807,predictions/masks/qata_test_sub-S09340_ses-E20837_run-1_bp-chest_vp-ap_cr.png,predictions/probabilities/qata_test_sub-S09340_ses-E20837_run-1_bp-chest_vp-ap_cr.npy
qata_test_sub-S09340_ses-E21534_run-1_bp-chest_vp-ap_cr,sub-S09340,tripath_lesionnet,1003,0.8952854773756498,0.8104224748036626,9.486832980505138,2.5352332747074247,predictions/masks/qata_test_sub-S09340_ses-E21534_run-1_bp-chest_vp-ap_cr.png,predictions/probabilities/qata_test_sub-S09340_ses-E21534_run-1_bp-chest_vp-ap_cr.npy
qata_test_sub-S09340_ses-E21862_run-1_bp-chest_vp-ap_cr,sub-S09340,tripath_lesionnet,1003,0.8808552309459698,0.7870788974801359,11.622881358885694,2.887115095948076,predictions/masks/qata_test_sub-S09340_ses-E21862_run-1_bp-chest_vp-ap_cr.png,predictions/probabilities/qata_test_sub-S09340_ses-E21862_run-1_bp-chest_vp-ap_cr.npy
qata_test_sub-S09340_ses-E21921_run-1_bp-chest_vp-ap_cr,sub-S09340,tripath_lesionnet,1003,0.9665804935371723,0.9353224779410959,2.8284271247461903,0.9078961083404077,predictions/masks/qata_test_sub-S09340_ses-E21921_run-1_bp-chest_vp-ap_cr.png,predictions/probabilities/qata_test_sub-S09340_ses-E21921_run-1_bp-chest_vp-ap_cr.npy
qata_test_sub-S09340_ses-E22056_run-1_bp-chest_vp-ap_cr,sub-S09340,tripath_lesionnet,1003,0.8934648934656552,0.8074437839259829,7.0710678118654755,2.6023888411187963,predictions/masks/qata_test_sub-S09340_ses-E22056_run-1_bp-chest_vp-ap_cr.png,predictions/probabilities/qata_test_sub-S09340_ses-E22056_run-1_bp-chest_vp-ap_cr.npy
qata_test_sub-S09340_ses-E22201_run-1_bp-chest_vp-ap_cr,sub-S09340,tripath_lesionnet,1003,0.9429894018763371,0.892128615882308,5.227784895686572,1.432733239416571,predictions/masks/qata_test_sub-S09340_ses-E22201_run-1_bp-chest_vp-ap_cr.png,predictions/probabilities/qata_test_sub-S09340_ses-E22201_run-1_bp-chest_vp-ap_cr.npy
qata_test_sub-S09340_ses-E23149_run-1_bp-chest_vp-ap_cr,sub-S09340,tripath_lesionnet,1003,0.9467694237837316,0.8989194248285636,6.312465680834788,1.8050326488263428,predictions/masks/qata_test_sub-S09340_ses-E23149_run-1_bp-chest_vp-ap_cr.png,predictions/probabilities/qata_test_sub-S09340_ses-E23149_run-1_bp-chest_vp-ap_cr.npy
qata_test_sub-S09341_ses-E16130_run-1_bp-chest_vp-ap_dx,sub-S09341,tripath_lesionnet,1003,0.5295275591014245,0.3601070951325158,75.01266503756092,20.623967750127797,predictions/masks/qata_test_sub-S09341_ses-E16130_run-1_bp-chest_vp-ap_dx.png,predictions/probabilities/qata_test_sub-S09341_ses-E16130_run-1_bp-chest_vp-ap_dx.npy
qata_test_sub-S09341_ses-E21404_run-1_bp-chest_vp-ap_cr,sub-S09341,tripath_lesionnet,1003,0.6936560935019342,0.5309904153654319,7.280109889280518,2.676449978469515,predictions/masks/qata_test_sub-S09341_ses-E21404_run-1_bp-chest_vp-ap_cr.png,predictions/probabilities/qata_test_sub-S09341_ses-E21404_run-1_bp-chest_vp-ap_cr.npy
qata_test_sub-S09341_ses-E22065_run-1_bp-chest_vp-ap_cr,sub-S09341,tripath_lesionnet,1003,0.8189947579457603,0.6934725848724035,10.802756562755077,2.5050859865193487,predictions/masks/qata_test_sub-S09341_ses-E22065_run-1_bp-chest_vp-ap_cr.png,predictions/probabilities/qata_test_sub-S09341_ses-E22065_run-1_bp-chest_vp-ap_cr.npy
qata_test_sub-S09341_ses-E23187_run-1_bp-chest_vp-ap_cr,sub-S09341,tripath_lesionnet,1003,0.8263435849696693,0.704076230825618,10.0,2.22623477520971,predictions/masks/qata_test_sub-S09341_ses-E23187_run-1_bp-chest_vp-ap_cr.png,predictions/probabilities/qata_test_sub-S09341_ses-E23187_run-1_bp-chest_vp-ap_cr.npy
qata_test_sub-S09343_ses-E16132_run-1_bp-chest_vp-pa_cr,sub-S09343,tripath_lesionnet,1003,0.23658780407379107,0.13416477703282736,123.78933664435488,53.00332783617181,predictions/masks/qata_test_sub-S09343_ses-E16132_run-1_bp-chest_vp-pa_cr.png,predictions/probabilities/qata_test_sub-S09343_ses-E16132_run-1_bp-chest_vp-pa_cr.npy
qata_test_sub-S09343_ses-E16287_run-1_bp-chest_vp-pa_cr,sub-S09343,tripath_lesionnet,1003,0.9652018839454698,0.932744144940939,2.8284271247461903,0.9816114249757897,predictions/masks/qata_test_sub-S09343_ses-E16287_run-1_bp-chest_vp-pa_cr.png,predictions/probabilities/qata_test_sub-S09343_ses-E16287_run-1_bp-chest_vp-pa_cr.npy
qata_test_sub-S09343_ses-E19246_run-1_bp-chest_vp-ap_dx,sub-S09343,tripath_lesionnet,1003,0.959076278547187,0.9213703740068581,3.6252737116907716,1.0860588004676264,predictions/masks/qata_test_sub-S09343_ses-E19246_run-1_bp-chest_vp-ap_dx.png,predictions/probabilities/qata_test_sub-S09343_ses-E19246_run-1_bp-chest_vp-ap_dx.npy
qata_test_sub-S09343_ses-E19502_run-1_bp-chest_vp-ap_dx,sub-S09343,tripath_lesionnet,1003,0.9680758560723445,0.938126956103538,2.23606797749979,0.8888574557638362,predictions/masks/qata_test_sub-S09343_ses-E19502_run-1_bp-chest_vp-ap_dx.png,predictions/probabilities/qata_test_sub-S09343_ses-E19502_run-1_bp-chest_vp-ap_dx.npy
qata_test_sub-S09343_ses-E19736_run-1_bp-chest_vp-ap_dx,sub-S09343,tripath_lesionnet,1003,0.9577545195054341,0.9189337228417114,4.04308696896617,1.1252906721614833,predictions/masks/qata_test_sub-S09343_ses-E19736_run-1_bp-chest_vp-ap_dx.png,predictions/probabilities/qata_test_sub-S09343_ses-E19736_run-1_bp-chest_vp-ap_dx.npy
qata_test_sub-S09343_ses-E19885_run-1_bp-chest_vp-ap_dx,sub-S09343,tripath_lesionnet,1003,0.9694624729573579,0.9407347597905472,2.8284271247461903,0.8484401866870864,predictions/masks/qata_test_sub-S09343_ses-E19885_run-1_bp-chest_vp-ap_dx.png,predictions/probabilities/qata_test_sub-S09343_ses-E19885_run-1_bp-chest_vp-ap_dx.npy
qata_test_sub-S09343_ses-E20470_acq-1_run-1_bp-chest_vp-ap_dx,sub-S09343,tripath_lesionnet,1003,0.974341430037758,0.9499666444300966,2.0,0.6724308960724644,predictions/masks/qata_test_sub-S09343_ses-E20470_acq-1_run-1_bp-chest_vp-ap_dx.png,predictions/probabilities/qata_test_sub-S09343_ses-E20470_acq-1_run-1_bp-chest_vp-ap_dx.npy
qata_test_sub-S09343_ses-E20470_acq-2_run-1_bp-chest_vp-ap_dx,sub-S09343,tripath_lesionnet,1003,0.9667815178020727,0.9356990166743421,2.23606797749979,0.8582642197176349,predictions/masks/qata_test_sub-S09343_ses-E20470_acq-2_run-1_bp-chest_vp-ap_dx.png,predictions/probabilities/qata_test_sub-S09343_ses-E20470_acq-2_run-1_bp-chest_vp-ap_dx.npy
qata_test_sub-S09343_ses-E20998_run-1_bp-chest_vp-ap_dx,sub-S09343,tripath_lesionnet,1003,0.9675215275179356,0.9370863928933271,3.0,0.8658898889691389,predictions/masks/qata_test_sub-S09343_ses-E20998_run-1_bp-chest_vp-ap_dx.png,predictions/probabilities/qata_test_sub-S09343_ses-E20998_run-1_bp-chest_vp-ap_dx.npy
qata_test_sub-S09343_ses-E21221_run-1_bp-chest_vp-ap_dx,sub-S09343,tripath_lesionnet,1003,0.8206587015625472,0.6958619211010305,21.587033144922902,3.5839753526022093,predictions/masks/qata_test_sub-S09343_ses-E21221_run-1_bp-chest_vp-ap_dx.png,predictions/probabilities/qata_test_sub-S09343_ses-E21221_run-1_bp-chest_vp-ap_dx.npy
qata_test_sub-S09343_ses-E21405_acq-1_run-1_bp-chest_vp-ap_dx,sub-S09343,tripath_lesionnet,1003,0.9771322620520337,0.9552870090638944,2.0,0.5703347126638144,predictions/masks/qata_test_sub-S09343_ses-E21405_acq-1_run-1_bp-chest_vp-ap_dx.png,predictions/probabilities/qata_test_sub-S09343_ses-E21405_acq-1_run-1_bp-chest_vp-ap_dx.npy
qata_test_sub-S09343_ses-E22412_run-1_bp-chest_vp-ap_dx,sub-S09343,tripath_lesionnet,1003,0.6291843147996367,0.4589853483558358,49.43260102552318,9.228412729778398,predictions/masks/qata_test_sub-S09343_ses-E22412_run-1_bp-chest_vp-ap_dx.png,predictions/probabilities/qata_test_sub-S09343_ses-E22412_run-1_bp-chest_vp-ap_dx.npy
qata_test_sub-S09343_ses-E23417_run-1_bp-chest_vp-ap_dx,sub-S09343,tripath_lesionnet,1003,0.9631298807258901,0.9288818944849454,3.0,1.0594752915539045,predictions/masks/qata_test_sub-S09343_ses-E23417_run-1_bp-chest_vp-ap_dx.png,predictions/probabilities/qata_test_sub-S09343_ses-E23417_run-1_bp-chest_vp-ap_dx.npy
qata_test_sub-S09343_ses-E24578_run-1_bp-chest_vp-ap_dx,sub-S09343,tripath_lesionnet,1003,0.9466714246066902,0.8987427538967195,6.324555320336758,1.679841767956082,predictions/masks/qata_test_sub-S09343_ses-E24578_run-1_bp-chest_vp-ap_dx.png,predictions/probabilities/qata_test_sub-S09343_ses-E24578_run-1_bp-chest_vp-ap_dx.npy
qata_test_sub-S09343_ses-E25885_run-1_bp-chest_vp-ap_dx,sub-S09343,tripath_lesionnet,1003,0.9696913779583444,0.9411659353457404,2.0,0.7868913574203655,predictions/masks/qata_test_sub-S09343_ses-E25885_run-1_bp-chest_vp-ap_dx.png,predictions/probabilities/qata_test_sub-S09343_ses-E25885_run-1_bp-chest_vp-ap_dx.npy
qata_test_sub-S09343_ses-E26378_run-1_bp-chest_vp-ap_dx,sub-S09343,tripath_lesionnet,1003,0.9642014650500178,0.9308774172931846,3.1622776601683795,0.9816014946448708,predictions/masks/qata_test_sub-S09343_ses-E26378_run-1_bp-chest_vp-ap_dx.png,predictions/probabilities/qata_test_sub-S09343_ses-E26378_run-1_bp-chest_vp-ap_dx.npy
qata_test_sub-S09345_ses-E16134_run-1_bp-chest_vp-ap_dx,sub-S09345,tripath_lesionnet,1003,0.9708547353842508,0.9433602512343724,2.0,0.7451134175169675,predictions/masks/qata_test_sub-S09345_ses-E16134_run-1_bp-chest_vp-ap_dx.png,predictions/probabilities/qata_test_sub-S09345_ses-E16134_run-1_bp-chest_vp-ap_dx.npy
qata_test_sub-S09345_ses-E16570_run-1_bp-chest_vp-ap_dx,sub-S09345,tripath_lesionnet,1003,0.9608029296082952,0.924562777343715,2.8284271247461903,0.9249179119330685,predictions/masks/qata_test_sub-S09345_ses-E16570_run-1_bp-chest_vp-ap_dx.png,predictions/probabilities/qata_test_sub-S09345_ses-E16570_run-1_bp-chest_vp-ap_dx.npy
qata_test_sub-S09345_ses-E16638_run-1_bp-chest_vp-ap_dx,sub-S09345,tripath_lesionnet,1003,0.48884050082350516,0.3234870317124732,71.95882895930465,17.81517398920368,predictions/masks/qata_test_sub-S09345_ses-E16638_run-1_bp-chest_vp-ap_dx.png,predictions/probabilities/qata_test_sub-S09345_ses-E16638_run-1_bp-chest_vp-ap_dx.npy
qata_test_sub-S09345_ses-E16721_run-1_bp-chest_vp-ap_dx,sub-S09345,tripath_lesionnet,1003,0.9628547844309934,0.928370270602077,2.8284271247461903,0.9198881598456649,predictions/masks/qata_test_sub-S09345_ses-E16721_run-1_bp-chest_vp-ap_dx.png,predictions/probabilities/qata_test_sub-S09345_ses-E16721_run-1_bp-chest_vp-ap_dx.npy
qata_test_sub-S09345_ses-E16849_run-1_bp-chest_vp-ap_dx,sub-S09345,tripath_lesionnet,1003,0.8358800226381671,0.7180359747232081,27.018512172212592,4.730234157331019,predictions/masks/qata_test_sub-S09345_ses-E16849_run-1_bp-chest_vp-ap_dx.png,predictions/probabilities/qata_test_sub-S09345_ses-E16849_run-1_bp-chest_vp-ap_dx.npy
qata_test_sub-S09345_ses-E17143_run-1_bp-chest_vp-ap_dx,sub-S09345,tripath_lesionnet,1003,0.9307388263914215,0.8704504094646217,10.770329614269007,2.4089865075617563,predictions/masks/qata_test_sub-S09345_ses-E17143_run-1_bp-chest_vp-ap_dx.png,predictions/probabilities/qata_test_sub-S09345_ses-E17143_run-1_bp-chest_vp-ap_dx.npy
qata_test_sub-S09345_ses-E17487_run-1_bp-chest_vp-ap_dx,sub-S09345,tripath_lesionnet,1003,0.2428330523020967,0.1381957773843303,139.63075681206635,53.66508632838176,predictions/masks/qata_test_sub-S09345_ses-E17487_run-1_bp-chest_vp-ap_dx.png,predictions/probabilities/qata_test_sub-S09345_ses-E17487_run-1_bp-chest_vp-ap_dx.npy
qata_test_sub-S09345_ses-E17554_run-1_bp-chest_vp-ap_dx,sub-S09345,tripath_lesionnet,1003,0.2070527337687786,0.11548177556421936,147.5608176515162,41.87922468980008,predictions/masks/qata_test_sub-S09345_ses-E17554_run-1_bp-chest_vp-ap_dx.png,predictions/probabilities/qata_test_sub-S09345_ses-E17554_run-1_bp-chest_vp-ap_dx.npy
qata_test_sub-S09345_ses-E17826_run-1_bp-chest_vp-ap_dx,sub-S09345,tripath_lesionnet,1003,0.32640000000769825,0.1950286806993304,75.85478692180669,23.999079951784168,predictions/masks/qata_test_sub-S09345_ses-E17826_run-1_bp-chest_vp-ap_dx.png,predictions/probabilities/qata_test_sub-S09345_ses-E17826_run-1_bp-chest_vp-ap_dx.npy
qata_test_sub-S09345_ses-E18501_run-1_bp-chest_vp-ap_dx,sub-S09345,tripath_lesionnet,1003,0.9708633480272505,0.9433765148355268,2.8284271247461903,0.7670539648976628,predictions/masks/qata_test_sub-S09345_ses-E18501_run-1_bp-chest_vp-ap_dx.png,predictions/probabilities/qata_test_sub-S09345_ses-E18501_run-1_bp-chest_vp-ap_dx.npy
qata_test_sub-S09345_ses-E22211_run-1_bp-chest_vp-pa_cr,sub-S09345,tripath_lesionnet,1003,0.9524515086210099,0.9092194933790765,3.1622776601683795,1.249540782277042,predictions/masks/qata_test_sub-S09345_ses-E22211_run-1_bp-chest_vp-pa_cr.png,predictions/probabilities/qata_test_sub-S09345_ses-E22211_run-1_bp-chest_vp-pa_cr.npy
qata_test_sub-S09346_ses-E16135_run-1_bp-chest_vp-ap_dx,sub-S09346,tripath_lesionnet,1003,0.9684902796850167,0.9389056260075744,3.0,0.9811254233362415,predictions/masks/qata_test_sub-S09346_ses-E16135_run-1_bp-chest_vp-ap_dx.png,predictions/probabilities/qata_test_sub-S09346_ses-E16135_run-1_bp-chest_vp-ap_dx.npy
qata_test_sub-S09346_ses-E17546_run-1_bp-chest_vp-ap_cr,sub-S09346,tripath_lesionnet,1003,0.969562509730774,0.9409231699029922,2.8284271247461903,0.9229369443219433,predictions/masks/qata_test_sub-S09346_ses-E17546_run-1_bp-chest_vp-ap_cr.png,predictions/probabilities/qata_test_sub-S09346_ses-E17546_run-1_bp-chest_vp-ap_cr.npy
qata_test_sub-S09346_ses-E17630_run-1_bp-chest_vp-ap_cr,sub-S09346,tripath_lesionnet,1003,0.9104103207314531,0.8355533629350802,7.0,1.8771086839173352,predictions/masks/qata_test_sub-S09346_ses-E17630_run-1_bp-chest_vp-ap_cr.png,predictions/probabilities/qata_test_sub-S09346_ses-E17630_run-1_bp-chest_vp-ap_cr.npy
qata_test_sub-S09346_ses-E18497_run-1_bp-chest_vp-ap_cr,sub-S09346,tripath_lesionnet,1003,0.9723702549808463,0.9462262645608247,2.8284271247461903,0.8244825799600559,predictions/masks/qata_test_sub-S09346_ses-E18497_run-1_bp-chest_vp-ap_cr.png,predictions/probabilities/qata_test_sub-S09346_ses-E18497_run-1_bp-chest_vp-ap_cr.npy
qata_test_sub-S09346_ses-E20318_run-1_bp-chest_vp-ap_cr,sub-S09346,tripath_lesionnet,1003,0.6925975446737255,0.5297508367510273,37.72783085426059,9.01448279819067,predictions/masks/qata_test_sub-S09346_ses-E20318_run-1_bp-chest_vp-ap_cr.png,predictions/probabilities/qata_test_sub-S09346_ses-E20318_run-1_bp-chest_vp-ap_cr.npy
qata_test_sub-S09346_ses-E20846_run-1_bp-chest_vp-ap_cr,sub-S09346,tripath_lesionnet,1003,0.969547121605598,0.9408941853959778,2.0,0.8568308026046462,predictions/masks/qata_test_sub-S09346_ses-E20846_run-1_bp-chest_vp-ap_cr.png,predictions/probabilities/qata_test_sub-S09346_ses-E20846_run-1_bp-chest_vp-ap_cr.npy
qata_test_sub-S09346_ses-E22383_run-1_bp-chest_vp-ap_dx,sub-S09346,tripath_lesionnet,1003,0.9117592282194965,0.8378285870766852,16.979393923933998,2.971518290680812,predictions/masks/qata_test_sub-S09346_ses-E22383_run-1_bp-chest_vp-ap_dx.png,predictions/probabilities/qata_test_sub-S09346_ses-E22383_run-1_bp-chest_vp-ap_dx.npy
qata_test_sub-S09346_ses-E23030_run-1_bp-chest_vp-ap_cr,sub-S09346,tripath_lesionnet,1003,0.9689608636978327,0.939790575916708,3.0,0.9010942190744855,predictions/masks/qata_test_sub-S09346_ses-E23030_run-1_bp-chest_vp-ap_cr.png,predictions/probabilities/qata_test_sub-S09346_ses-E23030_run-1_bp-chest_vp-ap_cr.npy
qata_test_sub-S09346_ses-E23164_run-1_bp-chest_vp-ap_dx,sub-S09346,tripath_lesionnet,1003,0.9639764591222252,0.9304580649834977,3.0,1.1010660971006947,predictions/masks/qata_test_sub-S09346_ses-E23164_run-1_bp-chest_vp-ap_dx.png,predictions/probabilities/qata_test_sub-S09346_ses-E23164_run-1_bp-chest_vp-ap_dx.npy
qata_test_sub-S09346_ses-E23809_run-1_bp-chest_vp-ap_dx,sub-S09346,tripath_lesionnet,1003,0.8599135106810385,0.754252873566043,20.0,4.006320044979853,predictions/masks/qata_test_sub-S09346_ses-E23809_run-1_bp-chest_vp-ap_dx.png,predictions/probabilities/qata_test_sub-S09346_ses-E23809_run-1_bp-chest_vp-ap_dx.npy
qata_test_sub-S09346_ses-E24900_run-2_bp-chest_vp-ap_dx,sub-S09346,tripath_lesionnet,1003,0.779942279943414,0.6392667060941178,43.11263628839198,10.16794779303523,predictions/masks/qata_test_sub-S09346_ses-E24900_run-2_bp-chest_vp-ap_dx.png,predictions/probabilities/qata_test_sub-S09346_ses-E24900_run-2_bp-chest_vp-ap_dx.npy
qata_test_sub-S09346_ses-E25008_run-1_bp-chest_vp-ap_dx,sub-S09346,tripath_lesionnet,1003,0.4825271470929661,0.3179807442191259,28.333659255769458,10.114914779354972,predictions/masks/qata_test_sub-S09346_ses-E25008_run-1_bp-chest_vp-ap_dx.png,predictions/probabilities/qata_test_sub-S09346_ses-E25008_run-1_bp-chest_vp-ap_dx.npy
qata_test_sub-S09346_ses-E25008_run-2_bp-chest_vp-ap_dx,sub-S09346,tripath_lesionnet,1003,0.8722117202276484,0.7733825008406147,17.029386365926403,4.1846926750382645,predictions/masks/qata_test_sub-S09346_ses-E25008_run-2_bp-chest_vp-ap_dx.png,predictions/probabilities/qata_test_sub-S09346_ses-E25008_run-2_bp-chest_vp-ap_dx.npy
qata_test_sub-S09346_ses-E26158_run-1_bp-chest_vp-ap_dx,sub-S09346,tripath_lesionnet,1003,0.7186127855941161,0.5608084562717991,102.00307049157568,25.981789795596292,predictions/masks/qata_test_sub-S09346_ses-E26158_run-1_bp-chest_vp-ap_dx.png,predictions/probabilities/qata_test_sub-S09346_ses-E26158_run-1_bp-chest_vp-ap_dx.npy
qata_test_sub-S09348_ses-E16138_run-1_bp-chest_vp-ap_dx,sub-S09348,tripath_lesionnet,1003,0.83767918088848,0.7206953253497685,23.015210206509874,4.144557512779874,predictions/masks/qata_test_sub-S09348_ses-E16138_run-1_bp-chest_vp-ap_dx.png,predictions/probabilities/qata_test_sub-S09348_ses-E16138_run-1_bp-chest_vp-ap_dx.npy
qata_test_sub-S09348_ses-E16556_run-1_bp-chest_vp-ap_dx,sub-S09348,tripath_lesionnet,1003,0.8872794042645757,0.7973964063091548,17.0,3.3429430454790974,predictions/masks/qata_test_sub-S09348_ses-E16556_run-1_bp-chest_vp-ap_dx.png,predictions/probabilities/qata_test_sub-S09348_ses-E16556_run-1_bp-chest_vp-ap_dx.npy
qata_test_sub-S09348_ses-E16624_run-1_bp-chest_vp-ap_dx,sub-S09348,tripath_lesionnet,1003,0.8989827777228424,0.8165020124438986,7.280109889280518,1.7277816551456757,predictions/masks/qata_test_sub-S09348_ses-E16624_run-1_bp-chest_vp-ap_dx.png,predictions/probabilities/qata_test_sub-S09348_ses-E16624_run-1_bp-chest_vp-ap_dx.npy
qata_test_sub-S09348_ses-E16712_run-1_bp-chest_vp-ap_dx,sub-S09348,tripath_lesionnet,1003,0.9290853031867514,0.8675623800409297,9.848857801796104,2.1663629657708023,predictions/masks/qata_test_sub-S09348_ses-E16712_run-1_bp-chest_vp-ap_dx.png,predictions/probabilities/qata_test_sub-S09348_ses-E16712_run-1_bp-chest_vp-ap_dx.npy
qata_test_sub-S09348_ses-E16831_run-1_bp-chest_vp-ap_dx,sub-S09348,tripath_lesionnet,1003,0.9044051224831053,0.8254922882934767,31.144823004794873,4.841136667255654,predictions/masks/qata_test_sub-S09348_ses-E16831_run-1_bp-chest_vp-ap_dx.png,predictions/probabilities/qata_test_sub-S09348_ses-E16831_run-1_bp-chest_vp-ap_dx.npy
qata_test_sub-S09348_ses-E17140_run-1_bp-chest_vp-ap_dx,sub-S09348,tripath_lesionnet,1003,0.9159375656196826,0.8449121900846474,10.295630140987,2.431617385198368,predictions/masks/qata_test_sub-S09348_ses-E17140_run-1_bp-chest_vp-ap_dx.png,predictions/probabilities/qata_test_sub-S09348_ses-E17140_run-1_bp-chest_vp-ap_dx.npy
qata_test_sub-S09348_ses-E17343_run-1_bp-chest_vp-ap_dx,sub-S09348,tripath_lesionnet,1003,0.8557548579988072,0.7478772044470308,14.0,2.780774708956319,predictions/masks/qata_test_sub-S09348_ses-E17343_run-1_bp-chest_vp-ap_dx.png,predictions/probabilities/qata_test_sub-S09348_ses-E17343_run-1_bp-chest_vp-ap_dx.npy
qata_test_sub-S09348_ses-E17822_run-1_bp-chest_vp-ap_dx,sub-S09348,tripath_lesionnet,1003,0.7496728360488003,0.5995813397248929,81.23975932172159,11.720862134899855,predictions/masks/qata_test_sub-S09348_ses-E17822_run-1_bp-chest_vp-ap_dx.png,predictions/probabilities/qata_test_sub-S09348_ses-E17822_run-1_bp-chest_vp-ap_dx.npy
qata_test_sub-S09348_ses-E18478_run-1_bp-chest_vp-ap_dx,sub-S09348,tripath_lesionnet,1003,0.7906976744232403,0.6538461538588335,10.0,2.7647776916590954,predictions/masks/qata_test_sub-S09348_ses-E18478_run-1_bp-chest_vp-ap_dx.png,predictions/probabilities/qata_test_sub-S09348_ses-E18478_run-1_bp-chest_vp-ap_dx.npy
qata_test_sub-S09348_ses-E18751_run-1_bp-chest_cr,sub-S09348,tripath_lesionnet,1003,0.8842481433922371,0.7925132619378188,7.713011390885281,2.1149379160380803,predictions/masks/qata_test_sub-S09348_ses-E18751_run-1_bp-chest_cr.png,predictions/probabilities/qata_test_sub-S09348_ses-E18751_run-1_bp-chest_cr.npy
qata_test_sub-S09348_ses-E19000_run-1_bp-chest_cr,sub-S09348,tripath_lesionnet,1003,0.9129048498077454,0.8397653596813868,9.219544457292887,1.8521271728890487,predictions/masks/qata_test_sub-S09348_ses-E19000_run-1_bp-chest_cr.png,predictions/probabilities/qata_test_sub-S09348_ses-E19000_run-1_bp-chest_cr.npy
qata_test_sub-S09348_ses-E19460_run-1_bp-chest_cr,sub-S09348,tripath_lesionnet,1003,0.9183542954602606,0.8490342924743982,9.022154055254958,1.7289056943949632,predictions/masks/qata_test_sub-S09348_ses-E19460_run-1_bp-chest_cr.png,predictions/probabilities/qata_test_sub-S09348_ses-E19460_run-1_bp-chest_cr.npy
qata_test_sub-S09348_ses-E19717_run-1_bp-chest_cr,sub-S09348,tripath_lesionnet,1003,0.8703831549890371,0.7705118411035827,13.038404810405298,3.8512571650228136,predictions/masks/qata_test_sub-S09348_ses-E19717_run-1_bp-chest_cr.png,predictions/probabilities/qata_test_sub-S09348_ses-E19717_run-1_bp-chest_cr.npy
qata_test_sub-S09348_ses-E20223_run-1_bp-chest_vp-ap_dx,sub-S09348,tripath_lesionnet,1003,0.972853283734233,0.9471415021130711,2.23606797749979,0.9421771587971003,predictions/masks/qata_test_sub-S09348_ses-E20223_run-1_bp-chest_vp-ap_dx.png,predictions/probabilities/qata_test_sub-S09348_ses-E20223_run-1_bp-chest_vp-ap_dx.npy
qata_test_sub-S09348_ses-E20308_run-1_bp-chest_vp-ap_dx,sub-S09348,tripath_lesionnet,1003,0.834221247258952,0.7155913978525205,13.152946437965905,2.767367635771773,predictions/masks/qata_test_sub-S09348_ses-E20308_run-1_bp-chest_vp-ap_dx.png,predictions/probabilities/qata_test_sub-S09348_ses-E20308_run-1_bp-chest_vp-ap_dx.npy
qata_test_sub-S09348_ses-E20693_run-1_bp-chest_vp-ap_dx,sub-S09348,tripath_lesionnet,1003,0.919172287642401,0.8504336788692525,6.324555320336759,1.4031626941686763,predictions/masks/qata_test_sub-S09348_ses-E20693_run-1_bp-chest_vp-ap_dx.png,predictions/probabilities/qata_test_sub-S09348_ses-E20693_run-1_bp-chest_vp-ap_dx.npy
qata_test_sub-S09348_ses-E21526_run-1_bp-chest_vp-ap_dx,sub-S09348,tripath_lesionnet,1003,0.9242000901313727,0.8590817694393585,9.475468799030516,1.971052609256308,predictions/masks/qata_test_sub-S09348_ses-E21526_run-1_bp-chest_vp-ap_dx.png,predictions/probabilities/qata_test_sub-S09348_ses-E21526_run-1_bp-chest_vp-ap_dx.npy
qata_test_sub-S09348_ses-E21857_run-1_bp-chest_vp-ap_dx,sub-S09348,tripath_lesionnet,1003,0.9226139294931666,0.8563447725475276,9.848857801796104,2.294641631151156,predictions/masks/qata_test_sub-S09348_ses-E21857_run-1_bp-chest_vp-ap_dx.png,predictions/probabilities/qata_test_sub-S09348_ses-E21857_run-1_bp-chest_vp-ap_dx.npy
qata_test_sub-S09348_ses-E21916_run-1_bp-chest_vp-ap_dx,sub-S09348,tripath_lesionnet,1003,0.9307496175427766,0.8704692865343291,7.0710678118654755,1.3807060350068265,predictions/masks/qata_test_sub-S09348_ses-E21916_run-1_bp-chest_vp-ap_dx.png,predictions/probabilities/qata_test_sub-S09348_ses-E21916_run-1_bp-chest_vp-ap_dx.npy
qata_test_sub-S09348_ses-E22051_run-1_bp-chest_vp-ap_dx,sub-S09348,tripath_lesionnet,1003,0.7360067336034629,0.5822869102018428,15.69220395708437,3.788880834036923,predictions/masks/qata_test_sub-S09348_ses-E22051_run-1_bp-chest_vp-ap_dx.png,predictions/probabilities/qata_test_sub-S09348_ses-E22051_run-1_bp-chest_vp-ap_dx.npy
qata_test_sub-S09348_ses-E22658_run-1_bp-chest_vp-ap_dx,sub-S09348,tripath_lesionnet,1003,0.6737101241169673,0.5079659706147875,35.361235110286465,6.628366663623985,predictions/masks/qata_test_sub-S09348_ses-E22658_run-1_bp-chest_vp-ap_dx.png,predictions/probabilities/qata_test_sub-S09348_ses-E22658_run-1_bp-chest_vp-ap_dx.npy
qata_test_sub-S09348_ses-E22840_run-1_bp-chest_vp-ap_dx,sub-S09348,tripath_lesionnet,1003,0.9106149754178237,0.8358981947345976,8.0,2.0195063834413784,predictions/masks/qata_test_sub-S09348_ses-E22840_run-1_bp-chest_vp-ap_dx.png,predictions/probabilities/qata_test_sub-S09348_ses-E22840_run-1_bp-chest_vp-ap_dx.npy
qata_test_sub-S09348_ses-E23148_run-1_bp-chest_vp-ap_dx,sub-S09348,tripath_lesionnet,1003,0.756191453870421,0.6079645104755187,45.28285564163274,6.732698045894275,predictions/masks/qata_test_sub-S09348_ses-E23148_run-1_bp-chest_vp-ap_dx.png,predictions/probabilities/qata_test_sub-S09348_ses-E23148_run-1_bp-chest_vp-ap_dx.npy
qata_test_sub-S09348_ses-E23369_run-1_bp-chest_vp-ap_dx,sub-S09348,tripath_lesionnet,1003,0.8479704097124053,0.7360665184841025,17.73212459828649,2.748651575524179,predictions/masks/qata_test_sub-S09348_ses-E23369_run-1_bp-chest_vp-ap_dx.png,predictions/probabilities/qata_test_sub-S09348_ses-E23369_run-1_bp-chest_vp-ap_dx.npy
qata_test_sub-S09348_ses-E23386_run-1_bp-chest_cr,sub-S09348,tripath_lesionnet,1003,0.915590267347914,0.8443213296411213,16.97056274847714,3.281128584612986,predictions/masks/qata_test_sub-S09348_ses-E23386_run-1_bp-chest_cr.png,predictions/probabilities/qata_test_sub-S09348_ses-E23386_run-1_bp-chest_cr.npy
qata_test_sub-S09348_ses-E23855_run-1_bp-chest_vp-ap_dx,sub-S09348,tripath_lesionnet,1003,0.6731985484724043,0.5073845432561742,58.25804665451803,11.7707688670249,predictions/masks/qata_test_sub-S09348_ses-E23855_run-1_bp-chest_vp-ap_dx.png,predictions/probabilities/qata_test_sub-S09348_ses-E23855_run-1_bp-chest_vp-ap_dx.npy
qata_test_sub-S09348_ses-E24302_run-1_bp-chest_vp-pa_cr,sub-S09348,tripath_lesionnet,1003,0.8665611814363586,0.764541647283282,13.263868017465478,3.0083423284491246,predictions/masks/qata_test_sub-S09348_ses-E24302_run-1_bp-chest_vp-pa_cr.png,predictions/probabilities/qata_test_sub-S09348_ses-E24302_run-1_bp-chest_vp-pa_cr.npy
qata_test_sub-S09348_ses-E24559_run-1_bp-chest_vp-ap_dx,sub-S09348,tripath_lesionnet,1003,0.9444534064637068,0.8947529291910876,5.385164807134504,1.480957229050608,predictions/masks/qata_test_sub-S09348_ses-E24559_run-1_bp-chest_vp-ap_dx.png,predictions/probabilities/qata_test_sub-S09348_ses-E24559_run-1_bp-chest_vp-ap_dx.npy
qata_test_sub-S09348_ses-E26335_run-1_bp-chest_vp-ap_dx,sub-S09348,tripath_lesionnet,1003,0.8108444104436701,0.681865701651131,25.019992006393608,4.976330298606028,predictions/masks/qata_test_sub-S09348_ses-E26335_run-1_bp-chest_vp-ap_dx.png,predictions/probabilities/qata_test_sub-S09348_ses-E26335_run-1_bp-chest_vp-ap_dx.npy
qata_test_sub-S09349_ses-E16548_acq-1_run-1_bp-chest_vp-ap_cr,sub-S09349,tripath_lesionnet,1003,0.8099343185589094,0.6805795101869411,84.24988231646888,12.615431358420869,predictions/masks/qata_test_sub-S09349_ses-E16548_acq-1_run-1_bp-chest_vp-ap_cr.png,predictions/probabilities/qata_test_sub-S09349_ses-E16548_acq-1_run-1_bp-chest_vp-ap_cr.npy
qata_test_sub-S09350_ses-E16140_run-1_bp-chest_vp-ap_dx,sub-S09350,tripath_lesionnet,1003,0.944807479642658,0.8953887195141885,4.0,1.1719258809432205,predictions/masks/qata_test_sub-S09350_ses-E16140_run-1_bp-chest_vp-ap_dx.png,predictions/probabilities/qata_test_sub-S09350_ses-E16140_run-1_bp-chest_vp-ap_dx.npy
qata_test_sub-S09350_ses-E20736_run-1_bp-chest_vp-ap_dx,sub-S09350,tripath_lesionnet,1003,0.5636363636458087,0.39240506330945135,86.1852487532533,24.68184669803871,predictions/masks/qata_test_sub-S09350_ses-E20736_run-1_bp-chest_vp-ap_dx.png,predictions/probabilities/qata_test_sub-S09350_ses-E20736_run-1_bp-chest_vp-ap_dx.npy
qata_test_sub-S09352_ses-E16142_acq-1_run-1_bp-chest_vp-ap_dx,sub-S09352,tripath_lesionnet,1003,0.8557101490228427,0.7478089124830538,22.52549902891186,3.996323496036313,predictions/masks/qata_test_sub-S09352_ses-E16142_acq-1_run-1_bp-chest_vp-ap_dx.png,predictions/probabilities/qata_test_sub-S09352_ses-E16142_acq-1_run-1_bp-chest_vp-ap_dx.npy
qata_test_sub-S09352_ses-E16142_acq-2_run-1_bp-chest_vp-ap_dx,sub-S09352,tripath_lesionnet,1003,0.6484523603726707,0.47978505630809154,25.48276583780238,6.792157041420918,predictions/masks/qata_test_sub-S09352_ses-E16142_acq-2_run-1_bp-chest_vp-ap_dx.png,predictions/probabilities/qata_test_sub-S09352_ses-E16142_acq-2_run-1_bp-chest_vp-ap_dx.npy
qata_test_sub-S09352_ses-E16757_run-1_bp-chest_vp-ap_dx,sub-S09352,tripath_lesionnet,1003,0.03202077027122368,0.01627088834581043,98.9024359813146,42.96454231140421,predictions/masks/qata_test_sub-S09352_ses-E16757_run-1_bp-chest_vp-ap_dx.png,predictions/probabilities/qata_test_sub-S09352_ses-E16757_run-1_bp-chest_vp-ap_dx.npy
qata_test_sub-S09352_ses-E17381_acq-1_run-1_bp-chest_vp-ap_dx,sub-S09352,tripath_lesionnet,1003,0.49228871070374525,0.326513911675408,107.78887650599853,31.887730079743676,predictions/masks/qata_test_sub-S09352_ses-E17381_acq-1_run-1_bp-chest_vp-ap_dx.png,predictions/probabilities/qata_test_sub-S09352_ses-E17381_acq-1_run-1_bp-chest_vp-ap_dx.npy
qata_test_sub-S09352_ses-E17497_run-1_bp-chest_vp-ap_dx,sub-S09352,tripath_lesionnet,1003,0.632630813960163,0.4626627690815131,108.4250654990063,32.669353132498664,predictions/masks/qata_test_sub-S09352_ses-E17497_run-1_bp-chest_vp-ap_dx.png,predictions/probabilities/qata_test_sub-S09352_ses-E17497_run-1_bp-chest_vp-ap_dx.npy
qata_test_sub-S09353_ses-E16143_run-1_bp-chest_vp-ap_dx,sub-S09353,tripath_lesionnet,1003,0.8274946921489519,0.7057492077996493,9.649744150086047,2.2195780004296877,predictions/masks/qata_test_sub-S09353_ses-E16143_run-1_bp-chest_vp-ap_dx.png,predictions/probabilities/qata_test_sub-S09353_ses-E16143_run-1_bp-chest_vp-ap_dx.npy
qata_test_sub-S09353_ses-E22089_run-1_bp-chest_vp-ap_dx,sub-S09353,tripath_lesionnet,1003,0.5811320754942786,0.4095744681299715,68.63634765918539,11.150716395704418,predictions/masks/qata_test_sub-S09353_ses-E22089_run-1_bp-chest_vp-ap_dx.png,predictions/probabilities/qata_test_sub-S09353_ses-E22089_run-1_bp-chest_vp-ap_dx.npy
qata_test_sub-S09356_ses-E16147_run-1_bp-chest_vp-ap_dx,sub-S09356,tripath_lesionnet,1003,0.9669853869746816,0.9360810338809914,4.0,1.08124503725376,predictions/masks/qata_test_sub-S09356_ses-E16147_run-1_bp-chest_vp-ap_dx.png,predictions/probabilities/qata_test_sub-S09356_ses-E16147_run-1_bp-chest_vp-ap_dx.npy
qata_test_sub-S09356_ses-E17160_run-1_bp-chest_vp-ap_dx,sub-S09356,tripath_lesionnet,1003,0.9595001157141113,0.9221530249116092,5.385164807134504,1.3640842987416273,predictions/masks/qata_test_sub-S09356_ses-E17160_run-1_bp-chest_vp-ap_dx.png,predictions/probabilities/qata_test_sub-S09356_ses-E17160_run-1_bp-chest_vp-ap_dx.npy
qata_test_sub-S09356_ses-E17161_run-1_bp-chest_vp-ap_dx,sub-S09356,tripath_lesionnet,1003,0.9561508012760611,0.9159855680736618,10.198039027185569,1.8608706650061917,predictions/masks/qata_test_sub-S09356_ses-E17161_run-1_bp-chest_vp-ap_dx.png,predictions/probabilities/qata_test_sub-S09356_ses-E17161_run-1_bp-chest_vp-ap_dx.npy
qata_test_sub-S09356_ses-E18871_run-1_bp-chest_vp-ap_dx,sub-S09356,tripath_lesionnet,1003,0.9680674744946114,0.9381112142198722,2.8284271247461903,1.0228814026690627,predictions/masks/qata_test_sub-S09356_ses-E18871_run-1_bp-chest_vp-ap_dx.png,predictions/probabilities/qata_test_sub-S09356_ses-E18871_run-1_bp-chest_vp-ap_dx.npy
qata_test_sub-S09356_ses-E19589_run-1_bp-chest_vp-ap_dx,sub-S09356,tripath_lesionnet,1003,0.9626371852809771,0.9279657720736837,4.123105625617661,1.1699128528694762,predictions/masks/qata_test_sub-S09356_ses-E19589_run-1_bp-chest_vp-ap_dx.png,predictions/probabilities/qata_test_sub-S09356_ses-E19589_run-1_bp-chest_vp-ap_dx.npy
qata_test_sub-S09356_ses-E19770_run-1_bp-chest_cr,sub-S09356,tripath_lesionnet,1003,0.8613285791809834,0.7564329475867061,12.0,3.1888466654852365,predictions/masks/qata_test_sub-S09356_ses-E19770_run-1_bp-chest_cr.png,predictions/probabilities/qata_test_sub-S09356_ses-E19770_run-1_bp-chest_cr.npy
qata_test_sub-S09356_ses-E19941_run-1_bp-chest_vp-ap_dx,sub-S09356,tripath_lesionnet,1003,0.9710559936562357,0.943740366501595,3.605551275463989,0.9255167468420453,predictions/masks/qata_test_sub-S09356_ses-E19941_run-1_bp-chest_vp-ap_dx.png,predictions/probabilities/qata_test_sub-S09356_ses-E19941_run-1_bp-chest_vp-ap_dx.npy
qata_test_sub-S09356_ses-E19941_run-2_bp-chest_vp-ap_dx,sub-S09356,tripath_lesionnet,1003,0.8036551641228589,0.6717587939731481,16.94665573617673,4.595176507353591,predictions/masks/qata_test_sub-S09356_ses-E19941_run-2_bp-chest_vp-ap_dx.png,predictions/probabilities/qata_test_sub-S09356_ses-E19941_run-2_bp-chest_vp-ap_dx.npy
qata_test_sub-S09356_ses-E20575_run-1_bp-chest_vp-ap_dx,sub-S09356,tripath_lesionnet,1003,0.8402238369678424,0.7244706899074683,28.635642126552707,5.501335636025412,predictions/masks/qata_test_sub-S09356_ses-E20575_run-1_bp-chest_vp-ap_dx.png,predictions/probabilities/qata_test_sub-S09356_ses-E20575_run-1_bp-chest_vp-ap_dx.npy
qata_test_sub-S09356_ses-E20900_run-1_bp-chest_vp-ap_dx,sub-S09356,tripath_lesionnet,1003,0.9658784319950569,0.9340085942300951,4.0,1.0496512060125662,predictions/masks/qata_test_sub-S09356_ses-E20900_run-1_bp-chest_vp-ap_dx.png,predictions/probabilities/qata_test_sub-S09356_ses-E20900_run-1_bp-chest_vp-ap_dx.npy
qata_test_sub-S09356_ses-E21463_run-1_bp-chest_vp-ap_dx,sub-S09356,tripath_lesionnet,1003,0.8930088131883054,0.8066991172361464,16.0,3.154926881859116,predictions/masks/qata_test_sub-S09356_ses-E21463_run-1_bp-chest_vp-ap_dx.png,predictions/probabilities/qata_test_sub-S09356_ses-E21463_run-1_bp-chest_vp-ap_dx.npy
qata_test_sub-S09356_ses-E21620_run-1_bp-chest_vp-ap_dx,sub-S09356,tripath_lesionnet,1003,0.9701946695018874,0.942114631541886,2.8284271247461903,0.967409589713693,predictions/masks/qata_test_sub-S09356_ses-E21620_run-1_bp-chest_vp-ap_dx.png,predictions/probabilities/qata_test_sub-S09356_ses-E21620_run-1_bp-chest_vp-ap_dx.npy
qata_test_sub-S09356_ses-E21996_run-1_bp-chest_vp-ap_dx,sub-S09356,tripath_lesionnet,1003,0.9624160434432315,0.9275548618131709,3.406078148580945,1.0912700916739462,predictions/masks/qata_test_sub-S09356_ses-E21996_run-1_bp-chest_vp-ap_dx.png,predictions/probabilities/qata_test_sub-S09356_ses-E21996_run-1_bp-chest_vp-ap_dx.npy
qata_test_sub-S09356_ses-E22295_run-1_bp-chest_vp-ap_dx,sub-S09356,tripath_lesionnet,1003,0.9591133463725476,0.9214387974237523,4.123105625617661,1.2389007238398408,predictions/masks/qata_test_sub-S09356_ses-E22295_run-1_bp-chest_vp-ap_dx.png,predictions/probabilities/qata_test_sub-S09356_ses-E22295_run-1_bp-chest_vp-ap_dx.npy
qata_test_sub-S09356_ses-E23083_run-1_bp-chest_vp-ap_dx,sub-S09356,tripath_lesionnet,1003,0.9709023631319027,0.9434501920409949,3.1217082451262845,0.90333875405756,predictions/masks/qata_test_sub-S09356_ses-E23083_run-1_bp-chest_vp-ap_dx.png,predictions/probabilities/qata_test_sub-S09356_ses-E23083_run-1_bp-chest_vp-ap_dx.npy
qata_test_sub-S09356_ses-E26012_run-1_bp-chest_vp-ap_dx,sub-S09356,tripath_lesionnet,1003,0.6748502118977433,0.5092633436313491,44.204072210600685,9.330762121262463,predictions/masks/qata_test_sub-S09356_ses-E26012_run-1_bp-chest_vp-ap_dx.png,predictions/probabilities/qata_test_sub-S09356_ses-E26012_run-1_bp-chest_vp-ap_dx.npy
qata_test_sub-S09356_ses-E26012_run-2_bp-chest_vp-ap_dx,sub-S09356,tripath_lesionnet,1003,0.5246857857126263,0.35564341523716797,65.77118897411964,15.876707025855001,predictions/masks/qata_test_sub-S09356_ses-E26012_run-2_bp-chest_vp-ap_dx.png,predictions/probabilities/qata_test_sub-S09356_ses-E26012_run-2_bp-chest_vp-ap_dx.npy
qata_test_sub-S09356_ses-E26447_acq-1_run-1_bp-chest_dx,sub-S09356,tripath_lesionnet,1003,0.8831187829148397,0.7907007203694735,10.290750585296934,3.2109787171786235,predictions/masks/qata_test_sub-S09356_ses-E26447_acq-1_run-1_bp-chest_dx.png,predictions/probabilities/qata_test_sub-S09356_ses-E26447_acq-1_run-1_bp-chest_dx.npy
qata_test_sub-S09357_ses-E16148_run-1_bp-chest_vp-ap_dx,sub-S09357,tripath_lesionnet,1003,0.44673250684079147,0.2876082251274998,118.09486826425189,33.306763197109014,predictions/masks/qata_test_sub-S09357_ses-E16148_run-1_bp-chest_vp-ap_dx.png,predictions/probabilities/qata_test_sub-S09357_ses-E16148_run-1_bp-chest_vp-ap_dx.npy
qata_test_sub-S09357_ses-E17835_run-1_bp-chest_cr,sub-S09357,tripath_lesionnet,1003,0.6554690700603141,0.4875076173221357,123.75768406344143,31.63313380012921,predictions/masks/qata_test_sub-S09357_ses-E17835_run-1_bp-chest_cr.png,predictions/probabilities/qata_test_sub-S09357_ses-E17835_run-1_bp-chest_cr.npy
qata_test_sub-S09357_ses-E18805_run-1_bp-chest_vp-pa_cr,sub-S09357,tripath_lesionnet,1003,0.006693440461623379,0.0033579583947831444,127.27922061357856,60.331818237458506,predictions/masks/qata_test_sub-S09357_ses-E18805_run-1_bp-chest_vp-pa_cr.png,predictions/probabilities/qata_test_sub-S09357_ses-E18805_run-1_bp-chest_vp-pa_cr.npy
qata_test_sub-S09357_ses-E20339_run-1_bp-chest_vp-pa_cr,sub-S09357,tripath_lesionnet,1003,0.00834938988412494,0.004192196097897704,127.91793225228459,71.04423439609494,predictions/masks/qata_test_sub-S09357_ses-E20339_run-1_bp-chest_vp-pa_cr.png,predictions/probabilities/qata_test_sub-S09357_ses-E20339_run-1_bp-chest_vp-pa_cr.npy
qata_test_sub-S09358_ses-E16150_run-1_bp-chest_dx,sub-S09358,tripath_lesionnet,1003,0.045711060975008155,0.023390124197996243,108.9477789117078,50.10128906966476,predictions/masks/qata_test_sub-S09358_ses-E16150_run-1_bp-chest_dx.png,predictions/probabilities/qata_test_sub-S09358_ses-E16150_run-1_bp-chest_dx.npy
qata_test_sub-S09359_ses-E16151_run-1_bp-chest_vp-ap_cr,sub-S09359,tripath_lesionnet,1003,0.7904172099121509,0.6534626785326472,17.88854381999832,4.121761767983029,predictions/masks/qata_test_sub-S09359_ses-E16151_run-1_bp-chest_vp-ap_cr.png,predictions/probabilities/qata_test_sub-S09359_ses-E16151_run-1_bp-chest_vp-ap_cr.npy
qata_test_sub-S09359_ses-E18678_run-1_bp-chest_vp-ap_dx,sub-S09359,tripath_lesionnet,1003,0.5781971491753022,0.4066647839760897,93.01454291818641,20.487821596104194,predictions/masks/qata_test_sub-S09359_ses-E18678_run-1_bp-chest_vp-ap_dx.png,predictions/probabilities/qata_test_sub-S09359_ses-E18678_run-1_bp-chest_vp-ap_dx.npy
qata_test_sub-S09360_ses-E16152_run-1_bp-chest_vp-pa_cr,sub-S09360,tripath_lesionnet,1003,0.8556701031002232,0.747747747770473,93.27914539794315,7.253635808955568,predictions/masks/qata_test_sub-S09360_ses-E16152_run-1_bp-chest_vp-pa_cr.png,predictions/probabilities/qata_test_sub-S09360_ses-E16152_run-1_bp-chest_vp-pa_cr.npy
qata_test_sub-S09360_ses-E23550_acq-1_run-1_bp-chest_dx,sub-S09360,tripath_lesionnet,1003,0.7835796387556062,0.6441684665322849,22.47220505424423,5.027298167014517,predictions/masks/qata_test_sub-S09360_ses-E23550_acq-1_run-1_bp-chest_dx.png,predictions/probabilities/qata_test_sub-S09360_ses-E23550_acq-1_run-1_bp-chest_dx.npy
qata_test_sub-S09360_ses-E24444_run-1_bp-chest_vp-pa_dx,sub-S09360,tripath_lesionnet,1003,0.428366468544493,0.2725612936975409,87.31551981177229,30.374510939157556,predictions/masks/qata_test_sub-S09360_ses-E24444_run-1_bp-chest_vp-pa_dx.png,predictions/probabilities/qata_test_sub-S09360_ses-E24444_run-1_bp-chest_vp-pa_dx.npy
qata_test_sub-S09361_ses-E16154_run-1_bp-chest_vp-ap_dx,sub-S09361,tripath_lesionnet,1003,0.8472312703607943,0.7349533766675628,10.0,2.5294857557108585,predictions/masks/qata_test_sub-S09361_ses-E16154_run-1_bp-chest_vp-ap_dx.png,predictions/probabilities/qata_test_sub-S09361_ses-E16154_run-1_bp-chest_vp-ap_dx.npy
qata_test_sub-S09361_ses-E16589_run-1_bp-chest_vp-ap_dx,sub-S09361,tripath_lesionnet,1003,0.7830568529588814,0.6434621492947733,41.6219621924733,7.603905972384363,predictions/masks/qata_test_sub-S09361_ses-E16589_run-1_bp-chest_vp-ap_dx.png,predictions/probabilities/qata_test_sub-S09361_ses-E16589_run-1_bp-chest_vp-ap_dx.npy
qata_test_sub-S09361_ses-E16787_run-1_bp-chest_vp-ap_dx,sub-S09361,tripath_lesionnet,1003,0.4358267077813431,0.2786307054091571,37.913413316755495,9.821288282865549,predictions/masks/qata_test_sub-S09361_ses-E16787_run-1_bp-chest_vp-ap_dx.png,predictions/probabilities/qata_test_sub-S09361_ses-E16787_run-1_bp-chest_vp-ap_dx.npy
qata_test_sub-S09361_ses-E16908_run-1_bp-chest_vp-ap_dx,sub-S09361,tripath_lesionnet,1003,0.8708467309770787,0.7712387280547879,8.06225774829855,2.502478769566096,predictions/masks/qata_test_sub-S09361_ses-E16908_run-1_bp-chest_vp-ap_dx.png,predictions/probabilities/qata_test_sub-S09361_ses-E16908_run-1_bp-chest_vp-ap_dx.npy
qata_test_sub-S09361_ses-E17169_run-1_bp-chest_vp-ap_dx,sub-S09361,tripath_lesionnet,1003,0.784787310746489,0.6458024325231148,11.180339887498949,2.881493515054089,predictions/masks/qata_test_sub-S09361_ses-E17169_run-1_bp-chest_vp-ap_dx.png,predictions/probabilities/qata_test_sub-S09361_ses-E17169_run-1_bp-chest_vp-ap_dx.npy
qata_test_sub-S09361_ses-E17408_run-1_bp-chest_vp-ap_dx,sub-S09361,tripath_lesionnet,1003,0.8755667506318124,0.7786738351320587,13.790603271199771,3.8421119866007003,predictions/masks/qata_test_sub-S09361_ses-E17408_run-1_bp-chest_vp-ap_dx.png,predictions/probabilities/qata_test_sub-S09361_ses-E17408_run-1_bp-chest_vp-ap_dx.npy
qata_test_sub-S09361_ses-E18568_run-1_bp-chest_vp-ap_dx,sub-S09361,tripath_lesionnet,1003,0.6926365795760969,0.5297965116364499,36.902502284908486,6.4814041450662225,predictions/masks/qata_test_sub-S09361_ses-E18568_run-1_bp-chest_vp-ap_dx.png,predictions/probabilities/qata_test_sub-S09361_ses-E18568_run-1_bp-chest_vp-ap_dx.npy
qata_test_sub-S09361_ses-E19948_run-1_bp-chest_cr,sub-S09361,tripath_lesionnet,1003,0.8212869387255816,0.6967657911939057,11.13984622640545,2.818338352472789,predictions/masks/qata_test_sub-S09361_ses-E19948_run-1_bp-chest_cr.png,predictions/probabilities/qata_test_sub-S09361_ses-E19948_run-1_bp-chest_cr.npy
qata_test_sub-S09361_ses-E20256_run-1_bp-chest_vp-ap_dx,sub-S09361,tripath_lesionnet,1003,0.9547593195804394,0.9134349030480905,9.9773286702694,1.7676172511301085,predictions/masks/qata_test_sub-S09361_ses-E20256_run-1_bp-chest_vp-ap_dx.png,predictions/probabilities/qata_test_sub-S09361_ses-E20256_run-1_bp-chest_vp-ap_dx.npy
qata_test_sub-S09361_ses-E20371_run-1_bp-chest_vp-ap_dx,sub-S09361,tripath_lesionnet,1003,0.9533382245051112,0.9108369549991471,6.0,1.737378481617689,predictions/masks/qata_test_sub-S09361_ses-E20371_run-1_bp-chest_vp-ap_dx.png,predictions/probabilities/qata_test_sub-S09361_ses-E20371_run-1_bp-chest_vp-ap_dx.npy
qata_test_sub-S09361_ses-E20568_run-1_bp-chest_cr,sub-S09361,tripath_lesionnet,1003,0.7211955080049411,0.5639607246637538,51.31276644267,9.048024032147165,predictions/masks/qata_test_sub-S09361_ses-E20568_run-1_bp-chest_cr.png,predictions/probabilities/qata_test_sub-S09361_ses-E20568_run-1_bp-chest_cr.npy
qata_test_sub-S09361_ses-E20765_run-1_bp-chest_vp-ap_dx,sub-S09361,tripath_lesionnet,1003,0.8196198651156392,0.6943694161709044,26.870057685088806,5.375450914915264,predictions/masks/qata_test_sub-S09361_ses-E20765_run-1_bp-chest_vp-ap_dx.png,predictions/probabilities/qata_test_sub-S09361_ses-E20765_run-1_bp-chest_vp-ap_dx.npy
qata_test_sub-S09361_ses-E21624_run-1_bp-chest_vp-ap_dx,sub-S09361,tripath_lesionnet,1003,0.9632787284576866,0.9291588345872983,3.1622776601683795,0.9871399633551805,predictions/masks/qata_test_sub-S09361_ses-E21624_run-1_bp-chest_vp-ap_dx.png,predictions/probabilities/qata_test_sub-S09361_ses-E21624_run-1_bp-chest_vp-ap_dx.npy
qata_test_sub-S09361_ses-E21885_run-1_bp-chest_vp-ap_dx,sub-S09361,tripath_lesionnet,1003,0.9353530231972661,0.8785569710694301,8.06225774829855,1.84689471936349,predictions/masks/qata_test_sub-S09361_ses-E21885_run-1_bp-chest_vp-ap_dx.png,predictions/probabilities/qata_test_sub-S09361_ses-E21885_run-1_bp-chest_vp-ap_dx.npy
qata_test_sub-S09361_ses-E22128_run-1_bp-chest_vp-ap_dx,sub-S09361,tripath_lesionnet,1003,0.9504412763071932,0.9055627425626706,6.1673900068116865,1.341716754147668,predictions/masks/qata_test_sub-S09361_ses-E22128_run-1_bp-chest_vp-ap_dx.png,predictions/probabilities/qata_test_sub-S09361_ses-E22128_run-1_bp-chest_vp-ap_dx.npy
qata_test_sub-S09361_ses-E22748_run-1_bp-chest_vp-ap_dx,sub-S09361,tripath_lesionnet,1003,0.9428788207243504,0.891930687994546,6.0,1.581362298593042,predictions/masks/qata_test_sub-S09361_ses-E22748_run-1_bp-chest_vp-ap_dx.png,predictions/probabilities/qata_test_sub-S09361_ses-E22748_run-1_bp-chest_vp-ap_dx.npy
qata_test_sub-S09361_ses-E22749_run-1_bp-chest_vp-ap_dx,sub-S09361,tripath_lesionnet,1003,0.9434130213635338,0.892887230714973,4.123105625617661,1.3947002396875787,predictions/masks/qata_test_sub-S09361_ses-E22749_run-1_bp-chest_vp-ap_dx.png,predictions/probabilities/qata_test_sub-S09361_ses-E22749_run-1_bp-chest_vp-ap_dx.npy
qata_test_sub-S09361_ses-E22942_run-1_bp-chest_vp-ap_dx,sub-S09361,tripath_lesionnet,1003,0.9692069118300332,0.9402535998287099,2.23606797749979,0.8197530958971494,predictions/masks/qata_test_sub-S09361_ses-E22942_run-1_bp-chest_vp-ap_dx.png,predictions/probabilities/qata_test_sub-S09361_ses-E22942_run-1_bp-chest_vp-ap_dx.npy
qata_test_sub-S09361_ses-E23085_run-1_bp-chest_vp-ap_dx,sub-S09361,tripath_lesionnet,1003,0.9499641748271438,0.9046969180040406,5.385164807134504,1.4256297511108607,predictions/masks/qata_test_sub-S09361_ses-E23085_run-1_bp-chest_vp-ap_dx.png,predictions/probabilities/qata_test_sub-S09361_ses-E23085_run-1_bp-chest_vp-ap_dx.npy
qata_test_sub-S09361_ses-E23269_run-1_bp-chest_vp-ap_dx,sub-S09361,tripath_lesionnet,1003,0.9617127862597703,0.9262492820226736,3.6055512754639896,0.9762986777757895,predictions/masks/qata_test_sub-S09361_ses-E23269_run-1_bp-chest_vp-ap_dx.png,predictions/probabilities/qata_test_sub-S09361_ses-E23269_run-1_bp-chest_vp-ap_dx.npy
qata_test_sub-S09362_ses-E17797_run-1_bp-chest_vp-ap_dx,sub-S09362,tripath_lesionnet,1003,0.8872261647648316,0.7973104117593607,14.338697870992279,3.07816280759071,predictions/masks/qata_test_sub-S09362_ses-E17797_run-1_bp-chest_vp-ap_dx.png,predictions/probabilities/qata_test_sub-S09362_ses-E17797_run-1_bp-chest_vp-ap_dx.npy
qata_test_sub-S09362_ses-E26714_run-1_bp-chest_vp-pa_dx,sub-S09362,tripath_lesionnet,1003,0.6568580920821818,0.48904593641381466,117.2294463319073,33.396215226057066,predictions/masks/qata_test_sub-S09362_ses-E26714_run-1_bp-chest_vp-pa_dx.png,predictions/probabilities/qata_test_sub-S09362_ses-E26714_run-1_bp-chest_vp-pa_dx.npy
qata_test_sub-S09363_ses-E16521_acq-2_run-1_bp-chest_vp-ap_dx,sub-S09363,tripath_lesionnet,1003,0.9455292908533117,0.8966861598450615,8.94427190999916,1.6150059812820294,predictions/masks/qata_test_sub-S09363_ses-E16521_acq-2_run-1_bp-chest_vp-ap_dx.png,predictions/probabilities/qata_test_sub-S09363_ses-E16521_acq-2_run-1_bp-chest_vp-ap_dx.npy
qata_test_sub-S09363_ses-E16917_acq-2_run-1_bp-chest_vp-ap_dx,sub-S09363,tripath_lesionnet,1003,0.41451247165912203,0.2614416476032899,73.19628130748069,26.505301755258703,predictions/masks/qata_test_sub-S09363_ses-E16917_acq-2_run-1_bp-chest_vp-ap_dx.png,predictions/probabilities/qata_test_sub-S09363_ses-E16917_acq-2_run-1_bp-chest_vp-ap_dx.npy
qata_test_sub-S09363_ses-E17174_run-1_bp-chest_vp-ap_dx,sub-S09363,tripath_lesionnet,1003,0.5484033536466376,0.37779320793221943,48.48695097261653,12.367424583639227,predictions/masks/qata_test_sub-S09363_ses-E17174_run-1_bp-chest_vp-ap_dx.png,predictions/probabilities/qata_test_sub-S09363_ses-E17174_run-1_bp-chest_vp-ap_dx.npy
qata_test_sub-S09363_ses-E17466_run-1_bp-chest_vp-ap_dx,sub-S09363,tripath_lesionnet,1003,0.24670109009619332,0.14070680631084076,103.69667304209909,19.542695759138706,predictions/masks/qata_test_sub-S09363_ses-E17466_run-1_bp-chest_vp-ap_dx.png,predictions/probabilities/qata_test_sub-S09363_ses-E17466_run-1_bp-chest_vp-ap_dx.npy
qata_test_sub-S09363_ses-E17952_run-1_bp-chest_vp-ap_dx,sub-S09363,tripath_lesionnet,1003,0.936663106876133,0.8808714462308338,6.4031242374328485,2.1425825385618706,predictions/masks/qata_test_sub-S09363_ses-E17952_run-1_bp-chest_vp-ap_dx.png,predictions/probabilities/qata_test_sub-S09363_ses-E17952_run-1_bp-chest_vp-ap_dx.npy
qata_test_sub-S09363_ses-E18000_acq-2_run-1_bp-chest_vp-ap_dx,sub-S09363,tripath_lesionnet,1003,0.6039994558590396,0.43266419801761186,51.74697771467463,12.503708513780778,predictions/masks/qata_test_sub-S09363_ses-E18000_acq-2_run-1_bp-chest_vp-ap_dx.png,predictions/probabilities/qata_test_sub-S09363_ses-E18000_acq-2_run-1_bp-chest_vp-ap_dx.npy
qata_test_sub-S09363_ses-E26711_run-1_bp-chest_vp-ap_dx,sub-S09363,tripath_lesionnet,1003,0.7961031360811177,0.6612718746445083,25.035928468157067,4.159888800016699,predictions/masks/qata_test_sub-S09363_ses-E26711_run-1_bp-chest_vp-ap_dx.png,predictions/probabilities/qata_test_sub-S09363_ses-E26711_run-1_bp-chest_vp-ap_dx.npy
qata_test_sub-S09363_ses-E26971_run-1_bp-chest_vp-ap_dx,sub-S09363,tripath_lesionnet,1003,0.9052118047208396,0.8268373815362654,18.973665961010276,3.5572762108036353,predictions/masks/qata_test_sub-S09363_ses-E26971_run-1_bp-chest_vp-ap_dx.png,predictions/probabilities/qata_test_sub-S09363_ses-E26971_run-1_bp-chest_vp-ap_dx.npy
qata_test_sub-S09365_ses-E16162_run-1_bp-chest_vp-ap_dx,sub-S09365,tripath_lesionnet,1003,0.7482571649911667,0.5977722772348343,99.58250262843003,15.272254708832925,predictions/masks/qata_test_sub-S09365_ses-E16162_run-1_bp-chest_vp-ap_dx.png,predictions/probabilities/qata_test_sub-S09365_ses-E16162_run-1_bp-chest_vp-ap_dx.npy
qata_test_sub-S09365_ses-E16695_run-1_bp-chest_vp-ap_dx,sub-S09365,tripath_lesionnet,1003,0.8640936829963377,0.760708581388693,81.80762595305742,16.965286361133813,predictions/masks/qata_test_sub-S09365_ses-E16695_run-1_bp-chest_vp-ap_dx.png,predictions/probabilities/qata_test_sub-S09365_ses-E16695_run-1_bp-chest_vp-ap_dx.npy
qata_test_sub-S09365_ses-E17903_run-1_bp-chest_vp-ap_dx,sub-S09365,tripath_lesionnet,1003,0.9444615289996651,0.8947675096154903,3.0,1.2738737500151285,predictions/masks/qata_test_sub-S09365_ses-E17903_run-1_bp-chest_vp-ap_dx.png,predictions/probabilities/qata_test_sub-S09365_ses-E17903_run-1_bp-chest_vp-ap_dx.npy
qata_test_sub-S09365_ses-E18705_run-1_bp-chest_vp-ap_cr,sub-S09365,tripath_lesionnet,1003,0.7984649122829115,0.6645373243353798,40.20509179733401,8.051402241080265,predictions/masks/qata_test_sub-S09365_ses-E18705_run-1_bp-chest_vp-ap_cr.png,predictions/probabilities/qata_test_sub-S09365_ses-E18705_run-1_bp-chest_vp-ap_cr.npy
qata_test_sub-S09365_ses-E20937_run-1_bp-chest_vp-ap_dx,sub-S09365,tripath_lesionnet,1003,0.7648902821339646,0.619289340107562,42.07761319695729,7.973478806866394,predictions/masks/qata_test_sub-S09365_ses-E20937_run-1_bp-chest_vp-ap_dx.png,predictions/probabilities/qata_test_sub-S09365_ses-E20937_run-1_bp-chest_vp-ap_dx.npy
qata_test_sub-S09366_ses-E16163_run-1_bp-chest_vp-ap_cr,sub-S09366,tripath_lesionnet,1003,0.9270246217743151,0.8639756704463738,7.060407640085648,2.1797839429367283,predictions/masks/qata_test_sub-S09366_ses-E16163_run-1_bp-chest_vp-ap_cr.png,predictions/probabilities/qata_test_sub-S09366_ses-E16163_run-1_bp-chest_vp-ap_cr.npy
qata_test_sub-S09366_ses-E16600_run-1_bp-chest_vp-ap_cr,sub-S09366,tripath_lesionnet,1003,0.9617057569298009,0.9262362411703119,3.605551275463989,1.1337353502352898,predictions/masks/qata_test_sub-S09366_ses-E16600_run-1_bp-chest_vp-ap_cr.png,predictions/probabilities/qata_test_sub-S09366_ses-E16600_run-1_bp-chest_vp-ap_cr.npy
qata_test_sub-S09366_ses-E17172_run-1_bp-chest_vp-ap_cr,sub-S09366,tripath_lesionnet,1003,0.9506549788242359,0.905950816595589,4.47213595499958,1.3852974534300033,predictions/masks/qata_test_sub-S09366_ses-E17172_run-1_bp-chest_vp-ap_cr.png,predictions/probabilities/qata_test_sub-S09366_ses-E17172_run-1_bp-chest_vp-ap_cr.npy
qata_test_sub-S09366_ses-E18600_run-1_bp-chest_vp-ap_cr,sub-S09366,tripath_lesionnet,1003,0.9529316964499553,0.9100950656413753,3.273096063992282,1.2956670630199132,predictions/masks/qata_test_sub-S09366_ses-E18600_run-1_bp-chest_vp-ap_cr.png,predictions/probabilities/qata_test_sub-S09366_ses-E18600_run-1_bp-chest_vp-ap_cr.npy
qata_test_sub-S09366_ses-E19205_run-1_bp-chest_vp-ap_cr,sub-S09366,tripath_lesionnet,1003,0.9651577258957176,0.9326616722644221,4.0,1.0177341935281254,predictions/masks/qata_test_sub-S09366_ses-E19205_run-1_bp-chest_vp-ap_cr.png,predictions/probabilities/qata_test_sub-S09366_ses-E19205_run-1_bp-chest_vp-ap_cr.npy
qata_test_sub-S09366_ses-E19820_run-1_bp-chest_vp-ap_cr,sub-S09366,tripath_lesionnet,1003,0.861942353590399,0.7573802226204649,11.34640066011827,3.088536127058927,predictions/masks/qata_test_sub-S09366_ses-E19820_run-1_bp-chest_vp-ap_cr.png,predictions/probabilities/qata_test_sub-S09366_ses-E19820_run-1_bp-chest_vp-ap_cr.npy
qata_test_sub-S09366_ses-E19984_run-1_bp-chest_vp-ap_cr,sub-S09366,tripath_lesionnet,1003,0.9759109931612947,0.9529552476831161,2.0,0.6232254979595767,predictions/masks/qata_test_sub-S09366_ses-E19984_run-1_bp-chest_vp-ap_cr.png,predictions/probabilities/qata_test_sub-S09366_ses-E19984_run-1_bp-chest_vp-ap_cr.npy
qata_test_sub-S09366_ses-E20187_run-1_bp-chest_vp-ap_cr,sub-S09366,tripath_lesionnet,1003,0.9488675100373121,0.902709714615864,6.119031448803967,1.6043872978624356,predictions/masks/qata_test_sub-S09366_ses-E20187_run-1_bp-chest_vp-ap_cr.png,predictions/probabilities/qata_test_sub-S09366_ses-E20187_run-1_bp-chest_vp-ap_cr.npy
qata_test_sub-S09366_ses-E20399_run-1_bp-chest_vp-ap_cr,sub-S09366,tripath_lesionnet,1003,0.964274914683294,0.9310143476815899,3.1622776601683795,1.0453231387949098,predictions/masks/qata_test_sub-S09366_ses-E20399_run-1_bp-chest_vp-ap_cr.png,predictions/probabilities/qata_test_sub-S09366_ses-E20399_run-1_bp-chest_vp-ap_cr.npy
qata_test_sub-S09366_ses-E21128_run-1_bp-chest_vp-ap_cr,sub-S09366,tripath_lesionnet,1003,0.88180781294638,0.7886013005254545,9.055385138137417,2.076653654308659,predictions/masks/qata_test_sub-S09366_ses-E21128_run-1_bp-chest_vp-ap_cr.png,predictions/probabilities/qata_test_sub-S09366_ses-E21128_run-1_bp-chest_vp-ap_cr.npy
qata_test_sub-S09366_ses-E21487_run-1_bp-chest_vp-ap_cr,sub-S09366,tripath_lesionnet,1003,0.9378289473687619,0.8829358934666777,25.495097567963924,3.229576420109284,predictions/masks/qata_test_sub-S09366_ses-E21487_run-1_bp-chest_vp-ap_cr.png,predictions/probabilities/qata_test_sub-S09366_ses-E21487_run-1_bp-chest_vp-ap_cr.npy
qata_test_sub-S09366_ses-E21900_run-1_bp-chest_vp-ap_cr,sub-S09366,tripath_lesionnet,1003,0.9673768693344456,0.936815030195294,3.0,0.8045463691429019,predictions/masks/qata_test_sub-S09366_ses-E21900_run-1_bp-chest_vp-ap_cr.png,predictions/probabilities/qata_test_sub-S09366_ses-E21900_run-1_bp-chest_vp-ap_cr.npy
qata_test_sub-S09366_ses-E22157_run-1_bp-chest_vp-ap_cr,sub-S09366,tripath_lesionnet,1003,0.9650979077897013,0.9325499629910016,3.1622776601683795,0.9619225772937123,predictions/masks/qata_test_sub-S09366_ses-E22157_run-1_bp-chest_vp-ap_cr.png,predictions/probabilities/qata_test_sub-S09366_ses-E22157_run-1_bp-chest_vp-ap_cr.npy
qata_test_sub-S09366_ses-E22573_run-1_bp-chest_vp-ap_cr,sub-S09366,tripath_lesionnet,1003,0.9191294670463761,0.8503603706686835,6.0,2.1132200212714483,predictions/masks/qata_test_sub-S09366_ses-E22573_run-1_bp-chest_vp-ap_cr.png,predictions/probabilities/qata_test_sub-S09366_ses-E22573_run-1_bp-chest_vp-ap_cr.npy
qata_test_sub-S09366_ses-E22977_run-1_bp-chest_vp-ap_cr,sub-S09366,tripath_lesionnet,1003,0.9664137675797261,0.935010294513159,4.0,1.1135088344366615,predictions/masks/qata_test_sub-S09366_ses-E22977_run-1_bp-chest_vp-ap_cr.png,predictions/probabilities/qata_test_sub-S09366_ses-E22977_run-1_bp-chest_vp-ap_cr.npy
qata_test_sub-S09366_ses-E23300_run-1_bp-chest_vp-ap_cr,sub-S09366,tripath_lesionnet,1003,0.9171220400731742,0.8469301934409382,16.063873126031886,3.361884932714522,predictions/masks/qata_test_sub-S09366_ses-E23300_run-1_bp-chest_vp-ap_cr.png,predictions/probabilities/qata_test_sub-S09366_ses-E23300_run-1_bp-chest_vp-ap_cr.npy
qata_test_sub-S09366_ses-E24177_acq-1_run-1_bp-chest_vp-pa_dx,sub-S09366,tripath_lesionnet,1003,0.8822739018100023,0.789347142596831,11.40175425099138,3.202919762801609,predictions/masks/qata_test_sub-S09366_ses-E24177_acq-1_run-1_bp-chest_vp-pa_dx.png,predictions/probabilities/qata_test_sub-S09366_ses-E24177_acq-1_run-1_bp-chest_vp-pa_dx.npy
qata_test_sub-S09366_ses-E24258_run-1_bp-chest_vp-ap_cr,sub-S09366,tripath_lesionnet,1003,0.9626183218355422,0.9279307145072074,30.0,2.656439233234925,predictions/masks/qata_test_sub-S09366_ses-E24258_run-1_bp-chest_vp-ap_cr.png,predictions/probabilities/qata_test_sub-S09366_ses-E24258_run-1_bp-chest_vp-ap_cr.npy
qata_test_sub-S09366_ses-E26083_run-1_bp-chest_vp-ap_cr,sub-S09366,tripath_lesionnet,1003,0.8767205867590001,0.7805008944583095,11.004536101718722,2.648831342449899,predictions/masks/qata_test_sub-S09366_ses-E26083_run-1_bp-chest_vp-ap_cr.png,predictions/probabilities/qata_test_sub-S09366_ses-E26083_run-1_bp-chest_vp-ap_cr.npy
qata_test_sub-S09368_ses-E18602_run-1_bp-chest_vp-ap_dx,sub-S09368,tripath_lesionnet,1003,0.9752054794522246,0.9516107472269535,2.0,0.5493973042928618,predictions/masks/qata_test_sub-S09368_ses-E18602_run-1_bp-chest_vp-ap_dx.png,predictions/probabilities/qata_test_sub-S09368_ses-E18602_run-1_bp-chest_vp-ap_dx.npy
qata_test_sub-S09368_ses-E19120_run-1_bp-chest_vp-ap_dx,sub-S09368,tripath_lesionnet,1003,0.9559500959695012,0.9156172442327822,5.0,1.4352895962671341,predictions/masks/qata_test_sub-S09368_ses-E19120_run-1_bp-chest_vp-ap_dx.png,predictions/probabilities/qata_test_sub-S09368_ses-E19120_run-1_bp-chest_vp-ap_dx.npy
qata_test_sub-S09368_ses-E19120_run-2_bp-chest_vp-ap_dx,sub-S09368,tripath_lesionnet,1003,0.9756174961655704,0.9523957042549319,2.0,0.6658347678702687,predictions/masks/qata_test_sub-S09368_ses-E19120_run-2_bp-chest_vp-ap_dx.png,predictions/probabilities/qata_test_sub-S09368_ses-E19120_run-2_bp-chest_vp-ap_dx.npy
qata_test_sub-S09368_ses-E19401_run-1_bp-chest_vp-ap_cr,sub-S09368,tripath_lesionnet,1003,0.9636798940453177,0.9299056232802801,2.23606797749979,0.9644517092945497,predictions/masks/qata_test_sub-S09368_ses-E19401_run-1_bp-chest_vp-ap_cr.png,predictions/probabilities/qata_test_sub-S09368_ses-E19401_run-1_bp-chest_vp-ap_cr.npy
qata_test_sub-S09368_ses-E20395_run-1_bp-chest_vp-ap_dx,sub-S09368,tripath_lesionnet,1003,0.9229983958004739,0.8570074475307108,9.433981132056603,2.135498455168152,predictions/masks/qata_test_sub-S09368_ses-E20395_run-1_bp-chest_vp-ap_dx.png,predictions/probabilities/qata_test_sub-S09368_ses-E20395_run-1_bp-chest_vp-ap_dx.npy
qata_test_sub-S09368_ses-E20395_run-2_bp-chest_vp-ap_dx,sub-S09368,tripath_lesionnet,1003,0.9501347708897934,0.905006418486346,6.708203932499369,1.2244989990529533,predictions/masks/qata_test_sub-S09368_ses-E20395_run-2_bp-chest_vp-ap_dx.png,predictions/probabilities/qata_test_sub-S09368_ses-E20395_run-2_bp-chest_vp-ap_dx.npy
qata_test_sub-S09368_ses-E21331_run-1_bp-chest_vp-ap_dx,sub-S09368,tripath_lesionnet,1003,0.9644056413702178,0.9312581063560195,3.0,1.0219124083073392,predictions/masks/qata_test_sub-S09368_ses-E21331_run-1_bp-chest_vp-ap_dx.png,predictions/probabilities/qata_test_sub-S09368_ses-E21331_run-1_bp-chest_vp-ap_dx.npy
qata_test_sub-S09368_ses-E21658_run-1_bp-chest_vp-ap_dx,sub-S09368,tripath_lesionnet,1003,0.9349506481155015,0.8778472532394165,10.665191763118239,1.9476019361681964,predictions/masks/qata_test_sub-S09368_ses-E21658_run-1_bp-chest_vp-ap_dx.png,predictions/probabilities/qata_test_sub-S09368_ses-E21658_run-1_bp-chest_vp-ap_dx.npy
qata_test_sub-S09368_ses-E22594_run-1_bp-chest_vp-ap_dx,sub-S09368,tripath_lesionnet,1003,0.9649243897849976,0.932225994181229,3.0,0.8038995551689216,predictions/masks/qata_test_sub-S09368_ses-E22594_run-1_bp-chest_vp-ap_dx.png,predictions/probabilities/qata_test_sub-S09368_ses-E22594_run-1_bp-chest_vp-ap_dx.npy
qata_test_sub-S09368_ses-E24685_run-1_bp-chest_vp-pa_dx,sub-S09368,tripath_lesionnet,1003,0.9477991320524005,0.9007777515920247,5.507425056195561,1.3765500451493031,predictions/masks/qata_test_sub-S09368_ses-E24685_run-1_bp-chest_vp-pa_dx.png,predictions/probabilities/qata_test_sub-S09368_ses-E24685_run-1_bp-chest_vp-pa_dx.npy
qata_test_sub-S09369_ses-E16167_run-1_bp-chest_vp-ap_dx,sub-S09369,tripath_lesionnet,1003,0.679548306152076,0.5146332193174717,82.5723864157289,18.704689822083207,predictions/masks/qata_test_sub-S09369_ses-E16167_run-1_bp-chest_vp-ap_dx.png,predictions/probabilities/qata_test_sub-S09369_ses-E16167_run-1_bp-chest_vp-ap_dx.npy
qata_test_sub-S09370_ses-E16168_run-1_bp-chest_vp-ap_dx,sub-S09370,tripath_lesionnet,1003,0.6619433198494622,0.49470499246118477,59.78795640819738,14.31120045827037,predictions/masks/qata_test_sub-S09370_ses-E16168_run-1_bp-chest_vp-ap_dx.png,predictions/probabilities/qata_test_sub-S09370_ses-E16168_run-1_bp-chest_vp-ap_dx.npy
qata_test_sub-S09370_ses-E17909_run-1_bp-chest_vp-ap_dx,sub-S09370,tripath_lesionnet,1003,0.9128164556968923,0.8396157764540879,6.970820393249897,1.9506315257682023,predictions/masks/qata_test_sub-S09370_ses-E17909_run-1_bp-chest_vp-ap_dx.png,predictions/probabilities/qata_test_sub-S09370_ses-E17909_run-1_bp-chest_vp-ap_dx.npy
qata_test_sub-S09371_ses-E16169_run-1_bp-chest_vp-ap_dx,sub-S09371,tripath_lesionnet,1003,0.7160352523782071,0.5576751649214178,34.019109706236186,6.928007667202651,predictions/masks/qata_test_sub-S09371_ses-E16169_run-1_bp-chest_vp-ap_dx.png,predictions/probabilities/qata_test_sub-S09371_ses-E16169_run-1_bp-chest_vp-ap_dx.npy
qata_test_sub-S09371_ses-E16353_run-1_bp-chest_vp-ap_dx,sub-S09371,tripath_lesionnet,1003,0.8579078900418081,0.7511722413331925,14.09219729687471,2.538830250047287,predictions/masks/qata_test_sub-S09371_ses-E16353_run-1_bp-chest_vp-ap_dx.png,predictions/probabilities/qata_test_sub-S09371_ses-E16353_run-1_bp-chest_vp-ap_dx.npy
qata_test_sub-S09371_ses-E16592_run-1_bp-chest_vp-ap_dx,sub-S09371,tripath_lesionnet,1003,0.7212140507299032,0.5639834024968633,26.1725046566048,5.609978214438916,predictions/masks/qata_test_sub-S09371_ses-E16592_run-1_bp-chest_vp-ap_dx.png,predictions/probabilities/qata_test_sub-S09371_ses-E16592_run-1_bp-chest_vp-ap_dx.npy
qata_test_sub-S09371_ses-E16689_run-1_bp-chest_vp-ap_dx,sub-S09371,tripath_lesionnet,1003,0.784202211692636,0.6450103950165452,24.688035038660995,6.186342820781742,predictions/masks/qata_test_sub-S09371_ses-E16689_run-1_bp-chest_vp-ap_dx.png,predictions/probabilities/qata_test_sub-S09371_ses-E16689_run-1_bp-chest_vp-ap_dx.npy
qata_test_sub-S09371_ses-E16810_run-1_bp-chest_vp-ap_dx,sub-S09371,tripath_lesionnet,1003,0.8542452830205867,0.7455743104210463,12.230969804901571,2.7273265511118203,predictions/masks/qata_test_sub-S09371_ses-E16810_run-1_bp-chest_vp-ap_dx.png,predictions/probabilities/qata_test_sub-S09371_ses-E16810_run-1_bp-chest_vp-ap_dx.npy
qata_test_sub-S09371_ses-E16936_run-1_bp-chest_vp-ap_dx,sub-S09371,tripath_lesionnet,1003,0.789969834091441,0.6528513555732984,9.866580798981545,2.6330510964964904,predictions/masks/qata_test_sub-S09371_ses-E16936_run-1_bp-chest_vp-ap_dx.png,predictions/probabilities/qata_test_sub-S09371_ses-E16936_run-1_bp-chest_vp-ap_dx.npy
qata_test_sub-S09371_ses-E17184_run-1_bp-chest_vp-ap_dx,sub-S09371,tripath_lesionnet,1003,0.6839982070891081,0.5197547684087277,32.82370984418593,6.145907875548532,predictions/masks/qata_test_sub-S09371_ses-E17184_run-1_bp-chest_vp-ap_dx.png,predictions/probabilities/qata_test_sub-S09371_ses-E17184_run-1_bp-chest_vp-ap_dx.npy
qata_test_sub-S09371_ses-E17422_run-1_bp-chest_vp-ap_dx,sub-S09371,tripath_lesionnet,1003,0.8490391722112987,0.737678600100535,13.0,3.1561578356240965,predictions/masks/qata_test_sub-S09371_ses-E17422_run-1_bp-chest_vp-ap_dx.png,predictions/probabilities/qata_test_sub-S09371_ses-E17422_run-1_bp-chest_vp-ap_dx.npy
qata_test_sub-S09371_ses-E17519_run-1_bp-chest_vp-ap_dx,sub-S09371,tripath_lesionnet,1003,0.7614395886920123,0.6147779161557746,15.0,4.010238696943697,predictions/masks/qata_test_sub-S09371_ses-E17519_run-1_bp-chest_vp-ap_dx.png,predictions/probabilities/qata_test_sub-S09371_ses-E17519_run-1_bp-chest_vp-ap_dx.npy
qata_test_sub-S09371_ses-E17614_run-1_bp-chest_vp-ap_dx,sub-S09371,tripath_lesionnet,1003,0.8744399291458327,0.7768931679359953,11.648896312755651,2.4431832015319754,predictions/masks/qata_test_sub-S09371_ses-E17614_run-1_bp-chest_vp-ap_dx.png,predictions/probabilities/qata_test_sub-S09371_ses-E17614_run-1_bp-chest_vp-ap_dx.npy
qata_test_sub-S09371_ses-E18434_run-1_bp-chest_cr,sub-S09371,tripath_lesionnet,1003,0.5070044137496257,0.3395886889629926,21.08790040291895,7.744310815385209,predictions/masks/qata_test_sub-S09371_ses-E18434_run-1_bp-chest_cr.png,predictions/probabilities/qata_test_sub-S09371_ses-E18434_run-1_bp-chest_cr.npy
qata_test_sub-S09371_ses-E18616_run-1_bp-chest_vp-ap_dx,sub-S09371,tripath_lesionnet,1003,0.7726135615566476,0.6294786526575954,25.173284148787328,4.272279740057093,predictions/masks/qata_test_sub-S09371_ses-E18616_run-1_bp-chest_vp-ap_dx.png,predictions/probabilities/qata_test_sub-S09371_ses-E18616_run-1_bp-chest_vp-ap_dx.npy
qata_test_sub-S09371_ses-E18951_run-1_bp-chest_vp-ap_dx,sub-S09371,tripath_lesionnet,1003,0.9141118383286594,0.841810299250906,15.196814279968624,2.3624528733542434,predictions/masks/qata_test_sub-S09371_ses-E18951_run-1_bp-chest_vp-ap_dx.png,predictions/probabilities/qata_test_sub-S09371_ses-E18951_run-1_bp-chest_vp-ap_dx.npy
qata_test_sub-S09371_ses-E19129_run-1_bp-chest_vp-ap_dx,sub-S09371,tripath_lesionnet,1003,0.9386459345646995,0.8843853009414676,7.0710678118654755,1.4694655337625133,predictions/masks/qata_test_sub-S09371_ses-E19129_run-1_bp-chest_vp-ap_dx.png,predictions/probabilities/qata_test_sub-S09371_ses-E19129_run-1_bp-chest_vp-ap_dx.npy
qata_test_sub-S09371_ses-E20202_run-1_bp-chest_vp-ap_dx,sub-S09371,tripath_lesionnet,1003,0.8660760812932121,0.7637867647085961,14.142135623730951,2.9794274403594403,predictions/masks/qata_test_sub-S09371_ses-E20202_run-1_bp-chest_vp-ap_dx.png,predictions/probabilities/qata_test_sub-S09371_ses-E20202_run-1_bp-chest_vp-ap_dx.npy
qata_test_sub-S09371_ses-E20280_run-1_bp-chest_vp-ap_dx,sub-S09371,tripath_lesionnet,1003,0.786702997277529,0.6484010061148329,25.738336160354255,5.212217361099405,predictions/masks/qata_test_sub-S09371_ses-E20280_run-1_bp-chest_vp-ap_dx.png,predictions/probabilities/qata_test_sub-S09371_ses-E20280_run-1_bp-chest_vp-ap_dx.npy
qata_test_sub-S09371_ses-E20406_run-1_bp-chest_vp-ap_dx,sub-S09371,tripath_lesionnet,1003,0.8344503351021861,0.7159285959540692,19.738147005689385,3.4799473601177433,predictions/masks/qata_test_sub-S09371_ses-E20406_run-1_bp-chest_vp-ap_dx.png,predictions/probabilities/qata_test_sub-S09371_ses-E20406_run-1_bp-chest_vp-ap_dx.npy
qata_test_sub-S09371_ses-E20807_run-1_bp-chest_vp-ap_dx,sub-S09371,tripath_lesionnet,1003,0.6160491020773801,0.4451379763651401,27.018512172212592,6.503200137568848,predictions/masks/qata_test_sub-S09371_ses-E20807_run-1_bp-chest_vp-ap_dx.png,predictions/probabilities/qata_test_sub-S09371_ses-E20807_run-1_bp-chest_vp-ap_dx.npy
qata_test_sub-S09371_ses-E21160_run-1_bp-chest_cr,sub-S09371,tripath_lesionnet,1003,0.7751648790901661,0.6328728380329286,38.948684188300895,7.138063868557665,predictions/masks/qata_test_sub-S09371_ses-E21160_run-1_bp-chest_cr.png,predictions/probabilities/qata_test_sub-S09371_ses-E21160_run-1_bp-chest_cr.npy
qata_test_sub-S09371_ses-E21357_run-1_bp-chest_vp-ap_dx,sub-S09371,tripath_lesionnet,1003,0.9484657518113643,0.9019827489649155,19.84098215050915,2.765025180113447,predictions/masks/qata_test_sub-S09371_ses-E21357_run-1_bp-chest_vp-ap_dx.png,predictions/probabilities/qata_test_sub-S09371_ses-E21357_run-1_bp-chest_vp-ap_dx.npy
qata_test_sub-S09371_ses-E21497_run-1_bp-chest_vp-ap_dx,sub-S09371,tripath_lesionnet,1003,0.8998830248407081,0.8179884913708032,13.0,2.4820311155732524,predictions/masks/qata_test_sub-S09371_ses-E21497_run-1_bp-chest_vp-ap_dx.png,predictions/probabilities/qata_test_sub-S09371_ses-E21497_run-1_bp-chest_vp-ap_dx.npy
qata_test_sub-S09371_ses-E21840_run-1_bp-chest_vp-ap_dx,sub-S09371,tripath_lesionnet,1003,0.9539315646188334,0.9119208001641976,5.385164807134504,1.2172438286537575,predictions/masks/qata_test_sub-S09371_ses-E21840_run-1_bp-chest_vp-ap_dx.png,predictions/probabilities/qata_test_sub-S09371_ses-E21840_run-1_bp-chest_vp-ap_dx.npy
qata_test_sub-S09371_ses-E21897_run-1_bp-chest_vp-ap_dx,sub-S09371,tripath_lesionnet,1003,0.9133478709983547,0.840515420366698,5.656854249492381,1.6880097412293524,predictions/masks/qata_test_sub-S09371_ses-E21897_run-1_bp-chest_vp-ap_dx.png,predictions/probabilities/qata_test_sub-S09371_ses-E21897_run-1_bp-chest_vp-ap_dx.npy
qata_test_sub-S09371_ses-E22017_run-1_bp-chest_vp-ap_dx,sub-S09371,tripath_lesionnet,1003,0.8385250592769313,0.721948472480333,16.313407703718546,3.4707268111362715,predictions/masks/qata_test_sub-S09371_ses-E22017_run-1_bp-chest_vp-ap_dx.png,predictions/probabilities/qata_test_sub-S09371_ses-E22017_run-1_bp-chest_vp-ap_dx.npy
qata_test_sub-S09371_ses-E22181_run-1_bp-chest_vp-ap_dx,sub-S09371,tripath_lesionnet,1003,0.9671349059106339,0.9363613035676628,2.8284271247461903,0.7636134847756896,predictions/masks/qata_test_sub-S09371_ses-E22181_run-1_bp-chest_vp-ap_dx.png,predictions/probabilities/qata_test_sub-S09371_ses-E22181_run-1_bp-chest_vp-ap_dx.npy
qata_test_sub-S09371_ses-E22335_run-1_bp-chest_vp-ap_dx,sub-S09371,tripath_lesionnet,1003,0.9101762895260687,0.8351591920603362,8.0,1.9877455134762803,predictions/masks/qata_test_sub-S09371_ses-E22335_run-1_bp-chest_vp-ap_dx.png,predictions/probabilities/qata_test_sub-S09371_ses-E22335_run-1_bp-chest_vp-ap_dx.npy
qata_test_sub-S09371_ses-E22786_run-1_bp-chest_vp-ap_dx,sub-S09371,tripath_lesionnet,1003,0.8615548455814578,0.7567820392923055,27.8710988989314,4.408069177344655,predictions/masks/qata_test_sub-S09371_ses-E22786_run-1_bp-chest_vp-ap_dx.png,predictions/probabilities/qata_test_sub-S09371_ses-E22786_run-1_bp-chest_vp-ap_dx.npy
qata_test_sub-S09371_ses-E22991_run-1_bp-chest_vp-ap_dx,sub-S09371,tripath_lesionnet,1003,0.8575411692963533,0.7506101281307106,17.623538968039796,3.3345675283860183,predictions/masks/qata_test_sub-S09371_ses-E22991_run-1_bp-chest_vp-ap_dx.png,predictions/probabilities/qata_test_sub-S09371_ses-E22991_run-1_bp-chest_vp-ap_dx.npy
qata_test_sub-S09371_ses-E23116_run-1_bp-chest_vp-ap_dx,sub-S09371,tripath_lesionnet,1003,0.9246470227138993,0.8598544312850028,8.06225774829855,1.8319576725714066,predictions/masks/qata_test_sub-S09371_ses-E23116_run-1_bp-chest_vp-ap_dx.png,predictions/probabilities/qata_test_sub-S09371_ses-E23116_run-1_bp-chest_vp-ap_dx.npy
qata_test_sub-S09371_ses-E23322_run-1_bp-chest_vp-ap_dx,sub-S09371,tripath_lesionnet,1003,0.9170170105431924,0.846751075013775,10.202918582875636,2.520482928703453,predictions/masks/qata_test_sub-S09371_ses-E23322_run-1_bp-chest_vp-ap_dx.png,predictions/probabilities/qata_test_sub-S09371_ses-E23322_run-1_bp-chest_vp-ap_dx.npy
qata_test_sub-S09371_ses-E23628_run-1_bp-chest_cr,sub-S09371,tripath_lesionnet,1003,0.8321135175516646,0.712495203993957,23.057514008575914,4.253272795659828,predictions/masks/qata_test_sub-S09371_ses-E23628_run-1_bp-chest_cr.png,predictions/probabilities/qata_test_sub-S09371_ses-E23628_run-1_bp-chest_cr.npy
qata_test_sub-S09371_ses-E24064_run-1_bp-chest_cr,sub-S09371,tripath_lesionnet,1003,0.941164411644418,0.8888673765741639,6.0,1.6331171331393843,predictions/masks/qata_test_sub-S09371_ses-E24064_run-1_bp-chest_cr.png,predictions/probabilities/qata_test_sub-S09371_ses-E24064_run-1_bp-chest_cr.npy
qata_test_sub-S09371_ses-E24083_run-1_bp-chest_vp-ap_dx,sub-S09371,tripath_lesionnet,1003,0.6763838847062202,0.5110121257175079,64.52439249475594,15.522928973601639,predictions/masks/qata_test_sub-S09371_ses-E24083_run-1_bp-chest_vp-ap_dx.png,predictions/probabilities/qata_test_sub-S09371_ses-E24083_run-1_bp-chest_vp-ap_dx.npy
qata_test_sub-S09371_ses-E24510_run-1_bp-chest_vp-ap_dx,sub-S09371,tripath_lesionnet,1003,0.7833473154385134,0.6438545078496146,17.0,4.530905068975265,predictions/masks/qata_test_sub-S09371_ses-E24510_run-1_bp-chest_vp-ap_dx.png,predictions/probabilities/qata_test_sub-S09371_ses-E24510_run-1_bp-chest_vp-ap_dx.npy
qata_test_sub-S09371_ses-E26504_run-1_bp-chest_cr,sub-S09371,tripath_lesionnet,1003,0.6646102919074285,0.4976901408507302,67.17139606390877,14.186929271326807,predictions/masks/qata_test_sub-S09371_ses-E26504_run-1_bp-chest_cr.png,predictions/probabilities/qata_test_sub-S09371_ses-E26504_run-1_bp-chest_cr.npy
qata_test_sub-S09372_ses-E16170_run-1_bp-chest_vp-ap_dx,sub-S09372,tripath_lesionnet,1003,0.9781883988953406,0.9573079791208555,1.0,0.42998549557496224,predictions/masks/qata_test_sub-S09372_ses-E16170_run-1_bp-chest_vp-ap_dx.png,predictions/probabilities/qata_test_sub-S09372_ses-E16170_run-1_bp-chest_vp-ap_dx.npy
qata_test_sub-S09373_ses-E16171_run-1_bp-chest_vp-pa_dx,sub-S09373,tripath_lesionnet,1003,0.7293774116203005,0.5740315167502621,39.49929693001339,7.143488879971221,predictions/masks/qata_test_sub-S09373_ses-E16171_run-1_bp-chest_vp-pa_dx.png,predictions/probabilities/qata_test_sub-S09373_ses-E16171_run-1_bp-chest_vp-pa_dx.npy
qata_test_sub-S09373_ses-E22331_run-1_bp-chest_vp-ap_dx,sub-S09373,tripath_lesionnet,1003,0.950440067058097,0.9055605470709238,5.0,1.6163918414180203,predictions/masks/qata_test_sub-S09373_ses-E22331_run-1_bp-chest_vp-ap_dx.png,predictions/probabilities/qata_test_sub-S09373_ses-E22331_run-1_bp-chest_vp-ap_dx.npy
qata_test_sub-S09374_ses-E16172_run-1_bp-chest_vp-ap_dx,sub-S09374,tripath_lesionnet,1003,0.9037384394958481,0.8243821292817399,6.191569285815546,1.37640238091463,predictions/masks/qata_test_sub-S09374_ses-E16172_run-1_bp-chest_vp-ap_dx.png,predictions/probabilities/qata_test_sub-S09374_ses-E16172_run-1_bp-chest_vp-ap_dx.npy
qata_test_sub-S09374_ses-E17342_run-1_bp-chest_vp-ap_dx,sub-S09374,tripath_lesionnet,1003,0.9173211062879014,0.8472697783398155,40.36582136657446,4.43787461365681,predictions/masks/qata_test_sub-S09374_ses-E17342_run-1_bp-chest_vp-ap_dx.png,predictions/probabilities/qata_test_sub-S09374_ses-E17342_run-1_bp-chest_vp-ap_dx.npy
qata_test_sub-S09374_ses-E18958_run-1_bp-chest_vp-ap_dx,sub-S09374,tripath_lesionnet,1003,0.8921231192851595,0.8052547488051615,12.062320276193434,2.7531840977340196,predictions/masks/qata_test_sub-S09374_ses-E18958_run-1_bp-chest_vp-ap_dx.png,predictions/probabilities/qata_test_sub-S09374_ses-E18958_run-1_bp-chest_vp-ap_dx.npy
qata_test_sub-S09374_ses-E22603_run-1_bp-chest_dx,sub-S09374,tripath_lesionnet,1003,0.8607572540705878,0.755552104367828,29.882176467941072,4.814065435234652,predictions/masks/qata_test_sub-S09374_ses-E22603_run-1_bp-chest_dx.png,predictions/probabilities/qata_test_sub-S09374_ses-E22603_run-1_bp-chest_dx.npy
qata_test_sub-S09374_ses-E25195_acq-1_run-1_bp-chest_vp-ap_dx,sub-S09374,tripath_lesionnet,1003,0.7411429097290775,0.5887426900644921,92.73444490874544,23.87078142464117,predictions/masks/qata_test_sub-S09374_ses-E25195_acq-1_run-1_bp-chest_vp-ap_dx.png,predictions/probabilities/qata_test_sub-S09374_ses-E25195_acq-1_run-1_bp-chest_vp-ap_dx.npy
qata_test_sub-S09375_ses-E16173_acq-1_run-1_bp-chest_vp-ll_dx,sub-S09375,tripath_lesionnet,1003,0.6088872567093484,0.4376979936790471,77.85294282910802,19.34535468110831,predictions/masks/qata_test_sub-S09375_ses-E16173_acq-1_run-1_bp-chest_vp-ll_dx.png,predictions/probabilities/qata_test_sub-S09375_ses-E16173_acq-1_run-1_bp-chest_vp-ll_dx.npy
qata_test_sub-S09375_ses-E16595_run-1_bp-chest_vp-ap_dx,sub-S09375,tripath_lesionnet,1003,0.9366841527395792,0.8809086737062665,112.87378884288233,10.904435556258132,predictions/masks/qata_test_sub-S09375_ses-E16595_run-1_bp-chest_vp-ap_dx.png,predictions/probabilities/qata_test_sub-S09375_ses-E16595_run-1_bp-chest_vp-ap_dx.npy
qata_test_sub-S09375_ses-E18944_run-1_bp-chest_vp-ap_dx,sub-S09375,tripath_lesionnet,1003,0.8626734842967777,0.7585099550469169,46.99360832905158,10.000430240079387,predictions/masks/qata_test_sub-S09375_ses-E18944_run-1_bp-chest_vp-ap_dx.png,predictions/probabilities/qata_test_sub-S09375_ses-E18944_run-1_bp-chest_vp-ap_dx.npy
qata_test_sub-S09375_ses-E19417_run-1_bp-chest_vp-ap_cr,sub-S09375,tripath_lesionnet,1003,0.9510631117115165,0.9066924066939078,4.0,3.2628786886856274,predictions/masks/qata_test_sub-S09375_ses-E19417_run-1_bp-chest_vp-ap_cr.png,predictions/probabilities/qata_test_sub-S09375_ses-E19417_run-1_bp-chest_vp-ap_cr.npy
qata_test_sub-S09375_ses-E20663_run-1_bp-chest_vp-ap_cr,sub-S09375,tripath_lesionnet,1003,0.41231069861200237,0.2596923077378651,118.0,37.6466092102035,predictions/masks/qata_test_sub-S09375_ses-E20663_run-1_bp-chest_vp-ap_cr.png,predictions/probabilities/qata_test_sub-S09375_ses-E20663_run-1_bp-chest_vp-ap_cr.npy
qata_test_sub-S09375_ses-E21490_run-1_bp-chest_vp-ap_dx,sub-S09375,tripath_lesionnet,1003,0.910266774455534,0.8353115727043692,48.45343627080527,5.265679964377898,predictions/masks/qata_test_sub-S09375_ses-E21490_run-1_bp-chest_vp-ap_dx.png,predictions/probabilities/qata_test_sub-S09375_ses-E21490_run-1_bp-chest_vp-ap_dx.npy
qata_test_sub-S09375_ses-E21827_run-1_bp-chest_vp-ap_cr,sub-S09375,tripath_lesionnet,1003,0.923143072128097,0.8572569375153273,7.280109889280518,1.6291125802427533,predictions/masks/qata_test_sub-S09375_ses-E21827_run-1_bp-chest_vp-ap_cr.png,predictions/probabilities/qata_test_sub-S09375_ses-E21827_run-1_bp-chest_vp-ap_cr.npy
qata_test_sub-S09375_ses-E22333_run-1_bp-chest_vp-ap_cr,sub-S09375,tripath_lesionnet,1003,0.7673140344491148,0.6224732461467755,12.222726039254084,3.0954614814221726,predictions/masks/qata_test_sub-S09375_ses-E22333_run-1_bp-chest_vp-ap_cr.png,predictions/probabilities/qata_test_sub-S09375_ses-E22333_run-1_bp-chest_vp-ap_cr.npy
qata_test_sub-S09375_ses-E22596_run-1_bp-chest_vp-ap_cr,sub-S09375,tripath_lesionnet,1003,0.4720279720587396,0.30892448517857174,78.10595275356442,22.632679060568293,predictions/masks/qata_test_sub-S09375_ses-E22596_run-1_bp-chest_vp-ap_cr.png,predictions/probabilities/qata_test_sub-S09375_ses-E22596_run-1_bp-chest_vp-ap_cr.npy
qata_test_sub-S09375_ses-E22795_run-1_bp-chest_vp-ap_cr,sub-S09375,tripath_lesionnet,1003,0.844892086333167,0.7314399601462023,12.175678205198919,3.156911637404061,predictions/masks/qata_test_sub-S09375_ses-E22795_run-1_bp-chest_vp-ap_cr.png,predictions/probabilities/qata_test_sub-S09375_ses-E22795_run-1_bp-chest_vp-ap_cr.npy
qata_test_sub-S09376_ses-E16176_run-1_bp-chest_vp-ap_dx,sub-S09376,tripath_lesionnet,1003,0.9670594998564699,0.9362199465723929,2.8284271247461903,0.8152830676514281,predictions/masks/qata_test_sub-S09376_ses-E16176_run-1_bp-chest_vp-ap_dx.png,predictions/probabilities/qata_test_sub-S09376_ses-E16176_run-1_bp-chest_vp-ap_dx.npy
qata_test_sub-S09376_ses-E16481_run-1_bp-chest_vp-ap_dx,sub-S09376,tripath_lesionnet,1003,0.9619466735700107,0.9266832917714878,4.0,1.1253005805871008,predictions/masks/qata_test_sub-S09376_ses-E16481_run-1_bp-chest_vp-ap_dx.png,predictions/probabilities/qata_test_sub-S09376_ses-E16481_run-1_bp-chest_vp-ap_dx.npy
qata_test_sub-S09376_ses-E16617_run-1_bp-chest_vp-ap_dx,sub-S09376,tripath_lesionnet,1003,0.9685251235844533,0.9389711235144507,2.0,0.7423778789366389,predictions/masks/qata_test_sub-S09376_ses-E16617_run-1_bp-chest_vp-ap_dx.png,predictions/probabilities/qata_test_sub-S09376_ses-E16617_run-1_bp-chest_vp-ap_dx.npy
qata_test_sub-S09376_ses-E16703_run-1_bp-chest_vp-ap_dx,sub-S09376,tripath_lesionnet,1003,0.9695799695801476,0.9409560576820603,2.23606797749979,0.7534716073892311,predictions/masks/qata_test_sub-S09376_ses-E16703_run-1_bp-chest_vp-ap_dx.png,predictions/probabilities/qata_test_sub-S09376_ses-E16703_run-1_bp-chest_vp-ap_dx.npy
qata_test_sub-S09376_ses-E16820_run-1_bp-chest_vp-ap_dx,sub-S09376,tripath_lesionnet,1003,0.9621318373073943,0.9270270270279235,3.0,0.988098659974667,predictions/masks/qata_test_sub-S09376_ses-E16820_run-1_bp-chest_vp-ap_dx.png,predictions/probabilities/qata_test_sub-S09376_ses-E16820_run-1_bp-chest_vp-ap_dx.npy
qata_test_sub-S09376_ses-E17178_run-1_bp-chest_vp-ap_dx,sub-S09376,tripath_lesionnet,1003,0.975494816211266,0.9521619135240091,1.4142135623730951,0.5820386406939091,predictions/masks/qata_test_sub-S09376_ses-E17178_run-1_bp-chest_vp-ap_dx.png,predictions/probabilities/qata_test_sub-S09376_ses-E17178_run-1_bp-chest_vp-ap_dx.npy
qata_test_sub-S09376_ses-E17915_run-1_bp-chest_vp-ap_dx,sub-S09376,tripath_lesionnet,1003,0.960706705673374,0.9243845899114209,3.605551275463989,1.0173875159602244,predictions/masks/qata_test_sub-S09376_ses-E17915_run-1_bp-chest_vp-ap_dx.png,predictions/probabilities/qata_test_sub-S09376_ses-E17915_run-1_bp-chest_vp-ap_dx.npy
qata_test_sub-S09376_ses-E18458_run-1_bp-chest_cr,sub-S09376,tripath_lesionnet,1003,0.9426267969119028,0.8914797482661653,18.41046871603209,2.8130300361091987,predictions/masks/qata_test_sub-S09376_ses-E18458_run-1_bp-chest_cr.png,predictions/probabilities/qata_test_sub-S09376_ses-E18458_run-1_bp-chest_cr.npy
qata_test_sub-S09376_ses-E18625_run-1_bp-chest_vp-ap_dx,sub-S09376,tripath_lesionnet,1003,0.9710459420920637,0.9437213786461348,2.0590169943749475,0.7149007656821662,predictions/masks/qata_test_sub-S09376_ses-E18625_run-1_bp-chest_vp-ap_dx.png,predictions/probabilities/qata_test_sub-S09376_ses-E18625_run-1_bp-chest_vp-ap_dx.npy
qata_test_sub-S09376_ses-E18732_run-1_bp-chest_cr,sub-S09376,tripath_lesionnet,1003,0.9750426154990383,0.9513006396592639,2.0,0.6903895144230471,predictions/masks/qata_test_sub-S09376_ses-E18732_run-1_bp-chest_cr.png,predictions/probabilities/qata_test_sub-S09376_ses-E18732_run-1_bp-chest_cr.npy
qata_test_sub-S09376_ses-E18978_run-1_bp-chest_cr,sub-S09376,tripath_lesionnet,1003,0.9797318091889218,0.9602688959755212,1.4142135623730951,0.5231382560131174,predictions/masks/qata_test_sub-S09376_ses-E18978_run-1_bp-chest_cr.png,predictions/probabilities/qata_test_sub-S09376_ses-E18978_run-1_bp-chest_cr.npy
qata_test_sub-S09376_ses-E19213_run-1_bp-chest_cr,sub-S09376,tripath_lesionnet,1003,0.970884207701792,0.9434159061285082,2.23606797749979,0.6775506013346939,predictions/masks/qata_test_sub-S09376_ses-E19213_run-1_bp-chest_cr.png,predictions/probabilities/qata_test_sub-S09376_ses-E19213_run-1_bp-chest_cr.npy
qata_test_sub-S09376_ses-E19844_run-1_bp-chest_cr,sub-S09376,tripath_lesionnet,1003,0.9728958630529025,0.9472222222226804,2.8284271247461903,0.7303399373857818,predictions/masks/qata_test_sub-S09376_ses-E19844_run-1_bp-chest_cr.png,predictions/probabilities/qata_test_sub-S09376_ses-E19844_run-1_bp-chest_cr.npy
qata_test_sub-S09376_ses-E21166_run-1_bp-chest_cr,sub-S09376,tripath_lesionnet,1003,0.952346942824456,0.909028935010536,6.274979554578968,1.4668402739364819,predictions/masks/qata_test_sub-S09376_ses-E21166_run-1_bp-chest_cr.png,predictions/probabilities/qata_test_sub-S09376_ses-E21166_run-1_bp-chest_cr.npy
qata_test_sub-S09376_ses-E21514_run-1_bp-chest_cr,sub-S09376,tripath_lesionnet,1003,0.9728720369315168,0.9471770528234807,2.0,0.7150422889726574,predictions/masks/qata_test_sub-S09376_ses-E21514_run-1_bp-chest_cr.png,predictions/probabilities/qata_test_sub-S09376_ses-E21514_run-1_bp-chest_cr.npy
qata_test_sub-S09376_ses-E21843_run-1_bp-chest_cr,sub-S09376,tripath_lesionnet,1003,0.9728640515852908,0.9471619147271152,2.23606797749979,0.7687620739353488,predictions/masks/qata_test_sub-S09376_ses-E21843_run-1_bp-chest_cr.png,predictions/probabilities/qata_test_sub-S09376_ses-E21843_run-1_bp-chest_cr.npy
qata_test_sub-S09376_ses-E21908_run-1_bp-chest_cr,sub-S09376,tripath_lesionnet,1003,0.9693984837586774,0.9406142611690226,2.23606797749979,0.7634462145748232,predictions/masks/qata_test_sub-S09376_ses-E21908_run-1_bp-chest_cr.png,predictions/probabilities/qata_test_sub-S09376_ses-E21908_run-1_bp-chest_cr.npy
qata_test_sub-S09376_ses-E22030_acq-1_run-1_bp-chest_cr,sub-S09376,tripath_lesionnet,1003,0.9685749660988823,0.9390648222254594,2.0,0.7603671332224831,predictions/masks/qata_test_sub-S09376_ses-E22030_acq-1_run-1_bp-chest_cr.png,predictions/probabilities/qata_test_sub-S09376_ses-E22030_acq-1_run-1_bp-chest_cr.npy
qata_test_sub-S09376_ses-E22821_run-1_bp-chest_cr,sub-S09376,tripath_lesionnet,1003,0.9748833702465723,0.9509975176983452,2.0,0.661078942425965,predictions/masks/qata_test_sub-S09376_ses-E22821_run-1_bp-chest_cr.png,predictions/probabilities/qata_test_sub-S09376_ses-E22821_run-1_bp-chest_cr.npy
qata_test_sub-S09376_ses-E23127_run-1_bp-chest_cr,sub-S09376,tripath_lesionnet,1003,0.9633248469004106,0.9292446568441625,2.8284271247461903,0.8574102816719203,predictions/masks/qata_test_sub-S09376_ses-E23127_run-1_bp-chest_cr.png,predictions/probabilities/qata_test_sub-S09376_ses-E23127_run-1_bp-chest_cr.npy
qata_test_sub-S09376_ses-E26132_run-1_bp-chest_vp-ap_cr,sub-S09376,tripath_lesionnet,1003,0.8709216741740584,0.7713562950012516,13.45362404707371,2.622916600614456,predictions/masks/qata_test_sub-S09376_ses-E26132_run-1_bp-chest_vp-ap_cr.png,predictions/probabilities/qata_test_sub-S09376_ses-E26132_run-1_bp-chest_vp-ap_cr.npy
qata_test_sub-S09377_ses-E16177_run-1_bp-chest_vp-ap_cr,sub-S09377,tripath_lesionnet,1003,0.7487556292990192,0.5984087895510815,68.09548312480383,11.482700221218646,predictions/masks/qata_test_sub-S09377_ses-E16177_run-1_bp-chest_vp-ap_cr.png,predictions/probabilities/qata_test_sub-S09377_ses-E16177_run-1_bp-chest_vp-ap_cr.npy
qata_test_sub-S09377_ses-E16266_run-1_bp-chest_vp-ap_cr,sub-S09377,tripath_lesionnet,1003,0.761482420022783,0.6148337596006436,11.34452451218707,3.308754207382335,predictions/masks/qata_test_sub-S09377_ses-E16266_run-1_bp-chest_vp-ap_cr.png,predictions/probabilities/qata_test_sub-S09377_ses-E16266_run-1_bp-chest_vp-ap_cr.npy
qata_test_sub-S09377_ses-E16465_run-1_bp-chest_vp-ap_cr,sub-S09377,tripath_lesionnet,1003,0.8895705521490221,0.8011049723814742,56.31856435950049,6.074752312368004,predictions/masks/qata_test_sub-S09377_ses-E16465_run-1_bp-chest_vp-ap_cr.png,predictions/probabilities/qata_test_sub-S09377_ses-E16465_run-1_bp-chest_vp-ap_cr.npy
qata_test_sub-S09377_ses-E16686_run-1_bp-chest_vp-ap_cr,sub-S09377,tripath_lesionnet,1003,0.7586206896634134,0.6111111111325022,12.254808515549623,2.997006709096525,predictions/masks/qata_test_sub-S09377_ses-E16686_run-1_bp-chest_vp-ap_cr.png,predictions/probabilities/qata_test_sub-S09377_ses-E16686_run-1_bp-chest_vp-ap_cr.npy
qata_test_sub-S09377_ses-E16818_run-1_bp-chest_vp-ap_cr,sub-S09377,tripath_lesionnet,1003,0.9183584370233753,0.8490413723542071,8.06225774829855,1.7738085684636096,predictions/masks/qata_test_sub-S09377_ses-E16818_run-1_bp-chest_vp-ap_cr.png,predictions/probabilities/qata_test_sub-S09377_ses-E16818_run-1_bp-chest_vp-ap_cr.npy
qata_test_sub-S09377_ses-E17033_run-1_bp-chest_vp-ap_cr,sub-S09377,tripath_lesionnet,1003,0.7788484702507967,0.6377983823310752,82.35835600497995,13.874618139686534,predictions/masks/qata_test_sub-S09377_ses-E17033_run-1_bp-chest_vp-ap_cr.png,predictions/probabilities/qata_test_sub-S09377_ses-E17033_run-1_bp-chest_vp-ap_cr.npy
qata_test_sub-S09377_ses-E17133_run-1_bp-chest_vp-ap_cr,sub-S09377,tripath_lesionnet,1003,0.7372783790037153,0.5838803792927811,16.76305461424021,4.455420212447039,predictions/masks/qata_test_sub-S09377_ses-E17133_run-1_bp-chest_vp-ap_cr.png,predictions/probabilities/qata_test_sub-S09377_ses-E17133_run-1_bp-chest_vp-ap_cr.npy
qata_test_sub-S09377_ses-E17181_run-1_bp-chest_vp-ap_cr,sub-S09377,tripath_lesionnet,1003,0.9472100313486244,0.8997141495974341,3.7633307652783845,0.8840370664790006,predictions/masks/qata_test_sub-S09377_ses-E17181_run-1_bp-chest_vp-ap_cr.png,predictions/probabilities/qata_test_sub-S09377_ses-E17181_run-1_bp-chest_vp-ap_cr.npy
qata_test_sub-S09377_ses-E18164_run-2_bp-chest_vp-ap_cr,sub-S09377,tripath_lesionnet,1003,0.6963317786480756,0.5341326629323715,20.09968943799848,5.379266620654431,predictions/masks/qata_test_sub-S09377_ses-E18164_run-2_bp-chest_vp-ap_cr.png,predictions/probabilities/qata_test_sub-S09377_ses-E18164_run-2_bp-chest_vp-ap_cr.npy
qata_test_sub-S09377_ses-E18972_run-1_bp-chest_vp-ap_cr,sub-S09377,tripath_lesionnet,1003,0.5097636176898828,0.34206896553992866,139.56499777183208,64.33230991153427,predictions/masks/qata_test_sub-S09377_ses-E18972_run-1_bp-chest_vp-ap_cr.png,predictions/probabilities/qata_test_sub-S09377_ses-E18972_run-1_bp-chest_vp-ap_cr.npy
qata_test_sub-S09377_ses-E20007_run-1_bp-chest_vp-ap_cr,sub-S09377,tripath_lesionnet,1003,0.8457327206968143,0.7327009401225315,67.02089136808686,14.907206587712706,predictions/masks/qata_test_sub-S09377_ses-E20007_run-1_bp-chest_vp-ap_cr.png,predictions/probabilities/qata_test_sub-S09377_ses-E20007_run-1_bp-chest_vp-ap_cr.npy
qata_test_sub-S09377_ses-E20007_run-2_bp-chest_vp-ap_cr,sub-S09377,tripath_lesionnet,1003,0.801350971011532,0.6685451300867047,52.86774939304295,10.175286140295913,predictions/masks/qata_test_sub-S09377_ses-E20007_run-2_bp-chest_vp-ap_cr.png,predictions/probabilities/qata_test_sub-S09377_ses-E20007_run-2_bp-chest_vp-ap_cr.npy
qata_test_sub-S09377_ses-E20288_run-1_bp-chest_vp-ap_cr,sub-S09377,tripath_lesionnet,1003,0.9053565176811137,0.8270788912616828,5.830951894845301,1.7267495150603642,predictions/masks/qata_test_sub-S09377_ses-E20288_run-1_bp-chest_vp-ap_cr.png,predictions/probabilities/qata_test_sub-S09377_ses-E20288_run-1_bp-chest_vp-ap_cr.npy
qata_test_sub-S09377_ses-E20815_run-1_bp-chest_vp-ap_cr,sub-S09377,tripath_lesionnet,1003,0.917590361446776,0.8477292965305492,5.0,1.4678146925028315,predictions/masks/qata_test_sub-S09377_ses-E20815_run-1_bp-chest_vp-ap_cr.png,predictions/probabilities/qata_test_sub-S09377_ses-E20815_run-1_bp-chest_vp-ap_cr.npy
qata_test_sub-S09377_ses-E20946_run-1_bp-chest_vp-pa_cr,sub-S09377,tripath_lesionnet,1003,0.799874404133817,0.666492246219834,25.079872407968907,5.517082121968091,predictions/masks/qata_test_sub-S09377_ses-E20946_run-1_bp-chest_vp-pa_cr.png,predictions/probabilities/qata_test_sub-S09377_ses-E20946_run-1_bp-chest_vp-pa_cr.npy
qata_test_sub-S09377_ses-E21154_run-1_bp-chest_vp-ap_cr,sub-S09377,tripath_lesionnet,1003,0.928555124401637,0.8666382616134077,5.0,1.409949831344539,predictions/masks/qata_test_sub-S09377_ses-E21154_run-1_bp-chest_vp-ap_cr.png,predictions/probabilities/qata_test_sub-S09377_ses-E21154_run-1_bp-chest_vp-ap_cr.npy
qata_test_sub-S09377_ses-E22026_run-1_bp-chest_vp-ap_cr,sub-S09377,tripath_lesionnet,1003,0.841516245488795,0.7263945154296293,16.67898527938388,3.57287665598123,predictions/masks/qata_test_sub-S09377_ses-E22026_run-1_bp-chest_vp-ap_cr.png,predictions/probabilities/qata_test_sub-S09377_ses-E22026_run-1_bp-chest_vp-ap_cr.npy
qata_test_sub-S09377_ses-E22343_run-1_bp-chest_vp-ap_cr,sub-S09377,tripath_lesionnet,1003,0.8958687040195831,0.8113787801175967,60.09988913511872,6.830013442800025,predictions/masks/qata_test_sub-S09377_ses-E22343_run-1_bp-chest_vp-ap_cr.png,predictions/probabilities/qata_test_sub-S09377_ses-E22343_run-1_bp-chest_vp-ap_cr.npy
qata_test_sub-S09377_ses-E22803_run-1_bp-chest_vp-ap_cr,sub-S09377,tripath_lesionnet,1003,0.7862908561626798,0.6478412560041901,13.96777472473285,3.4117635871544296,predictions/masks/qata_test_sub-S09377_ses-E22803_run-1_bp-chest_vp-ap_cr.png,predictions/probabilities/qata_test_sub-S09377_ses-E22803_run-1_bp-chest_vp-ap_cr.npy
qata_test_sub-S09377_ses-E22805_run-1_bp-chest_vp-ap_cr,sub-S09377,tripath_lesionnet,1003,0.9228978362097857,0.8568340750177135,12.078900834114338,2.5525040847872296,predictions/masks/qata_test_sub-S09377_ses-E22805_run-1_bp-chest_vp-ap_cr.png,predictions/probabilities/qata_test_sub-S09377_ses-E22805_run-1_bp-chest_vp-ap_cr.npy
qata_test_sub-S09377_ses-E23332_run-1_bp-chest_vp-ap_cr,sub-S09377,tripath_lesionnet,1003,0.4385580561752926,0.2808673469571208,63.60107115695098,17.12663863936276,predictions/masks/qata_test_sub-S09377_ses-E23332_run-1_bp-chest_vp-ap_cr.png,predictions/probabilities/qata_test_sub-S09377_ses-E23332_run-1_bp-chest_vp-ap_cr.npy
qata_test_sub-S09377_ses-E26807_run-1_bp-chest_vp-ap_cr,sub-S09377,tripath_lesionnet,1003,0.8614232209762542,0.756578947376047,29.359702688034233,5.6629139455753155,predictions/masks/qata_test_sub-S09377_ses-E26807_run-1_bp-chest_vp-ap_cr.png,predictions/probabilities/qata_test_sub-S09377_ses-E26807_run-1_bp-chest_vp-ap_cr.npy
qata_test_sub-S09378_ses-E18629_run-1_bp-chest_vp-pa_dx,sub-S09378,tripath_lesionnet,1003,0.2995515695381367,0.17616033759619407,25.0,10.739281830710771,predictions/masks/qata_test_sub-S09378_ses-E18629_run-1_bp-chest_vp-pa_dx.png,predictions/probabilities/qata_test_sub-S09378_ses-E18629_run-1_bp-chest_vp-pa_dx.npy
qata_test_sub-S09379_ses-E16179_run-1_bp-chest_vp-ap_cr,sub-S09379,tripath_lesionnet,1003,0.8541970959710705,0.7455008998219443,18.027756377319946,5.364537562722216,predictions/masks/qata_test_sub-S09379_ses-E16179_run-1_bp-chest_vp-ap_cr.png,predictions/probabilities/qata_test_sub-S09379_ses-E16179_run-1_bp-chest_vp-ap_cr.npy
qata_test_sub-S09379_ses-E16621_run-1_bp-chest_vp-ap_cr,sub-S09379,tripath_lesionnet,1003,0.8723224976723033,0.7735567091413122,18.330180822867995,5.288470265024692,predictions/masks/qata_test_sub-S09379_ses-E16621_run-1_bp-chest_vp-ap_cr.png,predictions/probabilities/qata_test_sub-S09379_ses-E16621_run-1_bp-chest_vp-ap_cr.npy
qata_test_sub-S09379_ses-E16705_run-1_bp-chest_vp-ap_cr,sub-S09379,tripath_lesionnet,1003,0.953434667218304,0.9110130417605651,5.0,1.499722225436859,predictions/masks/qata_test_sub-S09379_ses-E16705_run-1_bp-chest_vp-ap_cr.png,predictions/probabilities/qata_test_sub-S09379_ses-E16705_run-1_bp-chest_vp-ap_cr.npy
qata_test_sub-S09379_ses-E16946_run-1_bp-chest_vp-ap_cr,sub-S09379,tripath_lesionnet,1003,0.9569118955801064,0.9173835762536979,5.0,1.335360158356705,predictions/masks/qata_test_sub-S09379_ses-E16946_run-1_bp-chest_vp-ap_cr.png,predictions/probabilities/qata_test_sub-S09379_ses-E16946_run-1_bp-chest_vp-ap_cr.npy
qata_test_sub-S09379_ses-E16950_run-1_bp-chest_vp-ap_cr,sub-S09379,tripath_lesionnet,1003,0.9406200735682585,0.8878968253975669,6.0,1.7248238821439008,predictions/masks/qata_test_sub-S09379_ses-E16950_run-1_bp-chest_vp-ap_cr.png,predictions/probabilities/qata_test_sub-S09379_ses-E16950_run-1_bp-chest_vp-ap_cr.npy
qata_test_sub-S09379_ses-E17190_run-1_bp-chest_vp-ap_cr,sub-S09379,tripath_lesionnet,1003,0.8884372810095009,0.7992686924738415,16.0312195418814,3.945059934803209,predictions/masks/qata_test_sub-S09379_ses-E17190_run-1_bp-chest_vp-ap_cr.png,predictions/probabilities/qata_test_sub-S09379_ses-E17190_run-1_bp-chest_vp-ap_cr.npy
qata_test_sub-S09379_ses-E17430_run-1_bp-chest_vp-ap_cr,sub-S09379,tripath_lesionnet,1003,0.9272256841954476,0.8643250220812262,32.71538574436896,4.379382078172424,predictions/masks/qata_test_sub-S09379_ses-E17430_run-1_bp-chest_vp-ap_cr.png,predictions/probabilities/qata_test_sub-S09379_ses-E17430_run-1_bp-chest_vp-ap_cr.npy
qata_test_sub-S09379_ses-E17431_run-1_bp-chest_vp-ap_cr,sub-S09379,tripath_lesionnet,1003,0.923245872063681,0.8574342536617073,10.04987562112089,2.5118723468872006,predictions/masks/qata_test_sub-S09379_ses-E17431_run-1_bp-chest_vp-ap_cr.png,predictions/probabilities/qata_test_sub-S09379_ses-E17431_run-1_bp-chest_vp-ap_cr.npy
qata_test_sub-S09379_ses-E17911_run-1_bp-chest_vp-ap_cr,sub-S09379,tripath_lesionnet,1003,0.9437100380498815,0.8934194890085159,5.830951894845301,1.8696905519915246,predictions/masks/qata_test_sub-S09379_ses-E17911_run-1_bp-chest_vp-ap_cr.png,predictions/probabilities/qata_test_sub-S09379_ses-E17911_run-1_bp-chest_vp-ap_cr.npy
qata_test_sub-S09379_ses-E17912_run-1_bp-chest_vp-ap_cr,sub-S09379,tripath_lesionnet,1003,0.9556870107330393,0.9151346584362313,5.656854249492381,1.4965256955013828,predictions/masks/qata_test_sub-S09379_ses-E17912_run-1_bp-chest_vp-ap_cr.png,predictions/probabilities/qata_test_sub-S09379_ses-E17912_run-1_bp-chest_vp-ap_cr.npy
qata_test_sub-S09379_ses-E17914_run-1_bp-chest_vp-ap_cr,sub-S09379,tripath_lesionnet,1003,0.9536862663041302,0.9114725684960238,5.830951894845301,1.7740546496060587,predictions/masks/qata_test_sub-S09379_ses-E17914_run-1_bp-chest_vp-ap_cr.png,predictions/probabilities/qata_test_sub-S09379_ses-E17914_run-1_bp-chest_vp-ap_cr.npy
qata_test_sub-S09379_ses-E18623_run-1_bp-chest_vp-ap_cr,sub-S09379,tripath_lesionnet,1003,0.8601177400937522,0.7545671779869377,18.027756377319946,4.771542305656317,predictions/masks/qata_test_sub-S09379_ses-E18623_run-1_bp-chest_vp-ap_cr.png,predictions/probabilities/qata_test_sub-S09379_ses-E18623_run-1_bp-chest_vp-ap_cr.npy
qata_test_sub-S09379_ses-E18624_run-1_bp-chest_vp-ap_cr,sub-S09379,tripath_lesionnet,1003,0.947947912623256,0.9010465584335097,7.0,2.0910294447813538,predictions/masks/qata_test_sub-S09379_ses-E18624_run-1_bp-chest_vp-ap_cr.png,predictions/probabilities/qata_test_sub-S09379_ses-E18624_run-1_bp-chest_vp-ap_cr.npy
qata_test_sub-S09379_ses-E18624_run-2_bp-chest_vp-ap_cr,sub-S09379,tripath_lesionnet,1003,0.9362058146834543,0.8800629178147851,7.0710678118654755,1.9153623576503398,predictions/masks/qata_test_sub-S09379_ses-E18624_run-2_bp-chest_vp-ap_cr.png,predictions/probabilities/qata_test_sub-S09379_ses-E18624_run-2_bp-chest_vp-ap_cr.npy
qata_test_sub-S09379_ses-E18975_run-1_bp-chest_vp-ap_cr,sub-S09379,tripath_lesionnet,1003,0.968445348801991,0.938821174115652,3.605551275463989,1.0839044529616992,predictions/masks/qata_test_sub-S09379_ses-E18975_run-1_bp-chest_vp-ap_cr.png,predictions/probabilities/qata_test_sub-S09379_ses-E18975_run-1_bp-chest_vp-ap_cr.npy
qata_test_sub-S09379_ses-E19206_run-1_bp-chest_vp-ap_cr,sub-S09379,tripath_lesionnet,1003,0.5935313031990824,0.42200107585241164,26.056654535407276,8.07118389619896,predictions/masks/qata_test_sub-S09379_ses-E19206_run-1_bp-chest_vp-ap_cr.png,predictions/probabilities/qata_test_sub-S09379_ses-E19206_run-1_bp-chest_vp-ap_cr.npy
qata_test_sub-S09379_ses-E20285_run-1_bp-chest_vp-ap_cr,sub-S09379,tripath_lesionnet,1003,0.869998640627713,0.7699093752524668,16.55294535724685,4.240836359273104,predictions/masks/qata_test_sub-S09379_ses-E20285_run-1_bp-chest_vp-ap_cr.png,predictions/probabilities/qata_test_sub-S09379_ses-E20285_run-1_bp-chest_vp-ap_cr.npy
qata_test_sub-S09379_ses-E20416_run-1_bp-chest_vp-ap_cr,sub-S09379,tripath_lesionnet,1003,0.7324907555619378,0.5778977619125847,18.384776310850235,6.341641403195673,predictions/masks/qata_test_sub-S09379_ses-E20416_run-1_bp-chest_vp-ap_cr.png,predictions/probabilities/qata_test_sub-S09379_ses-E20416_run-1_bp-chest_vp-ap_cr.npy
qata_test_sub-S09379_ses-E20823_run-1_bp-chest_vp-ap_cr,sub-S09379,tripath_lesionnet,1003,0.8701780724806282,0.7701904621307383,16.64331697709324,4.470456308814724,predictions/masks/qata_test_sub-S09379_ses-E20823_run-1_bp-chest_vp-ap_cr.png,predictions/probabilities/qata_test_sub-S09379_ses-E20823_run-1_bp-chest_vp-ap_cr.npy
qata_test_sub-S09379_ses-E21909_run-2_bp-chest_vp-ap_cr,sub-S09379,tripath_lesionnet,1003,0.5697535953140079,0.3983604457615171,26.666427985690685,8.938796600337922,predictions/masks/qata_test_sub-S09379_ses-E21909_run-2_bp-chest_vp-ap_cr.png,predictions/probabilities/qata_test_sub-S09379_ses-E21909_run-2_bp-chest_vp-ap_cr.npy
qata_test_sub-S09379_ses-E22174_run-1_bp-chest_vp-ap_cr,sub-S09379,tripath_lesionnet,1003,0.9165042127873236,0.8458770431822037,9.486832980505138,3.1253996919171567,predictions/masks/qata_test_sub-S09379_ses-E22174_run-1_bp-chest_vp-ap_cr.png,predictions/probabilities/qata_test_sub-S09379_ses-E22174_run-1_bp-chest_vp-ap_cr.npy
qata_test_sub-S09379_ses-E22175_run-1_bp-chest_vp-ap_cr,sub-S09379,tripath_lesionnet,1003,0.9344086021507451,0.8768920282550193,10.0,2.652815211792591,predictions/masks/qata_test_sub-S09379_ses-E22175_run-1_bp-chest_vp-ap_cr.png,predictions/probabilities/qata_test_sub-S09379_ses-E22175_run-1_bp-chest_vp-ap_cr.npy
qata_test_sub-S09379_ses-E22352_run-1_bp-chest_vp-ap_cr,sub-S09379,tripath_lesionnet,1003,0.9269086038652755,0.8637741456174516,10.04987562112089,2.6003238255346175,predictions/masks/qata_test_sub-S09379_ses-E22352_run-1_bp-chest_vp-ap_cr.png,predictions/probabilities/qata_test_sub-S09379_ses-E22352_run-1_bp-chest_vp-ap_cr.npy
qata_test_sub-S09379_ses-E22818_run-1_bp-chest_vp-ap_cr,sub-S09379,tripath_lesionnet,1003,0.9303839957037783,0.8698299127604981,12.239107867957529,2.9964272716137432,predictions/masks/qata_test_sub-S09379_ses-E22818_run-1_bp-chest_vp-ap_cr.png,predictions/probabilities/qata_test_sub-S09379_ses-E22818_run-1_bp-chest_vp-ap_cr.npy
qata_test_sub-S09379_ses-E23008_run-1_bp-chest_vp-ap_cr,sub-S09379,tripath_lesionnet,1003,0.7825479069011327,0.6427751131551526,23.44139458413592,6.973855570887966,predictions/masks/qata_test_sub-S09379_ses-E23008_run-1_bp-chest_vp-ap_cr.png,predictions/probabilities/qata_test_sub-S09379_ses-E23008_run-1_bp-chest_vp-ap_cr.npy
qata_test_sub-S09379_ses-E23128_run-1_bp-chest_vp-ap_cr,sub-S09379,tripath_lesionnet,1003,0.8858386553557467,0.7950721496618087,15.0,4.0851850434062555,predictions/masks/qata_test_sub-S09379_ses-E23128_run-1_bp-chest_vp-ap_cr.png,predictions/probabilities/qata_test_sub-S09379_ses-E23128_run-1_bp-chest_vp-ap_cr.npy
qata_test_sub-S09380_ses-E23119_run-2_bp-chest_cr,sub-S09380,tripath_lesionnet,1003,0.8407596786033323,0.7252678008994791,7.810249675906654,2.904540717709989,predictions/masks/qata_test_sub-S09380_ses-E23119_run-2_bp-chest_cr.png,predictions/probabilities/qata_test_sub-S09380_ses-E23119_run-2_bp-chest_cr.npy
qata_test_sub-S09382_ses-E16183_run-1_bp-chest_vp-ap_cr,sub-S09382,tripath_lesionnet,1003,0.46487449874550907,0.30282507741287107,97.24088255982824,30.443705062656296,predictions/masks/qata_test_sub-S09382_ses-E16183_run-1_bp-chest_vp-ap_cr.png,predictions/probabilities/qata_test_sub-S09382_ses-E16183_run-1_bp-chest_vp-ap_cr.npy
qata_test_sub-S09382_ses-E16291_run-1_bp-chest_vp-ap_cr,sub-S09382,tripath_lesionnet,1003,0.9526796917012338,0.9096354612364399,4.242640687119285,1.3528722747385993,predictions/masks/qata_test_sub-S09382_ses-E16291_run-1_bp-chest_vp-ap_cr.png,predictions/probabilities/qata_test_sub-S09382_ses-E16291_run-1_bp-chest_vp-ap_cr.npy
qata_test_sub-S09382_ses-E16381_run-1_bp-chest_vp-ap_cr,sub-S09382,tripath_lesionnet,1003,0.9441208198492765,0.8941561095229449,4.0,1.3771478592658175,predictions/masks/qata_test_sub-S09382_ses-E16381_run-1_bp-chest_vp-ap_cr.png,predictions/probabilities/qata_test_sub-S09382_ses-E16381_run-1_bp-chest_vp-ap_cr.npy
qata_test_sub-S09382_ses-E16495_run-1_bp-chest_vp-ap_cr,sub-S09382,tripath_lesionnet,1003,0.9284018361213084,0.8663712456930933,9.32645986657775,2.287251992543142,predictions/masks/qata_test_sub-S09382_ses-E16495_run-1_bp-chest_vp-ap_cr.png,predictions/probabilities/qata_test_sub-S09382_ses-E16495_run-1_bp-chest_vp-ap_cr.npy
qata_test_sub-S09382_ses-E16569_run-1_bp-chest_vp-ap_cr,sub-S09382,tripath_lesionnet,1003,0.9705772811919281,0.9428364688861325,3.0,0.8359471937415048,predictions/masks/qata_test_sub-S09382_ses-E16569_run-1_bp-chest_vp-ap_cr.png,predictions/probabilities/qata_test_sub-S09382_ses-E16569_run-1_bp-chest_vp-ap_cr.npy
qata_test_sub-S09382_ses-E16637_run-1_bp-chest_vp-ap_cr,sub-S09382,tripath_lesionnet,1003,0.9679403462949491,0.9378724793865796,3.0,0.9118694167401213,predictions/masks/qata_test_sub-S09382_ses-E16637_run-1_bp-chest_vp-ap_cr.png,predictions/probabilities/qata_test_sub-S09382_ses-E16637_run-1_bp-chest_vp-ap_cr.npy
qata_test_sub-S09382_ses-E16838_run-1_bp-chest_vp-ap_cr,sub-S09382,tripath_lesionnet,1003,0.9770364770365856,0.9551039260974125,2.0,0.6067657980261527,predictions/masks/qata_test_sub-S09382_ses-E16838_run-1_bp-chest_vp-ap_cr.png,predictions/probabilities/qata_test_sub-S09382_ses-E16838_run-1_bp-chest_vp-ap_cr.npy
qata_test_sub-S09382_ses-E17142_run-1_bp-chest_vp-pa_cr,sub-S09382,tripath_lesionnet,1003,0.9628834630177852,0.9284235943434941,2.8284271247461903,1.0212393729120808,predictions/masks/qata_test_sub-S09382_ses-E17142_run-1_bp-chest_vp-pa_cr.png,predictions/probabilities/qata_test_sub-S09382_ses-E17142_run-1_bp-chest_vp-pa_cr.npy
qata_test_sub-S09382_ses-E17280_run-1_bp-chest_vp-ap_cr,sub-S09382,tripath_lesionnet,1003,0.9678250907009365,0.9376560910189838,2.23606797749979,0.8660170716072206,predictions/masks/qata_test_sub-S09382_ses-E17280_run-1_bp-chest_vp-ap_cr.png,predictions/probabilities/qata_test_sub-S09382_ses-E17280_run-1_bp-chest_vp-ap_cr.npy
qata_test_sub-S09382_ses-E17362_run-1_bp-chest_vp-ap_cr,sub-S09382,tripath_lesionnet,1003,0.958677685950593,0.9206349206355837,3.1622776601683795,1.156967363478647,predictions/masks/qata_test_sub-S09382_ses-E17362_run-1_bp-chest_vp-ap_cr.png,predictions/probabilities/qata_test_sub-S09382_ses-E17362_run-1_bp-chest_vp-ap_cr.npy
qata_test_sub-S09382_ses-E17692_run-1_bp-chest_vp-ap_cr,sub-S09382,tripath_lesionnet,1003,0.9673317865430751,0.9367304754207179,2.23606797749979,0.8894165675982646,predictions/masks/qata_test_sub-S09382_ses-E17692_run-1_bp-chest_vp-ap_cr.png,predictions/probabilities/qata_test_sub-S09382_ses-E17692_run-1_bp-chest_vp-ap_cr.npy
qata_test_sub-S09382_ses-E17827_run-1_bp-chest_vp-ap_cr,sub-S09382,tripath_lesionnet,1003,0.9560617613421842,0.9158221491836408,4.123105625617661,1.1698959435893042,predictions/masks/qata_test_sub-S09382_ses-E17827_run-1_bp-chest_vp-ap_cr.png,predictions/probabilities/qata_test_sub-S09382_ses-E17827_run-1_bp-chest_vp-ap_cr.npy
qata_test_sub-S09382_ses-E18223_run-1_bp-chest_vp-ap_cr,sub-S09382,tripath_lesionnet,1003,0.8916858712998951,0.80454254638672,10.770329614269007,2.313677556477794,predictions/masks/qata_test_sub-S09382_ses-E18223_run-1_bp-chest_vp-ap_cr.png,predictions/probabilities/qata_test_sub-S09382_ses-E18223_run-1_bp-chest_vp-ap_cr.npy
qata_test_sub-S09382_ses-E18643_run-1_bp-chest_vp-ap_cr,sub-S09382,tripath_lesionnet,1003,0.961817755914913,0.9264440433219635,3.0730249470757416,1.0524469299117345,predictions/masks/qata_test_sub-S09382_ses-E18643_run-1_bp-chest_vp-ap_cr.png,predictions/probabilities/qata_test_sub-S09382_ses-E18643_run-1_bp-chest_vp-ap_cr.npy
qata_test_sub-S09382_ses-E18774_run-1_bp-chest_vp-ap_cr,sub-S09382,tripath_lesionnet,1003,0.9709907399820905,0.9436171059971042,3.0,0.8521806940623652,predictions/masks/qata_test_sub-S09382_ses-E18774_run-1_bp-chest_vp-ap_cr.png,predictions/probabilities/qata_test_sub-S09382_ses-E18774_run-1_bp-chest_vp-ap_cr.npy
qata_test_sub-S09382_ses-E18775_run-1_bp-chest_vp-ap_cr,sub-S09382,tripath_lesionnet,1003,0.9713220654891713,0.9442431230444388,2.23606797749979,0.7902079968958461,predictions/masks/qata_test_sub-S09382_ses-E18775_run-1_bp-chest_vp-ap_cr.png,predictions/probabilities/qata_test_sub-S09382_ses-E18775_run-1_bp-chest_vp-ap_cr.npy
qata_test_sub-S09382_ses-E19016_run-1_bp-chest_vp-ap_cr,sub-S09382,tripath_lesionnet,1003,0.9660026341786055,0.9342409043871169,3.605551275463989,1.0074886743932283,predictions/masks/qata_test_sub-S09382_ses-E19016_run-1_bp-chest_vp-ap_cr.png,predictions/probabilities/qata_test_sub-S09382_ses-E19016_run-1_bp-chest_vp-ap_cr.npy
qata_test_sub-S09382_ses-E19160_run-1_bp-chest_vp-ap_cr,sub-S09382,tripath_lesionnet,1003,0.9580913383196503,0.9195540583901223,4.0,1.2614013233351407,predictions/masks/qata_test_sub-S09382_ses-E19160_run-1_bp-chest_vp-ap_cr.png,predictions/probabilities/qata_test_sub-S09382_ses-E19160_run-1_bp-chest_vp-ap_cr.npy
qata_test_sub-S09382_ses-E19241_run-1_bp-chest_vp-ap_cr,sub-S09382,tripath_lesionnet,1003,0.9566916609863363,0.916978830909339,4.242640687119285,1.1810574391469393,predictions/masks/qata_test_sub-S09382_ses-E19241_run-1_bp-chest_vp-ap_cr.png,predictions/probabilities/qata_test_sub-S09382_ses-E19241_run-1_bp-chest_vp-ap_cr.npy
qata_test_sub-S09382_ses-E19494_run-1_bp-chest_vp-ap_cr,sub-S09382,tripath_lesionnet,1003,0.9724194561176042,0.9463194509735233,3.0,0.8040301053886177,predictions/masks/qata_test_sub-S09382_ses-E19494_run-1_bp-chest_vp-ap_cr.png,predictions/probabilities/qata_test_sub-S09382_ses-E19494_run-1_bp-chest_vp-ap_cr.npy
qata_test_sub-S09382_ses-E20464_run-1_bp-chest_vp-ap_cr,sub-S09382,tripath_lesionnet,1003,0.9663694165634967,0.9349272671004726,4.242640687119285,1.202340680147487,predictions/masks/qata_test_sub-S09382_ses-E20464_run-1_bp-chest_vp-ap_cr.png,predictions/probabilities/qata_test_sub-S09382_ses-E20464_run-1_bp-chest_vp-ap_cr.npy
qata_test_sub-S09382_ses-E21864_run-1_bp-chest_vp-ap_cr,sub-S09382,tripath_lesionnet,1003,0.9671029668413302,0.9363014277271581,3.0,0.9523967454511598,predictions/masks/qata_test_sub-S09382_ses-E21864_run-1_bp-chest_vp-ap_cr.png,predictions/probabilities/qata_test_sub-S09382_ses-E21864_run-1_bp-chest_vp-ap_cr.npy
qata_test_sub-S09382_ses-E21934_run-1_bp-chest_vp-ap_cr,sub-S09382,tripath_lesionnet,1003,0.9786961396765229,0.9582810539526484,2.0,0.609132151594953,predictions/masks/qata_test_sub-S09382_ses-E21934_run-1_bp-chest_vp-ap_cr.png,predictions/probabilities/qata_test_sub-S09382_ses-E21934_run-1_bp-chest_vp-ap_cr.npy
qata_test_sub-S09382_ses-E22062_run-1_bp-chest_vp-ap_cr,sub-S09382,tripath_lesionnet,1003,0.9596682313268028,0.922463641143136,3.1622776601683795,1.4628370449854353,predictions/masks/qata_test_sub-S09382_ses-E22062_run-1_bp-chest_vp-ap_cr.png,predictions/probabilities/qata_test_sub-S09382_ses-E22062_run-1_bp-chest_vp-ap_cr.npy
qata_test_sub-S09382_ses-E22219_run-1_bp-chest_vp-ap_cr,sub-S09382,tripath_lesionnet,1003,0.9648771134740941,0.9321377452224288,2.8284271247461903,0.9737207536270911,predictions/masks/qata_test_sub-S09382_ses-E22219_run-1_bp-chest_vp-ap_cr.png,predictions/probabilities/qata_test_sub-S09382_ses-E22219_run-1_bp-chest_vp-ap_cr.npy
qata_test_sub-S09382_ses-E22396_run-1_bp-chest_vp-ap_cr,sub-S09382,tripath_lesionnet,1003,0.9779408474653096,0.956833902460758,2.0,0.62373686671551,predictions/masks/qata_test_sub-S09382_ses-E22396_run-1_bp-chest_vp-ap_cr.png,predictions/probabilities/qata_test_sub-S09382_ses-E22396_run-1_bp-chest_vp-ap_cr.npy
qata_test_sub-S09382_ses-E22668_run-1_bp-chest_vp-ap_cr,sub-S09382,tripath_lesionnet,1003,0.9297455044850875,0.8687144117421709,7.0710678118654755,2.4646685114979334,predictions/masks/qata_test_sub-S09382_ses-E22668_run-1_bp-chest_vp-ap_cr.png,predictions/probabilities/qata_test_sub-S09382_ses-E22668_run-1_bp-chest_vp-ap_cr.npy
qata_test_sub-S09382_ses-E22855_run-1_bp-chest_vp-ap_cr,sub-S09382,tripath_lesionnet,1003,0.9441135833058073,0.8941431278775007,6.0,1.5317185083770277,predictions/masks/qata_test_sub-S09382_ses-E22855_run-1_bp-chest_vp-ap_cr.png,predictions/probabilities/qata_test_sub-S09382_ses-E22855_run-1_bp-chest_vp-ap_cr.npy
qata_test_sub-S09382_ses-E22859_run-1_bp-chest_vp-ap_cr,sub-S09382,tripath_lesionnet,1003,0.9644048506731902,0.9312566318028555,3.6055512754639887,1.0676220369614082,predictions/masks/qata_test_sub-S09382_ses-E22859_run-1_bp-chest_vp-ap_cr.png,predictions/probabilities/qata_test_sub-S09382_ses-E22859_run-1_bp-chest_vp-ap_cr.npy
qata_test_sub-S09382_ses-E23033_run-1_bp-chest_vp-ap_cr,sub-S09382,tripath_lesionnet,1003,0.9701118717650271,0.9419584954609115,2.23606797749979,0.8560191103793768,predictions/masks/qata_test_sub-S09382_ses-E23033_run-1_bp-chest_vp-ap_cr.png,predictions/probabilities/qata_test_sub-S09382_ses-E23033_run-1_bp-chest_vp-ap_cr.npy
qata_test_sub-S09382_ses-E23166_run-1_bp-chest_vp-ap_cr,sub-S09382,tripath_lesionnet,1003,0.9786556969885957,0.9582035109054016,2.0,0.6136902524068917,predictions/masks/qata_test_sub-S09382_ses-E23166_run-1_bp-chest_vp-ap_cr.png,predictions/probabilities/qata_test_sub-S09382_ses-E23166_run-1_bp-chest_vp-ap_cr.npy
qata_test_sub-S09382_ses-E23413_run-1_bp-chest_vp-ap_cr,sub-S09382,tripath_lesionnet,1003,0.9653137201490724,0.9329530495837389,3.1622776601683795,0.9837390676116913,predictions/masks/qata_test_sub-S09382_ses-E23413_run-1_bp-chest_vp-ap_cr.png,predictions/probabilities/qata_test_sub-S09382_ses-E23413_run-1_bp-chest_vp-ap_cr.npy
qata_test_sub-S09382_ses-E23421_run-1_bp-chest_vp-ap_dx,sub-S09382,tripath_lesionnet,1003,0.967150430173081,0.9363904080779437,2.8284271247461903,0.9302791418547636,predictions/masks/qata_test_sub-S09382_ses-E23421_run-1_bp-chest_vp-ap_dx.png,predictions/probabilities/qata_test_sub-S09382_ses-E23421_run-1_bp-chest_vp-ap_dx.npy
qata_test_sub-S09382_ses-E24331_run-1_bp-chest_vp-ap_cr,sub-S09382,tripath_lesionnet,1003,0.8649458557524692,0.7620304812221045,11.661903789690601,3.3702547261027163,predictions/masks/qata_test_sub-S09382_ses-E24331_run-1_bp-chest_vp-ap_cr.png,predictions/probabilities/qata_test_sub-S09382_ses-E24331_run-1_bp-chest_vp-ap_cr.npy
qata_test_sub-S09382_ses-E24751_run-1_bp-chest_vp-ap_cr,sub-S09382,tripath_lesionnet,1003,0.8442601710327997,0.7304932735546865,53.03772242470448,7.0105374261549915,predictions/masks/qata_test_sub-S09382_ses-E24751_run-1_bp-chest_vp-ap_cr.png,predictions/probabilities/qata_test_sub-S09382_ses-E24751_run-1_bp-chest_vp-ap_cr.npy
qata_test_sub-S09382_ses-E26946_run-1_bp-chest_vp-ap_cr,sub-S09382,tripath_lesionnet,1003,0.9071899630054111,0.8301442449244901,7.0710678118654755,1.8139285014158504,predictions/masks/qata_test_sub-S09382_ses-E26946_run-1_bp-chest_vp-ap_cr.png,predictions/probabilities/qata_test_sub-S09382_ses-E26946_run-1_bp-chest_vp-ap_cr.npy
qata_test_sub-S09383_ses-E16184_acq-1_run-1_bp-chest_vp-ap_dx,sub-S09383,tripath_lesionnet,1003,0.554022988531378,0.3831478537851234,37.76902043554901,11.423223403818264,predictions/masks/qata_test_sub-S09383_ses-E16184_acq-1_run-1_bp-chest_vp-ap_dx.png,predictions/probabilities/qata_test_sub-S09383_ses-E16184_acq-1_run-1_bp-chest_vp-ap_dx.npy
qata_test_sub-S09384_ses-E19154_run-1_bp-chest_dx,sub-S09384,tripath_lesionnet,1003,0.8718876356685265,0.7728730428263937,9.484190388082714,2.8404775287280555,predictions/masks/qata_test_sub-S09384_ses-E19154_run-1_bp-chest_dx.png,predictions/probabilities/qata_test_sub-S09384_ses-E19154_run-1_bp-chest_dx.npy
qata_test_sub-S09384_ses-E20827_run-1_bp-chest_vp-ap_dx,sub-S09384,tripath_lesionnet,1003,0.9444954511314206,0.8948284042401577,5.0990195135927845,1.2963224001493676,predictions/masks/qata_test_sub-S09384_ses-E20827_run-1_bp-chest_vp-ap_dx.png,predictions/probabilities/qata_test_sub-S09384_ses-E20827_run-1_bp-chest_vp-ap_dx.npy
qata_test_sub-S09385_ses-E16186_run-1_bp-chest_vp-ap_cr,sub-S09385,tripath_lesionnet,1003,0.9761949744947279,0.9534969551582073,2.0,0.617199534289543,predictions/masks/qata_test_sub-S09385_ses-E16186_run-1_bp-chest_vp-ap_cr.png,predictions/probabilities/qata_test_sub-S09385_ses-E16186_run-1_bp-chest_vp-ap_cr.npy
qata_test_sub-S09385_ses-E19899_run-1_bp-chest_vp-ap_dx,sub-S09385,tripath_lesionnet,1003,0.9718156978703754,0.9451765562435736,2.23606797749979,0.8553878916163199,predictions/masks/qata_test_sub-S09385_ses-E19899_run-1_bp-chest_vp-ap_dx.png,predictions/probabilities/qata_test_sub-S09385_ses-E19899_run-1_bp-chest_vp-ap_dx.npy
qata_test_sub-S09385_ses-E20875_run-1_bp-chest_vp-ap_dx,sub-S09385,tripath_lesionnet,1003,0.9699879951982079,0.9417249417254269,2.8284271247461903,0.87845084764153,predictions/masks/qata_test_sub-S09385_ses-E20875_run-1_bp-chest_vp-ap_dx.png,predictions/probabilities/qata_test_sub-S09385_ses-E20875_run-1_bp-chest_vp-ap_dx.npy
qata_test_sub-S09385_ses-E23455_run-1_bp-chest_vp-pa_dx,sub-S09385,tripath_lesionnet,1003,0.7511728617849949,0.6015026730298872,31.01272802751424,7.9538626827863315,predictions/masks/qata_test_sub-S09385_ses-E23455_run-1_bp-chest_vp-pa_dx.png,predictions/probabilities/qata_test_sub-S09385_ses-E23455_run-1_bp-chest_vp-pa_dx.npy
qata_test_sub-S09386_ses-E24916_acq-1_run-1_bp-chest_vp-pa_dx,sub-S09386,tripath_lesionnet,1003,0.8741293532353964,0.7764030048657445,95.96690286484288,23.83581105641727,predictions/masks/qata_test_sub-S09386_ses-E24916_acq-1_run-1_bp-chest_vp-pa_dx.png,predictions/probabilities/qata_test_sub-S09386_ses-E24916_acq-1_run-1_bp-chest_vp-pa_dx.npy
qata_test_sub-S09387_ses-E20400_run-1_bp-chest_cr,sub-S09387,tripath_lesionnet,1003,0.9276149815648398,0.8650018096296598,7.0,1.6415857079819085,predictions/masks/qata_test_sub-S09387_ses-E20400_run-1_bp-chest_cr.png,predictions/probabilities/qata_test_sub-S09387_ses-E20400_run-1_bp-chest_cr.npy
qata_test_sub-S09387_ses-E21902_run-1_bp-chest_cr,sub-S09387,tripath_lesionnet,1003,0.7366863905374134,0.583138173314311,12.698228365075408,3.4993779106318064,predictions/masks/qata_test_sub-S09387_ses-E21902_run-1_bp-chest_cr.png,predictions/probabilities/qata_test_sub-S09387_ses-E21902_run-1_bp-chest_cr.npy
qata_test_sub-S09387_ses-E22310_run-1_bp-chest_cr,sub-S09387,tripath_lesionnet,1003,0.8009520975959252,0.6679900744581643,98.32264671972769,18.80114263341567,predictions/masks/qata_test_sub-S09387_ses-E22310_run-1_bp-chest_cr.png,predictions/probabilities/qata_test_sub-S09387_ses-E22310_run-1_bp-chest_cr.npy
qata_test_sub-S09387_ses-E22956_run-1_bp-chest_cr,sub-S09387,tripath_lesionnet,1003,0.9174566267218858,0.847501032632404,12.041594578792296,2.4070816616995123,predictions/masks/qata_test_sub-S09387_ses-E22956_run-1_bp-chest_cr.png,predictions/probabilities/qata_test_sub-S09387_ses-E22956_run-1_bp-chest_cr.npy
qata_test_sub-S09387_ses-E22957_run-1_bp-chest_vp-ap_dx,sub-S09387,tripath_lesionnet,1003,0.9592529711377134,0.921696574225832,3.605551275463989,1.141218544672059,predictions/masks/qata_test_sub-S09387_ses-E22957_run-1_bp-chest_vp-ap_dx.png,predictions/probabilities/qata_test_sub-S09387_ses-E22957_run-1_bp-chest_vp-ap_dx.npy
qata_test_sub-S09391_ses-E16194_run-1_bp-chest_vp-pa_cr,sub-S09391,tripath_lesionnet,1003,0.8618398828976258,0.7572220023791606,19.0,4.699707862230679,predictions/masks/qata_test_sub-S09391_ses-E16194_run-1_bp-chest_vp-pa_cr.png,predictions/probabilities/qata_test_sub-S09391_ses-E16194_run-1_bp-chest_vp-pa_cr.npy
qata_test_sub-S09391_ses-E18175_run-1_bp-chest_vp-ap_cr,sub-S09391,tripath_lesionnet,1003,0.7647377693470339,0.6190894130595821,40.89796720409142,6.795773799818142,predictions/masks/qata_test_sub-S09391_ses-E18175_run-1_bp-chest_vp-ap_cr.png,predictions/probabilities/qata_test_sub-S09391_ses-E18175_run-1_bp-chest_vp-ap_cr.npy
qata_test_sub-S09391_ses-E20036_run-1_bp-chest_vp-ap_dx,sub-S09391,tripath_lesionnet,1003,0.9373115708496865,0.8820191743310309,5.97464278422678,1.546756534047851,predictions/masks/qata_test_sub-S09391_ses-E20036_run-1_bp-chest_vp-ap_dx.png,predictions/probabilities/qata_test_sub-S09391_ses-E20036_run-1_bp-chest_vp-ap_dx.npy
qata_test_sub-S09391_ses-E20436_run-1_bp-chest_vp-ap_dx,sub-S09391,tripath_lesionnet,1003,0.9092585478301248,0.8336151028482162,43.20873985625899,6.054313838246108,predictions/masks/qata_test_sub-S09391_ses-E20436_run-1_bp-chest_vp-ap_dx.png,predictions/probabilities/qata_test_sub-S09391_ses-E20436_run-1_bp-chest_vp-ap_dx.npy
qata_test_sub-S09391_ses-E21185_run-1_bp-chest_vp-ap_dx,sub-S09391,tripath_lesionnet,1003,0.9541062801934886,0.912240184758427,3.605551275463989,1.1266632709358004,predictions/masks/qata_test_sub-S09391_ses-E21185_run-1_bp-chest_vp-ap_dx.png,predictions/probabilities/qata_test_sub-S09391_ses-E21185_run-1_bp-chest_vp-ap_dx.npy
qata_test_sub-S09391_ses-E22345_run-1_bp-chest_vp-ap_dx,sub-S09391,tripath_lesionnet,1003,0.9354993342213822,0.8788151706206463,6.708203932499369,1.7352191506651533,predictions/masks/qata_test_sub-S09391_ses-E22345_run-1_bp-chest_vp-ap_dx.png,predictions/probabilities/qata_test_sub-S09391_ses-E22345_run-1_bp-chest_vp-ap_dx.npy
qata_test_sub-S09391_ses-E23123_run-1_bp-chest_vp-ap_dx,sub-S09391,tripath_lesionnet,1003,0.9608966069341653,0.9247362806693761,3.0,0.965439619338155,predictions/masks/qata_test_sub-S09391_ses-E23123_run-1_bp-chest_vp-ap_dx.png,predictions/probabilities/qata_test_sub-S09391_ses-E23123_run-1_bp-chest_vp-ap_dx.npy
qata_test_sub-S09392_ses-E16195_run-1_bp-chest_vp-ap_dx,sub-S09392,tripath_lesionnet,1003,3.1969309461893566e-11,3.1969309461893566e-11,81.01080135219055,53.67669635024697,predictions/masks/qata_test_sub-S09392_ses-E16195_run-1_bp-chest_vp-ap_dx.png,predictions/probabilities/qata_test_sub-S09392_ses-E16195_run-1_bp-chest_vp-ap_dx.npy
qata_test_sub-S09395_ses-E16198_run-1_bp-chest_vp-pa_cr,sub-S09395,tripath_lesionnet,1003,0.3261048586514932,0.19481797313234445,47.39407727382357,15.606628819035407,predictions/masks/qata_test_sub-S09395_ses-E16198_run-1_bp-chest_vp-pa_cr.png,predictions/probabilities/qata_test_sub-S09395_ses-E16198_run-1_bp-chest_vp-pa_cr.npy
qata_test_sub-S09395_ses-E19850_run-1_bp-chest_vp-ap_cr,sub-S09395,tripath_lesionnet,1003,0.5041211424285198,0.3370066632666067,57.04819343106381,15.004080218799306,predictions/masks/qata_test_sub-S09395_ses-E19850_run-1_bp-chest_vp-ap_cr.png,predictions/probabilities/qata_test_sub-S09395_ses-E19850_run-1_bp-chest_vp-ap_cr.npy
qata_test_sub-S09395_ses-E22364_run-1_bp-chest_vp-ap_cr,sub-S09395,tripath_lesionnet,1003,0.6812470916779607,0.5165843331151523,43.28734827994434,8.79848585317469,predictions/masks/qata_test_sub-S09395_ses-E22364_run-1_bp-chest_vp-ap_cr.png,predictions/probabilities/qata_test_sub-S09395_ses-E22364_run-1_bp-chest_vp-ap_cr.npy
qata_test_sub-S09395_ses-E22643_run-1_bp-chest_vp-ap_cr,sub-S09395,tripath_lesionnet,1003,0.6856750257751401,0.5216936748812496,12.0,3.8937771965199075,predictions/masks/qata_test_sub-S09395_ses-E22643_run-1_bp-chest_vp-ap_cr.png,predictions/probabilities/qata_test_sub-S09395_ses-E22643_run-1_bp-chest_vp-ap_cr.npy
qata_test_sub-S09395_ses-E25833_run-1_bp-chest_vp-ap_cr,sub-S09395,tripath_lesionnet,1003,0.766022827043832,0.6207755247310428,16.81044369139218,3.7384486835745454,predictions/masks/qata_test_sub-S09395_ses-E25833_run-1_bp-chest_vp-ap_cr.png,predictions/probabilities/qata_test_sub-S09395_ses-E25833_run-1_bp-chest_vp-ap_cr.npy
qata_test_sub-S09395_ses-E26750_run-1_bp-chest_vp-pa_cr,sub-S09395,tripath_lesionnet,1003,0.10487676984242911,0.05534034316240507,105.13703243005922,33.5414479962703,predictions/masks/qata_test_sub-S09395_ses-E26750_run-1_bp-chest_vp-pa_cr.png,predictions/probabilities/qata_test_sub-S09395_ses-E26750_run-1_bp-chest_vp-pa_cr.npy
qata_test_sub-S09397_ses-E16200_acq-1_run-1_bp-chest_vp-ll_dx,sub-S09397,tripath_lesionnet,1003,0.34087237485130273,0.20545277515039406,96.9587014798153,33.65381989187576,predictions/masks/qata_test_sub-S09397_ses-E16200_acq-1_run-1_bp-chest_vp-ll_dx.png,predictions/probabilities/qata_test_sub-S09397_ses-E16200_acq-1_run-1_bp-chest_vp-ll_dx.npy
qata_test_sub-S09397_ses-E18638_acq-1_run-1_bp-chest_vp-pa_dx,sub-S09397,tripath_lesionnet,1003,0.39809674865994477,0.248514851559553,103.18883122336499,40.074799447425356,predictions/masks/qata_test_sub-S09397_ses-E18638_acq-1_run-1_bp-chest_vp-pa_dx.png,predictions/probabilities/qata_test_sub-S09397_ses-E18638_acq-1_run-1_bp-chest_vp-pa_dx.npy
qata_test_sub-S09397_ses-E22055_run-1_bp-chest_vp-ap_cr,sub-S09397,tripath_lesionnet,1003,0.8264462810007001,0.7042253521387125,5.643269777374484,2.330286949177105,predictions/masks/qata_test_sub-S09397_ses-E22055_run-1_bp-chest_vp-ap_cr.png,predictions/probabilities/qata_test_sub-S09397_ses-E22055_run-1_bp-chest_vp-ap_cr.npy
qata_test_sub-S09397_ses-E23382_acq-1_run-1_bp-chest_vp-pa_dx,sub-S09397,tripath_lesionnet,1003,0.48690807802301345,0.3217967599910312,98.70812980161686,32.47756673699479,predictions/masks/qata_test_sub-S09397_ses-E23382_acq-1_run-1_bp-chest_vp-pa_dx.png,predictions/probabilities/qata_test_sub-S09397_ses-E23382_acq-1_run-1_bp-chest_vp-pa_dx.npy
qata_test_sub-S09398_ses-E17446_run-1_bp-chest_vp-ap_cr,sub-S09398,tripath_lesionnet,1003,0.8893843676466074,0.800803033687245,7.280109889280517,2.1446467458161282,predictions/masks/qata_test_sub-S09398_ses-E17446_run-1_bp-chest_vp-ap_cr.png,predictions/probabilities/qata_test_sub-S09398_ses-E17446_run-1_bp-chest_vp-ap_cr.npy
qata_test_sub-S09398_ses-E17512_run-1_bp-chest_vp-ap_cr,sub-S09398,tripath_lesionnet,1003,0.9447696896059606,0.8953208416215291,8.94427190999916,1.5805606882308103,predictions/masks/qata_test_sub-S09398_ses-E17512_run-1_bp-chest_vp-ap_cr.png,predictions/probabilities/qata_test_sub-S09398_ses-E17512_run-1_bp-chest_vp-ap_cr.npy
qata_test_sub-S09398_ses-E17923_run-1_bp-chest_vp-ap_cr,sub-S09398,tripath_lesionnet,1003,0.7781913728949179,0.6369175627305211,74.33034373659252,17.321765230791208,predictions/masks/qata_test_sub-S09398_ses-E17923_run-1_bp-chest_vp-ap_cr.png,predictions/probabilities/qata_test_sub-S09398_ses-E17923_run-1_bp-chest_vp-ap_cr.npy
qata_test_sub-S09398_ses-E18631_run-1_bp-chest_vp-ap_cr,sub-S09398,tripath_lesionnet,1003,0.47208931420393246,0.30897703550663475,93.03008452933436,29.17206724658807,predictions/masks/qata_test_sub-S09398_ses-E18631_run-1_bp-chest_vp-ap_cr.png,predictions/probabilities/qata_test_sub-S09398_ses-E18631_run-1_bp-chest_vp-ap_cr.npy
qata_test_sub-S09398_ses-E18734_run-1_bp-chest_vp-ap_cr,sub-S09398,tripath_lesionnet,1003,0.793854781238426,0.6581751259234969,22.561028345356956,4.249171574700987,predictions/masks/qata_test_sub-S09398_ses-E18734_run-1_bp-chest_vp-ap_cr.png,predictions/probabilities/qata_test_sub-S09398_ses-E18734_run-1_bp-chest_vp-ap_cr.npy
qata_test_sub-S09398_ses-E22184_run-1_bp-chest_vp-ap_cr,sub-S09398,tripath_lesionnet,1003,0.9538128595025126,0.9117038649982395,4.47213595499958,1.214094154554566,predictions/masks/qata_test_sub-S09398_ses-E22184_run-1_bp-chest_vp-ap_cr.png,predictions/probabilities/qata_test_sub-S09398_ses-E22184_run-1_bp-chest_vp-ap_cr.npy
qata_test_sub-S09398_ses-E23350_run-1_bp-chest_vp-ap_cr,sub-S09398,tripath_lesionnet,1003,0.6275635767174913,0.45726240290153836,101.45257707476742,30.171509408071145,predictions/masks/qata_test_sub-S09398_ses-E23350_run-1_bp-chest_vp-ap_cr.png,predictions/probabilities/qata_test_sub-S09398_ses-E23350_run-1_bp-chest_vp-ap_cr.npy
qata_test_sub-S09399_ses-E17281_run-1_bp-chest_vp-ap_cr,sub-S09399,tripath_lesionnet,1003,0.44488778056247164,0.28608082106202437,13.908618918930243,5.985863130118346,predictions/masks/qata_test_sub-S09399_ses-E17281_run-1_bp-chest_vp-ap_cr.png,predictions/probabilities/qata_test_sub-S09399_ses-E17281_run-1_bp-chest_vp-ap_cr.npy
qata_test_sub-S09400_ses-E16204_acq-1_run-1_bp-chest_vp-pa_dx,sub-S09400,tripath_lesionnet,1003,0.17488212605336984,0.09581963367328232,179.25010443231258,78.5163179589643,predictions/masks/qata_test_sub-S09400_ses-E16204_acq-1_run-1_bp-chest_vp-pa_dx.png,predictions/probabilities/qata_test_sub-S09400_ses-E16204_acq-1_run-1_bp-chest_vp-pa_dx.npy
qata_test_sub-S09403_ses-E18508_run-1_bp-chest_vp-ap_dx,sub-S09403,tripath_lesionnet,1003,0.7636226982426298,0.6176291793545514,76.92657528791602,16.042790594834432,predictions/masks/qata_test_sub-S09403_ses-E18508_run-1_bp-chest_vp-ap_dx.png,predictions/probabilities/qata_test_sub-S09403_ses-E18508_run-1_bp-chest_vp-ap_dx.npy
qata_test_sub-S09404_ses-E16209_run-1_bp-chest_vp-ap_dx,sub-S09404,tripath_lesionnet,1003,0.7317073170811509,0.5769230769429211,91.83188685302349,22.453012249172442,predictions/masks/qata_test_sub-S09404_ses-E16209_run-1_bp-chest_vp-ap_dx.png,predictions/probabilities/qata_test_sub-S09404_ses-E16209_run-1_bp-chest_vp-ap_dx.npy
qata_test_sub-S09404_ses-E17555_run-1_bp-chest_vp-ap_dx,sub-S09404,tripath_lesionnet,1003,0.8582845460472235,0.7517499593073131,26.643894462274716,4.038452347063889,predictions/masks/qata_test_sub-S09404_ses-E17555_run-1_bp-chest_vp-ap_dx.png,predictions/probabilities/qata_test_sub-S09404_ses-E17555_run-1_bp-chest_vp-ap_dx.npy
qata_test_sub-S09406_ses-E18791_run-1_bp-chest_vp-ap_dx,sub-S09406,tripath_lesionnet,1003,0.9628453671196372,0.9283527610977961,3.1622776601683795,1.5354038798354517,predictions/masks/qata_test_sub-S09406_ses-E18791_run-1_bp-chest_vp-ap_dx.png,predictions/probabilities/qata_test_sub-S09406_ses-E18791_run-1_bp-chest_vp-ap_dx.npy
qata_test_sub-S09408_ses-E16213_run-1_bp-chest_cr,sub-S09408,tripath_lesionnet,1003,0.7514279670033546,0.6018298881869932,10.63014581273465,2.493021039836083,predictions/masks/qata_test_sub-S09408_ses-E16213_run-1_bp-chest_cr.png,predictions/probabilities/qata_test_sub-S09408_ses-E16213_run-1_bp-chest_cr.npy
qata_test_sub-S09408_ses-E16296_run-1_bp-chest_cr,sub-S09408,tripath_lesionnet,1003,0.7293468261319347,0.5739936287409791,74.3599617418064,7.891502143706739,predictions/masks/qata_test_sub-S09408_ses-E16296_run-1_bp-chest_cr.png,predictions/probabilities/qata_test_sub-S09408_ses-E16296_run-1_bp-chest_cr.npy
qata_test_sub-S09408_ses-E16387_run-1_bp-chest_cr,sub-S09408,tripath_lesionnet,1003,0.7114837768887241,0.5521729289321845,18.430942024025438,4.042236913644712,predictions/masks/qata_test_sub-S09408_ses-E16387_run-1_bp-chest_cr.png,predictions/probabilities/qata_test_sub-S09408_ses-E16387_run-1_bp-chest_cr.npy
qata_test_sub-S09408_ses-E16650_run-1_bp-chest_cr,sub-S09408,tripath_lesionnet,1003,0.8541199102323142,0.7453833240209634,52.74831076356019,6.721478504158601,predictions/masks/qata_test_sub-S09408_ses-E16650_run-1_bp-chest_cr.png,predictions/probabilities/qata_test_sub-S09408_ses-E16650_run-1_bp-chest_cr.npy
qata_test_sub-S09408_ses-E16737_run-1_bp-chest_cr,sub-S09408,tripath_lesionnet,1003,0.7656357388369843,0.6202672605931602,17.0,4.42311073757005,predictions/masks/qata_test_sub-S09408_ses-E16737_run-1_bp-chest_cr.png,predictions/probabilities/qata_test_sub-S09408_ses-E16737_run-1_bp-chest_cr.npy
qata_test_sub-S09408_ses-E16974_run-1_bp-chest_cr,sub-S09408,tripath_lesionnet,1003,0.84515876127616,0.7318397827744848,67.23539539280645,10.031437769230038,predictions/masks/qata_test_sub-S09408_ses-E16974_run-1_bp-chest_cr.png,predictions/probabilities/qata_test_sub-S09408_ses-E16974_run-1_bp-chest_cr.npy
qata_test_sub-S09408_ses-E17145_run-1_bp-chest_cr,sub-S09408,tripath_lesionnet,1003,0.374044032459466,0.23004561005615606,110.29719390005421,35.30748787363619,predictions/masks/qata_test_sub-S09408_ses-E17145_run-1_bp-chest_cr.png,predictions/probabilities/qata_test_sub-S09408_ses-E17145_run-1_bp-chest_cr.npy
qata_test_sub-S09408_ses-E17450_run-1_bp-chest_cr,sub-S09408,tripath_lesionnet,1003,0.6743737957715358,0.5087209302563604,59.033888572581766,16.43621367455894,predictions/masks/qata_test_sub-S09408_ses-E17450_run-1_bp-chest_cr.png,predictions/probabilities/qata_test_sub-S09408_ses-E17450_run-1_bp-chest_cr.npy
qata_test_sub-S09408_ses-E17561_run-1_bp-chest_cr,sub-S09408,tripath_lesionnet,1003,0.8141736543168221,0.6865875912480249,47.29693436154187,8.371365087647542,predictions/masks/qata_test_sub-S09408_ses-E17561_run-1_bp-chest_cr.png,predictions/probabilities/qata_test_sub-S09408_ses-E17561_run-1_bp-chest_cr.npy
qata_test_sub-S09408_ses-E17937_run-1_bp-chest_cr,sub-S09408,tripath_lesionnet,1003,0.6469309595316537,0.4781211750385844,19.06170160328649,5.088934274816006,predictions/masks/qata_test_sub-S09408_ses-E17937_run-1_bp-chest_cr.png,predictions/probabilities/qata_test_sub-S09408_ses-E17937_run-1_bp-chest_cr.npy
qata_test_sub-S09408_ses-E18111_run-1_bp-chest_cr,sub-S09408,tripath_lesionnet,1003,0.7578005894932635,0.6100474554146613,41.43669871020132,8.83597757667768,predictions/masks/qata_test_sub-S09408_ses-E18111_run-1_bp-chest_cr.png,predictions/probabilities/qata_test_sub-S09408_ses-E18111_run-1_bp-chest_cr.npy
qata_test_sub-S09408_ses-E18510_run-1_bp-chest_cr,sub-S09408,tripath_lesionnet,1003,0.6635030198592105,0.4964493221758263,70.0456864069868,20.153949490623074,predictions/masks/qata_test_sub-S09408_ses-E18510_run-1_bp-chest_cr.png,predictions/probabilities/qata_test_sub-S09408_ses-E18510_run-1_bp-chest_cr.npy
qata_test_sub-S09408_ses-E18794_run-1_bp-chest_cr,sub-S09408,tripath_lesionnet,1003,0.8638018936659905,0.7602564102640943,7.810249675906654,1.8542044383767065,predictions/masks/qata_test_sub-S09408_ses-E18794_run-1_bp-chest_cr.png,predictions/probabilities/qata_test_sub-S09408_ses-E18794_run-1_bp-chest_cr.npy
qata_test_sub-S09408_ses-E20235_run-1_bp-chest_vp-ap_dx,sub-S09408,tripath_lesionnet,1003,0.8923573735218451,0.8056365403367141,8.028015986734342,2.638001095524693,predictions/masks/qata_test_sub-S09408_ses-E20235_run-1_bp-chest_vp-ap_dx.png,predictions/probabilities/qata_test_sub-S09408_ses-E20235_run-1_bp-chest_vp-ap_dx.npy
qata_test_sub-S09408_ses-E20726_run-1_bp-chest_cr,sub-S09408,tripath_lesionnet,1003,0.8367880160279256,0.7193770590081049,8.0,2.8237262173434954,predictions/masks/qata_test_sub-S09408_ses-E20726_run-1_bp-chest_cr.png,predictions/probabilities/qata_test_sub-S09408_ses-E20726_run-1_bp-chest_cr.npy
qata_test_sub-S09408_ses-E21947_run-1_bp-chest_cr,sub-S09408,tripath_lesionnet,1003,0.7235711054181334,0.5668714555867942,40.0,6.524163542529257,predictions/masks/qata_test_sub-S09408_ses-E21947_run-1_bp-chest_cr.png,predictions/probabilities/qata_test_sub-S09408_ses-E21947_run-1_bp-chest_cr.npy
qata_test_sub-S09408_ses-E22074_run-1_bp-chest_cr,sub-S09408,tripath_lesionnet,1003,0.8182004789612166,0.6923344140841554,12.535921413868255,2.944487104217728,predictions/masks/qata_test_sub-S09408_ses-E22074_run-1_bp-chest_cr.png,predictions/probabilities/qata_test_sub-S09408_ses-E22074_run-1_bp-chest_cr.npy
qata_test_sub-S09408_ses-E22229_run-1_bp-chest_cr,sub-S09408,tripath_lesionnet,1003,0.7617025205450864,0.6151207873603471,15.811388300841898,3.037826050984846,predictions/masks/qata_test_sub-S09408_ses-E22229_run-1_bp-chest_cr.png,predictions/probabilities/qata_test_sub-S09408_ses-E22229_run-1_bp-chest_cr.npy
qata_test_sub-S09408_ses-E22878_run-1_bp-chest_cr,sub-S09408,tripath_lesionnet,1003,0.873856975382487,0.7759733499942542,37.0,4.523337971188723,predictions/masks/qata_test_sub-S09408_ses-E22878_run-1_bp-chest_cr.png,predictions/probabilities/qata_test_sub-S09408_ses-E22878_run-1_bp-chest_cr.npy
qata_test_sub-S09408_ses-E23183_run-1_bp-chest_cr,sub-S09408,tripath_lesionnet,1003,0.8628771929843807,0.7588249814920063,10.118823416311322,2.3116670399811654,predictions/masks/qata_test_sub-S09408_ses-E23183_run-1_bp-chest_cr.png,predictions/probabilities/qata_test_sub-S09408_ses-E23183_run-1_bp-chest_cr.npy
qata_test_sub-S09409_ses-E16214_run-1_bp-chest_vp-ap_cr,sub-S09409,tripath_lesionnet,1003,0.749365661125608,0.599188458079369,49.04128700454781,7.951028756063174,predictions/masks/qata_test_sub-S09409_ses-E16214_run-1_bp-chest_vp-ap_cr.png,predictions/probabilities/qata_test_sub-S09409_ses-E16214_run-1_bp-chest_vp-ap_cr.npy
qata_test_sub-S09409_ses-E16392_run-1_bp-chest_vp-ap_cr,sub-S09409,tripath_lesionnet,1003,0.7350689127132713,0.5811138014595462,40.20134480857382,6.161111969440585,predictions/masks/qata_test_sub-S09409_ses-E16392_run-1_bp-chest_vp-ap_cr.png,predictions/probabilities/qata_test_sub-S09409_ses-E16392_run-1_bp-chest_vp-ap_cr.npy
qata_test_sub-S09409_ses-E17557_run-1_bp-chest_vp-ap_cr,sub-S09409,tripath_lesionnet,1003,0.8976458546584232,0.8142989786486932,6.708203932499369,1.9178996756024593,predictions/masks/qata_test_sub-S09409_ses-E17557_run-1_bp-chest_vp-ap_cr.png,predictions/probabilities/qata_test_sub-S09409_ses-E17557_run-1_bp-chest_vp-ap_cr.npy
qata_test_sub-S09409_ses-E18124_run-1_bp-chest_vp-ap_cr,sub-S09409,tripath_lesionnet,1003,0.9099500713274791,0.8347783412426831,8.06225774829855,2.1558710090914994,predictions/masks/qata_test_sub-S09409_ses-E18124_run-1_bp-chest_vp-ap_cr.png,predictions/probabilities/qata_test_sub-S09409_ses-E18124_run-1_bp-chest_vp-ap_cr.npy
qata_test_sub-S09411_ses-E17301_run-1_bp-chest_vp-pa_dx,sub-S09411,tripath_lesionnet,1003,0.7499481220222048,0.5999335989508655,16.319279940826437,4.315829478480986,predictions/masks/qata_test_sub-S09411_ses-E17301_run-1_bp-chest_vp-pa_dx.png,predictions/probabilities/qata_test_sub-S09411_ses-E17301_run-1_bp-chest_vp-pa_dx.npy
qata_test_sub-S09414_ses-E16220_run-1_bp-chest_vp-ap_dx,sub-S09414,tripath_lesionnet,1003,0.6369398907183182,0.4672867222749427,71.61133440629841,19.401149882172128,predictions/masks/qata_test_sub-S09414_ses-E16220_run-1_bp-chest_vp-ap_dx.png,predictions/probabilities/qata_test_sub-S09414_ses-E16220_run-1_bp-chest_vp-ap_dx.npy
qata_test_sub-S09416_ses-E21269_run-1_bp-chest_vp-ap_cr,sub-S09416,tripath_lesionnet,1003,0.7398190045281571,0.5870736086258314,105.36033059029205,26.852015912405474,predictions/masks/qata_test_sub-S09416_ses-E21269_run-1_bp-chest_vp-ap_cr.png,predictions/probabilities/qata_test_sub-S09416_ses-E21269_run-1_bp-chest_vp-ap_cr.npy
qata_test_sub-S09416_ses-E21963_run-1_bp-chest_vp-ap_cr,sub-S09416,tripath_lesionnet,1003,0.78285878631316,0.64319470700276,10.800440352148932,3.4337305044064546,predictions/masks/qata_test_sub-S09416_ses-E21963_run-1_bp-chest_vp-ap_cr.png,predictions/probabilities/qata_test_sub-S09416_ses-E21963_run-1_bp-chest_vp-ap_cr.npy
qata_test_sub-S09416_ses-E23227_run-1_bp-chest_vp-ap_dx,sub-S09416,tripath_lesionnet,1003,0.5794719356567627,0.4079271295001486,99.37186724947044,20.941119120751324,predictions/masks/qata_test_sub-S09416_ses-E23227_run-1_bp-chest_vp-ap_dx.png,predictions/probabilities/qata_test_sub-S09416_ses-E23227_run-1_bp-chest_vp-ap_dx.npy
qata_test_sub-S09416_ses-E26830_run-1_bp-chest_vp-ap_cr,sub-S09416,tripath_lesionnet,1003,0.5724626278588125,0.40101410936064785,100.02120503465054,18.02338452270643,predictions/masks/qata_test_sub-S09416_ses-E26830_run-1_bp-chest_vp-ap_cr.png,predictions/probabilities/qata_test_sub-S09416_ses-E26830_run-1_bp-chest_vp-ap_cr.npy
qata_test_sub-S09417_ses-E16224_run-1_bp-chest_vp-ap_cr,sub-S09417,tripath_lesionnet,1003,0.6020984665373609,0.4307159354006102,60.24655310346272,7.129233391117562,predictions/masks/qata_test_sub-S09417_ses-E16224_run-1_bp-chest_vp-ap_cr.png,predictions/probabilities/qata_test_sub-S09417_ses-E16224_run-1_bp-chest_vp-ap_cr.npy
qata_test_sub-S09417_ses-E17150_run-1_bp-chest_vp-ap_cr,sub-S09417,tripath_lesionnet,1003,0.7527675276784226,0.6035502958660773,38.6173516365095,7.8888810960161635,predictions/masks/qata_test_sub-S09417_ses-E17150_run-1_bp-chest_vp-ap_cr.png,predictions/probabilities/qata_test_sub-S09417_ses-E17150_run-1_bp-chest_vp-ap_cr.npy
qata_test_sub-S09417_ses-E17850_run-2_bp-chest_vp-ap_dx,sub-S09417,tripath_lesionnet,1003,0.4319561386443713,0.2754745254926205,51.10772935672256,14.93233226407758,predictions/masks/qata_test_sub-S09417_ses-E17850_run-2_bp-chest_vp-ap_dx.png,predictions/probabilities/qata_test_sub-S09417_ses-E17850_run-2_bp-chest_vp-ap_dx.npy
qata_test_sub-S09417_ses-E20106_run-1_bp-chest_vp-ap_cr,sub-S09417,tripath_lesionnet,1003,0.7986556675894086,0.6648016276874466,62.37587587834453,8.432346366884412,predictions/masks/qata_test_sub-S09417_ses-E20106_run-1_bp-chest_vp-ap_cr.png,predictions/probabilities/qata_test_sub-S09417_ses-E20106_run-1_bp-chest_vp-ap_cr.npy
qata_test_sub-S09417_ses-E23219_run-1_bp-chest_vp-ap_cr,sub-S09417,tripath_lesionnet,1003,0.5333956095500516,0.36369426755645257,77.83315488916018,17.004368573227826,predictions/masks/qata_test_sub-S09417_ses-E23219_run-1_bp-chest_vp-ap_cr.png,predictions/probabilities/qata_test_sub-S09417_ses-E23219_run-1_bp-chest_vp-ap_cr.npy
qata_test_sub-S09419_ses-E16227_run-1_bp-chest_vp-ap_cr,sub-S09419,tripath_lesionnet,1003,0.7515218594401121,0.6019503546216918,24.555750301737476,4.500617741399654,predictions/masks/qata_test_sub-S09419_ses-E16227_run-1_bp-chest_vp-ap_cr.png,predictions/probabilities/qata_test_sub-S09419_ses-E16227_run-1_bp-chest_vp-ap_cr.npy
qata_test_sub-S09419_ses-E19070_run-1_bp-chest_vp-ap_dx,sub-S09419,tripath_lesionnet,1003,0.5803537824772167,0.40880169674396594,134.37252521721095,46.08640681754418,predictions/masks/qata_test_sub-S09419_ses-E19070_run-1_bp-chest_vp-ap_dx.png,predictions/probabilities/qata_test_sub-S09419_ses-E19070_run-1_bp-chest_vp-ap_dx.npy
qata_test_sub-S09420_ses-E16229_run-1_bp-chest_vp-ap_dx,sub-S09420,tripath_lesionnet,1003,0.9474012798505743,0.9000593119825021,3.6055512754639896,1.105027191861848,predictions/masks/qata_test_sub-S09420_ses-E16229_run-1_bp-chest_vp-ap_dx.png,predictions/probabilities/qata_test_sub-S09420_ses-E16229_run-1_bp-chest_vp-ap_dx.npy
qata_test_sub-S09420_ses-E16988_run-1_bp-chest_vp-ap_dx,sub-S09420,tripath_lesionnet,1003,0.9276901707661762,0.8651325815320766,5.830951894845301,1.9567523890386165,predictions/masks/qata_test_sub-S09420_ses-E16988_run-1_bp-chest_vp-ap_dx.png,predictions/probabilities/qata_test_sub-S09420_ses-E16988_run-1_bp-chest_vp-ap_dx.npy
qata_test_sub-S09420_ses-E16988_run-2_bp-chest_vp-ap_dx,sub-S09420,tripath_lesionnet,1003,0.9095209032658719,0.8340562473788434,11.0,2.2477895136692663,predictions/masks/qata_test_sub-S09420_ses-E16988_run-2_bp-chest_vp-ap_dx.png,predictions/probabilities/qata_test_sub-S09420_ses-E16988_run-2_bp-chest_vp-ap_dx.npy
qata_test_sub-S09420_ses-E16993_run-1_bp-chest_vp-ap_dx,sub-S09420,tripath_lesionnet,1003,0.918545789232102,0.8493617021297963,7.810249675906654,1.8718056366226832,predictions/masks/qata_test_sub-S09420_ses-E16993_run-1_bp-chest_vp-ap_dx.png,predictions/probabilities/qata_test_sub-S09420_ses-E16993_run-1_bp-chest_vp-ap_dx.npy
qata_test_sub-S09420_ses-E17457_run-1_bp-chest_vp-ap_dx,sub-S09420,tripath_lesionnet,1003,0.9605272285816128,0.9240523224783228,3.0,0.8893346489138719,predictions/masks/qata_test_sub-S09420_ses-E17457_run-1_bp-chest_vp-ap_dx.png,predictions/probabilities/qata_test_sub-S09420_ses-E17457_run-1_bp-chest_vp-ap_dx.npy
qata_test_sub-S09420_ses-E18672_run-1_bp-chest_vp-ap_dx,sub-S09420,tripath_lesionnet,1003,0.9441966838196444,0.8942922127164054,5.0,1.4288038512621961,predictions/masks/qata_test_sub-S09420_ses-E18672_run-1_bp-chest_vp-ap_dx.png,predictions/probabilities/qata_test_sub-S09420_ses-E18672_run-1_bp-chest_vp-ap_dx.npy
qata_test_sub-S09420_ses-E19314_run-1_bp-chest_vp-ap_cr,sub-S09420,tripath_lesionnet,1003,0.9541081643268714,0.9122436295846831,3.0,1.041445744839534,predictions/masks/qata_test_sub-S09420_ses-E19314_run-1_bp-chest_vp-ap_cr.png,predictions/probabilities/qata_test_sub-S09420_ses-E19314_run-1_bp-chest_vp-ap_cr.npy
qata_test_sub-S09420_ses-E21045_run-1_bp-chest_vp-ap_cr,sub-S09420,tripath_lesionnet,1003,0.9289073806084578,0.8672521533547162,6.4031242374328485,1.7799672872021277,predictions/masks/qata_test_sub-S09420_ses-E21045_run-1_bp-chest_vp-ap_cr.png,predictions/probabilities/qata_test_sub-S09420_ses-E21045_run-1_bp-chest_vp-ap_cr.npy
qata_test_sub-S09420_ses-E21970_run-1_bp-chest_vp-ap_dx,sub-S09420,tripath_lesionnet,1003,0.9635910224441173,0.9297401347457922,3.0,0.8486976349670851,predictions/masks/qata_test_sub-S09420_ses-E21970_run-1_bp-chest_vp-ap_dx.png,predictions/probabilities/qata_test_sub-S09420_ses-E21970_run-1_bp-chest_vp-ap_dx.npy
qata_test_sub-S09420_ses-E22489_run-1_bp-chest_vp-ap_cr,sub-S09420,tripath_lesionnet,1003,0.8498527968611398,0.738907849833807,34.577390562889235,5.281597086908778,predictions/masks/qata_test_sub-S09420_ses-E22489_run-1_bp-chest_vp-ap_cr.png,predictions/probabilities/qata_test_sub-S09420_ses-E22489_run-1_bp-chest_vp-ap_cr.npy
qata_test_sub-S09420_ses-E22717_run-1_bp-chest_vp-ap_cr,sub-S09420,tripath_lesionnet,1003,0.9431339031342272,0.8923873193886954,5.881666326391703,1.3597652166243237,predictions/masks/qata_test_sub-S09420_ses-E22717_run-1_bp-chest_vp-ap_cr.png,predictions/probabilities/qata_test_sub-S09420_ses-E22717_run-1_bp-chest_vp-ap_cr.npy
qata_test_sub-S09420_ses-E24404_run-1_bp-chest_vp-ap_dx,sub-S09420,tripath_lesionnet,1003,0.9041521148629867,0.8250708215322228,31.567241685316635,4.254772790333183,predictions/masks/qata_test_sub-S09420_ses-E24404_run-1_bp-chest_vp-ap_dx.png,predictions/probabilities/qata_test_sub-S09420_ses-E24404_run-1_bp-chest_vp-ap_dx.npy
qata_test_sub-S09420_ses-E25968_run-1_bp-chest_vp-ap_cr,sub-S09420,tripath_lesionnet,1003,0.9510004547524387,0.906578519563167,5.0,1.2595969305625954,predictions/masks/qata_test_sub-S09420_ses-E25968_run-1_bp-chest_vp-ap_cr.png,predictions/probabilities/qata_test_sub-S09420_ses-E25968_run-1_bp-chest_vp-ap_cr.npy
qata_test_sub-S09421_ses-E16230_run-1_bp-chest_vp-ap_cr,sub-S09421,tripath_lesionnet,1003,0.5981178110910053,0.4266534062797948,54.92357812587425,8.597021640532025,predictions/masks/qata_test_sub-S09421_ses-E16230_run-1_bp-chest_vp-ap_cr.png,predictions/probabilities/qata_test_sub-S09421_ses-E16230_run-1_bp-chest_vp-ap_cr.npy
qata_test_sub-S09424_ses-E25680_run-1_bp-chest_vp-ap_dx,sub-S09424,tripath_lesionnet,1003,0.9730608056103093,0.9475349766826487,2.8284271247461903,0.7955519693160236,predictions/masks/qata_test_sub-S09424_ses-E25680_run-1_bp-chest_vp-ap_dx.png,predictions/probabilities/qata_test_sub-S09424_ses-E25680_run-1_bp-chest_vp-ap_dx.npy
qata_test_sub-S09425_ses-E16236_run-1_bp-chest_vp-ap_dx,sub-S09425,tripath_lesionnet,1003,0.4867132867235422,0.3216266173931443,13.939130035606492,5.179261279826402,predictions/masks/qata_test_sub-S09425_ses-E16236_run-1_bp-chest_vp-ap_dx.png,predictions/probabilities/qata_test_sub-S09425_ses-E16236_run-1_bp-chest_vp-ap_dx.npy
qata_test_sub-S09425_ses-E21769_run-1_bp-chest_vp-ap_dx,sub-S09425,tripath_lesionnet,1003,0.9738033323703467,0.9489441576729334,2.0,0.7298145184521885,predictions/masks/qata_test_sub-S09425_ses-E21769_run-1_bp-chest_vp-ap_dx.png,predictions/probabilities/qata_test_sub-S09425_ses-E21769_run-1_bp-chest_vp-ap_dx.npy
qata_test_sub-S09426_ses-E16237_run-1_bp-chest_vp-ap_dx,sub-S09426,tripath_lesionnet,1003,0.9699284523106679,0.9416127010659953,2.23606797749979,0.7276163906353926,predictions/masks/qata_test_sub-S09426_ses-E16237_run-1_bp-chest_vp-ap_dx.png,predictions/probabilities/qata_test_sub-S09426_ses-E16237_run-1_bp-chest_vp-ap_dx.npy
qata_test_sub-S09426_ses-E16330_run-1_bp-chest_vp-ap_dx,sub-S09426,tripath_lesionnet,1003,0.9555718296109144,0.9149234544827051,3.0,1.0752073303480933,predictions/masks/qata_test_sub-S09426_ses-E16330_run-1_bp-chest_vp-ap_dx.png,predictions/probabilities/qata_test_sub-S09426_ses-E16330_run-1_bp-chest_vp-ap_dx.npy
qata_test_sub-S09426_ses-E16421_run-1_bp-chest_vp-ap_dx,sub-S09426,tripath_lesionnet,1003,0.9540645879735936,0.9121639606080362,4.0,1.0568715629081724,predictions/masks/qata_test_sub-S09426_ses-E16421_run-1_bp-chest_vp-ap_dx.png,predictions/probabilities/qata_test_sub-S09426_ses-E16421_run-1_bp-chest_vp-ap_dx.npy
qata_test_sub-S09426_ses-E16596_run-1_bp-chest_vp-ap_dx,sub-S09426,tripath_lesionnet,1003,0.9669852751228779,0.9360808242479136,2.8284271247461903,0.8550610037157698,predictions/masks/qata_test_sub-S09426_ses-E16596_run-1_bp-chest_vp-ap_dx.png,predictions/probabilities/qata_test_sub-S09426_ses-E16596_run-1_bp-chest_vp-ap_dx.npy
qata_test_sub-S09426_ses-E16684_run-1_bp-chest_vp-ap_dx,sub-S09426,tripath_lesionnet,1003,0.9612729234090546,0.9254335860429387,3.6055512754639887,1.1554425676535305,predictions/masks/qata_test_sub-S09426_ses-E16684_run-1_bp-chest_vp-ap_dx.png,predictions/probabilities/qata_test_sub-S09426_ses-E16684_run-1_bp-chest_vp-ap_dx.npy
qata_test_sub-S09426_ses-E16891_run-1_bp-chest_vp-ap_dx,sub-S09426,tripath_lesionnet,1003,0.9750143595635888,0.9512468478569978,2.23606797749979,0.6652984489598178,predictions/masks/qata_test_sub-S09426_ses-E16891_run-1_bp-chest_vp-ap_dx.png,predictions/probabilities/qata_test_sub-S09426_ses-E16891_run-1_bp-chest_vp-ap_dx.npy
qata_test_sub-S09426_ses-E17865_run-1_bp-chest_vp-ap_dx,sub-S09426,tripath_lesionnet,1003,0.96767910402357,0.9373820754724365,2.0,0.7442662862319427,predictions/masks/qata_test_sub-S09426_ses-E17865_run-1_bp-chest_vp-ap_dx.png,predictions/probabilities/qata_test_sub-S09426_ses-E17865_run-1_bp-chest_vp-ap_dx.npy
qata_test_sub-S09426_ses-E18321_run-1_bp-chest_vp-pa_dx,sub-S09426,tripath_lesionnet,1003,0.9684987295068798,0.9389215090778233,3.1622776601683795,1.0275286384496327,predictions/masks/qata_test_sub-S09426_ses-E18321_run-1_bp-chest_vp-pa_dx.png,predictions/probabilities/qata_test_sub-S09426_ses-E18321_run-1_bp-chest_vp-pa_dx.npy
qata_test_sub-S09426_ses-E19083_run-2_bp-chest_vp-ap_dx,sub-S09426,tripath_lesionnet,1003,0.9673455709872013,0.9367563279733413,3.1622776601683795,1.1634026735289027,predictions/masks/qata_test_sub-S09426_ses-E19083_run-2_bp-chest_vp-ap_dx.png,predictions/probabilities/qata_test_sub-S09426_ses-E19083_run-2_bp-chest_vp-ap_dx.npy
qata_test_sub-S09426_ses-E19187_run-1_bp-chest_vp-ap_dx,sub-S09426,tripath_lesionnet,1003,0.968340360291542,0.9386238668459114,2.0,0.6635044079068206,predictions/masks/qata_test_sub-S09426_ses-E19187_run-1_bp-chest_vp-ap_dx.png,predictions/probabilities/qata_test_sub-S09426_ses-E19187_run-1_bp-chest_vp-ap_dx.npy
qata_test_sub-S09426_ses-E19600_run-1_bp-chest_vp-ap_dx,sub-S09426,tripath_lesionnet,1003,0.9632659544896419,0.9291350647366189,4.0,1.0651650565688007,predictions/masks/qata_test_sub-S09426_ses-E19600_run-1_bp-chest_vp-ap_dx.png,predictions/probabilities/qata_test_sub-S09426_ses-E19600_run-1_bp-chest_vp-ap_dx.npy
qata_test_sub-S09426_ses-E19939_run-1_bp-chest_vp-ap_dx,sub-S09426,tripath_lesionnet,1003,0.9785966059813997,0.9580902234242344,2.0,0.6152127005330709,predictions/masks/qata_test_sub-S09426_ses-E19939_run-1_bp-chest_vp-ap_dx.png,predictions/probabilities/qata_test_sub-S09426_ses-E19939_run-1_bp-chest_vp-ap_dx.npy
qata_test_sub-S09426_ses-E20741_run-1_bp-chest_vp-ap_dx,sub-S09426,tripath_lesionnet,1003,0.9680756029904176,0.9381264807732994,2.23606797749979,0.8328462816876882,predictions/masks/qata_test_sub-S09426_ses-E20741_run-1_bp-chest_vp-ap_dx.png,predictions/probabilities/qata_test_sub-S09426_ses-E20741_run-1_bp-chest_vp-ap_dx.npy
qata_test_sub-S09426_ses-E20899_run-1_bp-chest_vp-ap_dx,sub-S09426,tripath_lesionnet,1003,0.9663359319633456,0.934864586905098,3.605551275463989,0.8503713065761689,predictions/masks/qata_test_sub-S09426_ses-E20899_run-1_bp-chest_vp-ap_dx.png,predictions/probabilities/qata_test_sub-S09426_ses-E20899_run-1_bp-chest_vp-ap_dx.npy
qata_test_sub-S09426_ses-E21469_run-1_bp-chest_vp-ap_dx,sub-S09426,tripath_lesionnet,1003,0.9616424789549323,0.9261188554664261,4.218733674818955,1.2419168900168929,predictions/masks/qata_test_sub-S09426_ses-E21469_run-1_bp-chest_vp-ap_dx.png,predictions/probabilities/qata_test_sub-S09426_ses-E21469_run-1_bp-chest_vp-ap_dx.npy
qata_test_sub-S09426_ses-E21978_run-1_bp-chest_vp-ap_dx,sub-S09426,tripath_lesionnet,1003,0.9794741306192558,0.9597739361705471,2.0,0.5536700692482259,predictions/masks/qata_test_sub-S09426_ses-E21978_run-1_bp-chest_vp-ap_dx.png,predictions/probabilities/qata_test_sub-S09426_ses-E21978_run-1_bp-chest_vp-ap_dx.npy
qata_test_sub-S09426_ses-E21980_run-1_bp-chest_vp-ap_dx,sub-S09426,tripath_lesionnet,1003,0.9734829168792786,0.9483358171887896,2.0,0.6832420520863026,predictions/masks/qata_test_sub-S09426_ses-E21980_run-1_bp-chest_vp-ap_dx.png,predictions/probabilities/qata_test_sub-S09426_ses-E21980_run-1_bp-chest_vp-ap_dx.npy
qata_test_sub-S09426_ses-E22292_run-1_bp-chest_vp-ap_dx,sub-S09426,tripath_lesionnet,1003,0.9723766979671238,0.9462384669983478,3.0,0.7500084115855803,predictions/masks/qata_test_sub-S09426_ses-E22292_run-1_bp-chest_vp-ap_dx.png,predictions/probabilities/qata_test_sub-S09426_ses-E22292_run-1_bp-chest_vp-ap_dx.npy
qata_test_sub-S09426_ses-E24799_run-2_bp-chest_vp-ap_dx,sub-S09426,tripath_lesionnet,1003,0.9586258875799967,0.9205393874758454,4.254115450513289,1.103037275346531,predictions/masks/qata_test_sub-S09426_ses-E24799_run-2_bp-chest_vp-ap_dx.png,predictions/probabilities/qata_test_sub-S09426_ses-E24799_run-2_bp-chest_vp-ap_dx.npy
qata_test_sub-S09426_ses-E25493_run-1_bp-chest_vp-ap_dx,sub-S09426,tripath_lesionnet,1003,0.9599812044797558,0.9230421686752783,6.708203932499369,1.4823656903271507,predictions/masks/qata_test_sub-S09426_ses-E25493_run-1_bp-chest_vp-ap_dx.png,predictions/probabilities/qata_test_sub-S09426_ses-E25493_run-1_bp-chest_vp-ap_dx.npy
qata_test_sub-S09426_ses-E26002_run-1_bp-chest_vp-ap_dx,sub-S09426,tripath_lesionnet,1003,0.9756371319160979,0.9524331292300843,2.23606797749979,0.7969037053286291,predictions/masks/qata_test_sub-S09426_ses-E26002_run-1_bp-chest_vp-ap_dx.png,predictions/probabilities/qata_test_sub-S09426_ses-E26002_run-1_bp-chest_vp-ap_dx.npy
qata_test_sub-S09426_ses-E26002_run-2_bp-chest_vp-ap_dx,sub-S09426,tripath_lesionnet,1003,0.9371524288109309,0.881737376285181,14.959820624195528,2.32997233319027,predictions/masks/qata_test_sub-S09426_ses-E26002_run-2_bp-chest_vp-ap_dx.png,predictions/probabilities/qata_test_sub-S09426_ses-E26002_run-2_bp-chest_vp-ap_dx.npy
qata_test_sub-S09426_ses-E26194_run-1_bp-chest_vp-ap_cr,sub-S09426,tripath_lesionnet,1003,0.6232833677441586,0.4527317772923102,27.70557369117818,7.630951405652598,predictions/masks/qata_test_sub-S09426_ses-E26194_run-1_bp-chest_vp-ap_cr.png,predictions/probabilities/qata_test_sub-S09426_ses-E26194_run-1_bp-chest_vp-ap_cr.npy
qata_test_sub-S09426_ses-E26436_run-1_bp-chest_vp-ap_dx,sub-S09426,tripath_lesionnet,1003,0.9751178545784549,0.9514438893630349,2.8284271247461903,0.8607330379930143,predictions/masks/qata_test_sub-S09426_ses-E26436_run-1_bp-chest_vp-ap_dx.png,predictions/probabilities/qata_test_sub-S09426_ses-E26436_run-1_bp-chest_vp-ap_dx.npy
qata_test_sub-S09426_ses-E26547_run-1_bp-chest_vp-pa_dx,sub-S09426,tripath_lesionnet,1003,0.846579988695912,0.7339737306462659,15.608541225631422,3.138382140517575,predictions/masks/qata_test_sub-S09426_ses-E26547_run-1_bp-chest_vp-pa_dx.png,predictions/probabilities/qata_test_sub-S09426_ses-E26547_run-1_bp-chest_vp-pa_dx.npy
qata_test_sub-S09429_ses-E25116_run-1_bp-chest_vp-ap_dx,sub-S09429,tripath_lesionnet,1003,0.8798397863898638,0.7854588796441646,4.133452377915603,1.4626158399469036,predictions/masks/qata_test_sub-S09429_ses-E25116_run-1_bp-chest_vp-ap_dx.png,predictions/probabilities/qata_test_sub-S09429_ses-E25116_run-1_bp-chest_vp-ap_dx.npy
qata_test_sub-S09429_ses-E25351_run-1_bp-chest_vp-ap_dx,sub-S09429,tripath_lesionnet,1003,0.7506493506515095,0.6008316008371333,75.41343614853226,11.168594819002502,predictions/masks/qata_test_sub-S09429_ses-E25351_run-1_bp-chest_vp-ap_dx.png,predictions/probabilities/qata_test_sub-S09429_ses-E25351_run-1_bp-chest_vp-ap_dx.npy
qata_test_sub-S09431_ses-E16242_acq-1_run-1_bp-chest_vp-pa_cr,sub-S09431,tripath_lesionnet,1003,0.7606853699913259,0.6137951990393864,9.433981132056603,3.135926468153523,predictions/masks/qata_test_sub-S09431_ses-E16242_acq-1_run-1_bp-chest_vp-pa_cr.png,predictions/probabilities/qata_test_sub-S09431_ses-E16242_acq-1_run-1_bp-chest_vp-pa_cr.npy
qata_test_sub-S09432_ses-E16243_run-1_bp-chest_vp-pa_dx,sub-S09432,tripath_lesionnet,1003,0.9113725490213457,0.8371757925130701,76.1418845261102,12.330272431676171,predictions/masks/qata_test_sub-S09432_ses-E16243_run-1_bp-chest_vp-pa_dx.png,predictions/probabilities/qata_test_sub-S09432_ses-E16243_run-1_bp-chest_vp-pa_dx.npy
qata_test_sub-S09432_ses-E24878_run-1_bp-chest_vp-pa_dx,sub-S09432,tripath_lesionnet,1003,0.8345070422576835,0.7160120846044018,9.74025035540879,2.6248605782011567,predictions/masks/qata_test_sub-S09432_ses-E24878_run-1_bp-chest_vp-pa_dx.png,predictions/probabilities/qata_test_sub-S09432_ses-E24878_run-1_bp-chest_vp-pa_dx.npy
qata_test_sub-S09433_ses-E26193_run-1_bp-chest_vp-pa_dx,sub-S09433,tripath_lesionnet,1003,0.9037880135176278,0.8244646333606598,8.329885794286463,2.428114734327799,predictions/masks/qata_test_sub-S09433_ses-E26193_run-1_bp-chest_vp-pa_dx.png,predictions/probabilities/qata_test_sub-S09433_ses-E26193_run-1_bp-chest_vp-pa_dx.npy
qata_test_sub-S09434_ses-E24009_run-1_bp-chest_vp-ap_cr,sub-S09434,tripath_lesionnet,1003,0.9695092901382821,0.9408229311146492,2.8284271247461903,0.8713022540864025,predictions/masks/qata_test_sub-S09434_ses-E24009_run-1_bp-chest_vp-ap_cr.png,predictions/probabilities/qata_test_sub-S09434_ses-E24009_run-1_bp-chest_vp-ap_cr.npy
qata_test_sub-S09434_ses-E26278_run-1_bp-chest_vp-pa_dx,sub-S09434,tripath_lesionnet,1003,0.5617949671555498,0.3906223065093842,22.822137033170065,6.9463411631556,predictions/masks/qata_test_sub-S09434_ses-E26278_run-1_bp-chest_vp-pa_dx.png,predictions/probabilities/qata_test_sub-S09434_ses-E26278_run-1_bp-chest_vp-pa_dx.npy
qata_test_sub-S09436_ses-E16248_run-1_bp-chest_vp-ap_dx,sub-S09436,tripath_lesionnet,1003,0.6210862619889013,0.45041705284366956,84.50443775329198,18.998044522531444,predictions/masks/qata_test_sub-S09436_ses-E16248_run-1_bp-chest_vp-ap_dx.png,predictions/probabilities/qata_test_sub-S09436_ses-E16248_run-1_bp-chest_vp-ap_dx.npy
qata_test_sub-S09436_ses-E16516_run-1_bp-chest_vp-ap_dx,sub-S09436,tripath_lesionnet,1003,0.7972972973097483,0.6629213483490376,102.43385165228383,13.186101038984104,predictions/masks/qata_test_sub-S09436_ses-E16516_run-1_bp-chest_vp-ap_dx.png,predictions/probabilities/qata_test_sub-S09436_ses-E16516_run-1_bp-chest_vp-ap_dx.npy
qata_test_sub-S09436_ses-E17012_run-1_bp-chest_vp-ap_dx,sub-S09436,tripath_lesionnet,1003,0.6234247590947583,0.4528809908749121,95.71923119350814,25.47618422361069,predictions/masks/qata_test_sub-S09436_ses-E17012_run-1_bp-chest_vp-ap_dx.png,predictions/probabilities/qata_test_sub-S09436_ses-E17012_run-1_bp-chest_vp-ap_dx.npy
qata_test_sub-S09436_ses-E19623_run-1_bp-chest_vp-ap_dx,sub-S09436,tripath_lesionnet,1003,0.7441545238988765,0.5925526173992146,13.92838827718412,4.861538356333547,predictions/masks/qata_test_sub-S09436_ses-E19623_run-1_bp-chest_vp-ap_dx.png,predictions/probabilities/qata_test_sub-S09436_ses-E19623_run-1_bp-chest_vp-ap_dx.npy
qata_test_sub-S09436_ses-E22139_run-1_bp-chest_vp-ap_dx,sub-S09436,tripath_lesionnet,1003,0.5234967155369633,0.3545516769777856,11.027050983124838,3.946259719235524,predictions/masks/qata_test_sub-S09436_ses-E22139_run-1_bp-chest_vp-ap_dx.png,predictions/probabilities/qata_test_sub-S09436_ses-E22139_run-1_bp-chest_vp-ap_dx.npy
qata_test_sub-S09436_ses-E22545_run-1_bp-chest_vp-ap_dx,sub-S09436,tripath_lesionnet,1003,0.8218057921696148,0.697513013319982,9.164658342969666,3.1808020446246195,predictions/masks/qata_test_sub-S09436_ses-E22545_run-1_bp-chest_vp-ap_dx.png,predictions/probabilities/qata_test_sub-S09436_ses-E22545_run-1_bp-chest_vp-ap_dx.npy
qata_test_sub-S09436_ses-E26718_run-1_bp-chest_vp-ap_dx,sub-S09436,tripath_lesionnet,1003,0.2950934579521601,0.17308482939327005,53.79400542641941,19.12787756372536,predictions/masks/qata_test_sub-S09436_ses-E26718_run-1_bp-chest_vp-ap_dx.png,predictions/probabilities/qata_test_sub-S09436_ses-E26718_run-1_bp-chest_vp-ap_dx.npy
qata_test_sub-S09437_ses-E20592_run-1_bp-chest_vp-ap_cr,sub-S09437,tripath_lesionnet,1003,0.7164993182135057,0.5582383619942392,20.518284528683193,5.241322224680054,predictions/masks/qata_test_sub-S09437_ses-E20592_run-1_bp-chest_vp-ap_cr.png,predictions/probabilities/qata_test_sub-S09437_ses-E20592_run-1_bp-chest_vp-ap_cr.npy
qata_test_sub-S09439_ses-E22575_run-1_bp-chest_vp-pa_dx,sub-S09439,tripath_lesionnet,1003,0.5401769911667195,0.37002909799369404,13.0,5.255176335279612,predictions/masks/qata_test_sub-S09439_ses-E22575_run-1_bp-chest_vp-pa_dx.png,predictions/probabilities/qata_test_sub-S09439_ses-E22575_run-1_bp-chest_vp-pa_dx.npy
qata_test_sub-S09440_ses-E19667_run-1_bp-chest_vp-ap_cr,sub-S09440,tripath_lesionnet,1003,0.9768463748521993,0.9547406673276859,2.0,0.7216469075051166,predictions/masks/qata_test_sub-S09440_ses-E19667_run-1_bp-chest_vp-ap_cr.png,predictions/probabilities/qata_test_sub-S09440_ses-E19667_run-1_bp-chest_vp-ap_cr.npy
qata_test_sub-S09440_ses-E19833_run-1_bp-chest_vp-ap_dx,sub-S09440,tripath_lesionnet,1003,0.9755966906732468,0.9523560513627776,3.0,0.8160844600947008,predictions/masks/qata_test_sub-S09440_ses-E19833_run-1_bp-chest_vp-ap_dx.png,predictions/probabilities/qata_test_sub-S09440_ses-E19833_run-1_bp-chest_vp-ap_dx.npy
qata_test_sub-S09440_ses-E19987_run-1_bp-chest_vp-ap_dx,sub-S09440,tripath_lesionnet,1003,0.9730367159613302,0.947489293029933,2.8284271247461903,0.8893351358932613,predictions/masks/qata_test_sub-S09440_ses-E19987_run-1_bp-chest_vp-ap_dx.png,predictions/probabilities/qata_test_sub-S09440_ses-E19987_run-1_bp-chest_vp-ap_dx.npy
qata_test_sub-S09440_ses-E20661_run-1_bp-chest_vp-ap_dx,sub-S09440,tripath_lesionnet,1003,0.9805010832732056,0.96174803836115,2.0,0.6949277238806989,predictions/masks/qata_test_sub-S09440_ses-E20661_run-1_bp-chest_vp-ap_dx.png,predictions/probabilities/qata_test_sub-S09440_ses-E20661_run-1_bp-chest_vp-ap_dx.npy
qata_test_sub-S09440_ses-E22583_run-1_bp-chest_vp-ap_dx,sub-S09440,tripath_lesionnet,1003,0.9706762048658053,0.943023186148565,4.47213595499958,1.0678988670909237,predictions/masks/qata_test_sub-S09440_ses-E22583_run-1_bp-chest_vp-ap_dx.png,predictions/probabilities/qata_test_sub-S09440_ses-E22583_run-1_bp-chest_vp-ap_dx.npy
qata_test_sub-S09440_ses-E23311_run-1_bp-chest_vp-ap_dx,sub-S09440,tripath_lesionnet,1003,0.9686797023707607,0.9392617449668506,3.0,1.015890334610093,predictions/masks/qata_test_sub-S09440_ses-E23311_run-1_bp-chest_vp-ap_dx.png,predictions/probabilities/qata_test_sub-S09440_ses-E23311_run-1_bp-chest_vp-ap_dx.npy
qata_test_sub-S09440_ses-E24067_run-1_bp-chest_vp-ap_cr,sub-S09440,tripath_lesionnet,1003,0.9702498417545882,0.9422186867230097,3.0,0.8850768927149957,predictions/masks/qata_test_sub-S09440_ses-E24067_run-1_bp-chest_vp-ap_cr.png,predictions/probabilities/qata_test_sub-S09440_ses-E24067_run-1_bp-chest_vp-ap_cr.npy
qata_test_sub-S09440_ses-E24069_run-1_bp-chest_vp-ap_cr,sub-S09440,tripath_lesionnet,1003,0.9786763435286723,0.9582430969141971,2.0,0.6796638862322668,predictions/masks/qata_test_sub-S09440_ses-E24069_run-1_bp-chest_vp-ap_cr.png,predictions/probabilities/qata_test_sub-S09440_ses-E24069_run-1_bp-chest_vp-ap_cr.npy
qata_test_sub-S09440_ses-E24503_run-1_bp-chest_vp-ap_dx,sub-S09440,tripath_lesionnet,1003,0.9747644319290416,0.950771181069436,2.23606797749979,0.7963651309966123,predictions/masks/qata_test_sub-S09440_ses-E24503_run-1_bp-chest_vp-ap_dx.png,predictions/probabilities/qata_test_sub-S09440_ses-E24503_run-1_bp-chest_vp-ap_dx.npy
qata_test_sub-S09440_ses-E24830_run-1_bp-chest_vp-ap_dx,sub-S09440,tripath_lesionnet,1003,0.5595489781691492,0.38845401177160205,166.57572815507754,49.5446266788443,predictions/masks/qata_test_sub-S09440_ses-E24830_run-1_bp-chest_vp-ap_dx.png,predictions/probabilities/qata_test_sub-S09440_ses-E24830_run-1_bp-chest_vp-ap_dx.npy
qata_test_sub-S09440_ses-E25759_run-1_bp-chest_vp-ap_dx,sub-S09440,tripath_lesionnet,1003,0.8936626706361637,0.8077668961514217,27.744199729723924,5.551621414392315,predictions/masks/qata_test_sub-S09440_ses-E25759_run-1_bp-chest_vp-ap_dx.png,predictions/probabilities/qata_test_sub-S09440_ses-E25759_run-1_bp-chest_vp-ap_dx.npy
qata_test_sub-S09440_ses-E26490_run-1_bp-chest_vp-ap_dx,sub-S09440,tripath_lesionnet,1003,0.967529107373973,0.9371006139585447,3.6055512754639896,1.0837929058300282,predictions/masks/qata_test_sub-S09440_ses-E26490_run-1_bp-chest_vp-ap_dx.png,predictions/probabilities/qata_test_sub-S09440_ses-E26490_run-1_bp-chest_vp-ap_dx.npy
qata_test_sub-S09443_ses-E21660_run-1_bp-chest_vp-ap_dx,sub-S09443,tripath_lesionnet,1003,0.8821603928083338,0.7891654465901661,3.0,1.0875902066999164,predictions/masks/qata_test_sub-S09443_ses-E21660_run-1_bp-chest_vp-ap_dx.png,predictions/probabilities/qata_test_sub-S09443_ses-E21660_run-1_bp-chest_vp-ap_dx.npy
qata_test_sub-S09446_ses-E16261_run-1_bp-chest_vp-pa_cr,sub-S09446,tripath_lesionnet,1003,0.8687700045784743,0.7679870654997585,12.606230194781201,5.467768006205417,predictions/masks/qata_test_sub-S09446_ses-E16261_run-1_bp-chest_vp-pa_cr.png,predictions/probabilities/qata_test_sub-S09446_ses-E16261_run-1_bp-chest_vp-pa_cr.npy
qata_test_sub-S09447_ses-E16262_run-1_bp-chest_vp-pa_cr,sub-S09447,tripath_lesionnet,1003,0.558232931815616,0.38718662969716244,6.082762530298219,2.4800152637154627,predictions/masks/qata_test_sub-S09447_ses-E16262_run-1_bp-chest_vp-pa_cr.png,predictions/probabilities/qata_test_sub-S09447_ses-E16262_run-1_bp-chest_vp-pa_cr.npy
qata_test_sub-S09448_ses-E20419_run-1_bp-chest_vp-pa_cr,sub-S09448,tripath_lesionnet,1003,0.5317693060086247,0.36218375507827116,85.99709282670565,25.542211560687534,predictions/masks/qata_test_sub-S09448_ses-E20419_run-1_bp-chest_vp-pa_cr.png,predictions/probabilities/qata_test_sub-S09448_ses-E20419_run-1_bp-chest_vp-pa_cr.npy
qata_test_sub-S09448_ses-E21381_run-1_bp-chest_vp-ap_dx,sub-S09448,tripath_lesionnet,1003,0.8306828812013405,0.7104000000115841,8.06225774829855,2.35114865525725,predictions/masks/qata_test_sub-S09448_ses-E21381_run-1_bp-chest_vp-ap_dx.png,predictions/probabilities/qata_test_sub-S09448_ses-E21381_run-1_bp-chest_vp-ap_dx.npy
qata_test_sub-S09449_ses-E16265_run-1_bp-chest_vp-ap_dx,sub-S09449,tripath_lesionnet,1003,0.9731357109774288,0.9476770410469312,2.8284271247461903,0.7524591876339803,predictions/masks/qata_test_sub-S09449_ses-E16265_run-1_bp-chest_vp-ap_dx.png,predictions/probabilities/qata_test_sub-S09449_ses-E16265_run-1_bp-chest_vp-ap_dx.npy
qata_test_sub-S09449_ses-E18173_run-1_bp-chest_vp-ap_dx,sub-S09449,tripath_lesionnet,1003,0.9370527431756093,0.8815609026320713,46.010888852981,4.406621824654266,predictions/masks/qata_test_sub-S09449_ses-E18173_run-1_bp-chest_vp-ap_dx.png,predictions/probabilities/qata_test_sub-S09449_ses-E18173_run-1_bp-chest_vp-ap_dx.npy
qata_test_sub-S09450_ses-E24850_run-1_bp-chest_vp-pa_dx,sub-S09450,tripath_lesionnet,1003,0.70476190478065,0.5441176471035178,8.06225774829855,3.3584908736587242,predictions/masks/qata_test_sub-S09450_ses-E24850_run-1_bp-chest_vp-pa_dx.png,predictions/probabilities/qata_test_sub-S09450_ses-E24850_run-1_bp-chest_vp-pa_dx.npy
qata_test_sub-S09451_ses-E16269_acq-2_run-1_bp-chest_vp-ap_cr,sub-S09451,tripath_lesionnet,1003,0.709453599331357,0.549731182856219,107.84941391975241,28.15337066471864,predictions/masks/qata_test_sub-S09451_ses-E16269_acq-2_run-1_bp-chest_vp-ap_cr.png,predictions/probabilities/qata_test_sub-S09451_ses-E16269_acq-2_run-1_bp-chest_vp-ap_cr.npy
qata_test_sub-S09452_ses-E16270_run-1_bp-chest_cr,sub-S09452,tripath_lesionnet,1003,0.7235876978527629,0.5668918237769242,46.61544808322666,8.47505799955833,predictions/masks/qata_test_sub-S09452_ses-E16270_run-1_bp-chest_cr.png,predictions/probabilities/qata_test_sub-S09452_ses-E16270_run-1_bp-chest_cr.npy
qata_test_sub-S09452_ses-E16359_run-1_bp-chest_cr,sub-S09452,tripath_lesionnet,1003,0.8140173105360563,0.6863652545445645,49.040799340956916,7.758367596646061,predictions/masks/qata_test_sub-S09452_ses-E16359_run-1_bp-chest_cr.png,predictions/probabilities/qata_test_sub-S09452_ses-E16359_run-1_bp-chest_cr.npy
qata_test_sub-S09452_ses-E16704_run-1_bp-chest_cr,sub-S09452,tripath_lesionnet,1003,0.9544382605416732,0.9128473475287545,4.242640687119285,1.124358396760611,predictions/masks/qata_test_sub-S09452_ses-E16704_run-1_bp-chest_cr.png,predictions/probabilities/qata_test_sub-S09452_ses-E16704_run-1_bp-chest_cr.npy
qata_test_sub-S09452_ses-E16823_run-1_bp-chest_cr,sub-S09452,tripath_lesionnet,1003,0.9346443552391203,0.877307366639481,12.543778305577858,2.4677210378022947,predictions/masks/qata_test_sub-S09452_ses-E16823_run-1_bp-chest_cr.png,predictions/probabilities/qata_test_sub-S09452_ses-E16823_run-1_bp-chest_cr.npy
qata_test_sub-S09452_ses-E16825_run-1_bp-chest_vp-ap_cr,sub-S09452,tripath_lesionnet,1003,0.8088840474472956,0.6790976526808342,12.529964086141668,3.7804305492640604,predictions/masks/qata_test_sub-S09452_ses-E16825_run-1_bp-chest_vp-ap_cr.png,predictions/probabilities/qata_test_sub-S09452_ses-E16825_run-1_bp-chest_vp-ap_cr.npy
qata_test_sub-S09452_ses-E16953_run-1_bp-chest_cr,sub-S09452,tripath_lesionnet,1003,0.7213787954223408,0.5641849148460906,15.0,4.262616808731265,predictions/masks/qata_test_sub-S09452_ses-E16953_run-1_bp-chest_cr.png,predictions/probabilities/qata_test_sub-S09452_ses-E16953_run-1_bp-chest_cr.npy
qata_test_sub-S09452_ses-E17117_acq-1_run-1_bp-chest_cr,sub-S09452,tripath_lesionnet,1003,0.7484136511761939,0.5979720471398742,20.124550677024736,5.4899788174268265,predictions/masks/qata_test_sub-S09452_ses-E17117_acq-1_run-1_bp-chest_cr.png,predictions/probabilities/qata_test_sub-S09452_ses-E17117_acq-1_run-1_bp-chest_cr.npy
qata_test_sub-S09452_ses-E17189_run-1_bp-chest_cr,sub-S09452,tripath_lesionnet,1003,0.823529411766924,0.7000000000064103,91.41389354289102,20.35782587873642,predictions/masks/qata_test_sub-S09452_ses-E17189_run-1_bp-chest_cr.png,predictions/probabilities/qata_test_sub-S09452_ses-E17189_run-1_bp-chest_cr.npy
qata_test_sub-S09452_ses-E17479_run-1_bp-chest_cr,sub-S09452,tripath_lesionnet,1003,0.8232647814921384,0.6996176952517791,11.287034776687562,3.1130894634376562,predictions/masks/qata_test_sub-S09452_ses-E17479_run-1_bp-chest_cr.png,predictions/probabilities/qata_test_sub-S09452_ses-E17479_run-1_bp-chest_cr.npy
qata_test_sub-S09452_ses-E17513_run-1_bp-chest_cr,sub-S09452,tripath_lesionnet,1003,0.9316855162352623,0.8721079142843668,7.615773105863909,2.0261382959336403,predictions/masks/qata_test_sub-S09452_ses-E17513_run-1_bp-chest_cr.png,predictions/probabilities/qata_test_sub-S09452_ses-E17513_run-1_bp-chest_cr.npy
qata_test_sub-S09452_ses-E17919_run-1_bp-chest_cr,sub-S09452,tripath_lesionnet,1003,0.9022711631112856,0.8219435736693064,8.06225774829855,2.2767099237471196,predictions/masks/qata_test_sub-S09452_ses-E17919_run-1_bp-chest_cr.png,predictions/probabilities/qata_test_sub-S09452_ses-E17919_run-1_bp-chest_cr.npy
qata_test_sub-S09452_ses-E17957_run-1_bp-chest_cr,sub-S09452,tripath_lesionnet,1003,0.801650397506273,0.6689620423300476,29.154759474226502,6.334783316139651,predictions/masks/qata_test_sub-S09452_ses-E17957_run-1_bp-chest_cr.png,predictions/probabilities/qata_test_sub-S09452_ses-E17957_run-1_bp-chest_cr.npy
qata_test_sub-S09452_ses-E18170_run-1_bp-chest_cr,sub-S09452,tripath_lesionnet,1003,0.9143319692408404,0.8421837461698104,16.006243908376273,3.256806187792777,predictions/masks/qata_test_sub-S09452_ses-E18170_run-1_bp-chest_cr.png,predictions/probabilities/qata_test_sub-S09452_ses-E18170_run-1_bp-chest_cr.npy
qata_test_sub-S09452_ses-E19207_run-1_bp-chest_cr,sub-S09452,tripath_lesionnet,1003,0.8565187399418657,0.7490448421526433,19.313207915827967,4.17164686002722,predictions/masks/qata_test_sub-S09452_ses-E19207_run-1_bp-chest_cr.png,predictions/probabilities/qata_test_sub-S09452_ses-E19207_run-1_bp-chest_cr.npy
qata_test_sub-S09452_ses-E21690_run-1_bp-chest_cr,sub-S09452,tripath_lesionnet,1003,0.8847690941398226,0.7933505873025413,8.0,2.2583937326928987,predictions/masks/qata_test_sub-S09452_ses-E21690_run-1_bp-chest_cr.png,predictions/probabilities/qata_test_sub-S09452_ses-E21690_run-1_bp-chest_cr.npy
qata_test_sub-S09452_ses-E22036_run-1_bp-chest_cr,sub-S09452,tripath_lesionnet,1003,0.8281771444049051,0.7067426108419529,39.11521443121589,6.249038122102089,predictions/masks/qata_test_sub-S09452_ses-E22036_run-1_bp-chest_cr.png,predictions/probabilities/qata_test_sub-S09452_ses-E22036_run-1_bp-chest_cr.npy
qata_test_sub-S09452_ses-E22824_run-1_bp-chest_vp-ap_dx,sub-S09452,tripath_lesionnet,1003,0.9341162654143622,0.876377258705637,7.810249675906654,1.9980038087792535,predictions/masks/qata_test_sub-S09452_ses-E22824_run-1_bp-chest_vp-ap_dx.png,predictions/probabilities/qata_test_sub-S09452_ses-E22824_run-1_bp-chest_vp-ap_dx.npy
qata_test_sub-S09452_ses-E22828_run-1_bp-chest_cr,sub-S09452,tripath_lesionnet,1003,0.9583504589672671,0.9200315664879649,3.0,1.0425415403136165,predictions/masks/qata_test_sub-S09452_ses-E22828_run-1_bp-chest_cr.png,predictions/probabilities/qata_test_sub-S09452_ses-E22828_run-1_bp-chest_cr.npy
qata_test_sub-S09454_ses-E25547_run-1_bp-chest_vp-ap_dx,sub-S09454,tripath_lesionnet,1003,0.4741833509049142,0.31077348067884963,56.4003546088143,11.933970744279549,predictions/masks/qata_test_sub-S09454_ses-E25547_run-1_bp-chest_vp-ap_dx.png,predictions/probabilities/qata_test_sub-S09454_ses-E25547_run-1_bp-chest_vp-ap_dx.npy
qata_test_sub-S09455_ses-E16273_run-1_bp-chest_vp-ap_cr,sub-S09455,tripath_lesionnet,1003,0.9605072463770501,0.9240153363550131,2.8284271247461903,0.9801467622457398,predictions/masks/qata_test_sub-S09455_ses-E16273_run-1_bp-chest_vp-ap_cr.png,predictions/probabilities/qata_test_sub-S09455_ses-E16273_run-1_bp-chest_vp-ap_cr.npy
qata_test_sub-S09455_ses-E16541_run-1_bp-chest_vp-ap_cr,sub-S09455,tripath_lesionnet,1003,0.9702422959305443,0.942204454598033,2.23606797749979,0.7292692699534564,predictions/masks/qata_test_sub-S09455_ses-E16541_run-1_bp-chest_vp-ap_cr.png,predictions/probabilities/qata_test_sub-S09455_ses-E16541_run-1_bp-chest_vp-ap_cr.npy
qata_test_sub-S09455_ses-E17099_run-1_bp-chest_vp-ap_cr,sub-S09455,tripath_lesionnet,1003,0.9667997593394585,0.9357331921658472,2.23606797749979,0.8629846557935664,predictions/masks/qata_test_sub-S09455_ses-E17099_run-1_bp-chest_vp-ap_cr.png,predictions/probabilities/qata_test_sub-S09455_ses-E17099_run-1_bp-chest_vp-ap_cr.npy
qata_test_sub-S09455_ses-E17339_run-1_bp-chest_vp-ap_cr,sub-S09455,tripath_lesionnet,1003,0.9694533762059515,0.9407176287057648,2.23606797749979,0.7998505846845644,predictions/masks/qata_test_sub-S09455_ses-E17339_run-1_bp-chest_vp-ap_cr.png,predictions/probabilities/qata_test_sub-S09455_ses-E17339_run-1_bp-chest_vp-ap_cr.npy
qata_test_sub-S09455_ses-E18009_run-1_bp-chest_vp-ap_cr,sub-S09455,tripath_lesionnet,1003,0.9728407908430133,0.9471178198769413,2.0,0.718823816385641,predictions/masks/qata_test_sub-S09455_ses-E18009_run-1_bp-chest_vp-ap_cr.png,predictions/probabilities/qata_test_sub-S09455_ses-E18009_run-1_bp-chest_vp-ap_cr.npy
qata_test_sub-S09455_ses-E26736_run-1_bp-chest_vp-ap_cr,sub-S09455,tripath_lesionnet,1003,0.7048136514160386,0.5441793392823259,71.27406691402165,12.64903070181307,predictions/masks/qata_test_sub-S09455_ses-E26736_run-1_bp-chest_vp-ap_cr.png,predictions/probabilities/qata_test_sub-S09455_ses-E26736_run-1_bp-chest_vp-ap_cr.npy
qata_test_sub-S09458_ses-E16276_run-1_bp-chest_vp-ap_dx,sub-S09458,tripath_lesionnet,1003,0.18402699664377892,0.10133795839689451,120.31949718828353,51.91862716618425,predictions/masks/qata_test_sub-S09458_ses-E16276_run-1_bp-chest_vp-ap_dx.png,predictions/probabilities/qata_test_sub-S09458_ses-E16276_run-1_bp-chest_vp-ap_dx.npy
qata_test_sub-S09458_ses-E16368_run-1_bp-chest_vp-ap_dx,sub-S09458,tripath_lesionnet,1003,0.6667354732204898,0.5000774113717281,89.01741369174495,27.042895841421466,predictions/masks/qata_test_sub-S09458_ses-E16368_run-1_bp-chest_vp-ap_dx.png,predictions/probabilities/qata_test_sub-S09458_ses-E16368_run-1_bp-chest_vp-ap_dx.npy
qata_test_sub-S09458_ses-E16829_run-1_bp-chest_vp-ap_dx,sub-S09458,tripath_lesionnet,1003,0.9024616813753921,0.822259839189354,11.661903789690601,2.579944104336013,predictions/masks/qata_test_sub-S09458_ses-E16829_run-1_bp-chest_vp-ap_dx.png,predictions/probabilities/qata_test_sub-S09458_ses-E16829_run-1_bp-chest_vp-ap_dx.npy
qata_test_sub-S09458_ses-E17334_run-1_bp-chest_vp-ap_dx,sub-S09458,tripath_lesionnet,1003,0.9059239043192654,0.8280264123282755,10.0,2.4347988737740485,predictions/masks/qata_test_sub-S09458_ses-E17334_run-1_bp-chest_vp-ap_dx.png,predictions/probabilities/qata_test_sub-S09458_ses-E17334_run-1_bp-chest_vp-ap_dx.npy
qata_test_sub-S09458_ses-E17447_run-1_bp-chest_vp-ap_dx,sub-S09458,tripath_lesionnet,1003,0.8345035105331038,0.7160068846860271,16.401219466856727,3.746310250207361,predictions/masks/qata_test_sub-S09458_ses-E17447_run-1_bp-chest_vp-ap_dx.png,predictions/probabilities/qata_test_sub-S09458_ses-E17447_run-1_bp-chest_vp-ap_dx.npy
qata_test_sub-S09458_ses-E18180_run-1_bp-chest_vp-ap_dx,sub-S09458,tripath_lesionnet,1003,0.8274728885996143,0.7057174887974855,41.01584912829254,6.535523180974542,predictions/masks/qata_test_sub-S09458_ses-E18180_run-1_bp-chest_vp-ap_dx.png,predictions/probabilities/qata_test_sub-S09458_ses-E18180_run-1_bp-chest_vp-ap_dx.npy
qata_test_sub-S09458_ses-E18738_run-1_bp-chest_vp-ap_dx,sub-S09458,tripath_lesionnet,1003,0.7658185093473787,0.620507206721027,36.0,7.403943497543659,predictions/masks/qata_test_sub-S09458_ses-E18738_run-1_bp-chest_vp-ap_dx.png,predictions/probabilities/qata_test_sub-S09458_ses-E18738_run-1_bp-chest_vp-ap_dx.npy
qata_test_sub-S09458_ses-E19468_acq-1_run-1_bp-chest_vp-ap_dx,sub-S09458,tripath_lesionnet,1003,0.8953464742959694,0.8105224429797453,52.261226998265165,6.080541962785408,predictions/masks/qata_test_sub-S09458_ses-E19468_acq-1_run-1_bp-chest_vp-ap_dx.png,predictions/probabilities/qata_test_sub-S09458_ses-E19468_acq-1_run-1_bp-chest_vp-ap_dx.npy
qata_test_sub-S09458_ses-E19855_run-1_bp-chest_vp-ap_dx,sub-S09458,tripath_lesionnet,1003,0.9077765155436561,0.8311270801847366,10.014962686336265,2.1778831203311464,predictions/masks/qata_test_sub-S09458_ses-E19855_run-1_bp-chest_vp-ap_dx.png,predictions/probabilities/qata_test_sub-S09458_ses-E19855_run-1_bp-chest_vp-ap_dx.npy
qata_test_sub-S09458_ses-E20042_run-1_bp-chest_vp-ap_dx,sub-S09458,tripath_lesionnet,1003,0.887455197133625,0.797680412374393,9.129256831757385,2.9177314691562155,predictions/masks/qata_test_sub-S09458_ses-E20042_run-1_bp-chest_vp-ap_dx.png,predictions/probabilities/qata_test_sub-S09458_ses-E20042_run-1_bp-chest_vp-ap_dx.npy
qata_test_sub-S09458_ses-E20224_run-1_bp-chest_vp-ap_dx,sub-S09458,tripath_lesionnet,1003,0.7767346938821075,0.6349683016471482,17.88854381999832,4.470982799107716,predictions/masks/qata_test_sub-S09458_ses-E20224_run-1_bp-chest_vp-ap_dx.png,predictions/probabilities/qata_test_sub-S09458_ses-E20224_run-1_bp-chest_vp-ap_dx.npy
qata_test_sub-S09458_ses-E21702_run-1_bp-chest_vp-ap_dx,sub-S09458,tripath_lesionnet,1003,0.9185935697451041,0.8494434137305247,11.293703207261878,2.3683453269421184,predictions/masks/qata_test_sub-S09458_ses-E21702_run-1_bp-chest_vp-ap_dx.png,predictions/probabilities/qata_test_sub-S09458_ses-E21702_run-1_bp-chest_vp-ap_dx.npy
qata_test_sub-S09458_ses-E22358_run-1_bp-chest_vp-ap_dx,sub-S09458,tripath_lesionnet,1003,0.9228329809745551,0.8567222767489342,4.0,1.3805596371949884,predictions/masks/qata_test_sub-S09458_ses-E22358_run-1_bp-chest_vp-ap_dx.png,predictions/probabilities/qata_test_sub-S09458_ses-E22358_run-1_bp-chest_vp-ap_dx.npy
qata_test_sub-S09458_ses-E22645_run-1_bp-chest_vp-ap_dx,sub-S09458,tripath_lesionnet,1003,0.7560658247244082,0.607802116667391,34.08074623502099,7.115701053317493,predictions/masks/qata_test_sub-S09458_ses-E22645_run-1_bp-chest_vp-ap_dx.png,predictions/probabilities/qata_test_sub-S09458_ses-E22645_run-1_bp-chest_vp-ap_dx.npy
qata_test_sub-S09458_ses-E23122_run-1_bp-chest_vp-ap_dx,sub-S09458,tripath_lesionnet,1003,0.43795966786624063,0.28037667073874917,80.3031268292415,25.01865426377571,predictions/masks/qata_test_sub-S09458_ses-E23122_run-1_bp-chest_vp-ap_dx.png,predictions/probabilities/qata_test_sub-S09458_ses-E23122_run-1_bp-chest_vp-ap_dx.npy
qata_test_sub-S09458_ses-E26325_run-1_bp-chest_vp-ap_cr,sub-S09458,tripath_lesionnet,1003,0.38610154261815033,0.23923533780179596,100.18357866958054,44.52972165750104,predictions/masks/qata_test_sub-S09458_ses-E26325_run-1_bp-chest_vp-ap_cr.png,predictions/probabilities/qata_test_sub-S09458_ses-E26325_run-1_bp-chest_vp-ap_cr.npy
qata_test_sub-S09458_ses-E27160_run-1_bp-chest_vp-ap_dx,sub-S09458,tripath_lesionnet,1003,0.4320066335227195,0.2755156002498405,113.83449472549204,42.7863181107681,predictions/masks/qata_test_sub-S09458_ses-E27160_run-1_bp-chest_vp-ap_dx.png,predictions/probabilities/qata_test_sub-S09458_ses-E27160_run-1_bp-chest_vp-ap_dx.npy
qata_test_sub-S09459_ses-E16279_run-1_bp-chest_vp-ap_cr,sub-S09459,tripath_lesionnet,1003,0.7445091887103427,0.5930024991219921,17.18132192539521,7.2670920793423806,predictions/masks/qata_test_sub-S09459_ses-E16279_run-1_bp-chest_vp-ap_cr.png,predictions/probabilities/qata_test_sub-S09459_ses-E16279_run-1_bp-chest_vp-ap_cr.npy
qata_test_sub-S09459_ses-E22841_run-1_bp-chest_vp-pa_dx,sub-S09459,tripath_lesionnet,1003,0.487093153788603,0.3219584570235936,21.137403392234425,7.717876671083979,predictions/masks/qata_test_sub-S09459_ses-E22841_run-1_bp-chest_vp-pa_dx.png,predictions/probabilities/qata_test_sub-S09459_ses-E22841_run-1_bp-chest_vp-pa_dx.npy
qata_test_sub-S09461_ses-E20709_run-1_bp-chest_vp-ap_cr,sub-S09461,tripath_lesionnet,1003,0.6250929828957961,0.4546438232740371,44.20627573785302,9.348808111804097,predictions/masks/qata_test_sub-S09461_ses-E20709_run-1_bp-chest_vp-ap_cr.png,predictions/probabilities/qata_test_sub-S09461_ses-E20709_run-1_bp-chest_vp-ap_cr.npy
qata_test_sub-S09465_ses-E18212_run-1_bp-chest_vp-ap_dx,sub-S09465,tripath_lesionnet,1003,0.9752428366569029,0.9516818925914787,3.0,0.9565882515356113,predictions/masks/qata_test_sub-S09465_ses-E18212_run-1_bp-chest_vp-ap_dx.png,predictions/probabilities/qata_test_sub-S09465_ses-E18212_run-1_bp-chest_vp-ap_dx.npy
qata_test_sub-S09465_ses-E19875_run-1_bp-chest_vp-ap_dx,sub-S09465,tripath_lesionnet,1003,0.9721027735971509,0.945719813837025,4.123105625617661,1.3177572406301492,predictions/masks/qata_test_sub-S09465_ses-E19875_run-1_bp-chest_vp-ap_dx.png,predictions/probabilities/qata_test_sub-S09465_ses-E19875_run-1_bp-chest_vp-ap_dx.npy
qata_test_sub-S09465_ses-E23867_run-1_bp-chest_vp-ap_dx,sub-S09465,tripath_lesionnet,1003,0.9756565075714789,0.952470059880536,2.23606797749979,0.8222567321800028,predictions/masks/qata_test_sub-S09465_ses-E23867_run-1_bp-chest_vp-ap_dx.png,predictions/probabilities/qata_test_sub-S09465_ses-E23867_run-1_bp-chest_vp-ap_dx.npy
qata_test_sub-S09465_ses-E25441_run-1_bp-chest_vp-ap_cr,sub-S09465,tripath_lesionnet,1003,0.4131918120010163,0.2603917821662498,99.009089981731,24.38627764559127,predictions/masks/qata_test_sub-S09465_ses-E25441_run-1_bp-chest_vp-ap_cr.png,predictions/probabilities/qata_test_sub-S09465_ses-E25441_run-1_bp-chest_vp-ap_cr.npy
qata_test_sub-S09465_ses-E25868_run-1_bp-chest_vp-ap_dx,sub-S09465,tripath_lesionnet,1003,0.9752808988764606,0.9517543859651261,2.8284271247461903,1.0234731983252938,predictions/masks/qata_test_sub-S09465_ses-E25868_run-1_bp-chest_vp-ap_dx.png,predictions/probabilities/qata_test_sub-S09465_ses-E25868_run-1_bp-chest_vp-ap_dx.npy
qata_test_sub-S09465_ses-E26340_run-1_bp-chest_vp-ap_dx,sub-S09465,tripath_lesionnet,1003,0.9428091089715946,0.8918059330371144,11.300371637836193,2.3699113344395575,predictions/masks/qata_test_sub-S09465_ses-E26340_run-1_bp-chest_vp-ap_dx.png,predictions/probabilities/qata_test_sub-S09465_ses-E26340_run-1_bp-chest_vp-ap_dx.npy
qata_test_sub-S09466_ses-E16293_run-1_bp-chest_vp-pa_dx,sub-S09466,tripath_lesionnet,1003,0.3502074689335927,0.21227364193035478,122.3586884078008,37.654409933007834,predictions/masks/qata_test_sub-S09466_ses-E16293_run-1_bp-chest_vp-pa_dx.png,predictions/probabilities/qata_test_sub-S09466_ses-E16293_run-1_bp-chest_vp-pa_dx.npy
qata_test_sub-S09466_ses-E17059_run-1_bp-chest_vp-pa_dx,sub-S09466,tripath_lesionnet,1003,0.5882352941487001,0.41666666672898867,13.682579883757278,4.796494923842243,predictions/masks/qata_test_sub-S09466_ses-E17059_run-1_bp-chest_vp-pa_dx.png,predictions/probabilities/qata_test_sub-S09466_ses-E17059_run-1_bp-chest_vp-pa_dx.npy
qata_test_sub-S09466_ses-E18114_run-1_bp-chest_vp-ap_dx,sub-S09466,tripath_lesionnet,1003,0.3891857906510788,0.24160811868690055,39.91201617794097,12.427513912600597,predictions/masks/qata_test_sub-S09466_ses-E18114_run-1_bp-chest_vp-ap_dx.png,predictions/probabilities/qata_test_sub-S09466_ses-E18114_run-1_bp-chest_vp-ap_dx.npy
qata_test_sub-S09467_ses-E20862_run-1_bp-chest_vp-ap_cr,sub-S09467,tripath_lesionnet,1003,0.9044144923963842,0.8255079006811398,6.883281572999721,1.62157485697899,predictions/masks/qata_test_sub-S09467_ses-E20862_run-1_bp-chest_vp-ap_cr.png,predictions/probabilities/qata_test_sub-S09467_ses-E20862_run-1_bp-chest_vp-ap_cr.npy
qata_test_sub-S09467_ses-E21865_run-1_bp-chest_vp-ap_dx,sub-S09467,tripath_lesionnet,1003,0.6332378223758425,0.4633123690290029,20.697181710796364,4.752912893854572,predictions/masks/qata_test_sub-S09467_ses-E21865_run-1_bp-chest_vp-ap_dx.png,predictions/probabilities/qata_test_sub-S09467_ses-E21865_run-1_bp-chest_vp-ap_dx.npy
qata_test_sub-S09467_ses-E22682_run-1_bp-chest_vp-ap_dx,sub-S09467,tripath_lesionnet,1003,0.5265588915096353,0.35736677126060085,11.96565642097195,4.495074623309561,predictions/masks/qata_test_sub-S09467_ses-E22682_run-1_bp-chest_vp-ap_dx.png,predictions/probabilities/qata_test_sub-S09467_ses-E22682_run-1_bp-chest_vp-ap_dx.npy
qata_test_sub-S09467_ses-E23192_run-1_bp-chest_vp-pa_dx,sub-S09467,tripath_lesionnet,1003,0.45723421267328257,0.29637305706773337,19.19626079553278,7.979937296129048,predictions/masks/qata_test_sub-S09467_ses-E23192_run-1_bp-chest_vp-pa_dx.png,predictions/probabilities/qata_test_sub-S09467_ses-E23192_run-1_bp-chest_vp-pa_dx.npy
qata_test_sub-S09468_ses-E19517_run-1_bp-chest_vp-ap_dx,sub-S09468,tripath_lesionnet,1003,0.718439173690955,0.5605970149516061,92.10318955186389,17.569009312327392,predictions/masks/qata_test_sub-S09468_ses-E19517_run-1_bp-chest_vp-ap_dx.png,predictions/probabilities/qata_test_sub-S09468_ses-E19517_run-1_bp-chest_vp-ap_dx.npy
qata_test_sub-S09468_ses-E19729_run-1_bp-chest_vp-ap_dx,sub-S09468,tripath_lesionnet,1003,0.9782197911487905,0.9573681136854452,2.0,0.5997445456063956,predictions/masks/qata_test_sub-S09468_ses-E19729_run-1_bp-chest_vp-ap_dx.png,predictions/probabilities/qata_test_sub-S09468_ses-E19729_run-1_bp-chest_vp-ap_dx.npy
qata_test_sub-S09468_ses-E19891_run-1_bp-chest_vp-pa_cr,sub-S09468,tripath_lesionnet,1003,0.3789459604107882,0.2337651621484135,55.98927163081815,14.120608299216052,predictions/masks/qata_test_sub-S09468_ses-E19891_run-1_bp-chest_vp-pa_cr.png,predictions/probabilities/qata_test_sub-S09468_ses-E19891_run-1_bp-chest_vp-pa_cr.npy
qata_test_sub-S09468_ses-E21004_acq-2_run-1_bp-chest_vp-ap_dx,sub-S09468,tripath_lesionnet,1003,0.9673292999137107,0.9367258118518854,16.278820596099706,1.9357491378558933,predictions/masks/qata_test_sub-S09468_ses-E21004_acq-2_run-1_bp-chest_vp-ap_dx.png,predictions/probabilities/qata_test_sub-S09468_ses-E21004_acq-2_run-1_bp-chest_vp-ap_dx.npy
qata_test_sub-S09468_ses-E21230_run-1_bp-chest_vp-ap_dx,sub-S09468,tripath_lesionnet,1003,0.24151583712552274,0.137343197197255,106.38557112997054,32.147876432274856,predictions/masks/qata_test_sub-S09468_ses-E21230_run-1_bp-chest_vp-ap_dx.png,predictions/probabilities/qata_test_sub-S09468_ses-E21230_run-1_bp-chest_vp-ap_dx.npy
qata_test_sub-S09469_ses-E16297_run-1_bp-chest_vp-pa_cr,sub-S09469,tripath_lesionnet,1003,0.813634679517835,0.6858213616685933,84.98406964459598,11.00931839074313,predictions/masks/qata_test_sub-S09469_ses-E16297_run-1_bp-chest_vp-pa_cr.png,predictions/probabilities/qata_test_sub-S09469_ses-E16297_run-1_bp-chest_vp-pa_cr.npy
qata_test_sub-S09469_ses-E18246_run-1_bp-chest_vp-ap_dx,sub-S09469,tripath_lesionnet,1003,0.9200058283561124,0.8518618456596907,77.00649323271382,7.381179913404789,predictions/masks/qata_test_sub-S09469_ses-E18246_run-1_bp-chest_vp-ap_dx.png,predictions/probabilities/qata_test_sub-S09469_ses-E18246_run-1_bp-chest_vp-ap_dx.npy
qata_test_sub-S09469_ses-E19259_run-1_bp-chest_vp-ap_dx,sub-S09469,tripath_lesionnet,1003,0.9513910894229585,0.9072887707009876,5.0,1.4519721145720292,predictions/masks/qata_test_sub-S09469_ses-E19259_run-1_bp-chest_vp-ap_dx.png,predictions/probabilities/qata_test_sub-S09469_ses-E19259_run-1_bp-chest_vp-ap_dx.npy
qata_test_sub-S09469_ses-E19886_run-1_bp-chest_vp-ap_dx,sub-S09469,tripath_lesionnet,1003,0.7550405562049817,0.6064780342663263,29.076617084940988,5.6308210093978195,predictions/masks/qata_test_sub-S09469_ses-E19886_run-1_bp-chest_vp-ap_dx.png,predictions/probabilities/qata_test_sub-S09469_ses-E19886_run-1_bp-chest_vp-ap_dx.npy
qata_test_sub-S09469_ses-E20490_run-1_bp-chest_vp-ap_cr,sub-S09469,tripath_lesionnet,1003,0.6497901719283905,0.481251253268874,79.29223165817086,13.19969233678997,predictions/masks/qata_test_sub-S09469_ses-E20490_run-1_bp-chest_vp-ap_cr.png,predictions/probabilities/qata_test_sub-S09469_ses-E20490_run-1_bp-chest_vp-ap_cr.npy
qata_test_sub-S09469_ses-E23439_run-1_bp-chest_vp-ap_dx,sub-S09469,tripath_lesionnet,1003,0.914384653939425,0.8422731469836122,12.072683124894002,2.493903750634374,predictions/masks/qata_test_sub-S09469_ses-E23439_run-1_bp-chest_vp-ap_dx.png,predictions/probabilities/qata_test_sub-S09469_ses-E23439_run-1_bp-chest_vp-ap_dx.npy
qata_test_sub-S09469_ses-E23896_acq-1_run-1_bp-chest_vp-ap_dx,sub-S09469,tripath_lesionnet,1003,0.9534562431520487,0.9110524399134099,6.227838204321321,1.2477612790367199,predictions/masks/qata_test_sub-S09469_ses-E23896_acq-1_run-1_bp-chest_vp-ap_dx.png,predictions/probabilities/qata_test_sub-S09469_ses-E23896_acq-1_run-1_bp-chest_vp-ap_dx.npy
qata_test_sub-S09469_ses-E23896_acq-2_run-1_bp-chest_vp-ap_dx,sub-S09469,tripath_lesionnet,1003,0.9558228712509543,0.9153838414335911,5.0,1.1501373188920945,predictions/masks/qata_test_sub-S09469_ses-E23896_acq-2_run-1_bp-chest_vp-ap_dx.png,predictions/probabilities/qata_test_sub-S09469_ses-E23896_acq-2_run-1_bp-chest_vp-ap_dx.npy
qata_test_sub-S09469_ses-E24596_run-1_bp-chest_cr,sub-S09469,tripath_lesionnet,1003,0.9456812691782148,0.8969595640603322,12.107747902022375,1.996004216573368,predictions/masks/qata_test_sub-S09469_ses-E24596_run-1_bp-chest_cr.png,predictions/probabilities/qata_test_sub-S09469_ses-E24596_run-1_bp-chest_cr.npy
qata_test_sub-S09469_ses-E25913_run-1_bp-chest_vp-ap_dx,sub-S09469,tripath_lesionnet,1003,0.7575412635187391,0.6097114063251514,22.1596245126772,4.688722242297042,predictions/masks/qata_test_sub-S09469_ses-E25913_run-1_bp-chest_vp-ap_dx.png,predictions/probabilities/qata_test_sub-S09469_ses-E25913_run-1_bp-chest_vp-ap_dx.npy
qata_test_sub-S09469_ses-E26366_run-1_bp-chest_vp-ap_dx,sub-S09469,tripath_lesionnet,1003,0.9523809523811679,0.9090909090916947,4.0,1.5387607486665114,predictions/masks/qata_test_sub-S09469_ses-E26366_run-1_bp-chest_vp-ap_dx.png,predictions/probabilities/qata_test_sub-S09469_ses-E26366_run-1_bp-chest_vp-ap_dx.npy
qata_test_sub-S09471_ses-E16301_run-1_bp-chest_vp-ap_cr,sub-S09471,tripath_lesionnet,1003,0.805219605353112,0.6739477890424109,6.4031242374328485,2.5805919654898206,predictions/masks/qata_test_sub-S09471_ses-E16301_run-1_bp-chest_vp-ap_cr.png,predictions/probabilities/qata_test_sub-S09471_ses-E16301_run-1_bp-chest_vp-ap_cr.npy
qata_test_sub-S09471_ses-E23208_run-1_bp-chest_vp-ap_cr,sub-S09471,tripath_lesionnet,1003,0.8207498716019325,0.6959930313721259,74.06493075000505,12.568360081334932,predictions/masks/qata_test_sub-S09471_ses-E23208_run-1_bp-chest_vp-ap_cr.png,predictions/probabilities/qata_test_sub-S09471_ses-E23208_run-1_bp-chest_vp-ap_cr.npy
qata_test_sub-S09471_ses-E27037_run-1_bp-chest_vp-ap_cr,sub-S09471,tripath_lesionnet,1003,0.771084337358591,0.6274509804165064,6.708203932499369,2.62143301620353,predictions/masks/qata_test_sub-S09471_ses-E27037_run-1_bp-chest_vp-ap_cr.png,predictions/probabilities/qata_test_sub-S09471_ses-E27037_run-1_bp-chest_vp-ap_cr.npy
qata_test_sub-S09472_ses-E22444_run-1_bp-chest_vp-ap_dx,sub-S09472,tripath_lesionnet,1003,0.78089552239242,0.6405484818922447,20.610665948118044,4.944353399109413,predictions/masks/qata_test_sub-S09472_ses-E22444_run-1_bp-chest_vp-ap_dx.png,predictions/probabilities/qata_test_sub-S09472_ses-E22444_run-1_bp-chest_vp-ap_dx.npy
qata_test_sub-S09472_ses-E23463_run-1_bp-chest_vp-ap_dx,sub-S09472,tripath_lesionnet,1003,0.8790367743151107,0.7841798501284899,19.101039395337683,3.188043168847642,predictions/masks/qata_test_sub-S09472_ses-E23463_run-1_bp-chest_vp-ap_dx.png,predictions/probabilities/qata_test_sub-S09472_ses-E23463_run-1_bp-chest_vp-ap_dx.npy
qata_test_sub-S09474_ses-E18830_run-1_bp-chest_vp-ap_cr,sub-S09474,tripath_lesionnet,1003,0.7802690583156708,0.6397058824059256,6.522499389946272,2.200538146435309,predictions/masks/qata_test_sub-S09474_ses-E18830_run-1_bp-chest_vp-ap_cr.png,predictions/probabilities/qata_test_sub-S09474_ses-E18830_run-1_bp-chest_vp-ap_cr.npy
qata_test_sub-S09474_ses-E20874_run-1_bp-chest_vp-ap_cr,sub-S09474,tripath_lesionnet,1003,0.8996877969336271,0.8176659264787154,5.656854249492381,1.9081504947215975,predictions/masks/qata_test_sub-S09474_ses-E20874_run-1_bp-chest_vp-ap_cr.png,predictions/probabilities/qata_test_sub-S09474_ses-E20874_run-1_bp-chest_vp-ap_cr.npy
qata_test_sub-S09474_ses-E21416_run-1_bp-chest_vp-pa_dx,sub-S09474,tripath_lesionnet,1003,0.5329450309598491,0.3632754342747754,28.427416997969473,6.647787686561746,predictions/masks/qata_test_sub-S09474_ses-E21416_run-1_bp-chest_vp-pa_dx.png,predictions/probabilities/qata_test_sub-S09474_ses-E21416_run-1_bp-chest_vp-pa_dx.npy
qata_test_sub-S09475_ses-E18285_run-1_bp-chest_vp-ap_dx,sub-S09475,tripath_lesionnet,1003,0.9753754484101941,0.9519344884885836,2.0,0.5815386696823917,predictions/masks/qata_test_sub-S09475_ses-E18285_run-1_bp-chest_vp-ap_dx.png,predictions/probabilities/qata_test_sub-S09475_ses-E18285_run-1_bp-chest_vp-ap_dx.npy
qata_test_sub-S09475_ses-E19304_run-1_bp-chest_vp-ap_dx,sub-S09475,tripath_lesionnet,1003,0.9777987718470698,0.956561922366435,2.0,0.5698341077348154,predictions/masks/qata_test_sub-S09475_ses-E19304_run-1_bp-chest_vp-ap_dx.png,predictions/probabilities/qata_test_sub-S09475_ses-E19304_run-1_bp-chest_vp-ap_dx.npy
qata_test_sub-S09475_ses-E19914_run-1_bp-chest_vp-ap_dx,sub-S09475,tripath_lesionnet,1003,0.925164197708782,0.8607493309557471,12.701744044572443,2.466254083742381,predictions/masks/qata_test_sub-S09475_ses-E19914_run-1_bp-chest_vp-ap_dx.png,predictions/probabilities/qata_test_sub-S09475_ses-E19914_run-1_bp-chest_vp-ap_dx.npy
qata_test_sub-S09475_ses-E24600_run-1_bp-chest_cr,sub-S09475,tripath_lesionnet,1003,0.9732731037080121,0.9479376718611555,2.23606797749979,0.738720432855022,predictions/masks/qata_test_sub-S09475_ses-E24600_run-1_bp-chest_cr.png,predictions/probabilities/qata_test_sub-S09475_ses-E24600_run-1_bp-chest_cr.npy
qata_test_sub-S09475_ses-E24606_run-1_bp-chest_vp-pa_cr,sub-S09475,tripath_lesionnet,1003,0.897847500912697,0.8146309169169741,16.752549151390554,2.627671058758595,predictions/masks/qata_test_sub-S09475_ses-E24606_run-1_bp-chest_vp-pa_cr.png,predictions/probabilities/qata_test_sub-S09475_ses-E24606_run-1_bp-chest_vp-pa_cr.npy
qata_test_sub-S09475_ses-E25949_run-1_bp-chest_vp-ap_dx,sub-S09475,tripath_lesionnet,1003,0.9350020744023302,0.877937930140528,7.810249675906654,1.5174702421720871,predictions/masks/qata_test_sub-S09475_ses-E25949_run-1_bp-chest_vp-ap_dx.png,predictions/probabilities/qata_test_sub-S09475_ses-E25949_run-1_bp-chest_vp-ap_dx.npy
qata_test_sub-S09476_ses-E16307_run-1_bp-chest_vp-ap_cr,sub-S09476,tripath_lesionnet,1003,0.6496526300914554,0.4811003780033368,75.97362388445812,15.47221534666069,predictions/masks/qata_test_sub-S09476_ses-E16307_run-1_bp-chest_vp-ap_cr.png,predictions/probabilities/qata_test_sub-S09476_ses-E16307_run-1_bp-chest_vp-ap_cr.npy
qata_test_sub-S09477_ses-E16308_run-1_bp-chest_vp-ap_dx,sub-S09477,tripath_lesionnet,1003,0.8562378665591475,0.7486153296453705,13.435015956036224,2.881976724049776,predictions/masks/qata_test_sub-S09477_ses-E16308_run-1_bp-chest_vp-ap_dx.png,predictions/probabilities/qata_test_sub-S09477_ses-E16308_run-1_bp-chest_vp-ap_dx.npy
qata_test_sub-S09478_ses-E18281_run-1_bp-chest_cr,sub-S09478,tripath_lesionnet,1003,0.8123754086610926,0.6840338391340938,15.556349186104045,2.889773074866546,predictions/masks/qata_test_sub-S09478_ses-E18281_run-1_bp-chest_cr.png,predictions/probabilities/qata_test_sub-S09478_ses-E18281_run-1_bp-chest_cr.npy
qata_test_sub-S09478_ses-E19299_run-1_bp-chest_vp-ap_dx,sub-S09478,tripath_lesionnet,1003,0.9184740295860474,0.8492389963009206,8.564416277921309,1.7956629131714519,predictions/masks/qata_test_sub-S09478_ses-E19299_run-1_bp-chest_vp-ap_dx.png,predictions/probabilities/qata_test_sub-S09478_ses-E19299_run-1_bp-chest_vp-ap_dx.npy
qata_test_sub-S09478_ses-E19756_run-1_bp-chest_vp-ap_dx,sub-S09478,tripath_lesionnet,1003,0.9045921576870498,0.8258039816299463,4.47213595499958,1.301425170808239,predictions/masks/qata_test_sub-S09478_ses-E19756_run-1_bp-chest_vp-ap_dx.png,predictions/probabilities/qata_test_sub-S09478_ses-E19756_run-1_bp-chest_vp-ap_dx.npy
qata_test_sub-S09478_ses-E19911_run-1_bp-chest_vp-ap_dx,sub-S09478,tripath_lesionnet,1003,0.5818740399449789,0.41031195841832085,42.976681447183964,8.80938107469726,predictions/masks/qata_test_sub-S09478_ses-E19911_run-1_bp-chest_vp-ap_dx.png,predictions/probabilities/qata_test_sub-S09478_ses-E19911_run-1_bp-chest_vp-ap_dx.npy
qata_test_sub-S09478_ses-E20530_run-1_bp-chest_vp-ap_cr,sub-S09478,tripath_lesionnet,1003,0.8876594783799518,0.7980105562363375,41.417373876251744,8.201470791122095,predictions/masks/qata_test_sub-S09478_ses-E20530_run-1_bp-chest_vp-ap_cr.png,predictions/probabilities/qata_test_sub-S09478_ses-E20530_run-1_bp-chest_vp-ap_cr.npy
qata_test_sub-S09478_ses-E23491_run-1_bp-chest_vp-pa_cr,sub-S09478,tripath_lesionnet,1003,0.5707154742453647,0.3993015134575901,66.3058715119202,13.284084154050817,predictions/masks/qata_test_sub-S09478_ses-E23491_run-1_bp-chest_vp-pa_cr.png,predictions/probabilities/qata_test_sub-S09478_ses-E23491_run-1_bp-chest_vp-pa_cr.npy
qata_test_sub-S09478_ses-E25948_run-1_bp-chest_vp-ap_dx,sub-S09478,tripath_lesionnet,1003,0.48533109808287234,0.3204205866264411,39.25363718034873,11.333954239030982,predictions/masks/qata_test_sub-S09478_ses-E25948_run-1_bp-chest_vp-ap_dx.png,predictions/probabilities/qata_test_sub-S09478_ses-E25948_run-1_bp-chest_vp-ap_dx.npy
qata_test_sub-S09481_ses-E16313_run-1_bp-chest_vp-ap_cr,sub-S09481,tripath_lesionnet,1003,0.08816210454716808,0.046113796986012874,139.0952884663507,64.09734467426304,predictions/masks/qata_test_sub-S09481_ses-E16313_run-1_bp-chest_vp-ap_cr.png,predictions/probabilities/qata_test_sub-S09481_ses-E16313_run-1_bp-chest_vp-ap_cr.npy
qata_test_sub-S09481_ses-E16761_run-1_bp-chest_vp-ap_cr,sub-S09481,tripath_lesionnet,1003,0.693101575247523,0.5303408146691321,15.69685493142474,4.217542281294329,predictions/masks/qata_test_sub-S09481_ses-E16761_run-1_bp-chest_vp-ap_cr.png,predictions/probabilities/qata_test_sub-S09481_ses-E16761_run-1_bp-chest_vp-ap_cr.npy
qata_test_sub-S09481_ses-E20350_run-1_bp-chest_vp-ap_cr,sub-S09481,tripath_lesionnet,1003,0.8693528693568574,0.7688984881334289,8.06225774829855,1.733253755320618,predictions/masks/qata_test_sub-S09481_ses-E20350_run-1_bp-chest_vp-ap_cr.png,predictions/probabilities/qata_test_sub-S09481_ses-E20350_run-1_bp-chest_vp-ap_cr.npy
qata_test_sub-S09483_ses-E24820_acq-1_run-1_bp-chest_vp-ll_dx,sub-S09483,tripath_lesionnet,1003,0.7713625866094811,0.6278195488838403,17.21969208771334,3.9213153754804733,predictions/masks/qata_test_sub-S09483_ses-E24820_acq-1_run-1_bp-chest_vp-ll_dx.png,predictions/probabilities/qata_test_sub-S09483_ses-E24820_acq-1_run-1_bp-chest_vp-ll_dx.npy
qata_test_sub-S09484_ses-E21303_run-1_bp-chest_vp-pa_cr,sub-S09484,tripath_lesionnet,1003,0.8655810102162412,0.7630170316417024,8.48528137423857,2.851882664114001,predictions/masks/qata_test_sub-S09484_ses-E21303_run-1_bp-chest_vp-pa_cr.png,predictions/probabilities/qata_test_sub-S09484_ses-E21303_run-1_bp-chest_vp-pa_cr.npy
qata_test_sub-S09485_ses-E16317_run-1_bp-chest_vp-pa_dx,sub-S09485,tripath_lesionnet,1003,0.30847457638839415,0.1823647296227726,155.36886920076057,46.829713452820236,predictions/masks/qata_test_sub-S09485_ses-E16317_run-1_bp-chest_vp-pa_dx.png,predictions/probabilities/qata_test_sub-S09485_ses-E16317_run-1_bp-chest_vp-pa_dx.npy
qata_test_sub-S09485_ses-E23553_run-1_bp-chest_vp-ap_dx,sub-S09485,tripath_lesionnet,1003,0.9666456891128243,0.9354445797814104,2.8284271247461903,0.8701478150500862,predictions/masks/qata_test_sub-S09485_ses-E23553_run-1_bp-chest_vp-ap_dx.png,predictions/probabilities/qata_test_sub-S09485_ses-E23553_run-1_bp-chest_vp-ap_dx.npy
qata_test_sub-S09485_ses-E25698_run-1_bp-chest_vp-ap_cr,sub-S09485,tripath_lesionnet,1003,0.9609429165705977,0.9248220640577756,5.064362683835297,1.0159552461017214,predictions/masks/qata_test_sub-S09485_ses-E25698_run-1_bp-chest_vp-ap_cr.png,predictions/probabilities/qata_test_sub-S09485_ses-E25698_run-1_bp-chest_vp-ap_cr.npy
qata_test_sub-S09490_ses-E16322_run-1_bp-chest_vp-pa_cr,sub-S09490,tripath_lesionnet,1003,0.8670150987262771,0.7652485904784598,8.413560337337593,4.0905925968839325,predictions/masks/qata_test_sub-S09490_ses-E16322_run-1_bp-chest_vp-pa_cr.png,predictions/probabilities/qata_test_sub-S09490_ses-E16322_run-1_bp-chest_vp-pa_cr.npy
qata_test_sub-S09490_ses-E18365_run-1_bp-chest_vp-ap_dx,sub-S09490,tripath_lesionnet,1003,0.8802888086651243,0.7861748774853472,19.115154991764193,3.8358961969877345,predictions/masks/qata_test_sub-S09490_ses-E18365_run-1_bp-chest_vp-ap_dx.png,predictions/probabilities/qata_test_sub-S09490_ses-E18365_run-1_bp-chest_vp-ap_dx.npy
qata_test_sub-S09490_ses-E19381_run-1_bp-chest_vp-pa_cr,sub-S09490,tripath_lesionnet,1003,0.8283333333357176,0.7069701280297067,25.85281434730932,4.831384630616571,predictions/masks/qata_test_sub-S09490_ses-E19381_run-1_bp-chest_vp-pa_cr.png,predictions/probabilities/qata_test_sub-S09490_ses-E19381_run-1_bp-chest_vp-pa_cr.npy
qata_test_sub-S09490_ses-E19975_run-1_bp-chest_vp-ap_dx,sub-S09490,tripath_lesionnet,1003,0.9694979776351678,0.9408016254161359,2.8284271247461903,0.818649103599991,predictions/masks/qata_test_sub-S09490_ses-E19975_run-1_bp-chest_vp-ap_dx.png,predictions/probabilities/qata_test_sub-S09490_ses-E19975_run-1_bp-chest_vp-ap_dx.npy
qata_test_sub-S09490_ses-E20616_run-1_bp-chest_vp-ap_dx,sub-S09490,tripath_lesionnet,1003,0.8828717313949955,0.7903047091441786,21.56716249269763,5.002348548359088,predictions/masks/qata_test_sub-S09490_ses-E20616_run-1_bp-chest_vp-ap_dx.png,predictions/probabilities/qata_test_sub-S09490_ses-E20616_run-1_bp-chest_vp-ap_dx.npy
qata_test_sub-S09492_ses-E18359_run-1_bp-chest_vp-ap_dx,sub-S09492,tripath_lesionnet,1003,0.7412922095256237,0.5889311364770203,15.016648189186455,4.656934469606413,predictions/masks/qata_test_sub-S09492_ses-E18359_run-1_bp-chest_vp-ap_dx.png,predictions/probabilities/qata_test_sub-S09492_ses-E18359_run-1_bp-chest_vp-ap_dx.npy
qata_test_sub-S09492_ses-E19799_run-1_bp-chest_vp-ap_dx,sub-S09492,tripath_lesionnet,1003,0.546024285172502,0.37553879313709376,122.75645144679194,34.47565569655958,predictions/masks/qata_test_sub-S09492_ses-E19799_run-1_bp-chest_vp-ap_dx.png,predictions/probabilities/qata_test_sub-S09492_ses-E19799_run-1_bp-chest_vp-ap_dx.npy
qata_test_sub-S09492_ses-E19961_run-1_bp-chest_vp-ap_dx,sub-S09492,tripath_lesionnet,1003,0.6813890762022692,0.5167476348883471,16.0,4.820804939175341,predictions/masks/qata_test_sub-S09492_ses-E19961_run-1_bp-chest_vp-ap_dx.png,predictions/probabilities/qata_test_sub-S09492_ses-E19961_run-1_bp-chest_vp-ap_dx.npy
qata_test_sub-S09492_ses-E20611_run-1_bp-chest_vp-ap_dx,sub-S09492,tripath_lesionnet,1003,0.6470243902507897,0.4782232477796879,114.23742134742936,28.52138074309745,predictions/masks/qata_test_sub-S09492_ses-E20611_run-1_bp-chest_vp-ap_dx.png,predictions/probabilities/qata_test_sub-S09492_ses-E20611_run-1_bp-chest_vp-ap_dx.npy
qata_test_sub-S09492_ses-E21091_run-1_bp-chest_vp-ap_dx,sub-S09492,tripath_lesionnet,1003,0.4966210362242831,0.33033656064245426,42.42640687119285,10.508224890363831,predictions/masks/qata_test_sub-S09492_ses-E21091_run-1_bp-chest_vp-ap_dx.png,predictions/probabilities/qata_test_sub-S09492_ses-E21091_run-1_bp-chest_vp-ap_dx.npy
qata_test_sub-S09492_ses-E21310_run-1_bp-chest_vp-ap_dx,sub-S09492,tripath_lesionnet,1003,0.7068424356743979,0.5466019417915919,120.7289071391241,28.686739634794893,predictions/masks/qata_test_sub-S09492_ses-E21310_run-1_bp-chest_vp-ap_dx.png,predictions/probabilities/qata_test_sub-S09492_ses-E21310_run-1_bp-chest_vp-ap_dx.npy
qata_test_sub-S09492_ses-E22550_run-1_bp-chest_vp-ap_dx,sub-S09492,tripath_lesionnet,1003,0.363283775089639,0.2219589258118516,137.15025258121773,43.30658421906769,predictions/masks/qata_test_sub-S09492_ses-E22550_run-1_bp-chest_vp-ap_dx.png,predictions/probabilities/qata_test_sub-S09492_ses-E22550_run-1_bp-chest_vp-ap_dx.npy
qata_test_sub-S09492_ses-E23563_run-1_bp-chest_vp-pa_cr,sub-S09492,tripath_lesionnet,1003,0.8624754420567313,0.7582037996963379,116.72617529928752,17.50460528296579,predictions/masks/qata_test_sub-S09492_ses-E23563_run-1_bp-chest_vp-pa_cr.png,predictions/probabilities/qata_test_sub-S09492_ses-E23563_run-1_bp-chest_vp-pa_cr.npy
qata_test_sub-S09493_ses-E16325_run-1_bp-chest_vp-pa_dx,sub-S09493,tripath_lesionnet,1003,0.7950641180756911,0.6598393574342726,30.53542702416348,5.2336707549501975,predictions/masks/qata_test_sub-S09493_ses-E16325_run-1_bp-chest_vp-pa_dx.png,predictions/probabilities/qata_test_sub-S09493_ses-E16325_run-1_bp-chest_vp-pa_dx.npy
qata_test_sub-S09495_ses-E16327_acq-1_run-1_bp-chest_vp-ap_dx,sub-S09495,tripath_lesionnet,1003,0.6871466910313073,0.5233994432887665,54.59532331635147,11.645188033202407,predictions/masks/qata_test_sub-S09495_ses-E16327_acq-1_run-1_bp-chest_vp-ap_dx.png,predictions/probabilities/qata_test_sub-S09495_ses-E16327_acq-1_run-1_bp-chest_vp-ap_dx.npy
qata_test_sub-S09495_ses-E16327_run-2_bp-chest_vp-ap_dx,sub-S09495,tripath_lesionnet,1003,0.3892739876069085,0.24167610420743657,55.175174306004955,14.192009673014109,predictions/masks/qata_test_sub-S09495_ses-E16327_run-2_bp-chest_vp-ap_dx.png,predictions/probabilities/qata_test_sub-S09495_ses-E16327_run-2_bp-chest_vp-ap_dx.npy
qata_test_sub-S09495_ses-E16416_acq-2_run-1_bp-chest_vp-ap_dx,sub-S09495,tripath_lesionnet,1003,0.8055119483707874,0.6743574766402693,11.40175425099138,3.2977485487389693,predictions/masks/qata_test_sub-S09495_ses-E16416_acq-2_run-1_bp-chest_vp-ap_dx.png,predictions/probabilities/qata_test_sub-S09495_ses-E16416_acq-2_run-1_bp-chest_vp-ap_dx.npy
qata_test_sub-S09495_ses-E17395_run-1_bp-chest_vp-pa_dx,sub-S09495,tripath_lesionnet,1003,0.9208329141945395,0.8532811334852111,6.300376041332872,1.7069501547791708,predictions/masks/qata_test_sub-S09495_ses-E17395_run-1_bp-chest_vp-pa_dx.png,predictions/probabilities/qata_test_sub-S09495_ses-E17395_run-1_bp-chest_vp-pa_dx.npy
qata_test_sub-S09495_ses-E17454_run-2_bp-chest_vp-ap_dx,sub-S09495,tripath_lesionnet,1003,0.7928497866721138,0.6567946374203925,19.428007582219635,4.63132339343488,predictions/masks/qata_test_sub-S09495_ses-E17454_run-2_bp-chest_vp-ap_dx.png,predictions/probabilities/qata_test_sub-S09495_ses-E17454_run-2_bp-chest_vp-ap_dx.npy
qata_test_sub-S09495_ses-E17458_acq-2_run-1_bp-chest_vp-ap_dx,sub-S09495,tripath_lesionnet,1003,0.934745079986565,0.8774848746772095,6.324555320336758,1.745291069906107,predictions/masks/qata_test_sub-S09495_ses-E17458_acq-2_run-1_bp-chest_vp-ap_dx.png,predictions/probabilities/qata_test_sub-S09495_ses-E17458_acq-2_run-1_bp-chest_vp-ap_dx.npy
qata_test_sub-S09495_ses-E17786_acq-2_run-1_bp-chest_vp-ap_dx,sub-S09495,tripath_lesionnet,1003,0.4261583759536172,0.27077589602923613,82.72331473319672,21.10114146040826,predictions/masks/qata_test_sub-S09495_ses-E17786_acq-2_run-1_bp-chest_vp-ap_dx.png,predictions/probabilities/qata_test_sub-S09495_ses-E17786_acq-2_run-1_bp-chest_vp-ap_dx.npy
qata_test_sub-S09495_ses-E17935_acq-1_run-1_bp-chest_vp-ap_dx,sub-S09495,tripath_lesionnet,1003,0.8890905209228807,0.8003267031824702,13.579293539486171,3.083669644073105,predictions/masks/qata_test_sub-S09495_ses-E17935_acq-1_run-1_bp-chest_vp-ap_dx.png,predictions/probabilities/qata_test_sub-S09495_ses-E17935_acq-1_run-1_bp-chest_vp-ap_dx.npy
qata_test_sub-S09495_ses-E17987_acq-1_run-1_bp-chest_vp-ap_dx,sub-S09495,tripath_lesionnet,1003,0.8200836820094752,0.6950354609960884,20.096012899854735,6.086324022480732,predictions/masks/qata_test_sub-S09495_ses-E17987_acq-1_run-1_bp-chest_vp-ap_dx.png,predictions/probabilities/qata_test_sub-S09495_ses-E17987_acq-1_run-1_bp-chest_vp-ap_dx.npy
qata_test_sub-S09495_ses-E26654_acq-3_run-1_bp-chest_vp-ap_dx,sub-S09495,tripath_lesionnet,1003,0.6542625880392396,0.4861740353109969,51.305940988530566,11.975767370853365,predictions/masks/qata_test_sub-S09495_ses-E26654_acq-3_run-1_bp-chest_vp-ap_dx.png,predictions/probabilities/qata_test_sub-S09495_ses-E26654_acq-3_run-1_bp-chest_vp-ap_dx.npy
qata_test_sub-S09495_ses-E26779_acq-1_run-1_bp-chest_vp-ap_dx,sub-S09495,tripath_lesionnet,1003,0.6318634074483249,0.4618423415431524,58.48502911503485,16.34513307567228,predictions/masks/qata_test_sub-S09495_ses-E26779_acq-1_run-1_bp-chest_vp-ap_dx.png,predictions/probabilities/qata_test_sub-S09495_ses-E26779_acq-1_run-1_bp-chest_vp-ap_dx.npy
qata_test_sub-S09495_ses-E27044_run-1_bp-chest_vp-ap_dx,sub-S09495,tripath_lesionnet,1003,0.7329162364105393,0.5784276126598424,33.02649865623704,7.555204362706884,predictions/masks/qata_test_sub-S09495_ses-E27044_run-1_bp-chest_vp-ap_dx.png,predictions/probabilities/qata_test_sub-S09495_ses-E27044_run-1_bp-chest_vp-ap_dx.npy
qata_test_sub-S09496_ses-E16328_run-1_bp-chest_vp-pa_dx,sub-S09496,tripath_lesionnet,1003,0.7467880085720882,0.5958991883982957,12.36931687685298,4.055163023441966,predictions/masks/qata_test_sub-S09496_ses-E16328_run-1_bp-chest_vp-pa_dx.png,predictions/probabilities/qata_test_sub-S09496_ses-E16328_run-1_bp-chest_vp-pa_dx.npy
qata_test_sub-S09496_ses-E20545_run-1_bp-chest_vp-ap_dx,sub-S09496,tripath_lesionnet,1003,0.891591046582628,0.8043881672327868,16.928916384272075,4.533009023488628,predictions/masks/qata_test_sub-S09496_ses-E20545_run-1_bp-chest_vp-ap_dx.png,predictions/probabilities/qata_test_sub-S09496_ses-E20545_run-1_bp-chest_vp-ap_dx.npy
qata_test_sub-S09496_ses-E25100_run-1_bp-chest_vp-ap_dx,sub-S09496,tripath_lesionnet,1003,0.8961909871249276,0.8119076549225444,47.01063709417264,7.146360232923962,predictions/masks/qata_test_sub-S09496_ses-E25100_run-1_bp-chest_vp-ap_dx.png,predictions/probabilities/qata_test_sub-S09496_ses-E25100_run-1_bp-chest_vp-ap_dx.npy
qata_test_sub-S09496_ses-E25324_run-1_bp-chest_vp-pa_dx,sub-S09496,tripath_lesionnet,1003,0.8389565217419311,0.7225883762815282,8.54400374531753,2.431955490623576,predictions/masks/qata_test_sub-S09496_ses-E25324_run-1_bp-chest_vp-pa_dx.png,predictions/probabilities/qata_test_sub-S09496_ses-E25324_run-1_bp-chest_vp-pa_dx.npy
qata_test_sub-S09496_ses-E25982_run-1_bp-chest_vp-ap_cr,sub-S09496,tripath_lesionnet,1003,0.9707204139998605,0.9431066419692766,3.0,0.8162522289416206,predictions/masks/qata_test_sub-S09496_ses-E25982_run-1_bp-chest_vp-ap_cr.png,predictions/probabilities/qata_test_sub-S09496_ses-E25982_run-1_bp-chest_vp-ap_cr.npy
qata_test_sub-S09498_ses-E18844_run-1_bp-chest_vp-ap_cr,sub-S09498,tripath_lesionnet,1003,0.6850209986147915,0.5209368346684927,8.246211251235321,3.1106639136657592,predictions/masks/qata_test_sub-S09498_ses-E18844_run-1_bp-chest_vp-ap_cr.png,predictions/probabilities/qata_test_sub-S09498_ses-E18844_run-1_bp-chest_vp-ap_cr.npy
qata_test_sub-S09498_ses-E22712_run-2_bp-chest_vp-ap_dx,sub-S09498,tripath_lesionnet,1003,0.0493827161797829,0.02531645583328883,42.579337712087536,25.71968406970291,predictions/masks/qata_test_sub-S09498_ses-E22712_run-2_bp-chest_vp-ap_dx.png,predictions/probabilities/qata_test_sub-S09498_ses-E22712_run-2_bp-chest_vp-ap_dx.npy
qata_test_sub-S09499_ses-E16332_run-1_bp-chest_vp-ap_dx,sub-S09499,tripath_lesionnet,1003,0.8413822106971236,0.7261947973414857,39.824615503479755,6.695745204023899,predictions/masks/qata_test_sub-S09499_ses-E16332_run-1_bp-chest_vp-ap_dx.png,predictions/probabilities/qata_test_sub-S09499_ses-E16332_run-1_bp-chest_vp-ap_dx.npy
qata_test_sub-S09499_ses-E16585_run-1_bp-chest_vp-ap_dx,sub-S09499,tripath_lesionnet,1003,0.9192803693682563,0.8506187389521905,11.340122224586743,2.151747342156788,predictions/masks/qata_test_sub-S09499_ses-E16585_run-1_bp-chest_vp-ap_dx.png,predictions/probabilities/qata_test_sub-S09499_ses-E16585_run-1_bp-chest_vp-ap_dx.npy
qata_test_sub-S09499_ses-E16881_run-1_bp-chest_vp-ap_dx,sub-S09499,tripath_lesionnet,1003,0.8411318368649926,0.7258218524113242,37.87137562286652,5.899054854026366,predictions/masks/qata_test_sub-S09499_ses-E16881_run-1_bp-chest_vp-ap_dx.png,predictions/probabilities/qata_test_sub-S09499_ses-E16881_run-1_bp-chest_vp-ap_dx.npy
qata_test_sub-S09499_ses-E18301_run-1_bp-chest_vp-ap_dx,sub-S09499,tripath_lesionnet,1003,0.9700356878325701,0.9418148535568658,3.0,1.067677239114924,predictions/masks/qata_test_sub-S09499_ses-E18301_run-1_bp-chest_vp-ap_dx.png,predictions/probabilities/qata_test_sub-S09499_ses-E18301_run-1_bp-chest_vp-ap_dx.npy
qata_test_sub-S09499_ses-E19066_run-1_bp-chest_vp-ap_dx,sub-S09499,tripath_lesionnet,1003,0.9744454183805056,0.9501643655493086,2.23606797749979,0.7722696717056772,predictions/masks/qata_test_sub-S09499_ses-E19066_run-1_bp-chest_vp-ap_dx.png,predictions/probabilities/qata_test_sub-S09499_ses-E19066_run-1_bp-chest_vp-ap_dx.npy
qata_test_sub-S09499_ses-E19184_run-1_bp-chest_vp-ap_dx,sub-S09499,tripath_lesionnet,1003,0.9697838216911004,0.9413401207532772,3.605551275463989,1.0026964651987285,predictions/masks/qata_test_sub-S09499_ses-E19184_run-1_bp-chest_vp-ap_dx.png,predictions/probabilities/qata_test_sub-S09499_ses-E19184_run-1_bp-chest_vp-ap_dx.npy
qata_test_sub-S09499_ses-E19184_run-2_bp-chest_vp-ap_dx,sub-S09499,tripath_lesionnet,1003,0.9713294993235313,0.94425717339518,2.23606797749979,0.7993668953092935,predictions/masks/qata_test_sub-S09499_ses-E19184_run-2_bp-chest_vp-ap_dx.png,predictions/probabilities/qata_test_sub-S09499_ses-E19184_run-2_bp-chest_vp-ap_dx.npy
qata_test_sub-S09499_ses-E19570_run-1_bp-chest_vp-ap_dx,sub-S09499,tripath_lesionnet,1003,0.9709762532982296,0.9435897435900329,4.0,1.1365271469854443,predictions/masks/qata_test_sub-S09499_ses-E19570_run-1_bp-chest_vp-ap_dx.png,predictions/probabilities/qata_test_sub-S09499_ses-E19570_run-1_bp-chest_vp-ap_dx.npy
qata_test_sub-S09499_ses-E20116_run-1_bp-chest_vp-ap_dx,sub-S09499,tripath_lesionnet,1003,0.979644022744929,0.9601002440152997,2.0,0.6449638781989259,predictions/masks/qata_test_sub-S09499_ses-E20116_run-1_bp-chest_vp-ap_dx.png,predictions/probabilities/qata_test_sub-S09499_ses-E20116_run-1_bp-chest_vp-ap_dx.npy
qata_test_sub-S09499_ses-E20750_run-1_bp-chest_vp-ap_dx,sub-S09499,tripath_lesionnet,1003,0.9466810771865861,0.8987601539127938,7.280109889280518,1.861683861272756,predictions/masks/qata_test_sub-S09499_ses-E20750_run-1_bp-chest_vp-ap_dx.png,predictions/probabilities/qata_test_sub-S09499_ses-E20750_run-1_bp-chest_vp-ap_dx.npy
qata_test_sub-S09499_ses-E20892_run-1_bp-chest_vp-ap_dx,sub-S09499,tripath_lesionnet,1003,0.9552523614161089,0.9143378995441613,4.0,1.3104996233846888,predictions/masks/qata_test_sub-S09499_ses-E20892_run-1_bp-chest_vp-ap_dx.png,predictions/probabilities/qata_test_sub-S09499_ses-E20892_run-1_bp-chest_vp-ap_dx.npy
qata_test_sub-S09499_ses-E21434_run-1_bp-chest_vp-ap_dx,sub-S09499,tripath_lesionnet,1003,0.969803153663919,0.9413765506206391,3.1622776601683795,0.9607387745781856,predictions/masks/qata_test_sub-S09499_ses-E21434_run-1_bp-chest_vp-ap_dx.png,predictions/probabilities/qata_test_sub-S09499_ses-E21434_run-1_bp-chest_vp-ap_dx.npy
qata_test_sub-S09499_ses-E21982_run-1_bp-chest_vp-ap_dx,sub-S09499,tripath_lesionnet,1003,0.9690616644740947,0.9399802404088591,3.0,0.9203477571840567,predictions/masks/qata_test_sub-S09499_ses-E21982_run-1_bp-chest_vp-ap_dx.png,predictions/probabilities/qata_test_sub-S09499_ses-E21982_run-1_bp-chest_vp-ap_dx.npy
qata_test_sub-S09499_ses-E21985_run-1_bp-chest_vp-ap_dx,sub-S09499,tripath_lesionnet,1003,0.9491213389123467,0.9031692944744134,5.0,1.6049665222997536,predictions/masks/qata_test_sub-S09499_ses-E21985_run-1_bp-chest_vp-ap_dx.png,predictions/probabilities/qata_test_sub-S09499_ses-E21985_run-1_bp-chest_vp-ap_dx.npy
qata_test_sub-S09499_ses-E22280_run-1_bp-chest_vp-ap_dx,sub-S09499,tripath_lesionnet,1003,0.8078248530315841,0.6776058493480903,42.54115461237182,6.933158791772886,predictions/masks/qata_test_sub-S09499_ses-E22280_run-1_bp-chest_vp-ap_dx.png,predictions/probabilities/qata_test_sub-S09499_ses-E22280_run-1_bp-chest_vp-ap_dx.npy
qata_test_sub-S09499_ses-E23231_run-1_bp-chest_vp-ap_dx,sub-S09499,tripath_lesionnet,1003,0.9729261766095824,0.947279693486994,2.23606797749979,0.7981756468947833,predictions/masks/qata_test_sub-S09499_ses-E23231_run-1_bp-chest_vp-ap_dx.png,predictions/probabilities/qata_test_sub-S09499_ses-E23231_run-1_bp-chest_vp-ap_dx.npy
qata_test_sub-S09499_ses-E23710_run-1_bp-chest_vp-ap_cr,sub-S09499,tripath_lesionnet,1003,0.8972935461490171,0.8137193203289246,14.142135623730951,2.6032772776351094,predictions/masks/qata_test_sub-S09499_ses-E23710_run-1_bp-chest_vp-ap_cr.png,predictions/probabilities/qata_test_sub-S09499_ses-E23710_run-1_bp-chest_vp-ap_cr.npy
qata_test_sub-S09499_ses-E24400_run-1_bp-chest_vp-ap_dx,sub-S09499,tripath_lesionnet,1003,0.9767115037141916,0.9544830292331797,2.0,0.7280232889778763,predictions/masks/qata_test_sub-S09499_ses-E24400_run-1_bp-chest_vp-ap_dx.png,predictions/probabilities/qata_test_sub-S09499_ses-E24400_run-1_bp-chest_vp-ap_dx.npy
qata_test_sub-S09499_ses-E24779_run-1_bp-chest_vp-ap_dx,sub-S09499,tripath_lesionnet,1003,0.9740018570103142,0.949321266968708,2.0,0.7620775376242866,predictions/masks/qata_test_sub-S09499_ses-E24779_run-1_bp-chest_vp-ap_dx.png,predictions/probabilities/qata_test_sub-S09499_ses-E24779_run-1_bp-chest_vp-ap_dx.npy
qata_test_sub-S09499_ses-E25501_run-1_bp-chest_vp-ap_dx,sub-S09499,tripath_lesionnet,1003,0.9677329721094518,0.9374831763126683,3.0,1.0245989692258504,predictions/masks/qata_test_sub-S09499_ses-E25501_run-1_bp-chest_vp-ap_dx.png,predictions/probabilities/qata_test_sub-S09499_ses-E25501_run-1_bp-chest_vp-ap_dx.npy
qata_test_sub-S09499_ses-E25990_run-1_bp-chest_vp-ap_dx,sub-S09499,tripath_lesionnet,1003,0.96009788593583,0.9232579422151702,5.0,1.2805197258770027,predictions/masks/qata_test_sub-S09499_ses-E25990_run-1_bp-chest_vp-ap_dx.png,predictions/probabilities/qata_test_sub-S09499_ses-E25990_run-1_bp-chest_vp-ap_dx.npy
qata_test_sub-S09499_ses-E26416_run-1_bp-chest_vp-ap_dx,sub-S09499,tripath_lesionnet,1003,0.9743168159656018,0.9499198496492736,3.0,0.8700385843285109,predictions/masks/qata_test_sub-S09499_ses-E26416_run-1_bp-chest_vp-ap_dx.png,predictions/probabilities/qata_test_sub-S09499_ses-E26416_run-1_bp-chest_vp-ap_dx.npy
qata_test_sub-S09499_ses-E26529_run-1_bp-chest_vp-pa_dx,sub-S09499,tripath_lesionnet,1003,7.581501136650379e-11,7.581501136650379e-11,111.17456677288808,84.20962748166427,predictions/masks/qata_test_sub-S09499_ses-E26529_run-1_bp-chest_vp-pa_dx.png,predictions/probabilities/qata_test_sub-S09499_ses-E26529_run-1_bp-chest_vp-pa_dx.npy
qata_test_sub-S09500_ses-E19082_run-1_bp-chest_vp-pa_dx,sub-S09500,tripath_lesionnet,1003,0.8740257386283483,0.7762395363884018,5.385164807134504,1.8498954799871945,predictions/masks/qata_test_sub-S09500_ses-E19082_run-1_bp-chest_vp-pa_dx.png,predictions/probabilities/qata_test_sub-S09500_ses-E19082_run-1_bp-chest_vp-pa_dx.npy
qata_test_sub-S09500_ses-E19336_run-1_bp-chest_vp-ap_dx,sub-S09500,tripath_lesionnet,1003,0.868316831684798,0.7672790901188259,12.806248474865697,2.33572349890126,predictions/masks/qata_test_sub-S09500_ses-E19336_run-1_bp-chest_vp-ap_dx.png,predictions/probabilities/qata_test_sub-S09500_ses-E19336_run-1_bp-chest_vp-ap_dx.npy
qata_test_sub-S09501_ses-E16335_acq-1_run-1_bp-chest_vp-pa_dx,sub-S09501,tripath_lesionnet,1003,0.839154267817711,0.7228818132832465,14.323040265205329,4.196796695687691,predictions/masks/qata_test_sub-S09501_ses-E16335_acq-1_run-1_bp-chest_vp-pa_dx.png,predictions/probabilities/qata_test_sub-S09501_ses-E16335_acq-1_run-1_bp-chest_vp-pa_dx.npy
qata_test_sub-S09502_ses-E18422_run-1_bp-chest_vp-ap_dx,sub-S09502,tripath_lesionnet,1003,0.6721717588859848,0.5062189054931088,16.460382216515008,4.696637450208197,predictions/masks/qata_test_sub-S09502_ses-E18422_run-1_bp-chest_vp-ap_dx.png,predictions/probabilities/qata_test_sub-S09502_ses-E18422_run-1_bp-chest_vp-ap_dx.npy
qata_test_sub-S09502_ses-E19402_run-1_bp-chest_vp-pa_cr,sub-S09502,tripath_lesionnet,1003,0.8095128145968711,0.679984484108612,27.147422224349885,4.7661022407187374,predictions/masks/qata_test_sub-S09502_ses-E19402_run-1_bp-chest_vp-pa_cr.png,predictions/probabilities/qata_test_sub-S09502_ses-E19402_run-1_bp-chest_vp-pa_cr.npy
qata_test_sub-S09502_ses-E19818_run-1_bp-chest_vp-ap_dx,sub-S09502,tripath_lesionnet,1003,0.705698005702198,0.545234426600369,25.825617449233985,6.778668621381312,predictions/masks/qata_test_sub-S09502_ses-E19818_run-1_bp-chest_vp-ap_dx.png,predictions/probabilities/qata_test_sub-S09502_ses-E19818_run-1_bp-chest_vp-ap_dx.npy
qata_test_sub-S09502_ses-E21131_run-1_bp-chest_vp-ap_dx,sub-S09502,tripath_lesionnet,1003,0.690101358643733,0.5268356931337888,91.27700853595823,24.051094604895432,predictions/masks/qata_test_sub-S09502_ses-E21131_run-1_bp-chest_vp-ap_dx.png,predictions/probabilities/qata_test_sub-S09502_ses-E21131_run-1_bp-chest_vp-ap_dx.npy
qata_test_sub-S09502_ses-E21134_run-1_bp-chest_vp-ap_dx,sub-S09502,tripath_lesionnet,1003,0.8420434527351133,0.7271805273972018,73.14709404218311,11.736020771785148,predictions/masks/qata_test_sub-S09502_ses-E21134_run-1_bp-chest_vp-ap_dx.png,predictions/probabilities/qata_test_sub-S09502_ses-E21134_run-1_bp-chest_vp-ap_dx.npy
qata_test_sub-S09502_ses-E21334_run-1_bp-chest_vp-ap_dx,sub-S09502,tripath_lesionnet,1003,0.8778625954221781,0.7823129251774723,7.810249675906654,2.0062290905233757,predictions/masks/qata_test_sub-S09502_ses-E21334_run-1_bp-chest_vp-ap_dx.png,predictions/probabilities/qata_test_sub-S09502_ses-E21334_run-1_bp-chest_vp-ap_dx.npy
qata_test_sub-S09503_ses-E16337_run-1_bp-chest_vp-ap_dx,sub-S09503,tripath_lesionnet,1003,0.5143513203400555,0.34621329215114816,19.73988707613698,4.935459983939926,predictions/masks/qata_test_sub-S09503_ses-E16337_run-1_bp-chest_vp-ap_dx.png,predictions/probabilities/qata_test_sub-S09503_ses-E16337_run-1_bp-chest_vp-ap_dx.npy
qata_test_sub-S09504_ses-E16338_run-1_bp-chest_vp-ap_dx,sub-S09504,tripath_lesionnet,1003,0.6628115103974748,0.4956754530529687,24.166091947189145,5.428193878603202,predictions/masks/qata_test_sub-S09504_ses-E16338_run-1_bp-chest_vp-ap_dx.png,predictions/probabilities/qata_test_sub-S09504_ses-E16338_run-1_bp-chest_vp-ap_dx.npy
qata_test_sub-S09504_ses-E16450_acq-1_run-1_bp-chest_vp-ap_dx,sub-S09504,tripath_lesionnet,1003,0.7968801639249331,0.6623447972787347,16.469621743567163,4.334130370444801,predictions/masks/qata_test_sub-S09504_ses-E16450_acq-1_run-1_bp-chest_vp-ap_dx.png,predictions/probabilities/qata_test_sub-S09504_ses-E16450_acq-1_run-1_bp-chest_vp-ap_dx.npy
qata_test_sub-S09504_ses-E16697_acq-1_run-1_bp-chest_vp-ap_dx,sub-S09504,tripath_lesionnet,1003,0.9582019379625124,0.9197578425985717,3.1622776601683795,1.0238394539473012,predictions/masks/qata_test_sub-S09504_ses-E16697_acq-1_run-1_bp-chest_vp-ap_dx.png,predictions/probabilities/qata_test_sub-S09504_ses-E16697_acq-1_run-1_bp-chest_vp-ap_dx.npy
qata_test_sub-S09504_ses-E16804_run-1_bp-chest_vp-pa_dx,sub-S09504,tripath_lesionnet,1003,0.9095623577035823,0.8341259714669512,14.317821063276353,2.6647795986758513,predictions/masks/qata_test_sub-S09504_ses-E16804_run-1_bp-chest_vp-pa_dx.png,predictions/probabilities/qata_test_sub-S09504_ses-E16804_run-1_bp-chest_vp-pa_dx.npy
qata_test_sub-S09504_ses-E24549_run-1_bp-chest_vp-ap_dx,sub-S09504,tripath_lesionnet,1003,0.6464695822221728,0.47761732853871425,20.22302998029438,4.0055999405159435,predictions/masks/qata_test_sub-S09504_ses-E24549_run-1_bp-chest_vp-ap_dx.png,predictions/probabilities/qata_test_sub-S09504_ses-E24549_run-1_bp-chest_vp-ap_dx.npy
qata_test_sub-S09505_ses-E16339_run-1_bp-chest_cr,sub-S09505,tripath_lesionnet,1003,0.9648553077869318,0.932097044061181,2.23606797749979,0.7717057330574133,predictions/masks/qata_test_sub-S09505_ses-E16339_run-1_bp-chest_cr.png,predictions/probabilities/qata_test_sub-S09505_ses-E16339_run-1_bp-chest_cr.npy
qata_test_sub-S09505_ses-E17029_run-1_bp-chest_cr,sub-S09505,tripath_lesionnet,1003,0.9592384359828825,0.9216697360353386,3.16227766016838,0.9663554337751754,predictions/masks/qata_test_sub-S09505_ses-E17029_run-1_bp-chest_cr.png,predictions/probabilities/qata_test_sub-S09505_ses-E17029_run-1_bp-chest_cr.npy
qata_test_sub-S09505_ses-E17030_run-1_bp-chest_cr,sub-S09505,tripath_lesionnet,1003,0.9779609594139449,0.9568724095445629,2.0,0.5488192259135096,predictions/masks/qata_test_sub-S09505_ses-E17030_run-1_bp-chest_cr.png,predictions/probabilities/qata_test_sub-S09505_ses-E17030_run-1_bp-chest_cr.npy
qata_test_sub-S09505_ses-E17105_acq-1_run-1_bp-chest_cr,sub-S09505,tripath_lesionnet,1003,0.5942583732251552,0.42273655551921463,21.19433676745296,4.4101359036881735,predictions/masks/qata_test_sub-S09505_ses-E17105_acq-1_run-1_bp-chest_cr.png,predictions/probabilities/qata_test_sub-S09505_ses-E17105_acq-1_run-1_bp-chest_cr.npy
qata_test_sub-S09505_ses-E17135_run-1_bp-chest_cr,sub-S09505,tripath_lesionnet,1003,0.8222662702374914,0.6981767181010329,8.246211251235321,2.419112086168619,predictions/masks/qata_test_sub-S09505_ses-E17135_run-1_bp-chest_cr.png,predictions/probabilities/qata_test_sub-S09505_ses-E17135_run-1_bp-chest_cr.npy
qata_test_sub-S09505_ses-E17698_run-1_bp-chest_cr,sub-S09505,tripath_lesionnet,1003,0.8372915225590862,0.7201216287715478,17.107010421327665,3.9699127002805614,predictions/masks/qata_test_sub-S09505_ses-E17698_run-1_bp-chest_cr.png,predictions/probabilities/qata_test_sub-S09505_ses-E17698_run-1_bp-chest_cr.npy
qata_test_sub-S09508_ses-E17598_run-1_bp-chest_vp-pa_dx,sub-S09508,tripath_lesionnet,1003,0.6158873806029188,0.4449691246115159,96.93057628004925,26.381289037914126,predictions/masks/qata_test_sub-S09508_ses-E17598_run-1_bp-chest_vp-pa_dx.png,predictions/probabilities/qata_test_sub-S09508_ses-E17598_run-1_bp-chest_vp-pa_dx.npy
qata_test_sub-S09509_ses-E16343_run-1_bp-chest_vp-pa_cr,sub-S09509,tripath_lesionnet,1003,0.68750000000939,0.5238095238313275,98.66297006216573,18.937348694748003,predictions/masks/qata_test_sub-S09509_ses-E16343_run-1_bp-chest_vp-pa_cr.png,predictions/probabilities/qata_test_sub-S09509_ses-E16343_run-1_bp-chest_vp-pa_cr.npy
qata_test_sub-S09509_ses-E22006_run-1_bp-chest_vp-ap_cr,sub-S09509,tripath_lesionnet,1003,0.7032270457193313,0.5422900311132827,35.03424618645033,6.161621842209063,predictions/masks/qata_test_sub-S09509_ses-E22006_run-1_bp-chest_vp-ap_cr.png,predictions/probabilities/qata_test_sub-S09509_ses-E22006_run-1_bp-chest_vp-ap_cr.npy
qata_test_sub-S09509_ses-E22315_run-1_bp-chest_vp-pa_cr,sub-S09509,tripath_lesionnet,1003,0.5740585774177389,0.4025821596477864,27.46451769038229,7.272058500088024,predictions/masks/qata_test_sub-S09509_ses-E22315_run-1_bp-chest_vp-pa_cr.png,predictions/probabilities/qata_test_sub-S09509_ses-E22315_run-1_bp-chest_vp-pa_cr.npy
qata_test_sub-S09509_ses-E22760_run-1_bp-chest_vp-pa_cr,sub-S09509,tripath_lesionnet,1003,0.7524752475287053,0.6031746031847626,26.0,4.334968425362354,predictions/masks/qata_test_sub-S09509_ses-E22760_run-1_bp-chest_vp-pa_cr.png,predictions/probabilities/qata_test_sub-S09509_ses-E22760_run-1_bp-chest_vp-pa_cr.npy
qata_test_sub-S09510_ses-E23748_run-1_bp-chest_vp-pa_dx,sub-S09510,tripath_lesionnet,1003,0.6902034136149122,0.5269546590672277,13.879350611916788,4.319663367843179,predictions/masks/qata_test_sub-S09510_ses-E23748_run-1_bp-chest_vp-pa_dx.png,predictions/probabilities/qata_test_sub-S09510_ses-E23748_run-1_bp-chest_vp-pa_dx.npy
qata_test_sub-S09510_ses-E24663_run-1_bp-chest_vp-ap_dx,sub-S09510,tripath_lesionnet,1003,0.8184323331319897,0.6926664939183035,15.0,3.0169587450409083,predictions/masks/qata_test_sub-S09510_ses-E24663_run-1_bp-chest_vp-ap_dx.png,predictions/probabilities/qata_test_sub-S09510_ses-E24663_run-1_bp-chest_vp-ap_dx.npy
qata_test_sub-S09510_ses-E26286_run-2_bp-chest_vp-pa_dx,sub-S09510,tripath_lesionnet,1003,0.8418239518984162,0.7268531872014176,14.866068747318506,2.8720851820663857,predictions/masks/qata_test_sub-S09510_ses-E26286_run-2_bp-chest_vp-pa_dx.png,predictions/probabilities/qata_test_sub-S09510_ses-E26286_run-2_bp-chest_vp-pa_dx.npy
qata_test_sub-S09511_ses-E16345_run-1_bp-chest_dx,sub-S09511,tripath_lesionnet,1003,0.65049614113422,0.4820261438120088,87.3515506057916,20.364278641741482,predictions/masks/qata_test_sub-S09511_ses-E16345_run-1_bp-chest_dx.png,predictions/probabilities/qata_test_sub-S09511_ses-E16345_run-1_bp-chest_dx.npy
qata_test_sub-S09512_ses-E16346_run-1_bp-chest_vp-pa_dx,sub-S09512,tripath_lesionnet,1003,0.3802046157654008,0.23472385431155335,121.05701121021966,33.835547242638256,predictions/masks/qata_test_sub-S09512_ses-E16346_run-1_bp-chest_vp-pa_dx.png,predictions/probabilities/qata_test_sub-S09512_ses-E16346_run-1_bp-chest_vp-pa_dx.npy
qata_test_sub-S09512_ses-E18948_run-1_bp-chest_vp-ap_cr,sub-S09512,tripath_lesionnet,1003,0.8635011793676187,0.7597906515112833,12.529964086141668,2.399278916220504,predictions/masks/qata_test_sub-S09512_ses-E18948_run-1_bp-chest_vp-ap_cr.png,predictions/probabilities/qata_test_sub-S09512_ses-E18948_run-1_bp-chest_vp-ap_cr.npy
qata_test_sub-S09512_ses-E20933_run-1_bp-chest_vp-ap_dx,sub-S09512,tripath_lesionnet,1003,0.693429856315746,0.5307253190139234,13.630567856806854,5.482211866791908,predictions/masks/qata_test_sub-S09512_ses-E20933_run-1_bp-chest_vp-ap_dx.png,predictions/probabilities/qata_test_sub-S09512_ses-E20933_run-1_bp-chest_vp-ap_dx.npy
qata_test_sub-S09512_ses-E21506_run-1_bp-chest_vp-pa_dx,sub-S09512,tripath_lesionnet,1003,0.8721321744587571,0.7732574284952338,10.227316361325993,2.6142236582587386,predictions/masks/qata_test_sub-S09512_ses-E21506_run-1_bp-chest_vp-pa_dx.png,predictions/probabilities/qata_test_sub-S09512_ses-E21506_run-1_bp-chest_vp-pa_dx.npy
qata_test_sub-S09512_ses-E22796_run-1_bp-chest_vp-ap_dx,sub-S09512,tripath_lesionnet,1003,0.2303391725823642,0.1301600674151188,139.48028402342953,52.34962517833595,predictions/masks/qata_test_sub-S09512_ses-E22796_run-1_bp-chest_vp-ap_dx.png,predictions/probabilities/qata_test_sub-S09512_ses-E22796_run-1_bp-chest_vp-ap_dx.npy
qata_test_sub-S09512_ses-E27152_run-1_bp-chest_vp-pa_dx,sub-S09512,tripath_lesionnet,1003,0.5776378592507602,0.4061116664371539,122.9639889926528,27.54350967316761,predictions/masks/qata_test_sub-S09512_ses-E27152_run-1_bp-chest_vp-pa_dx.png,predictions/probabilities/qata_test_sub-S09512_ses-E27152_run-1_bp-chest_vp-pa_dx.npy
qata_test_sub-S09513_ses-E16347_acq-1_run-1_bp-chest_vp-ll_cr,sub-S09513,tripath_lesionnet,1003,0.8128047487849734,0.68464285715412,24.935793878699364,4.020934246168538,predictions/masks/qata_test_sub-S09513_ses-E16347_acq-1_run-1_bp-chest_vp-ll_cr.png,predictions/probabilities/qata_test_sub-S09513_ses-E16347_acq-1_run-1_bp-chest_vp-ll_cr.npy
qata_test_sub-S09514_ses-E19827_run-1_bp-chest_vp-ap_dx,sub-S09514,tripath_lesionnet,1003,0.9513580246916583,0.9072286319766042,3.605551275463989,1.2119086455513592,predictions/masks/qata_test_sub-S09514_ses-E19827_run-1_bp-chest_vp-ap_dx.png,predictions/probabilities/qata_test_sub-S09514_ses-E19827_run-1_bp-chest_vp-ap_dx.npy
qata_test_sub-S09514_ses-E19991_run-1_bp-chest_vp-ap_dx,sub-S09514,tripath_lesionnet,1003,0.7169306268155595,0.5587621696877823,104.05386811915727,21.015017659757245,predictions/masks/qata_test_sub-S09514_ses-E19991_run-1_bp-chest_vp-ap_dx.png,predictions/probabilities/qata_test_sub-S09514_ses-E19991_run-1_bp-chest_vp-ap_dx.npy
qata_test_sub-S09514_ses-E20658_run-1_bp-chest_vp-ap_dx,sub-S09514,tripath_lesionnet,1003,0.7428472940409713,0.590896627376175,17.804493814764857,5.314979074493098,predictions/masks/qata_test_sub-S09514_ses-E20658_run-1_bp-chest_vp-ap_dx.png,predictions/probabilities/qata_test_sub-S09514_ses-E20658_run-1_bp-chest_vp-ap_dx.npy
qata_test_sub-S09514_ses-E21147_run-1_bp-chest_vp-ap_dx,sub-S09514,tripath_lesionnet,1003,0.7345317725807999,0.5804426825378116,20.282737086382298,4.260515597660139,predictions/masks/qata_test_sub-S09514_ses-E21147_run-1_bp-chest_vp-ap_dx.png,predictions/probabilities/qata_test_sub-S09514_ses-E21147_run-1_bp-chest_vp-ap_dx.npy
qata_test_sub-S09514_ses-E22589_run-1_bp-chest_dx,sub-S09514,tripath_lesionnet,1003,0.8059527961887459,0.6749756572604678,15.046309242345574,3.9957119480966448,predictions/masks/qata_test_sub-S09514_ses-E22589_run-1_bp-chest_dx.png,predictions/probabilities/qata_test_sub-S09514_ses-E22589_run-1_bp-chest_dx.npy
qata_test_sub-S09515_ses-E18411_run-1_bp-chest_vp-pa_cr,sub-S09515,tripath_lesionnet,1003,0.6025426564134737,0.431170696685871,25.0,6.336543599000326,predictions/masks/qata_test_sub-S09515_ses-E18411_run-1_bp-chest_vp-pa_cr.png,predictions/probabilities/qata_test_sub-S09515_ses-E18411_run-1_bp-chest_vp-pa_cr.npy
qata_test_sub-S09515_ses-E19825_run-1_bp-chest_vp-ap_dx,sub-S09515,tripath_lesionnet,1003,0.861092678612463,0.7560691396435022,12.66093235377616,2.8489529919925576,predictions/masks/qata_test_sub-S09515_ses-E19825_run-1_bp-chest_vp-ap_dx.png,predictions/probabilities/qata_test_sub-S09515_ses-E19825_run-1_bp-chest_vp-ap_dx.npy
qata_test_sub-S09515_ses-E19999_run-1_bp-chest_vp-ap_dx,sub-S09515,tripath_lesionnet,1003,0.876505364573281,0.7801598129062529,11.180339887498949,2.306404899759313,predictions/masks/qata_test_sub-S09515_ses-E19999_run-1_bp-chest_vp-ap_dx.png,predictions/probabilities/qata_test_sub-S09515_ses-E19999_run-1_bp-chest_vp-ap_dx.npy
qata_test_sub-S09515_ses-E20650_run-1_bp-chest_vp-ap_dx,sub-S09515,tripath_lesionnet,1003,0.9163096258219908,0.84554559831584,7.280109889280518,1.7608318684664344,predictions/masks/qata_test_sub-S09515_ses-E20650_run-1_bp-chest_vp-ap_dx.png,predictions/probabilities/qata_test_sub-S09515_ses-E20650_run-1_bp-chest_vp-ap_dx.npy
qata_test_sub-S09516_ses-E16351_run-1_bp-chest_vp-pa_cr,sub-S09516,tripath_lesionnet,1003,0.8718990280003489,0.7728909465049782,39.7345643293646,6.165852372033446,predictions/masks/qata_test_sub-S09516_ses-E16351_run-1_bp-chest_vp-pa_cr.png,predictions/probabilities/qata_test_sub-S09516_ses-E16351_run-1_bp-chest_vp-pa_cr.npy
qata_test_sub-S09516_ses-E17333_run-1_bp-chest_vp-pa_cr,sub-S09516,tripath_lesionnet,1003,0.8156794927249506,0.6887320516016371,19.631104398005473,3.8153017364992956,predictions/masks/qata_test_sub-S09516_ses-E17333_run-1_bp-chest_vp-pa_cr.png,predictions/probabilities/qata_test_sub-S09516_ses-E17333_run-1_bp-chest_vp-pa_cr.npy
qata_test_sub-S09516_ses-E17533_run-1_bp-chest_vp-pa_cr,sub-S09516,tripath_lesionnet,1003,0.8606327103962302,0.7553602058371492,7.0710678118654755,2.509077281322407,predictions/masks/qata_test_sub-S09516_ses-E17533_run-1_bp-chest_vp-pa_cr.png,predictions/probabilities/qata_test_sub-S09516_ses-E17533_run-1_bp-chest_vp-pa_cr.npy
qata_test_sub-S09516_ses-E18425_run-1_bp-chest_vp-ap_dx,sub-S09516,tripath_lesionnet,1003,0.9214793222814023,0.8543918918935315,9.856414911706292,2.0354735424492345,predictions/masks/qata_test_sub-S09516_ses-E18425_run-1_bp-chest_vp-ap_dx.png,predictions/probabilities/qata_test_sub-S09516_ses-E18425_run-1_bp-chest_vp-ap_dx.npy
qata_test_sub-S09516_ses-E19404_run-1_bp-chest_vp-ap_dx,sub-S09516,tripath_lesionnet,1003,0.7972579706409024,0.6628669749471677,44.0,9.801107391184322,predictions/masks/qata_test_sub-S09516_ses-E19404_run-1_bp-chest_vp-ap_dx.png,predictions/probabilities/qata_test_sub-S09516_ses-E19404_run-1_bp-chest_vp-ap_dx.npy
qata_test_sub-S09516_ses-E19824_run-1_bp-chest_vp-ap_dx,sub-S09516,tripath_lesionnet,1003,0.9178189037799205,0.8481195125167328,8.48528137423857,2.1574982615756064,predictions/masks/qata_test_sub-S09516_ses-E19824_run-1_bp-chest_vp-ap_dx.png,predictions/probabilities/qata_test_sub-S09516_ses-E19824_run-1_bp-chest_vp-ap_dx.npy
qata_test_sub-S09516_ses-E19997_run-1_bp-chest_vp-ap_dx,sub-S09516,tripath_lesionnet,1003,0.9399802809961796,0.8867573537973867,7.0,1.6856810303606797,predictions/masks/qata_test_sub-S09516_ses-E19997_run-1_bp-chest_vp-ap_dx.png,predictions/probabilities/qata_test_sub-S09516_ses-E19997_run-1_bp-chest_vp-ap_dx.npy
qata_test_sub-S09516_ses-E20645_run-1_bp-chest_vp-ap_dx,sub-S09516,tripath_lesionnet,1003,0.9309290474329209,0.8707832208877855,6.708203932499369,1.6508775853341706,predictions/masks/qata_test_sub-S09516_ses-E20645_run-1_bp-chest_vp-ap_dx.png,predictions/probabilities/qata_test_sub-S09516_ses-E20645_run-1_bp-chest_vp-ap_dx.npy
qata_test_sub-S09516_ses-E23613_run-1_bp-chest_vp-ap_dx,sub-S09516,tripath_lesionnet,1003,0.9288306215619289,0.8671183477230126,8.06225774829855,2.0857055573065737,predictions/masks/qata_test_sub-S09516_ses-E23613_run-1_bp-chest_vp-ap_dx.png,predictions/probabilities/qata_test_sub-S09516_ses-E23613_run-1_bp-chest_vp-ap_dx.npy
qata_test_sub-S09516_ses-E24264_run-1_bp-chest_vp-ap_cr,sub-S09516,tripath_lesionnet,1003,0.9446535447649493,0.8951122544446314,5.385164807134504,1.396148318110805,predictions/masks/qata_test_sub-S09516_ses-E24264_run-1_bp-chest_vp-ap_cr.png,predictions/probabilities/qata_test_sub-S09516_ses-E24264_run-1_bp-chest_vp-ap_cr.npy
qata_test_sub-S09516_ses-E24690_run-1_bp-chest_vp-ap_dx,sub-S09516,tripath_lesionnet,1003,0.6764778936930174,0.5111194520079654,61.839580129966976,13.759055388297481,predictions/masks/qata_test_sub-S09516_ses-E24690_run-1_bp-chest_vp-ap_dx.png,predictions/probabilities/qata_test_sub-S09516_ses-E24690_run-1_bp-chest_vp-ap_dx.npy
qata_test_sub-S09516_ses-E25183_run-1_bp-chest_cr,sub-S09516,tripath_lesionnet,1003,0.907380607815878,0.830463576162683,57.96698450321908,5.020869957484211,predictions/masks/qata_test_sub-S09516_ses-E25183_run-1_bp-chest_cr.png,predictions/probabilities/qata_test_sub-S09516_ses-E25183_run-1_bp-chest_cr.npy
qata_test_sub-S09516_ses-E26091_run-1_bp-chest_vp-ap_dx,sub-S09516,tripath_lesionnet,1003,0.9356113731994414,0.8790129372319235,8.389653325037248,2.4549257380249174,predictions/masks/qata_test_sub-S09516_ses-E26091_run-1_bp-chest_vp-ap_dx.png,predictions/probabilities/qata_test_sub-S09516_ses-E26091_run-1_bp-chest_vp-ap_dx.npy
qata_test_sub-S09516_ses-E26485_run-1_bp-chest_vp-ap_dx,sub-S09516,tripath_lesionnet,1003,0.9016677097525985,0.8209425487710602,19.78866808021196,3.9383973632922893,predictions/masks/qata_test_sub-S09516_ses-E26485_run-1_bp-chest_vp-ap_dx.png,predictions/probabilities/qata_test_sub-S09516_ses-E26485_run-1_bp-chest_vp-ap_dx.npy
qata_test_sub-S09517_ses-E16352_run-1_bp-chest_vp-pa_cr,sub-S09517,tripath_lesionnet,1003,0.7700170357881876,0.626038781197965,98.34759071793768,13.912619973249924,predictions/masks/qata_test_sub-S09517_ses-E16352_run-1_bp-chest_vp-pa_cr.png,predictions/probabilities/qata_test_sub-S09517_ses-E16352_run-1_bp-chest_vp-pa_cr.npy
qata_test_sub-S09517_ses-E18424_run-1_bp-chest_vp-ap_dx,sub-S09517,tripath_lesionnet,1003,0.9556679559657503,0.9150997151006826,4.123105625617661,1.0319992872945258,predictions/masks/qata_test_sub-S09517_ses-E18424_run-1_bp-chest_vp-ap_dx.png,predictions/probabilities/qata_test_sub-S09517_ses-E18424_run-1_bp-chest_vp-ap_dx.npy
qata_test_sub-S09517_ses-E19659_run-1_bp-chest_vp-ap_dx,sub-S09517,tripath_lesionnet,1003,0.8391346464330699,0.7228526924819442,19.1049731745428,3.711874600748486,predictions/masks/qata_test_sub-S09517_ses-E19659_run-1_bp-chest_vp-ap_dx.png,predictions/probabilities/qata_test_sub-S09517_ses-E19659_run-1_bp-chest_vp-ap_dx.npy
qata_test_sub-S09517_ses-E19816_run-1_bp-chest_vp-ap_dx,sub-S09517,tripath_lesionnet,1003,0.8174763832689359,0.6912981455152268,7.810249675906654,1.9159821524761276,predictions/masks/qata_test_sub-S09517_ses-E19816_run-1_bp-chest_vp-ap_dx.png,predictions/probabilities/qata_test_sub-S09517_ses-E19816_run-1_bp-chest_vp-ap_dx.npy
qata_test_sub-S09517_ses-E19993_run-1_bp-chest_vp-ap_dx,sub-S09517,tripath_lesionnet,1003,0.8051571780413566,0.6738603297848239,25.019992006393608,4.881133536435089,predictions/masks/qata_test_sub-S09517_ses-E19993_run-1_bp-chest_vp-ap_dx.png,predictions/probabilities/qata_test_sub-S09517_ses-E19993_run-1_bp-chest_vp-ap_dx.npy
qata_test_sub-S09517_ses-E20646_run-1_bp-chest_vp-ap_dx,sub-S09517,tripath_lesionnet,1003,0.6686064318555237,0.5021854152346193,17.74804063200239,4.463478437801493,predictions/masks/qata_test_sub-S09517_ses-E20646_run-1_bp-chest_vp-ap_dx.png,predictions/probabilities/qata_test_sub-S09517_ses-E20646_run-1_bp-chest_vp-ap_dx.npy
qata_test_sub-S09517_ses-E21347_run-1_bp-chest_vp-ap_dx,sub-S09517,tripath_lesionnet,1003,0.8078523862388468,0.677644594441084,19.0,3.970251290787437,predictions/masks/qata_test_sub-S09517_ses-E21347_run-1_bp-chest_vp-ap_dx.png,predictions/probabilities/qata_test_sub-S09517_ses-E21347_run-1_bp-chest_vp-ap_dx.npy
qata_test_sub-S09517_ses-E23607_run-1_bp-chest_vp-ap_dx,sub-S09517,tripath_lesionnet,1003,0.9200362441957185,0.8519140010503207,10.770329614269007,2.218646414414326,predictions/masks/qata_test_sub-S09517_ses-E23607_run-1_bp-chest_vp-ap_dx.png,predictions/probabilities/qata_test_sub-S09517_ses-E23607_run-1_bp-chest_vp-ap_dx.npy
qata_test_sub-S09517_ses-E25763_run-1_bp-chest_vp-ap_dx,sub-S09517,tripath_lesionnet,1003,0.7763355649709477,0.6344350156401422,20.243515068284605,4.978913685519004,predictions/masks/qata_test_sub-S09517_ses-E25763_run-1_bp-chest_vp-ap_dx.png,predictions/probabilities/qata_test_sub-S09517_ses-E25763_run-1_bp-chest_vp-ap_dx.npy
qata_test_sub-S09517_ses-E26089_run-1_bp-chest_vp-ap_dx,sub-S09517,tripath_lesionnet,1003,0.863462251329152,0.7597303761713444,14.470510238702722,3.6201315951759603,predictions/masks/qata_test_sub-S09517_ses-E26089_run-1_bp-chest_vp-ap_dx.png,predictions/probabilities/qata_test_sub-S09517_ses-E26089_run-1_bp-chest_vp-ap_dx.npy
qata_test_sub-S09517_ses-E26487_run-1_bp-chest_vp-ap_dx,sub-S09517,tripath_lesionnet,1003,0.9383780957986122,0.8839098855117086,14.866068747318506,2.81706157095057,predictions/masks/qata_test_sub-S09517_ses-E26487_run-1_bp-chest_vp-ap_dx.png,predictions/probabilities/qata_test_sub-S09517_ses-E26487_run-1_bp-chest_vp-ap_dx.npy
qata_test_sub-S09518_ses-E16354_run-1_bp-chest_vp-ap_dx,sub-S09518,tripath_lesionnet,1003,0.5158296943363584,0.3475542479092477,91.02689645124985,24.811765791129037,predictions/masks/qata_test_sub-S09518_ses-E16354_run-1_bp-chest_vp-ap_dx.png,predictions/probabilities/qata_test_sub-S09518_ses-E16354_run-1_bp-chest_vp-ap_dx.npy
qata_test_sub-S09518_ses-E17537_run-1_bp-chest_vp-ap_dx,sub-S09518,tripath_lesionnet,1003,0.7628140703636777,0.6165718928012532,9.081908183646023,2.3790185118234604,predictions/masks/qata_test_sub-S09518_ses-E17537_run-1_bp-chest_vp-ap_dx.png,predictions/probabilities/qata_test_sub-S09518_ses-E17537_run-1_bp-chest_vp-ap_dx.npy
qata_test_sub-S09518_ses-E18161_run-1_bp-chest_vp-ap_dx,sub-S09518,tripath_lesionnet,1003,0.9015722024051951,0.8207842193911379,13.0,2.95587806230964,predictions/masks/qata_test_sub-S09518_ses-E18161_run-1_bp-chest_vp-ap_dx.png,predictions/probabilities/qata_test_sub-S09518_ses-E18161_run-1_bp-chest_vp-ap_dx.npy
qata_test_sub-S09520_ses-E18447_run-1_bp-chest_vp-ap_dx,sub-S09520,tripath_lesionnet,1003,0.837331081082455,0.7201801540066806,29.13969696196703,4.874675958896978,predictions/masks/qata_test_sub-S09520_ses-E18447_run-1_bp-chest_vp-ap_dx.png,predictions/probabilities/qata_test_sub-S09520_ses-E18447_run-1_bp-chest_vp-ap_dx.npy
qata_test_sub-S09520_ses-E19442_run-1_bp-chest_vp-ap_dx,sub-S09520,tripath_lesionnet,1003,0.9247005134061274,0.8599469496039794,11.180339887498949,1.8699866525468904,predictions/masks/qata_test_sub-S09520_ses-E19442_run-1_bp-chest_vp-ap_dx.png,predictions/probabilities/qata_test_sub-S09520_ses-E19442_run-1_bp-chest_vp-ap_dx.npy
qata_test_sub-S09520_ses-E19841_run-1_bp-chest_vp-ap_dx,sub-S09520,tripath_lesionnet,1003,0.7455869645754155,0.5943711867822403,18.18640479931573,4.304068375964468,predictions/masks/qata_test_sub-S09520_ses-E19841_run-1_bp-chest_vp-ap_dx.png,predictions/probabilities/qata_test_sub-S09520_ses-E19841_run-1_bp-chest_vp-ap_dx.npy
qata_test_sub-S09520_ses-E20016_run-1_bp-chest_vp-ap_dx,sub-S09520,tripath_lesionnet,1003,0.8987443657445369,0.8161087560325083,22.131421462498235,3.3868697452230174,predictions/masks/qata_test_sub-S09520_ses-E20016_run-1_bp-chest_vp-ap_dx.png,predictions/probabilities/qata_test_sub-S09520_ses-E20016_run-1_bp-chest_vp-ap_dx.npy
qata_test_sub-S09520_ses-E20681_run-1_bp-chest_vp-ap_dx,sub-S09520,tripath_lesionnet,1003,0.807575155611077,0.6772545535389326,10.770329614269007,2.982779891134817,predictions/masks/qata_test_sub-S09520_ses-E20681_run-1_bp-chest_vp-ap_dx.png,predictions/probabilities/qata_test_sub-S09520_ses-E20681_run-1_bp-chest_vp-ap_dx.npy
qata_test_sub-S09520_ses-E22605_run-1_bp-chest_vp-ap_dx,sub-S09520,tripath_lesionnet,1003,0.8934485241193489,0.8074170461980608,5.0990195135927845,1.4575041111367593,predictions/masks/qata_test_sub-S09520_ses-E22605_run-1_bp-chest_vp-ap_dx.png,predictions/probabilities/qata_test_sub-S09520_ses-E22605_run-1_bp-chest_vp-ap_dx.npy
qata_test_sub-S09520_ses-E23633_run-1_bp-chest_vp-ap_dx,sub-S09520,tripath_lesionnet,1003,0.9275270686799374,0.8648489314684621,7.0710678118654755,1.6186500903679963,predictions/masks/qata_test_sub-S09520_ses-E23633_run-1_bp-chest_vp-ap_dx.png,predictions/probabilities/qata_test_sub-S09520_ses-E23633_run-1_bp-chest_vp-ap_dx.npy
qata_test_sub-S09520_ses-E24107_run-1_bp-chest_vp-pa_cr,sub-S09520,tripath_lesionnet,1003,0.8204744069935022,0.6955969517422609,13.0,3.6823761594717195,predictions/masks/qata_test_sub-S09520_ses-E24107_run-1_bp-chest_vp-pa_cr.png,predictions/probabilities/qata_test_sub-S09520_ses-E24107_run-1_bp-chest_vp-pa_cr.npy
qata_test_sub-S09520_ses-E24702_run-1_bp-chest_vp-ap_dx,sub-S09520,tripath_lesionnet,1003,0.9720532123338556,0.9456260032108184,2.0,0.7252907825026389,predictions/masks/qata_test_sub-S09520_ses-E24702_run-1_bp-chest_vp-ap_dx.png,predictions/probabilities/qata_test_sub-S09520_ses-E24702_run-1_bp-chest_vp-ap_dx.npy
qata_test_sub-S09520_ses-E26133_run-1_bp-chest_vp-ap_dx,sub-S09520,tripath_lesionnet,1003,0.9540487341345684,0.912134977288616,3.6055512754639896,1.1322722739576523,predictions/masks/qata_test_sub-S09520_ses-E26133_run-1_bp-chest_vp-ap_dx.png,predictions/probabilities/qata_test_sub-S09520_ses-E26133_run-1_bp-chest_vp-ap_dx.npy
qata_test_sub-S09520_ses-E26498_run-1_bp-chest_vp-ap_dx,sub-S09520,tripath_lesionnet,1003,0.9649141291751927,0.9322068403915695,3.605551275463989,0.9724978190925596,predictions/masks/qata_test_sub-S09520_ses-E26498_run-1_bp-chest_vp-ap_dx.png,predictions/probabilities/qata_test_sub-S09520_ses-E26498_run-1_bp-chest_vp-ap_dx.npy
qata_test_sub-S09522_ses-E16360_run-1_bp-chest_vp-ap_cr,sub-S09522,tripath_lesionnet,1003,0.8242424242450872,0.7010309278427569,11.0,3.1187664666041637,predictions/masks/qata_test_sub-S09522_ses-E16360_run-1_bp-chest_vp-ap_cr.png,predictions/probabilities/qata_test_sub-S09522_ses-E16360_run-1_bp-chest_vp-ap_cr.npy
qata_test_sub-S09522_ses-E18974_run-1_bp-chest_vp-pa_dx,sub-S09522,tripath_lesionnet,1003,0.9582082205269101,0.919769419770178,3.0,1.0535528687958904,predictions/masks/qata_test_sub-S09522_ses-E18974_run-1_bp-chest_vp-pa_dx.png,predictions/probabilities/qata_test_sub-S09522_ses-E18974_run-1_bp-chest_vp-pa_dx.npy
qata_test_sub-S09522_ses-E20023_run-1_bp-chest_vp-ap_dx,sub-S09522,tripath_lesionnet,1003,0.5277382646139588,0.35845410634217834,99.18869410643646,22.563236417914265,predictions/masks/qata_test_sub-S09522_ses-E20023_run-1_bp-chest_vp-ap_dx.png,predictions/probabilities/qata_test_sub-S09522_ses-E20023_run-1_bp-chest_vp-ap_dx.npy
qata_test_sub-S09522_ses-E20281_run-1_bp-chest_vp-ap_cr,sub-S09522,tripath_lesionnet,1003,0.8587474472442245,0.7524604831531098,13.901430061383383,3.379100861418606,predictions/masks/qata_test_sub-S09522_ses-E20281_run-1_bp-chest_vp-ap_cr.png,predictions/probabilities/qata_test_sub-S09522_ses-E20281_run-1_bp-chest_vp-ap_cr.npy
qata_test_sub-S09522_ses-E21498_run-1_bp-chest_vp-ap_dx,sub-S09522,tripath_lesionnet,1003,0.9077319587640756,0.831052383203609,8.875882581407838,1.8217514807227018,predictions/masks/qata_test_sub-S09522_ses-E21498_run-1_bp-chest_vp-ap_dx.png,predictions/probabilities/qata_test_sub-S09522_ses-E21498_run-1_bp-chest_vp-ap_dx.npy
qata_test_sub-S09524_ses-E16362_run-1_bp-chest_vp-ap_cr,sub-S09524,tripath_lesionnet,1003,0.9035239745867404,0.8240252897972576,4.788854381999814,1.1414831670560928,predictions/masks/qata_test_sub-S09524_ses-E16362_run-1_bp-chest_vp-ap_cr.png,predictions/probabilities/qata_test_sub-S09524_ses-E16362_run-1_bp-chest_vp-ap_cr.npy
qata_test_sub-S09524_ses-E16944_run-1_bp-chest_vp-ap_dx,sub-S09524,tripath_lesionnet,1003,0.3069501518794542,0.18130012665299072,106.36540310533283,44.15045922841987,predictions/masks/qata_test_sub-S09524_ses-E16944_run-1_bp-chest_vp-ap_dx.png,predictions/probabilities/qata_test_sub-S09524_ses-E16944_run-1_bp-chest_vp-ap_dx.npy
qata_test_sub-S09524_ses-E18727_run-1_bp-chest_vp-ap_cr,sub-S09524,tripath_lesionnet,1003,0.6663566612454503,0.49965132497385545,30.494949645020633,6.141099377941753,predictions/masks/qata_test_sub-S09524_ses-E18727_run-1_bp-chest_vp-ap_cr.png,predictions/probabilities/qata_test_sub-S09524_ses-E18727_run-1_bp-chest_vp-ap_cr.npy
qata_test_sub-S09524_ses-E19142_run-1_bp-chest_vp-ap_cr,sub-S09524,tripath_lesionnet,1003,0.5520295203282635,0.38124362901312503,88.10634192044309,13.313046510651164,predictions/masks/qata_test_sub-S09524_ses-E19142_run-1_bp-chest_vp-ap_cr.png,predictions/probabilities/qata_test_sub-S09524_ses-E19142_run-1_bp-chest_vp-ap_cr.npy
qata_test_sub-S09524_ses-E19696_run-1_bp-chest_vp-ap_cr,sub-S09524,tripath_lesionnet,1003,0.5762218477127606,0.4047132250144763,30.805843601498726,8.239031428250685,predictions/masks/qata_test_sub-S09524_ses-E19696_run-1_bp-chest_vp-ap_cr.png,predictions/probabilities/qata_test_sub-S09524_ses-E19696_run-1_bp-chest_vp-ap_cr.npy
qata_test_sub-S09524_ses-E21684_run-1_bp-chest_vp-ap_cr,sub-S09524,tripath_lesionnet,1003,0.7561241154121904,0.6078774617239442,9.305319127198368,2.5771451781410804,predictions/masks/qata_test_sub-S09524_ses-E21684_run-1_bp-chest_vp-ap_cr.png,predictions/probabilities/qata_test_sub-S09524_ses-E21684_run-1_bp-chest_vp-ap_cr.npy
qata_test_sub-S09524_ses-E22176_run-1_bp-chest_vp-ap_cr,sub-S09524,tripath_lesionnet,1003,0.47120088370725577,0.30821635013814586,84.05203845034363,18.76745208141363,predictions/masks/qata_test_sub-S09524_ses-E22176_run-1_bp-chest_vp-ap_cr.png,predictions/probabilities/qata_test_sub-S09524_ses-E22176_run-1_bp-chest_vp-ap_cr.npy
qata_test_sub-S09524_ses-E22355_run-1_bp-chest_vp-ap_dx,sub-S09524,tripath_lesionnet,1003,0.4534538776740577,0.29320423822993785,22.04311749219402,6.984137168053006,predictions/masks/qata_test_sub-S09524_ses-E22355_run-1_bp-chest_vp-ap_dx.png,predictions/probabilities/qata_test_sub-S09524_ses-E22355_run-1_bp-chest_vp-ap_dx.npy
qata_test_sub-S09526_ses-E16708_run-1_bp-chest_vp-ap_dx,sub-S09526,tripath_lesionnet,1003,0.934622067767869,0.8772680937843574,6.324555320336759,1.2987504219329085,predictions/masks/qata_test_sub-S09526_ses-E16708_run-1_bp-chest_vp-ap_dx.png,predictions/probabilities/qata_test_sub-S09526_ses-E16708_run-1_bp-chest_vp-ap_dx.npy
qata_test_sub-S09526_ses-E21522_run-1_bp-chest_vp-ap_dx,sub-S09526,tripath_lesionnet,1003,0.9675491913055779,0.9371382957506059,2.2124611797498055,0.6743504044488656,predictions/masks/qata_test_sub-S09526_ses-E21522_run-1_bp-chest_vp-ap_dx.png,predictions/probabilities/qata_test_sub-S09526_ses-E21522_run-1_bp-chest_vp-ap_dx.npy
qata_test_sub-S09526_ses-E21915_run-1_bp-chest_vp-ap_cr,sub-S09526,tripath_lesionnet,1003,0.9144183812351739,0.8423303834831515,7.971537451385981,1.9741824854231567,predictions/masks/qata_test_sub-S09526_ses-E21915_run-1_bp-chest_vp-ap_cr.png,predictions/probabilities/qata_test_sub-S09526_ses-E21915_run-1_bp-chest_vp-ap_cr.npy
qata_test_sub-S09526_ses-E22193_run-1_bp-chest_vp-ap_cr,sub-S09526,tripath_lesionnet,1003,0.8197570850231618,0.6945664105462522,14.063330765278383,3.1497026193069204,predictions/masks/qata_test_sub-S09526_ses-E22193_run-1_bp-chest_vp-ap_cr.png,predictions/probabilities/qata_test_sub-S09526_ses-E22193_run-1_bp-chest_vp-ap_cr.npy
qata_test_sub-S09526_ses-E26557_acq-1_run-1_bp-chest_dx,sub-S09526,tripath_lesionnet,1003,0.55937193327872,0.3882833787674291,84.72307831990054,27.337587856514833,predictions/masks/qata_test_sub-S09526_ses-E26557_acq-1_run-1_bp-chest_dx.png,predictions/probabilities/qata_test_sub-S09526_ses-E26557_acq-1_run-1_bp-chest_dx.npy
qata_test_sub-S09527_ses-E21700_run-1_bp-chest_vp-ap_cr,sub-S09527,tripath_lesionnet,1003,0.7377622377851606,0.584487534683589,6.76359436211785,2.1904962723886223,predictions/masks/qata_test_sub-S09527_ses-E21700_run-1_bp-chest_vp-ap_cr.png,predictions/probabilities/qata_test_sub-S09527_ses-E21700_run-1_bp-chest_vp-ap_cr.npy
qata_test_sub-S09528_ses-E17036_run-1_bp-chest_vp-ap_cr,sub-S09528,tripath_lesionnet,1003,0.9022111701061751,0.8218440063692685,13.91041613331696,2.4250926685027143,predictions/masks/qata_test_sub-S09528_ses-E17036_run-1_bp-chest_vp-ap_cr.png,predictions/probabilities/qata_test_sub-S09528_ses-E17036_run-1_bp-chest_vp-ap_cr.npy
qata_test_sub-S09529_ses-E17353_run-1_bp-chest_vp-ap_dx,sub-S09529,tripath_lesionnet,1003,0.05709657826425291,0.0293872446954003,165.15295884250662,90.67204029281193,predictions/masks/qata_test_sub-S09529_ses-E17353_run-1_bp-chest_vp-ap_dx.png,predictions/probabilities/qata_test_sub-S09529_ses-E17353_run-1_bp-chest_vp-ap_dx.npy
qata_test_sub-S09531_ses-E20431_run-1_bp-chest_vp-pa_dx,sub-S09531,tripath_lesionnet,1003,0.9626560314913625,0.9280007988822848,4.0,1.0027998978979706,predictions/masks/qata_test_sub-S09531_ses-E20431_run-1_bp-chest_vp-pa_dx.png,predictions/probabilities/qata_test_sub-S09531_ses-E20431_run-1_bp-chest_vp-pa_dx.npy
qata_test_sub-S09531_ses-E20968_run-1_bp-chest_vp-pa_dx,sub-S09531,tripath_lesionnet,1003,0.4359020203927069,0.2786922725359238,34.65833185120542,14.938671818729409,predictions/masks/qata_test_sub-S09531_ses-E20968_run-1_bp-chest_vp-pa_dx.png,predictions/probabilities/qata_test_sub-S09531_ses-E20968_run-1_bp-chest_vp-pa_dx.npy
qata_test_sub-S09531_ses-E25557_run-1_bp-chest_vp-pa_dx,sub-S09531,tripath_lesionnet,1003,0.7820180313723352,0.6420604339963079,45.50545207302327,8.171345194508447,predictions/masks/qata_test_sub-S09531_ses-E25557_run-1_bp-chest_vp-pa_dx.png,predictions/probabilities/qata_test_sub-S09531_ses-E25557_run-1_bp-chest_vp-pa_dx.npy
qata_test_sub-S09531_ses-E25852_run-1_bp-chest_vp-ap_cr,sub-S09531,tripath_lesionnet,1003,0.9705712637047283,0.9428251121082643,2.23606797749979,0.6749470696596612,predictions/masks/qata_test_sub-S09531_ses-E25852_run-1_bp-chest_vp-ap_cr.png,predictions/probabilities/qata_test_sub-S09531_ses-E25852_run-1_bp-chest_vp-ap_cr.npy
qata_test_sub-S09532_ses-E16373_run-1_bp-chest_vp-pa_cr,sub-S09532,tripath_lesionnet,1003,0.8574686431096084,0.7504990020209082,72.28135115873033,9.05672545350205,predictions/masks/qata_test_sub-S09532_ses-E16373_run-1_bp-chest_vp-pa_cr.png,predictions/probabilities/qata_test_sub-S09532_ses-E16373_run-1_bp-chest_vp-pa_cr.npy
qata_test_sub-S09534_ses-E16376_run-2_bp-chest_vp-pa_dx,sub-S09534,tripath_lesionnet,1003,0.8678955453174367,0.7666214382711458,10.0,2.1972051273995996,predictions/masks/qata_test_sub-S09534_ses-E16376_run-2_bp-chest_vp-pa_dx.png,predictions/probabilities/qata_test_sub-S09534_ses-E16376_run-2_bp-chest_vp-pa_dx.npy
qata_test_sub-S09534_ses-E22374_run-1_bp-chest_vp-pa_cr,sub-S09534,tripath_lesionnet,1003,0.9601142066103127,0.9232881271326792,3.0,1.0633096419702701,predictions/masks/qata_test_sub-S09534_ses-E22374_run-1_bp-chest_vp-pa_cr.png,predictions/probabilities/qata_test_sub-S09534_ses-E22374_run-1_bp-chest_vp-pa_cr.npy
qata_test_sub-S09534_ses-E26347_run-1_bp-chest_vp-pa_cr,sub-S09534,tripath_lesionnet,1003,0.8848029137056641,0.7934049726106889,15.182146081074688,3.069917389245591,predictions/masks/qata_test_sub-S09534_ses-E26347_run-1_bp-chest_vp-pa_cr.png,predictions/probabilities/qata_test_sub-S09534_ses-E26347_run-1_bp-chest_vp-pa_cr.npy
qata_test_sub-S09536_ses-E24323_run-1_bp-chest_vp-pa_dx,sub-S09536,tripath_lesionnet,1003,0.8293778689341793,0.7084932421206659,17.02644772933376,3.911064966817872,predictions/masks/qata_test_sub-S09536_ses-E24323_run-1_bp-chest_vp-pa_dx.png,predictions/probabilities/qata_test_sub-S09536_ses-E24323_run-1_bp-chest_vp-pa_dx.npy
qata_test_sub-S09536_ses-E24999_run-1_bp-chest_vp-ap_dx,sub-S09536,tripath_lesionnet,1003,0.968933567492467,0.9397392223665012,2.0,0.6670744623799005,predictions/masks/qata_test_sub-S09536_ses-E24999_run-1_bp-chest_vp-ap_dx.png,predictions/probabilities/qata_test_sub-S09536_ses-E24999_run-1_bp-chest_vp-ap_dx.npy
qata_test_sub-S09538_ses-E22210_run-2_bp-chest_vp-ap_cr,sub-S09538,tripath_lesionnet,1003,0.7181437809106477,0.560237388737085,120.33702672078948,34.40892386407494,predictions/masks/qata_test_sub-S09538_ses-E22210_run-2_bp-chest_vp-ap_cr.png,predictions/probabilities/qata_test_sub-S09538_ses-E22210_run-2_bp-chest_vp-ap_cr.npy
qata_test_sub-S09538_ses-E24320_run-1_bp-chest_vp-pa_dx,sub-S09538,tripath_lesionnet,1003,0.69070512821752,0.5275397797106768,92.88479692907651,18.111811094620474,predictions/masks/qata_test_sub-S09538_ses-E24320_run-1_bp-chest_vp-pa_dx.png,predictions/probabilities/qata_test_sub-S09538_ses-E24320_run-1_bp-chest_vp-pa_dx.npy
qata_test_sub-S09539_ses-E16383_run-1_bp-chest_vp-ap_cr,sub-S09539,tripath_lesionnet,1003,0.8403046906331665,0.724590919569894,18.788294228055936,3.5719965228698696,predictions/masks/qata_test_sub-S09539_ses-E16383_run-1_bp-chest_vp-ap_cr.png,predictions/probabilities/qata_test_sub-S09539_ses-E16383_run-1_bp-chest_vp-ap_cr.npy
qata_test_sub-S09540_ses-E17365_acq-1_run-1_bp-chest_vp-ap_dx,sub-S09540,tripath_lesionnet,1003,0.3863979848918018,0.23946300344219518,72.06975578865996,20.99877430428612,predictions/masks/qata_test_sub-S09540_ses-E17365_acq-1_run-1_bp-chest_vp-ap_dx.png,predictions/probabilities/qata_test_sub-S09540_ses-E17365_acq-1_run-1_bp-chest_vp-ap_dx.npy
qata_test_sub-S09540_ses-E17445_run-1_bp-chest_vp-ap_dx,sub-S09540,tripath_lesionnet,1003,1.9011406840492127e-10,1.9011406840492127e-10,116.39115071655024,104.6609618252986,predictions/masks/qata_test_sub-S09540_ses-E17445_run-1_bp-chest_vp-ap_dx.png,predictions/probabilities/qata_test_sub-S09540_ses-E17445_run-1_bp-chest_vp-ap_dx.npy
qata_test_sub-S09540_ses-E27021_run-1_bp-chest_vp-pa_dx,sub-S09540,tripath_lesionnet,1003,0.7310638297986782,0.5761234071377516,34.68696538844773,8.152520022041669,predictions/masks/qata_test_sub-S09540_ses-E27021_run-1_bp-chest_vp-pa_dx.png,predictions/probabilities/qata_test_sub-S09540_ses-E27021_run-1_bp-chest_vp-pa_dx.npy
qata_test_sub-S09542_ses-E18224_run-1_bp-chest_vp-ap_cr,sub-S09542,tripath_lesionnet,1003,0.7664628821001491,0.6213537241681859,12.0,3.4147776106655092,predictions/masks/qata_test_sub-S09542_ses-E18224_run-1_bp-chest_vp-ap_cr.png,predictions/probabilities/qata_test_sub-S09542_ses-E18224_run-1_bp-chest_vp-ap_cr.npy
qata_test_sub-S09543_ses-E20330_run-2_bp-chest_vp-ap_dx,sub-S09543,tripath_lesionnet,1003,0.7220867869399784,0.5650515070749694,26.97774721070175,5.527858241109686,predictions/masks/qata_test_sub-S09543_ses-E20330_run-2_bp-chest_vp-ap_dx.png,predictions/probabilities/qata_test_sub-S09543_ses-E20330_run-2_bp-chest_vp-ap_dx.npy
qata_test_sub-S09544_ses-E19898_run-1_bp-chest_vp-pa_cr,sub-S09544,tripath_lesionnet,1003,0.44823386117854846,0.28885400319553733,103.13869956564636,22.878922774798063,predictions/masks/qata_test_sub-S09544_ses-E19898_run-1_bp-chest_vp-pa_cr.png,predictions/probabilities/qata_test_sub-S09544_ses-E19898_run-1_bp-chest_vp-pa_cr.npy
qata_test_sub-S09544_ses-E25892_run-1_bp-chest_vp-pa_cr,sub-S09544,tripath_lesionnet,1003,0.761696545696521,0.6151129943593429,26.59021253592531,5.906384466156005,predictions/masks/qata_test_sub-S09544_ses-E25892_run-1_bp-chest_vp-pa_cr.png,predictions/probabilities/qata_test_sub-S09544_ses-E25892_run-1_bp-chest_vp-pa_cr.npy
qata_test_sub-S09547_ses-E23462_run-1_bp-chest_vp-ap_dx,sub-S09547,tripath_lesionnet,1003,0.735561531569528,0.5817297954307934,90.34267888357826,20.009516204255558,predictions/masks/qata_test_sub-S09547_ses-E23462_run-1_bp-chest_vp-ap_dx.png,predictions/probabilities/qata_test_sub-S09547_ses-E23462_run-1_bp-chest_vp-ap_dx.npy
qata_test_sub-S09547_ses-E24365_run-1_bp-chest_vp-ap_cr,sub-S09547,tripath_lesionnet,1003,0.38336256578843997,0.23713577187733614,116.27553482998907,43.952426738862634,predictions/masks/qata_test_sub-S09547_ses-E24365_run-1_bp-chest_vp-ap_cr.png,predictions/probabilities/qata_test_sub-S09547_ses-E24365_run-1_bp-chest_vp-ap_cr.npy
qata_test_sub-S09548_ses-E23051_run-1_bp-chest_vp-pa_dx,sub-S09548,tripath_lesionnet,1003,0.28330781016207446,0.16503122219758865,129.123719268622,44.679671184401215,predictions/masks/qata_test_sub-S09548_ses-E23051_run-1_bp-chest_vp-pa_dx.png,predictions/probabilities/qata_test_sub-S09548_ses-E23051_run-1_bp-chest_vp-pa_dx.npy
qata_test_sub-S09549_ses-E16744_run-1_bp-chest_vp-ap_dx,sub-S09549,tripath_lesionnet,1003,0.46981075399610067,0.30702787595967695,100.69446273821936,39.56288178462028,predictions/masks/qata_test_sub-S09549_ses-E16744_run-1_bp-chest_vp-ap_dx.png,predictions/probabilities/qata_test_sub-S09549_ses-E16744_run-1_bp-chest_vp-ap_dx.npy
qata_test_sub-S09549_ses-E17493_run-1_bp-chest_vp-ap_dx,sub-S09549,tripath_lesionnet,1003,0.17762399086763275,0.09746835454462426,131.17759603329125,59.09870051117894,predictions/masks/qata_test_sub-S09549_ses-E17493_run-1_bp-chest_vp-ap_dx.png,predictions/probabilities/qata_test_sub-S09549_ses-E17493_run-1_bp-chest_vp-ap_dx.npy
qata_test_sub-S09549_ses-E18113_run-1_bp-chest_vp-ap_dx,sub-S09549,tripath_lesionnet,1003,0.6908491344030626,0.5277078086237145,115.0,31.918692428013507,predictions/masks/qata_test_sub-S09549_ses-E18113_run-1_bp-chest_vp-ap_dx.png,predictions/probabilities/qata_test_sub-S09549_ses-E18113_run-1_bp-chest_vp-ap_dx.npy
qata_test_sub-S09549_ses-E18661_run-1_bp-chest_vp-ap_dx,sub-S09549,tripath_lesionnet,1003,0.6921908234672686,0.5292750929586769,95.92130619967823,23.635130567568876,predictions/masks/qata_test_sub-S09549_ses-E18661_run-1_bp-chest_vp-ap_dx.png,predictions/probabilities/qata_test_sub-S09549_ses-E18661_run-1_bp-chest_vp-ap_dx.npy
qata_test_sub-S09549_ses-E18799_run-1_bp-chest_vp-ap_cr,sub-S09549,tripath_lesionnet,1003,0.8865087538643356,0.7961524232409859,7.615773105863909,1.677474065609752,predictions/masks/qata_test_sub-S09549_ses-E18799_run-1_bp-chest_vp-ap_cr.png,predictions/probabilities/qata_test_sub-S09549_ses-E18799_run-1_bp-chest_vp-ap_cr.npy
qata_test_sub-S09549_ses-E19035_run-1_bp-chest_vp-ap_dx,sub-S09549,tripath_lesionnet,1003,0.5495175215960001,0.3788515406379954,94.58249066426497,30.371159034383297,predictions/masks/qata_test_sub-S09549_ses-E19035_run-1_bp-chest_vp-ap_dx.png,predictions/probabilities/qata_test_sub-S09549_ses-E19035_run-1_bp-chest_vp-ap_dx.npy
qata_test_sub-S09549_ses-E19265_run-1_bp-chest_vp-ap_dx,sub-S09549,tripath_lesionnet,1003,0.8419654714580368,0.7270642202147862,6.956230589874895,1.7887249969004548,predictions/masks/qata_test_sub-S09549_ses-E19265_run-1_bp-chest_vp-ap_dx.png,predictions/probabilities/qata_test_sub-S09549_ses-E19265_run-1_bp-chest_vp-ap_dx.npy
qata_test_sub-S09549_ses-E20863_run-1_bp-chest_vp-ap_dx,sub-S09549,tripath_lesionnet,1003,0.8664316490429605,0.7643400138298431,10.0,2.004791710335751,predictions/masks/qata_test_sub-S09549_ses-E20863_run-1_bp-chest_vp-ap_dx.png,predictions/probabilities/qata_test_sub-S09549_ses-E20863_run-1_bp-chest_vp-ap_dx.npy
qata_test_sub-S09549_ses-E22083_run-1_bp-chest_vp-ap_dx,sub-S09549,tripath_lesionnet,1003,0.5303822937814736,0.36089813804157184,85.75751292142328,25.351676325517463,predictions/masks/qata_test_sub-S09549_ses-E22083_run-1_bp-chest_vp-ap_dx.png,predictions/probabilities/qata_test_sub-S09549_ses-E22083_run-1_bp-chest_vp-ap_dx.npy
qata_test_sub-S09549_ses-E22235_run-1_bp-chest_vp-ap_dx,sub-S09549,tripath_lesionnet,1003,0.8991954566978324,0.8168529664699731,8.48528137423857,1.868774841601315,predictions/masks/qata_test_sub-S09549_ses-E22235_run-1_bp-chest_vp-ap_dx.png,predictions/probabilities/qata_test_sub-S09549_ses-E22235_run-1_bp-chest_vp-ap_dx.npy
qata_test_sub-S09549_ses-E22692_run-1_bp-chest_vp-ap_dx,sub-S09549,tripath_lesionnet,1003,0.694035087730034,0.5314347125453286,12.649110640673518,2.9326264632633694,predictions/masks/qata_test_sub-S09549_ses-E22692_run-1_bp-chest_vp-ap_dx.png,predictions/probabilities/qata_test_sub-S09549_ses-E22692_run-1_bp-chest_vp-ap_dx.npy
qata_test_sub-S09549_ses-E23443_run-1_bp-chest_vp-ap_dx,sub-S09549,tripath_lesionnet,1003,0.8754134509394448,0.7784313725562604,6.049657518178933,2.113872104775533,predictions/masks/qata_test_sub-S09549_ses-E23443_run-1_bp-chest_vp-ap_dx.png,predictions/probabilities/qata_test_sub-S09549_ses-E23443_run-1_bp-chest_vp-ap_dx.npy
qata_test_sub-S09550_ses-E16397_run-1_bp-chest_vp-ap_dx,sub-S09550,tripath_lesionnet,1003,0.7987846050000205,0.6649803260352731,12.27166012018141,3.224421576802536,predictions/masks/qata_test_sub-S09550_ses-E16397_run-1_bp-chest_vp-ap_dx.png,predictions/probabilities/qata_test_sub-S09550_ses-E16397_run-1_bp-chest_vp-ap_dx.npy
qata_test_sub-S09550_ses-E16654_run-1_bp-chest_vp-ap_dx,sub-S09550,tripath_lesionnet,1003,0.5098080573770322,0.3421089879781725,106.10937617461659,22.559849637239772,predictions/masks/qata_test_sub-S09550_ses-E16654_run-1_bp-chest_vp-ap_dx.png,predictions/probabilities/qata_test_sub-S09550_ses-E16654_run-1_bp-chest_vp-ap_dx.npy
qata_test_sub-S09550_ses-E16752_run-1_bp-chest_vp-ap_dx,sub-S09550,tripath_lesionnet,1003,0.8549096804084362,0.7465871170012479,111.14224854760276,22.39840297528694,predictions/masks/qata_test_sub-S09550_ses-E16752_run-1_bp-chest_vp-ap_dx.png,predictions/probabilities/qata_test_sub-S09550_ses-E16752_run-1_bp-chest_vp-ap_dx.npy
qata_test_sub-S09550_ses-E16866_run-1_bp-chest_vp-ap_dx,sub-S09550,tripath_lesionnet,1003,0.8353070175456654,0.7171907362131954,12.0,3.2241257085463073,predictions/masks/qata_test_sub-S09550_ses-E16866_run-1_bp-chest_vp-ap_dx.png,predictions/probabilities/qata_test_sub-S09550_ses-E16866_run-1_bp-chest_vp-ap_dx.npy
qata_test_sub-S09550_ses-E17838_run-1_bp-chest_vp-ap_dx,sub-S09550,tripath_lesionnet,1003,0.4007050528860081,0.25055106540410654,102.53875286369272,29.663059152409158,predictions/masks/qata_test_sub-S09550_ses-E17838_run-1_bp-chest_vp-ap_dx.png,predictions/probabilities/qata_test_sub-S09550_ses-E17838_run-1_bp-chest_vp-ap_dx.npy
qata_test_sub-S09550_ses-E26569_run-1_bp-chest_vp-pa_cr,sub-S09550,tripath_lesionnet,1003,0.6903365236279612,0.5271098538648228,106.64401976178246,29.56816426407115,predictions/masks/qata_test_sub-S09550_ses-E26569_run-1_bp-chest_vp-pa_cr.png,predictions/probabilities/qata_test_sub-S09550_ses-E26569_run-1_bp-chest_vp-pa_cr.npy
qata_test_sub-S09551_ses-E16398_acq-2_run-2_bp-chest_vp-ap_dx,sub-S09551,tripath_lesionnet,1003,0.6793650793707343,0.5144230769360464,102.62904515043815,24.15640016430332,predictions/masks/qata_test_sub-S09551_ses-E16398_acq-2_run-2_bp-chest_vp-ap_dx.png,predictions/probabilities/qata_test_sub-S09551_ses-E16398_acq-2_run-2_bp-chest_vp-ap_dx.npy
qata_test_sub-S09551_ses-E16578_run-1_bp-chest_vp-ap_dx,sub-S09551,tripath_lesionnet,1003,0.7382171226877632,0.58505875770607,15.0,3.527089355584154,predictions/masks/qata_test_sub-S09551_ses-E16578_run-1_bp-chest_vp-ap_dx.png,predictions/probabilities/qata_test_sub-S09551_ses-E16578_run-1_bp-chest_vp-ap_dx.npy
qata_test_sub-S09551_ses-E16755_run-1_bp-chest_vp-ap_dx,sub-S09551,tripath_lesionnet,1003,0.7503478433735803,0.6004453634547408,24.331050121192877,4.7577123254013785,predictions/masks/qata_test_sub-S09551_ses-E16755_run-1_bp-chest_vp-ap_dx.png,predictions/probabilities/qata_test_sub-S09551_ses-E16755_run-1_bp-chest_vp-ap_dx.npy
qata_test_sub-S09551_ses-E16982_acq-2_run-1_bp-chest_vp-ap_dx,sub-S09551,tripath_lesionnet,1003,0.8831898823136626,0.7908147216171496,6.737383539249406,1.9041775755583565,predictions/masks/qata_test_sub-S09551_ses-E16982_acq-2_run-1_bp-chest_vp-ap_dx.png,predictions/probabilities/qata_test_sub-S09551_ses-E16982_acq-2_run-1_bp-chest_vp-ap_dx.npy
qata_test_sub-S09551_ses-E17148_run-1_bp-chest_vp-ap_dx,sub-S09551,tripath_lesionnet,1003,0.6822133296580348,0.5176963350886347,17.282833771126143,5.321936500434686,predictions/masks/qata_test_sub-S09551_ses-E17148_run-1_bp-chest_vp-ap_dx.png,predictions/probabilities/qata_test_sub-S09551_ses-E17148_run-1_bp-chest_vp-ap_dx.npy
qata_test_sub-S09551_ses-E17378_acq-2_run-1_bp-chest_vp-ap_dx,sub-S09551,tripath_lesionnet,1003,0.7802050824812727,0.6396198830475216,12.0,3.353803016096879,predictions/masks/qata_test_sub-S09551_ses-E17378_acq-2_run-1_bp-chest_vp-ap_dx.png,predictions/probabilities/qata_test_sub-S09551_ses-E17378_acq-2_run-1_bp-chest_vp-ap_dx.npy
qata_test_sub-S09551_ses-E17451_run-1_bp-chest_vp-ap_dx,sub-S09551,tripath_lesionnet,1003,0.6001219140566881,0.42869584151037027,105.98103875200792,25.59494853619069,predictions/masks/qata_test_sub-S09551_ses-E17451_run-1_bp-chest_vp-ap_dx.png,predictions/probabilities/qata_test_sub-S09551_ses-E17451_run-1_bp-chest_vp-ap_dx.npy
qata_test_sub-S09551_ses-E20735_run-1_bp-chest_vp-ap_dx,sub-S09551,tripath_lesionnet,1003,0.738852046652883,0.5858567543139463,26.143796145866542,5.958112174747172,predictions/masks/qata_test_sub-S09551_ses-E20735_run-1_bp-chest_vp-ap_dx.png,predictions/probabilities/qata_test_sub-S09551_ses-E20735_run-1_bp-chest_vp-ap_dx.npy
qata_test_sub-S09551_ses-E23065_run-1_bp-chest_vp-ap_dx,sub-S09551,tripath_lesionnet,1003,0.87586854460327,0.779151353164746,108.63938570718699,12.817535283768676,predictions/masks/qata_test_sub-S09551_ses-E23065_run-1_bp-chest_vp-ap_dx.png,predictions/probabilities/qata_test_sub-S09551_ses-E23065_run-1_bp-chest_vp-ap_dx.npy
qata_test_sub-S09551_ses-E26702_run-1_bp-chest_vp-pa_dx,sub-S09551,tripath_lesionnet,1003,0.5832050219165793,0.4116368500349166,125.78461995221997,33.96075345425717,predictions/masks/qata_test_sub-S09551_ses-E26702_run-1_bp-chest_vp-pa_dx.png,predictions/probabilities/qata_test_sub-S09551_ses-E26702_run-1_bp-chest_vp-pa_dx.npy
qata_test_sub-S09552_ses-E16399_run-1_bp-chest_vp-pa_dx,sub-S09552,tripath_lesionnet,1003,0.41028858218847203,0.25808997633038566,33.199357386938296,12.235886687924339,predictions/masks/qata_test_sub-S09552_ses-E16399_run-1_bp-chest_vp-pa_dx.png,predictions/probabilities/qata_test_sub-S09552_ses-E16399_run-1_bp-chest_vp-pa_dx.npy
qata_test_sub-S09552_ses-E19540_run-1_bp-chest_vp-pa_cr,sub-S09552,tripath_lesionnet,1003,0.8946636723350729,0.8094040247696459,15.031631559454256,2.492749112473156,predictions/masks/qata_test_sub-S09552_ses-E19540_run-1_bp-chest_vp-pa_cr.png,predictions/probabilities/qata_test_sub-S09552_ses-E19540_run-1_bp-chest_vp-pa_cr.npy
qata_test_sub-S09552_ses-E20517_run-1_bp-chest_vp-pa_cr,sub-S09552,tripath_lesionnet,1003,0.9559540142879502,0.9156244335697333,4.242640687119285,1.231357456376205,predictions/masks/qata_test_sub-S09552_ses-E20517_run-1_bp-chest_vp-pa_cr.png,predictions/probabilities/qata_test_sub-S09552_ses-E20517_run-1_bp-chest_vp-pa_cr.npy
qata_test_sub-S09552_ses-E24369_run-1_bp-chest_vp-pa_cr,sub-S09552,tripath_lesionnet,1003,0.9560306198657765,0.9157650004478605,5.0,1.3497642468766557,predictions/masks/qata_test_sub-S09552_ses-E24369_run-1_bp-chest_vp-pa_cr.png,predictions/probabilities/qata_test_sub-S09552_ses-E24369_run-1_bp-chest_vp-pa_cr.npy
qata_test_sub-S09552_ses-E25924_run-1_bp-chest_vp-pa_cr,sub-S09552,tripath_lesionnet,1003,0.9602375419573103,0.9235162652104667,4.0,1.1494962189358735,predictions/masks/qata_test_sub-S09552_ses-E25924_run-1_bp-chest_vp-pa_cr.png,predictions/probabilities/qata_test_sub-S09552_ses-E25924_run-1_bp-chest_vp-pa_cr.npy
qata_test_sub-S09552_ses-E26393_run-1_bp-chest_vp-pa_cr,sub-S09552,tripath_lesionnet,1003,0.9177051628098679,0.847925289187648,13.0,3.0820484053848283,predictions/masks/qata_test_sub-S09552_ses-E26393_run-1_bp-chest_vp-pa_cr.png,predictions/probabilities/qata_test_sub-S09552_ses-E26393_run-1_bp-chest_vp-pa_cr.npy
qata_test_sub-S09555_ses-E18291_run-1_bp-chest_cr,sub-S09555,tripath_lesionnet,1003,0.9619807212410727,0.9267464881688814,3.0,1.1427819286780938,predictions/masks/qata_test_sub-S09555_ses-E18291_run-1_bp-chest_cr.png,predictions/probabilities/qata_test_sub-S09555_ses-E18291_run-1_bp-chest_cr.npy
qata_test_sub-S09555_ses-E19050_run-1_bp-chest_cr,sub-S09555,tripath_lesionnet,1003,0.9632516036211063,0.929108361282189,3.0,0.8904380656075869,predictions/masks/qata_test_sub-S09555_ses-E19050_run-1_bp-chest_cr.png,predictions/probabilities/qata_test_sub-S09555_ses-E19050_run-1_bp-chest_cr.npy
qata_test_sub-S09555_ses-E20249_run-1_bp-chest_vp-ap_dx,sub-S09555,tripath_lesionnet,1003,0.5839734274487858,0.41240287348757654,41.90513842230373,10.909896435987863,predictions/masks/qata_test_sub-S09555_ses-E20249_run-1_bp-chest_vp-ap_dx.png,predictions/probabilities/qata_test_sub-S09555_ses-E20249_run-1_bp-chest_vp-ap_dx.npy
qata_test_sub-S09555_ses-E21021_run-1_bp-chest_cr,sub-S09555,tripath_lesionnet,1003,0.9759214227817865,0.9529751373502843,2.0,0.5985731851047529,predictions/masks/qata_test_sub-S09555_ses-E21021_run-1_bp-chest_cr.png,predictions/probabilities/qata_test_sub-S09555_ses-E21021_run-1_bp-chest_cr.npy
qata_test_sub-S09555_ses-E21589_run-1_bp-chest_vp-ap_dx,sub-S09555,tripath_lesionnet,1003,0.8396661268229746,0.7236418295069396,16.1245154965971,3.2940880104934362,predictions/masks/qata_test_sub-S09555_ses-E21589_run-1_bp-chest_vp-ap_dx.png,predictions/probabilities/qata_test_sub-S09555_ses-E21589_run-1_bp-chest_vp-ap_dx.npy
qata_test_sub-S09555_ses-E22093_run-1_bp-chest_vp-ap_dx,sub-S09555,tripath_lesionnet,1003,0.7406047091248075,0.5880637433643572,32.98071137439512,6.213202042782861,predictions/masks/qata_test_sub-S09555_ses-E22093_run-1_bp-chest_vp-ap_dx.png,predictions/probabilities/qata_test_sub-S09555_ses-E22093_run-1_bp-chest_vp-ap_dx.npy
qata_test_sub-S09555_ses-E22714_run-1_bp-chest_cr,sub-S09555,tripath_lesionnet,1003,0.8286689419811929,0.7074592074640783,31.016124838541646,5.32491386385676,predictions/masks/qata_test_sub-S09555_ses-E22714_run-1_bp-chest_cr.png,predictions/probabilities/qata_test_sub-S09555_ses-E22714_run-1_bp-chest_cr.npy
qata_test_sub-S09555_ses-E22891_run-1_bp-chest_vp-ap_dx,sub-S09555,tripath_lesionnet,1003,0.44886289799286727,0.2893766756151244,69.02750665539519,18.53440766761408,predictions/masks/qata_test_sub-S09555_ses-E22891_run-1_bp-chest_vp-ap_dx.png,predictions/probabilities/qata_test_sub-S09555_ses-E22891_run-1_bp-chest_vp-ap_dx.npy
qata_test_sub-S09555_ses-E23054_run-1_bp-chest_vp-ap_dx,sub-S09555,tripath_lesionnet,1003,0.3793103448905365,0.23404255328735388,118.22330246445055,44.87688256102521,predictions/masks/qata_test_sub-S09555_ses-E23054_run-1_bp-chest_vp-ap_dx.png,predictions/probabilities/qata_test_sub-S09555_ses-E23054_run-1_bp-chest_vp-ap_dx.npy
qata_test_sub-S09555_ses-E23930_run-1_bp-chest_cr,sub-S09555,tripath_lesionnet,1003,0.971732554501034,0.9450192736869039,2.0,0.7028542720126099,predictions/masks/qata_test_sub-S09555_ses-E23930_run-1_bp-chest_cr.png,predictions/probabilities/qata_test_sub-S09555_ses-E23930_run-1_bp-chest_cr.npy
qata_test_sub-S09555_ses-E24383_acq-2_run-1_bp-chest_vp-ap_dx,sub-S09555,tripath_lesionnet,1003,0.9384073122651388,0.8839617332596064,8.761395160225522,1.614774786571063,predictions/masks/qata_test_sub-S09555_ses-E24383_acq-2_run-1_bp-chest_vp-ap_dx.png,predictions/probabilities/qata_test_sub-S09555_ses-E24383_acq-2_run-1_bp-chest_vp-ap_dx.npy
qata_test_sub-S09555_ses-E26402_run-1_bp-chest_cr,sub-S09555,tripath_lesionnet,1003,0.976771443793411,0.9545975216083037,2.0,0.5940497191348153,predictions/masks/qata_test_sub-S09555_ses-E26402_run-1_bp-chest_cr.png,predictions/probabilities/qata_test_sub-S09555_ses-E26402_run-1_bp-chest_cr.npy
qata_test_sub-S09556_ses-E22258_run-1_bp-chest_vp-ap_cr,sub-S09556,tripath_lesionnet,1003,0.9115543846476645,0.8374827109379335,4.236663934044202,1.2543463385388118,predictions/masks/qata_test_sub-S09556_ses-E22258_run-1_bp-chest_vp-ap_cr.png,predictions/probabilities/qata_test_sub-S09556_ses-E22258_run-1_bp-chest_vp-ap_cr.npy
qata_test_sub-S09556_ses-E22890_run-1_bp-chest_vp-ap_cr,sub-S09556,tripath_lesionnet,1003,0.8469080925631206,0.734467120187427,9.478905203237852,2.284679559443984,predictions/masks/qata_test_sub-S09556_ses-E22890_run-1_bp-chest_vp-ap_cr.png,predictions/probabilities/qata_test_sub-S09556_ses-E22890_run-1_bp-chest_vp-ap_cr.npy
qata_test_sub-S09558_ses-E16405_acq-1_run-1_bp-chest_vp-pa_dx,sub-S09558,tripath_lesionnet,1003,0.810073849653284,0.6807765754398225,10.0,2.80292799143348,predictions/masks/qata_test_sub-S09558_ses-E16405_acq-1_run-1_bp-chest_vp-pa_dx.png,predictions/probabilities/qata_test_sub-S09558_ses-E16405_acq-1_run-1_bp-chest_vp-pa_dx.npy
qata_test_sub-S09558_ses-E16575_run-1_bp-chest_vp-ap_dx,sub-S09558,tripath_lesionnet,1003,0.7613954053754539,0.614720314040928,17.821303815811554,4.6726437909667595,predictions/masks/qata_test_sub-S09558_ses-E16575_run-1_bp-chest_vp-ap_dx.png,predictions/probabilities/qata_test_sub-S09558_ses-E16575_run-1_bp-chest_vp-ap_dx.npy
qata_test_sub-S09558_ses-E16759_run-1_bp-chest_vp-ap_dx,sub-S09558,tripath_lesionnet,1003,0.2971707714370615,0.17451589770082437,49.45145161006438,11.621865454148129,predictions/masks/qata_test_sub-S09558_ses-E16759_run-1_bp-chest_vp-ap_dx.png,predictions/probabilities/qata_test_sub-S09558_ses-E16759_run-1_bp-chest_vp-ap_dx.npy
qata_test_sub-S09558_ses-E16990_acq-1_run-1_bp-chest_vp-ap_dx,sub-S09558,tripath_lesionnet,1003,0.5406513322810145,0.37047440701090906,149.86357702035207,44.28515491644924,predictions/masks/qata_test_sub-S09558_ses-E16990_acq-1_run-1_bp-chest_vp-ap_dx.png,predictions/probabilities/qata_test_sub-S09558_ses-E16990_acq-1_run-1_bp-chest_vp-ap_dx.npy
qata_test_sub-S09558_ses-E17153_run-1_bp-chest_vp-pa_dx,sub-S09558,tripath_lesionnet,1003,0.798619701804814,0.6647517884276527,24.96079506305587,5.5465779158488,predictions/masks/qata_test_sub-S09558_ses-E17153_run-1_bp-chest_vp-pa_dx.png,predictions/probabilities/qata_test_sub-S09558_ses-E17153_run-1_bp-chest_vp-pa_dx.npy
qata_test_sub-S09558_ses-E17380_acq-2_run-1_bp-chest_vp-ap_dx,sub-S09558,tripath_lesionnet,1003,0.6126397788715587,0.44158666909180244,15.478751465163679,4.080394583583703,predictions/masks/qata_test_sub-S09558_ses-E17380_acq-2_run-1_bp-chest_vp-ap_dx.png,predictions/probabilities/qata_test_sub-S09558_ses-E17380_acq-2_run-1_bp-chest_vp-ap_dx.npy
qata_test_sub-S09558_ses-E17456_run-1_bp-chest_vp-ap_dx,sub-S09558,tripath_lesionnet,1003,0.40968342649816725,0.25761124130472934,136.0,60.26898496614437,predictions/masks/qata_test_sub-S09558_ses-E17456_run-1_bp-chest_vp-ap_dx.png,predictions/probabilities/qata_test_sub-S09558_ses-E17456_run-1_bp-chest_vp-ap_dx.npy
qata_test_sub-S09558_ses-E20749_run-1_bp-chest_vp-pa_dx,sub-S09558,tripath_lesionnet,1003,0.5080789946213633,0.34055354995305753,28.039245949440833,7.444208292903274,predictions/masks/qata_test_sub-S09558_ses-E20749_run-1_bp-chest_vp-pa_dx.png,predictions/probabilities/qata_test_sub-S09558_ses-E20749_run-1_bp-chest_vp-pa_dx.npy
qata_test_sub-S09558_ses-E23045_run-1_bp-chest_vp-pa_dx,sub-S09558,tripath_lesionnet,1003,0.4340511440202885,0.2771809196545514,134.8669376755177,37.4647470882962,predictions/masks/qata_test_sub-S09558_ses-E23045_run-1_bp-chest_vp-pa_dx.png,predictions/probabilities/qata_test_sub-S09558_ses-E23045_run-1_bp-chest_vp-pa_dx.npy
qata_test_sub-S09558_ses-E26889_run-1_bp-chest_vp-pa_dx,sub-S09558,tripath_lesionnet,1003,0.6663212435406052,0.49961149965037976,112.04017136723775,29.111206075837938,predictions/masks/qata_test_sub-S09558_ses-E26889_run-1_bp-chest_vp-pa_dx.png,predictions/probabilities/qata_test_sub-S09558_ses-E26889_run-1_bp-chest_vp-pa_dx.npy
qata_test_sub-S09559_ses-E16406_run-1_bp-chest_vp-ap_cr,sub-S09559,tripath_lesionnet,1003,0.9597024810231815,0.9225269343788195,3.1622776601683795,1.1072587532238556,predictions/masks/qata_test_sub-S09559_ses-E16406_run-1_bp-chest_vp-ap_cr.png,predictions/probabilities/qata_test_sub-S09559_ses-E16406_run-1_bp-chest_vp-ap_cr.npy
qata_test_sub-S09559_ses-E16664_run-2_bp-chest_vp-ap_dx,sub-S09559,tripath_lesionnet,1003,0.8444937302751472,0.730843053303841,33.16529032922675,6.436211262040618,predictions/masks/qata_test_sub-S09559_ses-E16664_run-2_bp-chest_vp-ap_dx.png,predictions/probabilities/qata_test_sub-S09559_ses-E16664_run-2_bp-chest_vp-ap_dx.npy
qata_test_sub-S09559_ses-E16876_run-1_bp-chest_vp-ap_dx,sub-S09559,tripath_lesionnet,1003,0.9598276341397004,0.9227582520384688,4.242640687119285,1.3806382583812191,predictions/masks/qata_test_sub-S09559_ses-E16876_run-1_bp-chest_vp-ap_dx.png,predictions/probabilities/qata_test_sub-S09559_ses-E16876_run-1_bp-chest_vp-ap_dx.npy
qata_test_sub-S09559_ses-E17065_run-1_bp-chest_vp-ap_cr,sub-S09559,tripath_lesionnet,1003,0.8472030651364413,0.734910927951744,28.281570594856312,4.1696084734467025,predictions/masks/qata_test_sub-S09559_ses-E17065_run-1_bp-chest_vp-ap_cr.png,predictions/probabilities/qata_test_sub-S09559_ses-E17065_run-1_bp-chest_vp-ap_cr.npy
qata_test_sub-S09559_ses-E17453_run-1_bp-chest_vp-ap_cr,sub-S09559,tripath_lesionnet,1003,0.8017946038977212,0.6691629052147192,19.439527325491667,4.256770537676956,predictions/masks/qata_test_sub-S09559_ses-E17453_run-1_bp-chest_vp-ap_cr.png,predictions/probabilities/qata_test_sub-S09559_ses-E17453_run-1_bp-chest_vp-ap_cr.npy
qata_test_sub-S09559_ses-E17500_run-1_bp-chest_vp-ap_cr,sub-S09559,tripath_lesionnet,1003,0.9688385269123915,0.9395604395612303,2.0,0.7587363962626894,predictions/masks/qata_test_sub-S09559_ses-E17500_run-1_bp-chest_vp-ap_cr.png,predictions/probabilities/qata_test_sub-S09559_ses-E17500_run-1_bp-chest_vp-ap_cr.npy
qata_test_sub-S09559_ses-E17569_run-1_bp-chest_vp-ap_cr,sub-S09559,tripath_lesionnet,1003,0.47783645383679113,0.31391925988946673,65.0,17.427267279659258,predictions/masks/qata_test_sub-S09559_ses-E17569_run-1_bp-chest_vp-ap_cr.png,predictions/probabilities/qata_test_sub-S09559_ses-E17569_run-1_bp-chest_vp-ap_cr.npy
qata_test_sub-S09559_ses-E17781_run-1_bp-chest_vp-ap_cr,sub-S09559,tripath_lesionnet,1003,0.6551724138045368,0.48717948720477416,17.005877273185277,5.322232404228394,predictions/masks/qata_test_sub-S09559_ses-E17781_run-1_bp-chest_vp-ap_cr.png,predictions/probabilities/qata_test_sub-S09559_ses-E17781_run-1_bp-chest_vp-ap_cr.npy
qata_test_sub-S09559_ses-E18542_run-1_bp-chest_vp-ap_cr,sub-S09559,tripath_lesionnet,1003,0.6391939546635849,0.46971716275033737,30.295915823202137,6.674906298647436,predictions/masks/qata_test_sub-S09559_ses-E18542_run-1_bp-chest_vp-ap_cr.png,predictions/probabilities/qata_test_sub-S09559_ses-E18542_run-1_bp-chest_vp-ap_cr.npy
qata_test_sub-S09559_ses-E20246_acq-1_run-1_bp-chest_vp-ll_dx,sub-S09559,tripath_lesionnet,1003,0.7948996201900461,0.659612787048194,9.74025035540879,2.764137784998071,predictions/masks/qata_test_sub-S09559_ses-E20246_acq-1_run-1_bp-chest_vp-ll_dx.png,predictions/probabilities/qata_test_sub-S09559_ses-E20246_acq-1_run-1_bp-chest_vp-ll_dx.npy
qata_test_sub-S09559_ses-E21969_run-1_bp-chest_vp-ap_cr,sub-S09559,tripath_lesionnet,1003,0.7664151549242829,0.6212909942836727,12.206555615733702,3.757269972169597,predictions/masks/qata_test_sub-S09559_ses-E21969_run-1_bp-chest_vp-ap_cr.png,predictions/probabilities/qata_test_sub-S09559_ses-E21969_run-1_bp-chest_vp-ap_cr.npy
qata_test_sub-S09560_ses-E16408_run-1_bp-chest_vp-pa_cr,sub-S09560,tripath_lesionnet,1003,0.5380084151602242,0.3679969301854184,15.078626204438992,5.085227530853885,predictions/masks/qata_test_sub-S09560_ses-E16408_run-1_bp-chest_vp-pa_cr.png,predictions/probabilities/qata_test_sub-S09560_ses-E16408_run-1_bp-chest_vp-pa_cr.npy
qata_test_sub-S09562_ses-E16411_run-2_bp-chest_vp-ap_cr,sub-S09562,tripath_lesionnet,1003,0.9124947996129178,0.839071665395586,5.385164807134504,1.7780605968105043,predictions/masks/qata_test_sub-S09562_ses-E16411_run-2_bp-chest_vp-ap_cr.png,predictions/probabilities/qata_test_sub-S09562_ses-E16411_run-2_bp-chest_vp-ap_cr.npy
qata_test_sub-S09562_ses-E17983_run-1_bp-chest_vp-ap_dx,sub-S09562,tripath_lesionnet,1003,0.95469287469332,0.9133132756691742,4.116950344336769,0.965958288158321,predictions/masks/qata_test_sub-S09562_ses-E17983_run-1_bp-chest_vp-ap_dx.png,predictions/probabilities/qata_test_sub-S09562_ses-E17983_run-1_bp-chest_vp-ap_dx.npy
qata_test_sub-S09563_ses-E16412_acq-2_run-1_bp-chest_vp-ap_dx,sub-S09563,tripath_lesionnet,1003,0.8129870129951089,0.6849015317516483,11.273697915539016,3.085583358014479,predictions/masks/qata_test_sub-S09563_ses-E16412_acq-2_run-1_bp-chest_vp-ap_dx.png,predictions/probabilities/qata_test_sub-S09563_ses-E16412_acq-2_run-1_bp-chest_vp-ap_dx.npy
qata_test_sub-S09563_ses-E16507_run-1_bp-chest_vp-ap_dx,sub-S09563,tripath_lesionnet,1003,0.546909090925567,0.37637637640758875,25.45584412271571,5.727945083217421,predictions/masks/qata_test_sub-S09563_ses-E16507_run-1_bp-chest_vp-ap_dx.png,predictions/probabilities/qata_test_sub-S09563_ses-E16507_run-1_bp-chest_vp-ap_dx.npy
qata_test_sub-S09563_ses-E16573_run-1_bp-chest_vp-ap_dx,sub-S09563,tripath_lesionnet,1003,0.7321201862096463,0.5774365821235836,49.92995093127971,8.667523029120737,predictions/masks/qata_test_sub-S09563_ses-E16573_run-1_bp-chest_vp-ap_dx.png,predictions/probabilities/qata_test_sub-S09563_ses-E16573_run-1_bp-chest_vp-ap_dx.npy
qata_test_sub-S09563_ses-E17155_run-1_bp-chest_vp-ap_dx,sub-S09563,tripath_lesionnet,1003,0.8416075650171696,0.7265306122608437,35.63780558339403,10.176523793355411,predictions/masks/qata_test_sub-S09563_ses-E17155_run-1_bp-chest_vp-ap_dx.png,predictions/probabilities/qata_test_sub-S09563_ses-E17155_run-1_bp-chest_vp-ap_dx.npy
qata_test_sub-S09563_ses-E17452_run-1_bp-chest_vp-ap_dx,sub-S09563,tripath_lesionnet,1003,0.5989618596344175,0.4275128866163817,61.063896473250175,15.006794737159053,predictions/masks/qata_test_sub-S09563_ses-E17452_run-1_bp-chest_vp-ap_dx.png,predictions/probabilities/qata_test_sub-S09563_ses-E17452_run-1_bp-chest_vp-ap_dx.npy
qata_test_sub-S09563_ses-E21881_run-1_bp-chest_vp-ap_dx,sub-S09563,tripath_lesionnet,1003,0.6696562033049499,0.5033707865540545,46.16088595326257,11.857287365550789,predictions/masks/qata_test_sub-S09563_ses-E21881_run-1_bp-chest_vp-ap_dx.png,predictions/probabilities/qata_test_sub-S09563_ses-E21881_run-1_bp-chest_vp-ap_dx.npy
qata_test_sub-S09563_ses-E22269_run-1_bp-chest_vp-ap_dx,sub-S09563,tripath_lesionnet,1003,0.17699660810431708,0.09709066308873172,31.622776601683793,13.038589908957839,predictions/masks/qata_test_sub-S09563_ses-E22269_run-1_bp-chest_vp-ap_dx.png,predictions/probabilities/qata_test_sub-S09563_ses-E22269_run-1_bp-chest_vp-ap_dx.npy
qata_test_sub-S09564_ses-E16414_run-1_bp-chest_vp-pa_dx,sub-S09564,tripath_lesionnet,1003,0.7221350078547462,0.5651105651239218,93.81428207182896,21.365966434609145,predictions/masks/qata_test_sub-S09564_ses-E16414_run-1_bp-chest_vp-pa_dx.png,predictions/probabilities/qata_test_sub-S09564_ses-E16414_run-1_bp-chest_vp-pa_dx.npy
qata_test_sub-S09566_ses-E16417_run-1_bp-chest_cr,sub-S09566,tripath_lesionnet,1003,0.8043269230816268,0.6726980297678852,85.71288768748204,14.49115007307185,predictions/masks/qata_test_sub-S09566_ses-E16417_run-1_bp-chest_cr.png,predictions/probabilities/qata_test_sub-S09566_ses-E16417_run-1_bp-chest_cr.npy
qata_test_sub-S09567_ses-E19587_run-1_bp-chest_vp-pa_cr,sub-S09567,tripath_lesionnet,1003,0.5205548549931764,0.3518581657227461,34.862178760930775,10.380314947585298,predictions/masks/qata_test_sub-S09567_ses-E19587_run-1_bp-chest_vp-pa_cr.png,predictions/probabilities/qata_test_sub-S09567_ses-E19587_run-1_bp-chest_vp-pa_cr.npy
qata_test_sub-S09568_ses-E16895_run-1_bp-chest_vp-pa_dx,sub-S09568,tripath_lesionnet,1003,0.6589403973698157,0.4913580247332215,21.87551166528636,5.665680778179577,predictions/masks/qata_test_sub-S09568_ses-E16895_run-1_bp-chest_vp-pa_dx.png,predictions/probabilities/qata_test_sub-S09568_ses-E16895_run-1_bp-chest_vp-pa_dx.npy
qata_test_sub-S09569_ses-E16420_run-1_bp-chest_vp-ap_dx,sub-S09569,tripath_lesionnet,1003,0.8398658192097463,0.7239385177315177,13.009601202601324,3.2974433462475403,predictions/masks/qata_test_sub-S09569_ses-E16420_run-1_bp-chest_vp-ap_dx.png,predictions/probabilities/qata_test_sub-S09569_ses-E16420_run-1_bp-chest_vp-ap_dx.npy
qata_test_sub-S09569_ses-E17159_run-1_bp-chest_vp-ap_dx,sub-S09569,tripath_lesionnet,1003,0.7331179321529383,0.5786789084524693,30.22493971049932,7.621592584829159,predictions/masks/qata_test_sub-S09569_ses-E17159_run-1_bp-chest_vp-ap_dx.png,predictions/probabilities/qata_test_sub-S09569_ses-E17159_run-1_bp-chest_vp-ap_dx.npy
qata_test_sub-S09569_ses-E17316_run-1_bp-chest_vp-ap_cr,sub-S09569,tripath_lesionnet,1003,0.9620049228016916,0.9267914115725896,4.7888543819997835,1.1951853764863822,predictions/masks/qata_test_sub-S09569_ses-E17316_run-1_bp-chest_vp-ap_cr.png,predictions/probabilities/qata_test_sub-S09569_ses-E17316_run-1_bp-chest_vp-ap_cr.npy
qata_test_sub-S09569_ses-E17406_run-1_bp-chest_vp-ap_cr,sub-S09569,tripath_lesionnet,1003,0.9625635175777115,0.9278288684533403,3.1622776601683795,1.0090451805105158,predictions/masks/qata_test_sub-S09569_ses-E17406_run-1_bp-chest_vp-ap_cr.png,predictions/probabilities/qata_test_sub-S09569_ses-E17406_run-1_bp-chest_vp-ap_cr.npy
qata_test_sub-S09570_ses-E16423_run-1_bp-chest_vp-ap_dx,sub-S09570,tripath_lesionnet,1003,0.8723221936698952,0.7735562310374535,4.123105625617661,1.2233553029975135,predictions/masks/qata_test_sub-S09570_ses-E16423_run-1_bp-chest_vp-ap_dx.png,predictions/probabilities/qata_test_sub-S09570_ses-E16423_run-1_bp-chest_vp-ap_dx.npy
qata_test_sub-S09570_ses-E18546_run-1_bp-chest_vp-ap_dx,sub-S09570,tripath_lesionnet,1003,0.3382838284101368,0.20357497521332796,86.03196977109748,34.19732189029943,predictions/masks/qata_test_sub-S09570_ses-E18546_run-1_bp-chest_vp-ap_dx.png,predictions/probabilities/qata_test_sub-S09570_ses-E18546_run-1_bp-chest_vp-ap_dx.npy
qata_test_sub-S09571_ses-E16424_run-1_bp-chest_vp-ap_dx,sub-S09571,tripath_lesionnet,1003,0.8527972646356612,0.7433710174743743,14.475380228211364,4.054302489979852,predictions/masks/qata_test_sub-S09571_ses-E16424_run-1_bp-chest_vp-ap_dx.png,predictions/probabilities/qata_test_sub-S09571_ses-E16424_run-1_bp-chest_vp-ap_dx.npy
qata_test_sub-S09571_ses-E16890_run-1_bp-chest_vp-ap_dx,sub-S09571,tripath_lesionnet,1003,0.723573200999415,0.5668740280106193,23.19016968068123,5.806144615376921,predictions/masks/qata_test_sub-S09571_ses-E16890_run-1_bp-chest_vp-ap_dx.png,predictions/probabilities/qata_test_sub-S09571_ses-E16890_run-1_bp-chest_vp-ap_dx.npy
qata_test_sub-S09571_ses-E18065_run-1_bp-chest_vp-ap_dx,sub-S09571,tripath_lesionnet,1003,0.8710844112065771,0.7716116420528712,16.2556748311743,3.3979532005673008,predictions/masks/qata_test_sub-S09571_ses-E18065_run-1_bp-chest_vp-ap_dx.png,predictions/probabilities/qata_test_sub-S09571_ses-E18065_run-1_bp-chest_vp-ap_dx.npy
qata_test_sub-S09571_ses-E20742_run-1_bp-chest_vp-pa_dx,sub-S09571,tripath_lesionnet,1003,0.4653893696003493,0.30326218285736484,100.29503633084228,29.862543268716916,predictions/masks/qata_test_sub-S09571_ses-E20742_run-1_bp-chest_vp-pa_dx.png,predictions/probabilities/qata_test_sub-S09571_ses-E20742_run-1_bp-chest_vp-pa_dx.npy
qata_test_sub-S09571_ses-E26783_run-1_bp-chest_vp-ap_dx,sub-S09571,tripath_lesionnet,1003,0.8850271783900097,0.7937656965608839,9.486832980505138,2.4620600342819583,predictions/masks/qata_test_sub-S09571_ses-E26783_run-1_bp-chest_vp-ap_dx.png,predictions/probabilities/qata_test_sub-S09571_ses-E26783_run-1_bp-chest_vp-ap_dx.npy
qata_test_sub-S09572_ses-E17162_run-1_bp-chest_vp-ap_dx,sub-S09572,tripath_lesionnet,1003,0.5868556071442254,0.41528354082243146,25.363390208820636,8.916467768255176,predictions/masks/qata_test_sub-S09572_ses-E17162_run-1_bp-chest_vp-ap_dx.png,predictions/probabilities/qata_test_sub-S09572_ses-E17162_run-1_bp-chest_vp-ap_dx.npy
qata_test_sub-S09572_ses-E17936_run-1_bp-chest_vp-ap_cr,sub-S09572,tripath_lesionnet,1003,0.6972636455813339,0.5352300511328022,24.185739180010323,5.597129619341439,predictions/masks/qata_test_sub-S09572_ses-E17936_run-1_bp-chest_vp-ap_cr.png,predictions/probabilities/qata_test_sub-S09572_ses-E17936_run-1_bp-chest_vp-ap_cr.npy
qata_test_sub-S09572_ses-E22285_run-1_bp-chest_vp-ap_dx,sub-S09572,tripath_lesionnet,1003,0.34121429923697344,0.2057012542940547,77.00649323271382,31.19640031670876,predictions/masks/qata_test_sub-S09572_ses-E22285_run-1_bp-chest_vp-ap_dx.png,predictions/probabilities/qata_test_sub-S09572_ses-E22285_run-1_bp-chest_vp-ap_dx.npy
qata_test_sub-S09575_ses-E17866_run-1_bp-chest_vp-pa_dx,sub-S09575,tripath_lesionnet,1003,0.7372785525918856,0.5838805970397682,8.947058314499198,3.2620163379918012,predictions/masks/qata_test_sub-S09575_ses-E17866_run-1_bp-chest_vp-pa_dx.png,predictions/probabilities/qata_test_sub-S09575_ses-E17866_run-1_bp-chest_vp-pa_dx.npy
qata_test_sub-S09576_ses-E19386_run-1_bp-chest_vp-pa_dx,sub-S09576,tripath_lesionnet,1003,0.8766647365397285,0.7804123711415666,8.54400374531753,1.964966372753056,predictions/masks/qata_test_sub-S09576_ses-E19386_run-1_bp-chest_vp-pa_dx.png,predictions/probabilities/qata_test_sub-S09576_ses-E19386_run-1_bp-chest_vp-pa_dx.npy
qata_test_sub-S09577_ses-E18351_run-1_bp-chest_vp-pa_cr,sub-S09577,tripath_lesionnet,1003,0.9296681720010616,0.8685793953634533,13.341664064126334,2.58494318173921,predictions/masks/qata_test_sub-S09577_ses-E18351_run-1_bp-chest_vp-pa_cr.png,predictions/probabilities/qata_test_sub-S09577_ses-E18351_run-1_bp-chest_vp-pa_cr.npy
qata_test_sub-S09577_ses-E22544_run-1_bp-chest_vp-ap_cr,sub-S09577,tripath_lesionnet,1003,0.9533618626243804,0.9108801108807285,4.47213595499958,1.4546967966247177,predictions/masks/qata_test_sub-S09577_ses-E22544_run-1_bp-chest_vp-ap_cr.png,predictions/probabilities/qata_test_sub-S09577_ses-E22544_run-1_bp-chest_vp-ap_cr.npy
qata_test_sub-S09577_ses-E23566_run-1_bp-chest_vp-pa_cr,sub-S09577,tripath_lesionnet,1003,0.9771464735251489,0.9553141757187178,2.23606797749979,0.7226263741618655,predictions/masks/qata_test_sub-S09577_ses-E23566_run-1_bp-chest_vp-pa_cr.png,predictions/probabilities/qata_test_sub-S09577_ses-E23566_run-1_bp-chest_vp-pa_cr.npy
qata_test_sub-S09577_ses-E25722_run-1_bp-chest_vp-pa_cr,sub-S09577,tripath_lesionnet,1003,0.5517037037103452,0.38093289690300874,99.12307449264213,25.391745626178256,predictions/masks/qata_test_sub-S09577_ses-E25722_run-1_bp-chest_vp-pa_cr.png,predictions/probabilities/qata_test_sub-S09577_ses-E25722_run-1_bp-chest_vp-pa_cr.npy
qata_test_sub-S09580_ses-E19608_run-1_bp-chest_vp-pa_cr,sub-S09580,tripath_lesionnet,1003,0.5883501464501025,0.4167819271822599,95.05360270044417,24.028921978171557,predictions/masks/qata_test_sub-S09580_ses-E19608_run-1_bp-chest_vp-pa_cr.png,predictions/probabilities/qata_test_sub-S09580_ses-E19608_run-1_bp-chest_vp-pa_cr.npy
qata_test_sub-S09580_ses-E20601_run-1_bp-chest_vp-pa_cr,sub-S09580,tripath_lesionnet,1003,0.9772975022513991,0.9556029289094856,1.4142135623730951,0.6194251416766418,predictions/masks/qata_test_sub-S09580_ses-E20601_run-1_bp-chest_vp-pa_cr.png,predictions/probabilities/qata_test_sub-S09580_ses-E20601_run-1_bp-chest_vp-pa_cr.npy
qata_test_sub-S09580_ses-E24448_run-1_bp-chest_vp-pa_cr,sub-S09580,tripath_lesionnet,1003,0.5250862755634434,0.35601151910165546,33.423716797390654,10.786444741325877,predictions/masks/qata_test_sub-S09580_ses-E24448_run-1_bp-chest_vp-pa_cr.png,predictions/probabilities/qata_test_sub-S09580_ses-E24448_run-1_bp-chest_vp-pa_cr.npy
qata_test_sub-S09580_ses-E26037_run-1_bp-chest_vp-pa_cr,sub-S09580,tripath_lesionnet,1003,0.9731436193865134,0.9476920412232814,2.23606797749979,0.7180893183168091,predictions/masks/qata_test_sub-S09580_ses-E26037_run-1_bp-chest_vp-pa_cr.png,predictions/probabilities/qata_test_sub-S09580_ses-E26037_run-1_bp-chest_vp-pa_cr.npy
qata_test_sub-S09581_ses-E16438_run-1_bp-chest_vp-pa_dx,sub-S09581,tripath_lesionnet,1003,0.890198590648428,0.8021242207388103,7.0710678118654755,1.8307136507203967,predictions/masks/qata_test_sub-S09581_ses-E16438_run-1_bp-chest_vp-pa_dx.png,predictions/probabilities/qata_test_sub-S09581_ses-E16438_run-1_bp-chest_vp-pa_dx.npy
qata_test_sub-S09581_ses-E25701_run-1_bp-chest_vp-pa_cr,sub-S09581,tripath_lesionnet,1003,0.7904028972395183,0.653443113775049,47.25454075474754,8.20875735371117,predictions/masks/qata_test_sub-S09581_ses-E25701_run-1_bp-chest_vp-pa_cr.png,predictions/probabilities/qata_test_sub-S09581_ses-E25701_run-1_bp-chest_vp-pa_cr.npy
qata_test_sub-S09581_ses-E26029_run-1_bp-chest_vp-pa_cr,sub-S09581,tripath_lesionnet,1003,0.9301307146179408,0.8693872488232525,6.4031242374328485,1.6655040403382648,predictions/masks/qata_test_sub-S09581_ses-E26029_run-1_bp-chest_vp-pa_cr.png,predictions/probabilities/qata_test_sub-S09581_ses-E26029_run-1_bp-chest_vp-pa_cr.npy
qata_test_sub-S09581_ses-E26451_run-1_bp-chest_vp-pa_cr,sub-S09581,tripath_lesionnet,1003,0.8519370042542135,0.7420646840918987,13.408933484911488,3.040363387160827,predictions/masks/qata_test_sub-S09581_ses-E26451_run-1_bp-chest_vp-pa_cr.png,predictions/probabilities/qata_test_sub-S09581_ses-E26451_run-1_bp-chest_vp-pa_cr.npy
qata_test_sub-S09583_ses-E16442_run-1_bp-chest_vp-ap_cr,sub-S09583,tripath_lesionnet,1003,0.6107382550408139,0.43961352658508823,93.6055553906925,22.8817165972196,predictions/masks/qata_test_sub-S09583_ses-E16442_run-1_bp-chest_vp-ap_cr.png,predictions/probabilities/qata_test_sub-S09583_ses-E16442_run-1_bp-chest_vp-ap_cr.npy
qata_test_sub-S09583_ses-E20623_run-1_bp-chest_vp-ap_cr,sub-S09583,tripath_lesionnet,1003,0.5255025502585845,0.3563943432764635,57.054256850621094,12.629657597406501,predictions/masks/qata_test_sub-S09583_ses-E20623_run-1_bp-chest_vp-ap_cr.png,predictions/probabilities/qata_test_sub-S09583_ses-E20623_run-1_bp-chest_vp-ap_cr.npy
qata_test_sub-S09583_ses-E20786_run-1_bp-chest_vp-ap_cr,sub-S09583,tripath_lesionnet,1003,0.9586956521741269,0.9206680584559035,4.0,1.2586254680057651,predictions/masks/qata_test_sub-S09583_ses-E20786_run-1_bp-chest_vp-ap_cr.png,predictions/probabilities/qata_test_sub-S09583_ses-E20786_run-1_bp-chest_vp-ap_cr.npy
qata_test_sub-S09585_ses-E16444_run-1_bp-chest_vp-ap_dx,sub-S09585,tripath_lesionnet,1003,0.9182999088427627,0.848941325188571,12.236942381731978,2.4127060380864833,predictions/masks/qata_test_sub-S09585_ses-E16444_run-1_bp-chest_vp-ap_dx.png,predictions/probabilities/qata_test_sub-S09585_ses-E16444_run-1_bp-chest_vp-ap_dx.npy
qata_test_sub-S09587_ses-E16446_run-1_bp-chest_vp-ap_cr,sub-S09587,tripath_lesionnet,1003,0.875713597909927,0.7789061544135703,18.22037269010496,3.253765946638123,predictions/masks/qata_test_sub-S09587_ses-E16446_run-1_bp-chest_vp-ap_cr.png,predictions/probabilities/qata_test_sub-S09587_ses-E16446_run-1_bp-chest_vp-ap_cr.npy
qata_test_sub-S09587_ses-E16933_run-1_bp-chest_vp-ap_cr,sub-S09587,tripath_lesionnet,1003,0.9440099739320865,0.8939572823881726,5.830951894845301,1.3486384424493192,predictions/masks/qata_test_sub-S09587_ses-E16933_run-1_bp-chest_vp-ap_cr.png,predictions/probabilities/qata_test_sub-S09587_ses-E16933_run-1_bp-chest_vp-ap_cr.npy
qata_test_sub-S09587_ses-E19674_run-1_bp-chest_vp-ap_cr,sub-S09587,tripath_lesionnet,1003,0.8804958357551779,0.7865051903138811,31.97654530867046,4.9743980241721495,predictions/masks/qata_test_sub-S09587_ses-E19674_run-1_bp-chest_vp-ap_cr.png,predictions/probabilities/qata_test_sub-S09587_ses-E19674_run-1_bp-chest_vp-ap_cr.npy
qata_test_sub-S09587_ses-E19990_run-1_bp-chest_vp-ap_cr,sub-S09587,tripath_lesionnet,1003,0.633994651410946,0.46412311054940697,67.57206442274577,14.118269547014023,predictions/masks/qata_test_sub-S09587_ses-E19990_run-1_bp-chest_vp-ap_cr.png,predictions/probabilities/qata_test_sub-S09587_ses-E19990_run-1_bp-chest_vp-ap_cr.npy
qata_test_sub-S09587_ses-E21825_run-1_bp-chest_vp-ap_cr,sub-S09587,tripath_lesionnet,1003,0.9658976008825908,0.9340444444450308,2.8284271247461903,0.8568237301424418,predictions/masks/qata_test_sub-S09587_ses-E21825_run-1_bp-chest_vp-ap_cr.png,predictions/probabilities/qata_test_sub-S09587_ses-E21825_run-1_bp-chest_vp-ap_cr.npy
qata_test_sub-S09587_ses-E22159_run-1_bp-chest_vp-ap_cr,sub-S09587,tripath_lesionnet,1003,0.9658768639650266,0.934005661713252,3.605551275463989,0.9131257641401708,predictions/masks/qata_test_sub-S09587_ses-E22159_run-1_bp-chest_vp-ap_cr.png,predictions/probabilities/qata_test_sub-S09587_ses-E22159_run-1_bp-chest_vp-ap_cr.npy
qata_test_sub-S09587_ses-E24699_run-1_bp-chest_vp-ap_cr,sub-S09587,tripath_lesionnet,1003,0.7801949317755931,0.6396062388182101,41.911295064131366,6.168651065988352,predictions/masks/qata_test_sub-S09587_ses-E24699_run-1_bp-chest_vp-ap_cr.png,predictions/probabilities/qata_test_sub-S09587_ses-E24699_run-1_bp-chest_vp-ap_cr.npy
qata_test_sub-S09592_ses-E16452_acq-1_run-1_bp-chest_vp-pa_cr,sub-S09592,tripath_lesionnet,1003,0.8419039951711593,0.726972540845899,8.0,3.2807404306686037,predictions/masks/qata_test_sub-S09592_ses-E16452_acq-1_run-1_bp-chest_vp-pa_cr.png,predictions/probabilities/qata_test_sub-S09592_ses-E16452_acq-1_run-1_bp-chest_vp-pa_cr.npy
qata_test_sub-S09594_ses-E16809_run-1_bp-chest_vp-ap_dx,sub-S09594,tripath_lesionnet,1003,0.514096185754093,0.3459821428863401,59.04742459231839,10.293442759733514,predictions/masks/qata_test_sub-S09594_ses-E16809_run-1_bp-chest_vp-ap_dx.png,predictions/probabilities/qata_test_sub-S09594_ses-E16809_run-1_bp-chest_vp-ap_dx.npy
qata_test_sub-S09594_ses-E17025_acq-1_run-1_bp-chest_vp-ap_dx,sub-S09594,tripath_lesionnet,1003,0.6178628960154311,0.4470344470487689,58.19920027101108,11.501581313204182,predictions/masks/qata_test_sub-S09594_ses-E17025_acq-1_run-1_bp-chest_vp-ap_dx.png,predictions/probabilities/qata_test_sub-S09594_ses-E17025_acq-1_run-1_bp-chest_vp-ap_dx.npy
qata_test_sub-S09594_ses-E17182_run-1_bp-chest_vp-ap_dx,sub-S09594,tripath_lesionnet,1003,0.165270798459931,0.09007912358216437,128.00019530951985,47.96743200230609,predictions/masks/qata_test_sub-S09594_ses-E17182_run-1_bp-chest_vp-ap_dx.png,predictions/probabilities/qata_test_sub-S09594_ses-E17182_run-1_bp-chest_vp-ap_dx.npy
qata_test_sub-S09594_ses-E17429_acq-1_run-1_bp-chest_vp-ap_dx,sub-S09594,tripath_lesionnet,1003,0.6452779033147187,0.47631754506495544,12.82455532033676,3.4709716628849923,predictions/masks/qata_test_sub-S09594_ses-E17429_acq-1_run-1_bp-chest_vp-ap_dx.png,predictions/probabilities/qata_test_sub-S09594_ses-E17429_acq-1_run-1_bp-chest_vp-ap_dx.npy
qata_test_sub-S09594_ses-E18157_run-1_bp-chest_vp-ap_dx,sub-S09594,tripath_lesionnet,1003,0.24541921159103725,0.13987341777595738,103.90599615358539,35.201006198882,predictions/masks/qata_test_sub-S09594_ses-E18157_run-1_bp-chest_vp-ap_dx.png,predictions/probabilities/qata_test_sub-S09594_ses-E18157_run-1_bp-chest_vp-ap_dx.npy
qata_test_sub-S09597_ses-E26985_run-1_bp-chest_vp-ap_cr,sub-S09597,tripath_lesionnet,1003,0.40471040616667364,0.253690870766686,73.21026361164836,16.45615406215883,predictions/masks/qata_test_sub-S09597_ses-E26985_run-1_bp-chest_vp-ap_cr.png,predictions/probabilities/qata_test_sub-S09597_ses-E26985_run-1_bp-chest_vp-ap_cr.npy
qata_test_sub-S09598_ses-E17426_run-1_bp-chest_vp-ap_cr,sub-S09598,tripath_lesionnet,1003,0.9602078934548199,0.9234614183075762,3.605551275463989,1.0499417716278845,predictions/masks/qata_test_sub-S09598_ses-E17426_run-1_bp-chest_vp-ap_cr.png,predictions/probabilities/qata_test_sub-S09598_ses-E17426_run-1_bp-chest_vp-ap_cr.npy
qata_test_sub-S09599_ses-E16461_run-1_bp-chest_vp-ap_cr,sub-S09599,tripath_lesionnet,1003,0.8778556198636047,0.7823018458315797,119.01785571520497,19.258961095718014,predictions/masks/qata_test_sub-S09599_ses-E16461_run-1_bp-chest_vp-ap_cr.png,predictions/probabilities/qata_test_sub-S09599_ses-E16461_run-1_bp-chest_vp-ap_cr.npy
qata_test_sub-S09599_ses-E17261_run-1_bp-chest_vp-ap_cr,sub-S09599,tripath_lesionnet,1003,0.8371110257426602,0.7198546415685545,9.722149114344257,2.6064832262437543,predictions/masks/qata_test_sub-S09599_ses-E17261_run-1_bp-chest_vp-ap_cr.png,predictions/probabilities/qata_test_sub-S09599_ses-E17261_run-1_bp-chest_vp-ap_cr.npy
qata_test_sub-S09600_ses-E19138_run-1_bp-chest_vp-pa_cr,sub-S09600,tripath_lesionnet,1003,0.6576728499349257,0.4899497487864363,93.41624598546652,15.257580324213556,predictions/masks/qata_test_sub-S09600_ses-E19138_run-1_bp-chest_vp-pa_cr.png,predictions/probabilities/qata_test_sub-S09600_ses-E19138_run-1_bp-chest_vp-pa_cr.npy
qata_test_sub-S09601_ses-E16463_run-1_bp-chest_vp-ap_cr,sub-S09601,tripath_lesionnet,1003,0.9346951408236114,0.877396862290554,8.06225774829855,2.011729234068102,predictions/masks/qata_test_sub-S09601_ses-E16463_run-1_bp-chest_vp-ap_cr.png,predictions/probabilities/qata_test_sub-S09601_ses-E16463_run-1_bp-chest_vp-ap_cr.npy
qata_test_sub-S09601_ses-E19211_run-1_bp-chest_vp-ap_cr,sub-S09601,tripath_lesionnet,1003,0.9620024125454262,0.9267867518891459,3.605551275463989,1.2237425757158025,predictions/masks/qata_test_sub-S09601_ses-E19211_run-1_bp-chest_vp-ap_cr.png,predictions/probabilities/qata_test_sub-S09601_ses-E19211_run-1_bp-chest_vp-ap_cr.npy
qata_test_sub-S09601_ses-E25208_run-1_bp-chest_vp-ap_cr,sub-S09601,tripath_lesionnet,1003,0.9760210546838093,0.9531651594483278,2.8284271247461903,0.6628473200051971,predictions/masks/qata_test_sub-S09601_ses-E25208_run-1_bp-chest_vp-ap_cr.png,predictions/probabilities/qata_test_sub-S09601_ses-E25208_run-1_bp-chest_vp-ap_cr.npy
qata_test_sub-S09601_ses-E25407_run-1_bp-chest_vp-ap_cr,sub-S09601,tripath_lesionnet,1003,0.7262587806331371,0.5701776542934227,38.81320791582797,8.587292598180287,predictions/masks/qata_test_sub-S09601_ses-E25407_run-1_bp-chest_vp-ap_cr.png,predictions/probabilities/qata_test_sub-S09601_ses-E25407_run-1_bp-chest_vp-ap_cr.npy
qata_test_sub-S09603_ses-E16466_run-1_bp-chest_vp-ap_dx,sub-S09603,tripath_lesionnet,1003,0.9669923422235411,0.9360940695301969,4.0,0.9467440421810412,predictions/masks/qata_test_sub-S09603_ses-E16466_run-1_bp-chest_vp-ap_dx.png,predictions/probabilities/qata_test_sub-S09603_ses-E16466_run-1_bp-chest_vp-ap_dx.npy
qata_test_sub-S09603_ses-E16688_run-1_bp-chest_vp-ap_dx,sub-S09603,tripath_lesionnet,1003,0.9710069081014705,0.9436476452045199,2.0,0.6952366855952262,predictions/masks/qata_test_sub-S09603_ses-E16688_run-1_bp-chest_vp-ap_dx.png,predictions/probabilities/qata_test_sub-S09603_ses-E16688_run-1_bp-chest_vp-ap_dx.npy
qata_test_sub-S09603_ses-E16811_run-1_bp-chest_vp-ap_cr,sub-S09603,tripath_lesionnet,1003,0.9675217439173868,0.9370867988916924,2.23606797749979,0.805222662832594,predictions/masks/qata_test_sub-S09603_ses-E16811_run-1_bp-chest_vp-ap_cr.png,predictions/probabilities/qata_test_sub-S09603_ses-E16811_run-1_bp-chest_vp-ap_cr.npy
qata_test_sub-S09603_ses-E16941_run-1_bp-chest_vp-ap_dx,sub-S09603,tripath_lesionnet,1003,0.9548569264145351,0.9136136004222878,9.959797974644657,1.86857336509537,predictions/masks/qata_test_sub-S09603_ses-E16941_run-1_bp-chest_vp-ap_dx.png,predictions/probabilities/qata_test_sub-S09603_ses-E16941_run-1_bp-chest_vp-ap_dx.npy
qata_test_sub-S09603_ses-E17094_run-1_bp-chest_vp-ap_dx,sub-S09603,tripath_lesionnet,1003,0.9607439166993667,0.9244534933570033,3.16227766016838,0.9978335553466982,predictions/masks/qata_test_sub-S09603_ses-E17094_run-1_bp-chest_vp-ap_dx.png,predictions/probabilities/qata_test_sub-S09603_ses-E17094_run-1_bp-chest_vp-ap_dx.npy
qata_test_sub-S09603_ses-E17179_run-1_bp-chest_vp-ap_dx,sub-S09603,tripath_lesionnet,1003,0.9252427184469318,0.8608852755205643,11.401754250991381,2.536018787086273,predictions/masks/qata_test_sub-S09603_ses-E17179_run-1_bp-chest_vp-ap_dx.png,predictions/probabilities/qata_test_sub-S09603_ses-E17179_run-1_bp-chest_vp-ap_dx.npy
qata_test_sub-S09603_ses-E17471_run-1_bp-chest_vp-ap_dx,sub-S09603,tripath_lesionnet,1003,0.9433532593227851,0.8927801724147559,7.615773105863909,1.6343564814000957,predictions/masks/qata_test_sub-S09603_ses-E17471_run-1_bp-chest_vp-ap_dx.png,predictions/probabilities/qata_test_sub-S09603_ses-E17471_run-1_bp-chest_vp-ap_dx.npy
qata_test_sub-S09603_ses-E17892_run-1_bp-chest_vp-ap_dx,sub-S09603,tripath_lesionnet,1003,0.9609932279911467,0.9249152689673684,3.0,1.0780995441851244,predictions/masks/qata_test_sub-S09603_ses-E17892_run-1_bp-chest_vp-ap_dx.png,predictions/probabilities/qata_test_sub-S09603_ses-E17892_run-1_bp-chest_vp-ap_dx.npy
qata_test_sub-S09603_ses-E18619_run-1_bp-chest_vp-ap_dx,sub-S09603,tripath_lesionnet,1003,0.532434596906484,0.36280127331184353,72.05206275419305,17.03579105275345,predictions/masks/qata_test_sub-S09603_ses-E18619_run-1_bp-chest_vp-ap_dx.png,predictions/probabilities/qata_test_sub-S09603_ses-E18619_run-1_bp-chest_vp-ap_dx.npy
qata_test_sub-S09603_ses-E18961_run-1_bp-chest_vp-pa_dx,sub-S09603,tripath_lesionnet,1003,0.929266948375358,0.8678792038480481,2.8284271247461903,0.8949494347049253,predictions/masks/qata_test_sub-S09603_ses-E18961_run-1_bp-chest_vp-pa_dx.png,predictions/probabilities/qata_test_sub-S09603_ses-E18961_run-1_bp-chest_vp-pa_dx.npy
qata_test_sub-S09603_ses-E19210_run-1_bp-chest_vp-ap_dx,sub-S09603,tripath_lesionnet,1003,0.9631736308613609,0.9289632859760236,4.080018656651463,1.1696696638109638,predictions/masks/qata_test_sub-S09603_ses-E19210_run-1_bp-chest_vp-ap_dx.png,predictions/probabilities/qata_test_sub-S09603_ses-E19210_run-1_bp-chest_vp-ap_dx.npy
qata_test_sub-S09603_ses-E20289_run-1_bp-chest_vp-ap_dx,sub-S09603,tripath_lesionnet,1003,0.9624761500955588,0.9276665304460346,3.0,1.0369932398763597,predictions/masks/qata_test_sub-S09603_ses-E20289_run-1_bp-chest_vp-ap_dx.png,predictions/probabilities/qata_test_sub-S09603_ses-E20289_run-1_bp-chest_vp-ap_dx.npy
qata_test_sub-S09603_ses-E20411_run-1_bp-chest_vp-pa_cr,sub-S09603,tripath_lesionnet,1003,0.7473986071302958,0.5966771323966944,48.1087317348149,7.63294753816476,predictions/masks/qata_test_sub-S09603_ses-E20411_run-1_bp-chest_vp-pa_cr.png,predictions/probabilities/qata_test_sub-S09603_ses-E20411_run-1_bp-chest_vp-pa_cr.npy
qata_test_sub-S09603_ses-E20811_run-1_bp-chest_vp-ap_dx,sub-S09603,tripath_lesionnet,1003,0.9645430145502446,0.9315143246936651,4.0,1.0295906568614535,predictions/masks/qata_test_sub-S09603_ses-E20811_run-1_bp-chest_vp-ap_dx.png,predictions/probabilities/qata_test_sub-S09603_ses-E20811_run-1_bp-chest_vp-ap_dx.npy
qata_test_sub-S09603_ses-E20944_run-1_bp-chest_vp-ap_dx,sub-S09603,tripath_lesionnet,1003,0.9728278785026003,0.9470933431143674,2.0,0.7168556143016473,predictions/masks/qata_test_sub-S09603_ses-E20944_run-1_bp-chest_vp-ap_dx.png,predictions/probabilities/qata_test_sub-S09603_ses-E20944_run-1_bp-chest_vp-ap_dx.npy
qata_test_sub-S09603_ses-E21502_run-1_bp-chest_vp-pa_dx,sub-S09603,tripath_lesionnet,1003,0.782118972200559,0.6421965318125898,93.29278046966613,17.625350072687887,predictions/masks/qata_test_sub-S09603_ses-E21502_run-1_bp-chest_vp-pa_dx.png,predictions/probabilities/qata_test_sub-S09603_ses-E21502_run-1_bp-chest_vp-pa_dx.npy
qata_test_sub-S09603_ses-E21673_run-1_bp-chest_vp-ap_dx,sub-S09603,tripath_lesionnet,1003,0.9776577675189336,0.9562920678200878,2.0,0.5937225668766024,predictions/masks/qata_test_sub-S09603_ses-E21673_run-1_bp-chest_vp-ap_dx.png,predictions/probabilities/qata_test_sub-S09603_ses-E21673_run-1_bp-chest_vp-ap_dx.npy
qata_test_sub-S09603_ses-E22179_run-1_bp-chest_vp-ap_dx,sub-S09603,tripath_lesionnet,1003,0.9643956889917032,0.9312395465533243,4.47213595499958,1.073795549775877,predictions/masks/qata_test_sub-S09603_ses-E22179_run-1_bp-chest_vp-ap_dx.png,predictions/probabilities/qata_test_sub-S09603_ses-E22179_run-1_bp-chest_vp-ap_dx.npy
qata_test_sub-S09603_ses-E22342_run-1_bp-chest_vp-ap_dx,sub-S09603,tripath_lesionnet,1003,0.9695119435621539,0.9408279285776217,2.8284271247461903,0.9168042208200412,predictions/masks/qata_test_sub-S09603_ses-E22342_run-1_bp-chest_vp-ap_dx.png,predictions/probabilities/qata_test_sub-S09603_ses-E22342_run-1_bp-chest_vp-ap_dx.npy
qata_test_sub-S09603_ses-E26803_run-1_bp-chest_vp-pa_dx,sub-S09603,tripath_lesionnet,1003,0.7244856797151172,0.5679949399251109,27.230465150603326,5.357710499677446,predictions/masks/qata_test_sub-S09603_ses-E26803_run-1_bp-chest_vp-pa_dx.png,predictions/probabilities/qata_test_sub-S09603_ses-E26803_run-1_bp-chest_vp-pa_dx.npy
qata_test_sub-S09605_ses-E16470_acq-2_run-1_bp-chest_vp-pa_dx,sub-S09605,tripath_lesionnet,1003,0.34293845607714446,0.20695577502775964,78.94289385181844,32.3888700440171,predictions/masks/qata_test_sub-S09605_ses-E16470_acq-2_run-1_bp-chest_vp-pa_dx.png,predictions/probabilities/qata_test_sub-S09605_ses-E16470_acq-2_run-1_bp-chest_vp-pa_dx.npy
qata_test_sub-S09605_ses-E16610_run-1_bp-chest_vp-pa_dx,sub-S09605,tripath_lesionnet,1003,0.8675041479039166,0.7660108832196314,12.078900834114338,2.470007868182608,predictions/masks/qata_test_sub-S09605_ses-E16610_run-1_bp-chest_vp-pa_dx.png,predictions/probabilities/qata_test_sub-S09605_ses-E16610_run-1_bp-chest_vp-pa_dx.npy
qata_test_sub-S09605_ses-E16817_run-1_bp-chest_vp-pa_dx,sub-S09605,tripath_lesionnet,1003,0.7440428911860202,0.5924110672001199,33.454966990657645,6.982715107983099,predictions/masks/qata_test_sub-S09605_ses-E16817_run-1_bp-chest_vp-pa_dx.png,predictions/probabilities/qata_test_sub-S09605_ses-E16817_run-1_bp-chest_vp-pa_dx.npy
qata_test_sub-S09605_ses-E16943_acq-2_run-1_bp-chest_vp-pa_dx,sub-S09605,tripath_lesionnet,1003,0.7614391375233617,0.6147773279430206,10.825821135072362,3.2559587268140264,predictions/masks/qata_test_sub-S09605_ses-E16943_acq-2_run-1_bp-chest_vp-pa_dx.png,predictions/probabilities/qata_test_sub-S09605_ses-E16943_acq-2_run-1_bp-chest_vp-pa_dx.npy
qata_test_sub-S09605_ses-E17180_run-1_bp-chest_vp-ap_dx,sub-S09605,tripath_lesionnet,1003,0.9027800898959316,0.8227886511937067,7.02487373415291,2.7749177416976587,predictions/masks/qata_test_sub-S09605_ses-E17180_run-1_bp-chest_vp-ap_dx.png,predictions/probabilities/qata_test_sub-S09605_ses-E17180_run-1_bp-chest_vp-ap_dx.npy
qata_test_sub-S09605_ses-E17435_acq-2_run-1_bp-chest_vp-ap_dx,sub-S09605,tripath_lesionnet,1003,0.8259554577960823,0.7035128805655325,12.806248474865697,2.730877735243859,predictions/masks/qata_test_sub-S09605_ses-E17435_acq-2_run-1_bp-chest_vp-ap_dx.png,predictions/probabilities/qata_test_sub-S09605_ses-E17435_acq-2_run-1_bp-chest_vp-ap_dx.npy
qata_test_sub-S09605_ses-E17476_run-1_bp-chest_vp-ap_dx,sub-S09605,tripath_lesionnet,1003,0.6923886355700644,0.5295064377766541,39.97040604952376,7.317562803781975,predictions/masks/qata_test_sub-S09605_ses-E17476_run-1_bp-chest_vp-ap_dx.png,predictions/probabilities/qata_test_sub-S09605_ses-E17476_run-1_bp-chest_vp-ap_dx.npy
qata_test_sub-S09605_ses-E26865_run-1_bp-chest_vp-pa_dx,sub-S09605,tripath_lesionnet,1003,0.8872218690414848,0.7973034734964053,8.94427190999916,1.9343465961655304,predictions/masks/qata_test_sub-S09605_ses-E26865_run-1_bp-chest_vp-pa_dx.png,predictions/probabilities/qata_test_sub-S09605_ses-E26865_run-1_bp-chest_vp-pa_dx.npy
qata_test_sub-S09606_ses-E16471_run-1_bp-chest_vp-ap_cr,sub-S09606,tripath_lesionnet,1003,0.8379924272952711,0.7211591791497344,9.848857801796104,2.8648999342774797,predictions/masks/qata_test_sub-S09606_ses-E16471_run-1_bp-chest_vp-ap_cr.png,predictions/probabilities/qata_test_sub-S09606_ses-E16471_run-1_bp-chest_vp-ap_cr.npy
qata_test_sub-S09606_ses-E17751_run-1_bp-chest_vp-ap_cr,sub-S09606,tripath_lesionnet,1003,0.9422012707524995,0.8907188529365363,16.0,2.328012753908388,predictions/masks/qata_test_sub-S09606_ses-E17751_run-1_bp-chest_vp-ap_cr.png,predictions/probabilities/qata_test_sub-S09606_ses-E17751_run-1_bp-chest_vp-ap_cr.npy
qata_test_sub-S09609_ses-E16474_run-2_bp-chest_vp-pa_dx,sub-S09609,tripath_lesionnet,1003,0.5006553080165725,0.33391608395489997,101.99753835881657,28.844495493909374,predictions/masks/qata_test_sub-S09609_ses-E16474_run-2_bp-chest_vp-pa_dx.png,predictions/probabilities/qata_test_sub-S09609_ses-E16474_run-2_bp-chest_vp-pa_dx.npy
qata_test_sub-S09609_ses-E19449_run-1_bp-chest_vp-ap_cr,sub-S09609,tripath_lesionnet,1003,0.9560697305866493,0.9158367743512771,4.123105625617661,1.065470916698251,predictions/masks/qata_test_sub-S09609_ses-E19449_run-1_bp-chest_vp-ap_cr.png,predictions/probabilities/qata_test_sub-S09609_ses-E19449_run-1_bp-chest_vp-ap_cr.npy
qata_test_sub-S09609_ses-E19845_run-1_bp-chest_vp-pa_cr,sub-S09609,tripath_lesionnet,1003,0.9468946894693452,0.8991452991467358,5.0,1.1451833355286618,predictions/masks/qata_test_sub-S09609_ses-E19845_run-1_bp-chest_vp-pa_cr.png,predictions/probabilities/qata_test_sub-S09609_ses-E19845_run-1_bp-chest_vp-pa_cr.npy
qata_test_sub-S09609_ses-E21382_run-1_bp-chest_vp-pa_cr,sub-S09609,tripath_lesionnet,1003,0.7586551265020197,0.6111558058564989,21.201411768006757,3.8989490805209237,predictions/masks/qata_test_sub-S09609_ses-E21382_run-1_bp-chest_vp-pa_cr.png,predictions/probabilities/qata_test_sub-S09609_ses-E21382_run-1_bp-chest_vp-pa_cr.npy
qata_test_sub-S09609_ses-E23666_run-1_bp-chest_vp-ap_cr,sub-S09609,tripath_lesionnet,1003,0.9497303663301945,0.904272898962414,3.6055512754639896,1.1802314650006418,predictions/masks/qata_test_sub-S09609_ses-E23666_run-1_bp-chest_vp-ap_cr.png,predictions/probabilities/qata_test_sub-S09609_ses-E23666_run-1_bp-chest_vp-ap_cr.npy
qata_test_sub-S09609_ses-E25797_run-1_bp-chest_vp-ap_cr,sub-S09609,tripath_lesionnet,1003,0.7299159663888243,0.5746989546172463,21.952219780036263,6.169931251191771,predictions/masks/qata_test_sub-S09609_ses-E25797_run-1_bp-chest_vp-ap_cr.png,predictions/probabilities/qata_test_sub-S09609_ses-E25797_run-1_bp-chest_vp-ap_cr.npy
qata_test_sub-S09610_ses-E19688_run-1_bp-chest_vp-pa_cr,sub-S09610,tripath_lesionnet,1003,0.47926086102851856,0.3151499483113974,141.85483858785557,52.90392632550262,predictions/masks/qata_test_sub-S09610_ses-E19688_run-1_bp-chest_vp-pa_cr.png,predictions/probabilities/qata_test_sub-S09610_ses-E19688_run-1_bp-chest_vp-pa_cr.npy
qata_test_sub-S09610_ses-E20704_run-1_bp-chest_vp-pa_cr,sub-S09610,tripath_lesionnet,1003,0.4629921259983467,0.3012295082205864,142.91570790385157,59.93880745131882,predictions/masks/qata_test_sub-S09610_ses-E20704_run-1_bp-chest_vp-pa_cr.png,predictions/probabilities/qata_test_sub-S09610_ses-E20704_run-1_bp-chest_vp-pa_cr.npy
qata_test_sub-S09610_ses-E23665_run-1_bp-chest_vp-pa_cr,sub-S09610,tripath_lesionnet,1003,0.7624463270307247,0.6160915228879202,93.04595465714684,20.537396490435714,predictions/masks/qata_test_sub-S09610_ses-E23665_run-1_bp-chest_vp-pa_cr.png,predictions/probabilities/qata_test_sub-S09610_ses-E23665_run-1_bp-chest_vp-pa_cr.npy
qata_test_sub-S09611_ses-E17966_acq-1_run-1_bp-chest_vp-ll_dx,sub-S09611,tripath_lesionnet,1003,0.27258647394753266,0.15780035866234907,60.001234050393435,18.2693499202059,predictions/masks/qata_test_sub-S09611_ses-E17966_acq-1_run-1_bp-chest_vp-ll_dx.png,predictions/probabilities/qata_test_sub-S09611_ses-E17966_acq-1_run-1_bp-chest_vp-ll_dx.npy
qata_test_sub-S09612_ses-E16477_run-1_bp-chest_vp-ap_cr,sub-S09612,tripath_lesionnet,1003,0.8755876619660843,0.7787069141364602,18.35755975068582,3.019257363727069,predictions/masks/qata_test_sub-S09612_ses-E16477_run-1_bp-chest_vp-ap_cr.png,predictions/probabilities/qata_test_sub-S09612_ses-E16477_run-1_bp-chest_vp-ap_cr.npy
qata_test_sub-S09613_ses-E16479_run-1_bp-chest_vp-pa_cr,sub-S09613,tripath_lesionnet,1003,0.4971751412547746,0.33082706769013703,20.217301449351368,5.930193922123964,predictions/masks/qata_test_sub-S09613_ses-E16479_run-1_bp-chest_vp-pa_cr.png,predictions/probabilities/qata_test_sub-S09613_ses-E16479_run-1_bp-chest_vp-pa_cr.npy
qata_test_sub-S09613_ses-E17619_run-1_bp-chest_vp-ap_dx,sub-S09613,tripath_lesionnet,1003,0.9610203969434218,0.9249656048267016,5.385164807134504,0.9900037570895281,predictions/masks/qata_test_sub-S09613_ses-E17619_run-1_bp-chest_vp-ap_dx.png,predictions/probabilities/qata_test_sub-S09613_ses-E17619_run-1_bp-chest_vp-ap_dx.npy
qata_test_sub-S09615_ses-E23637_run-1_bp-chest_vp-ap_dx,sub-S09615,tripath_lesionnet,1003,0.8317424667821123,0.7119512976702355,14.317821063276352,2.930369477490375,predictions/masks/qata_test_sub-S09615_ses-E23637_run-1_bp-chest_vp-ap_dx.png,predictions/probabilities/qata_test_sub-S09615_ses-E23637_run-1_bp-chest_vp-ap_dx.npy
qata_test_sub-S09615_ses-E23807_run-1_bp-chest_vp-ap_dx,sub-S09615,tripath_lesionnet,1003,0.9376985096510035,0.8827046918136763,5.0,1.5730944532172393,predictions/masks/qata_test_sub-S09615_ses-E23807_run-1_bp-chest_vp-ap_dx.png,predictions/probabilities/qata_test_sub-S09615_ses-E23807_run-1_bp-chest_vp-ap_dx.npy
qata_test_sub-S09615_ses-E24190_run-1_bp-chest_vp-ap_dx,sub-S09615,tripath_lesionnet,1003,0.8192112456081931,0.693783068785962,30.29420001381055,5.494296594887305,predictions/masks/qata_test_sub-S09615_ses-E24190_run-1_bp-chest_vp-ap_dx.png,predictions/probabilities/qata_test_sub-S09615_ses-E24190_run-1_bp-chest_vp-ap_dx.npy
qata_test_sub-S09615_ses-E24891_run-1_bp-chest_vp-pa_dx,sub-S09615,tripath_lesionnet,1003,0.44096631509217543,0.28284591884404864,43.19023165437474,14.792401914732775,predictions/masks/qata_test_sub-S09615_ses-E24891_run-1_bp-chest_vp-pa_dx.png,predictions/probabilities/qata_test_sub-S09615_ses-E24891_run-1_bp-chest_vp-pa_dx.npy
qata_test_sub-S09615_ses-E25783_run-1_bp-chest_vp-ap_dx,sub-S09615,tripath_lesionnet,1003,0.6409240924151662,0.47158814960001005,107.34580247239975,26.832925961789687,predictions/masks/qata_test_sub-S09615_ses-E25783_run-1_bp-chest_vp-ap_dx.png,predictions/probabilities/qata_test_sub-S09615_ses-E25783_run-1_bp-chest_vp-ap_dx.npy
qata_test_sub-S09615_ses-E26546_run-1_bp-chest_vp-ap_dx,sub-S09615,tripath_lesionnet,1003,0.9614561027838978,0.9257731958769263,3.0,1.1083745118043609,predictions/masks/qata_test_sub-S09615_ses-E26546_run-1_bp-chest_vp-ap_dx.png,predictions/probabilities/qata_test_sub-S09615_ses-E26546_run-1_bp-chest_vp-ap_dx.npy
qata_test_sub-S09616_ses-E22845_run-1_bp-chest_vp-ap_dx,sub-S09616,tripath_lesionnet,1003,0.1362903226154722,0.0731285158341355,56.22442664528485,17.100977090112625,predictions/masks/qata_test_sub-S09616_ses-E22845_run-1_bp-chest_vp-ap_dx.png,predictions/probabilities/qata_test_sub-S09616_ses-E22845_run-1_bp-chest_vp-ap_dx.npy
qata_test_sub-S09617_ses-E23757_run-1_bp-chest_vp-ap_dx,sub-S09617,tripath_lesionnet,1003,0.7563611014375615,0.6081838565242049,12.718024162597043,3.2396780384704327,predictions/masks/qata_test_sub-S09617_ses-E23757_run-1_bp-chest_vp-ap_dx.png,predictions/probabilities/qata_test_sub-S09617_ses-E23757_run-1_bp-chest_vp-ap_dx.npy
qata_test_sub-S09617_ses-E24856_run-1_bp-chest_vp-ap_dx,sub-S09617,tripath_lesionnet,1003,0.7186472522443097,0.5608504399148936,129.3329673620975,13.239198235311152,predictions/masks/qata_test_sub-S09617_ses-E24856_run-1_bp-chest_vp-ap_dx.png,predictions/probabilities/qata_test_sub-S09617_ses-E24856_run-1_bp-chest_vp-ap_dx.npy
qata_test_sub-S09617_ses-E25206_run-1_bp-chest_vp-ap_dx,sub-S09617,tripath_lesionnet,1003,0.827303245061035,0.705470737922854,15.194998465286877,2.9308018281501234,predictions/masks/qata_test_sub-S09617_ses-E25206_run-1_bp-chest_vp-ap_dx.png,predictions/probabilities/qata_test_sub-S09617_ses-E25206_run-1_bp-chest_vp-ap_dx.npy
qata_test_sub-S09617_ses-E26139_run-1_bp-chest_vp-ap_dx,sub-S09617,tripath_lesionnet,1003,0.6327868852579415,0.46282973623679474,109.87318098963752,26.941050399196335,predictions/masks/qata_test_sub-S09617_ses-E26139_run-1_bp-chest_vp-ap_dx.png,predictions/probabilities/qata_test_sub-S09617_ses-E26139_run-1_bp-chest_vp-ap_dx.npy
qata_test_sub-S09618_ses-E16486_run-1_bp-chest_vp-pa_cr,sub-S09618,tripath_lesionnet,1003,0.10418521820551269,0.05495537815617871,131.46862743635836,61.71208393189632,predictions/masks/qata_test_sub-S09618_ses-E16486_run-1_bp-chest_vp-pa_cr.png,predictions/probabilities/qata_test_sub-S09618_ses-E16486_run-1_bp-chest_vp-pa_cr.npy
qata_test_sub-S09619_ses-E16489_run-1_bp-chest_vp-ap_cr,sub-S09619,tripath_lesionnet,1003,0.8172876304051074,0.6910282258142382,12.0,3.1322211656558827,predictions/masks/qata_test_sub-S09619_ses-E16489_run-1_bp-chest_vp-ap_cr.png,predictions/probabilities/qata_test_sub-S09619_ses-E16489_run-1_bp-chest_vp-ap_cr.npy
qata_test_sub-S09619_ses-E26690_run-1_bp-chest_vp-ap_cr,sub-S09619,tripath_lesionnet,1003,0.9018036072183646,0.8211678832247323,5.0990195135927845,1.5472579923421128,predictions/masks/qata_test_sub-S09619_ses-E26690_run-1_bp-chest_vp-ap_cr.png,predictions/probabilities/qata_test_sub-S09619_ses-E26690_run-1_bp-chest_vp-ap_cr.npy
qata_test_sub-S09620_ses-E23680_run-1_bp-chest_vp-ap_dx,sub-S09620,tripath_lesionnet,1003,0.644707387283508,0.47569608308278927,19.235384061671343,4.545326768231233,predictions/masks/qata_test_sub-S09620_ses-E23680_run-1_bp-chest_vp-ap_dx.png,predictions/probabilities/qata_test_sub-S09620_ses-E23680_run-1_bp-chest_vp-ap_dx.npy
qata_test_sub-S09620_ses-E24749_run-1_bp-chest_vp-ap_dx,sub-S09620,tripath_lesionnet,1003,0.6055201698681308,0.43422655301862195,20.473919711921575,4.764362525957599,predictions/masks/qata_test_sub-S09620_ses-E24749_run-1_bp-chest_vp-ap_dx.png,predictions/probabilities/qata_test_sub-S09620_ses-E24749_run-1_bp-chest_vp-ap_dx.npy
qata_test_sub-S09624_ses-E20495_run-1_bp-chest_vp-ap_cr,sub-S09624,tripath_lesionnet,1003,0.7485843714656741,0.5981900452609898,110.14263406358026,24.421358412155335,predictions/masks/qata_test_sub-S09624_ses-E20495_run-1_bp-chest_vp-ap_cr.png,predictions/probabilities/qata_test_sub-S09624_ses-E20495_run-1_bp-chest_vp-ap_cr.npy
qata_test_sub-S09624_ses-E21018_run-1_bp-chest_vp-ap_dx,sub-S09624,tripath_lesionnet,1003,0.6625704045087679,0.4954058193019984,35.510561809129406,7.575402672196577,predictions/masks/qata_test_sub-S09624_ses-E21018_run-1_bp-chest_vp-ap_dx.png,predictions/probabilities/qata_test_sub-S09624_ses-E21018_run-1_bp-chest_vp-ap_dx.npy
qata_test_sub-S09624_ses-E23883_acq-1_run-1_bp-chest_vp-ll_dx,sub-S09624,tripath_lesionnet,1003,0.7539653264568807,0.6050917703016523,8.924258501765074,2.4570779592202387,predictions/masks/qata_test_sub-S09624_ses-E23883_acq-1_run-1_bp-chest_vp-ll_dx.png,predictions/probabilities/qata_test_sub-S09624_ses-E23883_acq-1_run-1_bp-chest_vp-ll_dx.npy
qata_test_sub-S09624_ses-E25044_run-1_bp-chest_vp-ap_dx,sub-S09624,tripath_lesionnet,1003,0.9358698987424373,0.8794694348344944,6.348125995465582,1.4527374493360556,predictions/masks/qata_test_sub-S09624_ses-E25044_run-1_bp-chest_vp-ap_dx.png,predictions/probabilities/qata_test_sub-S09624_ses-E25044_run-1_bp-chest_vp-ap_dx.npy
qata_test_sub-S09624_ses-E25904_run-1_bp-chest_vp-ap_cr,sub-S09624,tripath_lesionnet,1003,0.6720379146997147,0.5060670949498192,113.0,26.586410763860794,predictions/masks/qata_test_sub-S09624_ses-E25904_run-1_bp-chest_vp-ap_cr.png,predictions/probabilities/qata_test_sub-S09624_ses-E25904_run-1_bp-chest_vp-ap_cr.npy
qata_test_sub-S09626_ses-E25311_acq-1_run-1_bp-chest_vp-ll_cr,sub-S09626,tripath_lesionnet,1003,0.8314176245291468,0.711475409859715,87.3719036698282,19.052094886141344,predictions/masks/qata_test_sub-S09626_ses-E25311_acq-1_run-1_bp-chest_vp-ll_cr.png,predictions/probabilities/qata_test_sub-S09626_ses-E25311_acq-1_run-1_bp-chest_vp-ll_cr.npy
qata_test_sub-S09626_ses-E25939_run-1_bp-chest_vp-ap_cr,sub-S09626,tripath_lesionnet,1003,0.466434452193375,0.30415032006392423,126.11502686040232,39.77375198269083,predictions/masks/qata_test_sub-S09626_ses-E25939_run-1_bp-chest_vp-ap_cr.png,predictions/probabilities/qata_test_sub-S09626_ses-E25939_run-1_bp-chest_vp-ap_cr.npy
qata_test_sub-S09628_ses-E16501_run-1_bp-chest_vp-pa_dx,sub-S09628,tripath_lesionnet,1003,0.766364812425191,0.6212248322306534,97.56252935210424,21.05731878026563,predictions/masks/qata_test_sub-S09628_ses-E16501_run-1_bp-chest_vp-pa_dx.png,predictions/probabilities/qata_test_sub-S09628_ses-E16501_run-1_bp-chest_vp-pa_dx.npy
qata_test_sub-S09629_ses-E16505_run-1_bp-chest_vp-ap_dx,sub-S09629,tripath_lesionnet,1003,0.22208811109100254,0.12491513923116665,132.2839712911661,51.35032033848991,predictions/masks/qata_test_sub-S09629_ses-E16505_run-1_bp-chest_vp-ap_dx.png,predictions/probabilities/qata_test_sub-S09629_ses-E16505_run-1_bp-chest_vp-ap_dx.npy
qata_test_sub-S09629_ses-E22281_run-1_bp-chest_vp-ap_dx,sub-S09629,tripath_lesionnet,1003,0.8883774453437523,0.7991718426639633,5.385164807134504,2.1604818039423264,predictions/masks/qata_test_sub-S09629_ses-E22281_run-1_bp-chest_vp-ap_dx.png,predictions/probabilities/qata_test_sub-S09629_ses-E22281_run-1_bp-chest_vp-ap_dx.npy
qata_test_sub-S09629_ses-E23074_run-1_bp-chest_vp-ap_dx,sub-S09629,tripath_lesionnet,1003,0.6454165253778376,0.47646862483747937,59.435117613060726,12.472423983509982,predictions/masks/qata_test_sub-S09629_ses-E23074_run-1_bp-chest_vp-ap_dx.png,predictions/probabilities/qata_test_sub-S09629_ses-E23074_run-1_bp-chest_vp-ap_dx.npy
qata_test_sub-S09631_ses-E25079_run-1_bp-chest_vp-ap_cr,sub-S09631,tripath_lesionnet,1003,0.8868249712764571,0.7966626526785366,17.9303075871948,3.8364843089873295,predictions/masks/qata_test_sub-S09631_ses-E25079_run-1_bp-chest_vp-ap_cr.png,predictions/probabilities/qata_test_sub-S09631_ses-E25079_run-1_bp-chest_vp-ap_cr.npy
qata_test_sub-S09631_ses-E25972_run-1_bp-chest_vp-ap_cr,sub-S09631,tripath_lesionnet,1003,0.9757140507648938,0.9525797473779428,1.4142135623730951,0.5726793985499326,predictions/masks/qata_test_sub-S09631_ses-E25972_run-1_bp-chest_vp-ap_cr.png,predictions/probabilities/qata_test_sub-S09631_ses-E25972_run-1_bp-chest_vp-ap_cr.npy
qata_test_sub-S09631_ses-E26175_run-1_bp-chest_vp-ap_dx,sub-S09631,tripath_lesionnet,1003,0.827041264268588,0.7050898203641868,19.684909496597207,3.4984191438354366,predictions/masks/qata_test_sub-S09631_ses-E26175_run-1_bp-chest_vp-ap_dx.png,predictions/probabilities/qata_test_sub-S09631_ses-E26175_run-1_bp-chest_vp-ap_dx.npy
qata_test_sub-S09632_ses-E21267_run-1_bp-chest_vp-ap_dx,sub-S09632,tripath_lesionnet,1003,0.6504119349849653,0.4819336743197173,48.59263423745499,8.645818443057983,predictions/masks/qata_test_sub-S09632_ses-E21267_run-1_bp-chest_vp-ap_dx.png,predictions/probabilities/qata_test_sub-S09632_ses-E21267_run-1_bp-chest_vp-ap_dx.npy
qata_test_sub-S09632_ses-E22469_run-1_bp-chest_vp-ap_dx,sub-S09632,tripath_lesionnet,1003,0.9663440387155392,0.9348797616521081,2.5026295937606973,0.8370506265328058,predictions/masks/qata_test_sub-S09632_ses-E22469_run-1_bp-chest_vp-ap_dx.png,predictions/probabilities/qata_test_sub-S09632_ses-E22469_run-1_bp-chest_vp-ap_dx.npy
qata_test_sub-S09634_ses-E16518_run-1_bp-chest_vp-pa_cr,sub-S09634,tripath_lesionnet,1003,0.864864864877459,0.761904761943858,77.44391187006566,7.353955173611861,predictions/masks/qata_test_sub-S09634_ses-E16518_run-1_bp-chest_vp-pa_cr.png,predictions/probabilities/qata_test_sub-S09634_ses-E16518_run-1_bp-chest_vp-pa_cr.npy
qata_test_sub-S09634_ses-E18890_run-1_bp-chest_vp-ap_dx,sub-S09634,tripath_lesionnet,1003,0.8255965807927627,0.7029923170298626,72.66639194503449,12.208365359772106,predictions/masks/qata_test_sub-S09634_ses-E18890_run-1_bp-chest_vp-ap_dx.png,predictions/probabilities/qata_test_sub-S09634_ses-E18890_run-1_bp-chest_vp-ap_dx.npy
qata_test_sub-S09634_ses-E22954_run-1_bp-chest_cr,sub-S09634,tripath_lesionnet,1003,0.8873343151707495,0.7974851092036734,14.866068747318506,2.945243187534751,predictions/masks/qata_test_sub-S09634_ses-E22954_run-1_bp-chest_cr.png,predictions/probabilities/qata_test_sub-S09634_ses-E22954_run-1_bp-chest_cr.npy
qata_test_sub-S09639_ses-E16526_run-1_bp-chest_vp-ap_cr,sub-S09639,tripath_lesionnet,1003,0.7692852923831153,0.6250719907923772,45.38610663520689,8.85832975499658,predictions/masks/qata_test_sub-S09639_ses-E16526_run-1_bp-chest_vp-ap_cr.png,predictions/probabilities/qata_test_sub-S09639_ses-E16526_run-1_bp-chest_vp-ap_cr.npy
qata_test_sub-S09639_ses-E18079_run-1_bp-chest_vp-ap_dx,sub-S09639,tripath_lesionnet,1003,0.8211304807193812,0.696540598676317,31.292947238644878,6.451250874640588,predictions/masks/qata_test_sub-S09639_ses-E18079_run-1_bp-chest_vp-ap_dx.png,predictions/probabilities/qata_test_sub-S09639_ses-E18079_run-1_bp-chest_vp-ap_dx.npy
qata_test_sub-S09640_ses-E16527_run-2_bp-chest_cr,sub-S09640,tripath_lesionnet,1003,0.7259813084214587,0.569835680776418,90.0,22.70933112442305,predictions/masks/qata_test_sub-S09640_ses-E16527_run-2_bp-chest_cr.png,predictions/probabilities/qata_test_sub-S09640_ses-E16527_run-2_bp-chest_cr.npy
qata_test_sub-S09640_ses-E21642_run-1_bp-chest_vp-pa_dx,sub-S09640,tripath_lesionnet,1003,0.5368966892885163,0.3669574700454221,110.4969967642296,37.01913765208585,predictions/masks/qata_test_sub-S09640_ses-E21642_run-1_bp-chest_vp-pa_dx.png,predictions/probabilities/qata_test_sub-S09640_ses-E21642_run-1_bp-chest_vp-pa_dx.npy
qata_test_sub-S09642_ses-E18595_run-1_bp-chest_vp-pa_dx,sub-S09642,tripath_lesionnet,1003,0.9248880782635568,0.8602714373886406,6.355982887175193,3.5773213403721904,predictions/masks/qata_test_sub-S09642_ses-E18595_run-1_bp-chest_vp-pa_dx.png,predictions/probabilities/qata_test_sub-S09642_ses-E18595_run-1_bp-chest_vp-pa_dx.npy
qata_test_sub-S09642_ses-E19110_run-1_bp-chest_vp-ap_dx,sub-S09642,tripath_lesionnet,1003,0.6296863045283212,0.45951982135904407,123.60400280724386,31.10173093445536,predictions/masks/qata_test_sub-S09642_ses-E19110_run-1_bp-chest_vp-ap_dx.png,predictions/probabilities/qata_test_sub-S09642_ses-E19110_run-1_bp-chest_vp-ap_dx.npy
qata_test_sub-S09642_ses-E22563_run-1_bp-chest_vp-ap_dx,sub-S09642,tripath_lesionnet,1003,0.9438762783739393,0.8937175248002484,7.0,1.6494448885059476,predictions/masks/qata_test_sub-S09642_ses-E22563_run-1_bp-chest_vp-ap_dx.png,predictions/probabilities/qata_test_sub-S09642_ses-E22563_run-1_bp-chest_vp-ap_dx.npy
qata_test_sub-S09642_ses-E24472_run-1_bp-chest_vp-ap_dx,sub-S09642,tripath_lesionnet,1003,0.9276739690727475,0.8651044013840303,7.810249675906654,1.6829207448526604,predictions/masks/qata_test_sub-S09642_ses-E24472_run-1_bp-chest_vp-ap_dx.png,predictions/probabilities/qata_test_sub-S09642_ses-E24472_run-1_bp-chest_vp-ap_dx.npy
qata_test_sub-S09642_ses-E24842_run-1_bp-chest_vp-pa_dx,sub-S09642,tripath_lesionnet,1003,0.6007763511615176,0.429364063191235,99.8836652169075,25.17226616229515,predictions/masks/qata_test_sub-S09642_ses-E24842_run-1_bp-chest_vp-pa_dx.png,predictions/probabilities/qata_test_sub-S09642_ses-E24842_run-1_bp-chest_vp-pa_dx.npy
qata_test_sub-S09642_ses-E25504_run-1_bp-chest_vp-ap_dx,sub-S09642,tripath_lesionnet,1003,0.8288159771815686,0.707673568836317,11.180339887498949,5.9114876353893955,predictions/masks/qata_test_sub-S09642_ses-E25504_run-1_bp-chest_vp-ap_dx.png,predictions/probabilities/qata_test_sub-S09642_ses-E25504_run-1_bp-chest_vp-ap_dx.npy
qata_test_sub-S09644_ses-E18384_run-1_bp-chest_vp-ap_dx,sub-S09644,tripath_lesionnet,1003,0.8352313680288996,0.717079207927795,17.474261467359998,3.8935431171888206,predictions/masks/qata_test_sub-S09644_ses-E18384_run-1_bp-chest_vp-ap_dx.png,predictions/probabilities/qata_test_sub-S09644_ses-E18384_run-1_bp-chest_vp-ap_dx.npy
qata_test_sub-S09644_ses-E25741_run-1_bp-chest_vp-pa_cr,sub-S09644,tripath_lesionnet,1003,0.9057750759897513,0.8277777777841564,5.0,1.453694082476904,predictions/masks/qata_test_sub-S09644_ses-E25741_run-1_bp-chest_vp-pa_cr.png,predictions/probabilities/qata_test_sub-S09644_ses-E25741_run-1_bp-chest_vp-pa_cr.npy
qata_test_sub-S09644_ses-E26051_run-1_bp-chest_vp-ap_dx,sub-S09644,tripath_lesionnet,1003,0.925016589251161,0.8604938271639384,4.47213595499958,1.3209199651726815,predictions/masks/qata_test_sub-S09644_ses-E26051_run-1_bp-chest_vp-ap_dx.png,predictions/probabilities/qata_test_sub-S09644_ses-E26051_run-1_bp-chest_vp-ap_dx.npy
qata_test_sub-S09645_ses-E16533_run-1_bp-chest_vp-ap_dx,sub-S09645,tripath_lesionnet,1003,0.5303867403747341,0.3609022557191852,93.54730817735728,12.775176217815256,predictions/masks/qata_test_sub-S09645_ses-E16533_run-1_bp-chest_vp-ap_dx.png,predictions/probabilities/qata_test_sub-S09645_ses-E16533_run-1_bp-chest_vp-ap_dx.npy
qata_test_sub-S09645_ses-E16927_run-1_bp-chest_cr,sub-S09645,tripath_lesionnet,1003,1.0384215990614308e-10,1.0384215990614308e-10,135.21038832712935,111.02926994220864,predictions/masks/qata_test_sub-S09645_ses-E16927_run-1_bp-chest_cr.png,predictions/probabilities/qata_test_sub-S09645_ses-E16927_run-1_bp-chest_cr.npy
qata_test_sub-S09645_ses-E20801_run-1_bp-chest_vp-ap_dx,sub-S09645,tripath_lesionnet,1003,0.27209069692323806,0.15746815904448214,126.76534788818913,50.80339538468965,predictions/masks/qata_test_sub-S09645_ses-E20801_run-1_bp-chest_vp-ap_dx.png,predictions/probabilities/qata_test_sub-S09645_ses-E20801_run-1_bp-chest_vp-ap_dx.npy
qata_test_sub-S09645_ses-E26858_run-1_bp-chest_vp-ap_cr,sub-S09645,tripath_lesionnet,1003,0.401511063173151,0.25118163408162175,121.8558331777708,57.23662683275982,predictions/masks/qata_test_sub-S09645_ses-E26858_run-1_bp-chest_vp-ap_cr.png,predictions/probabilities/qata_test_sub-S09645_ses-E26858_run-1_bp-chest_vp-ap_cr.npy
qata_test_sub-S09647_ses-E26113_run-1_bp-chest_vp-ap_cr,sub-S09647,tripath_lesionnet,1003,0.8240670221002234,0.7007772021112982,7.750252518811528,1.7891541284610373,predictions/masks/qata_test_sub-S09647_ses-E26113_run-1_bp-chest_vp-ap_cr.png,predictions/probabilities/qata_test_sub-S09647_ses-E26113_run-1_bp-chest_vp-ap_cr.npy
qata_test_sub-S09650_ses-E16538_run-1_bp-chest_vp-ap_cr,sub-S09650,tripath_lesionnet,1003,0.8748299319749179,0.7775090689305468,68.87670143089025,11.092070838154488,predictions/masks/qata_test_sub-S09650_ses-E16538_run-1_bp-chest_vp-ap_cr.png,predictions/probabilities/qata_test_sub-S09650_ses-E16538_run-1_bp-chest_vp-ap_cr.npy
qata_test_sub-S09651_ses-E16807_run-1_bp-chest_vp-ap_dx,sub-S09651,tripath_lesionnet,1003,0.8584206491201326,0.751958809049654,12.701744044572482,3.3732254152887142,predictions/masks/qata_test_sub-S09651_ses-E16807_run-1_bp-chest_vp-ap_dx.png,predictions/probabilities/qata_test_sub-S09651_ses-E16807_run-1_bp-chest_vp-ap_dx.npy
qata_test_sub-S09651_ses-E19416_run-1_bp-chest_vp-ap_dx,sub-S09651,tripath_lesionnet,1003,0.8692055341624704,0.7686680121148166,23.0,5.517257211006587,predictions/masks/qata_test_sub-S09651_ses-E19416_run-1_bp-chest_vp-ap_dx.png,predictions/probabilities/qata_test_sub-S09651_ses-E19416_run-1_bp-chest_vp-ap_dx.npy
qata_test_sub-S09651_ses-E19665_run-1_bp-chest_vp-ap_dx,sub-S09651,tripath_lesionnet,1003,0.908609484073589,0.8325246287335315,7.615773105863909,2.2871050560757187,predictions/masks/qata_test_sub-S09651_ses-E19665_run-1_bp-chest_vp-ap_dx.png,predictions/probabilities/qata_test_sub-S09651_ses-E19665_run-1_bp-chest_vp-ap_dx.npy
qata_test_sub-S09651_ses-E20193_run-1_bp-chest_vp-ap_dx,sub-S09651,tripath_lesionnet,1003,0.8866648260637309,0.7964042157495796,36.138621999185304,5.412286912756236,predictions/masks/qata_test_sub-S09651_ses-E20193_run-1_bp-chest_vp-ap_dx.png,predictions/probabilities/qata_test_sub-S09651_ses-E20193_run-1_bp-chest_vp-ap_dx.npy
qata_test_sub-S09651_ses-E22019_run-1_bp-chest_vp-ap_dx,sub-S09651,tripath_lesionnet,1003,0.6253071253186331,0.454870420042231,108.27710159240608,21.795330947507104,predictions/masks/qata_test_sub-S09651_ses-E22019_run-1_bp-chest_vp-ap_dx.png,predictions/probabilities/qata_test_sub-S09651_ses-E22019_run-1_bp-chest_vp-ap_dx.npy
qata_test_sub-S09651_ses-E23114_run-1_bp-chest_vp-ap_dx,sub-S09651,tripath_lesionnet,1003,0.9370406537496169,0.8815395029505702,7.615773105863909,1.8837755456622531,predictions/masks/qata_test_sub-S09651_ses-E23114_run-1_bp-chest_vp-ap_dx.png,predictions/probabilities/qata_test_sub-S09651_ses-E23114_run-1_bp-chest_vp-ap_dx.npy
qata_test_sub-S09651_ses-E23644_run-1_bp-chest_vp-ap_dx,sub-S09651,tripath_lesionnet,1003,0.25035294118822976,0.14308768156458512,84.86459803710851,30.04244337168631,predictions/masks/qata_test_sub-S09651_ses-E23644_run-1_bp-chest_vp-ap_dx.png,predictions/probabilities/qata_test_sub-S09651_ses-E23644_run-1_bp-chest_vp-ap_dx.npy
qata_test_sub-S09651_ses-E27113_run-1_bp-chest_vp-ap_dx,sub-S09651,tripath_lesionnet,1003,0.7640802875991306,0.6182280935690433,34.539832078341085,8.75810334860748,predictions/masks/qata_test_sub-S09651_ses-E27113_run-1_bp-chest_vp-ap_dx.png,predictions/probabilities/qata_test_sub-S09651_ses-E27113_run-1_bp-chest_vp-ap_dx.npy
qata_test_sub-S09653_ses-E16543_run-1_bp-chest_vp-ap_cr,sub-S09653,tripath_lesionnet,1003,0.8796902918415754,0.7852206273296966,13.0384048104053,2.5659453880738745,predictions/masks/qata_test_sub-S09653_ses-E16543_run-1_bp-chest_vp-ap_cr.png,predictions/probabilities/qata_test_sub-S09653_ses-E16543_run-1_bp-chest_vp-ap_cr.npy
qata_test_sub-S09653_ses-E16948_run-2_bp-chest_vp-ap_dx,sub-S09653,tripath_lesionnet,1003,0.9680953527572351,0.9381635748461303,2.23606797749979,0.7362895254778218,predictions/masks/qata_test_sub-S09653_ses-E16948_run-2_bp-chest_vp-ap_dx.png,predictions/probabilities/qata_test_sub-S09653_ses-E16948_run-2_bp-chest_vp-ap_dx.npy
qata_test_sub-S09653_ses-E21504_run-1_bp-chest_vp-ap_cr,sub-S09653,tripath_lesionnet,1003,0.6605272051397386,0.4931247634730273,56.61095289356604,11.436034306567093,predictions/masks/qata_test_sub-S09653_ses-E21504_run-1_bp-chest_vp-ap_cr.png,predictions/probabilities/qata_test_sub-S09653_ses-E21504_run-1_bp-chest_vp-ap_cr.npy
qata_test_sub-S09653_ses-E21911_run-1_bp-chest_vp-pa_cr,sub-S09653,tripath_lesionnet,1003,0.8079625292756109,0.677799607077213,8.807493252816515,2.426866872909676,predictions/masks/qata_test_sub-S09653_ses-E21911_run-1_bp-chest_vp-pa_cr.png,predictions/probabilities/qata_test_sub-S09653_ses-E21911_run-1_bp-chest_vp-pa_cr.npy
qata_test_sub-S09653_ses-E22819_run-1_bp-chest_vp-ap_dx,sub-S09653,tripath_lesionnet,1003,0.6491328815935553,0.4805305220288976,34.502061688427894,6.905414775528363,predictions/masks/qata_test_sub-S09653_ses-E22819_run-1_bp-chest_vp-ap_dx.png,predictions/probabilities/qata_test_sub-S09653_ses-E22819_run-1_bp-chest_vp-ap_dx.npy
qata_test_sub-S09653_ses-E23000_run-1_bp-chest_vp-ap_dx,sub-S09653,tripath_lesionnet,1003,0.8189777262790074,0.6934481630906633,31.971833680126274,6.443437233155755,predictions/masks/qata_test_sub-S09653_ses-E23000_run-1_bp-chest_vp-ap_dx.png,predictions/probabilities/qata_test_sub-S09653_ses-E23000_run-1_bp-chest_vp-ap_dx.npy
qata_test_sub-S09653_ses-E27070_run-1_bp-chest_vp-ap_cr,sub-S09653,tripath_lesionnet,1003,0.8447831446840212,0.7312766783133241,30.55121514076471,4.608201646253294,predictions/masks/qata_test_sub-S09653_ses-E27070_run-1_bp-chest_vp-ap_cr.png,predictions/probabilities/qata_test_sub-S09653_ses-E27070_run-1_bp-chest_vp-ap_cr.npy
qata_test_sub-S09654_ses-E24109_run-1_bp-chest_vp-ap_dx,sub-S09654,tripath_lesionnet,1003,0.7837604996792616,0.6444129626413243,33.311498799165754,5.271118302275085,predictions/masks/qata_test_sub-S09654_ses-E24109_run-1_bp-chest_vp-ap_dx.png,predictions/probabilities/qata_test_sub-S09654_ses-E24109_run-1_bp-chest_vp-ap_dx.npy
qata_test_sub-S09654_ses-E26317_acq-1_run-1_bp-chest_vp-pa_dx,sub-S09654,tripath_lesionnet,1003,0.6456201214285235,0.4766905737838963,94.93168062326797,27.201399557055453,predictions/masks/qata_test_sub-S09654_ses-E26317_acq-1_run-1_bp-chest_vp-pa_dx.png,predictions/probabilities/qata_test_sub-S09654_ses-E26317_acq-1_run-1_bp-chest_vp-pa_dx.npy
qata_test_sub-S09655_ses-E16547_run-1_bp-chest_vp-pa_cr,sub-S09655,tripath_lesionnet,1003,0.784330244315212,0.645183645188563,24.041630560342615,3.8817459938130807,predictions/masks/qata_test_sub-S09655_ses-E16547_run-1_bp-chest_vp-pa_cr.png,predictions/probabilities/qata_test_sub-S09655_ses-E16547_run-1_bp-chest_vp-pa_cr.npy
qata_test_sub-S09656_ses-E27060_run-1_bp-chest_vp-ap_cr,sub-S09656,tripath_lesionnet,1003,0.4454732510573316,0.28656518866402614,88.65776117231798,30.271226169982366,predictions/masks/qata_test_sub-S09656_ses-E27060_run-1_bp-chest_vp-ap_cr.png,predictions/probabilities/qata_test_sub-S09656_ses-E27060_run-1_bp-chest_vp-ap_cr.npy
qata_test_sub-S09656_ses-E27157_run-1_bp-chest_vp-ap_dx,sub-S09656,tripath_lesionnet,1003,0.961676834037428,0.9261825851167401,2.8284271247461903,0.9692727036052987,predictions/masks/qata_test_sub-S09656_ses-E27157_run-1_bp-chest_vp-ap_dx.png,predictions/probabilities/qata_test_sub-S09656_ses-E27157_run-1_bp-chest_vp-ap_dx.npy
qata_test_sub-S09660_ses-E16558_run-1_bp-chest_vp-ap_dx,sub-S09660,tripath_lesionnet,1003,0.7403881362185941,0.5877906976864015,104.36545399570146,22.514134518781876,predictions/masks/qata_test_sub-S09660_ses-E16558_run-1_bp-chest_vp-ap_dx.png,predictions/probabilities/qata_test_sub-S09660_ses-E16558_run-1_bp-chest_vp-ap_dx.npy
qata_test_sub-S09662_ses-E16562_run-1_bp-chest_vp-ap_dx,sub-S09662,tripath_lesionnet,1003,0.9503438893511424,0.9053859447018233,4.2008034155936995,1.2281920725090054,predictions/masks/qata_test_sub-S09662_ses-E16562_run-1_bp-chest_vp-ap_dx.png,predictions/probabilities/qata_test_sub-S09662_ses-E16562_run-1_bp-chest_vp-ap_dx.npy
qata_test_sub-S09662_ses-E16854_run-1_bp-chest_vp-ap_dx,sub-S09662,tripath_lesionnet,1003,0.7987254381413317,0.6648983201003625,9.486832980505138,2.5383995029388577,predictions/masks/qata_test_sub-S09662_ses-E16854_run-1_bp-chest_vp-ap_dx.png,predictions/probabilities/qata_test_sub-S09662_ses-E16854_run-1_bp-chest_vp-ap_dx.npy
qata_test_sub-S09662_ses-E17946_run-1_bp-chest_vp-ap_cr,sub-S09662,tripath_lesionnet,1003,0.8630594522469566,0.7591069330482836,6.227838204321335,1.6894774112588284,predictions/masks/qata_test_sub-S09662_ses-E17946_run-1_bp-chest_vp-ap_cr.png,predictions/probabilities/qata_test_sub-S09662_ses-E17946_run-1_bp-chest_vp-ap_cr.npy
qata_test_sub-S09662_ses-E18646_run-1_bp-chest_vp-ap_dx,sub-S09662,tripath_lesionnet,1003,0.9556048287757792,0.9149839592383942,3.0,1.1838328708665236,predictions/masks/qata_test_sub-S09662_ses-E18646_run-1_bp-chest_vp-ap_dx.png,predictions/probabilities/qata_test_sub-S09662_ses-E18646_run-1_bp-chest_vp-ap_dx.npy
qata_test_sub-S09662_ses-E19021_run-1_bp-chest_vp-ap_cr,sub-S09662,tripath_lesionnet,1003,0.959796083883908,0.922699933170832,3.0,1.0170891451185502,predictions/masks/qata_test_sub-S09662_ses-E19021_run-1_bp-chest_vp-ap_cr.png,predictions/probabilities/qata_test_sub-S09662_ses-E19021_run-1_bp-chest_vp-ap_cr.npy
qata_test_sub-S09662_ses-E19169_run-1_bp-chest_vp-ap_dx,sub-S09662,tripath_lesionnet,1003,0.9649195702501043,0.9322169973628601,2.23606797749979,0.8544277385573573,predictions/masks/qata_test_sub-S09662_ses-E19169_run-1_bp-chest_vp-ap_dx.png,predictions/probabilities/qata_test_sub-S09662_ses-E19169_run-1_bp-chest_vp-ap_dx.npy
qata_test_sub-S09662_ses-E19249_run-1_bp-chest_vp-ap_dx,sub-S09662,tripath_lesionnet,1003,0.9441200208899772,0.8941546762599447,5.0,1.3228090719812184,predictions/masks/qata_test_sub-S09662_ses-E19249_run-1_bp-chest_vp-ap_dx.png,predictions/probabilities/qata_test_sub-S09662_ses-E19249_run-1_bp-chest_vp-ap_dx.npy
qata_test_sub-S09662_ses-E19505_run-1_bp-chest_vp-ap_cr,sub-S09662,tripath_lesionnet,1003,0.47187928671824975,0.30879712750994626,103.27309955947676,43.2556867202434,predictions/masks/qata_test_sub-S09662_ses-E19505_run-1_bp-chest_vp-ap_cr.png,predictions/probabilities/qata_test_sub-S09662_ses-E19505_run-1_bp-chest_vp-ap_cr.npy
qata_test_sub-S09662_ses-E20072_run-1_bp-chest_vp-ap_dx,sub-S09662,tripath_lesionnet,1003,0.960895478994324,0.9247341913832577,2.23606797749979,0.8753092040112154,predictions/masks/qata_test_sub-S09662_ses-E20072_run-1_bp-chest_vp-ap_dx.png,predictions/probabilities/qata_test_sub-S09662_ses-E20072_run-1_bp-chest_vp-ap_dx.npy
qata_test_sub-S09662_ses-E20481_run-1_bp-chest_vp-ap_cr,sub-S09662,tripath_lesionnet,1003,0.6073442023524708,0.4361050328350962,53.99073278877741,14.745437428171817,predictions/masks/qata_test_sub-S09662_ses-E20481_run-1_bp-chest_vp-ap_cr.png,predictions/probabilities/qata_test_sub-S09662_ses-E20481_run-1_bp-chest_vp-ap_cr.npy
qata_test_sub-S09662_ses-E20718_run-1_bp-chest_vp-ap_dx,sub-S09662,tripath_lesionnet,1003,0.9667991439928658,0.9357320392953516,2.23606797749979,0.8179704640165892,predictions/masks/qata_test_sub-S09662_ses-E20718_run-1_bp-chest_vp-ap_dx.png,predictions/probabilities/qata_test_sub-S09662_ses-E20718_run-1_bp-chest_vp-ap_dx.npy
qata_test_sub-S09662_ses-E20860_run-1_bp-chest_vp-ap_dx,sub-S09662,tripath_lesionnet,1003,0.9718253285133883,0.9451947762033129,2.23606797749979,0.6950844328504364,predictions/masks/qata_test_sub-S09662_ses-E20860_run-1_bp-chest_vp-ap_dx.png,predictions/probabilities/qata_test_sub-S09662_ses-E20860_run-1_bp-chest_vp-ap_dx.npy
qata_test_sub-S09662_ses-E21005_run-1_bp-chest_vp-ap_dx,sub-S09662,tripath_lesionnet,1003,0.9220071610195527,0.8552998940997854,8.619422599190438,2.21559478977323,predictions/masks/qata_test_sub-S09662_ses-E21005_run-1_bp-chest_vp-ap_dx.png,predictions/probabilities/qata_test_sub-S09662_ses-E21005_run-1_bp-chest_vp-ap_dx.npy
qata_test_sub-S09662_ses-E21938_run-1_bp-chest_vp-ap_dx,sub-S09662,tripath_lesionnet,1003,0.5982866758482615,0.4268252755710266,45.052060989392174,9.164668375707032,predictions/masks/qata_test_sub-S09662_ses-E21938_run-1_bp-chest_vp-ap_dx.png,predictions/probabilities/qata_test_sub-S09662_ses-E21938_run-1_bp-chest_vp-ap_dx.npy
qata_test_sub-S09662_ses-E22686_run-1_bp-chest_vp-ap_dx,sub-S09662,tripath_lesionnet,1003,0.8096120837637514,0.6801245818470397,31.990608959234905,5.105695207567647,predictions/masks/qata_test_sub-S09662_ses-E22686_run-1_bp-chest_vp-ap_dx.png,predictions/probabilities/qata_test_sub-S09662_ses-E22686_run-1_bp-chest_vp-ap_dx.npy
qata_test_sub-S09662_ses-E23871_run-1_bp-chest_vp-ap_cr,sub-S09662,tripath_lesionnet,1003,0.9479776476852849,0.9011002908827482,4.0,1.2562224457991664,predictions/masks/qata_test_sub-S09662_ses-E23871_run-1_bp-chest_vp-ap_cr.png,predictions/probabilities/qata_test_sub-S09662_ses-E23871_run-1_bp-chest_vp-ap_cr.npy
qata_test_sub-S09662_ses-E25590_run-1_bp-chest_vp-pa_dx,sub-S09662,tripath_lesionnet,1003,0.9152051166745855,0.8436665131290312,9.129256831757349,2.3515260027074842,predictions/masks/qata_test_sub-S09662_ses-E25590_run-1_bp-chest_vp-pa_dx.png,predictions/probabilities/qata_test_sub-S09662_ses-E25590_run-1_bp-chest_vp-pa_dx.npy
qata_test_sub-S09662_ses-E25888_run-1_bp-chest_vp-pa_dx,sub-S09662,tripath_lesionnet,1003,0.9302245101010934,0.8695511524474764,6.737383539249406,1.7941897986032265,predictions/masks/qata_test_sub-S09662_ses-E25888_run-1_bp-chest_vp-pa_dx.png,predictions/probabilities/qata_test_sub-S09662_ses-E25888_run-1_bp-chest_vp-pa_dx.npy
qata_test_sub-S09663_ses-E16565_run-1_bp-chest_vp-pa_cr,sub-S09663,tripath_lesionnet,1003,0.6576524741180192,0.48992713246935593,18.552479340792512,4.865731529806326,predictions/masks/qata_test_sub-S09663_ses-E16565_run-1_bp-chest_vp-pa_cr.png,predictions/probabilities/qata_test_sub-S09663_ses-E16565_run-1_bp-chest_vp-pa_cr.npy
qata_test_sub-S09663_ses-E24207_run-1_bp-chest_vp-pa_cr,sub-S09663,tripath_lesionnet,1003,0.961063757245407,0.9250459438182588,2.23606797749979,0.886749669200085,predictions/masks/qata_test_sub-S09663_ses-E24207_run-1_bp-chest_vp-pa_cr.png,predictions/probabilities/qata_test_sub-S09663_ses-E24207_run-1_bp-chest_vp-pa_cr.npy
qata_test_sub-S09665_ses-E25263_run-1_bp-chest_vp-pa_dx,sub-S09665,tripath_lesionnet,1003,0.5522727272896867,0.3814756672223194,39.40304140310156,8.465877849713465,predictions/masks/qata_test_sub-S09665_ses-E25263_run-1_bp-chest_vp-pa_dx.png,predictions/probabilities/qata_test_sub-S09665_ses-E25263_run-1_bp-chest_vp-pa_dx.npy
qata_test_sub-S09668_ses-E16574_run-1_bp-chest_vp-ap_cr,sub-S09668,tripath_lesionnet,1003,4.8590864915034456e-11,4.8590864915034456e-11,110.16070941142732,84.93118039916575,predictions/masks/qata_test_sub-S09668_ses-E16574_run-1_bp-chest_vp-ap_cr.png,predictions/probabilities/qata_test_sub-S09668_ses-E16574_run-1_bp-chest_vp-ap_cr.npy
qata_test_sub-S09669_ses-E16870_run-1_bp-chest_vp-ap_dx,sub-S09669,tripath_lesionnet,1003,0.09039548035446392,0.04733727824743532,85.02938634486131,45.304201665318324,predictions/masks/qata_test_sub-S09669_ses-E16870_run-1_bp-chest_vp-ap_dx.png,predictions/probabilities/qata_test_sub-S09669_ses-E16870_run-1_bp-chest_vp-ap_dx.npy
qata_test_sub-S09669_ses-E18824_run-1_bp-chest_cr,sub-S09669,tripath_lesionnet,1003,0.8692186207425042,0.7686884809820606,15.018313008105098,3.7492236688563305,predictions/masks/qata_test_sub-S09669_ses-E18824_run-1_bp-chest_cr.png,predictions/probabilities/qata_test_sub-S09669_ses-E18824_run-1_bp-chest_cr.npy
qata_test_sub-S09669_ses-E19046_run-1_bp-chest_cr,sub-S09669,tripath_lesionnet,1003,0.9590906086844287,0.9213968253978235,3.0,0.9573408884405936,predictions/masks/qata_test_sub-S09669_ses-E19046_run-1_bp-chest_cr.png,predictions/probabilities/qata_test_sub-S09669_ses-E19046_run-1_bp-chest_cr.npy
qata_test_sub-S09669_ses-E19549_run-1_bp-chest_vp-ap_dx,sub-S09669,tripath_lesionnet,1003,0.9497444633734402,0.9042984590442782,4.0,1.1408165545224924,predictions/masks/qata_test_sub-S09669_ses-E19549_run-1_bp-chest_vp-ap_dx.png,predictions/probabilities/qata_test_sub-S09669_ses-E19549_run-1_bp-chest_vp-ap_dx.npy
qata_test_sub-S09669_ses-E20245_run-1_bp-chest_vp-ap_dx,sub-S09669,tripath_lesionnet,1003,0.9391187853532367,0.8852251999454859,3.605551275463989,1.4300035297036986,predictions/masks/qata_test_sub-S09669_ses-E20245_run-1_bp-chest_vp-ap_dx.png,predictions/probabilities/qata_test_sub-S09669_ses-E20245_run-1_bp-chest_vp-ap_dx.npy
qata_test_sub-S09669_ses-E21584_run-1_bp-chest_vp-ap_dx,sub-S09669,tripath_lesionnet,1003,0.9262863321253814,0.8626939936042802,6.912461179749824,1.891948414019332,predictions/masks/qata_test_sub-S09669_ses-E21584_run-1_bp-chest_vp-ap_dx.png,predictions/probabilities/qata_test_sub-S09669_ses-E21584_run-1_bp-chest_vp-ap_dx.npy
qata_test_sub-S09669_ses-E21879_acq-1_run-1_bp-chest_vp-ap_dx,sub-S09669,tripath_lesionnet,1003,0.9194370793408232,0.8508871272234471,5.561762944667118,1.6295160972985228,predictions/masks/qata_test_sub-S09669_ses-E21879_acq-1_run-1_bp-chest_vp-ap_dx.png,predictions/probabilities/qata_test_sub-S09669_ses-E21879_acq-1_run-1_bp-chest_vp-ap_dx.npy
qata_test_sub-S09669_ses-E22091_run-1_bp-chest_vp-ap_dx,sub-S09669,tripath_lesionnet,1003,0.08969759100231427,0.04695465524424592,126.57013865837392,58.160586078328606,predictions/masks/qata_test_sub-S09669_ses-E22091_run-1_bp-chest_vp-ap_dx.png,predictions/probabilities/qata_test_sub-S09669_ses-E22091_run-1_bp-chest_vp-ap_dx.npy
qata_test_sub-S09669_ses-E22250_run-1_bp-chest_vp-ap_dx,sub-S09669,tripath_lesionnet,1003,0.8482462419524608,0.7364822871512441,11.661903789690601,3.0396398525225408,predictions/masks/qata_test_sub-S09669_ses-E22250_run-1_bp-chest_vp-ap_dx.png,predictions/probabilities/qata_test_sub-S09669_ses-E22250_run-1_bp-chest_vp-ap_dx.npy
qata_test_sub-S09669_ses-E22709_run-1_bp-chest_cr,sub-S09669,tripath_lesionnet,1003,0.9601737043599784,0.9233981756245367,4.123105625617661,1.0558141054863874,predictions/masks/qata_test_sub-S09669_ses-E22709_run-1_bp-chest_cr.png,predictions/probabilities/qata_test_sub-S09669_ses-E22709_run-1_bp-chest_cr.npy
qata_test_sub-S09669_ses-E22898_run-1_bp-chest_vp-ap_dx,sub-S09669,tripath_lesionnet,1003,0.8575454417369484,0.7506166748920743,14.560219778561036,3.433407690698846,predictions/masks/qata_test_sub-S09669_ses-E22898_run-1_bp-chest_vp-ap_dx.png,predictions/probabilities/qata_test_sub-S09669_ses-E22898_run-1_bp-chest_vp-ap_dx.npy
qata_test_sub-S09670_ses-E16577_run-1_bp-chest_vp-ap_cr,sub-S09670,tripath_lesionnet,1003,0.9287918619278912,0.867050789588838,6.0,1.4701038150937238,predictions/masks/qata_test_sub-S09670_ses-E16577_run-1_bp-chest_vp-ap_cr.png,predictions/probabilities/qata_test_sub-S09670_ses-E16577_run-1_bp-chest_vp-ap_cr.npy
qata_test_sub-S09670_ses-E17050_run-1_bp-chest_vp-ap_cr,sub-S09670,tripath_lesionnet,1003,0.5840220386056912,0.41245136194391036,108.99933550523845,35.06005919357563,predictions/masks/qata_test_sub-S09670_ses-E17050_run-1_bp-chest_vp-ap_cr.png,predictions/probabilities/qata_test_sub-S09670_ses-E17050_run-1_bp-chest_vp-ap_cr.npy
qata_test_sub-S09670_ses-E17147_run-1_bp-chest_vp-pa_cr,sub-S09670,tripath_lesionnet,1003,0.5540868627042329,0.38320895524689524,20.687452375334395,6.173841027797978,predictions/masks/qata_test_sub-S09670_ses-E17147_run-1_bp-chest_vp-pa_cr.png,predictions/probabilities/qata_test_sub-S09670_ses-E17147_run-1_bp-chest_vp-pa_cr.npy
qata_test_sub-S09670_ses-E17925_run-1_bp-chest_vp-ap_cr,sub-S09670,tripath_lesionnet,1003,0.776785714305644,0.6350364964036443,7.822850079526251,1.8913671791268605,predictions/masks/qata_test_sub-S09670_ses-E17925_run-1_bp-chest_vp-ap_cr.png,predictions/probabilities/qata_test_sub-S09670_ses-E17925_run-1_bp-chest_vp-ap_cr.npy
qata_test_sub-S09670_ses-E18811_run-1_bp-chest_vp-ap_cr,sub-S09670,tripath_lesionnet,1003,0.954321932029536,0.912634549065601,5.761312836704117,1.1473281434498985,predictions/masks/qata_test_sub-S09670_ses-E18811_run-1_bp-chest_vp-ap_cr.png,predictions/probabilities/qata_test_sub-S09670_ses-E18811_run-1_bp-chest_vp-ap_cr.npy
qata_test_sub-S09670_ses-E19746_run-1_bp-chest_vp-ap_cr,sub-S09670,tripath_lesionnet,1003,0.7110533159973034,0.5516545601351674,64.38788436443875,10.889952393694161,predictions/masks/qata_test_sub-S09670_ses-E19746_run-1_bp-chest_vp-ap_cr.png,predictions/probabilities/qata_test_sub-S09670_ses-E19746_run-1_bp-chest_vp-ap_cr.npy
qata_test_sub-S09670_ses-E20338_run-1_bp-chest_vp-ap_cr,sub-S09670,tripath_lesionnet,1003,0.9553315545016536,0.914483019582684,4.0,1.6601727545186715,predictions/masks/qata_test_sub-S09670_ses-E20338_run-1_bp-chest_vp-ap_cr.png,predictions/probabilities/qata_test_sub-S09670_ses-E20338_run-1_bp-chest_vp-ap_cr.npy
qata_test_sub-S09670_ses-E20877_run-1_bp-chest_vp-ap_cr,sub-S09670,tripath_lesionnet,1003,0.9670781893006107,0.9362549800804282,2.8284271247461903,0.7814450495898964,predictions/masks/qata_test_sub-S09670_ses-E20877_run-1_bp-chest_vp-ap_cr.png,predictions/probabilities/qata_test_sub-S09670_ses-E20877_run-1_bp-chest_vp-ap_cr.npy
qata_test_sub-S09670_ses-E21243_run-1_bp-chest_vp-ap_cr,sub-S09670,tripath_lesionnet,1003,0.9589041095893454,0.9210526315800703,3.605551275463989,0.9632771693687979,predictions/masks/qata_test_sub-S09670_ses-E21243_run-1_bp-chest_vp-ap_cr.png,predictions/probabilities/qata_test_sub-S09670_ses-E21243_run-1_bp-chest_vp-ap_cr.npy
qata_test_sub-S09670_ses-E21871_run-1_bp-chest_vp-ap_cr,sub-S09670,tripath_lesionnet,1003,0.8241623117149683,0.7009150326875577,16.1245154965971,3.1839950913219326,predictions/masks/qata_test_sub-S09670_ses-E21871_run-1_bp-chest_vp-ap_cr.png,predictions/probabilities/qata_test_sub-S09670_ses-E21871_run-1_bp-chest_vp-ap_cr.npy
qata_test_sub-S09670_ses-E22086_run-1_bp-chest_vp-ap_cr,sub-S09670,tripath_lesionnet,1003,0.9714632665453782,0.9445100354196723,2.23606797749979,0.7408563223500901,predictions/masks/qata_test_sub-S09670_ses-E22086_run-1_bp-chest_vp-ap_cr.png,predictions/probabilities/qata_test_sub-S09670_ses-E22086_run-1_bp-chest_vp-ap_cr.npy
qata_test_sub-S09670_ses-E22447_run-1_bp-chest_vp-ap_cr,sub-S09670,tripath_lesionnet,1003,0.8270815478948705,0.7051483812982784,13.237869369738107,2.944390838992812,predictions/masks/qata_test_sub-S09670_ses-E22447_run-1_bp-chest_vp-ap_cr.png,predictions/probabilities/qata_test_sub-S09670_ses-E22447_run-1_bp-chest_vp-ap_cr.npy
qata_test_sub-S09670_ses-E22700_run-1_bp-chest_vp-ap_cr,sub-S09670,tripath_lesionnet,1003,0.9641741895193087,0.9308265731206882,3.406078148580945,0.8998436120474007,predictions/masks/qata_test_sub-S09670_ses-E22700_run-1_bp-chest_vp-ap_cr.png,predictions/probabilities/qata_test_sub-S09670_ses-E22700_run-1_bp-chest_vp-ap_cr.npy
qata_test_sub-S09670_ses-E23064_run-1_bp-chest_vp-ap_cr,sub-S09670,tripath_lesionnet,1003,0.8008391608419463,0.66783298344605,8.377699818887097,2.622380757715744,predictions/masks/qata_test_sub-S09670_ses-E23064_run-1_bp-chest_vp-ap_cr.png,predictions/probabilities/qata_test_sub-S09670_ses-E23064_run-1_bp-chest_vp-ap_cr.npy
qata_test_sub-S09670_ses-E23205_run-1_bp-chest_vp-ap_cr,sub-S09670,tripath_lesionnet,1003,0.9497549679576188,0.9043175058978123,4.0,1.3248956965275698,predictions/masks/qata_test_sub-S09670_ses-E23205_run-1_bp-chest_vp-ap_cr.png,predictions/probabilities/qata_test_sub-S09670_ses-E23205_run-1_bp-chest_vp-ap_cr.npy
qata_test_sub-S09670_ses-E24775_run-1_bp-chest_vp-ap_cr,sub-S09670,tripath_lesionnet,1003,0.8248341232244092,0.70188740119855,43.23190789007158,6.2883914764591795,predictions/masks/qata_test_sub-S09670_ses-E24775_run-1_bp-chest_vp-ap_cr.png,predictions/probabilities/qata_test_sub-S09670_ses-E24775_run-1_bp-chest_vp-ap_cr.npy
qata_test_sub-S09670_ses-E25931_run-1_bp-chest_vp-pa_cr,sub-S09670,tripath_lesionnet,1003,0.9734848484849576,0.9483394833952483,2.23606797749979,0.7334607960389928,predictions/masks/qata_test_sub-S09670_ses-E25931_run-1_bp-chest_vp-pa_cr.png,predictions/probabilities/qata_test_sub-S09670_ses-E25931_run-1_bp-chest_vp-pa_cr.npy
qata_test_sub-S09672_ses-E16580_acq-1_run-1_bp-chest_cr,sub-S09672,tripath_lesionnet,1003,0.863642555512006,0.7600095900321263,50.997058540778355,9.116571330931887,predictions/masks/qata_test_sub-S09672_ses-E16580_acq-1_run-1_bp-chest_cr.png,predictions/probabilities/qata_test_sub-S09672_ses-E16580_acq-1_run-1_bp-chest_cr.npy
qata_test_sub-S09673_ses-E16581_run-1_bp-chest_vp-ap_dx,sub-S09673,tripath_lesionnet,1003,0.9040590405923727,0.824915824922375,6.493416490252569,1.7613738747983978,predictions/masks/qata_test_sub-S09673_ses-E16581_run-1_bp-chest_vp-ap_dx.png,predictions/probabilities/qata_test_sub-S09673_ses-E16581_run-1_bp-chest_vp-ap_dx.npy
qata_test_sub-S09673_ses-E16742_run-1_bp-chest_vp-pa_cr,sub-S09673,tripath_lesionnet,1003,0.5956033528452379,0.4240990991120699,29.65182370590413,5.989705077038292,predictions/masks/qata_test_sub-S09673_ses-E16742_run-1_bp-chest_vp-pa_cr.png,predictions/probabilities/qata_test_sub-S09673_ses-E16742_run-1_bp-chest_vp-pa_cr.npy
qata_test_sub-S09673_ses-E18520_run-1_bp-chest_vp-ap_dx,sub-S09673,tripath_lesionnet,1003,0.7632083219293438,0.6170872067342912,70.80886721863708,13.390707012518586,predictions/masks/qata_test_sub-S09673_ses-E18520_run-1_bp-chest_vp-ap_dx.png,predictions/probabilities/qata_test_sub-S09673_ses-E18520_run-1_bp-chest_vp-ap_dx.npy
qata_test_sub-S09673_ses-E18802_run-1_bp-chest_cr,sub-S09673,tripath_lesionnet,1003,0.9595440011124736,0.9222340994131182,3.08113883008419,1.3004074302069517,predictions/masks/qata_test_sub-S09673_ses-E18802_run-1_bp-chest_cr.png,predictions/probabilities/qata_test_sub-S09673_ses-E18802_run-1_bp-chest_cr.npy
qata_test_sub-S09673_ses-E19171_run-1_bp-chest_vp-ap_dx,sub-S09673,tripath_lesionnet,1003,0.9699531136500696,0.9416591870760141,3.0,0.6908204331894225,predictions/masks/qata_test_sub-S09673_ses-E19171_run-1_bp-chest_vp-ap_dx.png,predictions/probabilities/qata_test_sub-S09673_ses-E19171_run-1_bp-chest_vp-ap_dx.npy
qata_test_sub-S09673_ses-E19256_run-1_bp-chest_cr,sub-S09673,tripath_lesionnet,1003,0.9251614391148226,0.8607445553067187,18.81617804067597,3.2107202680072007,predictions/masks/qata_test_sub-S09673_ses-E19256_run-1_bp-chest_cr.png,predictions/probabilities/qata_test_sub-S09673_ses-E19256_run-1_bp-chest_cr.npy
qata_test_sub-S09673_ses-E19520_run-1_bp-chest_cr,sub-S09673,tripath_lesionnet,1003,0.8677282547822059,0.7663604240315709,14.7648230602334,3.271449397180572,predictions/masks/qata_test_sub-S09673_ses-E19520_run-1_bp-chest_cr.png,predictions/probabilities/qata_test_sub-S09673_ses-E19520_run-1_bp-chest_cr.npy
qata_test_sub-S09673_ses-E19739_run-1_bp-chest_cr,sub-S09673,tripath_lesionnet,1003,0.9598587026334839,0.9228156838538354,3.097366596101013,1.236826086670163,predictions/masks/qata_test_sub-S09673_ses-E19739_run-1_bp-chest_cr.png,predictions/probabilities/qata_test_sub-S09673_ses-E19739_run-1_bp-chest_cr.npy
qata_test_sub-S09673_ses-E20324_run-1_bp-chest_vp-ap_dx,sub-S09673,tripath_lesionnet,1003,0.7688695068788254,0.6245231607680582,19.0,3.8833443305761435,predictions/masks/qata_test_sub-S09673_ses-E20324_run-1_bp-chest_vp-ap_dx.png,predictions/probabilities/qata_test_sub-S09673_ses-E20324_run-1_bp-chest_vp-ap_dx.npy
qata_test_sub-S09673_ses-E20498_run-1_bp-chest_cr,sub-S09673,tripath_lesionnet,1003,0.7709427702531729,0.6272635249170254,68.58155716006493,14.597181337156341,predictions/masks/qata_test_sub-S09673_ses-E20498_run-1_bp-chest_cr.png,predictions/probabilities/qata_test_sub-S09673_ses-E20498_run-1_bp-chest_cr.npy
qata_test_sub-S09673_ses-E21409_run-1_bp-chest_cr,sub-S09673,tripath_lesionnet,1003,0.9628102216660813,0.9282874183480788,2.23606797749979,0.7167155919166831,predictions/masks/qata_test_sub-S09673_ses-E21409_run-1_bp-chest_cr.png,predictions/probabilities/qata_test_sub-S09673_ses-E21409_run-1_bp-chest_cr.npy
qata_test_sub-S09673_ses-E21736_run-1_bp-chest_cr,sub-S09673,tripath_lesionnet,1003,0.947101500317341,0.899518330212744,4.709674775249793,1.5886446351827155,predictions/masks/qata_test_sub-S09673_ses-E21736_run-1_bp-chest_cr.png,predictions/probabilities/qata_test_sub-S09673_ses-E21736_run-1_bp-chest_cr.npy
qata_test_sub-S09673_ses-E21873_run-1_bp-chest_vp-ap_dx,sub-S09673,tripath_lesionnet,1003,0.9556383338981067,0.91504539559152,2.8284271247461903,0.9460778276025633,predictions/masks/qata_test_sub-S09673_ses-E21873_run-1_bp-chest_vp-ap_dx.png,predictions/probabilities/qata_test_sub-S09673_ses-E21873_run-1_bp-chest_vp-ap_dx.npy
qata_test_sub-S09673_ses-E22080_run-1_bp-chest_vp-ap_dx,sub-S09673,tripath_lesionnet,1003,0.9457183805092645,0.8970263381495832,5.079215610874223,1.8640680254387645,predictions/masks/qata_test_sub-S09673_ses-E22080_run-1_bp-chest_vp-ap_dx.png,predictions/probabilities/qata_test_sub-S09673_ses-E22080_run-1_bp-chest_vp-ap_dx.npy
qata_test_sub-S09673_ses-E22232_run-1_bp-chest_vp-ap_dx,sub-S09673,tripath_lesionnet,1003,0.6508798961994089,0.4824477037811679,46.55729014257638,9.236496393003442,predictions/masks/qata_test_sub-S09673_ses-E22232_run-1_bp-chest_vp-ap_dx.png,predictions/probabilities/qata_test_sub-S09673_ses-E22232_run-1_bp-chest_vp-ap_dx.npy
qata_test_sub-S09673_ses-E22399_run-1_bp-chest_cr,sub-S09673,tripath_lesionnet,1003,0.970275155653895,0.9422664326122268,2.23606797749979,0.7894724960995378,predictions/masks/qata_test_sub-S09673_ses-E22399_run-1_bp-chest_cr.png,predictions/probabilities/qata_test_sub-S09673_ses-E22399_run-1_bp-chest_cr.npy
qata_test_sub-S09673_ses-E22684_run-1_bp-chest_cr,sub-S09673,tripath_lesionnet,1003,0.8651008469408443,0.7622711186372939,24.823933369440248,3.6725723267493176,predictions/masks/qata_test_sub-S09673_ses-E22684_run-1_bp-chest_cr.png,predictions/probabilities/qata_test_sub-S09673_ses-E22684_run-1_bp-chest_cr.npy
qata_test_sub-S09673_ses-E22871_run-1_bp-chest_cr,sub-S09673,tripath_lesionnet,1003,0.8458982877600656,0.7329495128471664,28.0178514522438,6.021855367594173,predictions/masks/qata_test_sub-S09673_ses-E22871_run-1_bp-chest_cr.png,predictions/probabilities/qata_test_sub-S09673_ses-E22871_run-1_bp-chest_cr.npy
qata_test_sub-S09673_ses-E23052_run-1_bp-chest_vp-ap_dx,sub-S09673,tripath_lesionnet,1003,0.8883267990402387,0.7990898748623643,14.451140356682918,2.5338094269867977,predictions/masks/qata_test_sub-S09673_ses-E23052_run-1_bp-chest_vp-ap_dx.png,predictions/probabilities/qata_test_sub-S09673_ses-E23052_run-1_bp-chest_vp-ap_dx.npy
qata_test_sub-S09673_ses-E23879_run-1_bp-chest_vp-pa_cr,sub-S09673,tripath_lesionnet,1003,0.28393966288518724,0.16546018622901135,33.37663853655727,11.947703501904773,predictions/masks/qata_test_sub-S09673_ses-E23879_run-1_bp-chest_vp-pa_cr.png,predictions/probabilities/qata_test_sub-S09673_ses-E23879_run-1_bp-chest_vp-pa_cr.npy
qata_test_sub-S09673_ses-E25042_run-1_bp-chest_vp-ap_dx,sub-S09673,tripath_lesionnet,1003,0.9242375943053422,0.859146582381289,6.082762530298219,2.5506438239819293,predictions/masks/qata_test_sub-S09673_ses-E25042_run-1_bp-chest_vp-ap_dx.png,predictions/probabilities/qata_test_sub-S09673_ses-E25042_run-1_bp-chest_vp-ap_dx.npy
qata_test_sub-S09673_ses-E26368_run-1_bp-chest_vp-ap_dx,sub-S09673,tripath_lesionnet,1003,0.9211643420259481,0.8538504777981578,21.537832141403445,2.6963581454520265,predictions/masks/qata_test_sub-S09673_ses-E26368_run-1_bp-chest_vp-ap_dx.png,predictions/probabilities/qata_test_sub-S09673_ses-E26368_run-1_bp-chest_vp-ap_dx.npy
qata_test_sub-S09674_ses-E16582_run-1_bp-chest_vp-ap_dx,sub-S09674,tripath_lesionnet,1003,0.9533858563123552,0.9109239179145898,4.230687180969106,1.122476189095638,predictions/masks/qata_test_sub-S09674_ses-E16582_run-1_bp-chest_vp-ap_dx.png,predictions/probabilities/qata_test_sub-S09674_ses-E16582_run-1_bp-chest_vp-ap_dx.npy
qata_test_sub-S09675_ses-E16583_run-1_bp-chest_vp-ap_cr,sub-S09675,tripath_lesionnet,1003,0.6419852313274628,0.4727380335912352,85.42594510686311,15.183926140359546,predictions/masks/qata_test_sub-S09675_ses-E16583_run-1_bp-chest_vp-ap_cr.png,predictions/probabilities/qata_test_sub-S09675_ses-E16583_run-1_bp-chest_vp-ap_cr.npy
qata_test_sub-S09675_ses-E23080_acq-1_run-1_bp-chest_cr,sub-S09675,tripath_lesionnet,1003,0.637899181846953,0.4683200930155334,84.32318374212133,27.484219633543557,predictions/masks/qata_test_sub-S09675_ses-E23080_acq-1_run-1_bp-chest_cr.png,predictions/probabilities/qata_test_sub-S09675_ses-E23080_acq-1_run-1_bp-chest_cr.npy
qata_test_sub-S09675_ses-E24164_acq-1_run-1_bp-chest_cr,sub-S09675,tripath_lesionnet,1003,0.8775351014064443,0.7817929117518487,11.180339887498949,3.3640530424773605,predictions/masks/qata_test_sub-S09675_ses-E24164_acq-1_run-1_bp-chest_cr.png,predictions/probabilities/qata_test_sub-S09675_ses-E24164_acq-1_run-1_bp-chest_cr.npy
qata_test_sub-S09676_ses-E16584_run-1_bp-chest_vp-ap_cr,sub-S09676,tripath_lesionnet,1003,0.8822036288432725,0.7892346509689719,16.845985499256116,2.9703615100532,predictions/masks/qata_test_sub-S09676_ses-E16584_run-1_bp-chest_vp-ap_cr.png,predictions/probabilities/qata_test_sub-S09676_ses-E16584_run-1_bp-chest_vp-ap_cr.npy
qata_test_sub-S09676_ses-E17166_run-1_bp-chest_vp-ap_cr,sub-S09676,tripath_lesionnet,1003,0.9719988910453193,0.9455231930964983,4.0,1.0211470116183652,predictions/masks/qata_test_sub-S09676_ses-E17166_run-1_bp-chest_vp-ap_cr.png,predictions/probabilities/qata_test_sub-S09676_ses-E17166_run-1_bp-chest_vp-ap_cr.npy
qata_test_sub-S09676_ses-E17392_run-1_bp-chest_vp-ap_cr,sub-S09676,tripath_lesionnet,1003,0.7830199696380765,0.6434123404697878,44.70793306470308,7.86838922405818,predictions/masks/qata_test_sub-S09676_ses-E17392_run-1_bp-chest_vp-ap_cr.png,predictions/probabilities/qata_test_sub-S09676_ses-E17392_run-1_bp-chest_vp-ap_cr.npy
qata_test_sub-S09676_ses-E17490_run-1_bp-chest_vp-ap_cr,sub-S09676,tripath_lesionnet,1003,0.6552799240930557,0.48729838710711093,66.07608979403028,12.816191773982734,predictions/masks/qata_test_sub-S09676_ses-E17490_run-1_bp-chest_vp-ap_cr.png,predictions/probabilities/qata_test_sub-S09676_ses-E17490_run-1_bp-chest_vp-ap_cr.npy
qata_test_sub-S09676_ses-E18847_run-1_bp-chest_vp-ap_cr,sub-S09676,tripath_lesionnet,1003,0.9535682363458928,0.9112569681719901,5.0990195135927845,1.3980544854259973,predictions/masks/qata_test_sub-S09676_ses-E18847_run-1_bp-chest_vp-ap_cr.png,predictions/probabilities/qata_test_sub-S09676_ses-E18847_run-1_bp-chest_vp-ap_cr.npy
qata_test_sub-S09676_ses-E19073_run-1_bp-chest_vp-ap_cr,sub-S09676,tripath_lesionnet,1003,0.9807638172094362,0.9622537285954497,1.4142135623730951,0.5498101687700344,predictions/masks/qata_test_sub-S09676_ses-E19073_run-1_bp-chest_vp-ap_cr.png,predictions/probabilities/qata_test_sub-S09676_ses-E19073_run-1_bp-chest_vp-ap_cr.npy
qata_test_sub-S09676_ses-E19188_run-1_bp-chest_vp-ap_cr,sub-S09676,tripath_lesionnet,1003,0.9697182172752105,0.9412165036159829,2.23606797749979,0.8939994196830945,predictions/masks/qata_test_sub-S09676_ses-E19188_run-1_bp-chest_vp-ap_cr.png,predictions/probabilities/qata_test_sub-S09676_ses-E19188_run-1_bp-chest_vp-ap_cr.npy
qata_test_sub-S09676_ses-E19918_run-1_bp-chest_vp-ap_cr,sub-S09676,tripath_lesionnet,1003,0.9391179862411456,0.8852237798944057,10.0,2.3389037144150557,predictions/masks/qata_test_sub-S09676_ses-E19918_run-1_bp-chest_vp-ap_cr.png,predictions/probabilities/qata_test_sub-S09676_ses-E19918_run-1_bp-chest_vp-ap_cr.npy
qata_test_sub-S09676_ses-E20258_run-1_bp-chest_vp-ap_cr,sub-S09676,tripath_lesionnet,1003,0.9749082007345038,0.9510447761198205,2.354539806948962,0.7675072901412417,predictions/masks/qata_test_sub-S09676_ses-E20258_run-1_bp-chest_vp-ap_cr.png,predictions/probabilities/qata_test_sub-S09676_ses-E20258_run-1_bp-chest_vp-ap_cr.npy
qata_test_sub-S09676_ses-E21057_run-1_bp-chest_vp-ap_cr,sub-S09676,tripath_lesionnet,1003,0.9758422469621777,0.9528241563058414,2.0,0.765472407239899,predictions/masks/qata_test_sub-S09676_ses-E21057_run-1_bp-chest_vp-ap_cr.png,predictions/probabilities/qata_test_sub-S09676_ses-E21057_run-1_bp-chest_vp-ap_cr.npy
qata_test_sub-S09676_ses-E21888_run-1_bp-chest_vp-ap_cr,sub-S09676,tripath_lesionnet,1003,0.974116132591724,0.9495384063820961,2.23606797749979,0.7199426924125638,predictions/masks/qata_test_sub-S09676_ses-E21888_run-1_bp-chest_vp-ap_cr.png,predictions/probabilities/qata_test_sub-S09676_ses-E21888_run-1_bp-chest_vp-ap_cr.npy
qata_test_sub-S09676_ses-E21981_run-1_bp-chest_vp-ap_cr,sub-S09676,tripath_lesionnet,1003,0.971312362078788,0.9442247833772675,2.23606797749979,0.8641383909578452,predictions/masks/qata_test_sub-S09676_ses-E21981_run-1_bp-chest_vp-ap_cr.png,predictions/probabilities/qata_test_sub-S09676_ses-E21981_run-1_bp-chest_vp-ap_cr.npy
qata_test_sub-S09676_ses-E22108_run-1_bp-chest_vp-ap_cr,sub-S09676,tripath_lesionnet,1003,0.9735975128765552,0.9485533453892536,2.0,0.7381182273972902,predictions/masks/qata_test_sub-S09676_ses-E22108_run-1_bp-chest_vp-ap_cr.png,predictions/probabilities/qata_test_sub-S09676_ses-E22108_run-1_bp-chest_vp-ap_cr.npy
qata_test_sub-S09676_ses-E22286_run-1_bp-chest_vp-ap_cr,sub-S09676,tripath_lesionnet,1003,0.9680703791364799,0.9381166695522061,3.0,1.1065946874759578,predictions/masks/qata_test_sub-S09676_ses-E22286_run-1_bp-chest_vp-ap_cr.png,predictions/probabilities/qata_test_sub-S09676_ses-E22286_run-1_bp-chest_vp-ap_cr.npy
qata_test_sub-S09676_ses-E22287_run-1_bp-chest_vp-ap_cr,sub-S09676,tripath_lesionnet,1003,0.9726605349760667,0.9467761806985892,2.23606797749979,0.9062211627515948,predictions/masks/qata_test_sub-S09676_ses-E22287_run-1_bp-chest_vp-ap_cr.png,predictions/probabilities/qata_test_sub-S09676_ses-E22287_run-1_bp-chest_vp-ap_cr.npy
qata_test_sub-S09676_ses-E22917_run-1_bp-chest_vp-ap_cr,sub-S09676,tripath_lesionnet,1003,0.9732423522196839,0.9478793309442363,2.23606797749979,0.8241543342825024,predictions/masks/qata_test_sub-S09676_ses-E22917_run-1_bp-chest_vp-ap_cr.png,predictions/probabilities/qata_test_sub-S09676_ses-E22917_run-1_bp-chest_vp-ap_cr.npy
qata_test_sub-S09676_ses-E23071_run-1_bp-chest_vp-ap_cr,sub-S09676,tripath_lesionnet,1003,0.980646815055408,0.9620284995812068,1.4142135623730951,0.5582175430754345,predictions/masks/qata_test_sub-S09676_ses-E23071_run-1_bp-chest_vp-ap_cr.png,predictions/probabilities/qata_test_sub-S09676_ses-E23071_run-1_bp-chest_vp-ap_cr.npy
qata_test_sub-S09676_ses-E25670_run-1_bp-chest_vp-ap_dx,sub-S09676,tripath_lesionnet,1003,0.9669051878356318,0.9359307359315284,3.0,0.822259818922436,predictions/masks/qata_test_sub-S09676_ses-E25670_run-1_bp-chest_vp-ap_dx.png,predictions/probabilities/qata_test_sub-S09676_ses-E25670_run-1_bp-chest_vp-ap_dx.npy
qata_test_sub-S09676_ses-E25985_run-1_bp-chest_vp-ap_cr,sub-S09676,tripath_lesionnet,1003,0.965477458289113,0.9332589860175581,4.0,1.0246473025582865,predictions/masks/qata_test_sub-S09676_ses-E25985_run-1_bp-chest_vp-ap_cr.png,predictions/probabilities/qata_test_sub-S09676_ses-E25985_run-1_bp-chest_vp-ap_cr.npy
qata_test_sub-S09677_ses-E18555_run-1_bp-chest_vp-pa_dx,sub-S09677,tripath_lesionnet,1003,0.31971286583877107,0.19027275717416126,63.32258622261209,18.642750589870996,predictions/masks/qata_test_sub-S09677_ses-E18555_run-1_bp-chest_vp-pa_dx.png,predictions/probabilities/qata_test_sub-S09677_ses-E18555_run-1_bp-chest_vp-pa_dx.npy
qata_test_sub-S09678_ses-E16587_run-1_bp-chest_vp-ap_dx,sub-S09678,tripath_lesionnet,1003,0.9597309931929807,0.9225796278782515,5.0,1.1830840992609437,predictions/masks/qata_test_sub-S09678_ses-E16587_run-1_bp-chest_vp-ap_dx.png,predictions/probabilities/qata_test_sub-S09678_ses-E16587_run-1_bp-chest_vp-ap_dx.npy
qata_test_sub-S09678_ses-E16889_run-1_bp-chest_vp-ap_dx,sub-S09678,tripath_lesionnet,1003,0.5778050464025016,0.40627696290545423,33.51863569388427,8.51700348069419,predictions/masks/qata_test_sub-S09678_ses-E16889_run-1_bp-chest_vp-ap_dx.png,predictions/probabilities/qata_test_sub-S09678_ses-E16889_run-1_bp-chest_vp-ap_dx.npy
qata_test_sub-S09678_ses-E18317_run-1_bp-chest_vp-ap_cr,sub-S09678,tripath_lesionnet,1003,0.7862652401108096,0.6478064780683906,47.03455973256039,10.42103411001867,predictions/masks/qata_test_sub-S09678_ses-E18317_run-1_bp-chest_vp-ap_cr.png,predictions/probabilities/qata_test_sub-S09678_ses-E18317_run-1_bp-chest_vp-ap_cr.npy
qata_test_sub-S09678_ses-E18547_run-1_bp-chest_vp-ap_dx,sub-S09678,tripath_lesionnet,1003,0.9533876415658519,0.9109271774628983,4.123105625617661,1.3876421041355376,predictions/masks/qata_test_sub-S09678_ses-E18547_run-1_bp-chest_vp-ap_dx.png,predictions/probabilities/qata_test_sub-S09678_ses-E18547_run-1_bp-chest_vp-ap_dx.npy
qata_test_sub-S09678_ses-E18683_run-1_bp-chest_vp-ap_cr,sub-S09678,tripath_lesionnet,1003,0.9643108808291635,0.9310814055876805,3.6055512754639887,1.0179790401447377,predictions/masks/qata_test_sub-S09678_ses-E18683_run-1_bp-chest_vp-ap_cr.png,predictions/probabilities/qata_test_sub-S09678_ses-E18683_run-1_bp-chest_vp-ap_cr.npy
qata_test_sub-S09678_ses-E18865_run-1_bp-chest_vp-ap_dx,sub-S09678,tripath_lesionnet,1003,0.9738613861387001,0.9490544191435156,2.8284271247461903,0.8305425383616316,predictions/masks/qata_test_sub-S09678_ses-E18865_run-1_bp-chest_vp-ap_dx.png,predictions/probabilities/qata_test_sub-S09678_ses-E18865_run-1_bp-chest_vp-ap_dx.npy
qata_test_sub-S09678_ses-E19086_run-1_bp-chest_vp-ap_dx,sub-S09678,tripath_lesionnet,1003,0.9729124236253466,0.9472536188780009,2.8284271247461903,0.8605146239058455,predictions/masks/qata_test_sub-S09678_ses-E19086_run-1_bp-chest_vp-ap_dx.png,predictions/probabilities/qata_test_sub-S09678_ses-E19086_run-1_bp-chest_vp-ap_dx.npy
qata_test_sub-S09678_ses-E19191_run-1_bp-chest_vp-ap_dx,sub-S09678,tripath_lesionnet,1003,0.9690277403717863,0.9399164054340953,3.0,0.9464873125348559,predictions/masks/qata_test_sub-S09678_ses-E19191_run-1_bp-chest_vp-ap_dx.png,predictions/probabilities/qata_test_sub-S09678_ses-E19191_run-1_bp-chest_vp-ap_dx.npy
qata_test_sub-S09678_ses-E19595_run-1_bp-chest_vp-ap_dx,sub-S09678,tripath_lesionnet,1003,0.9778000438363722,0.9565643570424764,2.0,0.6971473088995636,predictions/masks/qata_test_sub-S09678_ses-E19595_run-1_bp-chest_vp-ap_dx.png,predictions/probabilities/qata_test_sub-S09678_ses-E19595_run-1_bp-chest_vp-ap_dx.npy
qata_test_sub-S09678_ses-E19776_run-1_bp-chest_vp-ap_dx,sub-S09678,tripath_lesionnet,1003,0.9688973306652345,0.9396710526319758,3.1622776601683795,0.9710479712866394,predictions/masks/qata_test_sub-S09678_ses-E19776_run-1_bp-chest_vp-ap_dx.png,predictions/probabilities/qata_test_sub-S09678_ses-E19776_run-1_bp-chest_vp-ap_dx.npy
qata_test_sub-S09678_ses-E19930_run-1_bp-chest_vp-ap_dx,sub-S09678,tripath_lesionnet,1003,0.9770810735155986,0.9551891633033099,2.0,0.6993181859906806,predictions/masks/qata_test_sub-S09678_ses-E19930_run-1_bp-chest_vp-ap_dx.png,predictions/probabilities/qata_test_sub-S09678_ses-E19930_run-1_bp-chest_vp-ap_dx.npy
qata_test_sub-S09678_ses-E20137_run-1_bp-chest_vp-ap_dx,sub-S09678,tripath_lesionnet,1003,0.9714303440147302,0.9444477954041592,3.0,0.9387732654984247,predictions/masks/qata_test_sub-S09678_ses-E20137_run-1_bp-chest_vp-ap_dx.png,predictions/probabilities/qata_test_sub-S09678_ses-E20137_run-1_bp-chest_vp-ap_dx.npy
qata_test_sub-S09678_ses-E20356_run-1_bp-chest_vp-ap_cr,sub-S09678,tripath_lesionnet,1003,0.975422773393572,0.9520246478877462,2.23606797749979,0.6703096968293837,predictions/masks/qata_test_sub-S09678_ses-E20356_run-1_bp-chest_vp-ap_cr.png,predictions/probabilities/qata_test_sub-S09678_ses-E20356_run-1_bp-chest_vp-ap_cr.npy
qata_test_sub-S09678_ses-E20363_run-1_bp-chest_vp-ap_cr,sub-S09678,tripath_lesionnet,1003,0.9596980608218312,0.922518765638678,4.0,1.1036227651940709,predictions/masks/qata_test_sub-S09678_ses-E20363_run-1_bp-chest_vp-ap_cr.png,predictions/probabilities/qata_test_sub-S09678_ses-E20363_run-1_bp-chest_vp-ap_cr.npy
qata_test_sub-S09678_ses-E20565_run-1_bp-chest_vp-ap_dx,sub-S09678,tripath_lesionnet,1003,0.6132046768391655,0.4421738857930033,69.01570665745764,14.039844685899965,predictions/masks/qata_test_sub-S09678_ses-E20565_run-1_bp-chest_vp-ap_dx.png,predictions/probabilities/qata_test_sub-S09678_ses-E20565_run-1_bp-chest_vp-ap_dx.npy
qata_test_sub-S09678_ses-E20745_run-1_bp-chest_vp-ap_dx,sub-S09678,tripath_lesionnet,1003,0.957349763943517,0.9181887950888857,5.0,1.2404296359447475,predictions/masks/qata_test_sub-S09678_ses-E20745_run-1_bp-chest_vp-ap_dx.png,predictions/probabilities/qata_test_sub-S09678_ses-E20745_run-1_bp-chest_vp-ap_dx.npy
qata_test_sub-S09678_ses-E20898_run-1_bp-chest_vp-ap_dx,sub-S09678,tripath_lesionnet,1003,0.9617739286249001,0.9263627211281004,4.242640687119285,1.2117097565836117,predictions/masks/qata_test_sub-S09678_ses-E20898_run-1_bp-chest_vp-ap_dx.png,predictions/probabilities/qata_test_sub-S09678_ses-E20898_run-1_bp-chest_vp-ap_dx.npy
qata_test_sub-S09678_ses-E21065_run-1_bp-chest_vp-ap_dx,sub-S09678,tripath_lesionnet,1003,0.6345336509288004,0.46470105349935215,58.82176467941097,13.002254217035752,predictions/masks/qata_test_sub-S09678_ses-E21065_run-1_bp-chest_vp-ap_dx.png,predictions/probabilities/qata_test_sub-S09678_ses-E21065_run-1_bp-chest_vp-ap_dx.npy
qata_test_sub-S09678_ses-E21613_run-1_bp-chest_vp-ap_dx,sub-S09678,tripath_lesionnet,1003,0.9636670037075711,0.9298816183170946,4.0,1.163544874208507,predictions/masks/qata_test_sub-S09678_ses-E21613_run-1_bp-chest_vp-ap_dx.png,predictions/probabilities/qata_test_sub-S09678_ses-E21613_run-1_bp-chest_vp-ap_dx.npy
qata_test_sub-S09678_ses-E22133_run-1_bp-chest_vp-ap_dx,sub-S09678,tripath_lesionnet,1003,0.9721778270655528,0.9458618938820395,3.0,0.8961157367783793,predictions/masks/qata_test_sub-S09678_ses-E22133_run-1_bp-chest_vp-ap_dx.png,predictions/probabilities/qata_test_sub-S09678_ses-E22133_run-1_bp-chest_vp-ap_dx.npy
qata_test_sub-S09678_ses-E22514_run-1_bp-chest_vp-ap_dx,sub-S09678,tripath_lesionnet,1003,0.975518021939838,0.9522061323002774,2.0,0.7372034005603822,predictions/masks/qata_test_sub-S09678_ses-E22514_run-1_bp-chest_vp-ap_dx.png,predictions/probabilities/qata_test_sub-S09678_ses-E22514_run-1_bp-chest_vp-ap_dx.npy
qata_test_sub-S09678_ses-E22732_run-1_bp-chest_vp-ap_cr,sub-S09678,tripath_lesionnet,1003,0.9670308040548813,0.9361661585371935,2.8284271247461903,0.8441483225252437,predictions/masks/qata_test_sub-S09678_ses-E22732_run-1_bp-chest_vp-ap_cr.png,predictions/probabilities/qata_test_sub-S09678_ses-E22732_run-1_bp-chest_vp-ap_cr.npy
qata_test_sub-S09678_ses-E23254_run-1_bp-chest_vp-ap_dx,sub-S09678,tripath_lesionnet,1003,0.9738330494038371,0.949000597649585,2.8284271247461903,0.8811984604251962,predictions/masks/qata_test_sub-S09678_ses-E23254_run-1_bp-chest_vp-ap_dx.png,predictions/probabilities/qata_test_sub-S09678_ses-E23254_run-1_bp-chest_vp-ap_dx.npy
qata_test_sub-S09678_ses-E23520_run-1_bp-chest_vp-ap_dx,sub-S09678,tripath_lesionnet,1003,0.9805948317894341,0.961928448441031,1.4142135623730951,0.6022990723861983,predictions/masks/qata_test_sub-S09678_ses-E23520_run-1_bp-chest_vp-ap_dx.png,predictions/probabilities/qata_test_sub-S09678_ses-E23520_run-1_bp-chest_vp-ap_dx.npy
qata_test_sub-S09678_ses-E25107_run-1_bp-chest_vp-ap_dx,sub-S09678,tripath_lesionnet,1003,0.9752302423779791,0.9516579066903403,2.0,0.8264283524199787,predictions/masks/qata_test_sub-S09678_ses-E25107_run-1_bp-chest_vp-ap_dx.png,predictions/probabilities/qata_test_sub-S09678_ses-E25107_run-1_bp-chest_vp-ap_dx.npy
qata_test_sub-S09678_ses-E25318_run-1_bp-chest_vp-ap_cr,sub-S09678,tripath_lesionnet,1003,0.9626160192507622,0.9279264352586536,3.605551275463989,1.215549113696475,predictions/masks/qata_test_sub-S09678_ses-E25318_run-1_bp-chest_vp-ap_cr.png,predictions/probabilities/qata_test_sub-S09678_ses-E25318_run-1_bp-chest_vp-ap_cr.npy
qata_test_sub-S09678_ses-E25686_run-1_bp-chest_vp-ap_dx,sub-S09678,tripath_lesionnet,1003,0.914250301706141,0.8420451814477167,14.560219778561036,3.622029538034593,predictions/masks/qata_test_sub-S09678_ses-E25686_run-1_bp-chest_vp-ap_dx.png,predictions/probabilities/qata_test_sub-S09678_ses-E25686_run-1_bp-chest_vp-ap_dx.npy
qata_test_sub-S09678_ses-E26437_acq-2_run-1_bp-chest_vp-ap_dx,sub-S09678,tripath_lesionnet,1003,0.912382548327511,0.8388818577018715,15.0,3.468636471988113,predictions/masks/qata_test_sub-S09678_ses-E26437_acq-2_run-1_bp-chest_vp-ap_dx.png,predictions/probabilities/qata_test_sub-S09678_ses-E26437_acq-2_run-1_bp-chest_vp-ap_dx.npy
qata_test_sub-S09679_ses-E16588_run-1_bp-chest_vp-ap_cr,sub-S09679,tripath_lesionnet,1003,0.9257509918767641,0.8617657404174857,8.209420550647959,1.5666216515154878,predictions/masks/qata_test_sub-S09679_ses-E16588_run-1_bp-chest_vp-ap_cr.png,predictions/probabilities/qata_test_sub-S09679_ses-E16588_run-1_bp-chest_vp-ap_cr.npy
qata_test_sub-S09679_ses-E17874_run-1_bp-chest_vp-ap_cr,sub-S09679,tripath_lesionnet,1003,0.9328082697519665,0.8740774907768438,6.912461179749824,1.5022736651058473,predictions/masks/qata_test_sub-S09679_ses-E17874_run-1_bp-chest_vp-ap_cr.png,predictions/probabilities/qata_test_sub-S09679_ses-E17874_run-1_bp-chest_vp-ap_cr.npy
qata_test_sub-S09679_ses-E18686_run-1_bp-chest_vp-ap_cr,sub-S09679,tripath_lesionnet,1003,0.844899317691422,0.7314507996004689,15.0,3.6160980149814193,predictions/masks/qata_test_sub-S09679_ses-E18686_run-1_bp-chest_vp-ap_cr.png,predictions/probabilities/qata_test_sub-S09679_ses-E18686_run-1_bp-chest_vp-ap_cr.npy
qata_test_sub-S09679_ses-E19951_run-1_bp-chest_vp-ap_cr,sub-S09679,tripath_lesionnet,1003,0.9213256484155524,0.8541277050513741,6.0,1.9196466496570808,predictions/masks/qata_test_sub-S09679_ses-E19951_run-1_bp-chest_vp-ap_cr.png,predictions/probabilities/qata_test_sub-S09679_ses-E19951_run-1_bp-chest_vp-ap_cr.npy
qata_test_sub-S09679_ses-E20585_run-1_bp-chest_vp-ap_cr,sub-S09679,tripath_lesionnet,1003,0.44626653548216605,0.2872220658698674,56.738219928544865,15.390158871669964,predictions/masks/qata_test_sub-S09679_ses-E20585_run-1_bp-chest_vp-ap_cr.png,predictions/probabilities/qata_test_sub-S09679_ses-E20585_run-1_bp-chest_vp-ap_cr.npy
qata_test_sub-S09679_ses-E20766_run-1_bp-chest_vp-ap_cr,sub-S09679,tripath_lesionnet,1003,0.874065054793233,0.7763015603309702,15.676312711250011,3.198123049932323,predictions/masks/qata_test_sub-S09679_ses-E20766_run-1_bp-chest_vp-ap_cr.png,predictions/probabilities/qata_test_sub-S09679_ses-E20766_run-1_bp-chest_vp-ap_cr.npy
qata_test_sub-S09679_ses-E21081_run-2_bp-chest_vp-ap_cr,sub-S09679,tripath_lesionnet,1003,0.9762856381562998,0.9536699635612484,2.0,1.0415086350937424,predictions/masks/qata_test_sub-S09679_ses-E21081_run-2_bp-chest_vp-ap_cr.png,predictions/probabilities/qata_test_sub-S09679_ses-E21081_run-2_bp-chest_vp-ap_cr.npy
qata_test_sub-S09679_ses-E21464_run-1_bp-chest_vp-ap_cr,sub-S09679,tripath_lesionnet,1003,0.857795431977579,0.7509998261215267,8.54400374531753,2.4192099715765942,predictions/masks/qata_test_sub-S09679_ses-E21464_run-1_bp-chest_vp-ap_cr.png,predictions/probabilities/qata_test_sub-S09679_ses-E21464_run-1_bp-chest_vp-ap_cr.npy
qata_test_sub-S09679_ses-E21989_run-1_bp-chest_vp-ap_cr,sub-S09679,tripath_lesionnet,1003,0.9014510816353472,0.8205834683983698,7.042640687119279,2.037454884446764,predictions/masks/qata_test_sub-S09679_ses-E21989_run-1_bp-chest_vp-ap_cr.png,predictions/probabilities/qata_test_sub-S09679_ses-E21989_run-1_bp-chest_vp-ap_cr.npy
qata_test_sub-S09679_ses-E22137_run-1_bp-chest_vp-ap_cr,sub-S09679,tripath_lesionnet,1003,0.8637648388935696,0.7601990049798966,13.0,2.5327033978110696,predictions/masks/qata_test_sub-S09679_ses-E22137_run-1_bp-chest_vp-ap_cr.png,predictions/probabilities/qata_test_sub-S09679_ses-E22137_run-1_bp-chest_vp-ap_cr.npy
qata_test_sub-S09679_ses-E22304_run-1_bp-chest_vp-ap_cr,sub-S09679,tripath_lesionnet,1003,0.9379887826847462,0.8832192799779348,5.0,1.3240751809166835,predictions/masks/qata_test_sub-S09679_ses-E22304_run-1_bp-chest_vp-ap_cr.png,predictions/probabilities/qata_test_sub-S09679_ses-E22304_run-1_bp-chest_vp-ap_cr.npy
qata_test_sub-S09679_ses-E22740_run-1_bp-chest_vp-ap_cr,sub-S09679,tripath_lesionnet,1003,0.855942219305897,0.7481634527146886,13.75806693422139,6.065820455415329,predictions/masks/qata_test_sub-S09679_ses-E22740_run-1_bp-chest_vp-ap_cr.png,predictions/probabilities/qata_test_sub-S09679_ses-E22740_run-1_bp-chest_vp-ap_cr.npy
qata_test_sub-S09679_ses-E24004_run-1_bp-chest_vp-ap_cr,sub-S09679,tripath_lesionnet,1003,0.9598342848483816,0.9227705459498468,62.11077312658731,4.57014894702944,predictions/masks/qata_test_sub-S09679_ses-E24004_run-1_bp-chest_vp-ap_cr.png,predictions/probabilities/qata_test_sub-S09679_ses-E24004_run-1_bp-chest_vp-ap_cr.npy
qata_test_sub-S09679_ses-E24254_run-1_bp-chest_vp-ap_cr,sub-S09679,tripath_lesionnet,1003,0.9471898197246575,0.8996776792922417,3.0,1.1620927374593488,predictions/masks/qata_test_sub-S09679_ses-E24254_run-1_bp-chest_vp-ap_cr.png,predictions/probabilities/qata_test_sub-S09679_ses-E24254_run-1_bp-chest_vp-ap_cr.npy
qata_test_sub-S09679_ses-E25345_run-1_bp-chest_vp-ap_cr,sub-S09679,tripath_lesionnet,1003,0.9511466794078407,0.9068443229711097,5.0,1.2464005273528045,predictions/masks/qata_test_sub-S09679_ses-E25345_run-1_bp-chest_vp-ap_cr.png,predictions/probabilities/qata_test_sub-S09679_ses-E25345_run-1_bp-chest_vp-ap_cr.npy
qata_test_sub-S09680_ses-E16590_run-1_bp-chest_vp-ap_cr,sub-S09680,tripath_lesionnet,1003,0.8478997637891763,0.7359600641872711,115.58418831674368,25.194684108403393,predictions/masks/qata_test_sub-S09680_ses-E16590_run-1_bp-chest_vp-ap_cr.png,predictions/probabilities/qata_test_sub-S09680_ses-E16590_run-1_bp-chest_vp-ap_cr.npy
qata_test_sub-S09680_ses-E16777_run-1_bp-chest_vp-ap_cr,sub-S09680,tripath_lesionnet,1003,0.6638467280438924,0.4968342644367147,75.94298367480962,12.672572914515944,predictions/masks/qata_test_sub-S09680_ses-E16777_run-1_bp-chest_vp-ap_cr.png,predictions/probabilities/qata_test_sub-S09680_ses-E16777_run-1_bp-chest_vp-ap_cr.npy
qata_test_sub-S09680_ses-E16899_run-1_bp-chest_vp-ap_cr,sub-S09680,tripath_lesionnet,1003,0.7112417340206191,0.5518814139147101,25.071885167172006,4.611513825397019,predictions/masks/qata_test_sub-S09680_ses-E16899_run-1_bp-chest_vp-ap_cr.png,predictions/probabilities/qata_test_sub-S09680_ses-E16899_run-1_bp-chest_vp-ap_cr.npy
qata_test_sub-S09680_ses-E17170_run-1_bp-chest_vp-ap_cr,sub-S09680,tripath_lesionnet,1003,0.6256800870536883,0.4552652414939106,18.026368558453942,5.523385675700897,predictions/masks/qata_test_sub-S09680_ses-E17170_run-1_bp-chest_vp-ap_cr.png,predictions/probabilities/qata_test_sub-S09680_ses-E17170_run-1_bp-chest_vp-ap_cr.npy
qata_test_sub-S09680_ses-E17403_run-1_bp-chest_vp-ap_cr,sub-S09680,tripath_lesionnet,1003,0.5401354662088187,0.3699901283379073,54.05912433201335,11.636519598780037,predictions/masks/qata_test_sub-S09680_ses-E17403_run-1_bp-chest_vp-ap_cr.png,predictions/probabilities/qata_test_sub-S09680_ses-E17403_run-1_bp-chest_vp-ap_cr.npy
qata_test_sub-S09680_ses-E17459_run-1_bp-chest_vp-ap_cr,sub-S09680,tripath_lesionnet,1003,0.925547755797035,0.8614135814703879,9.219544457292887,2.2106502992032695,predictions/masks/qata_test_sub-S09680_ses-E17459_run-1_bp-chest_vp-ap_cr.png,predictions/probabilities/qata_test_sub-S09680_ses-E17459_run-1_bp-chest_vp-ap_cr.npy
qata_test_sub-S09680_ses-E17869_run-1_bp-chest_vp-ap_cr,sub-S09680,tripath_lesionnet,1003,0.9344601276636948,0.8769827877161915,6.324555320336759,1.9158030667038426,predictions/masks/qata_test_sub-S09680_ses-E17869_run-1_bp-chest_vp-ap_cr.png,predictions/probabilities/qata_test_sub-S09680_ses-E17869_run-1_bp-chest_vp-ap_cr.npy
qata_test_sub-S09680_ses-E18330_run-1_bp-chest_vp-ap_cr,sub-S09680,tripath_lesionnet,1003,0.37517203413587136,0.23089954261196932,79.42007643488859,22.02915865492782,predictions/masks/qata_test_sub-S09680_ses-E18330_run-1_bp-chest_vp-ap_cr.png,predictions/probabilities/qata_test_sub-S09680_ses-E18330_run-1_bp-chest_vp-ap_cr.npy
qata_test_sub-S09680_ses-E18564_run-1_bp-chest_vp-ap_cr,sub-S09680,tripath_lesionnet,1003,0.7716206816614212,0.6281615704074351,27.17900868576225,6.1283213782338795,predictions/masks/qata_test_sub-S09680_ses-E18564_run-1_bp-chest_vp-ap_cr.png,predictions/probabilities/qata_test_sub-S09680_ses-E18564_run-1_bp-chest_vp-ap_cr.npy
qata_test_sub-S09680_ses-E18687_run-1_bp-chest_vp-ap_cr,sub-S09680,tripath_lesionnet,1003,0.6190350180857455,0.4482626469155817,49.64876634922564,12.418269278234357,predictions/masks/qata_test_sub-S09680_ses-E18687_run-1_bp-chest_vp-ap_cr.png,predictions/probabilities/qata_test_sub-S09680_ses-E18687_run-1_bp-chest_vp-ap_cr.npy
qata_test_sub-S09680_ses-E18870_run-1_bp-chest_vp-ap_cr,sub-S09680,tripath_lesionnet,1003,0.503136124771121,0.33612684032461915,62.61788678057884,19.90231473752749,predictions/masks/qata_test_sub-S09680_ses-E18870_run-1_bp-chest_vp-ap_cr.png,predictions/probabilities/qata_test_sub-S09680_ses-E18870_run-1_bp-chest_vp-ap_cr.npy
qata_test_sub-S09680_ses-E19339_run-1_bp-chest_vp-ap_cr,sub-S09680,tripath_lesionnet,1003,0.9639255090093154,0.9303631325657695,3.605551275463989,1.1138143871315647,predictions/masks/qata_test_sub-S09680_ses-E19339_run-1_bp-chest_vp-ap_cr.png,predictions/probabilities/qata_test_sub-S09680_ses-E19339_run-1_bp-chest_vp-ap_cr.npy
qata_test_sub-S09680_ses-E20367_run-1_bp-chest_vp-ap_cr,sub-S09680,tripath_lesionnet,1003,0.959752321981622,0.9226190476197788,4.0,1.076780801826967,predictions/masks/qata_test_sub-S09680_ses-E20367_run-1_bp-chest_vp-ap_cr.png,predictions/probabilities/qata_test_sub-S09680_ses-E20367_run-1_bp-chest_vp-ap_cr.npy
qata_test_sub-S09680_ses-E20758_run-1_bp-chest_vp-ap_cr,sub-S09680,tripath_lesionnet,1003,0.7022349414029556,0.5411109944393456,35.9750019747513,7.2129249262223745,predictions/masks/qata_test_sub-S09680_ses-E20758_run-1_bp-chest_vp-ap_cr.png,predictions/probabilities/qata_test_sub-S09680_ses-E20758_run-1_bp-chest_vp-ap_cr.npy
qata_test_sub-S09680_ses-E20909_run-1_bp-chest_vp-ap_cr,sub-S09680,tripath_lesionnet,1003,0.4039542547063001,0.253096915238607,73.33005484474822,25.621004596530817,predictions/masks/qata_test_sub-S09680_ses-E20909_run-1_bp-chest_vp-ap_cr.png,predictions/probabilities/qata_test_sub-S09680_ses-E20909_run-1_bp-chest_vp-ap_cr.npy
qata_test_sub-S09680_ses-E22528_run-1_bp-chest_vp-pa_cr,sub-S09680,tripath_lesionnet,1003,0.9319756994954566,0.8726165678587356,7.0,2.0620423822792104,predictions/masks/qata_test_sub-S09680_ses-E22528_run-1_bp-chest_vp-pa_cr.png,predictions/probabilities/qata_test_sub-S09680_ses-E22528_run-1_bp-chest_vp-pa_cr.npy
qata_test_sub-S09681_ses-E16591_run-1_bp-chest_vp-ap_dx,sub-S09681,tripath_lesionnet,1003,0.9564168020424395,0.9164739370226253,5.830951894845301,1.3313459454563983,predictions/masks/qata_test_sub-S09681_ses-E16591_run-1_bp-chest_vp-ap_dx.png,predictions/probabilities/qata_test_sub-S09681_ses-E16591_run-1_bp-chest_vp-ap_dx.npy
qata_test_sub-S09681_ses-E16901_run-1_bp-chest_vp-ap_dx,sub-S09681,tripath_lesionnet,1003,0.9564392994363733,0.9165152529414123,4.0,1.1786340621115208,predictions/masks/qata_test_sub-S09681_ses-E16901_run-1_bp-chest_vp-ap_dx.png,predictions/probabilities/qata_test_sub-S09681_ses-E16901_run-1_bp-chest_vp-ap_dx.npy
qata_test_sub-S09681_ses-E17859_run-1_bp-chest_vp-ap_dx,sub-S09681,tripath_lesionnet,1003,0.9583483870969892,0.9200277474985628,5.796132365774708,1.3253366809852,predictions/masks/qata_test_sub-S09681_ses-E17859_run-1_bp-chest_vp-ap_dx.png,predictions/probabilities/qata_test_sub-S09681_ses-E17859_run-1_bp-chest_vp-ap_dx.npy
qata_test_sub-S09681_ses-E17943_run-1_bp-chest_vp-ap_dx,sub-S09681,tripath_lesionnet,1003,0.9398675046718203,0.8865566415656696,4.242640687119285,1.3492781834027403,predictions/masks/qata_test_sub-S09681_ses-E17943_run-1_bp-chest_vp-ap_dx.png,predictions/probabilities/qata_test_sub-S09681_ses-E17943_run-1_bp-chest_vp-ap_dx.npy
qata_test_sub-S09681_ses-E18333_run-1_bp-chest_vp-ap_dx,sub-S09681,tripath_lesionnet,1003,0.9736869367037517,0.9487231250636043,2.23606797749979,0.6593412613467181,predictions/masks/qata_test_sub-S09681_ses-E18333_run-1_bp-chest_vp-ap_dx.png,predictions/probabilities/qata_test_sub-S09681_ses-E18333_run-1_bp-chest_vp-ap_dx.npy
qata_test_sub-S09681_ses-E19189_run-1_bp-chest_vp-ap_dx,sub-S09681,tripath_lesionnet,1003,0.9663190459559587,0.93483297934027,3.1622776601683795,0.8995215201492017,predictions/masks/qata_test_sub-S09681_ses-E19189_run-1_bp-chest_vp-ap_dx.png,predictions/probabilities/qata_test_sub-S09681_ses-E19189_run-1_bp-chest_vp-ap_dx.npy
qata_test_sub-S09681_ses-E19613_run-1_bp-chest_vp-ap_dx,sub-S09681,tripath_lesionnet,1003,0.877094007254176,0.7810929970288004,40.45985664828782,6.358477249103863,predictions/masks/qata_test_sub-S09681_ses-E19613_run-1_bp-chest_vp-ap_dx.png,predictions/probabilities/qata_test_sub-S09681_ses-E19613_run-1_bp-chest_vp-ap_dx.npy
qata_test_sub-S09681_ses-E19946_run-1_bp-chest_vp-ap_dx,sub-S09681,tripath_lesionnet,1003,0.9764498734457112,0.953983442641071,1.4142135623730951,0.5612106186299246,predictions/masks/qata_test_sub-S09681_ses-E19946_run-1_bp-chest_vp-ap_dx.png,predictions/probabilities/qata_test_sub-S09681_ses-E19946_run-1_bp-chest_vp-ap_dx.npy
qata_test_sub-S09681_ses-E20151_run-1_bp-chest_vp-ap_dx,sub-S09681,tripath_lesionnet,1003,0.6272941512559645,0.4569763812354908,34.538277003409156,8.75245684413119,predictions/masks/qata_test_sub-S09681_ses-E20151_run-1_bp-chest_vp-ap_dx.png,predictions/probabilities/qata_test_sub-S09681_ses-E20151_run-1_bp-chest_vp-ap_dx.npy
qata_test_sub-S09681_ses-E20761_run-1_bp-chest_vp-ap_dx,sub-S09681,tripath_lesionnet,1003,0.9673269873940171,0.9367214748385922,3.0,0.906981508337395,predictions/masks/qata_test_sub-S09681_ses-E20761_run-1_bp-chest_vp-ap_dx.png,predictions/probabilities/qata_test_sub-S09681_ses-E20761_run-1_bp-chest_vp-ap_dx.npy
qata_test_sub-S09681_ses-E21457_run-1_bp-chest_vp-ap_dx,sub-S09681,tripath_lesionnet,1003,0.9029040774426348,0.8229946524083102,9.33748462841292,2.5044746394000335,predictions/masks/qata_test_sub-S09681_ses-E21457_run-1_bp-chest_vp-ap_dx.png,predictions/probabilities/qata_test_sub-S09681_ses-E21457_run-1_bp-chest_vp-ap_dx.npy
qata_test_sub-S09681_ses-E21622_run-1_bp-chest_vp-ap_dx,sub-S09681,tripath_lesionnet,1003,0.9568101814246086,0.9171966255688878,3.605551275463989,1.0293241735663217,predictions/masks/qata_test_sub-S09681_ses-E21622_run-1_bp-chest_vp-ap_dx.png,predictions/probabilities/qata_test_sub-S09681_ses-E21622_run-1_bp-chest_vp-ap_dx.npy
qata_test_sub-S09681_ses-E21995_run-1_bp-chest_vp-ap_dx,sub-S09681,tripath_lesionnet,1003,0.9803109761708515,0.9613822972122946,2.0,0.520870326809123,predictions/masks/qata_test_sub-S09681_ses-E21995_run-1_bp-chest_vp-ap_dx.png,predictions/probabilities/qata_test_sub-S09681_ses-E21995_run-1_bp-chest_vp-ap_dx.npy
qata_test_sub-S09681_ses-E22289_run-1_bp-chest_vp-ap_dx,sub-S09681,tripath_lesionnet,1003,0.9716008100599464,0.9447701044152338,2.23606797749979,0.7604489141801604,predictions/masks/qata_test_sub-S09681_ses-E22289_run-1_bp-chest_vp-ap_dx.png,predictions/probabilities/qata_test_sub-S09681_ses-E22289_run-1_bp-chest_vp-ap_dx.npy
qata_test_sub-S09681_ses-E22929_run-1_bp-chest_vp-ap_dx,sub-S09681,tripath_lesionnet,1003,0.965253019741578,0.9328396585422931,3.0,0.8891481104575377,predictions/masks/qata_test_sub-S09681_ses-E22929_run-1_bp-chest_vp-ap_dx.png,predictions/probabilities/qata_test_sub-S09681_ses-E22929_run-1_bp-chest_vp-ap_dx.npy
qata_test_sub-S09681_ses-E23258_run-1_bp-chest_vp-ap_dx,sub-S09681,tripath_lesionnet,1003,0.8380780780790505,0.7212860539675251,26.888620713402496,3.84442057636223,predictions/masks/qata_test_sub-S09681_ses-E23258_run-1_bp-chest_vp-ap_dx.png,predictions/probabilities/qata_test_sub-S09681_ses-E23258_run-1_bp-chest_vp-ap_dx.npy
qata_test_sub-S09681_ses-E24429_run-1_bp-chest_vp-ap_dx,sub-S09681,tripath_lesionnet,1003,0.970767244559338,0.9431950542071212,3.0,0.7697796002594786,predictions/masks/qata_test_sub-S09681_ses-E24429_run-1_bp-chest_vp-ap_dx.png,predictions/probabilities/qata_test_sub-S09681_ses-E24429_run-1_bp-chest_vp-ap_dx.npy
qata_test_sub-S09681_ses-E24806_run-1_bp-chest_vp-ap_dx,sub-S09681,tripath_lesionnet,1003,0.6574178935495836,0.48966680726508505,89.96692243534318,16.884531637486667,predictions/masks/qata_test_sub-S09681_ses-E24806_run-1_bp-chest_vp-ap_dx.png,predictions/probabilities/qata_test_sub-S09681_ses-E24806_run-1_bp-chest_vp-ap_dx.npy
qata_test_sub-S09681_ses-E26032_run-1_bp-chest_vp-ap_dx,sub-S09681,tripath_lesionnet,1003,0.9626920940568289,0.9280678268636495,3.7633307652783397,1.050755266507634,predictions/masks/qata_test_sub-S09681_ses-E26032_run-1_bp-chest_vp-ap_dx.png,predictions/probabilities/qata_test_sub-S09681_ses-E26032_run-1_bp-chest_vp-ap_dx.npy
qata_test_sub-S09683_ses-E16594_run-1_bp-chest_vp-ap_cr,sub-S09683,tripath_lesionnet,1003,0.9514639639642373,0.9074213296111329,4.242640687119285,1.2856818378302715,predictions/masks/qata_test_sub-S09683_ses-E16594_run-1_bp-chest_vp-ap_cr.png,predictions/probabilities/qata_test_sub-S09683_ses-E16594_run-1_bp-chest_vp-ap_cr.npy
qata_test_sub-S09683_ses-E16692_run-1_bp-chest_vp-ap_cr,sub-S09683,tripath_lesionnet,1003,0.9537665696736697,0.9116192830662934,4.47213595499958,1.2475671234921606,predictions/masks/qata_test_sub-S09683_ses-E16692_run-1_bp-chest_vp-ap_cr.png,predictions/probabilities/qata_test_sub-S09683_ses-E16692_run-1_bp-chest_vp-ap_cr.npy
qata_test_sub-S09683_ses-E16929_run-1_bp-chest_vp-ap_cr,sub-S09683,tripath_lesionnet,1003,0.943807631565827,0.8935944433735906,5.830951894845301,1.6123043861457018,predictions/masks/qata_test_sub-S09683_ses-E16929_run-1_bp-chest_vp-ap_cr.png,predictions/probabilities/qata_test_sub-S09683_ses-E16929_run-1_bp-chest_vp-ap_cr.npy
qata_test_sub-S09683_ses-E17252_run-1_bp-chest_vp-ap_cr,sub-S09683,tripath_lesionnet,1003,0.9623176087267155,0.9273720136528686,2.23606797749979,0.8665976651794411,predictions/masks/qata_test_sub-S09683_ses-E17252_run-1_bp-chest_vp-ap_cr.png,predictions/probabilities/qata_test_sub-S09683_ses-E17252_run-1_bp-chest_vp-ap_cr.npy
qata_test_sub-S09683_ses-E17515_run-1_bp-chest_vp-ap_cr,sub-S09683,tripath_lesionnet,1003,0.9466203580018883,0.8986507050837106,4.47213595499958,1.413741620337246,predictions/masks/qata_test_sub-S09683_ses-E17515_run-1_bp-chest_vp-ap_cr.png,predictions/probabilities/qata_test_sub-S09683_ses-E17515_run-1_bp-chest_vp-ap_cr.npy
qata_test_sub-S09683_ses-E18426_run-1_bp-chest_vp-ap_cr,sub-S09683,tripath_lesionnet,1003,0.9746986843317016,0.9506460875812038,2.0,0.651922991204015,predictions/masks/qata_test_sub-S09683_ses-E18426_run-1_bp-chest_vp-ap_cr.png,predictions/probabilities/qata_test_sub-S09683_ses-E18426_run-1_bp-chest_vp-ap_cr.npy
qata_test_sub-S09683_ses-E19661_run-1_bp-chest_vp-ap_cr,sub-S09683,tripath_lesionnet,1003,0.9695995591478251,0.9409929583747126,2.23606797749979,0.7838884293793166,predictions/masks/qata_test_sub-S09683_ses-E19661_run-1_bp-chest_vp-ap_cr.png,predictions/probabilities/qata_test_sub-S09683_ses-E19661_run-1_bp-chest_vp-ap_cr.npy
qata_test_sub-S09683_ses-E20273_run-1_bp-chest_vp-ap_cr,sub-S09683,tripath_lesionnet,1003,0.9612736240662144,0.9254348848149936,3.0,0.9859583627846763,predictions/masks/qata_test_sub-S09683_ses-E20273_run-1_bp-chest_vp-ap_cr.png,predictions/probabilities/qata_test_sub-S09683_ses-E20273_run-1_bp-chest_vp-ap_cr.npy
qata_test_sub-S09683_ses-E20396_run-1_bp-chest_vp-ap_cr,sub-S09683,tripath_lesionnet,1003,0.9587902370005359,0.9208425343984981,3.1622776601683795,1.134265196960304,predictions/masks/qata_test_sub-S09683_ses-E20396_run-1_bp-chest_vp-ap_cr.png,predictions/probabilities/qata_test_sub-S09683_ses-E20396_run-1_bp-chest_vp-ap_cr.npy
qata_test_sub-S09683_ses-E20627_run-1_bp-chest_vp-ap_cr,sub-S09683,tripath_lesionnet,1003,0.9664136528254879,0.9350100796780743,2.23606797749979,0.8591863403030541,predictions/masks/qata_test_sub-S09683_ses-E20627_run-1_bp-chest_vp-ap_cr.png,predictions/probabilities/qata_test_sub-S09683_ses-E20627_run-1_bp-chest_vp-ap_cr.npy
qata_test_sub-S09683_ses-E20643_run-1_bp-chest_vp-ap_cr,sub-S09683,tripath_lesionnet,1003,0.9044151346951957,0.8255089709042902,13.0,2.2934011801520264,predictions/masks/qata_test_sub-S09683_ses-E20643_run-1_bp-chest_vp-ap_cr.png,predictions/probabilities/qata_test_sub-S09683_ses-E20643_run-1_bp-chest_vp-ap_cr.npy
qata_test_sub-S09683_ses-E20797_run-1_bp-chest_vp-ap_cr,sub-S09683,tripath_lesionnet,1003,0.9636075083458457,0.9297708311339131,2.8284271247461903,0.9430641935716876,predictions/masks/qata_test_sub-S09683_ses-E20797_run-1_bp-chest_vp-ap_cr.png,predictions/probabilities/qata_test_sub-S09683_ses-E20797_run-1_bp-chest_vp-ap_cr.npy
qata_test_sub-S09683_ses-E21135_run-1_bp-chest_vp-pa_cr,sub-S09683,tripath_lesionnet,1003,0.9291500162008363,0.8676752395373911,13.71785990102115,2.722696499829007,predictions/masks/qata_test_sub-S09683_ses-E21135_run-1_bp-chest_vp-pa_cr.png,predictions/probabilities/qata_test_sub-S09683_ses-E21135_run-1_bp-chest_vp-pa_cr.npy
qata_test_sub-S09683_ses-E21348_run-1_bp-chest_vp-ap_cr,sub-S09683,tripath_lesionnet,1003,0.9605544400546632,0.9241026919251732,3.1622776601683795,0.9599347170526537,predictions/masks/qata_test_sub-S09683_ses-E21348_run-1_bp-chest_vp-ap_cr.png,predictions/probabilities/qata_test_sub-S09683_ses-E21348_run-1_bp-chest_vp-ap_cr.npy
qata_test_sub-S09683_ses-E21483_run-1_bp-chest_vp-pa_cr,sub-S09683,tripath_lesionnet,1003,0.974583873218506,0.9504276827376513,2.0,0.6095505866494454,predictions/masks/qata_test_sub-S09683_ses-E21483_run-1_bp-chest_vp-pa_cr.png,predictions/probabilities/qata_test_sub-S09683_ses-E21483_run-1_bp-chest_vp-pa_cr.npy
qata_test_sub-S09683_ses-E22571_run-1_bp-chest_vp-ap_cr,sub-S09683,tripath_lesionnet,1003,0.8290612993874129,0.7080313418246029,16.1245154965971,3.295148525442983,predictions/masks/qata_test_sub-S09683_ses-E22571_run-1_bp-chest_vp-ap_cr.png,predictions/probabilities/qata_test_sub-S09683_ses-E22571_run-1_bp-chest_vp-ap_cr.npy
qata_test_sub-S09683_ses-E22974_run-1_bp-chest_vp-ap_cr,sub-S09683,tripath_lesionnet,1003,0.9467084639501171,0.8988095238105113,4.0,1.3741529974681295,predictions/masks/qata_test_sub-S09683_ses-E22974_run-1_bp-chest_vp-ap_cr.png,predictions/probabilities/qata_test_sub-S09683_ses-E22974_run-1_bp-chest_vp-ap_cr.npy
qata_test_sub-S09683_ses-E24266_run-1_bp-chest_vp-ap_cr,sub-S09683,tripath_lesionnet,1003,0.6367895701809249,0.46712492529188393,19.214574982173108,5.635842300021879,predictions/masks/qata_test_sub-S09683_ses-E24266_run-1_bp-chest_vp-ap_cr.png,predictions/probabilities/qata_test_sub-S09683_ses-E24266_run-1_bp-chest_vp-ap_cr.npy
qata_test_sub-S09683_ses-E24267_run-1_bp-chest_vp-ap_cr,sub-S09683,tripath_lesionnet,1003,0.9654733202931107,0.9332512531885212,2.23606797749979,1.3583318423237971,predictions/masks/qata_test_sub-S09683_ses-E24267_run-1_bp-chest_vp-ap_cr.png,predictions/probabilities/qata_test_sub-S09683_ses-E24267_run-1_bp-chest_vp-ap_cr.npy
qata_test_sub-S09683_ses-E25533_run-1_bp-chest_vp-ap_cr,sub-S09683,tripath_lesionnet,1003,0.6452866861079372,0.4763271162230718,34.36568055487916,6.746858283168546,predictions/masks/qata_test_sub-S09683_ses-E25533_run-1_bp-chest_vp-ap_cr.png,predictions/probabilities/qata_test_sub-S09683_ses-E25533_run-1_bp-chest_vp-ap_cr.npy
qata_test_sub-S09683_ses-E26307_run-1_bp-chest_vp-ap_cr,sub-S09683,tripath_lesionnet,1003,0.7668276972662347,0.6218333768706755,14.390889890282068,3.916630597616074,predictions/masks/qata_test_sub-S09683_ses-E26307_run-1_bp-chest_vp-ap_cr.png,predictions/probabilities/qata_test_sub-S09683_ses-E26307_run-1_bp-chest_vp-ap_cr.npy
qata_test_sub-S09683_ses-E26484_run-1_bp-chest_vp-ap_cr,sub-S09683,tripath_lesionnet,1003,0.7736982643543583,0.6309199782303903,57.54771674507624,8.517693699501299,predictions/masks/qata_test_sub-S09683_ses-E26484_run-1_bp-chest_vp-ap_cr.png,predictions/probabilities/qata_test_sub-S09683_ses-E26484_run-1_bp-chest_vp-ap_cr.npy
qata_test_sub-S09684_ses-E16597_run-1_bp-chest_vp-pa_dx,sub-S09684,tripath_lesionnet,1003,0.8699094027630406,0.7697696139512801,13.94629120788809,3.015442094129009,predictions/masks/qata_test_sub-S09684_ses-E16597_run-1_bp-chest_vp-pa_dx.png,predictions/probabilities/qata_test_sub-S09684_ses-E16597_run-1_bp-chest_vp-pa_dx.npy
qata_test_sub-S09684_ses-E25099_run-1_bp-chest_dx,sub-S09684,tripath_lesionnet,1003,0.8948564694006662,0.8097196831229476,11.570851451145838,2.500253206894591,predictions/masks/qata_test_sub-S09684_ses-E25099_run-1_bp-chest_dx.png,predictions/probabilities/qata_test_sub-S09684_ses-E25099_run-1_bp-chest_dx.npy
qata_test_sub-S09685_ses-E16598_run-1_bp-chest_vp-ap_dx,sub-S09685,tripath_lesionnet,1003,0.885643256682353,0.79475738985323,8.48528137423857,3.3595477572109265,predictions/masks/qata_test_sub-S09685_ses-E16598_run-1_bp-chest_vp-ap_dx.png,predictions/probabilities/qata_test_sub-S09685_ses-E16598_run-1_bp-chest_vp-ap_dx.npy
qata_test_sub-S09687_ses-E16601_run-1_bp-chest_cr,sub-S09687,tripath_lesionnet,1003,0.9708106281418882,0.9432769660158983,2.23606797749979,0.8949963676812313,predictions/masks/qata_test_sub-S09687_ses-E16601_run-1_bp-chest_cr.png,predictions/probabilities/qata_test_sub-S09687_ses-E16601_run-1_bp-chest_cr.npy
qata_test_sub-S09687_ses-E17027_run-1_bp-chest_cr,sub-S09687,tripath_lesionnet,1003,0.958297872340603,0.9199346405235299,4.47213595499958,1.4583415094394632,predictions/masks/qata_test_sub-S09687_ses-E17027_run-1_bp-chest_cr.png,predictions/probabilities/qata_test_sub-S09687_ses-E17027_run-1_bp-chest_cr.npy
qata_test_sub-S09687_ses-E17093_run-1_bp-chest_cr,sub-S09687,tripath_lesionnet,1003,0.9709917179869569,0.9436189532776653,2.8284271247461903,0.8734545396616774,predictions/masks/qata_test_sub-S09687_ses-E17093_run-1_bp-chest_cr.png,predictions/probabilities/qata_test_sub-S09687_ses-E17093_run-1_bp-chest_cr.npy
qata_test_sub-S09687_ses-E17468_run-1_bp-chest_cr,sub-S09687,tripath_lesionnet,1003,0.9757539410556213,0.9526557925558121,2.23606797749979,0.7152408791186927,predictions/masks/qata_test_sub-S09687_ses-E17468_run-1_bp-chest_cr.png,predictions/probabilities/qata_test_sub-S09687_ses-E17468_run-1_bp-chest_cr.npy
qata_test_sub-S09687_ses-E17521_run-1_bp-chest_cr,sub-S09687,tripath_lesionnet,1003,0.9651705276706678,0.932685581034336,3.605551275463989,1.0965994812940099,predictions/masks/qata_test_sub-S09687_ses-E17521_run-1_bp-chest_cr.png,predictions/probabilities/qata_test_sub-S09687_ses-E17521_run-1_bp-chest_cr.npy
qata_test_sub-S09687_ses-E17602_run-1_bp-chest_cr,sub-S09687,tripath_lesionnet,1003,0.7396957995134392,0.5869184592347809,60.982762530298196,14.456274436651716,predictions/masks/qata_test_sub-S09687_ses-E17602_run-1_bp-chest_cr.png,predictions/probabilities/qata_test_sub-S09687_ses-E17602_run-1_bp-chest_cr.npy
qata_test_sub-S09687_ses-E17960_run-1_bp-chest_cr,sub-S09687,tripath_lesionnet,1003,0.8729376882986326,0.77452477936376,17.08800749063506,3.4658579653382655,predictions/masks/qata_test_sub-S09687_ses-E17960_run-1_bp-chest_cr.png,predictions/probabilities/qata_test_sub-S09687_ses-E17960_run-1_bp-chest_cr.npy
qata_test_sub-S09687_ses-E18005_run-1_bp-chest_cr,sub-S09687,tripath_lesionnet,1003,0.9825526499446506,0.9657036797936919,1.4142135623730951,0.5101305674167709,predictions/masks/qata_test_sub-S09687_ses-E18005_run-1_bp-chest_cr.png,predictions/probabilities/qata_test_sub-S09687_ses-E18005_run-1_bp-chest_cr.npy
qata_test_sub-S09687_ses-E18404_run-1_bp-chest_cr,sub-S09687,tripath_lesionnet,1003,0.9795294836542293,0.9598802395213013,1.4142135623730951,0.5642654746466463,predictions/masks/qata_test_sub-S09687_ses-E18404_run-1_bp-chest_cr.png,predictions/probabilities/qata_test_sub-S09687_ses-E18404_run-1_bp-chest_cr.npy
qata_test_sub-S09687_ses-E18927_acq-1_run-1_bp-chest_cr,sub-S09687,tripath_lesionnet,1003,0.8225321723062146,0.6985602094280293,14.953124061561459,3.1146460573835233,predictions/masks/qata_test_sub-S09687_ses-E18927_acq-1_run-1_bp-chest_cr.png,predictions/probabilities/qata_test_sub-S09687_ses-E18927_acq-1_run-1_bp-chest_cr.npy
qata_test_sub-S09687_ses-E18929_run-1_bp-chest_cr,sub-S09687,tripath_lesionnet,1003,0.7109877913461599,0.5515756845264065,64.90410393460517,10.620053798765236,predictions/masks/qata_test_sub-S09687_ses-E18929_run-1_bp-chest_cr.png,predictions/probabilities/qata_test_sub-S09687_ses-E18929_run-1_bp-chest_cr.npy
qata_test_sub-S09687_ses-E19646_run-1_bp-chest_cr,sub-S09687,tripath_lesionnet,1003,0.5939648586784957,0.4224395544845847,78.77182237323191,17.76287717044065,predictions/masks/qata_test_sub-S09687_ses-E19646_run-1_bp-chest_cr.png,predictions/probabilities/qata_test_sub-S09687_ses-E19646_run-1_bp-chest_cr.npy
qata_test_sub-S09687_ses-E19821_run-1_bp-chest_cr,sub-S09687,tripath_lesionnet,1003,0.6238262910908502,0.453304904074486,18.994733192202055,5.373566232503435,predictions/masks/qata_test_sub-S09687_ses-E19821_run-1_bp-chest_cr.png,predictions/probabilities/qata_test_sub-S09687_ses-E19821_run-1_bp-chest_cr.npy
qata_test_sub-S09687_ses-E20276_run-1_bp-chest_cr,sub-S09687,tripath_lesionnet,1003,0.9571256845201207,0.9177766393453154,3.1622776601683795,1.1053467727637998,predictions/masks/qata_test_sub-S09687_ses-E20276_run-1_bp-chest_cr.png,predictions/probabilities/qata_test_sub-S09687_ses-E20276_run-1_bp-chest_cr.npy
qata_test_sub-S09687_ses-E21332_run-1_bp-chest_cr,sub-S09687,tripath_lesionnet,1003,0.8317131900487674,0.7119083969509632,30.48593442351732,6.0134474259810595,predictions/masks/qata_test_sub-S09687_ses-E21332_run-1_bp-chest_cr.png,predictions/probabilities/qata_test_sub-S09687_ses-E21332_run-1_bp-chest_cr.npy
qata_test_sub-S09687_ses-E21820_run-1_bp-chest_cr,sub-S09687,tripath_lesionnet,1003,0.7415520235108648,0.5892591806497716,13.418268674102485,3.876347395324161,predictions/masks/qata_test_sub-S09687_ses-E21820_run-1_bp-chest_cr.png,predictions/probabilities/qata_test_sub-S09687_ses-E21820_run-1_bp-chest_cr.npy
qata_test_sub-S09687_ses-E22782_run-1_bp-chest_cr,sub-S09687,tripath_lesionnet,1003,0.6292682926862757,0.459074733103215,57.65834952016249,10.303994049063858,predictions/masks/qata_test_sub-S09687_ses-E22782_run-1_bp-chest_cr.png,predictions/probabilities/qata_test_sub-S09687_ses-E22782_run-1_bp-chest_cr.npy
qata_test_sub-S09687_ses-E23618_run-1_bp-chest_vp-pa_cr,sub-S09687,tripath_lesionnet,1003,0.5677655678051496,0.3964194374173377,69.26216267641263,10.81022808164393,predictions/masks/qata_test_sub-S09687_ses-E23618_run-1_bp-chest_vp-pa_cr.png,predictions/probabilities/qata_test_sub-S09687_ses-E23618_run-1_bp-chest_vp-pa_cr.npy
qata_test_sub-S09687_ses-E26078_run-1_bp-chest_vp-ap_dx,sub-S09687,tripath_lesionnet,1003,0.9689217996187091,0.9397170837873806,3.605551275463989,0.9073578071700973,predictions/masks/qata_test_sub-S09687_ses-E26078_run-1_bp-chest_vp-ap_dx.png,predictions/probabilities/qata_test_sub-S09687_ses-E26078_run-1_bp-chest_vp-ap_dx.npy
qata_test_sub-S09688_ses-E16603_run-1_bp-chest_vp-ap_dx,sub-S09688,tripath_lesionnet,1003,0.7680151706724818,0.6233966136544656,102.69903373563437,18.906284450437095,predictions/masks/qata_test_sub-S09688_ses-E16603_run-1_bp-chest_vp-ap_dx.png,predictions/probabilities/qata_test_sub-S09688_ses-E16603_run-1_bp-chest_vp-ap_dx.npy
qata_test_sub-S09688_ses-E18703_run-1_bp-chest_vp-ap_dx,sub-S09688,tripath_lesionnet,1003,0.6503923278421627,0.48191214476977884,112.90436776191983,38.252998195078355,predictions/masks/qata_test_sub-S09688_ses-E18703_run-1_bp-chest_vp-ap_dx.png,predictions/probabilities/qata_test_sub-S09688_ses-E18703_run-1_bp-chest_vp-ap_dx.npy
qata_test_sub-S09688_ses-E22143_run-1_bp-chest_vp-ap_dx,sub-S09688,tripath_lesionnet,1003,0.6017628205287756,0.4303724928693196,35.549932137289524,7.196555851154831,predictions/masks/qata_test_sub-S09688_ses-E22143_run-1_bp-chest_vp-ap_dx.png,predictions/probabilities/qata_test_sub-S09688_ses-E22143_run-1_bp-chest_vp-ap_dx.npy
qata_test_sub-S09688_ses-E23740_run-1_bp-chest_vp-ap_dx,sub-S09688,tripath_lesionnet,1003,0.41140301845428445,0.2589725545520941,22.627416997969522,7.210678639994511,predictions/masks/qata_test_sub-S09688_ses-E23740_run-1_bp-chest_vp-ap_dx.png,predictions/probabilities/qata_test_sub-S09688_ses-E23740_run-1_bp-chest_vp-ap_dx.npy
qata_test_sub-S09689_ses-E16604_run-1_bp-chest_vp-ap_dx,sub-S09689,tripath_lesionnet,1003,0.9260312119282588,0.8622515125338995,10.816653826391969,2.009097118030656,predictions/masks/qata_test_sub-S09689_ses-E16604_run-1_bp-chest_vp-ap_dx.png,predictions/probabilities/qata_test_sub-S09689_ses-E16604_run-1_bp-chest_vp-ap_dx.npy
qata_test_sub-S09689_ses-E18381_run-1_bp-chest_vp-ap_cr,sub-S09689,tripath_lesionnet,1003,0.9644721333559833,0.9313821138218821,2.53224755112299,1.3943465267130044,predictions/masks/qata_test_sub-S09689_ses-E18381_run-1_bp-chest_vp-ap_cr.png,predictions/probabilities/qata_test_sub-S09689_ses-E18381_run-1_bp-chest_vp-ap_cr.npy
qata_test_sub-S09689_ses-E18696_run-1_bp-chest_vp-ap_cr,sub-S09689,tripath_lesionnet,1003,0.9169095173792244,0.8465677910507079,7.211102550927978,2.167252198277867,predictions/masks/qata_test_sub-S09689_ses-E18696_run-1_bp-chest_vp-ap_cr.png,predictions/probabilities/qata_test_sub-S09689_ses-E18696_run-1_bp-chest_vp-ap_cr.npy
qata_test_sub-S09689_ses-E19106_run-1_bp-chest_vp-ap_dx,sub-S09689,tripath_lesionnet,1003,0.9636647579387628,0.9298774362072546,4.0,0.9896878756804672,predictions/masks/qata_test_sub-S09689_ses-E19106_run-1_bp-chest_vp-ap_dx.png,predictions/probabilities/qata_test_sub-S09689_ses-E19106_run-1_bp-chest_vp-ap_dx.npy
qata_test_sub-S09689_ses-E19201_run-1_bp-chest_vp-ap_dx,sub-S09689,tripath_lesionnet,1003,0.9478005214403517,0.9007802614940871,4.0,1.24278565284483,predictions/masks/qata_test_sub-S09689_ses-E19201_run-1_bp-chest_vp-ap_dx.png,predictions/probabilities/qata_test_sub-S09689_ses-E19201_run-1_bp-chest_vp-ap_dx.npy
qata_test_sub-S09689_ses-E19645_acq-1_run-1_bp-chest_vp-ap_dx,sub-S09689,tripath_lesionnet,1003,0.8573011300692175,0.7502423889874589,19.924858845171276,4.824111127027825,predictions/masks/qata_test_sub-S09689_ses-E19645_acq-1_run-1_bp-chest_vp-ap_dx.png,predictions/probabilities/qata_test_sub-S09689_ses-E19645_acq-1_run-1_bp-chest_vp-ap_dx.npy
qata_test_sub-S09689_ses-E19803_run-1_bp-chest_vp-ap_dx,sub-S09689,tripath_lesionnet,1003,0.9478738790862142,0.9009127900593763,4.123105625617661,1.3620100909389534,predictions/masks/qata_test_sub-S09689_ses-E19803_run-1_bp-chest_vp-ap_dx.png,predictions/probabilities/qata_test_sub-S09689_ses-E19803_run-1_bp-chest_vp-ap_dx.npy
qata_test_sub-S09689_ses-E19967_run-1_bp-chest_vp-ap_dx,sub-S09689,tripath_lesionnet,1003,0.9663345224916294,0.9348619485882668,3.605551275463989,1.0221300366646058,predictions/masks/qata_test_sub-S09689_ses-E19967_run-1_bp-chest_vp-ap_dx.png,predictions/probabilities/qata_test_sub-S09689_ses-E19967_run-1_bp-chest_vp-ap_dx.npy
qata_test_sub-S09689_ses-E20159_run-1_bp-chest_vp-ap_dx,sub-S09689,tripath_lesionnet,1003,0.9538995188544596,0.9118622312556224,3.6055512754639896,1.1975464893621353,predictions/masks/qata_test_sub-S09689_ses-E20159_run-1_bp-chest_vp-ap_dx.png,predictions/probabilities/qata_test_sub-S09689_ses-E20159_run-1_bp-chest_vp-ap_dx.npy
qata_test_sub-S09689_ses-E20397_run-1_bp-chest_vp-ap_cr,sub-S09689,tripath_lesionnet,1003,0.9349836392094538,0.8779054234587509,5.830951894845301,1.6242416091045508,predictions/masks/qata_test_sub-S09689_ses-E20397_run-1_bp-chest_vp-ap_cr.png,predictions/probabilities/qata_test_sub-S09689_ses-E20397_run-1_bp-chest_vp-ap_cr.npy
qata_test_sub-S09689_ses-E20626_run-1_bp-chest_vp-ap_dx,sub-S09689,tripath_lesionnet,1003,0.96626327872693,0.9347286004672534,4.218733674818955,1.2735710369871183,predictions/masks/qata_test_sub-S09689_ses-E20626_run-1_bp-chest_vp-ap_dx.png,predictions/probabilities/qata_test_sub-S09689_ses-E20626_run-1_bp-chest_vp-ap_dx.npy
qata_test_sub-S09689_ses-E20924_run-1_bp-chest_vp-ap_dx,sub-S09689,tripath_lesionnet,1003,0.9607692307694463,0.9245003700970233,4.0,1.0685069163648464,predictions/masks/qata_test_sub-S09689_ses-E20924_run-1_bp-chest_vp-ap_dx.png,predictions/probabilities/qata_test_sub-S09689_ses-E20924_run-1_bp-chest_vp-ap_dx.npy
qata_test_sub-S09689_ses-E21117_run-1_bp-chest_vp-ap_dx,sub-S09689,tripath_lesionnet,1003,0.8955010711740277,0.8107758620705968,12.083045973594572,3.17418612014976,predictions/masks/qata_test_sub-S09689_ses-E21117_run-1_bp-chest_vp-ap_dx.png,predictions/probabilities/qata_test_sub-S09689_ses-E21117_run-1_bp-chest_vp-ap_dx.npy
qata_test_sub-S09689_ses-E21326_run-1_bp-chest_vp-ap_dx,sub-S09689,tripath_lesionnet,1003,0.9349401449335991,0.8778287346825214,7.51507414088883,2.042294318799939,predictions/masks/qata_test_sub-S09689_ses-E21326_run-1_bp-chest_vp-ap_dx.png,predictions/probabilities/qata_test_sub-S09689_ses-E21326_run-1_bp-chest_vp-ap_dx.npy
qata_test_sub-S09689_ses-E21327_run-1_bp-chest_vp-ap_dx,sub-S09689,tripath_lesionnet,1003,0.9697904742946808,0.9413526570053976,2.38415776431139,0.8080084214425182,predictions/masks/qata_test_sub-S09689_ses-E21327_run-1_bp-chest_vp-ap_dx.png,predictions/probabilities/qata_test_sub-S09689_ses-E21327_run-1_bp-chest_vp-ap_dx.npy
qata_test_sub-S09689_ses-E21475_run-1_bp-chest_vp-ap_dx,sub-S09689,tripath_lesionnet,1003,0.973686947478036,0.9487231455213951,2.7099552952968833,0.6947152303166803,predictions/masks/qata_test_sub-S09689_ses-E21475_run-1_bp-chest_vp-ap_dx.png,predictions/probabilities/qata_test_sub-S09689_ses-E21475_run-1_bp-chest_vp-ap_dx.npy
qata_test_sub-S09689_ses-E21646_run-1_bp-chest_vp-ap_dx,sub-S09689,tripath_lesionnet,1003,0.971067011791941,0.9437611806804141,2.23606797749979,0.7264851944172362,predictions/masks/qata_test_sub-S09689_ses-E21646_run-1_bp-chest_vp-ap_dx.png,predictions/probabilities/qata_test_sub-S09689_ses-E21646_run-1_bp-chest_vp-ap_dx.npy
qata_test_sub-S09689_ses-E22007_run-1_bp-chest_vp-ap_dx,sub-S09689,tripath_lesionnet,1003,0.9564004608577018,0.9164439279498379,3.1622776601683795,1.1920712859949714,predictions/masks/qata_test_sub-S09689_ses-E22007_run-1_bp-chest_vp-ap_dx.png,predictions/probabilities/qata_test_sub-S09689_ses-E22007_run-1_bp-chest_vp-ap_dx.npy
qata_test_sub-S09689_ses-E22308_run-1_bp-chest_vp-ap_dx,sub-S09689,tripath_lesionnet,1003,0.9665750686986432,0.9353123187010702,2.8284271247461903,0.9144221671283281,predictions/masks/qata_test_sub-S09689_ses-E22308_run-1_bp-chest_vp-ap_dx.png,predictions/probabilities/qata_test_sub-S09689_ses-E22308_run-1_bp-chest_vp-ap_dx.npy
qata_test_sub-S09689_ses-E22565_run-1_bp-chest_vp-ap_dx,sub-S09689,tripath_lesionnet,1003,0.8873650063651815,0.7975346914688697,11.224622760197395,3.375677082855076,predictions/masks/qata_test_sub-S09689_ses-E22565_run-1_bp-chest_vp-ap_dx.png,predictions/probabilities/qata_test_sub-S09689_ses-E22565_run-1_bp-chest_vp-ap_dx.npy
qata_test_sub-S09689_ses-E22774_run-1_bp-chest_vp-ap_dx,sub-S09689,tripath_lesionnet,1003,0.9659564874311467,0.934154584106245,2.23606797749979,0.8295046263844215,predictions/masks/qata_test_sub-S09689_ses-E22774_run-1_bp-chest_vp-ap_dx.png,predictions/probabilities/qata_test_sub-S09689_ses-E22774_run-1_bp-chest_vp-ap_dx.npy
qata_test_sub-S09689_ses-E22961_run-1_bp-chest_vp-ap_dx,sub-S09689,tripath_lesionnet,1003,0.9596324546145697,0.9223975304414131,3.1622776601683795,1.1224271783933684,predictions/masks/qata_test_sub-S09689_ses-E22961_run-1_bp-chest_vp-ap_dx.png,predictions/probabilities/qata_test_sub-S09689_ses-E22961_run-1_bp-chest_vp-ap_dx.npy
qata_test_sub-S09689_ses-E23102_run-1_bp-chest_vp-ap_dx,sub-S09689,tripath_lesionnet,1003,0.9584630750252132,0.92023916967599,3.605551275463989,1.1818813126123524,predictions/masks/qata_test_sub-S09689_ses-E23102_run-1_bp-chest_vp-ap_dx.png,predictions/probabilities/qata_test_sub-S09689_ses-E23102_run-1_bp-chest_vp-ap_dx.npy
qata_test_sub-S09689_ses-E23273_run-1_bp-chest_vp-ap_dx,sub-S09689,tripath_lesionnet,1003,0.9567123287673869,0.9170168067236575,4.2008034155936995,1.126832981909531,predictions/masks/qata_test_sub-S09689_ses-E23273_run-1_bp-chest_vp-ap_dx.png,predictions/probabilities/qata_test_sub-S09689_ses-E23273_run-1_bp-chest_vp-ap_dx.npy
qata_test_sub-S09689_ses-E23583_run-1_bp-chest_vp-ap_dx,sub-S09689,tripath_lesionnet,1003,0.9537957797722908,0.9116726556171127,4.0,1.1592845719277034,predictions/masks/qata_test_sub-S09689_ses-E23583_run-1_bp-chest_vp-ap_dx.png,predictions/probabilities/qata_test_sub-S09689_ses-E23583_run-1_bp-chest_vp-ap_dx.npy
qata_test_sub-S09689_ses-E24033_run-1_bp-chest_vp-ap_cr,sub-S09689,tripath_lesionnet,1003,0.968867089038975,0.9396141649056605,2.0,0.7176830096696767,predictions/masks/qata_test_sub-S09689_ses-E24033_run-1_bp-chest_vp-ap_cr.png,predictions/probabilities/qata_test_sub-S09689_ses-E24033_run-1_bp-chest_vp-ap_cr.npy
qata_test_sub-S09689_ses-E25744_run-1_bp-chest_vp-ap_dx,sub-S09689,tripath_lesionnet,1003,0.9547664471662578,0.913447951013737,4.0,1.2434744975645673,predictions/masks/qata_test_sub-S09689_ses-E25744_run-1_bp-chest_vp-ap_dx.png,predictions/probabilities/qata_test_sub-S09689_ses-E25744_run-1_bp-chest_vp-ap_dx.npy
qata_test_sub-S09689_ses-E25745_run-1_bp-chest_vp-ap_dx,sub-S09689,tripath_lesionnet,1003,0.9644745189259649,0.931386563202661,4.123105625617661,0.9507110306814358,predictions/masks/qata_test_sub-S09689_ses-E25745_run-1_bp-chest_vp-ap_dx.png,predictions/probabilities/qata_test_sub-S09689_ses-E25745_run-1_bp-chest_vp-ap_dx.npy
qata_test_sub-S09689_ses-E26065_run-1_bp-chest_vp-ap_dx,sub-S09689,tripath_lesionnet,1003,0.8279401701054456,0.7063975310725966,32.01015377165676,7.344688502045265,predictions/masks/qata_test_sub-S09689_ses-E26065_run-1_bp-chest_vp-ap_dx.png,predictions/probabilities/qata_test_sub-S09689_ses-E26065_run-1_bp-chest_vp-ap_dx.npy
qata_test_sub-S09690_ses-E16605_run-1_bp-chest_vp-ap_cr,sub-S09690,tripath_lesionnet,1003,0.28864864868710005,0.16866708786047588,114.46036975985962,35.55288166402576,predictions/masks/qata_test_sub-S09690_ses-E16605_run-1_bp-chest_vp-ap_cr.png,predictions/probabilities/qata_test_sub-S09690_ses-E16605_run-1_bp-chest_vp-ap_cr.npy
qata_test_sub-S09692_ses-E17183_acq-2_run-1_bp-chest_vp-ap_dx,sub-S09692,tripath_lesionnet,1003,0.876430370637809,0.7800409941099149,13.0,2.5035036464399982,predictions/masks/qata_test_sub-S09692_ses-E17183_acq-2_run-1_bp-chest_vp-ap_dx.png,predictions/probabilities/qata_test_sub-S09692_ses-E17183_acq-2_run-1_bp-chest_vp-ap_dx.npy
qata_test_sub-S09692_ses-E18439_run-1_bp-chest_cr,sub-S09692,tripath_lesionnet,1003,0.9551230497025732,0.9141009852222038,8.590660962697592,1.9864962184006927,predictions/masks/qata_test_sub-S09692_ses-E18439_run-1_bp-chest_cr.png,predictions/probabilities/qata_test_sub-S09692_ses-E18439_run-1_bp-chest_cr.npy
qata_test_sub-S09692_ses-E20201_run-1_bp-chest_cr,sub-S09692,tripath_lesionnet,1003,0.974292679323431,0.9498739647104798,2.8284271247461903,0.7691945581585349,predictions/masks/qata_test_sub-S09692_ses-E20201_run-1_bp-chest_cr.png,predictions/probabilities/qata_test_sub-S09692_ses-E20201_run-1_bp-chest_cr.npy
qata_test_sub-S09692_ses-E21356_run-1_bp-chest_cr,sub-S09692,tripath_lesionnet,1003,0.9750344014154952,0.9512850019183805,2.0,0.623476615759561,predictions/masks/qata_test_sub-S09692_ses-E21356_run-1_bp-chest_cr.png,predictions/probabilities/qata_test_sub-S09692_ses-E21356_run-1_bp-chest_cr.npy
qata_test_sub-S09692_ses-E21505_run-1_bp-chest_cr,sub-S09692,tripath_lesionnet,1003,0.9773454157783522,0.9556945530366111,2.0,0.6525548196579518,predictions/masks/qata_test_sub-S09692_ses-E21505_run-1_bp-chest_cr.png,predictions/probabilities/qata_test_sub-S09692_ses-E21505_run-1_bp-chest_cr.npy
qata_test_sub-S09692_ses-E21668_run-1_bp-chest_cr,sub-S09692,tripath_lesionnet,1003,0.979036236008447,0.958933382886194,1.4142135623730951,0.5480453650737218,predictions/masks/qata_test_sub-S09692_ses-E21668_run-1_bp-chest_cr.png,predictions/probabilities/qata_test_sub-S09692_ses-E21668_run-1_bp-chest_cr.npy
qata_test_sub-S09692_ses-E21914_run-1_bp-chest_vp-ap_dx,sub-S09692,tripath_lesionnet,1003,0.9626891763650033,0.9280624036986896,2.8284271247461903,0.9068827954820624,predictions/masks/qata_test_sub-S09692_ses-E21914_run-1_bp-chest_vp-ap_dx.png,predictions/probabilities/qata_test_sub-S09692_ses-E21914_run-1_bp-chest_vp-ap_dx.npy
qata_test_sub-S09692_ses-E22025_run-1_bp-chest_vp-ap_dx,sub-S09692,tripath_lesionnet,1003,0.9623425692697586,0.9274183760173877,2.8284271247461903,0.8087781081301597,predictions/masks/qata_test_sub-S09692_ses-E22025_run-1_bp-chest_vp-ap_dx.png,predictions/probabilities/qata_test_sub-S09692_ses-E22025_run-1_bp-chest_vp-ap_dx.npy
qata_test_sub-S09692_ses-E22600_run-1_bp-chest_cr,sub-S09692,tripath_lesionnet,1003,0.953047028580247,0.9103054813323441,8.329885794286437,1.7702303994114408,predictions/masks/qata_test_sub-S09692_ses-E22600_run-1_bp-chest_cr.png,predictions/probabilities/qata_test_sub-S09692_ses-E22600_run-1_bp-chest_cr.npy
qata_test_sub-S09692_ses-E24090_run-1_bp-chest_vp-pa_cr,sub-S09692,tripath_lesionnet,1003,0.8476918245585278,0.7356468023279827,27.009256086106298,4.611803115191288,predictions/masks/qata_test_sub-S09692_ses-E24090_run-1_bp-chest_vp-pa_cr.png,predictions/probabilities/qata_test_sub-S09692_ses-E24090_run-1_bp-chest_vp-pa_cr.npy
qata_test_sub-S09692_ses-E24092_run-1_bp-chest_cr,sub-S09692,tripath_lesionnet,1003,0.9717257831137941,0.9450064653537309,2.23606797749979,0.8665876034883804,predictions/masks/qata_test_sub-S09692_ses-E24092_run-1_bp-chest_cr.png,predictions/probabilities/qata_test_sub-S09692_ses-E24092_run-1_bp-chest_cr.npy
qata_test_sub-S09693_ses-E16608_run-1_bp-chest_vp-ap_dx,sub-S09693,tripath_lesionnet,1003,1.0319917439595468e-10,1.0319917439595468e-10,316.7838379715733,316.7838379715733,predictions/masks/qata_test_sub-S09693_ses-E16608_run-1_bp-chest_vp-ap_dx.png,predictions/probabilities/qata_test_sub-S09693_ses-E16608_run-1_bp-chest_vp-ap_dx.npy
qata_test_sub-S09693_ses-E19186_run-1_bp-chest_vp-pa_cr,sub-S09693,tripath_lesionnet,1003,0.7898113207586828,0.6526348612518666,11.036067977499778,3.2790488287015926,predictions/masks/qata_test_sub-S09693_ses-E19186_run-1_bp-chest_vp-pa_cr.png,predictions/probabilities/qata_test_sub-S09693_ses-E19186_run-1_bp-chest_vp-pa_cr.npy
qata_test_sub-S09694_ses-E16609_run-1_bp-chest_vp-ap_dx,sub-S09694,tripath_lesionnet,1003,0.6820122517229996,0.517464788745987,17.08800749063506,5.0967364044149726,predictions/masks/qata_test_sub-S09694_ses-E16609_run-1_bp-chest_vp-ap_dx.png,predictions/probabilities/qata_test_sub-S09694_ses-E16609_run-1_bp-chest_vp-ap_dx.npy
qata_test_sub-S09694_ses-E17185_run-1_bp-chest_vp-ap_dx,sub-S09694,tripath_lesionnet,1003,0.8588502760645739,0.7526183970884264,65.42424773271046,10.56421145997324,predictions/masks/qata_test_sub-S09694_ses-E17185_run-1_bp-chest_vp-ap_dx.png,predictions/probabilities/qata_test_sub-S09694_ses-E17185_run-1_bp-chest_vp-ap_dx.npy
qata_test_sub-S09694_ses-E17337_run-1_bp-chest_vp-pa_dx,sub-S09694,tripath_lesionnet,1003,0.6113088177298811,0.44020501142140056,26.1725046566048,6.030768858982348,predictions/masks/qata_test_sub-S09694_ses-E17337_run-1_bp-chest_vp-pa_dx.png,predictions/probabilities/qata_test_sub-S09694_ses-E17337_run-1_bp-chest_vp-pa_dx.npy
qata_test_sub-S09694_ses-E20413_run-1_bp-chest_vp-ap_dx,sub-S09694,tripath_lesionnet,1003,0.342636324631059,0.20673575133643857,133.53594889583624,40.36044056379278,predictions/masks/qata_test_sub-S09694_ses-E20413_run-1_bp-chest_vp-ap_dx.png,predictions/probabilities/qata_test_sub-S09694_ses-E20413_run-1_bp-chest_vp-ap_dx.npy
qata_test_sub-S09694_ses-E26910_run-1_bp-chest_vp-pa_dx,sub-S09694,tripath_lesionnet,1003,0.4933920705017489,0.3274853801472116,96.19857315106418,18.93419884788238,predictions/masks/qata_test_sub-S09694_ses-E26910_run-1_bp-chest_vp-pa_dx.png,predictions/probabilities/qata_test_sub-S09694_ses-E26910_run-1_bp-chest_vp-pa_dx.npy
qata_test_sub-S09695_ses-E17191_run-1_bp-chest_vp-ap_dx,sub-S09695,tripath_lesionnet,1003,0.5363436123475677,0.3664409330561911,68.95832010184319,13.354096923974513,predictions/masks/qata_test_sub-S09695_ses-E17191_run-1_bp-chest_vp-ap_dx.png,predictions/probabilities/qata_test_sub-S09695_ses-E17191_run-1_bp-chest_vp-ap_dx.npy
qata_test_sub-S09695_ses-E18620_run-1_bp-chest_vp-pa_cr,sub-S09695,tripath_lesionnet,1003,0.4743138635134191,0.31088560891966,19.015778554264266,7.096091746443128,predictions/masks/qata_test_sub-S09695_ses-E18620_run-1_bp-chest_vp-pa_cr.png,predictions/probabilities/qata_test_sub-S09695_ses-E18620_run-1_bp-chest_vp-pa_cr.npy
qata_test_sub-S09697_ses-E16614_run-1_bp-chest_vp-ap_dx,sub-S09697,tripath_lesionnet,1003,0.5269271383378178,0.35770609320147484,77.83179862784642,25.300246412429658,predictions/masks/qata_test_sub-S09697_ses-E16614_run-1_bp-chest_vp-ap_dx.png,predictions/probabilities/qata_test_sub-S09697_ses-E16614_run-1_bp-chest_vp-ap_dx.npy
qata_test_sub-S09698_ses-E16616_run-1_bp-chest_vp-pa_dx,sub-S09698,tripath_lesionnet,1003,0.4710074506164235,0.308050847486947,23.93181364961213,9.00581046629658,predictions/masks/qata_test_sub-S09698_ses-E16616_run-1_bp-chest_vp-pa_dx.png,predictions/probabilities/qata_test_sub-S09698_ses-E16616_run-1_bp-chest_vp-pa_dx.npy
qata_test_sub-S09699_ses-E16619_run-1_bp-chest_vp-ap_cr,sub-S09699,tripath_lesionnet,1003,0.4461608360088069,0.2871345029656647,92.0619258327666,31.796807610295375,predictions/masks/qata_test_sub-S09699_ses-E16619_run-1_bp-chest_vp-ap_cr.png,predictions/probabilities/qata_test_sub-S09699_ses-E16619_run-1_bp-chest_vp-ap_cr.npy
qata_test_sub-S09699_ses-E17473_run-1_bp-chest_vp-ap_dx,sub-S09699,tripath_lesionnet,1003,0.3703703704027587,0.22727272732151058,127.0794123039001,47.19465350537822,predictions/masks/qata_test_sub-S09699_ses-E17473_run-1_bp-chest_vp-ap_dx.png,predictions/probabilities/qata_test_sub-S09699_ses-E17473_run-1_bp-chest_vp-ap_dx.npy
qata_test_sub-S09699_ses-E17617_run-1_bp-chest_vp-ap_dx,sub-S09699,tripath_lesionnet,1003,0.6560579455700607,0.48815939899578376,21.015467427058617,5.216843208833174,predictions/masks/qata_test_sub-S09699_ses-E17617_run-1_bp-chest_vp-ap_dx.png,predictions/probabilities/qata_test_sub-S09699_ses-E17617_run-1_bp-chest_vp-ap_dx.npy
qata_test_sub-S09700_ses-E18733_run-1_bp-chest_vp-pa_dx,sub-S09700,tripath_lesionnet,1003,0.6779456193548069,0.5127970749988302,12.680538207511951,3.0641216844980708,predictions/masks/qata_test_sub-S09700_ses-E18733_run-1_bp-chest_vp-pa_dx.png,predictions/probabilities/qata_test_sub-S09700_ses-E18733_run-1_bp-chest_vp-pa_dx.npy
qata_test_sub-S09700_ses-E20216_run-1_bp-chest_vp-ap_dx,sub-S09700,tripath_lesionnet,1003,0.4846373139219311,0.3198160535401415,41.26376972615417,12.82160369812714,predictions/masks/qata_test_sub-S09700_ses-E20216_run-1_bp-chest_vp-ap_dx.png,predictions/probabilities/qata_test_sub-S09700_ses-E20216_run-1_bp-chest_vp-ap_dx.npy
qata_test_sub-S09700_ses-E20952_run-1_bp-chest_vp-ap_cr,sub-S09700,tripath_lesionnet,1003,0.9214377042204654,0.8543203372008872,5.0,1.432948800016057,predictions/masks/qata_test_sub-S09700_ses-E20952_run-1_bp-chest_vp-ap_cr.png,predictions/probabilities/qata_test_sub-S09700_ses-E20952_run-1_bp-chest_vp-ap_cr.npy
qata_test_sub-S09700_ses-E22825_run-1_bp-chest_vp-ap_dx,sub-S09700,tripath_lesionnet,1003,0.7156950672730734,0.5572625698530139,79.39266122032103,16.843301673667902,predictions/masks/qata_test_sub-S09700_ses-E22825_run-1_bp-chest_vp-ap_dx.png,predictions/probabilities/qata_test_sub-S09700_ses-E22825_run-1_bp-chest_vp-ap_dx.npy
qata_test_sub-S09703_ses-E16625_run-1_bp-chest_vp-ap_cr,sub-S09703,tripath_lesionnet,1003,0.9469199769720961,0.8991909031281523,5.830951894845301,1.2967226554435913,predictions/masks/qata_test_sub-S09703_ses-E16625_run-1_bp-chest_vp-ap_cr.png,predictions/probabilities/qata_test_sub-S09703_ses-E16625_run-1_bp-chest_vp-ap_cr.npy
qata_test_sub-S09703_ses-E19461_run-1_bp-chest_vp-ap_cr,sub-S09703,tripath_lesionnet,1003,0.9633373150787313,0.9292678603090829,3.1622776601683795,0.9380122236000854,predictions/masks/qata_test_sub-S09703_ses-E19461_run-1_bp-chest_vp-ap_cr.png,predictions/probabilities/qata_test_sub-S09703_ses-E19461_run-1_bp-chest_vp-ap_cr.npy
qata_test_sub-S09703_ses-E20301_run-1_bp-chest_vp-ap_cr,sub-S09703,tripath_lesionnet,1003,0.9538851427797715,0.9118359577789251,5.385164807134504,1.2550443432398026,predictions/masks/qata_test_sub-S09703_ses-E20301_run-1_bp-chest_vp-ap_cr.png,predictions/probabilities/qata_test_sub-S09703_ses-E20301_run-1_bp-chest_vp-ap_cr.npy
qata_test_sub-S09703_ses-E20706_run-1_bp-chest_vp-ap_cr,sub-S09703,tripath_lesionnet,1003,0.9273172010136834,0.8644840785091255,10.18322268657908,2.0682317724211385,predictions/masks/qata_test_sub-S09703_ses-E20706_run-1_bp-chest_vp-ap_cr.png,predictions/probabilities/qata_test_sub-S09703_ses-E20706_run-1_bp-chest_vp-ap_cr.npy
qata_test_sub-S09703_ses-E23854_run-1_bp-chest_vp-ap_cr,sub-S09703,tripath_lesionnet,1003,0.894086826347966,0.8084602368887933,22.80898748174373,3.738520379414584,predictions/masks/qata_test_sub-S09703_ses-E23854_run-1_bp-chest_vp-ap_cr.png,predictions/probabilities/qata_test_sub-S09703_ses-E23854_run-1_bp-chest_vp-ap_cr.npy
qata_test_sub-S09704_ses-E19852_acq-1_run-1_bp-chest_vp-ap_dx,sub-S09704,tripath_lesionnet,1003,0.7217043941534974,0.5645833333635706,83.04212078760028,15.313564492576118,predictions/masks/qata_test_sub-S09704_ses-E19852_acq-1_run-1_bp-chest_vp-ap_dx.png,predictions/probabilities/qata_test_sub-S09704_ses-E19852_acq-1_run-1_bp-chest_vp-ap_dx.npy
qata_test_sub-S09704_ses-E19852_acq-2_run-1_bp-chest_vp-ap_dx,sub-S09704,tripath_lesionnet,1003,0.7815173987470858,0.6413857677958585,53.591028548592845,8.834277193123036,predictions/masks/qata_test_sub-S09704_ses-E19852_acq-2_run-1_bp-chest_vp-ap_dx.png,predictions/probabilities/qata_test_sub-S09704_ses-E19852_acq-2_run-1_bp-chest_vp-ap_dx.npy
qata_test_sub-S09708_ses-E16636_run-1_bp-chest_vp-ap_dx,sub-S09708,tripath_lesionnet,1003,0.852323909919251,0.7426519706100313,25.950913435352582,4.63336789962076,predictions/masks/qata_test_sub-S09708_ses-E16636_run-1_bp-chest_vp-ap_dx.png,predictions/probabilities/qata_test_sub-S09708_ses-E16636_run-1_bp-chest_vp-ap_dx.npy
qata_test_sub-S09708_ses-E17141_run-1_bp-chest_vp-ap_dx,sub-S09708,tripath_lesionnet,1003,0.9005372440835364,0.8190702588499817,10.770329614269007,2.906469454137264,predictions/masks/qata_test_sub-S09708_ses-E17141_run-1_bp-chest_vp-ap_dx.png,predictions/probabilities/qata_test_sub-S09708_ses-E17141_run-1_bp-chest_vp-ap_dx.npy
qata_test_sub-S09708_ses-E22670_run-1_bp-chest_vp-ap_dx,sub-S09708,tripath_lesionnet,1003,0.7944641589794573,0.6590133050787823,37.965765749313356,8.218245677359594,predictions/masks/qata_test_sub-S09708_ses-E22670_run-1_bp-chest_vp-ap_dx.png,predictions/probabilities/qata_test_sub-S09708_ses-E22670_run-1_bp-chest_vp-ap_dx.npy
qata_test_sub-S09708_ses-E24162_run-1_bp-chest_vp-pa_dx,sub-S09708,tripath_lesionnet,1003,0.6475485661587629,0.47879616966629296,90.0774812447307,23.770971658568037,predictions/masks/qata_test_sub-S09708_ses-E24162_run-1_bp-chest_vp-pa_dx.png,predictions/probabilities/qata_test_sub-S09708_ses-E24162_run-1_bp-chest_vp-pa_dx.npy
qata_test_sub-S09709_ses-E16639_run-1_bp-chest_vp-pa_cr,sub-S09709,tripath_lesionnet,1003,0.7953443259071123,0.6602254428614954,80.51733245640492,7.078007058705596,predictions/masks/qata_test_sub-S09709_ses-E16639_run-1_bp-chest_vp-pa_cr.png,predictions/probabilities/qata_test_sub-S09709_ses-E16639_run-1_bp-chest_vp-pa_cr.npy
qata_test_sub-S09709_ses-E24157_run-1_bp-chest_vp-pa_cr,sub-S09709,tripath_lesionnet,1003,0.8438048438103263,0.7298117790085118,13.0,3.0146566731298807,predictions/masks/qata_test_sub-S09709_ses-E24157_run-1_bp-chest_vp-pa_cr.png,predictions/probabilities/qata_test_sub-S09709_ses-E24157_run-1_bp-chest_vp-pa_cr.npy
qata_test_sub-S09710_ses-E16640_run-1_bp-chest_vp-ap_dx,sub-S09710,tripath_lesionnet,1003,0.7266754270722106,0.5706914344748534,111.62969546955975,27.797512872040233,predictions/masks/qata_test_sub-S09710_ses-E16640_run-1_bp-chest_vp-ap_dx.png,predictions/probabilities/qata_test_sub-S09710_ses-E16640_run-1_bp-chest_vp-ap_dx.npy
qata_test_sub-S09710_ses-E17123_run-1_bp-chest_vp-ap_cr,sub-S09710,tripath_lesionnet,1003,0.7706164463706794,0.6268315889699937,44.40720662234904,7.301533171081431,predictions/masks/qata_test_sub-S09710_ses-E17123_run-1_bp-chest_vp-ap_cr.png,predictions/probabilities/qata_test_sub-S09710_ses-E17123_run-1_bp-chest_vp-ap_cr.npy
qata_test_sub-S09711_ses-E18225_run-1_bp-chest_vp-pa_cr,sub-S09711,tripath_lesionnet,1003,0.8232902242061146,0.6996544442340213,54.32769350224373,7.326340362153192,predictions/masks/qata_test_sub-S09711_ses-E18225_run-1_bp-chest_vp-pa_cr.png,predictions/probabilities/qata_test_sub-S09711_ses-E18225_run-1_bp-chest_vp-pa_cr.npy
qata_test_sub-S09711_ses-E20994_run-1_bp-chest_vp-pa_cr,sub-S09711,tripath_lesionnet,1003,0.4642390831355834,0.30228603817679417,55.469811543636006,12.489215785897917,predictions/masks/qata_test_sub-S09711_ses-E20994_run-1_bp-chest_vp-pa_cr.png,predictions/probabilities/qata_test_sub-S09711_ses-E20994_run-1_bp-chest_vp-pa_cr.npy
qata_test_sub-S09711_ses-E23411_run-1_bp-chest_vp-pa_cr,sub-S09711,tripath_lesionnet,1003,0.7425641025693833,0.5905383360655616,25.688437994724783,4.973092652609665,predictions/masks/qata_test_sub-S09711_ses-E23411_run-1_bp-chest_vp-pa_cr.png,predictions/probabilities/qata_test_sub-S09711_ses-E23411_run-1_bp-chest_vp-pa_cr.npy
qata_test_sub-S09712_ses-E19280_run-1_bp-chest_cr,sub-S09712,tripath_lesionnet,1003,0.9576358252253724,0.918715213359013,3.0,1.0580044435834417,predictions/masks/qata_test_sub-S09712_ses-E19280_run-1_bp-chest_cr.png,predictions/probabilities/qata_test_sub-S09712_ses-E19280_run-1_bp-chest_cr.npy
qata_test_sub-S09712_ses-E26390_run-1_bp-chest_vp-ap_dx,sub-S09712,tripath_lesionnet,1003,0.5441789912822887,0.3737952591902345,52.550674217929895,12.857857064573208,predictions/masks/qata_test_sub-S09712_ses-E26390_run-1_bp-chest_vp-ap_dx.png,predictions/probabilities/qata_test_sub-S09712_ses-E26390_run-1_bp-chest_vp-ap_dx.npy
qata_test_sub-S09715_ses-E16646_run-1_bp-chest_vp-ap_dx,sub-S09715,tripath_lesionnet,1003,0.5004433410267699,0.3337275307631569,34.26201397347759,9.797428488621506,predictions/masks/qata_test_sub-S09715_ses-E16646_run-1_bp-chest_vp-ap_dx.png,predictions/probabilities/qata_test_sub-S09715_ses-E16646_run-1_bp-chest_vp-ap_dx.npy
qata_test_sub-S09716_ses-E16647_run-1_bp-chest_dx,sub-S09716,tripath_lesionnet,1003,0.8336069243421339,0.7146878198640049,12.450988007195875,3.096910235589179,predictions/masks/qata_test_sub-S09716_ses-E16647_run-1_bp-chest_dx.png,predictions/probabilities/qata_test_sub-S09716_ses-E16647_run-1_bp-chest_dx.npy
qata_test_sub-S09717_ses-E19511_run-1_bp-chest_vp-ap_dx,sub-S09717,tripath_lesionnet,1003,0.8941401884098014,0.8085475021712808,5.830951894845301,1.4743842941397762,predictions/masks/qata_test_sub-S09717_ses-E19511_run-1_bp-chest_vp-ap_dx.png,predictions/probabilities/qata_test_sub-S09717_ses-E19511_run-1_bp-chest_vp-ap_dx.npy
qata_test_sub-S09717_ses-E21410_run-1_bp-chest_vp-ap_dx,sub-S09717,tripath_lesionnet,1003,0.8785542994186489,0.7834122498887519,10.109140983546741,2.433675613469011,predictions/masks/qata_test_sub-S09717_ses-E21410_run-1_bp-chest_vp-ap_dx.png,predictions/probabilities/qata_test_sub-S09717_ses-E21410_run-1_bp-chest_vp-ap_dx.npy
qata_test_sub-S09717_ses-E22401_run-1_bp-chest_vp-pa_cr,sub-S09717,tripath_lesionnet,1003,0.8543527945178817,0.7457381211553957,5.0,1.8317063743197244,predictions/masks/qata_test_sub-S09717_ses-E22401_run-1_bp-chest_vp-pa_cr.png,predictions/probabilities/qata_test_sub-S09717_ses-E22401_run-1_bp-chest_vp-pa_cr.npy
qata_test_sub-S09718_ses-E23427_run-1_bp-chest_vp-ap_dx,sub-S09718,tripath_lesionnet,1003,0.796571944077737,0.6619190405051034,7.615773105863909,3.057582463293818,predictions/masks/qata_test_sub-S09718_ses-E23427_run-1_bp-chest_vp-ap_dx.png,predictions/probabilities/qata_test_sub-S09718_ses-E23427_run-1_bp-chest_vp-ap_dx.npy
qata_test_sub-S09718_ses-E24346_run-1_bp-chest_vp-pa_dx,sub-S09718,tripath_lesionnet,1003,0.7558354946366864,0.6075044669679865,70.29779956232932,10.02333136756868,predictions/masks/qata_test_sub-S09718_ses-E24346_run-1_bp-chest_vp-pa_dx.png,predictions/probabilities/qata_test_sub-S09718_ses-E24346_run-1_bp-chest_vp-pa_dx.npy
qata_test_sub-S09719_ses-E19486_run-1_bp-chest_vp-ap_dx,sub-S09719,tripath_lesionnet,1003,0.811985898947944,0.6834817013015093,8.54400374531753,2.4125179508410155,predictions/masks/qata_test_sub-S09719_ses-E19486_run-1_bp-chest_vp-ap_dx.png,predictions/probabilities/qata_test_sub-S09719_ses-E19486_run-1_bp-chest_vp-ap_dx.npy
qata_test_sub-S09719_ses-E20451_run-1_bp-chest_vp-pa_dx,sub-S09719,tripath_lesionnet,1003,0.31166219841448856,0.18459706235869008,26.408322267374096,14.695538362933632,predictions/masks/qata_test_sub-S09719_ses-E20451_run-1_bp-chest_vp-pa_dx.png,predictions/probabilities/qata_test_sub-S09719_ses-E20451_run-1_bp-chest_vp-pa_dx.npy
qata_test_sub-S09720_ses-E16867_acq-1_run-1_bp-chest_vp-ap_dx,sub-S09720,tripath_lesionnet,1003,0.36845425868171966,0.22583139985529996,33.54474231076916,10.90412060142042,predictions/masks/qata_test_sub-S09720_ses-E16867_acq-1_run-1_bp-chest_vp-ap_dx.png,predictions/probabilities/qata_test_sub-S09720_ses-E16867_acq-1_run-1_bp-chest_vp-ap_dx.npy
qata_test_sub-S09720_ses-E16981_run-1_bp-chest_vp-pa_dx,sub-S09720,tripath_lesionnet,1003,0.7693726937375751,0.6251874063249484,8.06225774829855,2.112861762850188,predictions/masks/qata_test_sub-S09720_ses-E16981_run-1_bp-chest_vp-pa_dx.png,predictions/probabilities/qata_test_sub-S09720_ses-E16981_run-1_bp-chest_vp-pa_dx.npy
qata_test_sub-S09720_ses-E17496_run-1_bp-chest_vp-ap_dx,sub-S09720,tripath_lesionnet,1003,0.6137787056770586,0.44277108442126945,99.63072020872258,29.17123250166781,predictions/masks/qata_test_sub-S09720_ses-E17496_run-1_bp-chest_vp-ap_dx.png,predictions/probabilities/qata_test_sub-S09720_ses-E17496_run-1_bp-chest_vp-ap_dx.npy
qata_test_sub-S09720_ses-E17848_run-1_bp-chest_vp-ap_dx,sub-S09720,tripath_lesionnet,1003,0.9184491978615683,0.8491965389390304,8.337223105159504,1.9819109689330923,predictions/masks/qata_test_sub-S09720_ses-E17848_run-1_bp-chest_vp-ap_dx.png,predictions/probabilities/qata_test_sub-S09720_ses-E17848_run-1_bp-chest_vp-ap_dx.npy
qata_test_sub-S09720_ses-E23823_run-1_bp-chest_vp-pa_dx,sub-S09720,tripath_lesionnet,1003,0.5445632798776934,0.37415799146514644,92.03799377072906,25.249119165713786,predictions/masks/qata_test_sub-S09720_ses-E23823_run-1_bp-chest_vp-pa_dx.png,predictions/probabilities/qata_test_sub-S09720_ses-E23823_run-1_bp-chest_vp-pa_dx.npy
qata_test_sub-S09721_ses-E18282_run-1_bp-chest_cr,sub-S09721,tripath_lesionnet,1003,0.9112886703553443,0.837034249156247,8.246211251235321,1.8740273701921946,predictions/masks/qata_test_sub-S09721_ses-E18282_run-1_bp-chest_cr.png,predictions/probabilities/qata_test_sub-S09721_ses-E18282_run-1_bp-chest_cr.npy
qata_test_sub-S09721_ses-E20524_run-1_bp-chest_vp-ap_dx,sub-S09721,tripath_lesionnet,1003,0.7225905936819955,0.5656687590640833,16.0684835231284,4.003984758522788,predictions/masks/qata_test_sub-S09721_ses-E20524_run-1_bp-chest_vp-ap_dx.png,predictions/probabilities/qata_test_sub-S09721_ses-E20524_run-1_bp-chest_vp-ap_dx.npy
qata_test_sub-S09721_ses-E22463_run-1_bp-chest_vp-ap_dx,sub-S09721,tripath_lesionnet,1003,0.6135786802153053,0.4425629290872969,28.86924493300591,8.814425022376026,predictions/masks/qata_test_sub-S09721_ses-E22463_run-1_bp-chest_vp-ap_dx.png,predictions/probabilities/qata_test_sub-S09721_ses-E22463_run-1_bp-chest_vp-ap_dx.npy
qata_test_sub-S09721_ses-E23931_run-1_bp-chest_vp-pa_cr,sub-S09721,tripath_lesionnet,1003,0.7516254876624431,0.6020833333747829,7.674116076876735,3.1427942641586166,predictions/masks/qata_test_sub-S09721_ses-E23931_run-1_bp-chest_vp-pa_cr.png,predictions/probabilities/qata_test_sub-S09721_ses-E23931_run-1_bp-chest_vp-pa_cr.npy
qata_test_sub-S09721_ses-E24599_run-1_bp-chest_vp-ap_dx,sub-S09721,tripath_lesionnet,1003,0.9035856573716153,0.8241279069803961,8.246211251235321,1.9281976624641897,predictions/masks/qata_test_sub-S09721_ses-E24599_run-1_bp-chest_vp-ap_dx.png,predictions/probabilities/qata_test_sub-S09721_ses-E24599_run-1_bp-chest_vp-ap_dx.npy
qata_test_sub-S09721_ses-E25059_run-1_bp-chest_vp-ap_dx,sub-S09721,tripath_lesionnet,1003,0.10021786494825116,0.052752293605138986,97.51512544627604,51.676863274255275,predictions/masks/qata_test_sub-S09721_ses-E25059_run-1_bp-chest_vp-ap_dx.png,predictions/probabilities/qata_test_sub-S09721_ses-E25059_run-1_bp-chest_vp-ap_dx.npy
qata_test_sub-S09721_ses-E25952_run-1_bp-chest_vp-ap_dx,sub-S09721,tripath_lesionnet,1003,0.8584772148335907,0.7520456236114048,18.35755975068582,3.804695514805847,predictions/masks/qata_test_sub-S09721_ses-E25952_run-1_bp-chest_vp-ap_dx.png,predictions/probabilities/qata_test_sub-S09721_ses-E25952_run-1_bp-chest_vp-ap_dx.npy
qata_test_sub-S09722_ses-E16656_run-1_bp-chest_vp-pa_cr,sub-S09722,tripath_lesionnet,1003,0.1467473525607604,0.07918367354455642,25.932441530394755,7.477938570086652,predictions/masks/qata_test_sub-S09722_ses-E16656_run-1_bp-chest_vp-pa_cr.png,predictions/probabilities/qata_test_sub-S09722_ses-E16656_run-1_bp-chest_vp-pa_cr.npy
qata_test_sub-S09723_ses-E16657_run-1_bp-chest_vp-pa_cr,sub-S09723,tripath_lesionnet,1003,0.29707426858471936,0.17444933923129372,125.0,48.988030618270145,predictions/masks/qata_test_sub-S09723_ses-E16657_run-1_bp-chest_vp-pa_cr.png,predictions/probabilities/qata_test_sub-S09723_ses-E16657_run-1_bp-chest_vp-pa_cr.npy
qata_test_sub-S09723_ses-E18270_run-1_bp-chest_vp-ap_dx,sub-S09723,tripath_lesionnet,1003,0.796696076592224,0.6620904836228592,36.37783771755974,7.776052227419121,predictions/masks/qata_test_sub-S09723_ses-E18270_run-1_bp-chest_vp-ap_dx.png,predictions/probabilities/qata_test_sub-S09723_ses-E18270_run-1_bp-chest_vp-ap_dx.npy
qata_test_sub-S09723_ses-E19045_run-1_bp-chest_vp-ap_dx,sub-S09723,tripath_lesionnet,1003,0.9209714209048641,0.8535190251199513,7.280109889280518,1.9107751707423672,predictions/masks/qata_test_sub-S09723_ses-E19045_run-1_bp-chest_vp-ap_dx.png,predictions/probabilities/qata_test_sub-S09723_ses-E19045_run-1_bp-chest_vp-ap_dx.npy
qata_test_sub-S09723_ses-E22458_run-1_bp-chest_vp-ap_dx,sub-S09723,tripath_lesionnet,1003,0.9569318604942476,0.917420276060002,4.123105625617661,1.3277048482522547,predictions/masks/qata_test_sub-S09723_ses-E22458_run-1_bp-chest_vp-ap_dx.png,predictions/probabilities/qata_test_sub-S09723_ses-E22458_run-1_bp-chest_vp-ap_dx.npy
qata_test_sub-S09723_ses-E22893_run-1_bp-chest_vp-pa_cr,sub-S09723,tripath_lesionnet,1003,0.8791117739673617,0.7842992312273167,12.74339334118881,2.8967164629194313,predictions/masks/qata_test_sub-S09723_ses-E22893_run-1_bp-chest_vp-pa_cr.png,predictions/probabilities/qata_test_sub-S09723_ses-E22893_run-1_bp-chest_vp-pa_cr.npy
qata_test_sub-S09723_ses-E25934_run-1_bp-chest_vp-ap_dx,sub-S09723,tripath_lesionnet,1003,0.8199971675412832,0.694911185793388,15.811388300841896,3.898242347378621,predictions/masks/qata_test_sub-S09723_ses-E25934_run-1_bp-chest_vp-ap_dx.png,predictions/probabilities/qata_test_sub-S09723_ses-E25934_run-1_bp-chest_vp-ap_dx.npy
qata_test_sub-S09723_ses-E26396_run-1_bp-chest_vp-ap_dx,sub-S09723,tripath_lesionnet,1003,0.9182128543868323,0.8487925356771571,8.94427190999916,1.9937711524447859,predictions/masks/qata_test_sub-S09723_ses-E26396_run-1_bp-chest_vp-ap_dx.png,predictions/probabilities/qata_test_sub-S09723_ses-E26396_run-1_bp-chest_vp-ap_dx.npy
qata_test_sub-S09725_ses-E16659_run-1_bp-chest_vp-pa_dx,sub-S09725,tripath_lesionnet,1003,0.47644683718193487,0.3127208481172508,26.964541688854787,7.862435247405278,predictions/masks/qata_test_sub-S09725_ses-E16659_run-1_bp-chest_vp-pa_dx.png,predictions/probabilities/qata_test_sub-S09725_ses-E16659_run-1_bp-chest_vp-pa_dx.npy
qata_test_sub-S09726_ses-E17568_run-1_bp-chest_vp-ap_cr,sub-S09726,tripath_lesionnet,1003,0.38584070801895215,0.23903508780273738,103.04537808760394,41.609608067299064,predictions/masks/qata_test_sub-S09726_ses-E17568_run-1_bp-chest_vp-ap_cr.png,predictions/probabilities/qata_test_sub-S09726_ses-E17568_run-1_bp-chest_vp-ap_cr.npy
qata_test_sub-S09728_ses-E16665_run-1_bp-chest_vp-ap_dx,sub-S09728,tripath_lesionnet,1003,0.8728552573702345,0.774395003906723,50.93917567547647,10.221886702086842,predictions/masks/qata_test_sub-S09728_ses-E16665_run-1_bp-chest_vp-ap_dx.png,predictions/probabilities/qata_test_sub-S09728_ses-E16665_run-1_bp-chest_vp-ap_dx.npy
qata_test_sub-S09728_ses-E23225_run-1_bp-chest_vp-ap_cr,sub-S09728,tripath_lesionnet,1003,0.2427093133355871,0.13811563178392766,119.29582277870395,50.14034297250996,predictions/masks/qata_test_sub-S09728_ses-E23225_run-1_bp-chest_vp-ap_cr.png,predictions/probabilities/qata_test_sub-S09728_ses-E23225_run-1_bp-chest_vp-ap_cr.npy
qata_test_sub-S09729_ses-E16668_run-1_bp-chest_vp-ap_dx,sub-S09729,tripath_lesionnet,1003,0.6985513911313278,0.5367491166241432,13.159708511893704,3.6999971358501114,predictions/masks/qata_test_sub-S09729_ses-E16668_run-1_bp-chest_vp-ap_dx.png,predictions/probabilities/qata_test_sub-S09729_ses-E16668_run-1_bp-chest_vp-ap_dx.npy
qata_test_sub-S09729_ses-E17168_run-1_bp-chest_vp-ap_cr,sub-S09729,tripath_lesionnet,1003,0.9121450473281943,0.8384803921608216,5.0,1.499647504041428,predictions/masks/qata_test_sub-S09729_ses-E17168_run-1_bp-chest_vp-ap_cr.png,predictions/probabilities/qata_test_sub-S09729_ses-E17168_run-1_bp-chest_vp-ap_cr.npy
qata_test_sub-S09729_ses-E18550_run-1_bp-chest_vp-ap_cr,sub-S09729,tripath_lesionnet,1003,0.7796964939937364,0.6389365351939161,9.939696961966998,2.8355688157320684,predictions/masks/qata_test_sub-S09729_ses-E18550_run-1_bp-chest_vp-ap_cr.png,predictions/probabilities/qata_test_sub-S09729_ses-E18550_run-1_bp-chest_vp-ap_cr.npy
qata_test_sub-S09732_ses-E17013_run-1_bp-chest_vp-ap_dx,sub-S09732,tripath_lesionnet,1003,0.8964424600331782,0.8123205429440793,6.4031242374328485,1.8354200192119905,predictions/masks/qata_test_sub-S09732_ses-E17013_run-1_bp-chest_vp-ap_dx.png,predictions/probabilities/qata_test_sub-S09732_ses-E17013_run-1_bp-chest_vp-ap_dx.npy
qata_test_sub-S09732_ses-E20780_run-1_bp-chest_vp-ap_dx,sub-S09732,tripath_lesionnet,1003,0.876759551854686,0.7805626598521596,7.615773105863909,2.1780266422883328,predictions/masks/qata_test_sub-S09732_ses-E20780_run-1_bp-chest_vp-ap_dx.png,predictions/probabilities/qata_test_sub-S09732_ses-E20780_run-1_bp-chest_vp-ap_dx.npy
qata_test_sub-S09732_ses-E22320_run-1_bp-chest_vp-ap_dx,sub-S09732,tripath_lesionnet,1003,0.9609133433761919,0.9247672821619904,2.23606797749979,0.8234852314337255,predictions/masks/qata_test_sub-S09732_ses-E22320_run-1_bp-chest_vp-ap_dx.png,predictions/probabilities/qata_test_sub-S09732_ses-E22320_run-1_bp-chest_vp-ap_dx.npy
qata_test_sub-S09734_ses-E18704_run-1_bp-chest_vp-ap_dx,sub-S09734,tripath_lesionnet,1003,0.7306719791607489,0.5756368465583045,40.00874863323958,7.51401801509032,predictions/masks/qata_test_sub-S09734_ses-E18704_run-1_bp-chest_vp-ap_dx.png,predictions/probabilities/qata_test_sub-S09734_ses-E18704_run-1_bp-chest_vp-ap_dx.npy
qata_test_sub-S09734_ses-E18897_run-1_bp-chest_vp-ap_cr,sub-S09734,tripath_lesionnet,1003,0.9429983525540115,0.892144638405671,2.8541630560342384,1.2040495141109435,predictions/masks/qata_test_sub-S09734_ses-E18897_run-1_bp-chest_vp-ap_cr.png,predictions/probabilities/qata_test_sub-S09734_ses-E18897_run-1_bp-chest_vp-ap_cr.npy
qata_test_sub-S09734_ses-E20389_run-1_bp-chest_vp-pa_dx,sub-S09734,tripath_lesionnet,1003,0.7763878029798129,0.6345047923556226,9.0,2.603438404617571,predictions/masks/qata_test_sub-S09734_ses-E20389_run-1_bp-chest_vp-pa_dx.png,predictions/probabilities/qata_test_sub-S09734_ses-E20389_run-1_bp-chest_vp-pa_dx.npy
qata_test_sub-S09734_ses-E20918_run-1_bp-chest_vp-ap_dx,sub-S09734,tripath_lesionnet,1003,0.770625566639912,0.6268436578262822,13.433155146932478,3.75977865107122,predictions/masks/qata_test_sub-S09734_ses-E20918_run-1_bp-chest_vp-ap_dx.png,predictions/probabilities/qata_test_sub-S09734_ses-E20918_run-1_bp-chest_vp-ap_dx.npy
qata_test_sub-S09734_ses-E21476_acq-1_run-1_bp-chest_vp-pa_dx,sub-S09734,tripath_lesionnet,1003,0.720428413927856,0.5630231413204573,18.124522007736807,4.969022290271161,predictions/masks/qata_test_sub-S09734_ses-E21476_acq-1_run-1_bp-chest_vp-pa_dx.png,predictions/probabilities/qata_test_sub-S09734_ses-E21476_acq-1_run-1_bp-chest_vp-pa_dx.npy
qata_test_sub-S09734_ses-E22766_run-1_bp-chest_vp-ap_dx,sub-S09734,tripath_lesionnet,1003,0.5360566156092801,0.3661730510419022,34.50360243130938,8.172853851042747,predictions/masks/qata_test_sub-S09734_ses-E22766_run-1_bp-chest_vp-ap_dx.png,predictions/probabilities/qata_test_sub-S09734_ses-E22766_run-1_bp-chest_vp-ap_dx.npy
qata_test_sub-S09736_ses-E24647_run-1_bp-chest_vp-ap_dx,sub-S09736,tripath_lesionnet,1003,0.8678117998605069,0.76649076520231,5.0,1.4344564073952488,predictions/masks/qata_test_sub-S09736_ses-E24647_run-1_bp-chest_vp-ap_dx.png,predictions/probabilities/qata_test_sub-S09736_ses-E24647_run-1_bp-chest_vp-ap_dx.npy
qata_test_sub-S09736_ses-E25124_run-1_bp-chest_vp-pa_dx,sub-S09736,tripath_lesionnet,1003,0.9016004742160403,0.8208310847323035,6.082762530298219,1.7150603381874263,predictions/masks/qata_test_sub-S09736_ses-E25124_run-1_bp-chest_vp-pa_dx.png,predictions/probabilities/qata_test_sub-S09736_ses-E25124_run-1_bp-chest_vp-pa_dx.npy
qata_test_sub-S09737_ses-E16680_acq-1_run-1_bp-chest_vp-pa_cr,sub-S09737,tripath_lesionnet,1003,0.6643526553396616,0.49740124742736996,93.02150289046077,9.32431954302733,predictions/masks/qata_test_sub-S09737_ses-E16680_acq-1_run-1_bp-chest_vp-pa_cr.png,predictions/probabilities/qata_test_sub-S09737_ses-E16680_acq-1_run-1_bp-chest_vp-pa_cr.npy
qata_test_sub-S09739_ses-E18557_run-1_bp-chest_vp-ap_dx,sub-S09739,tripath_lesionnet,1003,0.12097855229354929,0.06438380597352625,88.07208314516066,27.749518546885277,predictions/masks/qata_test_sub-S09739_ses-E18557_run-1_bp-chest_vp-ap_dx.png,predictions/probabilities/qata_test_sub-S09739_ses-E18557_run-1_bp-chest_vp-ap_dx.npy
qata_test_sub-S09741_ses-E16691_run-1_bp-chest_cr,sub-S09741,tripath_lesionnet,1003,0.7266134880397641,0.5706150341807912,27.009256086106298,6.2491734107902275,predictions/masks/qata_test_sub-S09741_ses-E16691_run-1_bp-chest_cr.png,predictions/probabilities/qata_test_sub-S09741_ses-E16691_run-1_bp-chest_cr.npy
qata_test_sub-S09741_ses-E16806_run-1_bp-chest_vp-ap_dx,sub-S09741,tripath_lesionnet,1003,0.7474204947032167,0.5967050327330917,20.400093283257384,4.403641947395941,predictions/masks/qata_test_sub-S09741_ses-E16806_run-1_bp-chest_vp-ap_dx.png,predictions/probabilities/qata_test_sub-S09741_ses-E16806_run-1_bp-chest_vp-ap_dx.npy
qata_test_sub-S09741_ses-E17469_run-1_bp-chest_vp-pa_cr,sub-S09741,tripath_lesionnet,1003,0.6086486486592257,0.4374514374732925,17.47140081856371,4.105131957313665,predictions/masks/qata_test_sub-S09741_ses-E17469_run-1_bp-chest_vp-pa_cr.png,predictions/probabilities/qata_test_sub-S09741_ses-E17469_run-1_bp-chest_vp-pa_cr.npy
qata_test_sub-S09745_ses-E19438_run-1_bp-chest_vp-ap_dx,sub-S09745,tripath_lesionnet,1003,0.7230581537229018,0.5662420382211651,88.81949251795338,19.269047584099997,predictions/masks/qata_test_sub-S09745_ses-E19438_run-1_bp-chest_vp-ap_dx.png,predictions/probabilities/qata_test_sub-S09745_ses-E19438_run-1_bp-chest_vp-ap_dx.npy
qata_test_sub-S09745_ses-E20677_run-1_bp-chest_vp-ap_dx,sub-S09745,tripath_lesionnet,1003,0.8561492987150092,0.7484799351489971,105.74705059154695,12.382033924461103,predictions/masks/qata_test_sub-S09745_ses-E20677_run-1_bp-chest_vp-ap_dx.png,predictions/probabilities/qata_test_sub-S09745_ses-E20677_run-1_bp-chest_vp-ap_dx.npy
qata_test_sub-S09745_ses-E22607_run-1_bp-chest_vp-ap_dx,sub-S09745,tripath_lesionnet,1003,0.8137784468271161,0.6860256793119435,25.958872943039683,8.529557135763225,predictions/masks/qata_test_sub-S09745_ses-E22607_run-1_bp-chest_vp-ap_dx.png,predictions/probabilities/qata_test_sub-S09745_ses-E22607_run-1_bp-chest_vp-ap_dx.npy
qata_test_sub-S09746_ses-E16702_run-1_bp-chest_vp-ap_dx,sub-S09746,tripath_lesionnet,1003,0.5934978642668071,0.4219672684423491,40.311288741492746,12.00423919339994,predictions/masks/qata_test_sub-S09746_ses-E16702_run-1_bp-chest_vp-ap_dx.png,predictions/probabilities/qata_test_sub-S09746_ses-E16702_run-1_bp-chest_vp-ap_dx.npy
qata_test_sub-S09746_ses-E17106_run-1_bp-chest_vp-ap_dx,sub-S09746,tripath_lesionnet,1003,0.6748034753894331,0.509210115532026,22.90735153433109,5.833482928070056,predictions/masks/qata_test_sub-S09746_ses-E17106_run-1_bp-chest_vp-ap_dx.png,predictions/probabilities/qata_test_sub-S09746_ses-E17106_run-1_bp-chest_vp-ap_dx.npy
qata_test_sub-S09747_ses-E16706_run-1_bp-chest_vp-pa_cr,sub-S09747,tripath_lesionnet,1003,0.7118644067921833,0.5526315789775552,11.143338218569522,4.526009537776062,predictions/masks/qata_test_sub-S09747_ses-E16706_run-1_bp-chest_vp-pa_cr.png,predictions/probabilities/qata_test_sub-S09747_ses-E16706_run-1_bp-chest_vp-pa_cr.npy
qata_test_sub-S09747_ses-E18456_run-1_bp-chest_vp-ap_dx,sub-S09747,tripath_lesionnet,1003,0.9105819271422396,0.8358425014523496,93.59030709587717,6.394201107850255,predictions/masks/qata_test_sub-S09747_ses-E18456_run-1_bp-chest_vp-ap_dx.png,predictions/probabilities/qata_test_sub-S09747_ses-E18456_run-1_bp-chest_vp-ap_dx.npy
qata_test_sub-S09747_ses-E22637_run-1_bp-chest_vp-ap_dx,sub-S09747,tripath_lesionnet,1003,0.8487702773456627,0.7372727272846695,87.24014965430003,6.583079250604629,predictions/masks/qata_test_sub-S09747_ses-E22637_run-1_bp-chest_vp-ap_dx.png,predictions/probabilities/qata_test_sub-S09747_ses-E22637_run-1_bp-chest_vp-ap_dx.npy
qata_test_sub-S09747_ses-E23655_run-1_bp-chest_cr,sub-S09747,tripath_lesionnet,1003,0.8192023633704697,0.6937703277534708,44.75208629246002,7.091526519405163,predictions/masks/qata_test_sub-S09747_ses-E23655_run-1_bp-chest_cr.png,predictions/probabilities/qata_test_sub-S09747_ses-E23655_run-1_bp-chest_cr.npy
qata_test_sub-S09747_ses-E25227_run-1_bp-chest_vp-pa_cr,sub-S09747,tripath_lesionnet,1003,0.5758364312346499,0.40433307232042986,23.765411862856887,6.167657294125203,predictions/masks/qata_test_sub-S09747_ses-E25227_run-1_bp-chest_vp-pa_cr.png,predictions/probabilities/qata_test_sub-S09747_ses-E25227_run-1_bp-chest_vp-pa_cr.npy
qata_test_sub-S09747_ses-E26509_run-1_bp-chest_vp-ap_dx,sub-S09747,tripath_lesionnet,1003,0.965609599314519,0.9335059554641791,2.23606797749979,0.8298167365329852,predictions/masks/qata_test_sub-S09747_ses-E26509_run-1_bp-chest_vp-ap_dx.png,predictions/probabilities/qata_test_sub-S09747_ses-E26509_run-1_bp-chest_vp-ap_dx.npy
qata_test_sub-S09748_ses-E16709_run-1_bp-chest_vp-ap_cr,sub-S09748,tripath_lesionnet,1003,0.5656923531276737,0.3944009880858625,73.04517951913911,16.497534668897195,predictions/masks/qata_test_sub-S09748_ses-E16709_run-1_bp-chest_vp-ap_cr.png,predictions/probabilities/qata_test_sub-S09748_ses-E16709_run-1_bp-chest_vp-ap_cr.npy
qata_test_sub-S09748_ses-E22191_run-1_bp-chest_vp-ap_cr,sub-S09748,tripath_lesionnet,1003,0.5655365257055038,0.3942495127000853,49.76645374344385,12.827396530179328,predictions/masks/qata_test_sub-S09748_ses-E22191_run-1_bp-chest_vp-ap_cr.png,predictions/probabilities/qata_test_sub-S09748_ses-E22191_run-1_bp-chest_vp-ap_cr.npy
qata_test_sub-S09750_ses-E19151_run-1_bp-chest_vp-ap_cr,sub-S09750,tripath_lesionnet,1003,0.8366627497110264,0.7191919192061015,7.0710678118654755,2.0754022568351185,predictions/masks/qata_test_sub-S09750_ses-E19151_run-1_bp-chest_vp-ap_cr.png,predictions/probabilities/qata_test_sub-S09750_ses-E19151_run-1_bp-chest_vp-ap_cr.npy
qata_test_sub-S09751_ses-E16715_run-1_bp-chest_vp-pa_cr,sub-S09751,tripath_lesionnet,1003,0.5751059963722728,0.4036131774834514,26.139011394076817,7.706673473760318,predictions/masks/qata_test_sub-S09751_ses-E16715_run-1_bp-chest_vp-pa_cr.png,predictions/probabilities/qata_test_sub-S09751_ses-E16715_run-1_bp-chest_vp-pa_cr.npy
qata_test_sub-S09751_ses-E18178_run-1_bp-chest_vp-pa_cr,sub-S09751,tripath_lesionnet,1003,0.9687342641338121,0.9393643465914474,2.0,0.7872914861121629,predictions/masks/qata_test_sub-S09751_ses-E18178_run-1_bp-chest_vp-pa_cr.png,predictions/probabilities/qata_test_sub-S09751_ses-E18178_run-1_bp-chest_vp-pa_cr.npy
qata_test_sub-S09751_ses-E20961_run-1_bp-chest_vp-ap_cr,sub-S09751,tripath_lesionnet,1003,0.9655013162150026,0.933303571429167,3.4504055101104654,0.9156816736070936,predictions/masks/qata_test_sub-S09751_ses-E20961_run-1_bp-chest_vp-ap_cr.png,predictions/probabilities/qata_test_sub-S09751_ses-E20961_run-1_bp-chest_vp-ap_cr.npy
qata_test_sub-S09751_ses-E23836_run-1_bp-chest_vp-pa_cr,sub-S09751,tripath_lesionnet,1003,0.9721356794946152,0.9457821038255996,2.0,0.7676942843308939,predictions/masks/qata_test_sub-S09751_ses-E23836_run-1_bp-chest_vp-pa_cr.png,predictions/probabilities/qata_test_sub-S09751_ses-E23836_run-1_bp-chest_vp-pa_cr.npy
qata_test_sub-S09751_ses-E25837_run-1_bp-chest_vp-pa_cr,sub-S09751,tripath_lesionnet,1003,0.976069342378104,0.9532572690471728,2.0,0.5928408725735285,predictions/masks/qata_test_sub-S09751_ses-E25837_run-1_bp-chest_vp-pa_cr.png,predictions/probabilities/qata_test_sub-S09751_ses-E25837_run-1_bp-chest_vp-pa_cr.npy
qata_test_sub-S09752_ses-E25241_run-1_bp-chest_vp-ap_cr,sub-S09752,tripath_lesionnet,1003,0.7703681798052585,0.626503126512109,19.0,4.499328157683171,predictions/masks/qata_test_sub-S09752_ses-E25241_run-1_bp-chest_vp-ap_cr.png,predictions/probabilities/qata_test_sub-S09752_ses-E25241_run-1_bp-chest_vp-ap_cr.npy
qata_test_sub-S09753_ses-E16720_run-1_bp-chest_vp-ap_dx,sub-S09753,tripath_lesionnet,1003,0.3958620690071819,0.24677558046029444,87.67210279644726,26.664877395165146,predictions/masks/qata_test_sub-S09753_ses-E16720_run-1_bp-chest_vp-ap_dx.png,predictions/probabilities/qata_test_sub-S09753_ses-E16720_run-1_bp-chest_vp-ap_dx.npy
qata_test_sub-S09753_ses-E20312_run-1_bp-chest_vp-ap_dx,sub-S09753,tripath_lesionnet,1003,0.3622276029364539,0.22117090483612237,80.60800202986445,27.925545813482373,predictions/masks/qata_test_sub-S09753_ses-E20312_run-1_bp-chest_vp-ap_dx.png,predictions/probabilities/qata_test_sub-S09753_ses-E20312_run-1_bp-chest_vp-ap_dx.npy
qata_test_sub-S09755_ses-E16724_run-1_bp-chest_vp-pa_cr,sub-S09755,tripath_lesionnet,1003,0.7757069408812434,0.6335958005441682,114.22519985370047,21.688827436710557,predictions/masks/qata_test_sub-S09755_ses-E16724_run-1_bp-chest_vp-pa_cr.png,predictions/probabilities/qata_test_sub-S09755_ses-E16724_run-1_bp-chest_vp-pa_cr.npy
qata_test_sub-S09757_ses-E26679_run-1_bp-chest_vp-ap_dx,sub-S09757,tripath_lesionnet,1003,1.0416666665581597e-10,1.0416666665581597e-10,46.32625239520351,25.80042908905647,predictions/masks/qata_test_sub-S09757_ses-E26679_run-1_bp-chest_vp-ap_dx.png,predictions/probabilities/qata_test_sub-S09757_ses-E26679_run-1_bp-chest_vp-ap_dx.npy
qata_test_sub-S09759_ses-E16728_run-1_bp-chest_vp-pa_cr,sub-S09759,tripath_lesionnet,1003,0.7581038689480986,0.6104406399211215,10.853323061113562,3.343825834872295,predictions/masks/qata_test_sub-S09759_ses-E16728_run-1_bp-chest_vp-pa_cr.png,predictions/probabilities/qata_test_sub-S09759_ses-E16728_run-1_bp-chest_vp-pa_cr.npy
qata_test_sub-S09759_ses-E22410_run-1_bp-chest_vp-pa_cr,sub-S09759,tripath_lesionnet,1003,0.9195094760321125,0.8510111432139701,6.082762530298219,1.5485958351108802,predictions/masks/qata_test_sub-S09759_ses-E22410_run-1_bp-chest_vp-pa_cr.png,predictions/probabilities/qata_test_sub-S09759_ses-E22410_run-1_bp-chest_vp-pa_cr.npy
qata_test_sub-S09759_ses-E24342_run-1_bp-chest_vp-pa_cr,sub-S09759,tripath_lesionnet,1003,0.7829250545745461,0.6432841769700421,15.67631271125003,3.368501660362246,predictions/masks/qata_test_sub-S09759_ses-E24342_run-1_bp-chest_vp-pa_cr.png,predictions/probabilities/qata_test_sub-S09759_ses-E24342_run-1_bp-chest_vp-pa_cr.npy
qata_test_sub-S09759_ses-E25899_run-1_bp-chest_vp-pa_cr,sub-S09759,tripath_lesionnet,1003,0.9527800161162892,0.9098184056642062,8.0,1.4000601538907969,predictions/masks/qata_test_sub-S09759_ses-E25899_run-1_bp-chest_vp-pa_cr.png,predictions/probabilities/qata_test_sub-S09759_ses-E25899_run-1_bp-chest_vp-pa_cr.npy
qata_test_sub-S09760_ses-E16731_run-1_bp-chest_cr,sub-S09760,tripath_lesionnet,1003,0.7556142668750839,0.6072186837351977,5.709083543098253,2.1499623806923887,predictions/masks/qata_test_sub-S09760_ses-E16731_run-1_bp-chest_cr.png,predictions/probabilities/qata_test_sub-S09760_ses-E16731_run-1_bp-chest_cr.npy
qata_test_sub-S09760_ses-E18240_run-1_bp-chest_vp-ap_dx,sub-S09760,tripath_lesionnet,1003,0.9050998948487763,0.8266506602682677,8.0,1.8754520906422987,predictions/masks/qata_test_sub-S09760_ses-E18240_run-1_bp-chest_vp-ap_dx.png,predictions/probabilities/qata_test_sub-S09760_ses-E18240_run-1_bp-chest_vp-ap_dx.npy
qata_test_sub-S09760_ses-E20482_run-1_bp-chest_cr,sub-S09760,tripath_lesionnet,1003,0.734384858046957,0.5802592223399757,22.220008979445048,4.57918185879754,predictions/masks/qata_test_sub-S09760_ses-E20482_run-1_bp-chest_cr.png,predictions/probabilities/qata_test_sub-S09760_ses-E20482_run-1_bp-chest_cr.npy
qata_test_sub-S09760_ses-E20858_run-1_bp-chest_vp-ap_dx,sub-S09760,tripath_lesionnet,1003,0.8167996959365869,0.6903308705528323,7.211102550927978,2.065159805257419,predictions/masks/qata_test_sub-S09760_ses-E20858_run-1_bp-chest_vp-ap_dx.png,predictions/probabilities/qata_test_sub-S09760_ses-E20858_run-1_bp-chest_vp-ap_dx.npy
qata_test_sub-S09760_ses-E21226_run-1_bp-chest_vp-ap_dx,sub-S09760,tripath_lesionnet,1003,0.8225352112693909,0.6985645933065864,12.990312423743294,3.2773106276156914,predictions/masks/qata_test_sub-S09760_ses-E21226_run-1_bp-chest_vp-ap_dx.png,predictions/probabilities/qata_test_sub-S09760_ses-E21226_run-1_bp-chest_vp-ap_dx.npy
qata_test_sub-S09760_ses-E21721_run-1_bp-chest_vp-ap_dx,sub-S09760,tripath_lesionnet,1003,0.8769845555688844,0.7809194075825944,97.36009032584317,19.502788968149275,predictions/masks/qata_test_sub-S09760_ses-E21721_run-1_bp-chest_vp-ap_dx.png,predictions/probabilities/qata_test_sub-S09760_ses-E21721_run-1_bp-chest_vp-ap_dx.npy
qata_test_sub-S09760_ses-E22406_run-1_bp-chest_vp-ap_dx,sub-S09760,tripath_lesionnet,1003,0.9166597699253773,0.8461420932032675,6.324555320336759,1.634756135439709,predictions/masks/qata_test_sub-S09760_ses-E22406_run-1_bp-chest_vp-ap_dx.png,predictions/probabilities/qata_test_sub-S09760_ses-E22406_run-1_bp-chest_vp-ap_dx.npy
qata_test_sub-S09760_ses-E23185_run-1_bp-chest_vp-ap_dx,sub-S09760,tripath_lesionnet,1003,0.86460554371363,0.7615023474290376,10.0,3.2169691318320064,predictions/masks/qata_test_sub-S09760_ses-E23185_run-1_bp-chest_vp-ap_dx.png,predictions/probabilities/qata_test_sub-S09760_ses-E23185_run-1_bp-chest_vp-ap_dx.npy
qata_test_sub-S09760_ses-E25900_run-1_bp-chest_vp-pa_cr,sub-S09760,tripath_lesionnet,1003,0.906542056082045,0.8290598290841795,3.0,1.0317138825107048,predictions/masks/qata_test_sub-S09760_ses-E25900_run-1_bp-chest_vp-pa_cr.png,predictions/probabilities/qata_test_sub-S09760_ses-E25900_run-1_bp-chest_vp-pa_cr.npy
qata_test_sub-S09762_ses-E16733_run-1_bp-chest_vp-pa_cr,sub-S09762,tripath_lesionnet,1003,0.9710856519368735,0.94379639448628,2.0,1.0778201126919196,predictions/masks/qata_test_sub-S09762_ses-E16733_run-1_bp-chest_vp-pa_cr.png,predictions/probabilities/qata_test_sub-S09762_ses-E16733_run-1_bp-chest_vp-pa_cr.npy
qata_test_sub-S09762_ses-E18234_run-1_bp-chest_vp-pa_cr,sub-S09762,tripath_lesionnet,1003,0.8636019674625085,0.7599467288203771,18.0,3.9804869478519356,predictions/masks/qata_test_sub-S09762_ses-E18234_run-1_bp-chest_vp-pa_cr.png,predictions/probabilities/qata_test_sub-S09762_ses-E18234_run-1_bp-chest_vp-pa_cr.npy
qata_test_sub-S09762_ses-E19022_run-1_bp-chest_vp-ap_cr,sub-S09762,tripath_lesionnet,1003,0.9670420497987031,0.9361872374481277,2.8284271247461903,0.8741546685437079,predictions/masks/qata_test_sub-S09762_ses-E19022_run-1_bp-chest_vp-ap_cr.png,predictions/probabilities/qata_test_sub-S09762_ses-E19022_run-1_bp-chest_vp-ap_cr.npy
qata_test_sub-S09762_ses-E19737_run-1_bp-chest_vp-ap_cr,sub-S09762,tripath_lesionnet,1003,0.9652794014498172,0.9328889391036844,2.8284271247461903,0.8161845501479605,predictions/masks/qata_test_sub-S09762_ses-E19737_run-1_bp-chest_vp-ap_cr.png,predictions/probabilities/qata_test_sub-S09762_ses-E19737_run-1_bp-chest_vp-ap_cr.npy
qata_test_sub-S09762_ses-E22687_run-1_bp-chest_vp-ap_cr,sub-S09762,tripath_lesionnet,1003,0.9734107920904178,0.9481989335080183,2.0,0.6470414755357734,predictions/masks/qata_test_sub-S09762_ses-E22687_run-1_bp-chest_vp-ap_cr.png,predictions/probabilities/qata_test_sub-S09762_ses-E22687_run-1_bp-chest_vp-ap_cr.npy
qata_test_sub-S09762_ses-E23042_run-1_bp-chest_vp-pa_cr,sub-S09762,tripath_lesionnet,1003,0.9452188006485942,0.8961278426562577,5.0990195135927845,1.5129303135947918,predictions/masks/qata_test_sub-S09762_ses-E23042_run-1_bp-chest_vp-pa_cr.png,predictions/probabilities/qata_test_sub-S09762_ses-E23042_run-1_bp-chest_vp-pa_cr.npy
qata_test_sub-S09762_ses-E23423_run-1_bp-chest_vp-pa_cr,sub-S09762,tripath_lesionnet,1003,0.4751916095411379,0.31164021167663275,93.0647591519589,28.339809872465263,predictions/masks/qata_test_sub-S09762_ses-E23423_run-1_bp-chest_vp-pa_cr.png,predictions/probabilities/qata_test_sub-S09762_ses-E23423_run-1_bp-chest_vp-pa_cr.npy
qata_test_sub-S09762_ses-E27134_run-2_bp-chest_vp-pa_dx,sub-S09762,tripath_lesionnet,1003,0.9310582083400157,0.8710092687983777,5.0,1.209257727636027,predictions/masks/qata_test_sub-S09762_ses-E27134_run-2_bp-chest_vp-pa_dx.png,predictions/probabilities/qata_test_sub-S09762_ses-E27134_run-2_bp-chest_vp-pa_dx.npy
qata_test_sub-S09765_ses-E18242_run-1_bp-chest_vp-ap_dx,sub-S09765,tripath_lesionnet,1003,0.7291588080020905,0.5737607598820493,23.33771465733894,4.956075137556735,predictions/masks/qata_test_sub-S09765_ses-E18242_run-1_bp-chest_vp-ap_dx.png,predictions/probabilities/qata_test_sub-S09765_ses-E18242_run-1_bp-chest_vp-ap_dx.npy
qata_test_sub-S09765_ses-E20500_run-1_bp-chest_vp-ap_dx,sub-S09765,tripath_lesionnet,1003,0.813982521852335,0.6863157894868921,13.034564329364768,3.0699685663665393,predictions/masks/qata_test_sub-S09765_ses-E20500_run-1_bp-chest_vp-ap_dx.png,predictions/probabilities/qata_test_sub-S09765_ses-E20500_run-1_bp-chest_vp-ap_dx.npy
qata_test_sub-S09765_ses-E24350_run-1_bp-chest_vp-ap_dx,sub-S09765,tripath_lesionnet,1003,0.9617124721455755,0.9262486992725514,5.0,1.2764596624028943,predictions/masks/qata_test_sub-S09765_ses-E24350_run-1_bp-chest_vp-ap_dx.png,predictions/probabilities/qata_test_sub-S09765_ses-E24350_run-1_bp-chest_vp-ap_dx.npy
qata_test_sub-S09765_ses-E24590_run-1_bp-chest_vp-ap_dx,sub-S09765,tripath_lesionnet,1003,0.9711057494264044,0.9438343628466731,2.23606797749979,0.7101852029222627,predictions/masks/qata_test_sub-S09765_ses-E24590_run-1_bp-chest_vp-ap_dx.png,predictions/probabilities/qata_test_sub-S09765_ses-E24590_run-1_bp-chest_vp-ap_dx.npy
qata_test_sub-S09765_ses-E25038_run-1_bp-chest_dx,sub-S09765,tripath_lesionnet,1003,0.6601186822216071,0.49266951741764403,55.43779708611524,12.583271776970056,predictions/masks/qata_test_sub-S09765_ses-E25038_run-1_bp-chest_dx.png,predictions/probabilities/qata_test_sub-S09765_ses-E25038_run-1_bp-chest_dx.npy
qata_test_sub-S09766_ses-E16740_run-1_bp-chest_vp-ap_dx,sub-S09766,tripath_lesionnet,1003,0.037675896526607446,0.019199629909340744,92.48769416906676,41.0502164448873,predictions/masks/qata_test_sub-S09766_ses-E16740_run-1_bp-chest_vp-ap_dx.png,predictions/probabilities/qata_test_sub-S09766_ses-E16740_run-1_bp-chest_vp-ap_dx.npy
qata_test_sub-S09766_ses-E16740_run-2_bp-chest_vp-ap_dx,sub-S09766,tripath_lesionnet,1003,0.686796921257241,0.5229936880119928,44.972197193266425,8.78749697936141,predictions/masks/qata_test_sub-S09766_ses-E16740_run-2_bp-chest_vp-ap_dx.png,predictions/probabilities/qata_test_sub-S09766_ses-E16740_run-2_bp-chest_vp-ap_dx.npy
qata_test_sub-S09766_ses-E16979_run-1_bp-chest_vp-ap_dx,sub-S09766,tripath_lesionnet,1003,0.5832055867895894,0.4116374128537717,27.202941017470888,8.09074966735939,predictions/masks/qata_test_sub-S09766_ses-E16979_run-1_bp-chest_vp-ap_dx.png,predictions/probabilities/qata_test_sub-S09766_ses-E16979_run-1_bp-chest_vp-ap_dx.npy
qata_test_sub-S09766_ses-E17297_run-1_bp-chest_vp-ap_dx,sub-S09766,tripath_lesionnet,1003,0.4313509544891455,0.27498244794582305,141.6643835720635,30.731210591127276,predictions/masks/qata_test_sub-S09766_ses-E17297_run-1_bp-chest_vp-ap_dx.png,predictions/probabilities/qata_test_sub-S09766_ses-E17297_run-1_bp-chest_vp-ap_dx.npy
qata_test_sub-S09766_ses-E17443_run-1_bp-chest_vp-ap_dx,sub-S09766,tripath_lesionnet,1003,0.851690520639897,0.7416907514481973,17.049999999999955,3.465017575713519,predictions/masks/qata_test_sub-S09766_ses-E17443_run-1_bp-chest_vp-ap_dx.png,predictions/probabilities/qata_test_sub-S09766_ses-E17443_run-1_bp-chest_vp-ap_dx.npy
qata_test_sub-S09766_ses-E17514_acq-1_run-1_bp-chest_vp-ap_dx,sub-S09766,tripath_lesionnet,1003,0.697026022311872,0.5349500713432614,18.158901336391775,4.405096440674069,predictions/masks/qata_test_sub-S09766_ses-E17514_acq-1_run-1_bp-chest_vp-ap_dx.png,predictions/probabilities/qata_test_sub-S09766_ses-E17514_acq-1_run-1_bp-chest_vp-ap_dx.npy
qata_test_sub-S09766_ses-E18112_run-1_bp-chest_vp-ap_dx,sub-S09766,tripath_lesionnet,1003,0.8183109363070216,0.692492603555982,20.518284528683193,4.3923160291228935,predictions/masks/qata_test_sub-S09766_ses-E18112_run-1_bp-chest_vp-ap_dx.png,predictions/probabilities/qata_test_sub-S09766_ses-E18112_run-1_bp-chest_vp-ap_dx.npy
qata_test_sub-S09766_ses-E20729_run-1_bp-chest_vp-ap_dx,sub-S09766,tripath_lesionnet,1003,0.8617330370888588,0.7570570570607048,11.401754250991381,3.1355449102540236,predictions/masks/qata_test_sub-S09766_ses-E20729_run-1_bp-chest_vp-ap_dx.png,predictions/probabilities/qata_test_sub-S09766_ses-E20729_run-1_bp-chest_vp-ap_dx.npy
qata_test_sub-S09767_ses-E18235_run-1_bp-chest_vp-ap_dx,sub-S09767,tripath_lesionnet,1003,0.6928097581869633,0.5299991814722926,39.20713023515121,8.74037607041155,predictions/masks/qata_test_sub-S09767_ses-E18235_run-1_bp-chest_vp-ap_dx.png,predictions/probabilities/qata_test_sub-S09767_ses-E18235_run-1_bp-chest_vp-ap_dx.npy
qata_test_sub-S09767_ses-E19026_run-1_bp-chest_vp-ap_dx,sub-S09767,tripath_lesionnet,1003,0.9565503311571396,0.9167191860996063,4.0,1.2075310990967907,predictions/masks/qata_test_sub-S09767_ses-E19026_run-1_bp-chest_vp-ap_dx.png,predictions/probabilities/qata_test_sub-S09767_ses-E19026_run-1_bp-chest_vp-ap_dx.npy
qata_test_sub-S09767_ses-E19500_run-1_bp-chest_vp-ap_dx,sub-S09767,tripath_lesionnet,1003,0.9653683547721266,0.9330551208491301,3.0,0.9845047856264656,predictions/masks/qata_test_sub-S09767_ses-E19500_run-1_bp-chest_vp-ap_dx.png,predictions/probabilities/qata_test_sub-S09767_ses-E19500_run-1_bp-chest_vp-ap_dx.npy
qata_test_sub-S09767_ses-E19890_run-1_bp-chest_vp-ap_dx,sub-S09767,tripath_lesionnet,1003,0.959768875857187,0.9226496435091804,4.0,1.223549553205828,predictions/masks/qata_test_sub-S09767_ses-E19890_run-1_bp-chest_vp-ap_dx.png,predictions/probabilities/qata_test_sub-S09767_ses-E19890_run-1_bp-chest_vp-ap_dx.npy
qata_test_sub-S09767_ses-E21418_run-1_bp-chest_vp-ap_dx,sub-S09767,tripath_lesionnet,1003,0.9394709844331172,0.8858512786012294,9.0,1.8821893672098393,predictions/masks/qata_test_sub-S09767_ses-E21418_run-1_bp-chest_vp-ap_dx.png,predictions/probabilities/qata_test_sub-S09767_ses-E21418_run-1_bp-chest_vp-ap_dx.npy
qata_test_sub-S09767_ses-E23177_run-1_bp-chest_vp-ap_dx,sub-S09767,tripath_lesionnet,1003,0.9315781092418304,0.8719197138327512,9.848857801796104,1.8920953302664292,predictions/masks/qata_test_sub-S09767_ses-E23177_run-1_bp-chest_vp-ap_dx.png,predictions/probabilities/qata_test_sub-S09767_ses-E23177_run-1_bp-chest_vp-ap_dx.npy
qata_test_sub-S09767_ses-E23693_run-1_bp-chest_vp-ap_cr,sub-S09767,tripath_lesionnet,1003,0.9385463454477486,0.884208501637157,5.0,1.2229508298330496,predictions/masks/qata_test_sub-S09767_ses-E23693_run-1_bp-chest_vp-ap_cr.png,predictions/probabilities/qata_test_sub-S09767_ses-E23693_run-1_bp-chest_vp-ap_cr.npy
qata_test_sub-S09767_ses-E24344_run-1_bp-chest_vp-ap_dx,sub-S09767,tripath_lesionnet,1003,0.9648059350404198,0.9320048942498513,3.0,1.0428871004714149,predictions/masks/qata_test_sub-S09767_ses-E24344_run-1_bp-chest_vp-ap_dx.png,predictions/probabilities/qata_test_sub-S09767_ses-E24344_run-1_bp-chest_vp-ap_dx.npy
qata_test_sub-S09767_ses-E24758_run-1_bp-chest_vp-ap_dx,sub-S09767,tripath_lesionnet,1003,0.8399274047195233,0.7240300375494007,13.601470508735444,3.300166800410265,predictions/masks/qata_test_sub-S09767_ses-E24758_run-1_bp-chest_vp-ap_dx.png,predictions/probabilities/qata_test_sub-S09767_ses-E24758_run-1_bp-chest_vp-ap_dx.npy
qata_test_sub-S09767_ses-E25448_run-1_bp-chest_vp-ap_dx,sub-S09767,tripath_lesionnet,1003,0.895005784805751,0.8099642265089437,17.0,3.0490932235953694,predictions/masks/qata_test_sub-S09767_ses-E25448_run-1_bp-chest_vp-ap_dx.png,predictions/probabilities/qata_test_sub-S09767_ses-E25448_run-1_bp-chest_vp-ap_dx.npy
qata_test_sub-S09767_ses-E25909_run-1_bp-chest_vp-ap_dx,sub-S09767,tripath_lesionnet,1003,0.8123071418996811,0.6839370434544474,19.0,4.713353930058224,predictions/masks/qata_test_sub-S09767_ses-E25909_run-1_bp-chest_vp-ap_dx.png,predictions/probabilities/qata_test_sub-S09767_ses-E25909_run-1_bp-chest_vp-ap_dx.npy
qata_test_sub-S09767_ses-E26376_run-1_bp-chest_vp-ap_dx,sub-S09767,tripath_lesionnet,1003,0.9671707576564816,0.9364285188732512,3.1622776601683795,1.0567298665390477,predictions/masks/qata_test_sub-S09767_ses-E26376_run-1_bp-chest_vp-ap_dx.png,predictions/probabilities/qata_test_sub-S09767_ses-E26376_run-1_bp-chest_vp-ap_dx.npy
qata_test_sub-S09767_ses-E26822_run-1_bp-chest_vp-ap_cr,sub-S09767,tripath_lesionnet,1003,0.8491670418764258,0.7378716745016483,8.049806198638837,2.2945748925359766,predictions/masks/qata_test_sub-S09767_ses-E26822_run-1_bp-chest_vp-ap_cr.png,predictions/probabilities/qata_test_sub-S09767_ses-E26822_run-1_bp-chest_vp-ap_cr.npy
qata_test_sub-S09768_ses-E16745_run-1_bp-chest_vp-ap_dx,sub-S09768,tripath_lesionnet,1003,0.8880030372078966,0.7985660635097792,48.07493704222544,6.51695828126062,predictions/masks/qata_test_sub-S09768_ses-E16745_run-1_bp-chest_vp-ap_dx.png,predictions/probabilities/qata_test_sub-S09768_ses-E16745_run-1_bp-chest_vp-ap_dx.npy
qata_test_sub-S09768_ses-E18658_run-1_bp-chest_vp-ap_dx,sub-S09768,tripath_lesionnet,1003,0.7298901376470528,0.5746669318040432,51.686928103821096,10.50040748869893,predictions/masks/qata_test_sub-S09768_ses-E18658_run-1_bp-chest_vp-ap_dx.png,predictions/probabilities/qata_test_sub-S09768_ses-E18658_run-1_bp-chest_vp-ap_dx.npy
qata_test_sub-S09768_ses-E19272_run-1_bp-chest_vp-ap_dx,sub-S09768,tripath_lesionnet,1003,0.7639445300498622,0.6180503615153814,14.203625527571825,3.8592466539440973,predictions/masks/qata_test_sub-S09768_ses-E19272_run-1_bp-chest_vp-ap_dx.png,predictions/probabilities/qata_test_sub-S09768_ses-E19272_run-1_bp-chest_vp-ap_dx.npy
qata_test_sub-S09768_ses-E19523_run-1_bp-chest_vp-ap_dx,sub-S09768,tripath_lesionnet,1003,0.9529248875047341,0.9100826446295854,3.6055512754639896,0.9556252018129315,predictions/masks/qata_test_sub-S09768_ses-E19523_run-1_bp-chest_vp-ap_dx.png,predictions/probabilities/qata_test_sub-S09768_ses-E19523_run-1_bp-chest_vp-ap_dx.npy
qata_test_sub-S09768_ses-E20084_run-1_bp-chest_vp-ap_dx,sub-S09768,tripath_lesionnet,1003,0.651157804463431,0.48275313941372194,55.15297766767269,12.40452557685199,predictions/masks/qata_test_sub-S09768_ses-E20084_run-1_bp-chest_vp-ap_dx.png,predictions/probabilities/qata_test_sub-S09768_ses-E20084_run-1_bp-chest_vp-ap_dx.npy
qata_test_sub-S09768_ses-E20239_run-1_bp-chest_vp-ap_dx,sub-S09768,tripath_lesionnet,1003,0.7796810395779729,0.6389157792923786,56.97322393494335,10.533502221740699,predictions/masks/qata_test_sub-S09768_ses-E20239_run-1_bp-chest_vp-ap_dx.png,predictions/probabilities/qata_test_sub-S09768_ses-E20239_run-1_bp-chest_vp-ap_dx.npy
qata_test_sub-S09768_ses-E20510_run-1_bp-chest_vp-ap_dx,sub-S09768,tripath_lesionnet,1003,0.6607452339724789,0.4933678421304858,14.019617866190007,4.032790825048881,predictions/masks/qata_test_sub-S09768_ses-E20510_run-1_bp-chest_vp-ap_dx.png,predictions/probabilities/qata_test_sub-S09768_ses-E20510_run-1_bp-chest_vp-ap_dx.npy
qata_test_sub-S09768_ses-E20876_run-1_bp-chest_vp-ap_dx,sub-S09768,tripath_lesionnet,1003,0.8361688720882771,0.7184623714207238,25.36712798166293,4.655444804963637,predictions/masks/qata_test_sub-S09768_ses-E20876_run-1_bp-chest_vp-ap_dx.png,predictions/probabilities/qata_test_sub-S09768_ses-E20876_run-1_bp-chest_vp-ap_dx.npy
qata_test_sub-S09768_ses-E20876_run-2_bp-chest_vp-ap_dx,sub-S09768,tripath_lesionnet,1003,0.5392245266064766,0.3691358024802621,39.03073554128679,9.623234332040587,predictions/masks/qata_test_sub-S09768_ses-E20876_run-2_bp-chest_vp-ap_dx.png,predictions/probabilities/qata_test_sub-S09768_ses-E20876_run-2_bp-chest_vp-ap_dx.npy
qata_test_sub-S09768_ses-E21013_run-1_bp-chest_vp-ap_dx,sub-S09768,tripath_lesionnet,1003,0.8978826052003627,0.8146887159555606,13.084221461429525,2.297062734695904,predictions/masks/qata_test_sub-S09768_ses-E21013_run-1_bp-chest_vp-ap_dx.png,predictions/probabilities/qata_test_sub-S09768_ses-E21013_run-1_bp-chest_vp-ap_dx.npy
qata_test_sub-S09768_ses-E21563_run-1_bp-chest_vp-ap_dx,sub-S09768,tripath_lesionnet,1003,0.8203211517189878,0.6953766721498386,34.655446902326915,5.997046397587663,predictions/masks/qata_test_sub-S09768_ses-E21563_run-1_bp-chest_vp-ap_dx.png,predictions/probabilities/qata_test_sub-S09768_ses-E21563_run-1_bp-chest_vp-ap_dx.npy
qata_test_sub-S09768_ses-E21742_run-1_bp-chest_vp-ap_dx,sub-S09768,tripath_lesionnet,1003,0.9262934626170268,0.8627063637665767,5.0,1.5677476560315218,predictions/masks/qata_test_sub-S09768_ses-E21742_run-1_bp-chest_vp-ap_dx.png,predictions/probabilities/qata_test_sub-S09768_ses-E21742_run-1_bp-chest_vp-ap_dx.npy
qata_test_sub-S09768_ses-E21952_run-1_bp-chest_vp-ap_dx,sub-S09768,tripath_lesionnet,1003,0.937580481193239,0.8824955345766459,5.656854249492381,1.5668331478234783,predictions/masks/qata_test_sub-S09768_ses-E21952_run-1_bp-chest_vp-ap_dx.png,predictions/probabilities/qata_test_sub-S09768_ses-E21952_run-1_bp-chest_vp-ap_dx.npy
qata_test_sub-S09768_ses-E22887_run-1_bp-chest_vp-ap_dx,sub-S09768,tripath_lesionnet,1003,0.9209471766854576,0.853477380150527,6.0,1.9142515497974781,predictions/masks/qata_test_sub-S09768_ses-E22887_run-1_bp-chest_vp-ap_dx.png,predictions/probabilities/qata_test_sub-S09768_ses-E22887_run-1_bp-chest_vp-ap_dx.npy
qata_test_sub-S09768_ses-E23194_run-1_bp-chest_vp-ap_dx,sub-S09768,tripath_lesionnet,1003,0.7626488095260171,0.6163559831687259,11.440776681796226,2.4792482301372907,predictions/masks/qata_test_sub-S09768_ses-E23194_run-1_bp-chest_vp-ap_dx.png,predictions/probabilities/qata_test_sub-S09768_ses-E23194_run-1_bp-chest_vp-ap_dx.npy
qata_test_sub-S09768_ses-E23452_run-1_bp-chest_vp-ap_dx,sub-S09768,tripath_lesionnet,1003,0.859290733782329,0.753295128946897,8.0,2.2161032063273076,predictions/masks/qata_test_sub-S09768_ses-E23452_run-1_bp-chest_vp-ap_dx.png,predictions/probabilities/qata_test_sub-S09768_ses-E23452_run-1_bp-chest_vp-ap_dx.npy
qata_test_sub-S09768_ses-E25292_run-1_bp-chest_vp-ap_dx,sub-S09768,tripath_lesionnet,1003,0.8004095912637562,0.667235737663007,23.59127506136327,5.445497420883627,predictions/masks/qata_test_sub-S09768_ses-E25292_run-1_bp-chest_vp-ap_dx.png,predictions/probabilities/qata_test_sub-S09768_ses-E25292_run-1_bp-chest_vp-ap_dx.npy
qata_test_sub-S09768_ses-E25614_run-1_bp-chest_vp-ap_dx,sub-S09768,tripath_lesionnet,1003,0.9625331891043243,0.9277725118490259,3.516896552404847,1.0816916315913232,predictions/masks/qata_test_sub-S09768_ses-E25614_run-1_bp-chest_vp-ap_dx.png,predictions/probabilities/qata_test_sub-S09768_ses-E25614_run-1_bp-chest_vp-ap_dx.npy
qata_test_sub-S09768_ses-E26236_run-1_bp-chest_vp-ap_dx,sub-S09768,tripath_lesionnet,1003,0.8512808349154929,0.7410695849706682,25.01627042591399,3.612410456444969,predictions/masks/qata_test_sub-S09768_ses-E26236_run-1_bp-chest_vp-ap_dx.png,predictions/probabilities/qata_test_sub-S09768_ses-E26236_run-1_bp-chest_vp-ap_dx.npy
qata_test_sub-S09772_ses-E23908_run-1_bp-chest_cr,sub-S09772,tripath_lesionnet,1003,0.9226085938419236,0.8563355792234695,9.219544457292887,1.9847313809811582,predictions/masks/qata_test_sub-S09772_ses-E23908_run-1_bp-chest_cr.png,predictions/probabilities/qata_test_sub-S09772_ses-E23908_run-1_bp-chest_cr.npy
qata_test_sub-S09772_ses-E25920_run-1_bp-chest_vp-ap_dx,sub-S09772,tripath_lesionnet,1003,0.6788025191986989,0.513778242137733,28.981782106327653,5.941654044378754,predictions/masks/qata_test_sub-S09772_ses-E25920_run-1_bp-chest_vp-ap_dx.png,predictions/probabilities/qata_test_sub-S09772_ses-E25920_run-1_bp-chest_vp-ap_dx.npy
qata_test_sub-S09773_ses-E23910_run-1_bp-chest_vp-ap_dx,sub-S09773,tripath_lesionnet,1003,0.629692255677048,0.4595261599477035,37.2249294082461,8.99456653043242,predictions/masks/qata_test_sub-S09773_ses-E23910_run-1_bp-chest_vp-ap_dx.png,predictions/probabilities/qata_test_sub-S09773_ses-E23910_run-1_bp-chest_vp-ap_dx.npy
qata_test_sub-S09773_ses-E25613_run-1_bp-chest_vp-ap_dx,sub-S09773,tripath_lesionnet,1003,0.016134236882344815,0.008132726122051636,95.00999919829454,21.939476867940545,predictions/masks/qata_test_sub-S09773_ses-E25613_run-1_bp-chest_vp-ap_dx.png,predictions/probabilities/qata_test_sub-S09773_ses-E25613_run-1_bp-chest_vp-ap_dx.npy
qata_test_sub-S09775_ses-E16760_run-1_bp-chest_vp-pa_dx,sub-S09775,tripath_lesionnet,1003,0.6864535768724898,0.5225955967739438,17.96099033699941,5.297999176854014,predictions/masks/qata_test_sub-S09775_ses-E16760_run-1_bp-chest_vp-pa_dx.png,predictions/probabilities/qata_test_sub-S09775_ses-E16760_run-1_bp-chest_vp-pa_dx.npy
qata_test_sub-S09775_ses-E24783_run-1_bp-chest_vp-pa_dx,sub-S09775,tripath_lesionnet,1003,0.8019169329113036,0.6693333333443556,74.99709604363409,13.384495829406083,predictions/masks/qata_test_sub-S09775_ses-E24783_run-1_bp-chest_vp-pa_dx.png,predictions/probabilities/qata_test_sub-S09775_ses-E24783_run-1_bp-chest_vp-pa_dx.npy
qata_test_sub-S09776_ses-E16762_run-1_bp-chest_vp-pa_cr,sub-S09776,tripath_lesionnet,1003,0.7243367935727408,0.567811934978696,88.67891143481675,15.778723934431014,predictions/masks/qata_test_sub-S09776_ses-E16762_run-1_bp-chest_vp-pa_cr.png,predictions/probabilities/qata_test_sub-S09776_ses-E16762_run-1_bp-chest_vp-pa_cr.npy
qata_test_sub-S09776_ses-E19765_run-1_bp-chest_vp-pa_cr,sub-S09776,tripath_lesionnet,1003,0.9400161919486273,0.886821274824513,7.0710678118654755,1.3969682273488109,predictions/masks/qata_test_sub-S09776_ses-E19765_run-1_bp-chest_vp-pa_cr.png,predictions/probabilities/qata_test_sub-S09776_ses-E19765_run-1_bp-chest_vp-pa_cr.npy
qata_test_sub-S09776_ses-E25967_run-1_bp-chest_vp-ap_cr,sub-S09776,tripath_lesionnet,1003,0.9099958523440481,0.8348554033506487,9.259637735774689,1.845061565518821,predictions/masks/qata_test_sub-S09776_ses-E25967_run-1_bp-chest_vp-ap_cr.png,predictions/probabilities/qata_test_sub-S09776_ses-E25967_run-1_bp-chest_vp-ap_cr.npy
qata_test_sub-S09778_ses-E16764_run-1_bp-chest_cr,sub-S09778,tripath_lesionnet,1003,0.7433155080557065,0.5914893617890449,5.966190378969057,2.0043975302792143,predictions/masks/qata_test_sub-S09778_ses-E16764_run-1_bp-chest_cr.png,predictions/probabilities/qata_test_sub-S09778_ses-E16764_run-1_bp-chest_cr.npy
qata_test_sub-S09778_ses-E17641_run-1_bp-chest_vp-ap_dx,sub-S09778,tripath_lesionnet,1003,0.2928739233130091,0.17155963310352662,20.854104528847817,8.674956386440126,predictions/masks/qata_test_sub-S09778_ses-E17641_run-1_bp-chest_vp-ap_dx.png,predictions/probabilities/qata_test_sub-S09778_ses-E17641_run-1_bp-chest_vp-ap_dx.npy
qata_test_sub-S09778_ses-E17643_run-1_bp-chest_vp-ap_dx,sub-S09778,tripath_lesionnet,1003,0.887346291155421,0.7975044563315953,26.883970298118747,4.039243888790658,predictions/masks/qata_test_sub-S09778_ses-E17643_run-1_bp-chest_vp-ap_dx.png,predictions/probabilities/qata_test_sub-S09778_ses-E17643_run-1_bp-chest_vp-ap_dx.npy
qata_test_sub-S09778_ses-E21429_run-1_bp-chest_vp-ap_dx,sub-S09778,tripath_lesionnet,1003,0.7023066485793446,0.5411961522471519,40.16528677008881,7.140814551437083,predictions/masks/qata_test_sub-S09778_ses-E21429_run-1_bp-chest_vp-ap_dx.png,predictions/probabilities/qata_test_sub-S09778_ses-E21429_run-1_bp-chest_vp-ap_dx.npy
qata_test_sub-S09778_ses-E22719_run-1_bp-chest_vp-ap_dx,sub-S09778,tripath_lesionnet,1003,0.4157142857560204,0.2623985573253022,72.71688548637907,22.715992080694512,predictions/masks/qata_test_sub-S09778_ses-E22719_run-1_bp-chest_vp-ap_dx.png,predictions/probabilities/qata_test_sub-S09778_ses-E22719_run-1_bp-chest_vp-ap_dx.npy
qata_test_sub-S09780_ses-E16767_acq-1_run-1_bp-chest_vp-ap_cr,sub-S09780,tripath_lesionnet,1003,0.824567134928959,0.7015008338131462,76.75064739344248,12.713136099569041,predictions/masks/qata_test_sub-S09780_ses-E16767_acq-1_run-1_bp-chest_vp-ap_cr.png,predictions/probabilities/qata_test_sub-S09780_ses-E16767_acq-1_run-1_bp-chest_vp-ap_cr.npy
qata_test_sub-S09780_ses-E18304_run-1_bp-chest_vp-ap_cr,sub-S09780,tripath_lesionnet,1003,0.807425149702905,0.6770435830552913,17.0,4.192550120836746,predictions/masks/qata_test_sub-S09780_ses-E18304_run-1_bp-chest_vp-ap_cr.png,predictions/probabilities/qata_test_sub-S09780_ses-E18304_run-1_bp-chest_vp-ap_cr.npy
qata_test_sub-S09780_ses-E18305_run-1_bp-chest_vp-ap_cr,sub-S09780,tripath_lesionnet,1003,0.8728151200813867,0.7743318204797193,8.06225774829855,2.300730479523568,predictions/masks/qata_test_sub-S09780_ses-E18305_run-1_bp-chest_vp-ap_cr.png,predictions/probabilities/qata_test_sub-S09780_ses-E18305_run-1_bp-chest_vp-ap_cr.npy
qata_test_sub-S09780_ses-E21044_run-1_bp-chest_vp-ap_cr,sub-S09780,tripath_lesionnet,1003,0.8062442607932737,0.6753846153946035,14.866068747318506,3.5545209037242604,predictions/masks/qata_test_sub-S09780_ses-E21044_run-1_bp-chest_vp-ap_cr.png,predictions/probabilities/qata_test_sub-S09780_ses-E21044_run-1_bp-chest_vp-ap_cr.npy
qata_test_sub-S09780_ses-E23709_run-1_bp-chest_vp-ap_cr,sub-S09780,tripath_lesionnet,1003,0.9492326950718659,0.9033709848225965,9.219544457292887,2.240458628495461,predictions/masks/qata_test_sub-S09780_ses-E23709_run-1_bp-chest_vp-ap_cr.png,predictions/probabilities/qata_test_sub-S09780_ses-E23709_run-1_bp-chest_vp-ap_cr.npy
qata_test_sub-S09780_ses-E24405_run-1_bp-chest_vp-ap_cr,sub-S09780,tripath_lesionnet,1003,0.958256300476996,0.9198580235389514,5.170555836978214,1.2609609378432616,predictions/masks/qata_test_sub-S09780_ses-E24405_run-1_bp-chest_vp-ap_cr.png,predictions/probabilities/qata_test_sub-S09780_ses-E24405_run-1_bp-chest_vp-ap_cr.npy
qata_test_sub-S09781_ses-E20754_run-1_bp-chest_vp-ap_dx,sub-S09781,tripath_lesionnet,1003,0.4816326531141192,0.31720430116704246,24.338239542095515,7.1879645548583735,predictions/masks/qata_test_sub-S09781_ses-E20754_run-1_bp-chest_vp-ap_dx.png,predictions/probabilities/qata_test_sub-S09781_ses-E20754_run-1_bp-chest_vp-ap_dx.npy
qata_test_sub-S09783_ses-E16770_run-1_bp-chest_vp-ap_cr,sub-S09783,tripath_lesionnet,1003,0.9468265760987751,0.8990224730434443,6.0,1.569697373664399,predictions/masks/qata_test_sub-S09783_ses-E16770_run-1_bp-chest_vp-ap_cr.png,predictions/probabilities/qata_test_sub-S09783_ses-E16770_run-1_bp-chest_vp-ap_cr.npy
qata_test_sub-S09783_ses-E17575_run-1_bp-chest_vp-ap_dx,sub-S09783,tripath_lesionnet,1003,0.8877012152453541,0.798078023111794,28.858273544201282,4.754250140120737,predictions/masks/qata_test_sub-S09783_ses-E17575_run-1_bp-chest_vp-ap_dx.png,predictions/probabilities/qata_test_sub-S09783_ses-E17575_run-1_bp-chest_vp-ap_dx.npy
qata_test_sub-S09787_ses-E16775_run-1_bp-chest_vp-ap_dx,sub-S09787,tripath_lesionnet,1003,0.273279352263498,0.15826494729435728,98.76992856518592,30.621676518248602,predictions/masks/qata_test_sub-S09787_ses-E16775_run-1_bp-chest_vp-ap_dx.png,predictions/probabilities/qata_test_sub-S09787_ses-E16775_run-1_bp-chest_vp-ap_dx.npy
qata_test_sub-S09787_ses-E22293_run-1_bp-chest_vp-ap_cr,sub-S09787,tripath_lesionnet,1003,0.8273306654835137,0.705510616792075,86.97392258243042,13.980399379222636,predictions/masks/qata_test_sub-S09787_ses-E22293_run-1_bp-chest_vp-ap_cr.png,predictions/probabilities/qata_test_sub-S09787_ses-E22293_run-1_bp-chest_vp-ap_cr.npy
qata_test_sub-S09788_ses-E24791_run-1_bp-chest_vp-ap_dx,sub-S09788,tripath_lesionnet,1003,0.6985940246089837,0.5367994598348683,81.23905821049607,17.11676118944532,predictions/masks/qata_test_sub-S09788_ses-E24791_run-1_bp-chest_vp-ap_dx.png,predictions/probabilities/qata_test_sub-S09788_ses-E24791_run-1_bp-chest_vp-ap_dx.npy
qata_test_sub-S09788_ses-E24922_run-1_bp-chest_vp-pa_dx,sub-S09788,tripath_lesionnet,1003,0.8381609195439503,0.7214087851317211,18.52394738677505,7.2776886057981045,predictions/masks/qata_test_sub-S09788_ses-E24922_run-1_bp-chest_vp-pa_dx.png,predictions/probabilities/qata_test_sub-S09788_ses-E24922_run-1_bp-chest_vp-pa_dx.npy
qata_test_sub-S09788_ses-E25313_run-1_bp-chest_vp-ap_dx,sub-S09788,tripath_lesionnet,1003,0.6392508143395917,0.4697785757190372,71.4166980092114,18.449290745924294,predictions/masks/qata_test_sub-S09788_ses-E25313_run-1_bp-chest_vp-ap_dx.png,predictions/probabilities/qata_test_sub-S09788_ses-E25313_run-1_bp-chest_vp-ap_dx.npy
qata_test_sub-S09789_ses-E16780_run-1_bp-chest_vp-ap_cr,sub-S09789,tripath_lesionnet,1003,0.5951219512359707,0.4236111111444669,93.99521109544858,25.986437863779077,predictions/masks/qata_test_sub-S09789_ses-E16780_run-1_bp-chest_vp-ap_cr.png,predictions/probabilities/qata_test_sub-S09789_ses-E16780_run-1_bp-chest_vp-ap_cr.npy
qata_test_sub-S09789_ses-E18888_run-2_bp-chest_vp-ap_dx,sub-S09789,tripath_lesionnet,1003,0.9295145503519049,0.8683112420241984,9.559237944763348,1.7828402917537551,predictions/masks/qata_test_sub-S09789_ses-E18888_run-2_bp-chest_vp-ap_dx.png,predictions/probabilities/qata_test_sub-S09789_ses-E18888_run-2_bp-chest_vp-ap_dx.npy
qata_test_sub-S09789_ses-E21634_run-1_bp-chest_vp-ap_cr,sub-S09789,tripath_lesionnet,1003,0.7238095238424036,0.5671641791852307,85.7399338273538,11.684460016175478,predictions/masks/qata_test_sub-S09789_ses-E21634_run-1_bp-chest_vp-ap_cr.png,predictions/probabilities/qata_test_sub-S09789_ses-E21634_run-1_bp-chest_vp-ap_cr.npy
qata_test_sub-S09789_ses-E27048_run-1_bp-chest_vp-ap_dx,sub-S09789,tripath_lesionnet,1003,0.7213779128955038,0.564183835251318,11.126237921249263,2.374915702042687,predictions/masks/qata_test_sub-S09789_ses-E27048_run-1_bp-chest_vp-ap_dx.png,predictions/probabilities/qata_test_sub-S09789_ses-E27048_run-1_bp-chest_vp-ap_dx.npy
qata_test_sub-S09790_ses-E16781_run-1_bp-chest_vp-ap_dx,sub-S09790,tripath_lesionnet,1003,0.4041467829619196,0.2532480924055837,77.44473321926718,24.030268444837848,predictions/masks/qata_test_sub-S09790_ses-E16781_run-1_bp-chest_vp-ap_dx.png,predictions/probabilities/qata_test_sub-S09790_ses-E16781_run-1_bp-chest_vp-ap_dx.npy
qata_test_sub-S09790_ses-E18586_acq-2_run-1_bp-chest_vp-ap_dx,sub-S09790,tripath_lesionnet,1003,0.7635679742137677,0.6175575836758993,13.892443989449806,3.8160447489885283,predictions/masks/qata_test_sub-S09790_ses-E18586_acq-2_run-1_bp-chest_vp-ap_dx.png,predictions/probabilities/qata_test_sub-S09790_ses-E18586_acq-2_run-1_bp-chest_vp-ap_dx.npy
qata_test_sub-S09790_ses-E20383_run-2_bp-chest_vp-ap_dx,sub-S09790,tripath_lesionnet,1003,0.9199961857545533,0.8518453116748747,4.47213595499958,1.4800846799729444,predictions/masks/qata_test_sub-S09790_ses-E20383_run-2_bp-chest_vp-ap_dx.png,predictions/probabilities/qata_test_sub-S09790_ses-E20383_run-2_bp-chest_vp-ap_dx.npy
qata_test_sub-S09790_ses-E21891_run-1_bp-chest_vp-ap_dx,sub-S09790,tripath_lesionnet,1003,0.9190620272322327,0.8502449265246633,5.656854249492381,1.5318683216106777,predictions/masks/qata_test_sub-S09790_ses-E21891_run-1_bp-chest_vp-ap_dx.png,predictions/probabilities/qata_test_sub-S09790_ses-E21891_run-1_bp-chest_vp-ap_dx.npy
qata_test_sub-S09790_ses-E22140_run-1_bp-chest_vp-ap_dx,sub-S09790,tripath_lesionnet,1003,0.19975835685864848,0.11096196871986748,113.47289709676083,35.91367152189616,predictions/masks/qata_test_sub-S09790_ses-E22140_run-1_bp-chest_vp-ap_dx.png,predictions/probabilities/qata_test_sub-S09790_ses-E22140_run-1_bp-chest_vp-ap_dx.npy
qata_test_sub-S09790_ses-E23097_run-1_bp-chest_vp-ap_dx,sub-S09790,tripath_lesionnet,1003,0.5770536320530198,0.40553435116394615,85.1739376055676,17.600149043616124,predictions/masks/qata_test_sub-S09790_ses-E23097_run-1_bp-chest_vp-ap_dx.png,predictions/probabilities/qata_test_sub-S09790_ses-E23097_run-1_bp-chest_vp-ap_dx.npy
qata_test_sub-S09791_ses-E16782_run-1_bp-chest_vp-ap_cr,sub-S09791,tripath_lesionnet,1003,0.6899946780243481,0.5267113548745336,34.04615945609303,7.7837697824348195,predictions/masks/qata_test_sub-S09791_ses-E16782_run-1_bp-chest_vp-ap_cr.png,predictions/probabilities/qata_test_sub-S09791_ses-E16782_run-1_bp-chest_vp-ap_cr.npy
qata_test_sub-S09794_ses-E16786_run-1_bp-chest_vp-ap_cr,sub-S09794,tripath_lesionnet,1003,0.23963133649313004,0.13612565456333434,156.38538917834347,38.88783791514102,predictions/masks/qata_test_sub-S09794_ses-E16786_run-1_bp-chest_vp-ap_cr.png,predictions/probabilities/qata_test_sub-S09794_ses-E16786_run-1_bp-chest_vp-ap_cr.npy
qata_test_sub-S09795_ses-E18347_run-1_bp-chest_vp-pa_dx,sub-S09795,tripath_lesionnet,1003,0.8921875000042114,0.8053596615087899,3.605551275463989,1.5637803772074852,predictions/masks/qata_test_sub-S09795_ses-E18347_run-1_bp-chest_vp-pa_dx.png,predictions/probabilities/qata_test_sub-S09795_ses-E18347_run-1_bp-chest_vp-pa_dx.npy
qata_test_sub-S09795_ses-E19792_acq-1_run-1_bp-chest_vp-ap_cr,sub-S09795,tripath_lesionnet,1003,0.5890647864894364,0.417499528579719,118.94469751122102,37.8179780013033,predictions/masks/qata_test_sub-S09795_ses-E19792_acq-1_run-1_bp-chest_vp-ap_cr.png,predictions/probabilities/qata_test_sub-S09795_ses-E19792_acq-1_run-1_bp-chest_vp-ap_cr.npy
qata_test_sub-S09796_ses-E16887_run-1_bp-chest_vp-pa_dx,sub-S09796,tripath_lesionnet,1003,0.8914728682212607,0.8041958042094968,5.385164807134504,1.8019617872971725,predictions/masks/qata_test_sub-S09796_ses-E16887_run-1_bp-chest_vp-pa_dx.png,predictions/probabilities/qata_test_sub-S09796_ses-E16887_run-1_bp-chest_vp-pa_dx.npy
qata_test_sub-S09796_ses-E17389_acq-1_run-2_bp-chest_vp-pa_dx,sub-S09796,tripath_lesionnet,1003,0.7194163860987982,0.5617879053845934,15.278174593052022,4.024453981500731,predictions/masks/qata_test_sub-S09796_ses-E17389_acq-1_run-2_bp-chest_vp-pa_dx.png,predictions/probabilities/qata_test_sub-S09796_ses-E17389_acq-1_run-2_bp-chest_vp-pa_dx.npy
qata_test_sub-S09798_ses-E26290_run-1_bp-chest_vp-pa_dx,sub-S09798,tripath_lesionnet,1003,0.6687158470001927,0.5023088763596124,19.15540723686481,4.453518653524484,predictions/masks/qata_test_sub-S09798_ses-E26290_run-1_bp-chest_vp-pa_dx.png,predictions/probabilities/qata_test_sub-S09798_ses-E26290_run-1_bp-chest_vp-pa_dx.npy
qata_test_sub-S09799_ses-E16792_run-1_bp-chest_vp-pa_cr,sub-S09799,tripath_lesionnet,1003,0.6546349467059364,0.4865853659162701,12.513793662621266,4.688326929163047,predictions/masks/qata_test_sub-S09799_ses-E16792_run-1_bp-chest_vp-pa_cr.png,predictions/probabilities/qata_test_sub-S09799_ses-E16792_run-1_bp-chest_vp-pa_cr.npy
qata_test_sub-S09799_ses-E18368_run-1_bp-chest_vp-ap_dx,sub-S09799,tripath_lesionnet,1003,0.9251682368780272,0.8607563235679845,8.54400374531753,1.478225287914489,predictions/masks/qata_test_sub-S09799_ses-E18368_run-1_bp-chest_vp-ap_dx.png,predictions/probabilities/qata_test_sub-S09799_ses-E18368_run-1_bp-chest_vp-ap_dx.npy
qata_test_sub-S09799_ses-E24017_run-1_bp-chest_cr,sub-S09799,tripath_lesionnet,1003,0.7673814647193932,0.6225620033756012,43.35088571325605,6.880653018416447,predictions/masks/qata_test_sub-S09799_ses-E24017_run-1_bp-chest_cr.png,predictions/probabilities/qata_test_sub-S09799_ses-E24017_run-1_bp-chest_cr.npy
qata_test_sub-S09799_ses-E24463_run-1_bp-chest_vp-ap_dx,sub-S09799,tripath_lesionnet,1003,0.7469114619102015,0.5960564151773784,48.37119013159141,6.907217191799616,predictions/masks/qata_test_sub-S09799_ses-E24463_run-1_bp-chest_vp-ap_dx.png,predictions/probabilities/qata_test_sub-S09799_ses-E24463_run-1_bp-chest_vp-ap_dx.npy
qata_test_sub-S09799_ses-E24670_run-1_bp-chest_vp-ap_dx,sub-S09799,tripath_lesionnet,1003,0.968024726046822,0.9380309300812674,2.0,0.8061045131524783,predictions/masks/qata_test_sub-S09799_ses-E24670_run-1_bp-chest_vp-ap_dx.png,predictions/probabilities/qata_test_sub-S09799_ses-E24670_run-1_bp-chest_vp-ap_dx.npy
qata_test_sub-S09799_ses-E26851_run-1_bp-chest_vp-pa_cr,sub-S09799,tripath_lesionnet,1003,0.031559963975132554,0.016032982179751125,90.33824714142571,33.64782149710095,predictions/masks/qata_test_sub-S09799_ses-E26851_run-1_bp-chest_vp-pa_cr.png,predictions/probabilities/qata_test_sub-S09799_ses-E26851_run-1_bp-chest_vp-pa_cr.npy
qata_test_sub-S09802_ses-E19648_run-1_bp-chest_vp-ap_dx,sub-S09802,tripath_lesionnet,1003,0.44766400782276305,0.2883808724981464,28.653097563788805,7.443726272716301,predictions/masks/qata_test_sub-S09802_ses-E19648_run-1_bp-chest_vp-ap_dx.png,predictions/probabilities/qata_test_sub-S09802_ses-E19648_run-1_bp-chest_vp-ap_dx.npy
qata_test_sub-S09803_ses-E17325_acq-1_run-1_bp-chest_cr,sub-S09803,tripath_lesionnet,1003,0.35067750679266463,0.2126191258885107,81.41375787508143,19.247652536407607,predictions/masks/qata_test_sub-S09803_ses-E17325_acq-1_run-1_bp-chest_cr.png,predictions/probabilities/qata_test_sub-S09803_ses-E17325_acq-1_run-1_bp-chest_cr.npy
qata_test_sub-S09803_ses-E18594_run-1_bp-chest_vp-pa_dx,sub-S09803,tripath_lesionnet,1003,0.710968202939944,0.5515521064550137,57.671459929304696,9.598750363344301,predictions/masks/qata_test_sub-S09803_ses-E18594_run-1_bp-chest_vp-pa_dx.png,predictions/probabilities/qata_test_sub-S09803_ses-E18594_run-1_bp-chest_vp-pa_dx.npy
qata_test_sub-S09804_ses-E24055_run-1_bp-chest_vp-pa_cr,sub-S09804,tripath_lesionnet,1003,0.8971480191005659,0.8134799906432605,10.63014581273465,2.2246858507733704,predictions/masks/qata_test_sub-S09804_ses-E24055_run-1_bp-chest_vp-pa_cr.png,predictions/probabilities/qata_test_sub-S09804_ses-E24055_run-1_bp-chest_vp-pa_cr.npy
qata_test_sub-S09808_ses-E18449_run-1_bp-chest_cr,sub-S09808,tripath_lesionnet,1003,0.887377412213107,0.7975547341541781,8.0,1.7726734141570404,predictions/masks/qata_test_sub-S09808_ses-E18449_run-1_bp-chest_cr.png,predictions/probabilities/qata_test_sub-S09808_ses-E18449_run-1_bp-chest_cr.npy
qata_test_sub-S09808_ses-E24722_run-1_bp-chest_vp-ap_dx,sub-S09808,tripath_lesionnet,1003,0.8163716814227001,0.6897196261875564,8.413560337337579,1.9921011410323965,predictions/masks/qata_test_sub-S09808_ses-E24722_run-1_bp-chest_vp-ap_dx.png,predictions/probabilities/qata_test_sub-S09808_ses-E24722_run-1_bp-chest_vp-ap_dx.npy
qata_test_sub-S09808_ses-E25214_run-1_bp-chest_vp-ap_dx,sub-S09808,tripath_lesionnet,1003,0.5218931417935462,0.3530821461942074,54.644304369257,12.033655438602258,predictions/masks/qata_test_sub-S09808_ses-E25214_run-1_bp-chest_vp-ap_dx.png,predictions/probabilities/qata_test_sub-S09808_ses-E25214_run-1_bp-chest_vp-ap_dx.npy
qata_test_sub-S09810_ses-E16816_acq-1_run-1_bp-chest_vp-pa_dx,sub-S09810,tripath_lesionnet,1003,0.865516916408769,0.7629174281481489,10.908131845707583,2.8991134684574185,predictions/masks/qata_test_sub-S09810_ses-E16816_acq-1_run-1_bp-chest_vp-pa_dx.png,predictions/probabilities/qata_test_sub-S09810_ses-E16816_acq-1_run-1_bp-chest_vp-pa_dx.npy
qata_test_sub-S09810_ses-E17475_acq-1_run-1_bp-chest_vp-pa_dx,sub-S09810,tripath_lesionnet,1003,0.7954981455455238,0.66043746018984,15.407123302447115,4.00770796607414,predictions/masks/qata_test_sub-S09810_ses-E17475_acq-1_run-1_bp-chest_vp-pa_dx.png,predictions/probabilities/qata_test_sub-S09810_ses-E17475_acq-1_run-1_bp-chest_vp-pa_dx.npy
qata_test_sub-S09810_ses-E22606_acq-1_run-1_bp-chest_cr,sub-S09810,tripath_lesionnet,1003,0.8884659307215746,0.7993150685000234,6.4031242374328485,1.6550942941395512,predictions/masks/qata_test_sub-S09810_ses-E22606_acq-1_run-1_bp-chest_cr.png,predictions/probabilities/qata_test_sub-S09810_ses-E22606_acq-1_run-1_bp-chest_cr.npy
qata_test_sub-S09811_ses-E18462_run-1_bp-chest_vp-ap_dx,sub-S09811,tripath_lesionnet,1003,0.8641851106662611,0.7608503100159182,7.3136762109388265,2.0746098207002084,predictions/masks/qata_test_sub-S09811_ses-E18462_run-1_bp-chest_vp-ap_dx.png,predictions/probabilities/qata_test_sub-S09811_ses-E18462_run-1_bp-chest_vp-ap_dx.npy
qata_test_sub-S09811_ses-E18981_run-1_bp-chest_vp-ap_dx,sub-S09811,tripath_lesionnet,1003,0.8013969025235136,0.6686090701882794,32.526911934581186,5.074213995504369,predictions/masks/qata_test_sub-S09811_ses-E18981_run-1_bp-chest_vp-ap_dx.png,predictions/probabilities/qata_test_sub-S09811_ses-E18981_run-1_bp-chest_vp-ap_dx.npy
qata_test_sub-S09811_ses-E19699_run-1_bp-chest_vp-ap_dx,sub-S09811,tripath_lesionnet,1003,0.822206095794227,0.6980899568792948,14.866068747318506,3.6467242045499373,predictions/masks/qata_test_sub-S09811_ses-E19699_run-1_bp-chest_vp-ap_dx.png,predictions/probabilities/qata_test_sub-S09811_ses-E19699_run-1_bp-chest_vp-ap_dx.npy
qata_test_sub-S09811_ses-E20421_run-1_bp-chest_vp-ap_dx,sub-S09811,tripath_lesionnet,1003,0.7613685578224043,0.6146853146987873,11.763332652783406,2.8984570869385755,predictions/masks/qata_test_sub-S09811_ses-E20421_run-1_bp-chest_vp-ap_dx.png,predictions/probabilities/qata_test_sub-S09811_ses-E20421_run-1_bp-chest_vp-ap_dx.npy
qata_test_sub-S09811_ses-E22629_run-1_bp-chest_vp-ap_dx,sub-S09811,tripath_lesionnet,1003,0.8223229191523784,0.6982584042163054,19.30782557258182,4.582890736856486,predictions/masks/qata_test_sub-S09811_ses-E22629_run-1_bp-chest_vp-ap_dx.png,predictions/probabilities/qata_test_sub-S09811_ses-E22629_run-1_bp-chest_vp-ap_dx.npy
qata_test_sub-S09811_ses-E23674_run-1_bp-chest_vp-ap_dx,sub-S09811,tripath_lesionnet,1003,0.899696048634564,0.8176795580187982,4.47213595499958,1.2929992294449835,predictions/masks/qata_test_sub-S09811_ses-E23674_run-1_bp-chest_vp-ap_dx.png,predictions/probabilities/qata_test_sub-S09811_ses-E23674_run-1_bp-chest_vp-ap_dx.npy
qata_test_sub-S09811_ses-E25420_run-1_bp-chest_vp-ap_dx,sub-S09811,tripath_lesionnet,1003,0.4518962075921238,0.29190304281774276,101.56254542486123,33.70664274688536,predictions/masks/qata_test_sub-S09811_ses-E25420_run-1_bp-chest_vp-ap_dx.png,predictions/probabilities/qata_test_sub-S09811_ses-E25420_run-1_bp-chest_vp-ap_dx.npy
qata_test_sub-S09811_ses-E25788_run-1_bp-chest_vp-ap_dx,sub-S09811,tripath_lesionnet,1003,0.8873826903043556,0.7975632614871114,6.0,1.8350695367844174,predictions/masks/qata_test_sub-S09811_ses-E25788_run-1_bp-chest_vp-ap_dx.png,predictions/probabilities/qata_test_sub-S09811_ses-E25788_run-1_bp-chest_vp-ap_dx.npy
qata_test_sub-S09811_ses-E26320_run-1_bp-chest_vp-ap_dx,sub-S09811,tripath_lesionnet,1003,0.7707407407449863,0.626996083168816,79.1185474265666,13.109185345673756,predictions/masks/qata_test_sub-S09811_ses-E26320_run-1_bp-chest_vp-ap_dx.png,predictions/probabilities/qata_test_sub-S09811_ses-E26320_run-1_bp-chest_vp-ap_dx.npy
qata_test_sub-S09813_ses-E16828_run-1_bp-chest_vp-ap_dx,sub-S09813,tripath_lesionnet,1003,0.9389866953368533,0.8849905003173845,8.0,2.016520434067567,predictions/masks/qata_test_sub-S09813_ses-E16828_run-1_bp-chest_vp-ap_dx.png,predictions/probabilities/qata_test_sub-S09813_ses-E16828_run-1_bp-chest_vp-ap_dx.npy
qata_test_sub-S09814_ses-E16830_run-1_bp-chest_vp-ap_cr,sub-S09814,tripath_lesionnet,1003,0.8443893366494489,0.7306866953078662,96.93327566303383,14.91011610172103,predictions/masks/qata_test_sub-S09814_ses-E16830_run-1_bp-chest_vp-ap_cr.png,predictions/probabilities/qata_test_sub-S09814_ses-E16830_run-1_bp-chest_vp-ap_cr.npy
qata_test_sub-S09814_ses-E18986_acq-1_run-1_bp-chest_vp-pa_dx,sub-S09814,tripath_lesionnet,1003,0.8419689119196573,0.7270693512380574,7.810249675906654,2.2255204525737926,predictions/masks/qata_test_sub-S09814_ses-E18986_acq-1_run-1_bp-chest_vp-pa_dx.png,predictions/probabilities/qata_test_sub-S09814_ses-E18986_acq-1_run-1_bp-chest_vp-pa_dx.npy
qata_test_sub-S09814_ses-E20417_run-1_bp-chest_vp-ap_cr,sub-S09814,tripath_lesionnet,1003,8.802816900633553e-11,8.802816900633553e-11,116.56013550814953,99.34063661655858,predictions/masks/qata_test_sub-S09814_ses-E20417_run-1_bp-chest_vp-ap_cr.png,predictions/probabilities/qata_test_sub-S09814_ses-E20417_run-1_bp-chest_vp-ap_cr.npy
qata_test_sub-S09814_ses-E20954_run-1_bp-chest_vp-ap_cr,sub-S09814,tripath_lesionnet,1003,0.7089084065427285,0.5490767736103909,117.99776575860312,25.59827695312105,predictions/masks/qata_test_sub-S09814_ses-E20954_run-1_bp-chest_vp-ap_cr.png,predictions/probabilities/qata_test_sub-S09814_ses-E20954_run-1_bp-chest_vp-ap_cr.npy
qata_test_sub-S09815_ses-E16834_run-1_bp-chest_vp-ap_dx,sub-S09815,tripath_lesionnet,1003,0.6391152503015392,0.4696321642656274,106.00471183734669,26.131508559152422,predictions/masks/qata_test_sub-S09815_ses-E16834_run-1_bp-chest_vp-ap_dx.png,predictions/probabilities/qata_test_sub-S09815_ses-E16834_run-1_bp-chest_vp-ap_dx.npy
qata_test_sub-S09815_ses-E16963_run-1_bp-chest_vp-ap_dx,sub-S09815,tripath_lesionnet,1003,0.8543195934520847,0.7456875308096184,12.596355974169485,2.6499729103994984,predictions/masks/qata_test_sub-S09815_ses-E16963_run-1_bp-chest_vp-ap_dx.png,predictions/probabilities/qata_test_sub-S09815_ses-E16963_run-1_bp-chest_vp-ap_dx.npy
qata_test_sub-S09815_ses-E18634_run-1_bp-chest_vp-ap_cr,sub-S09815,tripath_lesionnet,1003,0.9046459728149255,0.8258936840187833,7.615773105863909,2.0710274557043977,predictions/masks/qata_test_sub-S09815_ses-E18634_run-1_bp-chest_vp-ap_cr.png,predictions/probabilities/qata_test_sub-S09815_ses-E18634_run-1_bp-chest_vp-ap_cr.npy
qata_test_sub-S09815_ses-E18744_run-1_bp-chest_vp-ap_cr,sub-S09815,tripath_lesionnet,1003,0.935044607920879,0.8780129335720749,4.123105625617661,1.0129823067078443,predictions/masks/qata_test_sub-S09815_ses-E18744_run-1_bp-chest_vp-ap_cr.png,predictions/probabilities/qata_test_sub-S09815_ses-E18744_run-1_bp-chest_vp-ap_cr.npy
qata_test_sub-S09815_ses-E20303_run-1_bp-chest_vp-ap_dx,sub-S09815,tripath_lesionnet,1003,0.193577981688368,0.10716099547449665,135.9163255848391,52.30515485477699,predictions/masks/qata_test_sub-S09815_ses-E20303_run-1_bp-chest_vp-ap_dx.png,predictions/probabilities/qata_test_sub-S09815_ses-E20303_run-1_bp-chest_vp-ap_dx.npy
qata_test_sub-S09815_ses-E21191_run-1_bp-chest_vp-ap_dx,sub-S09815,tripath_lesionnet,1003,0.8993167461660524,0.8170531740497293,7.615773105863909,1.7655192586496011,predictions/masks/qata_test_sub-S09815_ses-E21191_run-1_bp-chest_vp-ap_dx.png,predictions/probabilities/qata_test_sub-S09815_ses-E21191_run-1_bp-chest_vp-ap_dx.npy
qata_test_sub-S09815_ses-E21401_run-2_bp-chest_vp-ap_dx,sub-S09815,tripath_lesionnet,1003,0.7386675824220695,0.58562482985065,21.73157154419985,4.835792494094821,predictions/masks/qata_test_sub-S09815_ses-E21401_run-2_bp-chest_vp-ap_dx.png,predictions/probabilities/qata_test_sub-S09815_ses-E21401_run-2_bp-chest_vp-ap_dx.npy
qata_test_sub-S09815_ses-E21706_run-1_bp-chest_vp-ap_dx,sub-S09815,tripath_lesionnet,1003,0.6670964968908855,0.5004837149467758,20.922398461583704,5.574200996295553,predictions/masks/qata_test_sub-S09815_ses-E21706_run-1_bp-chest_vp-ap_dx.png,predictions/probabilities/qata_test_sub-S09815_ses-E21706_run-1_bp-chest_vp-ap_dx.npy
qata_test_sub-S09815_ses-E22649_run-1_bp-chest_vp-ap_dx,sub-S09815,tripath_lesionnet,1003,0.7316738197470957,0.5768814293563378,11.180339887498949,4.237055121576633,predictions/masks/qata_test_sub-S09815_ses-E22649_run-1_bp-chest_vp-ap_dx.png,predictions/probabilities/qata_test_sub-S09815_ses-E22649_run-1_bp-chest_vp-ap_dx.npy
qata_test_sub-S09816_ses-E16839_run-1_bp-chest_vp-pa_cr,sub-S09816,tripath_lesionnet,1003,0.45089285715161204,0.29106628243534244,149.4997849454951,53.73791599196792,predictions/masks/qata_test_sub-S09816_ses-E16839_run-1_bp-chest_vp-pa_cr.png,predictions/probabilities/qata_test_sub-S09816_ses-E16839_run-1_bp-chest_vp-pa_cr.npy
qata_test_sub-S09816_ses-E19865_run-1_bp-chest_vp-pa_cr,sub-S09816,tripath_lesionnet,1003,0.9487733570613043,0.9025392986704804,6.708203932499369,1.7636242802636806,predictions/masks/qata_test_sub-S09816_ses-E19865_run-1_bp-chest_vp-pa_cr.png,predictions/probabilities/qata_test_sub-S09816_ses-E19865_run-1_bp-chest_vp-pa_cr.npy
qata_test_sub-S09816_ses-E21002_run-1_bp-chest_vp-ap_cr,sub-S09816,tripath_lesionnet,1003,0.9605186430214369,0.9240364308347147,4.0,1.233676246186571,predictions/masks/qata_test_sub-S09816_ses-E21002_run-1_bp-chest_vp-ap_cr.png,predictions/probabilities/qata_test_sub-S09816_ses-E21002_run-1_bp-chest_vp-ap_cr.npy
qata_test_sub-S09817_ses-E16840_run-1_bp-chest_vp-ap_dx,sub-S09817,tripath_lesionnet,1003,0.9751068376069706,0.9514229125409004,2.0,0.620020599110847,predictions/masks/qata_test_sub-S09817_ses-E16840_run-1_bp-chest_vp-ap_dx.png,predictions/probabilities/qata_test_sub-S09817_ses-E16840_run-1_bp-chest_vp-ap_dx.npy
qata_test_sub-S09817_ses-E19493_run-1_bp-chest_vp-ap_cr,sub-S09817,tripath_lesionnet,1003,0.7691968225999736,0.6249551810819307,62.291090646882346,11.56126808682982,predictions/masks/qata_test_sub-S09817_ses-E19493_run-1_bp-chest_vp-ap_cr.png,predictions/probabilities/qata_test_sub-S09817_ses-E19493_run-1_bp-chest_vp-ap_cr.npy
qata_test_sub-S09817_ses-E20853_run-1_bp-chest_vp-ap_cr,sub-S09817,tripath_lesionnet,1003,0.970903190914165,0.9434517553085616,2.8284271247461903,0.7520732382323375,predictions/masks/qata_test_sub-S09817_ses-E20853_run-1_bp-chest_vp-ap_cr.png,predictions/probabilities/qata_test_sub-S09817_ses-E20853_run-1_bp-chest_vp-ap_cr.npy
qata_test_sub-S09817_ses-E21940_run-1_bp-chest_vp-ap_cr,sub-S09817,tripath_lesionnet,1003,0.9561651426990515,0.9160118921223613,4.242640687119285,1.1334423661703448,predictions/masks/qata_test_sub-S09817_ses-E21940_run-1_bp-chest_vp-ap_cr.png,predictions/probabilities/qata_test_sub-S09817_ses-E21940_run-1_bp-chest_vp-ap_cr.npy
qata_test_sub-S09817_ses-E22215_run-1_bp-chest_vp-ap_cr,sub-S09817,tripath_lesionnet,1003,0.9722069207272662,0.9459169752490166,2.0,0.7146564593414895,predictions/masks/qata_test_sub-S09817_ses-E22215_run-1_bp-chest_vp-ap_cr.png,predictions/probabilities/qata_test_sub-S09817_ses-E22215_run-1_bp-chest_vp-ap_cr.npy
qata_test_sub-S09818_ses-E16841_run-1_bp-chest_vp-pa_cr,sub-S09818,tripath_lesionnet,1003,0.8166720937835124,0.6901485965963085,105.02475758785992,21.66480452392079,predictions/masks/qata_test_sub-S09818_ses-E16841_run-1_bp-chest_vp-pa_cr.png,predictions/probabilities/qata_test_sub-S09818_ses-E16841_run-1_bp-chest_vp-pa_cr.npy
qata_test_sub-S09818_ses-E18230_run-1_bp-chest_vp-ap_dx,sub-S09818,tripath_lesionnet,1003,0.8357335386997633,0.7178198174399019,88.56720280555484,14.235313775038584,predictions/masks/qata_test_sub-S09818_ses-E18230_run-1_bp-chest_vp-ap_dx.png,predictions/probabilities/qata_test_sub-S09818_ses-E18230_run-1_bp-chest_vp-ap_dx.npy
qata_test_sub-S09818_ses-E24333_run-1_bp-chest_vp-pa_cr,sub-S09818,tripath_lesionnet,1003,0.7521470746125057,0.6027529841961204,32.867528655331945,7.4460930544978075,predictions/masks/qata_test_sub-S09818_ses-E24333_run-1_bp-chest_vp-pa_cr.png,predictions/probabilities/qata_test_sub-S09818_ses-E24333_run-1_bp-chest_vp-pa_cr.npy
qata_test_sub-S09818_ses-E25017_run-1_bp-chest_vp-ap_dx,sub-S09818,tripath_lesionnet,1003,0.8728160524915205,0.7743332882105433,12.36931687685298,2.335180161756253,predictions/masks/qata_test_sub-S09818_ses-E25017_run-1_bp-chest_vp-ap_dx.png,predictions/probabilities/qata_test_sub-S09818_ses-E25017_run-1_bp-chest_vp-ap_dx.npy
qata_test_sub-S09818_ses-E25581_run-1_bp-chest_vp-ap_dx,sub-S09818,tripath_lesionnet,1003,0.9389382317322419,0.8849044040722448,4.55131556174957,1.6175371787453383,predictions/masks/qata_test_sub-S09818_ses-E25581_run-1_bp-chest_vp-ap_dx.png,predictions/probabilities/qata_test_sub-S09818_ses-E25581_run-1_bp-chest_vp-ap_dx.npy
qata_test_sub-S09818_ses-E25880_run-1_bp-chest_vp-ap_dx,sub-S09818,tripath_lesionnet,1003,0.9191535539884618,0.8504016064270683,11.368542096467495,2.7999418331713906,predictions/masks/qata_test_sub-S09818_ses-E25880_run-1_bp-chest_vp-ap_dx.png,predictions/probabilities/qata_test_sub-S09818_ses-E25880_run-1_bp-chest_vp-ap_dx.npy
qata_test_sub-S09819_ses-E19882_run-1_bp-chest_vp-pa_dx,sub-S09819,tripath_lesionnet,1003,0.22037422041474147,0.12383177575211263,133.2960896830479,58.008959252626525,predictions/masks/qata_test_sub-S09819_ses-E19882_run-1_bp-chest_vp-pa_dx.png,predictions/probabilities/qata_test_sub-S09819_ses-E19882_run-1_bp-chest_vp-pa_dx.npy
qata_test_sub-S09819_ses-E25021_run-1_bp-chest_vp-ap_dx,sub-S09819,tripath_lesionnet,1003,0.6952046783697028,0.5328074578869557,13.038404810405298,4.658339121393254,predictions/masks/qata_test_sub-S09819_ses-E25021_run-1_bp-chest_vp-ap_dx.png,predictions/probabilities/qata_test_sub-S09819_ses-E25021_run-1_bp-chest_vp-ap_dx.npy
qata_test_sub-S09819_ses-E25878_run-1_bp-chest_vp-ap_dx,sub-S09819,tripath_lesionnet,1003,0.8284671532898885,0.7071651090494723,7.0710678118654755,4.154612159028841,predictions/masks/qata_test_sub-S09819_ses-E25878_run-1_bp-chest_vp-ap_dx.png,predictions/probabilities/qata_test_sub-S09819_ses-E25878_run-1_bp-chest_vp-ap_dx.npy
qata_test_sub-S09819_ses-E26241_run-1_bp-chest_vp-ap_dx,sub-S09819,tripath_lesionnet,1003,0.6570966437594602,0.4893104486754198,126.6355810205945,32.774253018484416,predictions/masks/qata_test_sub-S09819_ses-E26241_run-1_bp-chest_vp-ap_dx.png,predictions/probabilities/qata_test_sub-S09819_ses-E26241_run-1_bp-chest_vp-ap_dx.npy
qata_test_sub-S09822_ses-E16846_run-1_bp-chest_vp-ap_cr,sub-S09822,tripath_lesionnet,1003,0.8484762176039807,0.7368290873179117,12.041594578792296,3.4167788320636228,predictions/masks/qata_test_sub-S09822_ses-E16846_run-1_bp-chest_vp-ap_cr.png,predictions/probabilities/qata_test_sub-S09822_ses-E16846_run-1_bp-chest_vp-ap_cr.npy
qata_test_sub-S09822_ses-E18999_run-1_bp-chest_vp-ap_dx,sub-S09822,tripath_lesionnet,1003,0.9018455228988254,0.8212373957447873,11.02041245773427,2.7697141057695243,predictions/masks/qata_test_sub-S09822_ses-E18999_run-1_bp-chest_vp-ap_dx.png,predictions/probabilities/qata_test_sub-S09822_ses-E18999_run-1_bp-chest_vp-ap_dx.npy
qata_test_sub-S09822_ses-E20309_run-1_bp-chest_vp-ap_dx,sub-S09822,tripath_lesionnet,1003,0.9293308317703473,0.867990654207321,8.0,1.6972277755666596,predictions/masks/qata_test_sub-S09822_ses-E20309_run-1_bp-chest_vp-ap_dx.png,predictions/probabilities/qata_test_sub-S09822_ses-E20309_run-1_bp-chest_vp-ap_dx.npy
qata_test_sub-S09824_ses-E16848_run-1_bp-chest_vp-ap_cr,sub-S09824,tripath_lesionnet,1003,0.8663130943684499,0.7641555089568615,10.770329614269007,2.665330939751277,predictions/masks/qata_test_sub-S09824_ses-E16848_run-1_bp-chest_vp-ap_cr.png,predictions/probabilities/qata_test_sub-S09824_ses-E16848_run-1_bp-chest_vp-ap_cr.npy
qata_test_sub-S09825_ses-E23401_run-1_bp-chest_vp-ap_dx,sub-S09825,tripath_lesionnet,1003,0.39530988276732637,0.2463465553550586,143.0629151530261,52.110561288657564,predictions/masks/qata_test_sub-S09825_ses-E23401_run-1_bp-chest_vp-ap_dx.png,predictions/probabilities/qata_test_sub-S09825_ses-E23401_run-1_bp-chest_vp-ap_dx.npy
qata_test_sub-S09827_ses-E25267_acq-1_run-1_bp-chest_vp-ll_dx,sub-S09827,tripath_lesionnet,1003,0.6139328337603682,0.4429315178436952,23.24746982711629,5.477550844338276,predictions/masks/qata_test_sub-S09827_ses-E25267_acq-1_run-1_bp-chest_vp-ll_dx.png,predictions/probabilities/qata_test_sub-S09827_ses-E25267_acq-1_run-1_bp-chest_vp-ll_dx.npy
qata_test_sub-S09827_ses-E25861_run-1_bp-chest_vp-ap_dx,sub-S09827,tripath_lesionnet,1003,0.34011976050538445,0.20490620494444897,36.76955262170047,13.363521202489407,predictions/masks/qata_test_sub-S09827_ses-E25861_run-1_bp-chest_vp-ap_dx.png,predictions/probabilities/qata_test_sub-S09827_ses-E25861_run-1_bp-chest_vp-ap_dx.npy
qata_test_sub-S09828_ses-E16853_run-1_bp-chest_vp-ap_dx,sub-S09828,tripath_lesionnet,1003,0.9517532296341714,0.9079476861190154,2.8284271247461903,0.7888380816917792,predictions/masks/qata_test_sub-S09828_ses-E16853_run-1_bp-chest_vp-ap_dx.png,predictions/probabilities/qata_test_sub-S09828_ses-E16853_run-1_bp-chest_vp-ap_dx.npy
qata_test_sub-S09828_ses-E18763_run-1_bp-chest_vp-ap_cr,sub-S09828,tripath_lesionnet,1003,0.8282886243031374,0.706904995110017,39.81205847478876,6.719297689324019,predictions/masks/qata_test_sub-S09828_ses-E18763_run-1_bp-chest_vp-ap_cr.png,predictions/probabilities/qata_test_sub-S09828_ses-E18763_run-1_bp-chest_vp-ap_cr.npy
qata_test_sub-S09828_ses-E20711_run-1_bp-chest_vp-ap_cr,sub-S09828,tripath_lesionnet,1003,0.9205799610482517,0.8528468324007048,5.0,1.5337613816419775,predictions/masks/qata_test_sub-S09828_ses-E20711_run-1_bp-chest_vp-ap_cr.png,predictions/probabilities/qata_test_sub-S09828_ses-E20711_run-1_bp-chest_vp-ap_cr.npy
qata_test_sub-S09828_ses-E22205_run-1_bp-chest_vp-ap_cr,sub-S09828,tripath_lesionnet,1003,0.9107558139547856,0.8361355751311413,6.4031242374328485,1.5501886336304203,predictions/masks/qata_test_sub-S09828_ses-E22205_run-1_bp-chest_vp-ap_cr.png,predictions/probabilities/qata_test_sub-S09828_ses-E22205_run-1_bp-chest_vp-ap_cr.npy
qata_test_sub-S09828_ses-E22847_run-1_bp-chest_vp-ap_cr,sub-S09828,tripath_lesionnet,1003,0.9382002168420888,0.8835942818270117,4.0,1.0450757200280028,predictions/masks/qata_test_sub-S09828_ses-E22847_run-1_bp-chest_vp-ap_cr.png,predictions/probabilities/qata_test_sub-S09828_ses-E22847_run-1_bp-chest_vp-ap_cr.npy
qata_test_sub-S09830_ses-E19889_run-1_bp-chest_vp-ap_cr,sub-S09830,tripath_lesionnet,1003,0.5692963753124417,0.3979135619377179,14.163039831472448,3.381115489010045,predictions/masks/qata_test_sub-S09830_ses-E19889_run-1_bp-chest_vp-ap_cr.png,predictions/probabilities/qata_test_sub-S09830_ses-E19889_run-1_bp-chest_vp-ap_cr.npy
qata_test_sub-S09831_ses-E18239_run-1_bp-chest_vp-ap_dx,sub-S09831,tripath_lesionnet,1003,0.00041245619714554637,0.00020627064768551423,131.61876641162218,88.90494408515417,predictions/masks/qata_test_sub-S09831_ses-E18239_run-1_bp-chest_vp-ap_dx.png,predictions/probabilities/qata_test_sub-S09831_ses-E18239_run-1_bp-chest_vp-ap_dx.npy
qata_test_sub-S09831_ses-E18650_run-1_bp-chest_vp-ap_dx,sub-S09831,tripath_lesionnet,1003,0.5814616755830528,0.4099019854308884,36.98371208208924,7.622730986370279,predictions/masks/qata_test_sub-S09831_ses-E18650_run-1_bp-chest_vp-ap_dx.png,predictions/probabilities/qata_test_sub-S09831_ses-E18650_run-1_bp-chest_vp-ap_dx.npy
qata_test_sub-S09831_ses-E19025_run-1_bp-chest_vp-ap_dx,sub-S09831,tripath_lesionnet,1003,0.4888888889135803,0.32352941180795847,35.00642726001044,12.02285375414731,predictions/masks/qata_test_sub-S09831_ses-E19025_run-1_bp-chest_vp-ap_dx.png,predictions/probabilities/qata_test_sub-S09831_ses-E19025_run-1_bp-chest_vp-ap_dx.npy
qata_test_sub-S09831_ses-E19254_run-1_bp-chest_vp-ap_dx,sub-S09831,tripath_lesionnet,1003,0.8247723133000953,0.7017978921357161,60.94161639589471,10.969640496963153,predictions/masks/qata_test_sub-S09831_ses-E19254_run-1_bp-chest_vp-ap_dx.png,predictions/probabilities/qata_test_sub-S09831_ses-E19254_run-1_bp-chest_vp-ap_dx.npy
qata_test_sub-S09831_ses-E19721_run-1_bp-chest_vp-ap_dx,sub-S09831,tripath_lesionnet,1003,0.8652138821640237,0.7624466571865712,100.34138067188786,23.574945940689965,predictions/masks/qata_test_sub-S09831_ses-E19721_run-1_bp-chest_vp-ap_dx.png,predictions/probabilities/qata_test_sub-S09831_ses-E19721_run-1_bp-chest_vp-ap_dx.npy
qata_test_sub-S09831_ses-E20334_run-1_bp-chest_vp-ap_dx,sub-S09831,tripath_lesionnet,1003,0.7158671586761453,0.5574712643788737,15.811388300841896,4.572263256374535,predictions/masks/qata_test_sub-S09831_ses-E20334_run-1_bp-chest_vp-ap_dx.png,predictions/probabilities/qata_test_sub-S09831_ses-E20334_run-1_bp-chest_vp-ap_dx.npy
qata_test_sub-S09831_ses-E20856_run-1_bp-chest_vp-ap_dx,sub-S09831,tripath_lesionnet,1003,0.8963662600033034,0.8121954118648258,23.51689620569173,4.108635543803898,predictions/masks/qata_test_sub-S09831_ses-E20856_run-1_bp-chest_vp-ap_dx.png,predictions/probabilities/qata_test_sub-S09831_ses-E20856_run-1_bp-chest_vp-ap_dx.npy
qata_test_sub-S09831_ses-E21556_run-1_bp-chest_vp-ap_dx,sub-S09831,tripath_lesionnet,1003,0.8158889317407182,0.6890307451838323,18.929847320699118,4.31932398248898,predictions/masks/qata_test_sub-S09831_ses-E21556_run-1_bp-chest_vp-ap_dx.png,predictions/probabilities/qata_test_sub-S09831_ses-E21556_run-1_bp-chest_vp-ap_dx.npy
qata_test_sub-S09831_ses-E22072_run-1_bp-chest_vp-ap_dx,sub-S09831,tripath_lesionnet,1003,0.8870344235142232,0.7970007718624214,14.84075732554723,2.819629944726557,predictions/masks/qata_test_sub-S09831_ses-E22072_run-1_bp-chest_vp-ap_dx.png,predictions/probabilities/qata_test_sub-S09831_ses-E22072_run-1_bp-chest_vp-ap_dx.npy
qata_test_sub-S09831_ses-E23181_run-1_bp-chest_vp-ap_dx,sub-S09831,tripath_lesionnet,1003,0.6377874042026236,0.46819960861924004,78.36123187647749,14.406923952713361,predictions/masks/qata_test_sub-S09831_ses-E23181_run-1_bp-chest_vp-ap_dx.png,predictions/probabilities/qata_test_sub-S09831_ses-E23181_run-1_bp-chest_vp-ap_dx.npy
qata_test_sub-S09831_ses-E23425_run-1_bp-chest_vp-ap_dx,sub-S09831,tripath_lesionnet,1003,0.8659100462407333,0.7635285396677713,65.16785185104811,9.882390332482057,predictions/masks/qata_test_sub-S09831_ses-E23425_run-1_bp-chest_vp-ap_dx.png,predictions/probabilities/qata_test_sub-S09831_ses-E23425_run-1_bp-chest_vp-ap_dx.npy
qata_test_sub-S09831_ses-E24347_run-1_bp-chest_vp-ap_dx,sub-S09831,tripath_lesionnet,1003,0.7413060582239079,0.588948618582461,91.88043004330846,24.23330618866822,predictions/masks/qata_test_sub-S09831_ses-E24347_run-1_bp-chest_vp-ap_dx.png,predictions/probabilities/qata_test_sub-S09831_ses-E24347_run-1_bp-chest_vp-ap_dx.npy
qata_test_sub-S09831_ses-E24761_run-1_bp-chest_vp-pa_dx,sub-S09831,tripath_lesionnet,1003,0.4050367261904474,0.25394736851921745,31.890248582070704,11.466115665468891,predictions/masks/qata_test_sub-S09831_ses-E24761_run-1_bp-chest_vp-pa_dx.png,predictions/probabilities/qata_test_sub-S09831_ses-E24761_run-1_bp-chest_vp-pa_dx.npy
qata_test_sub-S09831_ses-E25609_run-1_bp-chest_vp-ap_dx,sub-S09831,tripath_lesionnet,1003,0.9109795479014479,0.8365128002388404,9.433981132056603,2.395061366447528,predictions/masks/qata_test_sub-S09831_ses-E25609_run-1_bp-chest_vp-ap_dx.png,predictions/probabilities/qata_test_sub-S09831_ses-E25609_run-1_bp-chest_vp-ap_dx.npy
qata_test_sub-S09832_ses-E16859_run-1_bp-chest_vp-pa_dx,sub-S09832,tripath_lesionnet,1003,0.6852122986976471,0.5211581292114953,19.082384421584962,4.44624459291001,predictions/masks/qata_test_sub-S09832_ses-E16859_run-1_bp-chest_vp-pa_dx.png,predictions/probabilities/qata_test_sub-S09832_ses-E16859_run-1_bp-chest_vp-pa_dx.npy
qata_test_sub-S09832_ses-E19533_run-1_bp-chest_vp-ap_dx,sub-S09832,tripath_lesionnet,1003,0.8567164179157941,0.7493472585020008,33.910367690458685,4.890745868825622,predictions/masks/qata_test_sub-S09832_ses-E19533_run-1_bp-chest_vp-ap_dx.png,predictions/probabilities/qata_test_sub-S09832_ses-E19533_run-1_bp-chest_vp-ap_dx.npy
qata_test_sub-S09832_ses-E22445_run-1_bp-chest_vp-ap_dx,sub-S09832,tripath_lesionnet,1003,0.8510638297913494,0.7407407407532112,14.720122860537685,8.3885106155387,predictions/masks/qata_test_sub-S09832_ses-E22445_run-1_bp-chest_vp-ap_dx.png,predictions/probabilities/qata_test_sub-S09832_ses-E22445_run-1_bp-chest_vp-ap_dx.npy
qata_test_sub-S09834_ses-E21566_run-1_bp-chest_vp-ap_cr,sub-S09834,tripath_lesionnet,1003,0.8930642542345967,0.8067896060392542,50.413721786833904,5.402523334720766,predictions/masks/qata_test_sub-S09834_ses-E21566_run-1_bp-chest_vp-ap_cr.png,predictions/probabilities/qata_test_sub-S09834_ses-E21566_run-1_bp-chest_vp-ap_cr.npy
qata_test_sub-S09835_ses-E20329_run-1_bp-chest_vp-pa_dx,sub-S09835,tripath_lesionnet,1003,0.8149329929861221,0.6876682821923711,93.13431161500041,15.57702516287308,predictions/masks/qata_test_sub-S09835_ses-E20329_run-1_bp-chest_vp-pa_dx.png,predictions/probabilities/qata_test_sub-S09835_ses-E20329_run-1_bp-chest_vp-pa_dx.npy
qata_test_sub-S09835_ses-E23362_run-1_bp-chest_vp-ap_cr,sub-S09835,tripath_lesionnet,1003,0.6787989081031423,0.5137741046943578,45.203976927950464,11.96068063155324,predictions/masks/qata_test_sub-S09835_ses-E23362_run-1_bp-chest_vp-ap_cr.png,predictions/probabilities/qata_test_sub-S09835_ses-E23362_run-1_bp-chest_vp-ap_cr.npy
qata_test_sub-S09836_ses-E23196_acq-1_run-1_bp-chest_vp-pa_cr,sub-S09836,tripath_lesionnet,1003,0.4141592920613204,0.26116071432694415,75.0,17.740709486199023,predictions/masks/qata_test_sub-S09836_ses-E23196_acq-1_run-1_bp-chest_vp-pa_cr.png,predictions/probabilities/qata_test_sub-S09836_ses-E23196_acq-1_run-1_bp-chest_vp-pa_cr.npy
qata_test_sub-S09837_ses-E16871_run-1_bp-chest_vp-ap_cr,sub-S09837,tripath_lesionnet,1003,0.9434236246861579,0.892906226875009,5.0,1.5231144806412362,predictions/masks/qata_test_sub-S09837_ses-E16871_run-1_bp-chest_vp-ap_cr.png,predictions/probabilities/qata_test_sub-S09837_ses-E16871_run-1_bp-chest_vp-ap_cr.npy
qata_test_sub-S09837_ses-E17455_run-1_bp-chest_vp-ap_cr,sub-S09837,tripath_lesionnet,1003,0.7954366640456693,0.6603527106510731,18.439088914585774,4.514870835162378,predictions/masks/qata_test_sub-S09837_ses-E17455_run-1_bp-chest_vp-ap_cr.png,predictions/probabilities/qata_test_sub-S09837_ses-E17455_run-1_bp-chest_vp-ap_cr.npy
qata_test_sub-S09837_ses-E20516_run-1_bp-chest_vp-ap_cr,sub-S09837,tripath_lesionnet,1003,0.8414254590737518,0.7262592343891705,15.3197701563265,4.4326051788090295,predictions/masks/qata_test_sub-S09837_ses-E20516_run-1_bp-chest_vp-ap_cr.png,predictions/probabilities/qata_test_sub-S09837_ses-E20516_run-1_bp-chest_vp-ap_cr.npy
qata_test_sub-S09837_ses-E22253_run-1_bp-chest_vp-ap_cr,sub-S09837,tripath_lesionnet,1003,0.9679407610325389,0.9378732581292479,3.0,0.9020521165771572,predictions/masks/qata_test_sub-S09837_ses-E22253_run-1_bp-chest_vp-ap_cr.png,predictions/probabilities/qata_test_sub-S09837_ses-E22253_run-1_bp-chest_vp-ap_cr.npy
qata_test_sub-S09837_ses-E22894_run-2_bp-chest_vp-ap_cr,sub-S09837,tripath_lesionnet,1003,0.621536853112771,0.4508911642069502,80.05623023850174,19.300043623477052,predictions/masks/qata_test_sub-S09837_ses-E22894_run-2_bp-chest_vp-ap_cr.png,predictions/probabilities/qata_test_sub-S09837_ses-E22894_run-2_bp-chest_vp-ap_cr.npy
qata_test_sub-S09837_ses-E24226_run-1_bp-chest_vp-ap_cr,sub-S09837,tripath_lesionnet,1003,0.918230563003366,0.8488228004980046,14.16329605767723,2.4066158693831876,predictions/masks/qata_test_sub-S09837_ses-E24226_run-1_bp-chest_vp-ap_cr.png,predictions/probabilities/qata_test_sub-S09837_ses-E24226_run-1_bp-chest_vp-ap_cr.npy
qata_test_sub-S09837_ses-E24618_run-1_bp-chest_vp-ap_cr,sub-S09837,tripath_lesionnet,1003,0.8710340513015369,0.7715326155830979,7.255957320857119,2.0096918552836756,predictions/masks/qata_test_sub-S09837_ses-E24618_run-1_bp-chest_vp-ap_cr.png,predictions/probabilities/qata_test_sub-S09837_ses-E24618_run-1_bp-chest_vp-ap_cr.npy
qata_test_sub-S09839_ses-E16873_run-1_bp-chest_vp-ap_cr,sub-S09839,tripath_lesionnet,1003,0.9148362235075642,0.8430397727300597,6.324555320336759,1.7530459630683275,predictions/masks/qata_test_sub-S09839_ses-E16873_run-1_bp-chest_vp-ap_cr.png,predictions/probabilities/qata_test_sub-S09839_ses-E16873_run-1_bp-chest_vp-ap_cr.npy
qata_test_sub-S09839_ses-E19177_run-1_bp-chest_vp-ap_dx,sub-S09839,tripath_lesionnet,1003,0.959735717061952,0.9225883583656684,5.0,1.2236923477899189,predictions/masks/qata_test_sub-S09839_ses-E19177_run-1_bp-chest_vp-ap_dx.png,predictions/probabilities/qata_test_sub-S09839_ses-E19177_run-1_bp-chest_vp-ap_dx.npy
qata_test_sub-S09840_ses-E18544_run-1_bp-chest_vp-pa_dx,sub-S09840,tripath_lesionnet,1003,0.14597544344161148,0.07873436357036538,46.599087411686725,16.746608350873217,predictions/masks/qata_test_sub-S09840_ses-E18544_run-1_bp-chest_vp-pa_dx.png,predictions/probabilities/qata_test_sub-S09840_ses-E18544_run-1_bp-chest_vp-pa_dx.npy
qata_test_sub-S09841_ses-E23070_run-1_bp-chest_vp-ap_dx,sub-S09841,tripath_lesionnet,1003,0.7669616519210222,0.6220095693875092,29.729930052945168,6.3952488205516875,predictions/masks/qata_test_sub-S09841_ses-E23070_run-1_bp-chest_vp-ap_dx.png,predictions/probabilities/qata_test_sub-S09841_ses-E23070_run-1_bp-chest_vp-ap_dx.npy
qata_test_sub-S09842_ses-E16879_run-1_bp-chest_vp-ap_dx,sub-S09842,tripath_lesionnet,1003,0.5268763187026335,0.3576592552263312,74.59151840922081,15.48693769850878,predictions/masks/qata_test_sub-S09842_ses-E16879_run-1_bp-chest_vp-ap_dx.png,predictions/probabilities/qata_test_sub-S09842_ses-E16879_run-1_bp-chest_vp-ap_dx.npy
qata_test_sub-S09842_ses-E19760_run-1_bp-chest_vp-ap_dx,sub-S09842,tripath_lesionnet,1003,0.6366715046048217,0.4669978708492904,131.5262224623963,27.82119137023258,predictions/masks/qata_test_sub-S09842_ses-E19760_run-1_bp-chest_vp-ap_dx.png,predictions/probabilities/qata_test_sub-S09842_ses-E19760_run-1_bp-chest_vp-ap_dx.npy
qata_test_sub-S09842_ses-E21264_run-1_bp-chest_vp-ap_dx,sub-S09842,tripath_lesionnet,1003,0.7867560771183004,0.6484731242276016,50.06744833576427,11.223863168047364,predictions/masks/qata_test_sub-S09842_ses-E21264_run-1_bp-chest_vp-ap_dx.png,predictions/probabilities/qata_test_sub-S09842_ses-E21264_run-1_bp-chest_vp-ap_dx.npy
qata_test_sub-S09842_ses-E22102_run-1_bp-chest_vp-ap_dx,sub-S09842,tripath_lesionnet,1003,0.48792643132905417,0.3226869653980798,29.454938626195364,8.471264301999796,predictions/masks/qata_test_sub-S09842_ses-E22102_run-1_bp-chest_vp-ap_dx.png,predictions/probabilities/qata_test_sub-S09842_ses-E22102_run-1_bp-chest_vp-ap_dx.npy
qata_test_sub-S09842_ses-E22722_run-1_bp-chest_vp-ap_dx,sub-S09842,tripath_lesionnet,1003,0.5442129629682382,0.373827317548516,52.33306646856182,11.669362548923207,predictions/masks/qata_test_sub-S09842_ses-E22722_run-1_bp-chest_vp-ap_dx.png,predictions/probabilities/qata_test_sub-S09842_ses-E22722_run-1_bp-chest_vp-ap_dx.npy
qata_test_sub-S09843_ses-E19313_run-1_bp-chest_vp-ap_dx,sub-S09843,tripath_lesionnet,1003,0.691061452522596,0.5279556124828018,26.136665625650487,5.118883389549802,predictions/masks/qata_test_sub-S09843_ses-E19313_run-1_bp-chest_vp-ap_dx.png,predictions/probabilities/qata_test_sub-S09843_ses-E19313_run-1_bp-chest_vp-ap_dx.npy
qata_test_sub-S09843_ses-E23496_run-1_bp-chest_vp-ap_dx,sub-S09843,tripath_lesionnet,1003,0.833174904944948,0.7140529531626466,16.80382433740126,2.9246194376326584,predictions/masks/qata_test_sub-S09843_ses-E23496_run-1_bp-chest_vp-ap_dx.png,predictions/probabilities/qata_test_sub-S09843_ses-E23496_run-1_bp-chest_vp-ap_dx.npy
qata_test_sub-S09843_ses-E24623_run-1_bp-chest_cr,sub-S09843,tripath_lesionnet,1003,0.5693933823628357,0.39800835209129437,42.44997055358225,8.697137663562376,predictions/masks/qata_test_sub-S09843_ses-E24623_run-1_bp-chest_cr.png,predictions/probabilities/qata_test_sub-S09843_ses-E24623_run-1_bp-chest_cr.npy
qata_test_sub-S09843_ses-E25653_run-1_bp-chest_vp-pa_cr,sub-S09843,tripath_lesionnet,1003,0.7038917089724059,0.5430809399586262,17.251071308122704,4.653250172035349,predictions/masks/qata_test_sub-S09843_ses-E25653_run-1_bp-chest_vp-pa_cr.png,predictions/probabilities/qata_test_sub-S09843_ses-E25653_run-1_bp-chest_vp-pa_cr.npy
qata_test_sub-S09843_ses-E25974_run-1_bp-chest_cr,sub-S09843,tripath_lesionnet,1003,0.8737613097829866,0.7758224942702441,5.830951894845301,1.709973915175909,predictions/masks/qata_test_sub-S09843_ses-E25974_run-1_bp-chest_cr.png,predictions/probabilities/qata_test_sub-S09843_ses-E25974_run-1_bp-chest_cr.npy
qata_test_sub-S09844_ses-E16885_run-1_bp-chest_vp-ap_dx,sub-S09844,tripath_lesionnet,1003,0.6439678284277757,0.47489126138889326,73.0,21.40233516114245,predictions/masks/qata_test_sub-S09844_ses-E16885_run-1_bp-chest_vp-ap_dx.png,predictions/probabilities/qata_test_sub-S09844_ses-E16885_run-1_bp-chest_vp-ap_dx.npy
qata_test_sub-S09844_ses-E21984_run-1_bp-chest_cr,sub-S09844,tripath_lesionnet,1003,0.30309423349848474,0.17861583094991235,100.10393350785301,23.029665206606914,predictions/masks/qata_test_sub-S09844_ses-E21984_run-1_bp-chest_cr.png,predictions/probabilities/qata_test_sub-S09844_ses-E21984_run-1_bp-chest_cr.npy
qata_test_sub-S09845_ses-E16888_run-1_bp-chest_vp-ap_dx,sub-S09845,tripath_lesionnet,1003,0.9173351935827183,0.8472938144349575,17.033400551371177,2.8943946359989727,predictions/masks/qata_test_sub-S09845_ses-E16888_run-1_bp-chest_vp-ap_dx.png,predictions/probabilities/qata_test_sub-S09845_ses-E16888_run-1_bp-chest_vp-ap_dx.npy
qata_test_sub-S09845_ses-E18676_run-1_bp-chest_vp-ap_cr,sub-S09845,tripath_lesionnet,1003,0.9316827853003351,0.8721031286229417,11.180339887498949,1.8659662977923313,predictions/masks/qata_test_sub-S09845_ses-E18676_run-1_bp-chest_vp-ap_cr.png,predictions/probabilities/qata_test_sub-S09845_ses-E18676_run-1_bp-chest_vp-ap_cr.npy
qata_test_sub-S09845_ses-E18848_run-2_bp-chest_vp-ap_dx,sub-S09845,tripath_lesionnet,1003,0.9369289714121948,0.8813418353218555,5.0,1.4660400369546167,predictions/masks/qata_test_sub-S09845_ses-E18848_run-2_bp-chest_vp-ap_dx.png,predictions/probabilities/qata_test_sub-S09845_ses-E18848_run-2_bp-chest_vp-ap_dx.npy
qata_test_sub-S09845_ses-E21278_run-1_bp-chest_vp-ap_dx,sub-S09845,tripath_lesionnet,1003,0.9253428741805286,0.8610587060275101,24.32383627737799,3.181437402662992,predictions/masks/qata_test_sub-S09845_ses-E21278_run-1_bp-chest_vp-ap_dx.png,predictions/probabilities/qata_test_sub-S09845_ses-E21278_run-1_bp-chest_vp-ap_dx.npy
qata_test_sub-S09845_ses-E21976_run-1_bp-chest_vp-ap_cr,sub-S09845,tripath_lesionnet,1003,0.9375328873191195,0.8824112070202008,3.6055512754639887,1.4433982707078374,predictions/masks/qata_test_sub-S09845_ses-E21976_run-1_bp-chest_vp-ap_cr.png,predictions/probabilities/qata_test_sub-S09845_ses-E21976_run-1_bp-chest_vp-ap_cr.npy
qata_test_sub-S09845_ses-E22296_run-1_bp-chest_vp-ap_cr,sub-S09845,tripath_lesionnet,1003,0.8563784506888437,0.7488302849904545,22.0363168433111,3.670277913935016,predictions/masks/qata_test_sub-S09845_ses-E22296_run-1_bp-chest_vp-ap_cr.png,predictions/probabilities/qata_test_sub-S09845_ses-E22296_run-1_bp-chest_vp-ap_cr.npy
qata_test_sub-S09846_ses-E19077_run-1_bp-chest_vp-ap_dx,sub-S09846,tripath_lesionnet,1003,0.7497089639406626,0.5996275605959726,84.42374098924681,7.366927267320567,predictions/masks/qata_test_sub-S09846_ses-E19077_run-1_bp-chest_vp-ap_dx.png,predictions/probabilities/qata_test_sub-S09846_ses-E19077_run-1_bp-chest_vp-ap_dx.npy
qata_test_sub-S09847_ses-E16894_run-1_bp-chest_vp-ap_cr,sub-S09847,tripath_lesionnet,1003,0.6687619261458214,0.5023608769055251,33.92621827156747,7.0610822559600415,predictions/masks/qata_test_sub-S09847_ses-E16894_run-1_bp-chest_vp-ap_cr.png,predictions/probabilities/qata_test_sub-S09847_ses-E16894_run-1_bp-chest_vp-ap_cr.npy
qata_test_sub-S09847_ses-E27010_run-1_bp-chest_vp-pa_dx,sub-S09847,tripath_lesionnet,1003,0.7882342160745145,0.6504839685473308,17.197231321778293,4.063565380242894,predictions/masks/qata_test_sub-S09847_ses-E27010_run-1_bp-chest_vp-pa_dx.png,predictions/probabilities/qata_test_sub-S09847_ses-E27010_run-1_bp-chest_vp-pa_dx.npy
qata_test_sub-S09848_ses-E16896_run-1_bp-chest_vp-ap_dx,sub-S09848,tripath_lesionnet,1003,0.7939092416719893,0.6582500000042719,17.91638633146262,3.681893581738214,predictions/masks/qata_test_sub-S09848_ses-E16896_run-1_bp-chest_vp-ap_dx.png,predictions/probabilities/qata_test_sub-S09848_ses-E16896_run-1_bp-chest_vp-ap_dx.npy
qata_test_sub-S09848_ses-E17529_run-1_bp-chest_vp-ap_cr,sub-S09848,tripath_lesionnet,1003,0.9209551255677036,0.8534910339620949,98.0,7.761652184657381,predictions/masks/qata_test_sub-S09848_ses-E17529_run-1_bp-chest_vp-ap_cr.png,predictions/probabilities/qata_test_sub-S09848_ses-E17529_run-1_bp-chest_vp-ap_cr.npy
qata_test_sub-S09848_ses-E18312_run-1_bp-chest_vp-pa_cr,sub-S09848,tripath_lesionnet,1003,0.930799752466489,0.8705569930554913,11.847856705360755,2.4080982163065636,predictions/masks/qata_test_sub-S09848_ses-E18312_run-1_bp-chest_vp-pa_cr.png,predictions/probabilities/qata_test_sub-S09848_ses-E18312_run-1_bp-chest_vp-pa_cr.npy
qata_test_sub-S09848_ses-E19323_run-1_bp-chest_vp-pa_dx,sub-S09848,tripath_lesionnet,1003,0.93609908713009,0.879874315179827,5.830951894845301,1.9162505290801495,predictions/masks/qata_test_sub-S09848_ses-E19323_run-1_bp-chest_vp-pa_dx.png,predictions/probabilities/qata_test_sub-S09848_ses-E19323_run-1_bp-chest_vp-pa_dx.npy
qata_test_sub-S09848_ses-E21072_run-1_bp-chest_vp-ap_cr,sub-S09848,tripath_lesionnet,1003,0.7617824579442547,0.615225057046098,26.06529242915155,5.8135934532771,predictions/masks/qata_test_sub-S09848_ses-E21072_run-1_bp-chest_vp-ap_cr.png,predictions/probabilities/qata_test_sub-S09848_ses-E21072_run-1_bp-chest_vp-ap_cr.npy
qata_test_sub-S09848_ses-E21433_run-1_bp-chest_vp-ap_cr,sub-S09848,tripath_lesionnet,1003,0.8829866666672908,0.7904889228438647,15.0,2.409902723758101,predictions/masks/qata_test_sub-S09848_ses-E21433_run-1_bp-chest_vp-ap_cr.png,predictions/probabilities/qata_test_sub-S09848_ses-E21433_run-1_bp-chest_vp-ap_cr.npy
qata_test_sub-S09848_ses-E22109_run-1_bp-chest_vp-ap_cr,sub-S09848,tripath_lesionnet,1003,0.960255071189268,0.923548694089843,3.0,1.0003851949270472,predictions/masks/qata_test_sub-S09848_ses-E22109_run-1_bp-chest_vp-ap_cr.png,predictions/probabilities/qata_test_sub-S09848_ses-E22109_run-1_bp-chest_vp-ap_cr.npy
qata_test_sub-S09848_ses-E22508_run-1_bp-chest_vp-ap_cr,sub-S09848,tripath_lesionnet,1003,0.9188896544939518,0.8499499226090326,12.0,1.9890564183101436,predictions/masks/qata_test_sub-S09848_ses-E22508_run-1_bp-chest_vp-ap_cr.png,predictions/probabilities/qata_test_sub-S09848_ses-E22508_run-1_bp-chest_vp-ap_cr.npy
qata_test_sub-S09848_ses-E23238_run-1_bp-chest_vp-ap_cr,sub-S09848,tripath_lesionnet,1003,0.9666606432961391,0.935472588966202,3.0,0.981398371644373,predictions/masks/qata_test_sub-S09848_ses-E23238_run-1_bp-chest_vp-ap_cr.png,predictions/probabilities/qata_test_sub-S09848_ses-E23238_run-1_bp-chest_vp-ap_cr.npy
qata_test_sub-S09848_ses-E23733_run-1_bp-chest_vp-ap_cr,sub-S09848,tripath_lesionnet,1003,0.8514038876900547,0.7412561113232887,10.770329614269007,2.6438337369678893,predictions/masks/qata_test_sub-S09848_ses-E23733_run-1_bp-chest_vp-ap_cr.png,predictions/probabilities/qata_test_sub-S09848_ses-E23733_run-1_bp-chest_vp-ap_cr.npy
qata_test_sub-S09848_ses-E23781_run-1_bp-chest_vp-ap_cr,sub-S09848,tripath_lesionnet,1003,0.7762940353583073,0.6343795468793519,21.13759175553864,5.107082198147155,predictions/masks/qata_test_sub-S09848_ses-E23781_run-1_bp-chest_vp-ap_cr.png,predictions/probabilities/qata_test_sub-S09848_ses-E23781_run-1_bp-chest_vp-ap_cr.npy
qata_test_sub-S09848_ses-E25994_run-1_bp-chest_vp-pa_cr,sub-S09848,tripath_lesionnet,1003,0.9129724777953838,0.8398798182629351,21.213203435596427,3.9789227281149833,predictions/masks/qata_test_sub-S09848_ses-E25994_run-1_bp-chest_vp-pa_cr.png,predictions/probabilities/qata_test_sub-S09848_ses-E25994_run-1_bp-chest_vp-pa_cr.npy
qata_test_sub-S09848_ses-E26422_run-1_bp-chest_vp-ap_cr,sub-S09848,tripath_lesionnet,1003,0.8850545546819696,0.7938097405566434,13.341664064126334,4.111699967284744,predictions/masks/qata_test_sub-S09848_ses-E26422_run-1_bp-chest_vp-ap_cr.png,predictions/probabilities/qata_test_sub-S09848_ses-E26422_run-1_bp-chest_vp-ap_cr.npy
qata_test_sub-S09848_ses-E26424_run-1_bp-chest_vp-pa_cr,sub-S09848,tripath_lesionnet,1003,0.9554608689320242,0.9147200334710639,5.0,1.4180717001460577,predictions/masks/qata_test_sub-S09848_ses-E26424_run-1_bp-chest_vp-pa_cr.png,predictions/probabilities/qata_test_sub-S09848_ses-E26424_run-1_bp-chest_vp-pa_cr.npy
qata_test_sub-S09849_ses-E19075_run-1_bp-chest_vp-ap_dx,sub-S09849,tripath_lesionnet,1003,0.7774086378860793,0.6358695652503741,7.0,3.6208189514614273,predictions/masks/qata_test_sub-S09849_ses-E19075_run-1_bp-chest_vp-ap_dx.png,predictions/probabilities/qata_test_sub-S09849_ses-E19075_run-1_bp-chest_vp-ap_dx.npy
qata_test_sub-S09850_ses-E21596_run-1_bp-chest_vp-pa_cr,sub-S09850,tripath_lesionnet,1003,0.8534100974346012,0.7443028196313518,62.65531716874007,8.536185587038261,predictions/masks/qata_test_sub-S09850_ses-E21596_run-1_bp-chest_vp-pa_cr.png,predictions/probabilities/qata_test_sub-S09850_ses-E21596_run-1_bp-chest_vp-pa_cr.npy
qata_test_sub-S09852_ses-E19345_run-1_bp-chest_vp-ap_cr,sub-S09852,tripath_lesionnet,1003,0.9677042043019839,0.9374291829291523,2.23606797749979,0.7583911114198612,predictions/masks/qata_test_sub-S09852_ses-E19345_run-1_bp-chest_vp-ap_cr.png,predictions/probabilities/qata_test_sub-S09852_ses-E19345_run-1_bp-chest_vp-ap_cr.npy
qata_test_sub-S09852_ses-E21076_run-1_bp-chest_vp-ap_dx,sub-S09852,tripath_lesionnet,1003,0.8622113131779291,0.7577956462098883,12.068537985413773,2.7616608156222058,predictions/masks/qata_test_sub-S09852_ses-E21076_run-1_bp-chest_vp-ap_dx.png,predictions/probabilities/qata_test_sub-S09852_ses-E21076_run-1_bp-chest_vp-ap_dx.npy
qata_test_sub-S09855_ses-E16909_run-1_bp-chest_vp-pa_cr,sub-S09855,tripath_lesionnet,1003,0.9383116883136912,0.8837920489367711,2.0,1.0906434807511562,predictions/masks/qata_test_sub-S09855_ses-E16909_run-1_bp-chest_vp-pa_cr.png,predictions/probabilities/qata_test_sub-S09855_ses-E16909_run-1_bp-chest_vp-pa_cr.npy
qata_test_sub-S09855_ses-E17128_run-1_bp-chest_vp-pa_cr,sub-S09855,tripath_lesionnet,1003,0.718901042998756,0.561159650533711,11.045361017187261,3.6361765718112995,predictions/masks/qata_test_sub-S09855_ses-E17128_run-1_bp-chest_vp-pa_cr.png,predictions/probabilities/qata_test_sub-S09855_ses-E17128_run-1_bp-chest_vp-pa_cr.npy
qata_test_sub-S09855_ses-E19193_run-1_bp-chest_vp-pa_cr,sub-S09855,tripath_lesionnet,1003,0.4649171784949764,0.30286129972592485,89.45389874119518,29.806969581211153,predictions/masks/qata_test_sub-S09855_ses-E19193_run-1_bp-chest_vp-pa_cr.png,predictions/probabilities/qata_test_sub-S09855_ses-E19193_run-1_bp-chest_vp-pa_cr.npy
qata_test_sub-S09855_ses-E23545_run-1_bp-chest_cr,sub-S09855,tripath_lesionnet,1003,0.8997568730138418,0.8177800441982359,10.295630140987,2.145959840648051,predictions/masks/qata_test_sub-S09855_ses-E23545_run-1_bp-chest_cr.png,predictions/probabilities/qata_test_sub-S09855_ses-E23545_run-1_bp-chest_cr.npy
qata_test_sub-S09855_ses-E23792_run-1_bp-chest_vp-pa_cr,sub-S09855,tripath_lesionnet,1003,0.8136684412552474,0.6858693383492827,92.17754201628011,21.257583289787863,predictions/masks/qata_test_sub-S09855_ses-E23792_run-1_bp-chest_vp-pa_cr.png,predictions/probabilities/qata_test_sub-S09855_ses-E23792_run-1_bp-chest_vp-pa_cr.npy
qata_test_sub-S09855_ses-E24007_run-1_bp-chest_vp-ap_dx,sub-S09855,tripath_lesionnet,1003,0.9017821556687252,0.8211323102465664,8.06225774829855,1.9942702029866326,predictions/masks/qata_test_sub-S09855_ses-E24007_run-1_bp-chest_vp-ap_dx.png,predictions/probabilities/qata_test_sub-S09855_ses-E24007_run-1_bp-chest_vp-ap_dx.npy
qata_test_sub-S09855_ses-E24446_run-1_bp-chest_vp-ap_dx,sub-S09855,tripath_lesionnet,1003,0.9033636463246227,0.8237586172462408,9.0,1.7953352127650495,predictions/masks/qata_test_sub-S09855_ses-E24446_run-1_bp-chest_vp-ap_dx.png,predictions/probabilities/qata_test_sub-S09855_ses-E24446_run-1_bp-chest_vp-ap_dx.npy
qata_test_sub-S09855_ses-E26448_run-1_bp-chest_vp-ap_dx,sub-S09855,tripath_lesionnet,1003,0.8957720096340931,0.8112201623674878,15.256139694787265,2.544717379332422,predictions/masks/qata_test_sub-S09855_ses-E26448_run-1_bp-chest_vp-ap_dx.png,predictions/probabilities/qata_test_sub-S09855_ses-E26448_run-1_bp-chest_vp-ap_dx.npy
qata_test_sub-S09856_ses-E23543_run-1_bp-chest_vp-ap_dx,sub-S09856,tripath_lesionnet,1003,0.8666666666772487,0.7647058823858955,121.18445959801781,13.001447980658051,predictions/masks/qata_test_sub-S09856_ses-E23543_run-1_bp-chest_vp-ap_dx.png,predictions/probabilities/qata_test_sub-S09856_ses-E23543_run-1_bp-chest_vp-ap_dx.npy
qata_test_sub-S09856_ses-E24014_run-1_bp-chest_vp-ap_dx,sub-S09856,tripath_lesionnet,1003,0.7295364238482241,0.5742285237875635,11.704699910719626,2.723791735035124,predictions/masks/qata_test_sub-S09856_ses-E24014_run-1_bp-chest_vp-ap_dx.png,predictions/probabilities/qata_test_sub-S09856_ses-E24014_run-1_bp-chest_vp-ap_dx.npy
qata_test_sub-S09857_ses-E16912_run-1_bp-chest_vp-pa_dx,sub-S09857,tripath_lesionnet,1003,0.8062940857350436,0.6754545454692976,56.006249501833246,7.470666132858938,predictions/masks/qata_test_sub-S09857_ses-E16912_run-1_bp-chest_vp-pa_dx.png,predictions/probabilities/qata_test_sub-S09857_ses-E16912_run-1_bp-chest_vp-pa_dx.npy
qata_test_sub-S09858_ses-E16913_run-1_bp-chest_vp-pa_dx,sub-S09858,tripath_lesionnet,1003,0.4873646209540504,0.3221957040842404,123.40198425604864,41.18839781574042,predictions/masks/qata_test_sub-S09858_ses-E16913_run-1_bp-chest_vp-pa_dx.png,predictions/probabilities/qata_test_sub-S09858_ses-E16913_run-1_bp-chest_vp-pa_dx.npy
qata_test_sub-S09859_ses-E20380_run-1_bp-chest_vp-ap_dx,sub-S09859,tripath_lesionnet,1003,0.9183187946085339,0.8489736070418139,7.0,1.5292689973349627,predictions/masks/qata_test_sub-S09859_ses-E20380_run-1_bp-chest_vp-ap_dx.png,predictions/probabilities/qata_test_sub-S09859_ses-E20380_run-1_bp-chest_vp-ap_dx.npy
qata_test_sub-S09859_ses-E20902_run-1_bp-chest_vp-pa_cr,sub-S09859,tripath_lesionnet,1003,0.4781382228858858,0.31417979617106767,73.68689153561323,16.779427629723862,predictions/masks/qata_test_sub-S09859_ses-E20902_run-1_bp-chest_vp-pa_cr.png,predictions/probabilities/qata_test_sub-S09859_ses-E20902_run-1_bp-chest_vp-pa_cr.npy
qata_test_sub-S09862_ses-E23580_run-1_bp-chest_vp-pa_cr,sub-S09862,tripath_lesionnet,1003,0.5754640839557925,0.403966005699492,26.03649945000394,7.8603705793198815,predictions/masks/qata_test_sub-S09862_ses-E23580_run-1_bp-chest_vp-pa_cr.png,predictions/probabilities/qata_test_sub-S09862_ses-E23580_run-1_bp-chest_vp-pa_cr.npy
qata_test_sub-S09862_ses-E25723_run-1_bp-chest_vp-pa_cr,sub-S09862,tripath_lesionnet,1003,0.7352854185230616,0.5813844714882421,9.848857801796104,3.20698809302345,predictions/masks/qata_test_sub-S09862_ses-E25723_run-1_bp-chest_vp-pa_cr.png,predictions/probabilities/qata_test_sub-S09862_ses-E25723_run-1_bp-chest_vp-pa_cr.npy
qata_test_sub-S09863_ses-E24684_run-1_bp-chest_vp-ap_cr,sub-S09863,tripath_lesionnet,1003,0.38495067677483485,0.23835227274891044,58.968620250990384,12.756460083687356,predictions/masks/qata_test_sub-S09863_ses-E24684_run-1_bp-chest_vp-ap_cr.png,predictions/probabilities/qata_test_sub-S09863_ses-E24684_run-1_bp-chest_vp-ap_cr.npy
qata_test_sub-S09863_ses-E26073_run-1_bp-chest_vp-ap_cr,sub-S09863,tripath_lesionnet,1003,0.4172535211370202,0.2636262514068159,109.73831269954249,24.29341461605735,predictions/masks/qata_test_sub-S09863_ses-E26073_run-1_bp-chest_vp-ap_cr.png,predictions/probabilities/qata_test_sub-S09863_ses-E26073_run-1_bp-chest_vp-ap_cr.npy
qata_test_sub-S09864_ses-E16922_run-1_bp-chest_vp-ap_dx,sub-S09864,tripath_lesionnet,1003,0.8492543329333081,0.738003502636147,8.807493252816554,2.195038178079334,predictions/masks/qata_test_sub-S09864_ses-E16922_run-1_bp-chest_vp-ap_dx.png,predictions/probabilities/qata_test_sub-S09864_ses-E16922_run-1_bp-chest_vp-ap_dx.npy
qata_test_sub-S09864_ses-E17014_run-1_bp-chest_vp-ap_cr,sub-S09864,tripath_lesionnet,1003,0.7946480511985268,0.6592664092828541,13.759601202601324,2.3267198197663044,predictions/masks/qata_test_sub-S09864_ses-E17014_run-1_bp-chest_vp-ap_cr.png,predictions/probabilities/qata_test_sub-S09864_ses-E17014_run-1_bp-chest_vp-ap_cr.npy
qata_test_sub-S09864_ses-E18393_run-1_bp-chest_vp-ap_cr,sub-S09864,tripath_lesionnet,1003,0.8136689801210818,0.6858701041181371,25.99980882076047,6.150034708159152,predictions/masks/qata_test_sub-S09864_ses-E18393_run-1_bp-chest_vp-ap_cr.png,predictions/probabilities/qata_test_sub-S09864_ses-E18393_run-1_bp-chest_vp-ap_cr.npy
qata_test_sub-S09864_ses-E19382_run-1_bp-chest_vp-ap_cr,sub-S09864,tripath_lesionnet,1003,0.8496145760357448,0.7385477582909711,15.763666063584749,3.433425159965022,predictions/masks/qata_test_sub-S09864_ses-E19382_run-1_bp-chest_vp-ap_cr.png,predictions/probabilities/qata_test_sub-S09864_ses-E19382_run-1_bp-chest_vp-ap_cr.npy
qata_test_sub-S09864_ses-E19388_run-2_bp-chest_vp-ap_dx,sub-S09864,tripath_lesionnet,1003,0.834886499404601,0.71657095980893,73.14779129847406,9.009294192447006,predictions/masks/qata_test_sub-S09864_ses-E19388_run-2_bp-chest_vp-ap_dx.png,predictions/probabilities/qata_test_sub-S09864_ses-E19388_run-2_bp-chest_vp-ap_dx.npy
qata_test_sub-S09864_ses-E21338_run-1_bp-chest_vp-ap_cr,sub-S09864,tripath_lesionnet,1003,0.8773096821899979,0.7814351547142384,11.984640960427008,2.296391991895156,predictions/masks/qata_test_sub-S09864_ses-E21338_run-1_bp-chest_vp-ap_cr.png,predictions/probabilities/qata_test_sub-S09864_ses-E21338_run-1_bp-chest_vp-ap_cr.npy
qata_test_sub-S09864_ses-E24984_run-1_bp-chest_vp-ap_cr,sub-S09864,tripath_lesionnet,1003,0.900623988907438,0.8192137902058102,9.899494936611665,2.5383787333730132,predictions/masks/qata_test_sub-S09864_ses-E24984_run-1_bp-chest_vp-ap_cr.png,predictions/probabilities/qata_test_sub-S09864_ses-E24984_run-1_bp-chest_vp-ap_cr.npy
qata_test_sub-S09864_ses-E25753_run-1_bp-chest_vp-ap_dx,sub-S09864,tripath_lesionnet,1003,0.9677866897898644,0.9375840053768684,2.8284271247461903,0.9016750698336525,predictions/masks/qata_test_sub-S09864_ses-E25753_run-1_bp-chest_vp-ap_dx.png,predictions/probabilities/qata_test_sub-S09864_ses-E25753_run-1_bp-chest_vp-ap_dx.npy
qata_test_sub-S09864_ses-E26074_run-1_bp-chest_vp-ap_cr,sub-S09864,tripath_lesionnet,1003,0.7622697126048302,0.6158609192756404,31.08370414223386,5.866419224565159,predictions/masks/qata_test_sub-S09864_ses-E26074_run-1_bp-chest_vp-ap_cr.png,predictions/probabilities/qata_test_sub-S09864_ses-E26074_run-1_bp-chest_vp-ap_cr.npy
qata_test_sub-S09865_ses-E16923_run-1_bp-chest_vp-ap_dx,sub-S09865,tripath_lesionnet,1003,0.36718917759572284,0.224881641261839,39.142027572198714,11.53850734253862,predictions/masks/qata_test_sub-S09865_ses-E16923_run-1_bp-chest_vp-ap_dx.png,predictions/probabilities/qata_test_sub-S09865_ses-E16923_run-1_bp-chest_vp-ap_dx.npy
qata_test_sub-S09866_ses-E16930_run-1_bp-chest_vp-ap_dx,sub-S09866,tripath_lesionnet,1003,0.7864528697769151,0.6480612496999738,14.328259467134306,3.764921832386029,predictions/masks/qata_test_sub-S09866_ses-E16930_run-1_bp-chest_vp-ap_dx.png,predictions/probabilities/qata_test_sub-S09866_ses-E16930_run-1_bp-chest_vp-ap_dx.npy
qata_test_sub-S09866_ses-E18408_run-1_bp-chest_vp-ap_cr,sub-S09866,tripath_lesionnet,1003,0.8307098861455191,0.7104395019717947,27.0,5.047817684368371,predictions/masks/qata_test_sub-S09866_ses-E18408_run-1_bp-chest_vp-ap_cr.png,predictions/probabilities/qata_test_sub-S09866_ses-E18408_run-1_bp-chest_vp-ap_cr.npy
qata_test_sub-S09866_ses-E18931_run-1_bp-chest_vp-ap_dx,sub-S09866,tripath_lesionnet,1003,0.9527150478699649,0.9096999302175897,3.1622776601683795,1.0278853231197476,predictions/masks/qata_test_sub-S09866_ses-E18931_run-1_bp-chest_vp-ap_dx.png,predictions/probabilities/qata_test_sub-S09866_ses-E18931_run-1_bp-chest_vp-ap_dx.npy
qata_test_sub-S09866_ses-E21137_run-1_bp-chest_vp-ap_cr,sub-S09866,tripath_lesionnet,1003,0.7662957074774859,0.6211340206325062,20.8143417953879,3.9335333481253887,predictions/masks/qata_test_sub-S09866_ses-E21137_run-1_bp-chest_vp-ap_cr.png,predictions/probabilities/qata_test_sub-S09866_ses-E21137_run-1_bp-chest_vp-ap_cr.npy
qata_test_sub-S09866_ses-E21346_run-1_bp-chest_vp-ap_cr,sub-S09866,tripath_lesionnet,1003,0.5887317999664754,0.41716507178776424,34.429589864218954,8.771875743159592,predictions/masks/qata_test_sub-S09866_ses-E21346_run-1_bp-chest_vp-ap_cr.png,predictions/probabilities/qata_test_sub-S09866_ses-E21346_run-1_bp-chest_vp-ap_cr.npy
qata_test_sub-S09866_ses-E24490_acq-1_run-1_bp-chest_vp-ll_dx,sub-S09866,tripath_lesionnet,1003,0.8799040191976015,0.7855612682136769,8.06225774829855,2.372595826418151,predictions/masks/qata_test_sub-S09866_ses-E24490_acq-1_run-1_bp-chest_vp-ll_dx.png,predictions/probabilities/qata_test_sub-S09866_ses-E24490_acq-1_run-1_bp-chest_vp-ll_dx.npy
qata_test_sub-S09866_ses-E26092_run-1_bp-chest_vp-ap_cr,sub-S09866,tripath_lesionnet,1003,0.8782711663713543,0.7829621028208279,16.0,3.222003795840526,predictions/masks/qata_test_sub-S09866_ses-E26092_run-1_bp-chest_vp-ap_cr.png,predictions/probabilities/qata_test_sub-S09866_ses-E26092_run-1_bp-chest_vp-ap_cr.npy
qata_test_sub-S09866_ses-E26486_run-1_bp-chest_vp-ap_dx,sub-S09866,tripath_lesionnet,1003,0.9707602339182997,0.9431818181824638,2.23606797749979,0.7174858626697824,predictions/masks/qata_test_sub-S09866_ses-E26486_run-1_bp-chest_vp-ap_dx.png,predictions/probabilities/qata_test_sub-S09866_ses-E26486_run-1_bp-chest_vp-ap_dx.npy
qata_test_sub-S09867_ses-E18410_run-1_bp-chest_vp-ap_dx,sub-S09867,tripath_lesionnet,1003,0.8369180907495808,0.7195693476919623,31.37033855801803,6.572651508323493,predictions/masks/qata_test_sub-S09867_ses-E18410_run-1_bp-chest_vp-ap_dx.png,predictions/probabilities/qata_test_sub-S09867_ses-E18410_run-1_bp-chest_vp-ap_dx.npy
qata_test_sub-S09867_ses-E18717_run-1_bp-chest_vp-ap_dx,sub-S09867,tripath_lesionnet,1003,0.5093304061547854,0.3416789396309346,96.00312491523354,31.404689899634096,predictions/masks/qata_test_sub-S09867_ses-E18717_run-1_bp-chest_vp-ap_dx.png,predictions/probabilities/qata_test_sub-S09867_ses-E18717_run-1_bp-chest_vp-ap_dx.npy
qata_test_sub-S09867_ses-E19123_run-1_bp-chest_vp-ap_dx,sub-S09867,tripath_lesionnet,1003,0.5896771966236893,0.4181150550938038,82.05819576887225,31.664535663414856,predictions/masks/qata_test_sub-S09867_ses-E19123_run-1_bp-chest_vp-ap_dx.png,predictions/probabilities/qata_test_sub-S09867_ses-E19123_run-1_bp-chest_vp-ap_dx.npy
qata_test_sub-S09867_ses-E20190_run-1_bp-chest_vp-ap_dx,sub-S09867,tripath_lesionnet,1003,0.36385866243594744,0.22238828277951894,52.0,14.618041264874787,predictions/masks/qata_test_sub-S09867_ses-E20190_run-1_bp-chest_vp-ap_dx.png,predictions/probabilities/qata_test_sub-S09867_ses-E20190_run-1_bp-chest_vp-ap_dx.npy
qata_test_sub-S09867_ses-E20649_run-1_bp-chest_vp-ap_dx,sub-S09867,tripath_lesionnet,1003,0.9178964872176482,0.8482520169064877,6.0,1.862148263141308,predictions/masks/qata_test_sub-S09867_ses-E20649_run-1_bp-chest_vp-ap_dx.png,predictions/probabilities/qata_test_sub-S09867_ses-E20649_run-1_bp-chest_vp-ap_dx.npy
qata_test_sub-S09867_ses-E20934_run-1_bp-chest_vp-ap_dx,sub-S09867,tripath_lesionnet,1003,0.8871103206368899,0.7971233241605512,9.944609141964426,2.803239064418159,predictions/masks/qata_test_sub-S09867_ses-E20934_run-1_bp-chest_vp-ap_dx.png,predictions/probabilities/qata_test_sub-S09867_ses-E20934_run-1_bp-chest_vp-ap_dx.npy
qata_test_sub-S09867_ses-E20935_run-1_bp-chest_vp-ap_dx,sub-S09867,tripath_lesionnet,1003,0.7448066205076034,0.5933799784824171,73.7192194883825,16.457834823120926,predictions/masks/qata_test_sub-S09867_ses-E20935_run-1_bp-chest_vp-ap_dx.png,predictions/probabilities/qata_test_sub-S09867_ses-E20935_run-1_bp-chest_vp-ap_dx.npy
qata_test_sub-S09867_ses-E20938_run-1_bp-chest_vp-ap_dx,sub-S09867,tripath_lesionnet,1003,0.9347826086961621,0.877551020409961,16.9361702528362,2.9304881609498135,predictions/masks/qata_test_sub-S09867_ses-E20938_run-1_bp-chest_vp-ap_dx.png,predictions/probabilities/qata_test_sub-S09867_ses-E20938_run-1_bp-chest_vp-ap_dx.npy
qata_test_sub-S09867_ses-E21485_run-1_bp-chest_vp-ap_dx,sub-S09867,tripath_lesionnet,1003,0.5022909507493099,0.3353728489568467,62.157566911208654,15.617786948796715,predictions/masks/qata_test_sub-S09867_ses-E21485_run-1_bp-chest_vp-ap_dx.png,predictions/probabilities/qata_test_sub-S09867_ses-E21485_run-1_bp-chest_vp-ap_dx.npy
qata_test_sub-S09867_ses-E22009_run-1_bp-chest_vp-ap_dx,sub-S09867,tripath_lesionnet,1003,0.508304891933827,0.3407565588974754,86.0,26.30329923898442,predictions/masks/qata_test_sub-S09867_ses-E22009_run-1_bp-chest_vp-ap_dx.png,predictions/probabilities/qata_test_sub-S09867_ses-E22009_run-1_bp-chest_vp-ap_dx.npy
qata_test_sub-S09867_ses-E22582_run-1_bp-chest_vp-ap_dx,sub-S09867,tripath_lesionnet,1003,0.8688950968127455,0.7681825924072869,62.0,11.276148732005613,predictions/masks/qata_test_sub-S09867_ses-E22582_run-1_bp-chest_vp-ap_dx.png,predictions/probabilities/qata_test_sub-S09867_ses-E22582_run-1_bp-chest_vp-ap_dx.npy
qata_test_sub-S09867_ses-E22970_run-1_bp-chest_vp-ap_dx,sub-S09867,tripath_lesionnet,1003,0.9016238258217314,0.8208697958125051,13.0,2.1831981944137677,predictions/masks/qata_test_sub-S09867_ses-E22970_run-1_bp-chest_vp-ap_dx.png,predictions/probabilities/qata_test_sub-S09867_ses-E22970_run-1_bp-chest_vp-ap_dx.npy
qata_test_sub-S09867_ses-E23304_run-1_bp-chest_vp-ap_dx,sub-S09867,tripath_lesionnet,1003,0.12012296053156485,0.0638993710927321,112.05802068571441,52.96431712016442,predictions/masks/qata_test_sub-S09867_ses-E23304_run-1_bp-chest_vp-ap_dx.png,predictions/probabilities/qata_test_sub-S09867_ses-E23304_run-1_bp-chest_vp-ap_dx.npy
qata_test_sub-S09867_ses-E24705_run-1_bp-chest_vp-ap_dx,sub-S09867,tripath_lesionnet,1003,0.9457725125171301,0.8971237458207743,4.123105625617661,1.2524561010670938,predictions/masks/qata_test_sub-S09867_ses-E24705_run-1_bp-chest_vp-ap_dx.png,predictions/probabilities/qata_test_sub-S09867_ses-E24705_run-1_bp-chest_vp-ap_dx.npy
qata_test_sub-S09867_ses-E24708_run-1_bp-chest_vp-ap_dx,sub-S09867,tripath_lesionnet,1003,0.9490066700139926,0.9029616486979261,3.605551275463989,1.1248554796698031,predictions/masks/qata_test_sub-S09867_ses-E24708_run-1_bp-chest_vp-ap_dx.png,predictions/probabilities/qata_test_sub-S09867_ses-E24708_run-1_bp-chest_vp-ap_dx.npy
qata_test_sub-S09867_ses-E26100_run-1_bp-chest_vp-ap_dx,sub-S09867,tripath_lesionnet,1003,0.9041060121424107,0.8249940433663926,9.899494936611665,2.412203566555645,predictions/masks/qata_test_sub-S09867_ses-E26100_run-1_bp-chest_vp-ap_dx.png,predictions/probabilities/qata_test_sub-S09867_ses-E26100_run-1_bp-chest_vp-ap_dx.npy
qata_test_sub-S09867_ses-E26491_run-1_bp-chest_vp-ap_dx,sub-S09867,tripath_lesionnet,1003,0.8949168350699913,0.8098185398817018,14.077991679966884,2.4499119703602905,predictions/masks/qata_test_sub-S09867_ses-E26491_run-1_bp-chest_vp-ap_dx.png,predictions/probabilities/qata_test_sub-S09867_ses-E26491_run-1_bp-chest_vp-ap_dx.npy
qata_test_sub-S09868_ses-E16931_run-1_bp-chest_vp-ap_dx,sub-S09868,tripath_lesionnet,1003,0.9657944514504587,0.9338515470212795,2.23606797749979,0.7679257786361408,predictions/masks/qata_test_sub-S09868_ses-E16931_run-1_bp-chest_vp-ap_dx.png,predictions/probabilities/qata_test_sub-S09868_ses-E16931_run-1_bp-chest_vp-ap_dx.npy
qata_test_sub-S09869_ses-E16934_acq-1_run-1_bp-chest_vp-ll_dx,sub-S09869,tripath_lesionnet,1003,0.694783573823819,0.5323129252098373,8.602325267042627,3.3838946576593503,predictions/masks/qata_test_sub-S09869_ses-E16934_acq-1_run-1_bp-chest_vp-ll_dx.png,predictions/probabilities/qata_test_sub-S09869_ses-E16934_acq-1_run-1_bp-chest_vp-ll_dx.npy
qata_test_sub-S09869_ses-E25395_acq-1_run-1_bp-chest_vp-ll_dx,sub-S09869,tripath_lesionnet,1003,0.8626356589189881,0.7584514722051008,91.0,17.23990136348453,predictions/masks/qata_test_sub-S09869_ses-E25395_acq-1_run-1_bp-chest_vp-ll_dx.png,predictions/probabilities/qata_test_sub-S09869_ses-E25395_acq-1_run-1_bp-chest_vp-ll_dx.npy
qata_test_sub-S09871_ses-E23626_run-1_bp-chest_dx,sub-S09871,tripath_lesionnet,1003,0.26154939588825094,0.15044971383237205,122.41402962634982,35.618124367346205,predictions/masks/qata_test_sub-S09871_ses-E23626_run-1_bp-chest_dx.png,predictions/probabilities/qata_test_sub-S09871_ses-E23626_run-1_bp-chest_dx.npy
qata_test_sub-S09871_ses-E24085_run-1_bp-chest_cr,sub-S09871,tripath_lesionnet,1003,0.820933869527363,0.6962576977764446,53.8469037808294,9.002125031112831,predictions/masks/qata_test_sub-S09871_ses-E24085_run-1_bp-chest_cr.png,predictions/probabilities/qata_test_sub-S09871_ses-E24085_run-1_bp-chest_cr.npy
qata_test_sub-S09871_ses-E24509_acq-1_run-1_bp-chest_vp-ap_dx,sub-S09871,tripath_lesionnet,1003,0.9445002007228799,0.894836930684655,5.0,1.4318998652145667,predictions/masks/qata_test_sub-S09871_ses-E24509_acq-1_run-1_bp-chest_vp-ap_dx.png,predictions/probabilities/qata_test_sub-S09871_ses-E24509_acq-1_run-1_bp-chest_vp-ap_dx.npy
qata_test_sub-S09871_ses-E25198_run-1_bp-chest_vp-ap_dx,sub-S09871,tripath_lesionnet,1003,0.7093408616686551,0.5495958155059477,96.8725549313801,24.80591299850039,predictions/masks/qata_test_sub-S09871_ses-E25198_run-1_bp-chest_vp-ap_dx.png,predictions/probabilities/qata_test_sub-S09871_ses-E25198_run-1_bp-chest_vp-ap_dx.npy
qata_test_sub-S09873_ses-E16940_run-1_bp-chest_vp-ap_dx,sub-S09873,tripath_lesionnet,1003,0.8901353965205003,0.8020216103240843,25.978189778248712,3.1846320370149765,predictions/masks/qata_test_sub-S09873_ses-E16940_run-1_bp-chest_vp-ap_dx.png,predictions/probabilities/qata_test_sub-S09873_ses-E16940_run-1_bp-chest_vp-ap_dx.npy
qata_test_sub-S09873_ses-E18618_run-1_bp-chest_vp-ap_dx,sub-S09873,tripath_lesionnet,1003,0.5566797439695089,0.3856938483723693,88.3911760301898,34.69987736460203,predictions/masks/qata_test_sub-S09873_ses-E18618_run-1_bp-chest_vp-ap_dx.png,predictions/probabilities/qata_test_sub-S09873_ses-E18618_run-1_bp-chest_vp-ap_dx.npy
qata_test_sub-S09873_ses-E22180_run-1_bp-chest_vp-ap_dx,sub-S09873,tripath_lesionnet,1003,0.850681275462134,0.7401613297545793,10.0,2.3243507595611392,predictions/masks/qata_test_sub-S09873_ses-E22180_run-1_bp-chest_vp-ap_dx.png,predictions/probabilities/qata_test_sub-S09873_ses-E22180_run-1_bp-chest_vp-ap_dx.npy
qata_test_sub-S09875_ses-E22028_run-1_bp-chest_vp-ap_dx,sub-S09875,tripath_lesionnet,1003,0.005228758213279793,0.00262123202260283,107.20074626605918,48.21953736762785,predictions/masks/qata_test_sub-S09875_ses-E22028_run-1_bp-chest_vp-ap_dx.png,predictions/probabilities/qata_test_sub-S09875_ses-E22028_run-1_bp-chest_vp-ap_dx.npy
qata_test_sub-S09875_ses-E23130_run-1_bp-chest_vp-ap_dx,sub-S09875,tripath_lesionnet,1003,0.8856554564180806,0.7947770386820057,14.142135623730951,3.535974905356894,predictions/masks/qata_test_sub-S09875_ses-E23130_run-1_bp-chest_vp-ap_dx.png,predictions/probabilities/qata_test_sub-S09875_ses-E23130_run-1_bp-chest_vp-ap_dx.npy
qata_test_sub-S09876_ses-E24115_run-1_bp-chest_vp-pa_cr,sub-S09876,tripath_lesionnet,1003,0.8892669785922407,0.8006127138166808,70.65967445797062,10.893906433705418,predictions/masks/qata_test_sub-S09876_ses-E24115_run-1_bp-chest_vp-pa_cr.png,predictions/probabilities/qata_test_sub-S09876_ses-E24115_run-1_bp-chest_vp-pa_cr.npy
qata_test_sub-S09876_ses-E25409_run-1_bp-chest_vp-ap_cr,sub-S09876,tripath_lesionnet,1003,0.8341092869415081,0.7154266498588603,16.0312195418814,4.018644474025207,predictions/masks/qata_test_sub-S09876_ses-E25409_run-1_bp-chest_vp-ap_cr.png,predictions/probabilities/qata_test_sub-S09876_ses-E25409_run-1_bp-chest_vp-ap_cr.npy
qata_test_sub-S09877_ses-E20962_run-1_bp-chest_vp-pa_cr,sub-S09877,tripath_lesionnet,1003,7.235890013948198e-11,7.235890013948198e-11,108.3630777923457,90.5493810397608,predictions/masks/qata_test_sub-S09877_ses-E20962_run-1_bp-chest_vp-pa_cr.png,predictions/probabilities/qata_test_sub-S09877_ses-E20962_run-1_bp-chest_vp-pa_cr.npy
qata_test_sub-S09878_ses-E16956_run-1_bp-chest_vp-ap_cr,sub-S09878,tripath_lesionnet,1003,0.07447840855077051,0.03867960187679628,140.63018755606038,79.81967010282315,predictions/masks/qata_test_sub-S09878_ses-E16956_run-1_bp-chest_vp-ap_cr.png,predictions/probabilities/qata_test_sub-S09878_ses-E16956_run-1_bp-chest_vp-ap_cr.npy
qata_test_sub-S09878_ses-E22650_run-1_bp-chest_vp-ap_cr,sub-S09878,tripath_lesionnet,1003,0.8376946008625563,0.7207181533240137,36.6742416417845,6.079401128109235,predictions/masks/qata_test_sub-S09878_ses-E22650_run-1_bp-chest_vp-ap_cr.png,predictions/probabilities/qata_test_sub-S09878_ses-E22650_run-1_bp-chest_vp-ap_cr.npy
qata_test_sub-S09879_ses-E16957_run-1_bp-chest_vp-ap_cr,sub-S09879,tripath_lesionnet,1003,0.5930890870072683,0.42155411656409286,34.318264161476904,9.334385124246788,predictions/masks/qata_test_sub-S09879_ses-E16957_run-1_bp-chest_vp-ap_cr.png,predictions/probabilities/qata_test_sub-S09879_ses-E16957_run-1_bp-chest_vp-ap_cr.npy
qata_test_sub-S09879_ses-E17287_run-1_bp-chest_vp-ap_dx,sub-S09879,tripath_lesionnet,1003,0.44363103955184374,0.28504233305338467,45.33152748772935,9.994355067853839,predictions/masks/qata_test_sub-S09879_ses-E17287_run-1_bp-chest_vp-ap_dx.png,predictions/probabilities/qata_test_sub-S09879_ses-E17287_run-1_bp-chest_vp-ap_dx.npy
qata_test_sub-S09879_ses-E17929_run-1_bp-chest_vp-ap_cr,sub-S09879,tripath_lesionnet,1003,0.7798817995429992,0.6391854487975565,14.560219778561036,3.833987658518675,predictions/masks/qata_test_sub-S09879_ses-E17929_run-1_bp-chest_vp-ap_cr.png,predictions/probabilities/qata_test_sub-S09879_ses-E17929_run-1_bp-chest_vp-ap_cr.npy
qata_test_sub-S09879_ses-E21183_run-1_bp-chest_vp-ap_cr,sub-S09879,tripath_lesionnet,1003,0.40590002733116914,0.25462645650258303,149.14036854551065,57.86291860708044,predictions/masks/qata_test_sub-S09879_ses-E21183_run-1_bp-chest_vp-ap_cr.png,predictions/probabilities/qata_test_sub-S09879_ses-E21183_run-1_bp-chest_vp-ap_cr.npy
qata_test_sub-S09879_ses-E22363_run-1_bp-chest_vp-ap_cr,sub-S09879,tripath_lesionnet,1003,0.7862387591800492,0.6477705274653647,83.4478876832549,13.258834780491847,predictions/masks/qata_test_sub-S09879_ses-E22363_run-1_bp-chest_vp-ap_cr.png,predictions/probabilities/qata_test_sub-S09879_ses-E22363_run-1_bp-chest_vp-ap_cr.npy
qata_test_sub-S09880_ses-E23349_run-1_bp-chest_vp-pa_cr,sub-S09880,tripath_lesionnet,1003,0.896891455751709,0.8130582075819816,79.30952023559341,8.20156564791124,predictions/masks/qata_test_sub-S09880_ses-E23349_run-1_bp-chest_vp-pa_cr.png,predictions/probabilities/qata_test_sub-S09880_ses-E23349_run-1_bp-chest_vp-pa_cr.npy
qata_test_sub-S09880_ses-E27123_run-2_bp-chest_dx,sub-S09880,tripath_lesionnet,1003,0.7790407540953967,0.6380563124596705,94.15040777149665,24.676563432698504,predictions/masks/qata_test_sub-S09880_ses-E27123_run-2_bp-chest_dx.png,predictions/probabilities/qata_test_sub-S09880_ses-E27123_run-2_bp-chest_dx.npy
qata_test_sub-S09884_ses-E23142_run-1_bp-chest_vp-ap_cr,sub-S09884,tripath_lesionnet,1003,0.6070283084673893,0.4357793572986707,70.23879469579217,15.429034688378263,predictions/masks/qata_test_sub-S09884_ses-E23142_run-1_bp-chest_vp-ap_cr.png,predictions/probabilities/qata_test_sub-S09884_ses-E23142_run-1_bp-chest_vp-ap_cr.npy
qata_test_sub-S09885_ses-E23841_run-2_bp-chest_vp-pa_dx,sub-S09885,tripath_lesionnet,1003,0.8764222503180085,0.7800281294014056,8.664084194722001,2.2415612864492687,predictions/masks/qata_test_sub-S09885_ses-E23841_run-2_bp-chest_vp-pa_dx.png,predictions/probabilities/qata_test_sub-S09885_ses-E23841_run-2_bp-chest_vp-pa_dx.npy
qata_test_sub-S09886_ses-E22216_run-1_bp-chest_vp-ap_cr,sub-S09886,tripath_lesionnet,1003,0.8234824281185407,0.6999321113475923,9.423259298318403,2.8039413649561946,predictions/masks/qata_test_sub-S09886_ses-E22216_run-1_bp-chest_vp-ap_cr.png,predictions/probabilities/qata_test_sub-S09886_ses-E22216_run-1_bp-chest_vp-ap_cr.npy
qata_test_sub-S09887_ses-E25027_run-1_bp-chest_vp-ap_dx,sub-S09887,tripath_lesionnet,1003,0.8159942363125648,0.6891809662931826,101.73986008698222,20.525700563466135,predictions/masks/qata_test_sub-S09887_ses-E25027_run-1_bp-chest_vp-ap_dx.png,predictions/probabilities/qata_test_sub-S09887_ses-E25027_run-1_bp-chest_vp-ap_dx.npy
qata_test_sub-S09887_ses-E25275_run-1_bp-chest_vp-ap_dx,sub-S09887,tripath_lesionnet,1003,0.8252788104104685,0.7025316455741029,39.09144209800449,7.422252874828065,predictions/masks/qata_test_sub-S09887_ses-E25275_run-1_bp-chest_vp-ap_dx.png,predictions/probabilities/qata_test_sub-S09887_ses-E25275_run-1_bp-chest_vp-ap_dx.npy
qata_test_sub-S09887_ses-E26243_run-1_bp-chest_vp-ap_dx,sub-S09887,tripath_lesionnet,1003,0.8892738174557677,0.8006238003862688,30.007151241694125,4.945393117811113,predictions/masks/qata_test_sub-S09887_ses-E26243_run-1_bp-chest_vp-ap_dx.png,predictions/probabilities/qata_test_sub-S09887_ses-E26243_run-1_bp-chest_vp-ap_dx.npy
qata_test_sub-S09889_ses-E16972_run-1_bp-chest_vp-ap_dx,sub-S09889,tripath_lesionnet,1003,0.631088787738026,0.4610151353045328,65.36814503989868,14.573664201169821,predictions/masks/qata_test_sub-S09889_ses-E16972_run-1_bp-chest_vp-ap_dx.png,predictions/probabilities/qata_test_sub-S09889_ses-E16972_run-1_bp-chest_vp-ap_dx.npy
qata_test_sub-S09891_ses-E25047_run-1_bp-chest_cr,sub-S09891,tripath_lesionnet,1003,0.636182902596548,0.46647230323292166,90.53898835045511,23.64582295480927,predictions/masks/qata_test_sub-S09891_ses-E25047_run-1_bp-chest_cr.png,predictions/probabilities/qata_test_sub-S09891_ses-E25047_run-1_bp-chest_cr.npy
qata_test_sub-S09892_ses-E25043_run-1_bp-chest_vp-ap_cr,sub-S09892,tripath_lesionnet,1003,1.5503875966588546e-10,1.5503875966588546e-10,121.99298221778042,92.56552301755312,predictions/masks/qata_test_sub-S09892_ses-E25043_run-1_bp-chest_vp-ap_cr.png,predictions/probabilities/qata_test_sub-S09892_ses-E25043_run-1_bp-chest_vp-ap_cr.npy
qata_test_sub-S09893_ses-E16978_acq-1_run-1_bp-chest_vp-pa_cr,sub-S09893,tripath_lesionnet,1003,0.7032839290990036,0.5423576871563265,14.892854997854796,3.7712019740760288,predictions/masks/qata_test_sub-S09893_ses-E16978_acq-1_run-1_bp-chest_vp-pa_cr.png,predictions/probabilities/qata_test_sub-S09893_ses-E16978_acq-1_run-1_bp-chest_vp-pa_cr.npy
qata_test_sub-S09899_ses-E16994_run-1_bp-chest_vp-pa_dx,sub-S09899,tripath_lesionnet,1003,0.2305914344088295,0.13032119257522173,72.17548053128746,21.857992969587684,predictions/masks/qata_test_sub-S09899_ses-E16994_run-1_bp-chest_vp-pa_dx.png,predictions/probabilities/qata_test_sub-S09899_ses-E16994_run-1_bp-chest_vp-pa_dx.npy
qata_test_sub-S09903_ses-E17002_acq-1_run-1_bp-chest_vp-pa_cr,sub-S09903,tripath_lesionnet,1003,0.6410537870669015,0.4717285945499411,96.41159266773454,19.506576555653723,predictions/masks/qata_test_sub-S09903_ses-E17002_acq-1_run-1_bp-chest_vp-pa_cr.png,predictions/probabilities/qata_test_sub-S09903_ses-E17002_acq-1_run-1_bp-chest_vp-pa_cr.npy
qata_test_sub-S09904_ses-E17003_run-1_bp-chest_vp-pa_dx,sub-S09904,tripath_lesionnet,1003,0.8711415972578254,0.7717013888938433,10.367968324948777,2.5770115274121213,predictions/masks/qata_test_sub-S09904_ses-E17003_run-1_bp-chest_vp-pa_dx.png,predictions/probabilities/qata_test_sub-S09904_ses-E17003_run-1_bp-chest_vp-pa_dx.npy
qata_test_sub-S09904_ses-E21080_run-1_bp-chest_vp-ap_dx,sub-S09904,tripath_lesionnet,1003,0.963933048533063,0.9303771799387539,2.23606797749979,0.772000005175076,predictions/masks/qata_test_sub-S09904_ses-E21080_run-1_bp-chest_vp-ap_dx.png,predictions/probabilities/qata_test_sub-S09904_ses-E21080_run-1_bp-chest_vp-ap_dx.npy
qata_test_sub-S09904_ses-E26036_run-1_bp-chest_vp-pa_dx,sub-S09904,tripath_lesionnet,1003,0.8953822571383849,0.8105810928046734,19.698983969578396,3.90952427056244,predictions/masks/qata_test_sub-S09904_ses-E26036_run-1_bp-chest_vp-pa_dx.png,predictions/probabilities/qata_test_sub-S09904_ses-E26036_run-1_bp-chest_vp-pa_dx.npy
qata_test_sub-S09905_ses-E17004_run-1_bp-chest_cr,sub-S09905,tripath_lesionnet,1003,0.9630497007548592,0.9287327478051602,3.7041634565979917,0.9499563344406438,predictions/masks/qata_test_sub-S09905_ses-E17004_run-1_bp-chest_cr.png,predictions/probabilities/qata_test_sub-S09905_ses-E17004_run-1_bp-chest_cr.npy
qata_test_sub-S09905_ses-E17081_run-1_bp-chest_vp-ap_dx,sub-S09905,tripath_lesionnet,1003,0.9545926011296842,0.9131297541625716,3.162277660168379,1.2688942728484311,predictions/masks/qata_test_sub-S09905_ses-E17081_run-1_bp-chest_vp-ap_dx.png,predictions/probabilities/qata_test_sub-S09905_ses-E17081_run-1_bp-chest_vp-ap_dx.npy
qata_test_sub-S09905_ses-E17164_run-1_bp-chest_cr,sub-S09905,tripath_lesionnet,1003,0.9630170094397236,0.9286719437121489,3.605551275463989,1.0437659758817237,predictions/masks/qata_test_sub-S09905_ses-E17164_run-1_bp-chest_cr.png,predictions/probabilities/qata_test_sub-S09905_ses-E17164_run-1_bp-chest_cr.npy
qata_test_sub-S09905_ses-E17464_run-1_bp-chest_cr,sub-S09905,tripath_lesionnet,1003,0.9043792219898418,0.8254491336257526,24.041630560342615,4.0363690879239345,predictions/masks/qata_test_sub-S09905_ses-E17464_run-1_bp-chest_cr.png,predictions/probabilities/qata_test_sub-S09905_ses-E17464_run-1_bp-chest_cr.npy
qata_test_sub-S09905_ses-E17532_run-1_bp-chest_vp-ap_dx,sub-S09905,tripath_lesionnet,1003,0.9698762450952618,0.9415142991099212,2.23606797749979,0.6964630453733416,predictions/masks/qata_test_sub-S09905_ses-E17532_run-1_bp-chest_vp-ap_dx.png,predictions/probabilities/qata_test_sub-S09905_ses-E17532_run-1_bp-chest_vp-ap_dx.npy
qata_test_sub-S09905_ses-E17699_run-1_bp-chest_vp-ap_dx,sub-S09905,tripath_lesionnet,1003,0.6681463339991723,0.5016664751235298,29.795300102280223,6.679223376154134,predictions/masks/qata_test_sub-S09905_ses-E17699_run-1_bp-chest_vp-ap_dx.png,predictions/probabilities/qata_test_sub-S09905_ses-E17699_run-1_bp-chest_vp-ap_dx.npy
qata_test_sub-S09905_ses-E17993_run-1_bp-chest_vp-ap_dx,sub-S09905,tripath_lesionnet,1003,0.6907549745011798,0.527597937018242,19.70405743352316,5.811392622184102,predictions/masks/qata_test_sub-S09905_ses-E17993_run-1_bp-chest_vp-ap_dx.png,predictions/probabilities/qata_test_sub-S09905_ses-E17993_run-1_bp-chest_vp-ap_dx.npy
qata_test_sub-S09905_ses-E18575_run-1_bp-chest_cr,sub-S09905,tripath_lesionnet,1003,0.851444372537204,0.741317487964949,30.576086638550123,5.439216898551873,predictions/masks/qata_test_sub-S09905_ses-E18575_run-1_bp-chest_cr.png,predictions/probabilities/qata_test_sub-S09905_ses-E18575_run-1_bp-chest_cr.npy
qata_test_sub-S09905_ses-E18883_run-1_bp-chest_cr,sub-S09905,tripath_lesionnet,1003,0.9067443073183263,0.8293982033561539,8.54400374531753,2.104620688607002,predictions/masks/qata_test_sub-S09905_ses-E18883_run-1_bp-chest_cr.png,predictions/probabilities/qata_test_sub-S09905_ses-E18883_run-1_bp-chest_cr.npy
qata_test_sub-S09905_ses-E19793_run-1_bp-chest_cr,sub-S09905,tripath_lesionnet,1003,0.9203448719601924,0.8524433849832941,12.806248474865697,2.33689898344964,predictions/masks/qata_test_sub-S09905_ses-E19793_run-1_bp-chest_cr.png,predictions/probabilities/qata_test_sub-S09905_ses-E19793_run-1_bp-chest_cr.npy
qata_test_sub-S09905_ses-E20381_run-1_bp-chest_cr,sub-S09905,tripath_lesionnet,1003,0.8530335026547969,0.7437300955439516,31.37981788898133,5.088353313416112,predictions/masks/qata_test_sub-S09905_ses-E20381_run-1_bp-chest_cr.png,predictions/probabilities/qata_test_sub-S09905_ses-E20381_run-1_bp-chest_cr.npy
qata_test_sub-S09905_ses-E20588_acq-1_run-1_bp-chest_vp-ap_dx,sub-S09905,tripath_lesionnet,1003,0.9491261671058826,0.903178038502071,5.0,1.2566056793394993,predictions/masks/qata_test_sub-S09905_ses-E20588_acq-1_run-1_bp-chest_vp-ap_dx.png,predictions/probabilities/qata_test_sub-S09905_ses-E20588_acq-1_run-1_bp-chest_vp-ap_dx.npy
qata_test_sub-S09905_ses-E20588_acq-3_run-1_bp-chest_vp-ap_dx,sub-S09905,tripath_lesionnet,1003,0.951924215512422,0.9082589537915685,3.743608329051557,1.2267873034720695,predictions/masks/qata_test_sub-S09905_ses-E20588_acq-3_run-1_bp-chest_vp-ap_dx.png,predictions/probabilities/qata_test_sub-S09905_ses-E20588_acq-3_run-1_bp-chest_vp-ap_dx.npy
qata_test_sub-S09905_ses-E21301_run-1_bp-chest_cr,sub-S09905,tripath_lesionnet,1003,0.960340928857365,0.923707545592072,3.4947328716400867,1.172183735412705,predictions/masks/qata_test_sub-S09905_ses-E21301_run-1_bp-chest_cr.png,predictions/probabilities/qata_test_sub-S09905_ses-E21301_run-1_bp-chest_cr.npy
qata_test_sub-S09905_ses-E21788_run-1_bp-chest_cr,sub-S09905,tripath_lesionnet,1003,0.977830679958422,0.9566229985447117,2.0,0.6722755729210376,predictions/masks/qata_test_sub-S09905_ses-E21788_run-1_bp-chest_cr.png,predictions/probabilities/qata_test_sub-S09905_ses-E21788_run-1_bp-chest_cr.npy
qata_test_sub-S09905_ses-E21791_run-1_bp-chest_cr,sub-S09905,tripath_lesionnet,1003,0.9438226903667774,0.8936214419292164,10.007481343168127,2.792320724898577,predictions/masks/qata_test_sub-S09905_ses-E21791_run-1_bp-chest_cr.png,predictions/probabilities/qata_test_sub-S09905_ses-E21791_run-1_bp-chest_cr.npy
qata_test_sub-S09905_ses-E22936_run-1_bp-chest_cr,sub-S09905,tripath_lesionnet,1003,0.8971691902574248,0.8135148042047096,11.75523411093048,3.0257311726530642,predictions/masks/qata_test_sub-S09905_ses-E22936_run-1_bp-chest_cr.png,predictions/probabilities/qata_test_sub-S09905_ses-E22936_run-1_bp-chest_cr.npy
qata_test_sub-S09905_ses-E23245_run-1_bp-chest_cr,sub-S09905,tripath_lesionnet,1003,0.9094546627950342,0.8339448455458166,14.643791018134323,3.143145163344239,predictions/masks/qata_test_sub-S09905_ses-E23245_run-1_bp-chest_cr.png,predictions/probabilities/qata_test_sub-S09905_ses-E23245_run-1_bp-chest_cr.npy
qata_test_sub-S09905_ses-E26721_run-1_bp-chest_vp-ap_dx,sub-S09905,tripath_lesionnet,1003,0.7913173308855941,0.6546940326937535,40.162171256046406,8.173760807555482,predictions/masks/qata_test_sub-S09905_ses-E26721_run-1_bp-chest_vp-ap_dx.png,predictions/probabilities/qata_test_sub-S09905_ses-E26721_run-1_bp-chest_vp-ap_dx.npy
qata_test_sub-S09906_ses-E20591_run-1_bp-chest_vp-ap_dx,sub-S09906,tripath_lesionnet,1003,0.9321100917436383,0.8728522336787965,9.044308110509931,1.9273222695846963,predictions/masks/qata_test_sub-S09906_ses-E20591_run-1_bp-chest_vp-ap_dx.png,predictions/probabilities/qata_test_sub-S09906_ses-E20591_run-1_bp-chest_vp-ap_dx.npy
qata_test_sub-S09906_ses-E23548_run-1_bp-chest_vp-ap_dx,sub-S09906,tripath_lesionnet,1003,0.9119879483173302,0.8382149323693874,39.439816881883715,5.841007714748953,predictions/masks/qata_test_sub-S09906_ses-E23548_run-1_bp-chest_vp-ap_dx.png,predictions/probabilities/qata_test_sub-S09906_ses-E23548_run-1_bp-chest_vp-ap_dx.npy
qata_test_sub-S09907_ses-E22937_acq-1_run-1_bp-chest_vp-pa_dx,sub-S09907,tripath_lesionnet,1003,0.8525681014794642,0.7430228343695896,9.055385138137417,2.182298287372973,predictions/masks/qata_test_sub-S09907_ses-E22937_acq-1_run-1_bp-chest_vp-pa_dx.png,predictions/probabilities/qata_test_sub-S09907_ses-E22937_acq-1_run-1_bp-chest_vp-pa_dx.npy
qata_test_sub-S09909_ses-E25133_run-1_bp-chest_vp-ap_dx,sub-S09909,tripath_lesionnet,1003,0.9659785491871412,0.9341958509933728,2.23606797749979,0.8658698105416011,predictions/masks/qata_test_sub-S09909_ses-E25133_run-1_bp-chest_vp-ap_dx.png,predictions/probabilities/qata_test_sub-S09909_ses-E25133_run-1_bp-chest_vp-ap_dx.npy
qata_test_sub-S09909_ses-E25370_run-1_bp-chest_vp-ap_dx,sub-S09909,tripath_lesionnet,1003,0.9735161976828238,0.9483989864092559,2.0,0.6562980847106463,predictions/masks/qata_test_sub-S09909_ses-E25370_run-1_bp-chest_vp-ap_dx.png,predictions/probabilities/qata_test_sub-S09909_ses-E25370_run-1_bp-chest_vp-ap_dx.npy
qata_test_sub-S09911_ses-E17017_acq-1_run-1_bp-chest_vp-ll_dx,sub-S09911,tripath_lesionnet,1003,0.6376021798423208,0.4680000000125177,44.384682042344295,8.603671473302319,predictions/masks/qata_test_sub-S09911_ses-E17017_acq-1_run-1_bp-chest_vp-ll_dx.png,predictions/probabilities/qata_test_sub-S09911_ses-E17017_acq-1_run-1_bp-chest_vp-ll_dx.npy
qata_test_sub-S09912_ses-E17018_run-1_bp-chest_vp-pa_cr,sub-S09912,tripath_lesionnet,1003,0.540491022360929,0.37032387649082793,29.730302532812193,7.2557533717226415,predictions/masks/qata_test_sub-S09912_ses-E17018_run-1_bp-chest_vp-pa_cr.png,predictions/probabilities/qata_test_sub-S09912_ses-E17018_run-1_bp-chest_vp-pa_cr.npy
qata_test_sub-S09913_ses-E17020_run-1_bp-chest_vp-ap_cr,sub-S09913,tripath_lesionnet,1003,0.24195039933382131,0.1376243305361742,67.46841207355128,24.833934956919222,predictions/masks/qata_test_sub-S09913_ses-E17020_run-1_bp-chest_vp-ap_cr.png,predictions/probabilities/qata_test_sub-S09913_ses-E17020_run-1_bp-chest_vp-ap_cr.npy
qata_test_sub-S09914_ses-E17021_run-1_bp-chest_vp-ap_dx,sub-S09914,tripath_lesionnet,1003,0.5520382863428932,0.38125199108488966,50.35374529338873,11.544290548142659,predictions/masks/qata_test_sub-S09914_ses-E17021_run-1_bp-chest_vp-ap_dx.png,predictions/probabilities/qata_test_sub-S09914_ses-E17021_run-1_bp-chest_vp-ap_dx.npy
qata_test_sub-S09914_ses-E25537_run-1_bp-chest_vp-ap_dx,sub-S09914,tripath_lesionnet,1003,0.33921113690628285,0.20424699638993443,47.16696826538327,15.441076496642182,predictions/masks/qata_test_sub-S09914_ses-E25537_run-1_bp-chest_vp-ap_dx.png,predictions/probabilities/qata_test_sub-S09914_ses-E25537_run-1_bp-chest_vp-ap_dx.npy
qata_test_sub-S09916_ses-E17024_run-1_bp-chest_vp-pa_dx,sub-S09916,tripath_lesionnet,1003,0.8633625410743199,0.7595760057846352,20.591260281974,4.311499230314077,predictions/masks/qata_test_sub-S09916_ses-E17024_run-1_bp-chest_vp-pa_dx.png,predictions/probabilities/qata_test_sub-S09916_ses-E17024_run-1_bp-chest_vp-pa_dx.npy
qata_test_sub-S09917_ses-E21838_run-1_bp-chest_vp-ap_dx,sub-S09917,tripath_lesionnet,1003,4.450378281955924e-11,4.450378281955924e-11,113.40666090915789,66.28351900177556,predictions/masks/qata_test_sub-S09917_ses-E21838_run-1_bp-chest_vp-ap_dx.png,predictions/probabilities/qata_test_sub-S09917_ses-E21838_run-1_bp-chest_vp-ap_dx.npy
qata_test_sub-S09918_ses-E17032_run-1_bp-chest_vp-ap_cr,sub-S09918,tripath_lesionnet,1003,0.4095904096100703,0.25753768847330244,84.4392974702618,28.48946217349482,predictions/masks/qata_test_sub-S09918_ses-E17032_run-1_bp-chest_vp-ap_cr.png,predictions/probabilities/qata_test_sub-S09918_ses-E17032_run-1_bp-chest_vp-ap_cr.npy
qata_test_sub-S09918_ses-E22984_run-1_bp-chest_vp-ap_cr,sub-S09918,tripath_lesionnet,1003,0.751317942194589,0.6016887465482357,37.69615364994153,6.962327400730979,predictions/masks/qata_test_sub-S09918_ses-E22984_run-1_bp-chest_vp-ap_cr.png,predictions/probabilities/qata_test_sub-S09918_ses-E22984_run-1_bp-chest_vp-ap_cr.npy
qata_test_sub-S09919_ses-E19455_run-1_bp-chest_vp-ap_cr,sub-S09919,tripath_lesionnet,1003,0.8255788790324,0.7029666482457533,16.1245154965971,3.8093336272937313,predictions/masks/qata_test_sub-S09919_ses-E19455_run-1_bp-chest_vp-ap_cr.png,predictions/probabilities/qata_test_sub-S09919_ses-E19455_run-1_bp-chest_vp-ap_cr.npy
qata_test_sub-S09919_ses-E19698_run-1_bp-chest_vp-ap_dx,sub-S09919,tripath_lesionnet,1003,0.3843648208612293,0.2379032258284014,46.0,11.0776610316125,predictions/masks/qata_test_sub-S09919_ses-E19698_run-1_bp-chest_vp-ap_dx.png,predictions/probabilities/qata_test_sub-S09919_ses-E19698_run-1_bp-chest_vp-ap_dx.npy
qata_test_sub-S09919_ses-E25231_acq-1_run-1_bp-chest_vp-pa_dx,sub-S09919,tripath_lesionnet,1003,0.7577911427075508,0.6100352112847697,24.871587757398743,4.7816791547045545,predictions/masks/qata_test_sub-S09919_ses-E25231_acq-1_run-1_bp-chest_vp-pa_dx.png,predictions/probabilities/qata_test_sub-S09919_ses-E25231_acq-1_run-1_bp-chest_vp-pa_dx.npy
qata_test_sub-S09920_ses-E17037_acq-1_run-1_bp-chest_vp-ll_dx,sub-S09920,tripath_lesionnet,1003,0.003674219289425951,0.0018404908587827918,120.38638134352823,56.36359335642797,predictions/masks/qata_test_sub-S09920_ses-E17037_acq-1_run-1_bp-chest_vp-ll_dx.png,predictions/probabilities/qata_test_sub-S09920_ses-E17037_acq-1_run-1_bp-chest_vp-ll_dx.npy
qata_test_sub-S09921_ses-E17039_run-1_bp-chest_vp-ap_cr,sub-S09921,tripath_lesionnet,1003,0.8577789557388933,0.7509745684077317,18.710754119143466,3.2361188773856435,predictions/masks/qata_test_sub-S09921_ses-E17039_run-1_bp-chest_vp-ap_cr.png,predictions/probabilities/qata_test_sub-S09921_ses-E17039_run-1_bp-chest_vp-ap_cr.npy
qata_test_sub-S09921_ses-E18476_run-1_bp-chest_vp-ap_cr,sub-S09921,tripath_lesionnet,1003,0.8536754878382589,0.7447066505014018,35.16238657832458,5.062325148963912,predictions/masks/qata_test_sub-S09921_ses-E18476_run-1_bp-chest_vp-ap_cr.png,predictions/probabilities/qata_test_sub-S09921_ses-E18476_run-1_bp-chest_vp-ap_cr.npy
qata_test_sub-S09921_ses-E18736_run-1_bp-chest_vp-ap_cr,sub-S09921,tripath_lesionnet,1003,0.9742140949251376,0.949724586880824,2.1534441853748314,0.6829251810402287,predictions/masks/qata_test_sub-S09921_ses-E18736_run-1_bp-chest_vp-ap_cr.png,predictions/probabilities/qata_test_sub-S09921_ses-E18736_run-1_bp-chest_vp-ap_cr.npy
qata_test_sub-S09921_ses-E19853_run-1_bp-chest_vp-ap_cr,sub-S09921,tripath_lesionnet,1003,0.8879890560881643,0.7985434504497732,39.20905460487576,7.089873263375707,predictions/masks/qata_test_sub-S09921_ses-E19853_run-1_bp-chest_vp-ap_cr.png,predictions/probabilities/qata_test_sub-S09921_ses-E19853_run-1_bp-chest_vp-ap_cr.npy
qata_test_sub-S09921_ses-E21521_run-1_bp-chest_vp-ap_cr,sub-S09921,tripath_lesionnet,1003,0.8005037254706658,0.6673665791805129,47.45457426895187,7.78701903064525,predictions/masks/qata_test_sub-S09921_ses-E21521_run-1_bp-chest_vp-ap_cr.png,predictions/probabilities/qata_test_sub-S09921_ses-E21521_run-1_bp-chest_vp-ap_cr.npy
qata_test_sub-S09922_ses-E17040_run-1_bp-chest_vp-ap_cr,sub-S09922,tripath_lesionnet,1003,0.29335894622264874,0.17189258724598985,81.59839418478576,20.14406553556208,predictions/masks/qata_test_sub-S09922_ses-E17040_run-1_bp-chest_vp-ap_cr.png,predictions/probabilities/qata_test_sub-S09922_ses-E17040_run-1_bp-chest_vp-ap_cr.npy
qata_test_sub-S09922_ses-E17477_acq-1_run-1_bp-chest_vp-ap_dx,sub-S09922,tripath_lesionnet,1003,0.90173995571084,0.8210623343723809,11.0,2.8045242573266917,predictions/masks/qata_test_sub-S09922_ses-E17477_acq-1_run-1_bp-chest_vp-ap_dx.png,predictions/probabilities/qata_test_sub-S09922_ses-E17477_acq-1_run-1_bp-chest_vp-ap_dx.npy
qata_test_sub-S09926_ses-E17049_run-2_bp-chest_cr,sub-S09926,tripath_lesionnet,1003,0.7719903415010005,0.6286516854036895,86.62936691786999,13.376255315308898,predictions/masks/qata_test_sub-S09926_ses-E17049_run-2_bp-chest_cr.png,predictions/probabilities/qata_test_sub-S09926_ses-E17049_run-2_bp-chest_cr.npy
qata_test_sub-S09928_ses-E17296_run-1_bp-chest_vp-ap_cr,sub-S09928,tripath_lesionnet,1003,1.1135857459784425e-10,1.1135857459784425e-10,77.00584390944243,44.993142278282654,predictions/masks/qata_test_sub-S09928_ses-E17296_run-1_bp-chest_vp-ap_cr.png,predictions/probabilities/qata_test_sub-S09928_ses-E17296_run-1_bp-chest_vp-ap_cr.npy
qata_test_sub-S09930_ses-E18772_run-1_bp-chest_vp-pa_dx,sub-S09930,tripath_lesionnet,1003,0.8096013018791863,0.680109364341756,99.59509930450785,20.013392493012383,predictions/masks/qata_test_sub-S09930_ses-E18772_run-1_bp-chest_vp-pa_dx.png,predictions/probabilities/qata_test_sub-S09930_ses-E18772_run-1_bp-chest_vp-pa_dx.npy
qata_test_sub-S09932_ses-E19757_run-1_bp-chest_vp-ap_dx,sub-S09932,tripath_lesionnet,1003,0.861353711794177,0.7564717162149344,6.708203932499369,2.483428417286882,predictions/masks/qata_test_sub-S09932_ses-E19757_run-1_bp-chest_vp-ap_dx.png,predictions/probabilities/qata_test_sub-S09932_ses-E19757_run-1_bp-chest_vp-ap_dx.npy
qata_test_sub-S09932_ses-E23481_run-1_bp-chest_vp-pa_dx,sub-S09932,tripath_lesionnet,1003,0.47455342097279146,0.31109147151323263,28.09356719159166,10.7441531995244,predictions/masks/qata_test_sub-S09932_ses-E23481_run-1_bp-chest_vp-pa_dx.png,predictions/probabilities/qata_test_sub-S09932_ses-E23481_run-1_bp-chest_vp-pa_dx.npy
qata_test_sub-S09933_ses-E18817_run-1_bp-chest_vp-pa_dx,sub-S09933,tripath_lesionnet,1003,0.8762788159885926,0.7798009225593638,8.960990336999409,2.220752579880701,predictions/masks/qata_test_sub-S09933_ses-E18817_run-1_bp-chest_vp-pa_dx.png,predictions/probabilities/qata_test_sub-S09933_ses-E18817_run-1_bp-chest_vp-pa_dx.npy
qata_test_sub-S09934_ses-E17062_run-1_bp-chest_vp-ap_dx,sub-S09934,tripath_lesionnet,1003,0.38667632155056647,0.2396768402836915,38.79794897441237,11.406807078217911,predictions/masks/qata_test_sub-S09934_ses-E17062_run-1_bp-chest_vp-ap_dx.png,predictions/probabilities/qata_test_sub-S09934_ses-E17062_run-1_bp-chest_vp-ap_dx.npy
qata_test_sub-S09934_ses-E19061_run-1_bp-chest_vp-ap_dx,sub-S09934,tripath_lesionnet,1003,0.7515317980165694,0.6019631071314611,48.33733095897037,9.736807385008136,predictions/masks/qata_test_sub-S09934_ses-E19061_run-1_bp-chest_vp-ap_dx.png,predictions/probabilities/qata_test_sub-S09934_ses-E19061_run-1_bp-chest_vp-ap_dx.npy
qata_test_sub-S09939_ses-E20762_run-1_bp-chest_vp-ap_dx,sub-S09939,tripath_lesionnet,1003,0.7476329631809022,0.5969759193616111,55.036351623268054,11.610772633902274,predictions/masks/qata_test_sub-S09939_ses-E20762_run-1_bp-chest_vp-ap_dx.png,predictions/probabilities/qata_test_sub-S09939_ses-E20762_run-1_bp-chest_vp-ap_dx.npy
qata_test_sub-S09939_ses-E26785_run-1_bp-chest_vp-ap_dx,sub-S09939,tripath_lesionnet,1003,0.54248366014222,0.3721973094386962,102.50359707414202,19.448873354508677,predictions/masks/qata_test_sub-S09939_ses-E26785_run-1_bp-chest_vp-ap_dx.png,predictions/probabilities/qata_test_sub-S09939_ses-E26785_run-1_bp-chest_vp-ap_dx.npy
qata_test_sub-S09941_ses-E17079_run-1_bp-chest_vp-pa_cr,sub-S09941,tripath_lesionnet,1003,0.7862733293325543,0.6478174603523991,13.487813283666387,2.918627698010599,predictions/masks/qata_test_sub-S09941_ses-E17079_run-1_bp-chest_vp-pa_cr.png,predictions/probabilities/qata_test_sub-S09941_ses-E17079_run-1_bp-chest_vp-pa_cr.npy
qata_test_sub-S09945_ses-E17086_run-1_bp-chest_vp-pa_cr,sub-S09945,tripath_lesionnet,1003,0.5803108808507611,0.40875912413074744,18.70544261856857,6.0304986865914065,predictions/masks/qata_test_sub-S09945_ses-E17086_run-1_bp-chest_vp-pa_cr.png,predictions/probabilities/qata_test_sub-S09945_ses-E17086_run-1_bp-chest_vp-pa_cr.npy
qata_test_sub-S09945_ses-E22003_run-1_bp-chest_vp-pa_cr,sub-S09945,tripath_lesionnet,1003,0.9082125603871887,0.831858407082046,8.246211251235321,2.0746199924291076,predictions/masks/qata_test_sub-S09945_ses-E22003_run-1_bp-chest_vp-pa_cr.png,predictions/probabilities/qata_test_sub-S09945_ses-E22003_run-1_bp-chest_vp-pa_cr.npy
qata_test_sub-S09948_ses-E17667_run-1_bp-chest_vp-ap_cr,sub-S09948,tripath_lesionnet,1003,0.9425643009092853,0.8913679590357062,8.0,1.638374480327929,predictions/masks/qata_test_sub-S09948_ses-E17667_run-1_bp-chest_vp-ap_cr.png,predictions/probabilities/qata_test_sub-S09948_ses-E17667_run-1_bp-chest_vp-ap_cr.npy
qata_test_sub-S09949_ses-E18909_run-1_bp-chest_vp-ap_cr,sub-S09949,tripath_lesionnet,1003,0.9271642870058995,0.8642183288432578,5.0,1.4660750539121614,predictions/masks/qata_test_sub-S09949_ses-E18909_run-1_bp-chest_vp-ap_cr.png,predictions/probabilities/qata_test_sub-S09949_ses-E18909_run-1_bp-chest_vp-ap_cr.npy
qata_test_sub-S09949_ses-E21328_run-1_bp-chest_vp-ap_dx,sub-S09949,tripath_lesionnet,1003,0.5345228859761628,0.3647432504306647,113.24398057080846,19.30401245557747,predictions/masks/qata_test_sub-S09949_ses-E21328_run-1_bp-chest_vp-ap_dx.png,predictions/probabilities/qata_test_sub-S09949_ses-E21328_run-1_bp-chest_vp-ap_dx.npy
qata_test_sub-S09952_ses-E21674_run-1_bp-chest_vp-ap_dx,sub-S09952,tripath_lesionnet,1003,0.693342079380343,0.5306224899834026,19.172658120302074,4.774383116092455,predictions/masks/qata_test_sub-S09952_ses-E21674_run-1_bp-chest_vp-ap_dx.png,predictions/probabilities/qata_test_sub-S09952_ses-E21674_run-1_bp-chest_vp-ap_dx.npy
qata_test_sub-S09953_ses-E17096_run-1_bp-chest_vp-ap_dx,sub-S09953,tripath_lesionnet,1003,0.9366964613696989,0.8809304468014525,48.25971404805462,6.823178604644116,predictions/masks/qata_test_sub-S09953_ses-E17096_run-1_bp-chest_vp-ap_dx.png,predictions/probabilities/qata_test_sub-S09953_ses-E17096_run-1_bp-chest_vp-ap_dx.npy
qata_test_sub-S09953_ses-E18726_run-1_bp-chest_vp-ap_dx,sub-S09953,tripath_lesionnet,1003,0.9371600075038721,0.8817507942131706,3.605551275463989,1.3911444912511024,predictions/masks/qata_test_sub-S09953_ses-E18726_run-1_bp-chest_vp-ap_dx.png,predictions/probabilities/qata_test_sub-S09953_ses-E18726_run-1_bp-chest_vp-ap_dx.npy
qata_test_sub-S09953_ses-E21362_run-1_bp-chest_vp-ap_dx,sub-S09953,tripath_lesionnet,1003,0.7235908142020127,0.5668956493435756,16.297180426713258,4.592224205239253,predictions/masks/qata_test_sub-S09953_ses-E21362_run-1_bp-chest_vp-ap_dx.png,predictions/probabilities/qata_test_sub-S09953_ses-E21362_run-1_bp-chest_vp-ap_dx.npy
qata_test_sub-S09953_ses-E22182_run-1_bp-chest_vp-ap_dx,sub-S09953,tripath_lesionnet,1003,0.9607856892321236,0.9245308491977247,4.0,1.2646510685101744,predictions/masks/qata_test_sub-S09953_ses-E22182_run-1_bp-chest_vp-ap_dx.png,predictions/probabilities/qata_test_sub-S09953_ses-E22182_run-1_bp-chest_vp-ap_dx.npy
qata_test_sub-S09953_ses-E26120_run-1_bp-chest_vp-pa_dx,sub-S09953,tripath_lesionnet,1003,0.700667881001808,0.5392523364629517,23.25478025533801,5.216770243440535,predictions/masks/qata_test_sub-S09953_ses-E26120_run-1_bp-chest_vp-pa_dx.png,predictions/probabilities/qata_test_sub-S09953_ses-E26120_run-1_bp-chest_vp-pa_dx.npy
qata_test_sub-S09953_ses-E27155_run-1_bp-chest_dx,sub-S09953,tripath_lesionnet,1003,0.7472091810146352,0.5964357095337036,30.04328529188478,6.401120389465509,predictions/masks/qata_test_sub-S09953_ses-E27155_run-1_bp-chest_dx.png,predictions/probabilities/qata_test_sub-S09953_ses-E27155_run-1_bp-chest_dx.npy
qata_test_sub-S09955_ses-E18418_run-1_bp-chest_vp-ap_cr,sub-S09955,tripath_lesionnet,1003,0.787309644675449,0.6492256174278266,69.00615909689279,12.836380375110133,predictions/masks/qata_test_sub-S09955_ses-E18418_run-1_bp-chest_vp-ap_cr.png,predictions/probabilities/qata_test_sub-S09955_ses-E18418_run-1_bp-chest_vp-ap_cr.npy
qata_test_sub-S09955_ses-E19985_run-1_bp-chest_vp-ap_cr,sub-S09955,tripath_lesionnet,1003,0.6534653465397744,0.4852941176583561,41.25647028109545,6.106288511061638,predictions/masks/qata_test_sub-S09955_ses-E19985_run-1_bp-chest_vp-ap_cr.png,predictions/probabilities/qata_test_sub-S09955_ses-E19985_run-1_bp-chest_vp-ap_cr.npy
qata_test_sub-S09955_ses-E24707_run-1_bp-chest_vp-pa_dx,sub-S09955,tripath_lesionnet,1003,0.8555217831842853,0.747521246467864,6.708203932499369,2.232643427000017,predictions/masks/qata_test_sub-S09955_ses-E24707_run-1_bp-chest_vp-pa_dx.png,predictions/probabilities/qata_test_sub-S09955_ses-E24707_run-1_bp-chest_vp-pa_dx.npy
qata_test_sub-S09955_ses-E26105_run-1_bp-chest_vp-ap_cr,sub-S09955,tripath_lesionnet,1003,0.4650563607257631,0.3029794377128418,35.13331082885641,7.611498361015947,predictions/masks/qata_test_sub-S09955_ses-E26105_run-1_bp-chest_vp-ap_cr.png,predictions/probabilities/qata_test_sub-S09955_ses-E26105_run-1_bp-chest_vp-ap_cr.npy
qata_test_sub-S09956_ses-E26117_run-1_bp-chest_vp-ap_cr,sub-S09956,tripath_lesionnet,1003,0.5626960652544348,0.39149413819666384,87.6276169338827,31.087383008028176,predictions/masks/qata_test_sub-S09956_ses-E26117_run-1_bp-chest_vp-ap_cr.png,predictions/probabilities/qata_test_sub-S09956_ses-E26117_run-1_bp-chest_vp-ap_cr.npy
qata_test_sub-S09958_ses-E17102_run-1_bp-chest_vp-ap_cr,sub-S09958,tripath_lesionnet,1003,0.6308068459958592,0.46071428577848644,62.66496577488053,10.383380079357488,predictions/masks/qata_test_sub-S09958_ses-E17102_run-1_bp-chest_vp-ap_cr.png,predictions/probabilities/qata_test_sub-S09958_ses-E17102_run-1_bp-chest_vp-ap_cr.npy
qata_test_sub-S09958_ses-E20403_run-1_bp-chest_vp-ap_cr,sub-S09958,tripath_lesionnet,1003,0.8517796697112342,0.7418259782072213,18.29159907601263,3.9674303413557044,predictions/masks/qata_test_sub-S09958_ses-E20403_run-1_bp-chest_vp-ap_cr.png,predictions/probabilities/qata_test_sub-S09958_ses-E20403_run-1_bp-chest_vp-ap_cr.npy
qata_test_sub-S09958_ses-E23115_run-1_bp-chest_vp-ap_cr,sub-S09958,tripath_lesionnet,1003,0.8710462287209209,0.771551724170754,5.0,1.310798873713608,predictions/masks/qata_test_sub-S09958_ses-E23115_run-1_bp-chest_vp-ap_cr.png,predictions/probabilities/qata_test_sub-S09958_ses-E23115_run-1_bp-chest_vp-ap_cr.npy
qata_test_sub-S09960_ses-E17104_run-1_bp-chest_vp-ap_dx,sub-S09960,tripath_lesionnet,1003,0.21141253510410313,0.11820083685082983,59.80799820238553,21.07226170714432,predictions/masks/qata_test_sub-S09960_ses-E17104_run-1_bp-chest_vp-ap_dx.png,predictions/probabilities/qata_test_sub-S09960_ses-E17104_run-1_bp-chest_vp-ap_dx.npy
qata_test_sub-S09960_ses-E22323_run-1_bp-chest_vp-ap_dx,sub-S09960,tripath_lesionnet,1003,0.7700000000076667,0.6260162601828717,14.905929224093352,4.069630903831039,predictions/masks/qata_test_sub-S09960_ses-E22323_run-1_bp-chest_vp-ap_dx.png,predictions/probabilities/qata_test_sub-S09960_ses-E22323_run-1_bp-chest_vp-ap_dx.npy
qata_test_sub-S09962_ses-E24094_run-1_bp-chest_vp-pa_dx,sub-S09962,tripath_lesionnet,1003,0.4292527822166434,0.273279352263498,28.635642126552707,10.897649936616524,predictions/masks/qata_test_sub-S09962_ses-E24094_run-1_bp-chest_vp-pa_dx.png,predictions/probabilities/qata_test_sub-S09962_ses-E24094_run-1_bp-chest_vp-pa_dx.npy
qata_test_sub-S09967_ses-E17114_run-1_bp-chest_vp-ap_dx,sub-S09967,tripath_lesionnet,1003,0.7936328742403066,0.6578701104312583,32.14993464134726,5.070658264560634,predictions/masks/qata_test_sub-S09967_ses-E17114_run-1_bp-chest_vp-ap_dx.png,predictions/probabilities/qata_test_sub-S09967_ses-E17114_run-1_bp-chest_vp-ap_dx.npy
qata_test_sub-S09967_ses-E17291_run-1_bp-chest_vp-ap_dx,sub-S09967,tripath_lesionnet,1003,0.8965196496403649,0.8124473166646186,6.324555320336759,1.5860194931361675,predictions/masks/qata_test_sub-S09967_ses-E17291_run-1_bp-chest_vp-ap_dx.png,predictions/probabilities/qata_test_sub-S09967_ses-E17291_run-1_bp-chest_vp-ap_dx.npy
qata_test_sub-S09967_ses-E17535_run-1_bp-chest_vp-ap_dx,sub-S09967,tripath_lesionnet,1003,0.8386725809114616,0.7221672089443745,13.055586054539372,2.683816613299753,predictions/masks/qata_test_sub-S09967_ses-E17535_run-1_bp-chest_vp-ap_dx.png,predictions/probabilities/qata_test_sub-S09967_ses-E17535_run-1_bp-chest_vp-ap_dx.npy
qata_test_sub-S09967_ses-E18011_run-1_bp-chest_vp-ap_dx,sub-S09967,tripath_lesionnet,1003,0.9459992823829745,0.8975319148953611,3.92111025509278,1.4927857053739826,predictions/masks/qata_test_sub-S09967_ses-E18011_run-1_bp-chest_vp-ap_dx.png,predictions/probabilities/qata_test_sub-S09967_ses-E18011_run-1_bp-chest_vp-ap_dx.npy
qata_test_sub-S09968_ses-E17118_run-1_bp-chest_vp-ap_dx,sub-S09968,tripath_lesionnet,1003,0.7381027418887787,0.5849150849254516,13.0,3.933735157738941,predictions/masks/qata_test_sub-S09968_ses-E17118_run-1_bp-chest_vp-ap_dx.png,predictions/probabilities/qata_test_sub-S09968_ses-E17118_run-1_bp-chest_vp-ap_dx.npy
qata_test_sub-S09969_ses-E17119_acq-1_run-1_bp-chest_vp-pa_dx,sub-S09969,tripath_lesionnet,1003,0.6029645315086563,0.43160287990028035,33.417733818042166,7.0753876061240275,predictions/masks/qata_test_sub-S09969_ses-E17119_acq-1_run-1_bp-chest_vp-pa_dx.png,predictions/probabilities/qata_test_sub-S09969_ses-E17119_acq-1_run-1_bp-chest_vp-pa_dx.npy
qata_test_sub-S09969_ses-E26947_acq-1_run-1_bp-chest_vp-ll_dx,sub-S09969,tripath_lesionnet,1003,0.8741463414658703,0.7764298093665015,9.019384798348097,2.006766494225563,predictions/masks/qata_test_sub-S09969_ses-E26947_acq-1_run-1_bp-chest_vp-ll_dx.png,predictions/probabilities/qata_test_sub-S09969_ses-E26947_acq-1_run-1_bp-chest_vp-ll_dx.npy
qata_test_sub-S09973_ses-E17693_run-1_bp-chest_vp-ap_cr,sub-S09973,tripath_lesionnet,1003,0.7848582841945515,0.6458985598051675,51.57800727985149,8.429087164998359,predictions/masks/qata_test_sub-S09973_ses-E17693_run-1_bp-chest_vp-ap_cr.png,predictions/probabilities/qata_test_sub-S09973_ses-E17693_run-1_bp-chest_vp-ap_cr.npy
qata_test_sub-S09973_ses-E20372_run-1_bp-chest_vp-ap_dx,sub-S09973,tripath_lesionnet,1003,0.6438162544232541,0.47472642002410825,93.24135016564328,18.04877562719156,predictions/masks/qata_test_sub-S09973_ses-E20372_run-1_bp-chest_vp-ap_dx.png,predictions/probabilities/qata_test_sub-S09973_ses-E20372_run-1_bp-chest_vp-ap_dx.npy
qata_test_sub-S09973_ses-E20759_run-1_bp-chest_vp-ap_dx,sub-S09973,tripath_lesionnet,1003,0.8181026979998425,0.692194403539143,59.336642841327304,9.859065617681326,predictions/masks/qata_test_sub-S09973_ses-E20759_run-1_bp-chest_vp-ap_dx.png,predictions/probabilities/qata_test_sub-S09973_ses-E20759_run-1_bp-chest_vp-ap_dx.npy
qata_test_sub-S09974_ses-E17127_run-1_bp-chest_vp-ap_dx,sub-S09974,tripath_lesionnet,1003,0.27959697734293637,0.1625183016280586,144.19604475738709,56.215167934599464,predictions/masks/qata_test_sub-S09974_ses-E17127_run-1_bp-chest_vp-ap_dx.png,predictions/probabilities/qata_test_sub-S09974_ses-E17127_run-1_bp-chest_vp-ap_dx.npy
qata_test_sub-S09974_ses-E19369_run-1_bp-chest_vp-ap_dx,sub-S09974,tripath_lesionnet,1003,0.7876474670386221,0.649685174590016,16.48786235068995,4.8939255448531,predictions/masks/qata_test_sub-S09974_ses-E19369_run-1_bp-chest_vp-ap_dx.png,predictions/probabilities/qata_test_sub-S09974_ses-E19369_run-1_bp-chest_vp-ap_dx.npy
qata_test_sub-S09974_ses-E19952_run-1_bp-chest_vp-ap_dx,sub-S09974,tripath_lesionnet,1003,0.8866197861488622,0.7963315452535675,10.5352261608226,2.428045155861244,predictions/masks/qata_test_sub-S09974_ses-E19952_run-1_bp-chest_vp-ap_dx.png,predictions/probabilities/qata_test_sub-S09974_ses-E19952_run-1_bp-chest_vp-ap_dx.npy
qata_test_sub-S09974_ses-E21086_run-1_bp-chest_vp-ap_dx,sub-S09974,tripath_lesionnet,1003,0.9353146853160988,0.878489326770177,4.47213595499958,1.7120278784520224,predictions/masks/qata_test_sub-S09974_ses-E21086_run-1_bp-chest_vp-ap_dx.png,predictions/probabilities/qata_test_sub-S09974_ses-E21086_run-1_bp-chest_vp-ap_dx.npy
qata_test_sub-S09974_ses-E21787_run-1_bp-chest_vp-ap_dx,sub-S09974,tripath_lesionnet,1003,0.8036653656914362,0.6717730496547014,111.82016676917647,25.768458616263064,predictions/masks/qata_test_sub-S09974_ses-E21787_run-1_bp-chest_vp-ap_dx.png,predictions/probabilities/qata_test_sub-S09974_ses-E21787_run-1_bp-chest_vp-ap_dx.npy
qata_test_sub-S09974_ses-E22933_run-1_bp-chest_vp-ap_dx,sub-S09974,tripath_lesionnet,1003,0.4158415841678974,0.26250000001511276,107.09730025346609,38.443085802860665,predictions/masks/qata_test_sub-S09974_ses-E22933_run-1_bp-chest_vp-ap_dx.png,predictions/probabilities/qata_test_sub-S09974_ses-E22933_run-1_bp-chest_vp-ap_dx.npy
qata_test_sub-S09977_ses-E17132_acq-1_run-1_bp-chest_cr,sub-S09977,tripath_lesionnet,1003,0.8384871257863836,0.7218922358960341,18.9339811320566,3.8064204448029555,predictions/masks/qata_test_sub-S09977_ses-E17132_acq-1_run-1_bp-chest_cr.png,predictions/probabilities/qata_test_sub-S09977_ses-E17132_acq-1_run-1_bp-chest_cr.npy
qata_test_sub-S09977_ses-E27000_acq-1_run-1_bp-chest_cr,sub-S09977,tripath_lesionnet,1003,0.867686331637104,0.7662950257390098,97.01984331369303,17.469334671082045,predictions/masks/qata_test_sub-S09977_ses-E27000_acq-1_run-1_bp-chest_cr.png,predictions/probabilities/qata_test_sub-S09977_ses-E27000_acq-1_run-1_bp-chest_cr.npy
qata_test_sub-S09979_ses-E20936_run-1_bp-chest_vp-ap_cr,sub-S09979,tripath_lesionnet,1003,0.9694094552594503,0.9406349206355489,2.23606797749979,0.7261176902887506,predictions/masks/qata_test_sub-S09979_ses-E20936_run-1_bp-chest_vp-ap_cr.png,predictions/probabilities/qata_test_sub-S09979_ses-E20936_run-1_bp-chest_vp-ap_cr.npy
qata_test_sub-S09979_ses-E21115_run-1_bp-chest_vp-ap_cr,sub-S09979,tripath_lesionnet,1003,0.9779220140631464,0.9567978447035813,1.4142135623730951,0.5418046503152931,predictions/masks/qata_test_sub-S09979_ses-E21115_run-1_bp-chest_vp-ap_cr.png,predictions/probabilities/qata_test_sub-S09979_ses-E21115_run-1_bp-chest_vp-ap_cr.npy
qata_test_sub-S09979_ses-E21817_run-1_bp-chest_vp-ap_cr,sub-S09979,tripath_lesionnet,1003,0.43571217930230227,0.27853709115582487,41.53040668940135,10.64840790277518,predictions/masks/qata_test_sub-S09979_ses-E21817_run-1_bp-chest_vp-ap_cr.png,predictions/probabilities/qata_test_sub-S09979_ses-E21817_run-1_bp-chest_vp-ap_cr.npy
qata_test_sub-S09979_ses-E21899_run-1_bp-chest_vp-ap_cr,sub-S09979,tripath_lesionnet,1003,0.7363062512780226,0.5826619400714579,18.463386863058645,4.10165254817631,predictions/masks/qata_test_sub-S09979_ses-E21899_run-1_bp-chest_vp-ap_cr.png,predictions/probabilities/qata_test_sub-S09979_ses-E21899_run-1_bp-chest_vp-ap_cr.npy
qata_test_sub-S09979_ses-E23599_run-1_bp-chest_vp-ap_cr,sub-S09979,tripath_lesionnet,1003,0.9760682940867293,0.953255269321281,2.0,0.5874600841375104,predictions/masks/qata_test_sub-S09979_ses-E23599_run-1_bp-chest_vp-ap_cr.png,predictions/probabilities/qata_test_sub-S09979_ses-E23599_run-1_bp-chest_vp-ap_cr.npy
qata_test_sub-S09979_ses-E25160_run-1_bp-chest_vp-pa_dx,sub-S09979,tripath_lesionnet,1003,0.5817207502357333,0.4101595298316474,59.0,11.365715958098436,predictions/masks/qata_test_sub-S09979_ses-E25160_run-1_bp-chest_vp-pa_dx.png,predictions/probabilities/qata_test_sub-S09979_ses-E25160_run-1_bp-chest_vp-pa_dx.npy
qata_test_sub-S09981_ses-E24201_acq-1_run-1_bp-chest_vp-pa_cr,sub-S09981,tripath_lesionnet,1003,0.896733691202832,0.8127989444200429,11.0,2.3497768813929634,predictions/masks/qata_test_sub-S09981_ses-E24201_acq-1_run-1_bp-chest_vp-pa_cr.png,predictions/probabilities/qata_test_sub-S09981_ses-E24201_acq-1_run-1_bp-chest_vp-pa_cr.npy
qata_test_sub-S09981_ses-E27017_run-1_bp-chest_cr,sub-S09981,tripath_lesionnet,1003,0.6714529914642239,0.5054040144361603,93.33108608401699,24.4724368380599,predictions/masks/qata_test_sub-S09981_ses-E27017_run-1_bp-chest_cr.png,predictions/probabilities/qata_test_sub-S09981_ses-E27017_run-1_bp-chest_cr.npy
qata_test_sub-S09983_ses-E17157_run-1_bp-chest_vp-ap_dx,sub-S09983,tripath_lesionnet,1003,0.4861172977062195,0.3211063162157492,60.133751019392975,17.16119074877976,predictions/masks/qata_test_sub-S09983_ses-E17157_run-1_bp-chest_vp-ap_dx.png,predictions/probabilities/qata_test_sub-S09983_ses-E17157_run-1_bp-chest_vp-ap_dx.npy
qata_test_sub-S09986_ses-E17165_run-1_bp-chest_cr,sub-S09986,tripath_lesionnet,1003,0.8097560975637877,0.6803278688603992,18.027756377319946,4.863042005290061,predictions/masks/qata_test_sub-S09986_ses-E17165_run-1_bp-chest_cr.png,predictions/probabilities/qata_test_sub-S09986_ses-E17165_run-1_bp-chest_cr.npy
qata_test_sub-S09989_ses-E18086_run-1_bp-chest_vp-ap_dx,sub-S09989,tripath_lesionnet,1003,0.8169868554121481,0.6905982906058462,13.534939600987656,4.508402975046854,predictions/masks/qata_test_sub-S09989_ses-E18086_run-1_bp-chest_vp-ap_dx.png,predictions/probabilities/qata_test_sub-S09989_ses-E18086_run-1_bp-chest_vp-ap_dx.npy
qata_test_sub-S09991_ses-E17177_run-1_bp-chest_vp-ap_dx,sub-S09991,tripath_lesionnet,1003,0.6460531102347744,0.4771628157185834,79.42921376924235,19.87496122920699,predictions/masks/qata_test_sub-S09991_ses-E17177_run-1_bp-chest_vp-ap_dx.png,predictions/probabilities/qata_test_sub-S09991_ses-E17177_run-1_bp-chest_vp-ap_dx.npy
qata_test_sub-S09991_ses-E22950_run-1_bp-chest_vp-ap_dx,sub-S09991,tripath_lesionnet,1003,0.7496439760823229,0.5995444191526405,11.288855765355088,3.2393911541831972,predictions/masks/qata_test_sub-S09991_ses-E22950_run-1_bp-chest_vp-ap_dx.png,predictions/probabilities/qata_test_sub-S09991_ses-E22950_run-1_bp-chest_vp-ap_dx.npy
qata_test_sub-S09992_ses-E24065_run-1_bp-chest_vp-pa_cr,sub-S09992,tripath_lesionnet,1003,0.17561591919294908,0.09626038787422019,126.3210196285638,43.137731249926865,predictions/masks/qata_test_sub-S09992_ses-E24065_run-1_bp-chest_vp-pa_cr.png,predictions/probabilities/qata_test_sub-S09992_ses-E24065_run-1_bp-chest_vp-pa_cr.npy
qata_test_sub-S09992_ses-E25755_run-1_bp-chest_vp-ap_cr,sub-S09992,tripath_lesionnet,1003,0.7544910179804065,0.6057692308113495,8.94427190999916,3.269504987386351,predictions/masks/qata_test_sub-S09992_ses-E25755_run-1_bp-chest_vp-ap_cr.png,predictions/probabilities/qata_test_sub-S09992_ses-E25755_run-1_bp-chest_vp-ap_cr.npy
qata_test_sub-S09993_ses-E17187_run-1_bp-chest_vp-ap_dx,sub-S09993,tripath_lesionnet,1003,0.8875921375932884,0.7979017117651775,10.44030650891055,2.548941565404655,predictions/masks/qata_test_sub-S09993_ses-E17187_run-1_bp-chest_vp-ap_dx.png,predictions/probabilities/qata_test_sub-S09993_ses-E17187_run-1_bp-chest_vp-ap_dx.npy
qata_test_sub-S09993_ses-E22162_run-1_bp-chest_vp-ap_dx,sub-S09993,tripath_lesionnet,1003,0.9422513359770536,0.8908083441999542,4.123105625617661,1.2749187106037767,predictions/masks/qata_test_sub-S09993_ses-E22162_run-1_bp-chest_vp-ap_dx.png,predictions/probabilities/qata_test_sub-S09993_ses-E22162_run-1_bp-chest_vp-ap_dx.npy
qata_test_sub-S09993_ses-E23110_run-1_bp-chest_vp-ap_dx,sub-S09993,tripath_lesionnet,1003,0.939139784946891,0.8852625177400109,3.0,1.1005100218041153,predictions/masks/qata_test_sub-S09993_ses-E23110_run-1_bp-chest_vp-ap_dx.png,predictions/probabilities/qata_test_sub-S09993_ses-E23110_run-1_bp-chest_vp-ap_dx.npy
qata_test_sub-S09993_ses-E23292_run-1_bp-chest_vp-pa_dx,sub-S09993,tripath_lesionnet,1003,0.6893074299319397,0.5259108395671892,23.769728648009426,5.953251474924348,predictions/masks/qata_test_sub-S09993_ses-E23292_run-1_bp-chest_vp-pa_dx.png,predictions/probabilities/qata_test_sub-S09993_ses-E23292_run-1_bp-chest_vp-pa_dx.npy
qata_test_sub-S09994_ses-E17188_run-1_bp-chest_vp-ap_dx,sub-S09994,tripath_lesionnet,1003,0.9643769448703526,0.9312045923407373,3.0,0.9993484303887943,predictions/masks/qata_test_sub-S09994_ses-E17188_run-1_bp-chest_vp-ap_dx.png,predictions/probabilities/qata_test_sub-S09994_ses-E17188_run-1_bp-chest_vp-ap_dx.npy
qata_test_sub-S09994_ses-E18945_run-1_bp-chest_vp-ap_dx,sub-S09994,tripath_lesionnet,1003,0.9746205733559249,0.9504974919829743,2.23606797749979,0.7248350525632242,predictions/masks/qata_test_sub-S09994_ses-E18945_run-1_bp-chest_vp-ap_dx.png,predictions/probabilities/qata_test_sub-S09994_ses-E18945_run-1_bp-chest_vp-ap_dx.npy
qata_test_sub-S09994_ses-E18947_run-1_bp-chest_vp-ap_dx,sub-S09994,tripath_lesionnet,1003,0.975101102212453,0.951411992263432,2.0,0.707490335081144,predictions/masks/qata_test_sub-S09994_ses-E18947_run-1_bp-chest_vp-ap_dx.png,predictions/probabilities/qata_test_sub-S09994_ses-E18947_run-1_bp-chest_vp-ap_dx.npy
qata_test_sub-S09994_ses-E19119_run-1_bp-chest_vp-ap_dx,sub-S09994,tripath_lesionnet,1003,0.9642650183505685,0.9309958970539818,3.0,1.0495765480980854,predictions/masks/qata_test_sub-S09994_ses-E19119_run-1_bp-chest_vp-ap_dx.png,predictions/probabilities/qata_test_sub-S09994_ses-E19119_run-1_bp-chest_vp-ap_dx.npy
qata_test_sub-S09994_ses-E19829_run-1_bp-chest_cr,sub-S09994,tripath_lesionnet,1003,0.8395155185477705,0.7234181343806468,15.342481771874649,3.5916029218363437,predictions/masks/qata_test_sub-S09994_ses-E19829_run-1_bp-chest_cr.png,predictions/probabilities/qata_test_sub-S09994_ses-E19829_run-1_bp-chest_cr.npy
qata_test_sub-S09994_ses-E21663_run-1_bp-chest_vp-ap_dx,sub-S09994,tripath_lesionnet,1003,0.9679623669226642,0.9379138278482112,2.23606797749979,0.8688472771441259,predictions/masks/qata_test_sub-S09994_ses-E21663_run-1_bp-chest_vp-ap_dx.png,predictions/probabilities/qata_test_sub-S09994_ses-E21663_run-1_bp-chest_vp-ap_dx.npy
qata_test_sub-S09994_ses-E22010_run-1_bp-chest_vp-ap_dx,sub-S09994,tripath_lesionnet,1003,0.9660456353361271,0.9343213475871857,3.605551275463989,1.0863889841639136,predictions/masks/qata_test_sub-S09994_ses-E22010_run-1_bp-chest_vp-ap_dx.png,predictions/probabilities/qata_test_sub-S09994_ses-E22010_run-1_bp-chest_vp-ap_dx.npy
qata_test_sub-S09994_ses-E23306_run-1_bp-chest_vp-ap_dx,sub-S09994,tripath_lesionnet,1003,0.9682070240297218,0.9383733428884058,3.605551275463989,0.9180439028304782,predictions/masks/qata_test_sub-S09994_ses-E23306_run-1_bp-chest_vp-ap_dx.png,predictions/probabilities/qata_test_sub-S09994_ses-E23306_run-1_bp-chest_vp-ap_dx.npy
qata_test_sub-S09994_ses-E24497_run-1_bp-chest_vp-pa_dx,sub-S09994,tripath_lesionnet,1003,0.9682194166305604,0.9383966244732237,3.1622776601683795,0.8564863546830515,predictions/masks/qata_test_sub-S09994_ses-E24497_run-1_bp-chest_vp-pa_dx.png,predictions/probabilities/qata_test_sub-S09994_ses-E24497_run-1_bp-chest_vp-pa_dx.npy
qata_test_sub-S09994_ses-E25178_run-1_bp-chest_vp-ap_dx,sub-S09994,tripath_lesionnet,1003,0.9733125458548546,0.9480125055833138,2.0,0.7182256475585211,predictions/masks/qata_test_sub-S09994_ses-E25178_run-1_bp-chest_vp-ap_dx.png,predictions/probabilities/qata_test_sub-S09994_ses-E25178_run-1_bp-chest_vp-ap_dx.npy
qata_test_sub-S09995_ses-E17192_run-1_bp-chest_vp-ap_dx,sub-S09995,tripath_lesionnet,1003,0.7703306523784482,0.6264534883992402,91.95323025655321,13.621380425975099,predictions/masks/qata_test_sub-S09995_ses-E17192_run-1_bp-chest_vp-ap_dx.png,predictions/probabilities/qata_test_sub-S09995_ses-E17192_run-1_bp-chest_vp-ap_dx.npy
qata_test_sub-S09995_ses-E19431_run-1_bp-chest_vp-ap_dx,sub-S09995,tripath_lesionnet,1003,0.8954878519099934,0.810754189947438,13.834249293306918,2.942465218216888,predictions/masks/qata_test_sub-S09995_ses-E19431_run-1_bp-chest_vp-ap_dx.png,predictions/probabilities/qata_test_sub-S09995_ses-E19431_run-1_bp-chest_vp-ap_dx.npy
qata_test_sub-S09995_ses-E26500_run-1_bp-chest_vp-pa_dx,sub-S09995,tripath_lesionnet,1003,0.8386666666774222,0.7221584386082481,10.620653847543444,2.0994067113356016,predictions/masks/qata_test_sub-S09995_ses-E26500_run-1_bp-chest_vp-pa_dx.png,predictions/probabilities/qata_test_sub-S09995_ses-E26500_run-1_bp-chest_vp-pa_dx.npy
qata_test_sub-S09998_ses-E18991_run-1_bp-chest_vp-ap_cr,sub-S09998,tripath_lesionnet,1003,0.7681401167736389,0.623561272875859,15.332205613739445,3.3743791208174727,predictions/masks/qata_test_sub-S09998_ses-E18991_run-1_bp-chest_vp-ap_cr.png,predictions/probabilities/qata_test_sub-S09998_ses-E18991_run-1_bp-chest_vp-ap_cr.npy
qata_test_sub-S09998_ses-E19446_run-1_bp-chest_vp-ap_dx,sub-S09998,tripath_lesionnet,1003,0.8395960544875575,0.7235377454012641,19.482283247301602,3.533731199846725,predictions/masks/qata_test_sub-S09998_ses-E19446_run-1_bp-chest_vp-ap_dx.png,predictions/probabilities/qata_test_sub-S09998_ses-E19446_run-1_bp-chest_vp-ap_dx.npy
qata_test_sub-S09998_ses-E19689_run-1_bp-chest_vp-ap_dx,sub-S09998,tripath_lesionnet,1003,0.8110888825432669,0.6822115384768168,10.75631123411557,3.8315232610221552,predictions/masks/qata_test_sub-S09998_ses-E19689_run-1_bp-chest_vp-ap_dx.png,predictions/probabilities/qata_test_sub-S09998_ses-E19689_run-1_bp-chest_vp-ap_dx.npy
qata_test_sub-S09998_ses-E22632_run-1_bp-chest_vp-ap_cr,sub-S09998,tripath_lesionnet,1003,0.9026023937641089,0.8224934961012108,6.082762530298219,1.8376165320142221,predictions/masks/qata_test_sub-S09998_ses-E22632_run-1_bp-chest_vp-ap_cr.png,predictions/probabilities/qata_test_sub-S09998_ses-E22632_run-1_bp-chest_vp-ap_cr.npy
qata_test_sub-S09999_ses-E17197_run-1_bp-chest_vp-ap_dx,sub-S09999,tripath_lesionnet,1003,0.16650898772732547,0.0908152735090879,79.89430265714196,33.65069884784632,predictions/masks/qata_test_sub-S09999_ses-E17197_run-1_bp-chest_vp-ap_dx.png,predictions/probabilities/qata_test_sub-S09999_ses-E17197_run-1_bp-chest_vp-ap_dx.npy
qata_test_sub-S09999_ses-E19482_run-1_bp-chest_vp-pa_dx,sub-S09999,tripath_lesionnet,1003,0.41248122810925275,0.25982762246668434,93.28956623776138,25.972024657865294,predictions/masks/qata_test_sub-S09999_ses-E19482_run-1_bp-chest_vp-pa_dx.png,predictions/probabilities/qata_test_sub-S09999_ses-E19482_run-1_bp-chest_vp-pa_dx.npy
qata_test_sub-S09999_ses-E22844_run-1_bp-chest_vp-ap_dx,sub-S09999,tripath_lesionnet,1003,0.9048884165787401,0.8262979136362651,9.219544457292887,2.218446360213163,predictions/masks/qata_test_sub-S09999_ses-E22844_run-1_bp-chest_vp-ap_dx.png,predictions/probabilities/qata_test_sub-S09999_ses-E22844_run-1_bp-chest_vp-ap_dx.npy
qata_test_sub-S09999_ses-E23145_run-1_bp-chest_vp-ap_dx,sub-S09999,tripath_lesionnet,1003,0.906213921902165,0.8285111138727367,8.92717457785127,2.0371212965303007,predictions/masks/qata_test_sub-S09999_ses-E23145_run-1_bp-chest_vp-ap_dx.png,predictions/probabilities/qata_test_sub-S09999_ses-E23145_run-1_bp-chest_vp-ap_dx.npy
qata_test_sub-S10000_ses-E25580_run-1_bp-chest_vp-ap_dx,sub-S10000,tripath_lesionnet,1003,0.6805891404718374,0.5158280573174553,60.804193863411356,12.693989533479527,predictions/masks/qata_test_sub-S10000_ses-E25580_run-1_bp-chest_vp-ap_dx.png,predictions/probabilities/qata_test_sub-S10000_ses-E25580_run-1_bp-chest_vp-ap_dx.npy
qata_test_sub-S10005_ses-E19020_run-1_bp-chest_vp-ap_dx,sub-S10005,tripath_lesionnet,1003,0.9157923422815384,0.8446650747788782,8.0,2.027895504851402,predictions/masks/qata_test_sub-S10005_ses-E19020_run-1_bp-chest_vp-ap_dx.png,predictions/probabilities/qata_test_sub-S10005_ses-E19020_run-1_bp-chest_vp-ap_dx.npy
qata_test_sub-S10005_ses-E19504_run-1_bp-chest_vp-ap_dx,sub-S10005,tripath_lesionnet,1003,0.9556677666893735,0.9150993680049105,5.0,1.4268008346433998,predictions/masks/qata_test_sub-S10005_ses-E19504_run-1_bp-chest_vp-ap_dx.png,predictions/probabilities/qata_test_sub-S10005_ses-E19504_run-1_bp-chest_vp-ap_dx.npy
qata_test_sub-S10005_ses-E19884_run-1_bp-chest_vp-ap_dx,sub-S10005,tripath_lesionnet,1003,0.9145000426224767,0.8424689806828768,22.070320087725726,3.6333600561950923,predictions/masks/qata_test_sub-S10005_ses-E19884_run-1_bp-chest_vp-ap_dx.png,predictions/probabilities/qata_test_sub-S10005_ses-E19884_run-1_bp-chest_vp-ap_dx.npy
qata_test_sub-S10005_ses-E23869_acq-1_run-1_bp-chest_vp-ll_dx,sub-S10005,tripath_lesionnet,1003,0.5896445131428433,0.41808219179145056,24.708291991269192,6.4274340665986065,predictions/masks/qata_test_sub-S10005_ses-E23869_acq-1_run-1_bp-chest_vp-ll_dx.png,predictions/probabilities/qata_test_sub-S10005_ses-E23869_acq-1_run-1_bp-chest_vp-ll_dx.npy
qata_test_sub-S10008_ses-E19470_run-1_bp-chest_vp-ap_dx,sub-S10008,tripath_lesionnet,1003,0.3378267669670229,0.20324401828834798,113.59665486668305,30.276299562239217,predictions/masks/qata_test_sub-S10008_ses-E19470_run-1_bp-chest_vp-ap_dx.png,predictions/probabilities/qata_test_sub-S10008_ses-E19470_run-1_bp-chest_vp-ap_dx.npy
qata_test_sub-S10009_ses-E23383_run-1_bp-chest_vp-pa_dx,sub-S10009,tripath_lesionnet,1003,0.8567923949730636,0.7494635193200251,10.198039027185569,2.885636842629685,predictions/masks/qata_test_sub-S10009_ses-E23383_run-1_bp-chest_vp-pa_dx.png,predictions/probabilities/qata_test_sub-S10009_ses-E23383_run-1_bp-chest_vp-pa_dx.npy
qata_test_sub-S10009_ses-E24991_run-1_bp-chest_vp-pa_dx,sub-S10009,tripath_lesionnet,1003,0.6030473135684424,0.4316877153024289,102.0632178340485,35.45474585549534,predictions/masks/qata_test_sub-S10009_ses-E24991_run-1_bp-chest_vp-pa_dx.png,predictions/probabilities/qata_test_sub-S10009_ses-E24991_run-1_bp-chest_vp-pa_dx.npy
qata_test_sub-S10011_ses-E17215_run-1_bp-chest_dx,sub-S10011,tripath_lesionnet,1003,0.8559706062470547,0.7482068301065388,15.0,3.0441568070681266,predictions/masks/qata_test_sub-S10011_ses-E17215_run-1_bp-chest_dx.png,predictions/probabilities/qata_test_sub-S10011_ses-E17215_run-1_bp-chest_dx.npy
qata_test_sub-S10012_ses-E25442_run-1_bp-chest_vp-pa_cr,sub-S10012,tripath_lesionnet,1003,0.964276193015434,0.9310167310176188,2.23606797749979,0.832208002636209,predictions/masks/qata_test_sub-S10012_ses-E25442_run-1_bp-chest_vp-pa_cr.png,predictions/probabilities/qata_test_sub-S10012_ses-E25442_run-1_bp-chest_vp-pa_cr.npy
qata_test_sub-S10012_ses-E25602_run-1_bp-chest_vp-ap_dx,sub-S10012,tripath_lesionnet,1003,0.9723035952065758,0.9461000259141474,2.0,0.6152271268956672,predictions/masks/qata_test_sub-S10012_ses-E25602_run-1_bp-chest_vp-ap_dx.png,predictions/probabilities/qata_test_sub-S10012_ses-E25602_run-1_bp-chest_vp-ap_dx.npy
qata_test_sub-S10013_ses-E20085_run-1_bp-chest_vp-ap_cr,sub-S10013,tripath_lesionnet,1003,0.9664684078961601,0.9351125938292725,2.0,0.6875943892723612,predictions/masks/qata_test_sub-S10013_ses-E20085_run-1_bp-chest_vp-ap_cr.png,predictions/probabilities/qata_test_sub-S10013_ses-E20085_run-1_bp-chest_vp-ap_cr.npy
qata_test_sub-S10013_ses-E20488_run-1_bp-chest_vp-ap_cr,sub-S10013,tripath_lesionnet,1003,0.9617461051985058,0.9263110979063095,2.0,0.7978143645219297,predictions/masks/qata_test_sub-S10013_ses-E20488_run-1_bp-chest_vp-ap_cr.png,predictions/probabilities/qata_test_sub-S10013_ses-E20488_run-1_bp-chest_vp-ap_cr.npy
qata_test_sub-S10013_ses-E22084_run-1_bp-chest_vp-pa_cr,sub-S10013,tripath_lesionnet,1003,0.5956126745048612,0.42410855161173533,49.0,9.208395471587723,predictions/masks/qata_test_sub-S10013_ses-E22084_run-1_bp-chest_vp-pa_cr.png,predictions/probabilities/qata_test_sub-S10013_ses-E22084_run-1_bp-chest_vp-pa_cr.npy
qata_test_sub-S10013_ses-E22426_run-1_bp-chest_vp-ap_cr,sub-S10013,tripath_lesionnet,1003,0.9491639358041412,0.9032464417095275,2.8284271247461903,1.055932524638263,predictions/masks/qata_test_sub-S10013_ses-E22426_run-1_bp-chest_vp-ap_cr.png,predictions/probabilities/qata_test_sub-S10013_ses-E22426_run-1_bp-chest_vp-ap_cr.npy
qata_test_sub-S10013_ses-E23444_run-1_bp-chest_vp-ap_cr,sub-S10013,tripath_lesionnet,1003,0.9627651683729211,0.9282036613282579,2.413775721673683,0.8385882544920995,predictions/masks/qata_test_sub-S10013_ses-E23444_run-1_bp-chest_vp-ap_cr.png,predictions/probabilities/qata_test_sub-S10013_ses-E23444_run-1_bp-chest_vp-ap_cr.npy
qata_test_sub-S10013_ses-E26372_run-1_bp-chest_vp-ap_cr,sub-S10013,tripath_lesionnet,1003,0.9431372549023896,0.8923933209662852,3.664718584144337,1.3184967503269776,predictions/masks/qata_test_sub-S10013_ses-E26372_run-1_bp-chest_vp-ap_cr.png,predictions/probabilities/qata_test_sub-S10013_ses-E26372_run-1_bp-chest_vp-ap_cr.npy
qata_test_sub-S10013_ses-E26373_run-1_bp-chest_vp-ap_cr,sub-S10013,tripath_lesionnet,1003,0.9448868663889212,0.8955313286223129,5.0,1.310715518323886,predictions/masks/qata_test_sub-S10013_ses-E26373_run-1_bp-chest_vp-ap_cr.png,predictions/probabilities/qata_test_sub-S10013_ses-E26373_run-1_bp-chest_vp-ap_cr.npy
qata_test_sub-S10015_ses-E25056_run-1_bp-chest_vp-pa_cr,sub-S10015,tripath_lesionnet,1003,0.9123024480969227,0.838746438755627,5.385164807134504,1.482876275045586,predictions/masks/qata_test_sub-S10015_ses-E25056_run-1_bp-chest_vp-pa_cr.png,predictions/probabilities/qata_test_sub-S10015_ses-E25056_run-1_bp-chest_vp-pa_cr.npy
qata_test_sub-S10019_ses-E19307_run-1_bp-chest_vp-ap_cr,sub-S10019,tripath_lesionnet,1003,0.9781155811821163,0.9571685047451726,2.0,0.6285964217792712,predictions/masks/qata_test_sub-S10019_ses-E19307_run-1_bp-chest_vp-ap_cr.png,predictions/probabilities/qata_test_sub-S10019_ses-E19307_run-1_bp-chest_vp-ap_cr.npy
qata_test_sub-S10019_ses-E25650_run-1_bp-chest_vp-pa_dx,sub-S10019,tripath_lesionnet,1003,0.8694679661308601,0.769078575472892,7.810249675906654,2.012679533371156,predictions/masks/qata_test_sub-S10019_ses-E25650_run-1_bp-chest_vp-pa_dx.png,predictions/probabilities/qata_test_sub-S10019_ses-E25650_run-1_bp-chest_vp-pa_dx.npy
qata_test_sub-S10020_ses-E17231_run-1_bp-chest_vp-pa_cr,sub-S10020,tripath_lesionnet,1003,0.8145800317104136,0.6871657754428923,8.48528137423857,1.9568638969672774,predictions/masks/qata_test_sub-S10020_ses-E17231_run-1_bp-chest_vp-pa_cr.png,predictions/probabilities/qata_test_sub-S10020_ses-E17231_run-1_bp-chest_vp-pa_cr.npy
qata_test_sub-S10023_ses-E19360_run-1_bp-chest_vp-ap_cr,sub-S10023,tripath_lesionnet,1003,0.9562937666012753,0.916248016922817,4.47213595499958,1.3987737329643317,predictions/masks/qata_test_sub-S10023_ses-E19360_run-1_bp-chest_vp-ap_cr.png,predictions/probabilities/qata_test_sub-S10023_ses-E19360_run-1_bp-chest_vp-ap_cr.npy
qata_test_sub-S10023_ses-E22543_run-1_bp-chest_vp-ap_dx,sub-S10023,tripath_lesionnet,1003,0.9671198229530228,0.9363330272426054,3.0,1.009236413318497,predictions/masks/qata_test_sub-S10023_ses-E22543_run-1_bp-chest_vp-ap_dx.png,predictions/probabilities/qata_test_sub-S10023_ses-E22543_run-1_bp-chest_vp-ap_dx.npy
qata_test_sub-S10023_ses-E25707_run-1_bp-chest_vp-pa_dx,sub-S10023,tripath_lesionnet,1003,0.6436233611512987,0.4745166959732128,96.33676956308338,15.980078597734858,predictions/masks/qata_test_sub-S10023_ses-E25707_run-1_bp-chest_vp-pa_dx.png,predictions/probabilities/qata_test_sub-S10023_ses-E25707_run-1_bp-chest_vp-pa_dx.npy
qata_test_sub-S10024_ses-E17235_run-1_bp-chest_vp-pa_dx,sub-S10024,tripath_lesionnet,1003,0.898872445385855,0.8163200000058778,9.153681120105006,1.9489494331017094,predictions/masks/qata_test_sub-S10024_ses-E17235_run-1_bp-chest_vp-pa_dx.png,predictions/probabilities/qata_test_sub-S10024_ses-E17235_run-1_bp-chest_vp-pa_dx.npy
qata_test_sub-S10024_ses-E19091_run-2_bp-chest_vp-ap_dx,sub-S10024,tripath_lesionnet,1003,0.966636404902532,0.9354271908636399,4.0,1.1496168450852027,predictions/masks/qata_test_sub-S10024_ses-E19091_run-2_bp-chest_vp-ap_dx.png,predictions/probabilities/qata_test_sub-S10024_ses-E19091_run-2_bp-chest_vp-ap_dx.npy
qata_test_sub-S10024_ses-E20587_run-1_bp-chest_vp-ap_dx,sub-S10024,tripath_lesionnet,1003,0.8165747191244853,0.69000952770049,19.77854055336743,3.327094133023989,predictions/masks/qata_test_sub-S10024_ses-E20587_run-1_bp-chest_vp-ap_dx.png,predictions/probabilities/qata_test_sub-S10024_ses-E20587_run-1_bp-chest_vp-ap_dx.npy
qata_test_sub-S10024_ses-E24000_run-1_bp-chest_vp-ap_dx,sub-S10024,tripath_lesionnet,1003,0.8710509348828006,0.7715591090870486,7.9362537121026016,1.8356926492585284,predictions/masks/qata_test_sub-S10024_ses-E24000_run-1_bp-chest_vp-ap_dx.png,predictions/probabilities/qata_test_sub-S10024_ses-E24000_run-1_bp-chest_vp-ap_dx.npy
qata_test_sub-S10027_ses-E19320_run-1_bp-chest_vp-ap_dx,sub-S10027,tripath_lesionnet,1003,0.25869993436445504,0.14856711918745977,130.38980017229582,51.19396625585826,predictions/masks/qata_test_sub-S10027_ses-E19320_run-1_bp-chest_vp-ap_dx.png,predictions/probabilities/qata_test_sub-S10027_ses-E19320_run-1_bp-chest_vp-ap_dx.npy
qata_test_sub-S10029_ses-E17250_run-1_bp-chest_vp-pa_dx,sub-S10029,tripath_lesionnet,1003,0.7037331215367859,0.5428921568907541,99.22568184455265,24.99342624948539,predictions/masks/qata_test_sub-S10029_ses-E17250_run-1_bp-chest_vp-pa_dx.png,predictions/probabilities/qata_test_sub-S10029_ses-E17250_run-1_bp-chest_vp-pa_dx.npy
qata_test_sub-S10029_ses-E17802_run-1_bp-chest_vp-pa_dx,sub-S10029,tripath_lesionnet,1003,0.8138620936115091,0.68614457833216,108.01851693112621,22.269389292142034,predictions/masks/qata_test_sub-S10029_ses-E17802_run-1_bp-chest_vp-pa_dx.png,predictions/probabilities/qata_test_sub-S10029_ses-E17802_run-1_bp-chest_vp-pa_dx.npy
qata_test_sub-S10032_ses-E25750_run-1_bp-chest_vp-pa_cr,sub-S10032,tripath_lesionnet,1003,0.46839546192324966,0.3058201058384704,97.46562023217672,29.757907985488124,predictions/masks/qata_test_sub-S10032_ses-E25750_run-1_bp-chest_vp-pa_cr.png,predictions/probabilities/qata_test_sub-S10032_ses-E25750_run-1_bp-chest_vp-pa_cr.npy
qata_test_sub-S10036_ses-E25397_run-1_bp-chest_vp-ap_cr,sub-S10036,tripath_lesionnet,1003,0.8525252525312111,0.7429577464969748,102.50366438638699,8.30571544314907,predictions/masks/qata_test_sub-S10036_ses-E25397_run-1_bp-chest_vp-ap_cr.png,predictions/probabilities/qata_test_sub-S10036_ses-E25397_run-1_bp-chest_vp-ap_cr.npy
qata_test_sub-S10036_ses-E26543_run-1_bp-chest_vp-ap_cr,sub-S10036,tripath_lesionnet,1003,0.46353322529329133,0.30168776372944944,43.19831833007968,9.448299794545232,predictions/masks/qata_test_sub-S10036_ses-E26543_run-1_bp-chest_vp-ap_cr.png,predictions/probabilities/qata_test_sub-S10036_ses-E26543_run-1_bp-chest_vp-ap_cr.npy
