sample_id,source_id,probability_path,prediction_path,dice,miou,hd95,assd
mosmed_test_Jun_coronacases_case8_246,Jun_coronacases_case8,probabilities/mosmed_test_Jun_coronacases_case8_246.npy,masks/mosmed_test_Jun_coronacases_case8_246.png,0.8139534884153596,0.6862745099269512,1.6778174593051958,0.6900201473936882
mosmed_test_Jun_coronacases_case1_226,Jun_coronacases_case1,probabilities/mosmed_test_Jun_coronacases_case1_226.npy,masks/mosmed_test_Jun_coronacases_case1_226.png,0.7272727273805246,0.5714285716947648,145.38225476308997,13.007195686592816
mosmed_test_Jun_radiopaedia_4_85506_1_case19_8,Jun_radiopaedia_4_85506_1_case19,probabilities/mosmed_test_Jun_radiopaedia_4_85506_1_case19_8.npy,masks/mosmed_test_Jun_radiopaedia_4_85506_1_case19_8.png,0.8174111509648286,0.6912048525036889,23.236611789363874,3.676510501427511
mosmed_test_Jun_coronacases_case8_200,Jun_coronacases_case8,probabilities/mosmed_test_Jun_coronacases_case8_200.npy,masks/mosmed_test_Jun_coronacases_case8_200.png,0.7745415318474065,0.6320422535859082,4.123105625617661,1.0357172459879613
mosmed_test_Jun_coronacases_case7_148,Jun_coronacases_case7,probabilities/mosmed_test_Jun_coronacases_case7_148.npy,masks/mosmed_test_Jun_coronacases_case7_148.png,0.9192307692346525,0.8505338078424791,2.0,0.6070900206907184
mosmed_test_Morozov_study_0264_27,Morozov_study_0264,probabilities/mosmed_test_Morozov_study_0264_27.npy,masks/mosmed_test_Morozov_study_0264_27.png,0.687285223394563,0.5235602094864451,7.042640687119287,1.8804171595233694
mosmed_test_Morozov_study_0274_10,Morozov_study_0274,probabilities/mosmed_test_Morozov_study_0274_10.npy,masks/mosmed_test_Morozov_study_0274_10.png,0.7378763866961053,0.5846308387953475,12.175714651409256,3.4253994125277076
mosmed_test_Jun_coronacases_case8_211,Jun_coronacases_case8,probabilities/mosmed_test_Jun_coronacases_case8_211.npy,masks/mosmed_test_Jun_coronacases_case8_211.png,0.851485148533232,0.7413793104005648,14.795196766358933,1.8005241985506426
mosmed_test_Jun_coronacases_case7_88,Jun_coronacases_case7,probabilities/mosmed_test_Jun_coronacases_case7_88.npy,masks/mosmed_test_Jun_coronacases_case7_88.png,0.7920133111653899,0.6556473829675418,5.0,1.6779248018196213
mosmed_test_Jun_coronacases_case8_137,Jun_coronacases_case8,probabilities/mosmed_test_Jun_coronacases_case8_137.npy,masks/mosmed_test_Jun_coronacases_case8_137.png,0.9172083475895106,0.8470774091675489,4.47213595499958,1.0898230374888436
mosmed_test_Jun_radiopaedia_7_85703_0_case20_9,Jun_radiopaedia_7_85703_0_case20,probabilities/mosmed_test_Jun_radiopaedia_7_85703_0_case20_9.npy,masks/mosmed_test_Jun_radiopaedia_7_85703_0_case20_9.png,0.7929411764787083,0.6569200779950018,7.141085181396727,2.152678914676307
mosmed_test_Morozov_study_0262_11,Morozov_study_0262,probabilities/mosmed_test_Morozov_study_0262_11.npy,masks/mosmed_test_Morozov_study_0262_11.png,0.5965996909017723,0.4251101322007995,105.11898020814318,28.54529466640905
mosmed_test_Jun_coronacases_case4_119,Jun_coronacases_case4,probabilities/mosmed_test_Jun_coronacases_case4_119.npy,masks/mosmed_test_Jun_coronacases_case4_119.png,0.8094373865871654,0.6798780488292869,6.72982212813468,1.4622962687850682
mosmed_test_Jun_radiopaedia_7_85703_0_case20_33,Jun_radiopaedia_7_85703_0_case20,probabilities/mosmed_test_Jun_radiopaedia_7_85703_0_case20_33.npy,masks/mosmed_test_Jun_radiopaedia_7_85703_0_case20_33.png,0.9444762449917317,0.8947939262484296,3.605551275463989,1.2345973869487425
mosmed_test_Jun_radiopaedia_40_86625_0_case18_54,Jun_radiopaedia_40_86625_0_case18,probabilities/mosmed_test_Jun_radiopaedia_40_86625_0_case18_54.npy,masks/mosmed_test_Jun_radiopaedia_40_86625_0_case18_54.png,0.8776127488606491,0.7819161773004432,7.0710678118654755,1.7625801810593291
mosmed_test_Morozov_study_0268_9,Morozov_study_0268,probabilities/mosmed_test_Morozov_study_0268_9.npy,masks/mosmed_test_Morozov_study_0268_9.png,0.392092257101797,0.24385245917134168,72.80312760192112,21.140367344420326
mosmed_test_Jun_radiopaedia_7_85703_0_case20_19,Jun_radiopaedia_7_85703_0_case20,probabilities/mosmed_test_Jun_radiopaedia_7_85703_0_case20_19.npy,masks/mosmed_test_Jun_radiopaedia_7_85703_0_case20_19.png,0.8608843537438625,0.7557479844802703,6.0,1.9091356910319535
mosmed_test_Jun_coronacases_case9_161,Jun_coronacases_case9,probabilities/mosmed_test_Jun_coronacases_case9_161.npy,masks/mosmed_test_Jun_coronacases_case9_161.png,0.6542404473761192,0.4861495845587051,27.849587696821374,4.246795689973597
mosmed_test_Morozov_study_0292_20,Morozov_study_0292,probabilities/mosmed_test_Morozov_study_0292_20.npy,masks/mosmed_test_Morozov_study_0292_20.png,0.8747600767784367,0.7773987206917955,22.790953002417318,5.1609434720349725
mosmed_test_Morozov_study_0258_21,Morozov_study_0258,probabilities/mosmed_test_Morozov_study_0258_21.npy,masks/mosmed_test_Morozov_study_0258_21.png,0.875744342998184,0.7789548022754975,118.4811870041407,12.226104642045623
mosmed_test_Jun_coronacases_case3_151,Jun_coronacases_case3,probabilities/mosmed_test_Jun_coronacases_case3_151.npy,masks/mosmed_test_Jun_coronacases_case3_151.png,0.8914342629500094,0.8041329739501607,4.380337847847441,1.3675479014310232
mosmed_test_Morozov_study_0256_15,Morozov_study_0256,probabilities/mosmed_test_Morozov_study_0256_15.npy,masks/mosmed_test_Morozov_study_0256_15.png,4.761904739229025e-09,4.761904739229025e-09,543.0580079512685,543.0580079512685
mosmed_test_Jun_coronacases_case3_102,Jun_coronacases_case3,probabilities/mosmed_test_Jun_coronacases_case3_102.npy,masks/mosmed_test_Jun_coronacases_case3_102.png,0.9437971213162909,0.8935756002607228,6.391338899868428,1.6205758921276565
mosmed_test_Jun_coronacases_case7_96,Jun_coronacases_case7,probabilities/mosmed_test_Jun_coronacases_case7_96.npy,masks/mosmed_test_Jun_coronacases_case7_96.png,0.9056875449997953,0.8276315789587084,2.8284271247461903,0.9567226680626187
mosmed_test_Morozov_study_0292_24,Morozov_study_0292,probabilities/mosmed_test_Morozov_study_0292_24.npy,masks/mosmed_test_Morozov_study_0292_24.png,0.5628140704249893,0.3916083917502078,41.966034394869716,10.331297662954563
mosmed_test_Morozov_study_0258_20,Morozov_study_0258,probabilities/mosmed_test_Morozov_study_0258_20.npy,masks/mosmed_test_Morozov_study_0258_20.png,0.9086802194285679,0.8326434062783771,3.1622776601683795,1.0742204294129922
mosmed_test_Morozov_study_0273_15,Morozov_study_0273,probabilities/mosmed_test_Morozov_study_0273_15.npy,masks/mosmed_test_Morozov_study_0273_15.png,0.8600288600490579,0.754430379809005,5.656854249492381,1.175455555440982
mosmed_test_Jun_coronacases_case4_75,Jun_coronacases_case4,probabilities/mosmed_test_Jun_coronacases_case4_75.npy,masks/mosmed_test_Jun_coronacases_case4_75.png,0.7601246106105821,0.6130653266817757,4.0,1.5707922859820707
mosmed_test_Jun_coronacases_case6_65,Jun_coronacases_case6,probabilities/mosmed_test_Jun_coronacases_case6_65.npy,masks/mosmed_test_Jun_coronacases_case6_65.png,0.8315177923082238,0.7116221255617389,4.47213595499958,1.5939304242346013
mosmed_test_Jun_radiopaedia_40_86625_0_case18_48,Jun_radiopaedia_40_86625_0_case18,probabilities/mosmed_test_Jun_radiopaedia_40_86625_0_case18_48.npy,masks/mosmed_test_Jun_radiopaedia_40_86625_0_case18_48.png,0.9098743267508084,0.8346508563911971,10.44030650891055,2.2847805570349857
mosmed_test_Jun_coronacases_case2_41,Jun_coronacases_case2,probabilities/mosmed_test_Jun_coronacases_case2_41.npy,masks/mosmed_test_Jun_coronacases_case2_41.png,0.8692962103736043,0.7688098495528304,88.00454310910905,13.744311776550672
mosmed_test_Jun_coronacases_case10_122,Jun_coronacases_case10,probabilities/mosmed_test_Jun_coronacases_case10_122.npy,masks/mosmed_test_Jun_coronacases_case10_122.png,0.9151843817796618,0.8436312737483777,4.0,1.3930219117966922
mosmed_test_Jun_coronacases_case3_72,Jun_coronacases_case3,probabilities/mosmed_test_Jun_coronacases_case3_72.npy,masks/mosmed_test_Jun_coronacases_case3_72.png,0.9119680091407485,0.8381812454075587,6.525156115459415,1.8554091109634974
mosmed_test_Jun_coronacases_case7_75,Jun_coronacases_case7,probabilities/mosmed_test_Jun_coronacases_case7_75.npy,masks/mosmed_test_Jun_coronacases_case7_75.png,0.38888888973765434,0.24137931165279428,10.319172768048059,2.7496994733821425
mosmed_test_Jun_radiopaedia_27_86410_0_case14_30,Jun_radiopaedia_27_86410_0_case14,probabilities/mosmed_test_Jun_radiopaedia_27_86410_0_case14_30.npy,masks/mosmed_test_Jun_radiopaedia_27_86410_0_case14_30.png,0.8106706987816106,0.6816200508593967,7.0710678118654755,2.45621077477991
mosmed_test_Morozov_study_0266_20,Morozov_study_0266,probabilities/mosmed_test_Morozov_study_0266_20.npy,masks/mosmed_test_Morozov_study_0266_20.png,0.5555555561728396,0.3846153857988166,32.07412082519484,6.793510002082722
mosmed_test_Jun_radiopaedia_14_85914_0_case13_6,Jun_radiopaedia_14_85914_0_case13,probabilities/mosmed_test_Jun_radiopaedia_14_85914_0_case13_6.npy,masks/mosmed_test_Jun_radiopaedia_14_85914_0_case13_6.png,0.9169455430508991,0.8466292134917625,3.605551275463989,1.2254810283036564
mosmed_test_Jun_coronacases_case5_151,Jun_coronacases_case5,probabilities/mosmed_test_Jun_coronacases_case5_151.npy,masks/mosmed_test_Jun_coronacases_case5_151.png,0.9071757735413314,0.8301204819481782,2.8284271247461903,0.9673014470744623
mosmed_test_Jun_radiopaedia_36_86526_0_case17_33,Jun_radiopaedia_36_86526_0_case17,probabilities/mosmed_test_Jun_radiopaedia_36_86526_0_case17_33.npy,masks/mosmed_test_Jun_radiopaedia_36_86526_0_case17_33.png,0.6688963211256027,0.5025125629390671,7.211102550927978,1.9379429836304056
mosmed_test_Morozov_study_0256_10,Morozov_study_0256,probabilities/mosmed_test_Morozov_study_0256_10.npy,masks/mosmed_test_Morozov_study_0256_10.png,0.2932330829724687,0.17180616776572416,222.1471307079956,42.769760074984355
mosmed_test_Jun_coronacases_case1_207,Jun_coronacases_case1,probabilities/mosmed_test_Jun_coronacases_case1_207.npy,masks/mosmed_test_Jun_coronacases_case1_207.png,0.7937681542172229,0.658056042046495,6.395267345723238,2.088014453004541
mosmed_test_Morozov_study_0298_9,Morozov_study_0298,probabilities/mosmed_test_Morozov_study_0298_9.npy,masks/mosmed_test_Morozov_study_0298_9.png,0.875744342998184,0.7789548022754975,8.037354648979123,2.0547588580787726
mosmed_test_bjorke_26,bjorke_26,probabilities/mosmed_test_bjorke_26.npy,masks/mosmed_test_bjorke_26.png,0.8479207525850218,0.7359916902317734,26.54882782822426,4.956112215823109
mosmed_test_Jun_coronacases_case10_98,Jun_coronacases_case10,probabilities/mosmed_test_Jun_coronacases_case10_98.npy,masks/mosmed_test_Jun_coronacases_case10_98.png,0.904302019316589,0.8253205128251784,4.0,1.1990425226950667
mosmed_test_Jun_coronacases_case10_200,Jun_coronacases_case10,probabilities/mosmed_test_Jun_coronacases_case10_200.npy,masks/mosmed_test_Jun_coronacases_case10_200.png,0.8477876106228366,0.7357910906399466,6.708203932499369,1.9657315861607563
mosmed_test_Jun_coronacases_case3_71,Jun_coronacases_case3,probabilities/mosmed_test_Jun_coronacases_case3_71.npy,masks/mosmed_test_Jun_coronacases_case3_71.png,0.9195614541262576,0.8511001922682001,7.280109889280518,1.9945114888557622
mosmed_test_Jun_coronacases_case5_170,Jun_coronacases_case5,probabilities/mosmed_test_Jun_coronacases_case5_170.npy,masks/mosmed_test_Jun_coronacases_case5_170.png,0.2900763364197891,0.16964285788424746,3.9013878188659974,1.6206751592963076
mosmed_test_Morozov_study_0297_9,Morozov_study_0297,probabilities/mosmed_test_Morozov_study_0297_9.npy,masks/mosmed_test_Morozov_study_0297_9.png,0.6871488764099869,0.5234019791515538,14.363788243294907,3.38111300294498
mosmed_test_Jun_coronacases_case9_131,Jun_coronacases_case9,probabilities/mosmed_test_Jun_coronacases_case9_131.npy,masks/mosmed_test_Jun_coronacases_case9_131.png,0.9433434366998521,0.8927625772333292,2.23606797749979,0.8606573499183706
mosmed_test_Jun_coronacases_case7_131,Jun_coronacases_case7,probabilities/mosmed_test_Jun_coronacases_case7_131.npy,masks/mosmed_test_Jun_coronacases_case7_131.png,0.8792961231817625,0.7845927379889798,5.0,1.2280406906950376
mosmed_test_Morozov_study_0294_35,Morozov_study_0294,probabilities/mosmed_test_Morozov_study_0294_35.npy,masks/mosmed_test_Morozov_study_0294_35.png,0.885245901733405,0.7941176473615917,1.3106601717798214,0.3976157679866558
mosmed_test_Jun_radiopaedia_10_85902_3_case12_107,Jun_radiopaedia_10_85902_3_case12,probabilities/mosmed_test_Jun_radiopaedia_10_85902_3_case12_107.npy,masks/mosmed_test_Jun_radiopaedia_10_85902_3_case12_107.png,0.9303135888526023,0.8697068403993676,2.8284271247461903,0.978936301233735
mosmed_test_Morozov_study_0271_25,Morozov_study_0271,probabilities/mosmed_test_Morozov_study_0271_25.npy,masks/mosmed_test_Morozov_study_0271_25.png,0.8789237668297171,0.7840000000432,2.8284271247461903,0.7093179719356553
mosmed_test_Jun_coronacases_case8_238,Jun_coronacases_case8,probabilities/mosmed_test_Jun_coronacases_case8_238.npy,masks/mosmed_test_Jun_coronacases_case8_238.png,0.782945736518238,0.6433121021380177,2.0,0.8048329630654059
mosmed_test_Jun_coronacases_case1_95,Jun_coronacases_case1,probabilities/mosmed_test_Jun_coronacases_case1_95.npy,masks/mosmed_test_Jun_coronacases_case1_95.png,0.9222290263342857,0.8556818181900181,3.0,0.7886896849947531
mosmed_test_Jun_coronacases_case4_163,Jun_coronacases_case4,probabilities/mosmed_test_Jun_coronacases_case4_163.npy,masks/mosmed_test_Jun_coronacases_case4_163.png,0.9145631068044112,0.842576028650702,2.0,0.627908319982457
mosmed_test_Morozov_study_0261_26,Morozov_study_0261,probabilities/mosmed_test_Morozov_study_0261_26.npy,masks/mosmed_test_Morozov_study_0261_26.png,0.915750915766346,0.8445945946470963,1.4142135623730951,0.6089347080264857
mosmed_test_Morozov_study_0270_18,Morozov_study_0270,probabilities/mosmed_test_Morozov_study_0270_18.npy,masks/mosmed_test_Morozov_study_0270_18.png,0.5118961788383636,0.34399224812558216,49.64876634922564,10.542449412441039
mosmed_test_Morozov_study_0294_28,Morozov_study_0294,probabilities/mosmed_test_Morozov_study_0294_28.npy,masks/mosmed_test_Morozov_study_0294_28.png,0.8402948403340799,0.7245762713031456,4.22781472443223,1.0588260760821497
mosmed_test_Jun_radiopaedia_7_85703_0_case20_18,Jun_radiopaedia_7_85703_0_case20,probabilities/mosmed_test_Jun_radiopaedia_7_85703_0_case20_18.npy,masks/mosmed_test_Jun_radiopaedia_7_85703_0_case20_18.png,0.889817232377897,0.8015051740419722,5.0,1.5073834558479964
mosmed_test_Morozov_study_0288_12,Morozov_study_0288,probabilities/mosmed_test_Morozov_study_0288_12.npy,masks/mosmed_test_Morozov_study_0288_12.png,0.8179739309419394,0.6920100599788739,9.85138965853688,2.8444189051013278
mosmed_test_Morozov_study_0258_22,Morozov_study_0258,probabilities/mosmed_test_Morozov_study_0258_22.npy,masks/mosmed_test_Morozov_study_0258_22.png,0.8806888068929607,0.7868131868288049,40.22430123549659,4.365295250059511
mosmed_test_Jun_coronacases_case9_181,Jun_coronacases_case9,probabilities/mosmed_test_Jun_coronacases_case9_181.npy,masks/mosmed_test_Jun_coronacases_case9_181.png,0.9091530054675836,0.8334376956898286,3.605551275463989,1.0009746373920363
mosmed_test_Morozov_study_0286_24,Morozov_study_0286,probabilities/mosmed_test_Morozov_study_0286_24.npy,masks/mosmed_test_Morozov_study_0286_24.png,0.49612403120305265,0.3298969075619088,70.63209724784161,23.267216673899703
mosmed_test_Morozov_study_0286_17,Morozov_study_0286,probabilities/mosmed_test_Morozov_study_0286_17.npy,masks/mosmed_test_Morozov_study_0286_17.png,0.5635411708917878,0.39231278996737484,69.00217379890334,9.330915998783249
mosmed_test_Jun_coronacases_case8_251,Jun_coronacases_case8,probabilities/mosmed_test_Jun_coronacases_case8_251.npy,masks/mosmed_test_Jun_coronacases_case8_251.png,0.7523809524988662,0.6030534354175164,2.23606797749979,0.7771503436831625
mosmed_test_Jun_coronacases_case9_104,Jun_coronacases_case9,probabilities/mosmed_test_Jun_coronacases_case9_104.npy,masks/mosmed_test_Jun_coronacases_case9_104.png,0.9279899812192868,0.8656542056231712,2.0,0.6807084126403983
mosmed_test_Jun_coronacases_case10_101,Jun_coronacases_case10,probabilities/mosmed_test_Jun_coronacases_case10_101.npy,masks/mosmed_test_Jun_coronacases_case10_101.png,0.9175617240909811,0.8476804123750598,3.4947328716400867,1.1940879353156548
mosmed_test_Morozov_study_0279_16,Morozov_study_0279,probabilities/mosmed_test_Morozov_study_0279_16.npy,masks/mosmed_test_Morozov_study_0279_16.png,0.8999690306627448,0.818130630640871,7.099074759677967,1.8938083064097364
mosmed_test_Jun_radiopaedia_29_86491_1_case16_16,Jun_radiopaedia_29_86491_1_case16,probabilities/mosmed_test_Jun_radiopaedia_29_86491_1_case16_16.npy,masks/mosmed_test_Jun_radiopaedia_29_86491_1_case16_16.png,0.9181446111924867,0.8486759142687672,3.0,1.01383232920667
mosmed_test_Jun_coronacases_case8_92,Jun_coronacases_case8,probabilities/mosmed_test_Jun_coronacases_case8_92.npy,masks/mosmed_test_Jun_coronacases_case8_92.png,0.8533276812239651,0.7441774491776645,5.385164807134504,1.4984209943775466
mosmed_test_Jun_coronacases_case4_60,Jun_coronacases_case4,probabilities/mosmed_test_Jun_coronacases_case4_60.npy,masks/mosmed_test_Jun_coronacases_case4_60.png,0.7710843374872985,0.627450980757401,2.0,0.9950111090572372
mosmed_test_Morozov_study_0294_20,Morozov_study_0294,probabilities/mosmed_test_Morozov_study_0294_20.npy,masks/mosmed_test_Morozov_study_0294_20.png,0.8495575221682721,0.7384615385956608,2.0,0.7752804713539366
mosmed_test_Jun_radiopaedia_40_86625_0_case18_29,Jun_radiopaedia_40_86625_0_case18,probabilities/mosmed_test_Jun_radiopaedia_40_86625_0_case18_29.npy,masks/mosmed_test_Jun_radiopaedia_40_86625_0_case18_29.png,0.9022337208034754,0.8218814313229643,11.661903789690601,2.4592210593843222
mosmed_test_Jun_coronacases_case5_140,Jun_coronacases_case5,probabilities/mosmed_test_Jun_coronacases_case5_140.npy,masks/mosmed_test_Jun_coronacases_case5_140.png,0.9123595505667214,0.83884297522326,2.8284271247461903,0.8718926700934425
mosmed_test_Jun_coronacases_case3_126,Jun_coronacases_case3,probabilities/mosmed_test_Jun_coronacases_case3_126.npy,masks/mosmed_test_Jun_coronacases_case3_126.png,0.9278581010588176,0.8654247184781673,4.0,1.8165086746584167
mosmed_test_Jun_coronacases_case8_71,Jun_coronacases_case8,probabilities/mosmed_test_Jun_coronacases_case8_71.npy,masks/mosmed_test_Jun_coronacases_case8_71.png,0.8319702602292948,0.712285168700682,4.47213595499958,1.4188535280972994
mosmed_test_Jun_radiopaedia_27_86410_0_case14_42,Jun_radiopaedia_27_86410_0_case14,probabilities/mosmed_test_Jun_radiopaedia_27_86410_0_case14_42.npy,masks/mosmed_test_Jun_radiopaedia_27_86410_0_case14_42.png,0.8738574040334681,0.7759740260103939,2.0,0.8648583997203215
mosmed_test_Jun_coronacases_case9_85,Jun_coronacases_case9,probabilities/mosmed_test_Jun_coronacases_case9_85.npy,masks/mosmed_test_Jun_coronacases_case9_85.png,0.6666666669590643,0.5000000006578947,2.9485281374238563,1.0268106578617313
mosmed_test_Jun_radiopaedia_36_86526_0_case17_10,Jun_radiopaedia_36_86526_0_case17,probabilities/mosmed_test_Jun_radiopaedia_36_86526_0_case17_10.npy,masks/mosmed_test_Jun_radiopaedia_36_86526_0_case17_10.png,0.7504761904920333,0.6006097561381494,4.242640687119285,2.518583737127313
mosmed_test_Jun_coronacases_case9_126,Jun_coronacases_case9,probabilities/mosmed_test_Jun_coronacases_case9_126.npy,masks/mosmed_test_Jun_coronacases_case9_126.png,0.9404140414052131,0.8875297315702504,3.1622776601683795,1.0202561952146685
mosmed_test_Morozov_study_0269_24,Morozov_study_0269,probabilities/mosmed_test_Morozov_study_0269_24.npy,masks/mosmed_test_Morozov_study_0269_24.png,0.6612318840886564,0.49391069019026923,4.0,1.5760233050025905
mosmed_test_Jun_coronacases_case8_90,Jun_coronacases_case8,probabilities/mosmed_test_Jun_coronacases_case8_90.npy,masks/mosmed_test_Jun_coronacases_case8_90.png,0.8659603869215577,0.7636068237301541,6.708203932499369,1.722086830645142
mosmed_test_Jun_coronacases_case3_115,Jun_coronacases_case3,probabilities/mosmed_test_Jun_coronacases_case3_115.npy,masks/mosmed_test_Jun_coronacases_case3_115.png,0.9275362318845087,0.8648648648664323,3.605551275463989,1.2877782474759183
mosmed_test_Jun_coronacases_case9_145,Jun_coronacases_case9,probabilities/mosmed_test_Jun_coronacases_case9_145.npy,masks/mosmed_test_Jun_coronacases_case9_145.png,0.9131513647696556,0.8401826484200705,2.0,0.680554218884233
mosmed_test_Jun_radiopaedia_10_85902_1_case11_11,Jun_radiopaedia_10_85902_1_case11,probabilities/mosmed_test_Jun_radiopaedia_10_85902_1_case11_11.npy,masks/mosmed_test_Jun_radiopaedia_10_85902_1_case11_11.png,0.9033342673044736,0.8237097598454927,3.605551275463989,1.7598848833702112
mosmed_test_Jun_coronacases_case1_195,Jun_coronacases_case1,probabilities/mosmed_test_Jun_coronacases_case1_195.npy,masks/mosmed_test_Jun_coronacases_case1_195.png,0.8841793987214347,0.7924028268642932,3.605551275463989,1.9206354335463536
mosmed_test_Jun_radiopaedia_40_86625_0_case18_73,Jun_radiopaedia_40_86625_0_case18,probabilities/mosmed_test_Jun_radiopaedia_40_86625_0_case18_73.npy,masks/mosmed_test_Jun_radiopaedia_40_86625_0_case18_73.png,0.8913447634797423,0.8039873299831566,4.123105625617661,1.2558187350444143
mosmed_test_Jun_radiopaedia_10_85902_3_case12_78,Jun_radiopaedia_10_85902_3_case12,probabilities/mosmed_test_Jun_radiopaedia_10_85902_3_case12_78.npy,masks/mosmed_test_Jun_radiopaedia_10_85902_3_case12_78.png,0.881588999245104,0.7882513661491459,2.23606797749979,1.0900283017534949
mosmed_test_Jun_coronacases_case5_162,Jun_coronacases_case5,probabilities/mosmed_test_Jun_coronacases_case5_162.npy,masks/mosmed_test_Jun_coronacases_case5_162.png,0.7698412698869362,0.6258064517336107,2.9742640687119275,1.2860624198133561
mosmed_test_Morozov_study_0276_36,Morozov_study_0276,probabilities/mosmed_test_Morozov_study_0276_36.npy,masks/mosmed_test_Morozov_study_0276_36.png,0.8571428571530613,0.75000000003125,2.53224755112299,0.8854908565449876
mosmed_test_Morozov_study_0273_23,Morozov_study_0273,probabilities/mosmed_test_Morozov_study_0273_23.npy,masks/mosmed_test_Morozov_study_0273_23.png,0.7914020517932876,0.6548100242801285,7.211102550927978,2.0577203135027924
mosmed_test_Jun_coronacases_case10_106,Jun_coronacases_case10,probabilities/mosmed_test_Jun_coronacases_case10_106.npy,masks/mosmed_test_Jun_coronacases_case10_106.png,0.8925961671047484,0.8060258964191727,5.0,1.5040730905018334
mosmed_test_Jun_radiopaedia_4_85506_1_case19_19,Jun_radiopaedia_4_85506_1_case19,probabilities/mosmed_test_Jun_radiopaedia_4_85506_1_case19_19.npy,masks/mosmed_test_Jun_radiopaedia_4_85506_1_case19_19.png,0.8814090019576103,0.7879636109188446,6.082762530298219,1.8928979201003704
mosmed_test_Jun_coronacases_case10_90,Jun_coronacases_case10,probabilities/mosmed_test_Jun_coronacases_case10_90.npy,masks/mosmed_test_Jun_coronacases_case10_90.png,0.8690498948600831,0.7684246112316286,3.1622776601683795,1.363837350145409
mosmed_test_Jun_coronacases_case8_119,Jun_coronacases_case8,probabilities/mosmed_test_Jun_coronacases_case8_119.npy,masks/mosmed_test_Jun_coronacases_case8_119.png,0.898179366151413,0.8151774785858269,3.0,1.020076082977832
mosmed_test_Jun_coronacases_case5_133,Jun_coronacases_case5,probabilities/mosmed_test_Jun_coronacases_case5_133.npy,masks/mosmed_test_Jun_coronacases_case5_133.png,0.896820246599817,0.8129411764925951,2.23606797749979,0.8863658542605641
mosmed_test_Jun_radiopaedia_14_85914_0_case13_64,Jun_radiopaedia_14_85914_0_case13,probabilities/mosmed_test_Jun_radiopaedia_14_85914_0_case13_64.npy,masks/mosmed_test_Jun_radiopaedia_14_85914_0_case13_64.png,0.8408045747197153,0.7253346212244699,15.0,3.4596520987540824
mosmed_test_Jun_coronacases_case2_78,Jun_coronacases_case2,probabilities/mosmed_test_Jun_coronacases_case2_78.npy,masks/mosmed_test_Jun_coronacases_case2_78.png,0.6279069768523525,0.4576271188738868,7.4982909800597195,2.149988150049297
mosmed_test_Morozov_study_0270_19,Morozov_study_0270,probabilities/mosmed_test_Morozov_study_0270_19.npy,masks/mosmed_test_Morozov_study_0270_19.png,0.7318295739572406,0.5770750988699507,6.4031242374328485,1.6741914658210681
mosmed_test_Jun_radiopaedia_4_85506_1_case19_20,Jun_radiopaedia_4_85506_1_case19,probabilities/mosmed_test_Jun_radiopaedia_4_85506_1_case19_20.npy,masks/mosmed_test_Jun_radiopaedia_4_85506_1_case19_20.png,0.867601870408366,0.7661632845709513,8.977708763999658,2.377040977560092
mosmed_test_Morozov_study_0292_26,Morozov_study_0292,probabilities/mosmed_test_Morozov_study_0292_26.npy,masks/mosmed_test_Morozov_study_0292_26.png,0.43461538472411243,0.2776412778187613,36.422461186482444,8.01117713039162
mosmed_test_Jun_radiopaedia_10_85902_3_case12_150,Jun_radiopaedia_10_85902_3_case12,probabilities/mosmed_test_Jun_radiopaedia_10_85902_3_case12_150.npy,masks/mosmed_test_Jun_radiopaedia_10_85902_3_case12_150.png,0.9493808385846322,0.903639371385292,2.23606797749979,0.9382104603074026
mosmed_test_Jun_radiopaedia_4_85506_1_case19_12,Jun_radiopaedia_4_85506_1_case19,probabilities/mosmed_test_Jun_radiopaedia_4_85506_1_case19_12.npy,masks/mosmed_test_Jun_radiopaedia_4_85506_1_case19_12.png,0.8331935656025266,0.714080365895367,33.304543657120924,5.293476039783521
mosmed_test_Jun_coronacases_case2_49,Jun_coronacases_case2,probabilities/mosmed_test_Jun_coronacases_case2_49.npy,masks/mosmed_test_Jun_coronacases_case2_49.png,0.9099678456664013,0.8348082596113852,2.0,0.7979056900284114
mosmed_test_Jun_coronacases_case10_256,Jun_coronacases_case10,probabilities/mosmed_test_Jun_coronacases_case10_256.npy,masks/mosmed_test_Jun_coronacases_case10_256.png,0.8785871964813922,0.7834645669717589,2.23606797749979,1.0119993204230153
mosmed_test_Morozov_study_0297_37,Morozov_study_0297,probabilities/mosmed_test_Morozov_study_0297_37.npy,masks/mosmed_test_Morozov_study_0297_37.png,0.6214482126836436,0.45079787241345776,18.890248681180815,3.9517824795223118
mosmed_test_Morozov_study_0302_23,Morozov_study_0302,probabilities/mosmed_test_Morozov_study_0302_23.npy,masks/mosmed_test_Morozov_study_0302_23.png,0.8253012048455871,0.7025641026403682,3.5833875946992038,1.021934924912885
mosmed_test_Jun_coronacases_case8_145,Jun_coronacases_case8,probabilities/mosmed_test_Jun_coronacases_case8_145.npy,masks/mosmed_test_Jun_coronacases_case8_145.png,0.9111415942705207,0.8367861142262938,3.040569415042095,1.394997440661453
mosmed_test_Morozov_study_0289_12,Morozov_study_0289,probabilities/mosmed_test_Morozov_study_0289_12.npy,masks/mosmed_test_Morozov_study_0289_12.png,0.8224299065628002,0.6984126984725372,4.242640687119285,2.6356237409791006
mosmed_test_Jun_coronacases_case10_213,Jun_coronacases_case10,probabilities/mosmed_test_Jun_coronacases_case10_213.npy,masks/mosmed_test_Jun_coronacases_case10_213.png,0.9205762837103698,0.8528405201966858,3.605551275463989,0.981064263190155
mosmed_test_Jun_radiopaedia_10_85902_1_case11_15,Jun_radiopaedia_10_85902_1_case11,probabilities/mosmed_test_Jun_radiopaedia_10_85902_1_case11_15.npy,masks/mosmed_test_Jun_radiopaedia_10_85902_1_case11_15.png,0.916768665852371,0.8463276836216073,3.9605551275463897,1.3502198518826503
mosmed_test_Morozov_study_0295_24,Morozov_study_0295,probabilities/mosmed_test_Morozov_study_0295_24.npy,masks/mosmed_test_Morozov_study_0295_24.png,0.8270676692379444,0.7051282053172255,2.8284271247461903,0.941011728067465
mosmed_test_Jun_radiopaedia_27_86410_0_case14_31,Jun_radiopaedia_27_86410_0_case14,probabilities/mosmed_test_Jun_radiopaedia_27_86410_0_case14_31.npy,masks/mosmed_test_Jun_radiopaedia_27_86410_0_case14_31.png,0.7983696955190797,0.6644054269819551,11.91547594742265,3.9973260779584674
mosmed_test_Morozov_study_0270_11,Morozov_study_0270,probabilities/mosmed_test_Morozov_study_0270_11.npy,masks/mosmed_test_Morozov_study_0270_11.png,0.5397196262219954,0.369600000100864,42.371841586772305,8.77294451341873
mosmed_test_Jun_radiopaedia_10_85902_3_case12_173,Jun_radiopaedia_10_85902_3_case12,probabilities/mosmed_test_Jun_radiopaedia_10_85902_3_case12_173.npy,masks/mosmed_test_Jun_radiopaedia_10_85902_3_case12_173.png,0.9368191721148192,0.8811475409890189,2.769191210021537,1.1625962882432554
mosmed_test_Jun_coronacases_case8_219,Jun_coronacases_case8,probabilities/mosmed_test_Jun_coronacases_case8_219.npy,masks/mosmed_test_Jun_coronacases_case8_219.png,0.8084805653845597,0.6785290629088341,55.494910745727786,5.732527332702216
mosmed_test_bjorke_46,bjorke_46,probabilities/mosmed_test_bjorke_46.npy,masks/mosmed_test_bjorke_46.png,0.7013833253233916,0.540100353709467,35.496467505971246,6.310487678782077
mosmed_test_Jun_coronacases_case8_217,Jun_coronacases_case8,probabilities/mosmed_test_Jun_coronacases_case8_217.npy,masks/mosmed_test_Jun_coronacases_case8_217.png,0.8754152824023742,0.7784342688658147,2.0,0.6355066417178742
mosmed_test_Jun_coronacases_case9_93,Jun_coronacases_case9,probabilities/mosmed_test_Jun_coronacases_case9_93.npy,masks/mosmed_test_Jun_coronacases_case9_93.png,0.7790821771847297,0.6381118881751553,2.8284271247461903,1.1074339694633006
mosmed_test_Jun_radiopaedia_27_86410_0_case14_26,Jun_radiopaedia_27_86410_0_case14,probabilities/mosmed_test_Jun_radiopaedia_27_86410_0_case14_26.npy,masks/mosmed_test_Jun_radiopaedia_27_86410_0_case14_26.png,0.8483521296414283,0.7366419471432469,6.324555320336759,2.0201876566372055
mosmed_test_Jun_coronacases_case5_146,Jun_coronacases_case5,probabilities/mosmed_test_Jun_coronacases_case5_146.npy,masks/mosmed_test_Jun_coronacases_case5_146.png,0.8980780431043636,0.8150105708440792,3.0649110640673483,1.0068423943767126
mosmed_test_Jun_coronacases_case10_196,Jun_coronacases_case10,probabilities/mosmed_test_Jun_coronacases_case10_196.npy,masks/mosmed_test_Jun_coronacases_case10_196.png,0.9057166528598887,0.8276801938271448,3.605551275463989,1.0536374959173291
mosmed_test_Jun_coronacases_case6_82,Jun_coronacases_case6,probabilities/mosmed_test_Jun_coronacases_case6_82.npy,masks/mosmed_test_Jun_coronacases_case6_82.png,0.9665291150855908,0.9352262644216848,1.4142135623730951,0.5864599214502156
mosmed_test_Jun_coronacases_case7_101,Jun_coronacases_case7,probabilities/mosmed_test_Jun_coronacases_case7_101.npy,masks/mosmed_test_Jun_coronacases_case7_101.png,0.9110830172814546,0.8366873065141883,2.23606797749979,0.7909298327394306
mosmed_test_Jun_coronacases_case9_110,Jun_coronacases_case9,probabilities/mosmed_test_Jun_coronacases_case9_110.npy,masks/mosmed_test_Jun_coronacases_case9_110.png,0.9254606365190343,0.8612626656382493,2.413775721673683,0.8316164272651572
mosmed_test_Jun_radiopaedia_10_85902_3_case12_167,Jun_radiopaedia_10_85902_3_case12,probabilities/mosmed_test_Jun_radiopaedia_10_85902_3_case12_167.npy,masks/mosmed_test_Jun_radiopaedia_10_85902_3_case12_167.png,0.9260095309775267,0.8622139187360013,3.1622776601683795,1.02839780702693
mosmed_test_Morozov_study_0256_34,Morozov_study_0256,probabilities/mosmed_test_Morozov_study_0256_34.npy,masks/mosmed_test_Morozov_study_0256_34.png,0.8356309650227327,0.717668488211718,2.93137084989847,1.1814974737304234
mosmed_test_Jun_coronacases_case5_177,Jun_coronacases_case5,probabilities/mosmed_test_Jun_coronacases_case5_177.npy,masks/mosmed_test_Jun_coronacases_case5_177.png,0.7457627120798621,0.5945945951424398,2.23606797749979,0.827771285024323
mosmed_test_Jun_coronacases_case6_80,Jun_coronacases_case6,probabilities/mosmed_test_Jun_coronacases_case6_80.npy,masks/mosmed_test_Jun_coronacases_case6_80.png,0.9511051574022973,0.9067688378072896,2.8284271247461903,0.8825049525162285
mosmed_test_Morozov_study_0260_14,Morozov_study_0260,probabilities/mosmed_test_Morozov_study_0260_14.npy,masks/mosmed_test_Morozov_study_0260_14.png,0.4447492163118192,0.28596623836518104,48.0,13.442567853341158
mosmed_test_Jun_coronacases_case10_258,Jun_coronacases_case10,probabilities/mosmed_test_Jun_coronacases_case10_258.npy,masks/mosmed_test_Jun_coronacases_case10_258.png,0.9210526315919322,0.8536585366299821,1.0,0.4872041862857555
mosmed_test_Jun_radiopaedia_14_85914_0_case13_54,Jun_radiopaedia_14_85914_0_case13,probabilities/mosmed_test_Jun_radiopaedia_14_85914_0_case13_54.npy,masks/mosmed_test_Jun_radiopaedia_14_85914_0_case13_54.png,0.845727647029707,0.7326933239410544,10.0,2.8987281609941773
mosmed_test_Jun_coronacases_case2_47,Jun_coronacases_case2,probabilities/mosmed_test_Jun_coronacases_case2_47.npy,masks/mosmed_test_Jun_coronacases_case2_47.png,0.8817541112073802,0.7885154061920847,2.8284271247461903,1.1326690485484918
mosmed_test_Jun_coronacases_case4_120,Jun_coronacases_case4,probabilities/mosmed_test_Jun_coronacases_case4_120.npy,masks/mosmed_test_Jun_coronacases_case4_120.png,0.836769759464195,0.7193500738966987,7.2654328932549905,1.553787302763659
mosmed_test_Morozov_study_0303_15,Morozov_study_0303,probabilities/mosmed_test_Morozov_study_0303_15.npy,masks/mosmed_test_Morozov_study_0303_15.png,0.8838604143979318,0.7918905715783151,6.0,1.4749154869085908
mosmed_test_Jun_coronacases_case7_92,Jun_coronacases_case7,probabilities/mosmed_test_Jun_coronacases_case7_92.npy,masks/mosmed_test_Jun_coronacases_case7_92.png,0.7064890416971857,0.5461794020235097,40.03365560833562,4.763383420921637
mosmed_test_Jun_radiopaedia_36_86526_0_case17_23,Jun_radiopaedia_36_86526_0_case17,probabilities/mosmed_test_Jun_radiopaedia_36_86526_0_case17_23.npy,masks/mosmed_test_Jun_radiopaedia_36_86526_0_case17_23.png,0.781902552216827,0.6419047619388661,3.08113883008419,1.1885955020755352
mosmed_test_Jun_radiopaedia_10_85902_1_case11_19,Jun_radiopaedia_10_85902_1_case11,probabilities/mosmed_test_Jun_radiopaedia_10_85902_1_case11_19.npy,masks/mosmed_test_Jun_radiopaedia_10_85902_1_case11_19.png,0.7994616420054198,0.6659192825486637,5.385164807134504,1.9153294415049587
mosmed_test_Jun_coronacases_case4_89,Jun_coronacases_case4,probabilities/mosmed_test_Jun_coronacases_case4_89.npy,masks/mosmed_test_Jun_coronacases_case4_89.png,0.8515429524665746,0.7414669571720067,3.4947328716400867,1.1660235369341274
mosmed_test_Jun_coronacases_case10_201,Jun_coronacases_case10,probabilities/mosmed_test_Jun_coronacases_case10_201.npy,masks/mosmed_test_Jun_coronacases_case10_201.png,0.8702736578259813,0.7703402366948838,12.222831741845615,2.1091928207048536
mosmed_test_Jun_radiopaedia_36_86526_0_case17_25,Jun_radiopaedia_36_86526_0_case17,probabilities/mosmed_test_Jun_radiopaedia_36_86526_0_case17_25.npy,masks/mosmed_test_Jun_radiopaedia_36_86526_0_case17_25.png,0.7624903920244049,0.6161490683706647,80.43069478726329,6.8952077305911486
mosmed_test_Jun_coronacases_case4_80,Jun_coronacases_case4,probabilities/mosmed_test_Jun_coronacases_case4_80.npy,masks/mosmed_test_Jun_coronacases_case4_80.png,0.7903225806540611,0.6533333333576608,4.47213595499958,7.563416719239494
mosmed_test_Jun_coronacases_case4_133,Jun_coronacases_case4,probabilities/mosmed_test_Jun_coronacases_case4_133.npy,masks/mosmed_test_Jun_coronacases_case4_133.png,0.895322939872198,0.8104838709868464,3.1622776601683795,1.5076647169082422
mosmed_test_Jun_coronacases_case7_138,Jun_coronacases_case7,probabilities/mosmed_test_Jun_coronacases_case7_138.npy,masks/mosmed_test_Jun_coronacases_case7_138.png,0.9023589131113061,0.8220892274307895,2.8284271247461903,0.9736472714494838
mosmed_test_Jun_coronacases_case4_101,Jun_coronacases_case4,probabilities/mosmed_test_Jun_coronacases_case4_101.npy,masks/mosmed_test_Jun_coronacases_case4_101.png,0.7506799637578712,0.6008708273438504,8.772001872658766,2.0759985008920943
mosmed_test_bjorke_82,bjorke_82,probabilities/mosmed_test_bjorke_82.npy,masks/mosmed_test_bjorke_82.png,0.7280701754448737,0.5724137931189687,40.39276050101917,5.33388426804737
mosmed_test_Morozov_study_0283_14,Morozov_study_0283,probabilities/mosmed_test_Morozov_study_0283_14.npy,masks/mosmed_test_Morozov_study_0283_14.png,0.815748031525079,0.6888297873168006,4.123105625617661,1.3673972360553162
mosmed_test_Jun_radiopaedia_10_85902_3_case12_183,Jun_radiopaedia_10_85902_3_case12,probabilities/mosmed_test_Jun_radiopaedia_10_85902_3_case12_183.npy,masks/mosmed_test_Jun_radiopaedia_10_85902_3_case12_183.png,0.9633343779390995,0.9292623942001655,2.0,0.5760901346937216
mosmed_test_Jun_coronacases_case2_26,Jun_coronacases_case2,probabilities/mosmed_test_Jun_coronacases_case2_26.npy,masks/mosmed_test_Jun_coronacases_case2_26.png,0.6436781611243229,0.47457627163171506,2.8284271247461903,1.5248300908969286
mosmed_test_Jun_coronacases_case7_98,Jun_coronacases_case7,probabilities/mosmed_test_Jun_coronacases_case7_98.npy,masks/mosmed_test_Jun_coronacases_case7_98.png,0.8794466403201763,0.7848324515117676,4.0,1.1210826274409826
mosmed_test_Jun_coronacases_case5_99,Jun_coronacases_case5,probabilities/mosmed_test_Jun_coronacases_case5_99.npy,masks/mosmed_test_Jun_coronacases_case5_99.png,0.9281487743056572,0.8659305993796584,4.0,1.1162210952764042
mosmed_test_Jun_radiopaedia_10_85902_3_case12_200,Jun_radiopaedia_10_85902_3_case12,probabilities/mosmed_test_Jun_radiopaedia_10_85902_3_case12_200.npy,masks/mosmed_test_Jun_radiopaedia_10_85902_3_case12_200.png,0.8927125506181465,0.806215722156085,3.0,0.7874568155261754
mosmed_test_Jun_coronacases_case10_263,Jun_coronacases_case10,probabilities/mosmed_test_Jun_coronacases_case10_263.npy,masks/mosmed_test_Jun_coronacases_case10_263.png,0.8329621381218347,0.7137404581245265,2.23606797749979,0.8480367197520043
mosmed_test_Jun_radiopaedia_10_85902_3_case12_80,Jun_radiopaedia_10_85902_3_case12,probabilities/mosmed_test_Jun_radiopaedia_10_85902_3_case12_80.npy,masks/mosmed_test_Jun_radiopaedia_10_85902_3_case12_80.png,0.880546075093478,0.7865853658796848,4.36886308445345,1.2200696200487229
mosmed_test_Jun_coronacases_case9_122,Jun_coronacases_case9,probabilities/mosmed_test_Jun_coronacases_case9_122.npy,masks/mosmed_test_Jun_coronacases_case9_122.png,0.9434790561561464,0.8930055401699097,2.8284271247461903,0.8627040013973177
mosmed_test_Jun_coronacases_case10_80,Jun_coronacases_case10,probabilities/mosmed_test_Jun_coronacases_case10_80.npy,masks/mosmed_test_Jun_coronacases_case10_80.png,0.7732696897645263,0.6303501946244455,4.158008658555841,1.3560784303212485
mosmed_test_Jun_coronacases_case3_127,Jun_coronacases_case3,probabilities/mosmed_test_Jun_coronacases_case3_127.npy,masks/mosmed_test_Jun_coronacases_case3_127.png,0.9228409265230646,0.8567359726594028,5.0,1.8734773061635117
mosmed_test_Jun_radiopaedia_40_86625_0_case18_67,Jun_radiopaedia_40_86625_0_case18,probabilities/mosmed_test_Jun_radiopaedia_40_86625_0_case18_67.npy,masks/mosmed_test_Jun_radiopaedia_40_86625_0_case18_67.png,0.8649346703140008,0.7620131173904161,5.385164807134504,1.8129735921321117
mosmed_test_Jun_coronacases_case3_74,Jun_coronacases_case3,probabilities/mosmed_test_Jun_coronacases_case3_74.npy,masks/mosmed_test_Jun_coronacases_case3_74.png,0.8983814450197543,0.815510451380233,6.4031242374328485,2.165709213519075
mosmed_test_Morozov_study_0280_23,Morozov_study_0280,probabilities/mosmed_test_Morozov_study_0280_23.npy,masks/mosmed_test_Morozov_study_0280_23.png,0.7539708265882019,0.6050988553795474,4.0,1.4282115088789036
mosmed_test_Jun_radiopaedia_10_85902_3_case12_99,Jun_radiopaedia_10_85902_3_case12,probabilities/mosmed_test_Jun_radiopaedia_10_85902_3_case12_99.npy,masks/mosmed_test_Jun_radiopaedia_10_85902_3_case12_99.png,0.9272653392959258,0.8643939394042126,2.0,0.9967458416317817
mosmed_test_Jun_coronacases_case10_247,Jun_coronacases_case10,probabilities/mosmed_test_Jun_coronacases_case10_247.npy,masks/mosmed_test_Jun_coronacases_case10_247.png,0.8982035928211441,0.8152173913266646,3.0,1.0079354097859625
mosmed_test_Morozov_study_0278_26,Morozov_study_0278,probabilities/mosmed_test_Morozov_study_0278_26.npy,masks/mosmed_test_Morozov_study_0278_26.png,0.8680171884672795,0.7668112798517558,3.605551275463989,1.3452601792620371
mosmed_test_Jun_coronacases_case3_78,Jun_coronacases_case3,probabilities/mosmed_test_Jun_coronacases_case3_78.npy,masks/mosmed_test_Jun_coronacases_case3_78.png,0.8943532016982176,0.8088959359107996,8.06225774829855,2.250920140709094
mosmed_test_Morozov_study_0295_16,Morozov_study_0295,probabilities/mosmed_test_Morozov_study_0295_16.npy,masks/mosmed_test_Morozov_study_0295_16.png,0.8065547562027756,0.6758204956680629,5.0,1.5472570880647354
mosmed_test_Morozov_study_0299_29,Morozov_study_0299,probabilities/mosmed_test_Morozov_study_0299_29.npy,masks/mosmed_test_Morozov_study_0299_29.png,0.904958677705587,0.8264150944051263,2.23606797749979,0.6205246924242696
mosmed_test_Jun_coronacases_case10_139,Jun_coronacases_case10,probabilities/mosmed_test_Jun_coronacases_case10_139.npy,masks/mosmed_test_Jun_coronacases_case10_139.png,0.8991545153792531,0.8167853962640965,5.0,1.2938544962458012
mosmed_test_Morozov_study_0283_19,Morozov_study_0283,probabilities/mosmed_test_Morozov_study_0283_19.npy,masks/mosmed_test_Morozov_study_0283_19.png,7.692307633136095e-09,7.692307633136095e-09,18.4,7.610860391656025
mosmed_test_Jun_radiopaedia_40_86625_0_case18_58,Jun_radiopaedia_40_86625_0_case18,probabilities/mosmed_test_Jun_radiopaedia_40_86625_0_case18_58.npy,masks/mosmed_test_Jun_radiopaedia_40_86625_0_case18_58.png,0.8626131048657489,0.7584166026152313,7.183095603115439,1.9031631648546299
mosmed_test_Morozov_study_0280_19,Morozov_study_0280,probabilities/mosmed_test_Morozov_study_0280_19.npy,masks/mosmed_test_Morozov_study_0280_19.png,0.8225054398563101,0.6985216473232038,4.47213595499958,1.2980332750178154
mosmed_test_Jun_radiopaedia_7_85703_0_case20_16,Jun_radiopaedia_7_85703_0_case20,probabilities/mosmed_test_Jun_radiopaedia_7_85703_0_case20_16.npy,masks/mosmed_test_Jun_radiopaedia_7_85703_0_case20_16.png,0.8423748544856258,0.7276749798983236,12.571406744450266,2.184794309546891
mosmed_test_Morozov_study_0303_8,Morozov_study_0303,probabilities/mosmed_test_Morozov_study_0303_8.npy,masks/mosmed_test_Morozov_study_0303_8.png,0.5881057269176095,0.41653666155748265,5.656854249492381,1.734517599219469
mosmed_test_Jun_coronacases_case8_148,Jun_coronacases_case8,probabilities/mosmed_test_Jun_coronacases_case8_148.npy,masks/mosmed_test_Jun_coronacases_case8_148.png,0.893453145059476,0.8074245939731025,3.605551275463989,1.1789165089112932
mosmed_test_Jun_coronacases_case3_140,Jun_coronacases_case3,probabilities/mosmed_test_Jun_coronacases_case3_140.npy,masks/mosmed_test_Jun_coronacases_case3_140.png,0.912289334482565,0.838724270530678,3.0,1.039967573120206
mosmed_test_Jun_radiopaedia_10_85902_3_case12_101,Jun_radiopaedia_10_85902_3_case12,probabilities/mosmed_test_Jun_radiopaedia_10_85902_3_case12_101.npy,masks/mosmed_test_Jun_radiopaedia_10_85902_3_case12_101.png,0.9374288964756379,0.8822269807364578,2.23606797749979,0.868281692091815
mosmed_test_Jun_coronacases_case10_114,Jun_coronacases_case10,probabilities/mosmed_test_Jun_coronacases_case10_114.npy,masks/mosmed_test_Jun_coronacases_case10_114.png,0.9090676557116119,0.8332942555724902,4.242640687119285,1.4594452630386052
mosmed_test_Jun_coronacases_case10_89,Jun_coronacases_case10,probabilities/mosmed_test_Jun_coronacases_case10_89.npy,masks/mosmed_test_Jun_coronacases_case10_89.png,0.8939222348075893,0.8081911262864099,3.605551275463989,1.1692920042262942
mosmed_test_Jun_coronacases_case8_209,Jun_coronacases_case8,probabilities/mosmed_test_Jun_coronacases_case8_209.npy,masks/mosmed_test_Jun_coronacases_case8_209.png,0.7607934656055083,0.6139359699408784,2.8284271247461903,1.0476274437810433
mosmed_test_bjorke_3,bjorke_3,probabilities/mosmed_test_bjorke_3.npy,masks/mosmed_test_bjorke_3.png,0.909961685832379,0.8347978910659407,2.8284271247461903,0.8880298123926934
mosmed_test_Jun_coronacases_case2_126,Jun_coronacases_case2,probabilities/mosmed_test_Jun_coronacases_case2_126.npy,masks/mosmed_test_Jun_coronacases_case2_126.png,0.8812555522688406,0.7877183695189138,3.605551275463989,1.6976093576681226
mosmed_test_Jun_coronacases_case1_117,Jun_coronacases_case1,probabilities/mosmed_test_Jun_coronacases_case1_117.npy,masks/mosmed_test_Jun_coronacases_case1_117.png,0.8802730375434794,0.7861497195831973,6.082762530298219,1.8463505712894828
mosmed_test_Jun_coronacases_case8_104,Jun_coronacases_case8,probabilities/mosmed_test_Jun_coronacases_case8_104.npy,masks/mosmed_test_Jun_coronacases_case8_104.png,0.8703538507304437,0.7704659120881688,8.06225774829855,1.9258986174329882
mosmed_test_Morozov_study_0299_9,Morozov_study_0299,probabilities/mosmed_test_Morozov_study_0299_9.npy,masks/mosmed_test_Morozov_study_0299_9.png,0.7000000000283018,0.5384615385285252,3.1622776601683795,1.2235994300335238
mosmed_test_Morozov_study_0269_17,Morozov_study_0269,probabilities/mosmed_test_Morozov_study_0269_17.npy,masks/mosmed_test_Morozov_study_0269_17.png,0.758839528569409,0.6113951789911325,221.76043217052637,14.576382623739885
mosmed_test_Jun_coronacases_case8_157,Jun_coronacases_case8,probabilities/mosmed_test_Jun_coronacases_case8_157.npy,masks/mosmed_test_Jun_coronacases_case8_157.png,0.9125399361039829,0.8391479985369391,3.1622776601683795,1.1189141102596152
mosmed_test_Jun_coronacases_case5_72,Jun_coronacases_case5,probabilities/mosmed_test_Jun_coronacases_case5_72.npy,masks/mosmed_test_Jun_coronacases_case5_72.png,0.8975817923259188,0.8141935484110718,3.0,1.0540681678040578
mosmed_test_Jun_radiopaedia_10_85902_3_case12_139,Jun_radiopaedia_10_85902_3_case12,probabilities/mosmed_test_Jun_radiopaedia_10_85902_3_case12_139.npy,masks/mosmed_test_Jun_radiopaedia_10_85902_3_case12_139.png,0.9414758269732512,0.8894230769275071,4.894427190999892,1.3615496307555566
mosmed_test_Jun_coronacases_case6_101,Jun_coronacases_case6,probabilities/mosmed_test_Jun_coronacases_case6_101.npy,masks/mosmed_test_Jun_coronacases_case6_101.png,0.9312000000036693,0.8712574850427887,2.0,0.5904883796147722
mosmed_test_Jun_coronacases_case8_230,Jun_coronacases_case8,probabilities/mosmed_test_Jun_coronacases_case8_230.npy,masks/mosmed_test_Jun_coronacases_case8_230.png,0.8731914893724944,0.774924471333093,2.8284271247461903,0.8809647049212307
mosmed_test_Jun_coronacases_case8_191,Jun_coronacases_case8,probabilities/mosmed_test_Jun_coronacases_case8_191.npy,masks/mosmed_test_Jun_coronacases_case8_191.png,0.8354166666838108,0.7173524150773968,3.605551275463989,1.2428163818805755
mosmed_test_bjorke_68,bjorke_68,probabilities/mosmed_test_bjorke_68.npy,masks/mosmed_test_bjorke_68.png,0.9134286799144828,0.8406523005260261,32.350383837010405,7.081736219020789
mosmed_test_Morozov_study_0303_19,Morozov_study_0303,probabilities/mosmed_test_Morozov_study_0303_19.npy,masks/mosmed_test_Morozov_study_0303_19.png,0.9185185185215363,0.8493150685034716,3.6844410203711644,1.0415261036146586
mosmed_test_Jun_coronacases_case2_43,Jun_coronacases_case2,probabilities/mosmed_test_Jun_coronacases_case2_43.npy,masks/mosmed_test_Jun_coronacases_case2_43.png,0.9355648535618775,0.878930817629099,2.0,0.6818755328018123
mosmed_test_Jun_coronacases_case2_77,Jun_coronacases_case2,probabilities/mosmed_test_Jun_coronacases_case2_77.npy,masks/mosmed_test_Jun_coronacases_case2_77.png,0.6838905775556398,0.5196304850993925,6.1190314488039945,1.7891651264786872
mosmed_test_bjorke_59,bjorke_59,probabilities/mosmed_test_bjorke_59.npy,masks/mosmed_test_bjorke_59.png,0.8895116092877063,0.8010093727478326,9.864048942240782,2.8003727643249867
mosmed_test_Jun_coronacases_case3_155,Jun_coronacases_case3,probabilities/mosmed_test_Jun_coronacases_case3_155.npy,masks/mosmed_test_Jun_coronacases_case3_155.png,0.9089101034226549,0.8330295297180813,2.23606797749979,0.8831646945829391
mosmed_test_Jun_coronacases_case2_29,Jun_coronacases_case2,probabilities/mosmed_test_Jun_coronacases_case2_29.npy,masks/mosmed_test_Jun_coronacases_case2_29.png,0.8863636363797779,0.7959183673990005,2.23606797749979,0.9748215307341396
mosmed_test_Jun_coronacases_case8_86,Jun_coronacases_case8,probabilities/mosmed_test_Jun_coronacases_case8_86.npy,masks/mosmed_test_Jun_coronacases_case8_86.png,0.8901903367528494,0.8021108179523952,3.0,1.0665977727685467
mosmed_test_Morozov_study_0281_32,Morozov_study_0281,probabilities/mosmed_test_Morozov_study_0281_32.npy,masks/mosmed_test_Morozov_study_0281_32.png,0.9060509554214927,0.8282387190934151,143.17845808203305,10.13874363083398
mosmed_test_Jun_coronacases_case10_132,Jun_coronacases_case10,probabilities/mosmed_test_Jun_coronacases_case10_132.npy,masks/mosmed_test_Jun_coronacases_case10_132.png,0.883247314829359,0.7909068198903096,5.0,1.415025041985587
mosmed_test_Morozov_study_0275_19,Morozov_study_0275,probabilities/mosmed_test_Morozov_study_0275_19.npy,masks/mosmed_test_Morozov_study_0275_19.png,0.16842105350692524,0.09195402403223675,5.0,2.1725184093495544
mosmed_test_Jun_coronacases_case8_99,Jun_coronacases_case8,probabilities/mosmed_test_Jun_coronacases_case8_99.npy,masks/mosmed_test_Jun_coronacases_case8_99.png,0.9088072122068515,0.8328566889153842,3.0,0.9996809503092104
mosmed_test_Morozov_study_0277_27,Morozov_study_0277,probabilities/mosmed_test_Morozov_study_0277_27.npy,masks/mosmed_test_Morozov_study_0277_27.png,0.8015768725491736,0.6688596491591162,4.973606797749943,1.1933516851604806
mosmed_test_Morozov_study_0298_14,Morozov_study_0298,probabilities/mosmed_test_Morozov_study_0298_14.npy,masks/mosmed_test_Morozov_study_0298_14.png,0.7998578030643492,0.6664691943325551,15.264337522473747,3.695021331819649
mosmed_test_Jun_coronacases_case4_114,Jun_coronacases_case4,probabilities/mosmed_test_Jun_coronacases_case4_114.npy,masks/mosmed_test_Jun_coronacases_case4_114.png,0.8210526315946444,0.6964285714737458,3.0,1.1563561103638693
mosmed_test_Jun_coronacases_case8_243,Jun_coronacases_case8,probabilities/mosmed_test_Jun_coronacases_case8_243.npy,masks/mosmed_test_Jun_coronacases_case8_243.png,0.8266666667244443,0.7045454547133264,2.0,0.6444864774570713
mosmed_test_Jun_radiopaedia_14_85914_0_case13_1,Jun_radiopaedia_14_85914_0_case13,probabilities/mosmed_test_Jun_radiopaedia_14_85914_0_case13_1.npy,masks/mosmed_test_Jun_radiopaedia_14_85914_0_case13_1.png,0.8772160210192241,0.7812865497331829,3.605551275463989,1.2242336650051906
mosmed_test_Jun_coronacases_case7_76,Jun_coronacases_case7,probabilities/mosmed_test_Jun_coronacases_case7_76.npy,masks/mosmed_test_Jun_coronacases_case7_76.png,0.5333333337222222,0.3636363643595042,10.679210143271675,3.097470779340596
mosmed_test_Jun_coronacases_case1_190,Jun_coronacases_case1,probabilities/mosmed_test_Jun_coronacases_case1_190.npy,masks/mosmed_test_Jun_coronacases_case1_190.png,0.6042692939352964,0.4329411764928259,40.25,8.125868959925665
mosmed_test_Jun_radiopaedia_10_85902_3_case12_164,Jun_radiopaedia_10_85902_3_case12,probabilities/mosmed_test_Jun_radiopaedia_10_85902_3_case12_164.npy,masks/mosmed_test_Jun_radiopaedia_10_85902_3_case12_164.png,0.9347773766562028,0.8775417984691577,3.406078148580945,0.9226991536800269
mosmed_test_Jun_coronacases_case3_147,Jun_coronacases_case3,probabilities/mosmed_test_Jun_coronacases_case3_147.npy,masks/mosmed_test_Jun_coronacases_case3_147.png,0.943640196768185,0.8932943054844786,2.0,0.7680935537914142
mosmed_test_Morozov_study_0293_9,Morozov_study_0293,probabilities/mosmed_test_Morozov_study_0293_9.npy,masks/mosmed_test_Morozov_study_0293_9.png,0.5891472869809505,0.4175824179024272,3.605551275463989,1.3734831776165302
mosmed_test_Morozov_study_0269_19,Morozov_study_0269,probabilities/mosmed_test_Morozov_study_0269_19.npy,masks/mosmed_test_Morozov_study_0269_19.png,0.6973463218055534,0.5353274884080627,17.34742979845349,4.707755244322524
mosmed_test_Jun_coronacases_case6_112,Jun_coronacases_case6,probabilities/mosmed_test_Jun_coronacases_case6_112.npy,masks/mosmed_test_Jun_coronacases_case6_112.png,0.8403755868731954,0.7246963563310331,4.121320343559642,1.4329336516730178
mosmed_test_Morozov_study_0276_33,Morozov_study_0276,probabilities/mosmed_test_Morozov_study_0276_33.npy,masks/mosmed_test_Morozov_study_0276_33.png,0.8622871046295725,0.7579127459574069,4.006155281280877,2.235594848957916
mosmed_test_Jun_coronacases_case1_209,Jun_coronacases_case1,probabilities/mosmed_test_Jun_coronacases_case1_209.npy,masks/mosmed_test_Jun_coronacases_case1_209.png,0.8395778364158423,0.7235106866883352,4.055397531527939,1.5167797262485914
mosmed_test_Jun_coronacases_case2_157,Jun_coronacases_case2,probabilities/mosmed_test_Jun_coronacases_case2_157.npy,masks/mosmed_test_Jun_coronacases_case2_157.png,0.8384879725178415,0.721893491151687,26.46864646883832,3.026853012477019
mosmed_test_Morozov_study_0284_2,Morozov_study_0284,probabilities/mosmed_test_Morozov_study_0284_2.npy,masks/mosmed_test_Morozov_study_0284_2.png,0.0482897386220745,0.02474226824232118,11.057336805529962,5.022823133762005
mosmed_test_Morozov_study_0256_26,Morozov_study_0256,probabilities/mosmed_test_Morozov_study_0256_26.npy,masks/mosmed_test_Morozov_study_0256_26.png,0.7942817294353458,0.6587622903609739,5.0,1.4424665827965
mosmed_test_Jun_coronacases_case10_138,Jun_coronacases_case10,probabilities/mosmed_test_Jun_coronacases_case10_138.npy,masks/mosmed_test_Jun_coronacases_case10_138.png,0.8779453933439977,0.782444444449279,5.0,1.7041689047353066
mosmed_test_Jun_coronacases_case1_206,Jun_coronacases_case1,probabilities/mosmed_test_Jun_coronacases_case1_206.npy,masks/mosmed_test_Jun_coronacases_case1_206.png,0.8613617719480076,0.7564841498676041,4.47213595499958,1.4414407864583887
mosmed_test_Morozov_study_0291_17,Morozov_study_0291,probabilities/mosmed_test_Morozov_study_0291_17.npy,masks/mosmed_test_Morozov_study_0291_17.png,0.9098330241220841,0.8345813478669448,8.94427190999916,1.8450241253430972
mosmed_test_Morozov_study_0256_20,Morozov_study_0256,probabilities/mosmed_test_Morozov_study_0256_20.npy,masks/mosmed_test_Morozov_study_0256_20.png,0.6254635352749737,0.45503597132103674,189.56007101416455,31.823025649856497
mosmed_test_Jun_coronacases_case8_88,Jun_coronacases_case8,probabilities/mosmed_test_Jun_coronacases_case8_88.npy,masks/mosmed_test_Jun_coronacases_case8_88.png,0.9110191412335484,0.8365795724543194,2.8284271247461903,0.9173116403425225
mosmed_test_Jun_coronacases_case3_141,Jun_coronacases_case3,probabilities/mosmed_test_Jun_coronacases_case3_141.npy,masks/mosmed_test_Jun_coronacases_case3_141.png,0.9192402119147275,0.8505499760915698,3.0,0.9503855337433427
mosmed_test_Jun_radiopaedia_27_86410_0_case14_15,Jun_radiopaedia_27_86410_0_case14,probabilities/mosmed_test_Jun_radiopaedia_27_86410_0_case14_15.npy,masks/mosmed_test_Jun_radiopaedia_27_86410_0_case14_15.png,0.8312849162032119,0.7112810707518317,10.809705194573526,4.408469313803826
mosmed_test_Jun_coronacases_case8_163,Jun_coronacases_case8,probabilities/mosmed_test_Jun_coronacases_case8_163.npy,masks/mosmed_test_Jun_coronacases_case8_163.png,0.8547407753454116,0.7463295269374934,17.399019771976004,2.1737520652494524
mosmed_test_Jun_coronacases_case7_146,Jun_coronacases_case7,probabilities/mosmed_test_Jun_coronacases_case7_146.npy,masks/mosmed_test_Jun_coronacases_case7_146.png,0.8781478472835845,0.7827661115291263,6.201562118716424,1.290354989560576
mosmed_test_Jun_coronacases_case9_146,Jun_coronacases_case9,probabilities/mosmed_test_Jun_coronacases_case9_146.npy,masks/mosmed_test_Jun_coronacases_case9_146.png,0.9001297016925986,0.8183962264365099,2.23606797749979,0.7373466593468697
mosmed_test_Jun_coronacases_case5_75,Jun_coronacases_case5,probabilities/mosmed_test_Jun_coronacases_case5_75.npy,masks/mosmed_test_Jun_coronacases_case5_75.png,0.9380530973483575,0.8833333333447713,2.0,0.7756871397802737
mosmed_test_Jun_coronacases_case8_144,Jun_coronacases_case8,probabilities/mosmed_test_Jun_coronacases_case8_144.npy,masks/mosmed_test_Jun_coronacases_case8_144.png,0.8990482134514113,0.8166099773294612,5.0,1.4063338222837152
mosmed_test_Jun_coronacases_case9_157,Jun_coronacases_case9,probabilities/mosmed_test_Jun_coronacases_case9_157.npy,masks/mosmed_test_Jun_coronacases_case9_157.png,0.4750733139369286,0.3115384618032544,60.42171165611296,16.93364488831385
mosmed_test_Morozov_study_0274_16,Morozov_study_0274,probabilities/mosmed_test_Morozov_study_0274_16.npy,masks/mosmed_test_Morozov_study_0274_16.png,0.7328605201577162,0.5783582091125529,42.89746063105175,4.483839813631442
mosmed_test_Morozov_study_0285_14,Morozov_study_0285,probabilities/mosmed_test_Morozov_study_0285_14.npy,masks/mosmed_test_Morozov_study_0285_14.png,0.47720042423359493,0.31337047363323534,25.921130186110286,8.653764206823718
mosmed_test_Morozov_study_0304_20,Morozov_study_0304,probabilities/mosmed_test_Morozov_study_0304_20.npy,masks/mosmed_test_Morozov_study_0304_20.png,0.7927927929794659,0.6567164184228114,2.0,0.6569035593728849
mosmed_test_Jun_radiopaedia_40_86625_0_case18_24,Jun_radiopaedia_40_86625_0_case18,probabilities/mosmed_test_Jun_radiopaedia_40_86625_0_case18_24.npy,masks/mosmed_test_Jun_radiopaedia_40_86625_0_case18_24.png,0.8803203874463973,0.7862252537051035,5.830951894845301,1.559884191646668
mosmed_test_Jun_coronacases_case1_83,Jun_coronacases_case1,probabilities/mosmed_test_Jun_coronacases_case1_83.npy,masks/mosmed_test_Jun_coronacases_case1_83.png,0.9108910891971376,0.836363636661157,1.0,0.2727272727272727
mosmed_test_Jun_coronacases_case10_262,Jun_coronacases_case10,probabilities/mosmed_test_Jun_coronacases_case10_262.npy,masks/mosmed_test_Jun_coronacases_case10_262.png,0.9008264463014821,0.8195488722482898,1.4142135623730951,0.5659600202093907
mosmed_test_Morozov_study_0288_6,Morozov_study_0288,probabilities/mosmed_test_Morozov_study_0288_6.npy,masks/mosmed_test_Morozov_study_0288_6.png,0.8298887122470624,0.7092391304505848,5.656854249492381,1.428010259731832
mosmed_test_Jun_coronacases_case7_84,Jun_coronacases_case7,probabilities/mosmed_test_Jun_coronacases_case7_84.npy,masks/mosmed_test_Jun_coronacases_case7_84.png,0.8530259366417793,0.7437185930936088,2.8284271247461903,0.8928027258478378
mosmed_test_Morozov_study_0286_16,Morozov_study_0286,probabilities/mosmed_test_Morozov_study_0286_16.npy,masks/mosmed_test_Morozov_study_0286_16.png,0.5885761589574265,0.4170087976881519,21.201385403009667,4.202494712624391
mosmed_test_Jun_coronacases_case2_96,Jun_coronacases_case2,probabilities/mosmed_test_Jun_coronacases_case2_96.npy,masks/mosmed_test_Jun_coronacases_case2_96.png,0.9163708086801505,0.8456497997871988,2.23606797749979,0.8884676356772616
mosmed_test_Jun_radiopaedia_27_86410_0_case14_54,Jun_radiopaedia_27_86410_0_case14,probabilities/mosmed_test_Jun_radiopaedia_27_86410_0_case14_54.npy,masks/mosmed_test_Jun_radiopaedia_27_86410_0_case14_54.png,0.7349665924866444,0.5809859156404978,4.141035884842905,1.8313221777458042
mosmed_test_Jun_coronacases_case7_132,Jun_coronacases_case7,probabilities/mosmed_test_Jun_coronacases_case7_132.npy,masks/mosmed_test_Jun_coronacases_case7_132.png,0.8907514450898627,0.8030224075141729,4.176896403293384,1.219875047311277
mosmed_test_Jun_coronacases_case1_187,Jun_coronacases_case1,probabilities/mosmed_test_Jun_coronacases_case1_187.npy,masks/mosmed_test_Jun_coronacases_case1_187.png,0.8628762541832997,0.7588235294201099,3.605551275463989,1.24900791759535
mosmed_test_Jun_coronacases_case1_189,Jun_coronacases_case1,probabilities/mosmed_test_Jun_coronacases_case1_189.npy,masks/mosmed_test_Jun_coronacases_case1_189.png,0.8158269285563385,0.6889423077072625,13.079926734072101,2.6595622387988995
mosmed_test_Jun_coronacases_case5_116,Jun_coronacases_case5,probabilities/mosmed_test_Jun_coronacases_case5_116.npy,masks/mosmed_test_Jun_coronacases_case5_116.png,0.9020484171358641,0.8215739484517249,3.1622776601683795,0.9899392278359994
mosmed_test_Jun_coronacases_case1_237,Jun_coronacases_case1,probabilities/mosmed_test_Jun_coronacases_case1_237.npy,masks/mosmed_test_Jun_coronacases_case1_237.png,0.619718310394763,0.44897959296126616,2.0,1.067214030209958
mosmed_test_Morozov_study_0269_27,Morozov_study_0269,probabilities/mosmed_test_Morozov_study_0269_27.npy,masks/mosmed_test_Morozov_study_0269_27.png,0.7434554974493572,0.5916666668368056,3.1622776601683795,1.9851604673863819
mosmed_test_Jun_coronacases_case1_141,Jun_coronacases_case1,probabilities/mosmed_test_Jun_coronacases_case1_141.npy,masks/mosmed_test_Jun_coronacases_case1_141.png,0.8546897359196736,0.7462517037767775,5.385164807134504,1.4820170107874768
mosmed_test_Jun_coronacases_case4_112,Jun_coronacases_case4,probabilities/mosmed_test_Jun_coronacases_case4_112.npy,masks/mosmed_test_Jun_coronacases_case4_112.png,0.848857645004494,0.7374045801927628,2.8284271247461903,1.5259390288300314
mosmed_test_Morozov_study_0275_28,Morozov_study_0275,probabilities/mosmed_test_Morozov_study_0275_28.npy,masks/mosmed_test_Morozov_study_0275_28.png,0.8038125496581562,0.6719787517035886,5.385164807134504,1.6486219859336502
mosmed_test_Morozov_study_0268_20,Morozov_study_0268,probabilities/mosmed_test_Morozov_study_0268_20.npy,masks/mosmed_test_Morozov_study_0268_20.png,0.7781250000173339,0.6368286445477201,5.656854249492381,1.756413325909884
mosmed_test_Morozov_study_0263_12,Morozov_study_0263,probabilities/mosmed_test_Morozov_study_0263_12.npy,masks/mosmed_test_Morozov_study_0263_12.png,0.6133768352996123,0.4423529413076816,121.23114360874472,25.358954738082307
mosmed_test_Morozov_study_0289_27,Morozov_study_0289,probabilities/mosmed_test_Morozov_study_0289_27.npy,masks/mosmed_test_Morozov_study_0289_27.png,0.8129395218265908,0.6848341232974327,3.4060781485809697,1.071581127641186
mosmed_test_Jun_coronacases_case1_114,Jun_coronacases_case1,probabilities/mosmed_test_Jun_coronacases_case1_114.npy,masks/mosmed_test_Jun_coronacases_case1_114.png,0.8674027226941,0.7658527351927721,5.652637059760941,4.491972058308026
mosmed_test_Jun_coronacases_case1_143,Jun_coronacases_case1,probabilities/mosmed_test_Jun_coronacases_case1_143.npy,masks/mosmed_test_Jun_coronacases_case1_143.png,0.8405458089689338,0.7249495628844441,5.656854249492381,1.6211090514542876
mosmed_test_Jun_coronacases_case9_144,Jun_coronacases_case9,probabilities/mosmed_test_Jun_coronacases_case9_144.npy,masks/mosmed_test_Jun_coronacases_case9_144.png,0.9192692987672794,0.850599781913784,2.0,0.5964711375825461
mosmed_test_Jun_coronacases_case1_158,Jun_coronacases_case1,probabilities/mosmed_test_Jun_coronacases_case1_158.npy,masks/mosmed_test_Jun_coronacases_case1_158.png,0.718299164772691,0.5604265402947766,14.104872252091473,2.6727444658848105
mosmed_test_Morozov_study_0277_22,Morozov_study_0277,probabilities/mosmed_test_Morozov_study_0277_22.npy,masks/mosmed_test_Morozov_study_0277_22.png,0.8237663645696106,0.7003424658047359,6.0,1.5074925869775841
mosmed_test_Morozov_study_0288_7,Morozov_study_0288,probabilities/mosmed_test_Morozov_study_0288_7.npy,masks/mosmed_test_Morozov_study_0288_7.png,0.825340438134241,0.7026209677569244,6.708203932499369,1.9422805741044538
mosmed_test_Jun_coronacases_case1_148,Jun_coronacases_case1,probabilities/mosmed_test_Jun_coronacases_case1_148.npy,masks/mosmed_test_Jun_coronacases_case1_148.png,0.8869299881354987,0.7968321657082902,2.53224755112299,0.9660256407918084
mosmed_test_Jun_coronacases_case6_60,Jun_coronacases_case6,probabilities/mosmed_test_Jun_coronacases_case6_60.npy,masks/mosmed_test_Jun_coronacases_case6_60.png,0.8120481927937291,0.683569979780209,3.0,0.9161321376313645
mosmed_test_Jun_coronacases_case8_75,Jun_coronacases_case8,probabilities/mosmed_test_Jun_coronacases_case8_75.npy,masks/mosmed_test_Jun_coronacases_case8_75.png,0.9411764705898674,0.8888888888947123,2.0,0.6682362085042531
mosmed_test_Jun_coronacases_case5_132,Jun_coronacases_case5,probabilities/mosmed_test_Jun_coronacases_case5_132.npy,masks/mosmed_test_Jun_coronacases_case5_132.png,0.8527648234608418,0.7433217189612866,4.123105625617661,1.221972151310234
mosmed_test_Jun_coronacases_case4_102,Jun_coronacases_case4,probabilities/mosmed_test_Jun_coronacases_case4_102.npy,masks/mosmed_test_Jun_coronacases_case4_102.png,0.8004484305156447,0.6672897196883572,2.8284271247461903,0.9739165756982628
mosmed_test_Morozov_study_0265_10,Morozov_study_0265,probabilities/mosmed_test_Morozov_study_0265_10.npy,masks/mosmed_test_Morozov_study_0265_10.png,0.8474354786067483,0.7352607709900646,7.924099870362644,1.7560634748343078
mosmed_test_Morozov_study_0281_37,Morozov_study_0281,probabilities/mosmed_test_Morozov_study_0281_37.npy,masks/mosmed_test_Morozov_study_0281_37.png,0.8238482385301225,0.700460829631124,124.74452769029378,12.470989400919878
mosmed_test_Jun_radiopaedia_40_86625_0_case18_39,Jun_radiopaedia_40_86625_0_case18,probabilities/mosmed_test_Jun_radiopaedia_40_86625_0_case18_39.npy,masks/mosmed_test_Jun_radiopaedia_40_86625_0_case18_39.png,0.9112281131386015,0.8369320737754016,6.3991957915780295,1.790691673881068
mosmed_test_Jun_coronacases_case8_244,Jun_coronacases_case8,probabilities/mosmed_test_Jun_coronacases_case8_244.npy,masks/mosmed_test_Jun_coronacases_case8_244.png,0.9024390244199881,0.8222222223209876,1.0,0.38477158798841166
mosmed_test_Morozov_study_0255_31,Morozov_study_0255,probabilities/mosmed_test_Morozov_study_0255_31.npy,masks/mosmed_test_Morozov_study_0255_31.png,0.8878048780761452,0.7982456141235765,2.0,0.5742520141500195
mosmed_test_Jun_coronacases_case8_162,Jun_coronacases_case8,probabilities/mosmed_test_Jun_coronacases_case8_162.npy,masks/mosmed_test_Jun_coronacases_case8_162.png,0.854974704896502,0.7466863034059877,5.0,1.2278196339830993
mosmed_test_Jun_radiopaedia_14_85914_0_case13_84,Jun_radiopaedia_14_85914_0_case13,probabilities/mosmed_test_Jun_radiopaedia_14_85914_0_case13_84.npy,masks/mosmed_test_Jun_radiopaedia_14_85914_0_case13_84.png,0.8181105009546328,0.6922055755795143,11.40175425099138,2.5521732195692834
mosmed_test_Jun_coronacases_case10_108,Jun_coronacases_case10,probabilities/mosmed_test_Jun_coronacases_case10_108.npy,masks/mosmed_test_Jun_coronacases_case10_108.png,0.9145410001453446,0.8425385023939846,4.0,1.19943211387058
mosmed_test_Jun_radiopaedia_14_85914_0_case13_41,Jun_radiopaedia_14_85914_0_case13,probabilities/mosmed_test_Jun_radiopaedia_14_85914_0_case13_41.npy,masks/mosmed_test_Jun_radiopaedia_14_85914_0_case13_41.png,0.8358104699451441,0.7179333333352138,10.770329614269007,2.832449910808874
mosmed_test_Jun_coronacases_case4_142,Jun_coronacases_case4,probabilities/mosmed_test_Jun_coronacases_case4_142.npy,masks/mosmed_test_Jun_coronacases_case4_142.png,0.8480725623668893,0.7362204724669075,5.0,1.5638326436106131
mosmed_test_Jun_coronacases_case1_149,Jun_coronacases_case1,probabilities/mosmed_test_Jun_coronacases_case1_149.npy,masks/mosmed_test_Jun_coronacases_case1_149.png,0.8659040355915808,0.7635191930579008,15.013216876123675,2.5068390663632565
mosmed_test_Jun_radiopaedia_27_86410_0_case14_36,Jun_radiopaedia_27_86410_0_case14,probabilities/mosmed_test_Jun_radiopaedia_27_86410_0_case14_36.npy,masks/mosmed_test_Jun_radiopaedia_27_86410_0_case14_36.png,0.8276888723547566,0.7060317460504107,5.385164807134504,1.6140977008375532
mosmed_test_Jun_coronacases_case6_114,Jun_coronacases_case6,probabilities/mosmed_test_Jun_coronacases_case6_114.npy,masks/mosmed_test_Jun_coronacases_case6_114.png,0.8518518518861454,0.741935483975026,2.8284271247461903,0.946923855957546
mosmed_test_Morozov_study_0263_9,Morozov_study_0263,probabilities/mosmed_test_Morozov_study_0263_9.npy,masks/mosmed_test_Morozov_study_0263_9.png,0.708504398844076,0.5485921889601642,29.09466163230967,4.704345244333006
mosmed_test_Morozov_study_0264_32,Morozov_study_0264,probabilities/mosmed_test_Morozov_study_0264_32.npy,masks/mosmed_test_Morozov_study_0264_32.png,9.174311918188705e-10,9.174311918188705e-10,92.58158529120027,86.95350055839981
mosmed_test_Jun_radiopaedia_29_86491_1_case16_17,Jun_radiopaedia_29_86491_1_case16,probabilities/mosmed_test_Jun_radiopaedia_29_86491_1_case16_17.npy,masks/mosmed_test_Jun_radiopaedia_29_86491_1_case16_17.png,0.8478015783625816,0.7358121330982571,78.43308856963156,8.55498692329621
mosmed_test_Jun_coronacases_case4_149,Jun_coronacases_case4,probabilities/mosmed_test_Jun_coronacases_case4_149.npy,masks/mosmed_test_Jun_coronacases_case4_149.png,0.8419705694278969,0.7270718232345776,5.0,1.5349320716353325
mosmed_test_Jun_coronacases_case7_137,Jun_coronacases_case7,probabilities/mosmed_test_Jun_coronacases_case7_137.npy,masks/mosmed_test_Jun_coronacases_case7_137.png,0.9238420889050717,0.8584633160104874,2.0,0.7318058148638917
mosmed_test_Jun_coronacases_case2_130,Jun_coronacases_case2,probabilities/mosmed_test_Jun_coronacases_case2_130.npy,masks/mosmed_test_Jun_coronacases_case2_130.png,0.9084608720788778,0.8322751322840066,3.0,1.633304883027392
mosmed_test_Jun_coronacases_case10_160,Jun_coronacases_case10,probabilities/mosmed_test_Jun_coronacases_case10_160.npy,masks/mosmed_test_Jun_coronacases_case10_160.png,0.881402024476788,0.7879524581364681,5.0,1.7450432286225606
mosmed_test_Morozov_study_0277_16,Morozov_study_0277,probabilities/mosmed_test_Morozov_study_0277_16.npy,masks/mosmed_test_Morozov_study_0277_16.png,0.81000000000475,0.6806722689209802,54.15346179320496,5.758089763045428
mosmed_test_Jun_coronacases_case1_116,Jun_coronacases_case1,probabilities/mosmed_test_Jun_coronacases_case1_116.npy,masks/mosmed_test_Jun_coronacases_case1_116.png,0.846613708952202,0.7340244248830726,10.63014581273465,2.641894667611801
mosmed_test_Jun_coronacases_case2_149,Jun_coronacases_case2,probabilities/mosmed_test_Jun_coronacases_case2_149.npy,masks/mosmed_test_Jun_coronacases_case2_149.png,0.9177884615404378,0.8480675255509522,2.0,0.7204773395086749
mosmed_test_Morozov_study_0280_12,Morozov_study_0280,probabilities/mosmed_test_Morozov_study_0280_12.npy,masks/mosmed_test_Morozov_study_0280_12.png,0.834170854354688,0.7155172416245541,2.0,0.59672660912538
mosmed_test_Jun_radiopaedia_7_85703_0_case20_22,Jun_radiopaedia_7_85703_0_case20,probabilities/mosmed_test_Jun_radiopaedia_7_85703_0_case20_22.npy,masks/mosmed_test_Jun_radiopaedia_7_85703_0_case20_22.png,0.8480076354128369,0.7361226180722402,6.194733192202026,1.5754065942565474
mosmed_test_Jun_coronacases_case1_217,Jun_coronacases_case1,probabilities/mosmed_test_Jun_coronacases_case1_217.npy,masks/mosmed_test_Jun_coronacases_case1_217.png,0.7809239940713973,0.6405867971538908,2.23606797749979,0.8520550200315503
mosmed_test_Jun_coronacases_case7_99,Jun_coronacases_case7,probabilities/mosmed_test_Jun_coronacases_case7_99.npy,masks/mosmed_test_Jun_coronacases_case7_99.png,0.8885630498574574,0.7994722955277394,3.1622776601683795,0.9854108286957152
mosmed_test_Morozov_study_0257_20,Morozov_study_0257,probabilities/mosmed_test_Morozov_study_0257_20.npy,masks/mosmed_test_Morozov_study_0257_20.png,0.6950420954305406,0.5326164874887013,27.018512172212592,7.760400372367037
mosmed_test_Morozov_study_0297_26,Morozov_study_0297,probabilities/mosmed_test_Morozov_study_0297_26.npy,masks/mosmed_test_Morozov_study_0297_26.png,0.7334283677928215,0.5790658413292591,6.324555320336759,2.8370179261118498
mosmed_test_Jun_coronacases_case5_106,Jun_coronacases_case5,probabilities/mosmed_test_Jun_coronacases_case5_106.npy,masks/mosmed_test_Jun_coronacases_case5_106.png,0.9154977762601608,0.8441640378647215,2.23606797749979,0.9679313234892235
mosmed_test_bjorke_89,bjorke_89,probabilities/mosmed_test_bjorke_89.npy,masks/mosmed_test_bjorke_89.png,0.7761653911153158,0.6342077479116851,31.97729306513739,5.4426011845072955
mosmed_test_Jun_coronacases_case3_179,Jun_coronacases_case3,probabilities/mosmed_test_Jun_coronacases_case3_179.npy,masks/mosmed_test_Jun_coronacases_case3_179.png,0.24870466360170745,0.14201183482721194,16.278820596099706,5.693676802178976
mosmed_test_Jun_radiopaedia_7_85703_0_case20_43,Jun_radiopaedia_7_85703_0_case20,probabilities/mosmed_test_Jun_radiopaedia_7_85703_0_case20_43.npy,masks/mosmed_test_Jun_radiopaedia_7_85703_0_case20_43.png,0.7288343558614927,0.5733590734414366,4.498529157249592,1.36200226766273
mosmed_test_bjorke_56,bjorke_56,probabilities/mosmed_test_bjorke_56.npy,masks/mosmed_test_bjorke_56.png,0.8521705376208144,0.7424191184769007,20.0,5.866753318820823
mosmed_test_Morozov_study_0297_15,Morozov_study_0297,probabilities/mosmed_test_Morozov_study_0297_15.npy,masks/mosmed_test_Morozov_study_0297_15.png,0.7583837722925179,0.6108036890748141,7.280109889280518,1.9154161052101069
mosmed_test_Jun_coronacases_case5_139,Jun_coronacases_case5,probabilities/mosmed_test_Jun_coronacases_case5_139.npy,masks/mosmed_test_Jun_coronacases_case5_139.png,0.9388920616825305,0.8848223896787059,1.4142135623730951,0.5575815539934664
mosmed_test_Jun_coronacases_case7_94,Jun_coronacases_case7,probabilities/mosmed_test_Jun_coronacases_case7_94.npy,masks/mosmed_test_Jun_coronacases_case7_94.png,0.9323254139693188,0.8732299393207532,2.0,0.6789855311869915
mosmed_test_Jun_coronacases_case2_52,Jun_coronacases_case2,probabilities/mosmed_test_Jun_coronacases_case2_52.npy,masks/mosmed_test_Jun_coronacases_case2_52.png,0.9263502455052086,0.8628048780696944,2.0,0.7006775206577243
mosmed_test_Jun_radiopaedia_10_85902_3_case12_124,Jun_radiopaedia_10_85902_3_case12,probabilities/mosmed_test_Jun_radiopaedia_10_85902_3_case12_124.npy,masks/mosmed_test_Jun_radiopaedia_10_85902_3_case12_124.png,0.9329700272497828,0.8743615934691338,4.123105625617661,1.177476896810851
mosmed_test_Jun_radiopaedia_27_86410_0_case14_43,Jun_radiopaedia_27_86410_0_case14,probabilities/mosmed_test_Jun_radiopaedia_27_86410_0_case14_43.npy,masks/mosmed_test_Jun_radiopaedia_27_86410_0_case14_43.png,0.7733934611303953,0.6305147059502731,135.98602840775905,29.1431159420077
mosmed_test_Jun_coronacases_case1_157,Jun_coronacases_case1,probabilities/mosmed_test_Jun_coronacases_case1_157.npy,masks/mosmed_test_Jun_coronacases_case1_157.png,0.713413807138025,0.5545013704500421,17.846419151666076,3.1151465854662788
mosmed_test_Jun_coronacases_case2_151,Jun_coronacases_case2,probabilities/mosmed_test_Jun_coronacases_case2_151.npy,masks/mosmed_test_Jun_coronacases_case2_151.png,0.9051132027498063,0.8266728624615859,2.8284271247461903,0.8117303272431183
mosmed_test_Jun_coronacases_case1_130,Jun_coronacases_case1,probabilities/mosmed_test_Jun_coronacases_case1_130.npy,masks/mosmed_test_Jun_coronacases_case1_130.png,0.8111351091935308,0.6822769479272854,8.06225774829855,2.5664377082411134
mosmed_test_Morozov_study_0258_30,Morozov_study_0258,probabilities/mosmed_test_Morozov_study_0258_30.npy,masks/mosmed_test_Morozov_study_0258_30.png,0.7547169811651324,0.6060606061458743,4.242640687119285,1.4394397443983007
mosmed_test_Jun_radiopaedia_36_86526_0_case17_20,Jun_radiopaedia_36_86526_0_case17,probabilities/mosmed_test_Jun_radiopaedia_36_86526_0_case17_20.npy,masks/mosmed_test_Jun_radiopaedia_36_86526_0_case17_20.png,0.8405139833771537,0.7249022164455735,3.1622776601683795,1.1399099352697573
mosmed_test_Jun_radiopaedia_40_86625_0_case18_41,Jun_radiopaedia_40_86625_0_case18,probabilities/mosmed_test_Jun_radiopaedia_40_86625_0_case18_41.npy,masks/mosmed_test_Jun_radiopaedia_40_86625_0_case18_41.png,0.8866682528357258,0.7964097449793673,10.44030650891055,2.4403171010779237
mosmed_test_Jun_radiopaedia_10_85902_3_case12_186,Jun_radiopaedia_10_85902_3_case12,probabilities/mosmed_test_Jun_radiopaedia_10_85902_3_case12_186.npy,masks/mosmed_test_Jun_radiopaedia_10_85902_3_case12_186.png,0.9310689310712265,0.8710280373912133,4.0,1.0778219354695322
mosmed_test_Jun_radiopaedia_40_86625_0_case18_72,Jun_radiopaedia_40_86625_0_case18,probabilities/mosmed_test_Jun_radiopaedia_40_86625_0_case18_72.npy,masks/mosmed_test_Jun_radiopaedia_40_86625_0_case18_72.png,0.8827310632393787,0.7900793033775451,7.211102550927978,1.664342558040074
mosmed_test_Jun_coronacases_case2_145,Jun_coronacases_case2,probabilities/mosmed_test_Jun_coronacases_case2_145.npy,masks/mosmed_test_Jun_coronacases_case2_145.png,0.9096163951679028,0.8342168674778692,3.605551275463989,1.0510698846992796
mosmed_test_Jun_coronacases_case2_134,Jun_coronacases_case2,probabilities/mosmed_test_Jun_coronacases_case2_134.npy,masks/mosmed_test_Jun_coronacases_case2_134.png,0.9182818229460901,0.8489104116295928,2.1416407864998526,0.747317899016134
mosmed_test_Jun_coronacases_case5_134,Jun_coronacases_case5,probabilities/mosmed_test_Jun_coronacases_case5_134.npy,masks/mosmed_test_Jun_coronacases_case5_134.png,0.8792029887995515,0.784444444468395,3.1622776601683795,1.1510163782841336
mosmed_test_Jun_radiopaedia_29_86491_1_case16_20,Jun_radiopaedia_29_86491_1_case16,probabilities/mosmed_test_Jun_radiopaedia_29_86491_1_case16_20.npy,masks/mosmed_test_Jun_radiopaedia_29_86491_1_case16_20.png,0.9258266309237789,0.8618968386138189,2.8284271247461903,1.2077426734515349
mosmed_test_Morozov_study_0261_21,Morozov_study_0261,probabilities/mosmed_test_Morozov_study_0261_21.npy,masks/mosmed_test_Morozov_study_0261_21.png,0.8281250000223795,0.7066666667318519,5.0,0.9998587755683265
mosmed_test_Jun_coronacases_case7_61,Jun_coronacases_case7,probabilities/mosmed_test_Jun_coronacases_case7_61.npy,masks/mosmed_test_Jun_coronacases_case7_61.png,0.9333333334222222,0.8750000003125,1.0,0.22727272727272727
mosmed_test_Morozov_study_0261_16,Morozov_study_0261,probabilities/mosmed_test_Morozov_study_0261_16.npy,masks/mosmed_test_Morozov_study_0261_16.png,0.7317073172040452,0.5769230772485207,5.361269837220807,9.316849346998605
mosmed_test_Morozov_study_0288_18,Morozov_study_0288,probabilities/mosmed_test_Morozov_study_0288_18.npy,masks/mosmed_test_Morozov_study_0288_18.png,0.6052889324320834,0.4339887640714425,47.07044105954396,9.153695585397351
mosmed_test_Morozov_study_0286_21,Morozov_study_0286,probabilities/mosmed_test_Morozov_study_0286_21.npy,masks/mosmed_test_Morozov_study_0286_21.png,0.625498007983048,0.4550724637997059,18.788294228055936,3.5736767836545504
mosmed_test_Jun_coronacases_case3_146,Jun_coronacases_case3,probabilities/mosmed_test_Jun_coronacases_case3_146.npy,masks/mosmed_test_Jun_coronacases_case3_146.png,0.9440741813975069,0.8940724478624019,2.0,0.7482499563936758
mosmed_test_Morozov_study_0298_19,Morozov_study_0298,probabilities/mosmed_test_Morozov_study_0298_19.npy,masks/mosmed_test_Morozov_study_0298_19.png,0.5689655172609362,0.3975903614839828,107.20634301883015,12.397843238762297
mosmed_test_Jun_coronacases_case6_46,Jun_coronacases_case6,probabilities/mosmed_test_Jun_coronacases_case6_46.npy,masks/mosmed_test_Jun_coronacases_case6_46.png,4.166666649305555e-09,4.166666649305555e-09,543.0580079512685,543.0580079512685
mosmed_test_Morozov_study_0264_31,Morozov_study_0264,probabilities/mosmed_test_Morozov_study_0264_31.npy,masks/mosmed_test_Morozov_study_0264_31.png,0.5180722894469444,0.34959349646374516,7.280109889280518,1.9405143385751125
mosmed_test_Jun_coronacases_case8_216,Jun_coronacases_case8,probabilities/mosmed_test_Jun_coronacases_case8_216.npy,masks/mosmed_test_Jun_coronacases_case8_216.png,0.8631211857137644,0.7592024540246622,2.8284271247461903,0.7840041466444678
mosmed_test_Jun_coronacases_case7_143,Jun_coronacases_case7,probabilities/mosmed_test_Jun_coronacases_case7_143.npy,masks/mosmed_test_Jun_coronacases_case7_143.png,0.9204087952951252,0.8525530694289987,2.23606797749979,0.853824433334607
mosmed_test_Morozov_study_0271_15,Morozov_study_0271,probabilities/mosmed_test_Morozov_study_0271_15.npy,masks/mosmed_test_Morozov_study_0271_15.png,0.6843575419435255,0.5201698514819172,4.098484500494126,2.0140212787996448
mosmed_test_Morozov_study_0297_34,Morozov_study_0297,probabilities/mosmed_test_Morozov_study_0297_34.npy,masks/mosmed_test_Morozov_study_0297_34.png,0.6956775701023459,0.5333631885564997,23.599477971805314,4.168884879510892
mosmed_test_Jun_radiopaedia_10_85902_1_case11_12,Jun_radiopaedia_10_85902_1_case11,probabilities/mosmed_test_Jun_radiopaedia_10_85902_1_case11_12.npy,masks/mosmed_test_Jun_radiopaedia_10_85902_1_case11_12.png,0.9014580191075551,0.8205949656832681,3.605551275463989,1.8459456205248177
mosmed_test_Jun_coronacases_case10_228,Jun_coronacases_case10,probabilities/mosmed_test_Jun_coronacases_case10_228.npy,masks/mosmed_test_Jun_coronacases_case10_228.png,0.9049689441023302,0.8264322178203952,2.8284271247461903,0.9387112643548312
mosmed_test_Jun_coronacases_case1_185,Jun_coronacases_case1,probabilities/mosmed_test_Jun_coronacases_case1_185.npy,masks/mosmed_test_Jun_coronacases_case1_185.png,0.8700967906287979,0.7700631199347742,3.0,1.1923585885372632
mosmed_test_Jun_coronacases_case7_106,Jun_coronacases_case7,probabilities/mosmed_test_Jun_coronacases_case7_106.npy,masks/mosmed_test_Jun_coronacases_case7_106.png,0.9030648610155715,0.8232618583610616,2.8627416997969406,1.0075036713945031
mosmed_test_Jun_coronacases_case1_150,Jun_coronacases_case1,probabilities/mosmed_test_Jun_coronacases_case1_150.npy,masks/mosmed_test_Jun_coronacases_case1_150.png,0.8667721519008422,0.764870148009917,4.0,1.1705126026194208
mosmed_test_Jun_coronacases_case1_199,Jun_coronacases_case1,probabilities/mosmed_test_Jun_coronacases_case1_199.npy,masks/mosmed_test_Jun_coronacases_case1_199.png,0.8332523091908401,0.7141666666746065,5.0,1.9379801959173244
mosmed_test_Jun_coronacases_case10_129,Jun_coronacases_case10,probabilities/mosmed_test_Jun_coronacases_case10_129.npy,masks/mosmed_test_Jun_coronacases_case10_129.png,0.8315317690504676,0.7116425992844846,7.615773105863909,2.1957251070027803
mosmed_test_bjorke_76,bjorke_76,probabilities/mosmed_test_bjorke_76.npy,masks/mosmed_test_bjorke_76.png,0.7689850442874547,0.6246756310480092,14.734132567982527,3.8589067064083946
mosmed_test_Morozov_study_0290_26,Morozov_study_0290,probabilities/mosmed_test_Morozov_study_0290_26.npy,masks/mosmed_test_Morozov_study_0290_26.png,0.8484848485504395,0.7368421054610209,3.1622776601683795,0.8040295331218504
mosmed_test_Jun_coronacases_case7_111,Jun_coronacases_case7,probabilities/mosmed_test_Jun_coronacases_case7_111.npy,masks/mosmed_test_Jun_coronacases_case7_111.png,0.9323367427249277,0.8732498157794215,2.23606797749979,0.7155763318742422
mosmed_test_Morozov_study_0280_29,Morozov_study_0280,probabilities/mosmed_test_Morozov_study_0280_29.npy,masks/mosmed_test_Morozov_study_0280_29.png,0.7234042556133997,0.5666666673888889,2.23606797749979,0.856908190291418
mosmed_test_Morozov_study_0290_20,Morozov_study_0290,probabilities/mosmed_test_Morozov_study_0290_20.npy,masks/mosmed_test_Morozov_study_0290_20.png,0.7017543860396606,0.540540540717938,5.0,1.3159087129519622
mosmed_test_Jun_coronacases_case10_186,Jun_coronacases_case10,probabilities/mosmed_test_Jun_coronacases_case10_186.npy,masks/mosmed_test_Jun_coronacases_case10_186.png,0.9010492332542204,0.8199177438360776,2.8284271247461903,0.9905663692245487
mosmed_test_Jun_radiopaedia_10_85902_3_case12_119,Jun_radiopaedia_10_85902_3_case12,probabilities/mosmed_test_Jun_radiopaedia_10_85902_3_case12_119.npy,masks/mosmed_test_Jun_radiopaedia_10_85902_3_case12_119.png,0.9537326142505327,0.9115572436293241,3.0,0.7473777768735045
mosmed_test_Jun_coronacases_case1_171,Jun_coronacases_case1,probabilities/mosmed_test_Jun_coronacases_case1_171.npy,masks/mosmed_test_Jun_coronacases_case1_171.png,0.8281649033262253,0.706724782085509,3.605551275463989,1.1724817935895502
mosmed_test_Jun_coronacases_case6_89,Jun_coronacases_case6,probabilities/mosmed_test_Jun_coronacases_case6_89.npy,masks/mosmed_test_Jun_coronacases_case6_89.png,0.9648012154984856,0.9319960861090022,1.4142135623730951,0.56400494713267
mosmed_test_Jun_coronacases_case7_91,Jun_coronacases_case7,probabilities/mosmed_test_Jun_coronacases_case7_91.npy,masks/mosmed_test_Jun_coronacases_case7_91.png,0.7033363390575593,0.5424200278482322,39.717419134238426,4.970658509013831
mosmed_test_Jun_coronacases_case3_100,Jun_coronacases_case3,probabilities/mosmed_test_Jun_coronacases_case3_100.npy,masks/mosmed_test_Jun_coronacases_case3_100.png,0.9117266652300511,0.8377735961192654,19.019723192830334,3.720089886070652
mosmed_test_Morozov_study_0255_16,Morozov_study_0255,probabilities/mosmed_test_Morozov_study_0255_16.npy,masks/mosmed_test_Morozov_study_0255_16.png,0.8630393996276206,0.7590759075995939,5.983095189484507,2.3665675050668056
mosmed_test_Morozov_study_0272_20,Morozov_study_0272,probabilities/mosmed_test_Morozov_study_0272_20.npy,masks/mosmed_test_Morozov_study_0272_20.png,0.8906115417837543,0.8027950310865225,6.0,1.6427958736590924
mosmed_test_Jun_radiopaedia_4_85506_1_case19_27,Jun_radiopaedia_4_85506_1_case19,probabilities/mosmed_test_Jun_radiopaedia_4_85506_1_case19_27.npy,masks/mosmed_test_Jun_radiopaedia_4_85506_1_case19_27.png,0.8414432307235536,0.7262857143013551,87.66184904297454,9.663111164030607
mosmed_test_Jun_radiopaedia_14_85914_0_case13_20,Jun_radiopaedia_14_85914_0_case13,probabilities/mosmed_test_Jun_radiopaedia_14_85914_0_case13_20.npy,masks/mosmed_test_Jun_radiopaedia_14_85914_0_case13_20.png,0.8763213530677181,0.7798682972787749,5.0,1.7050435639915682
mosmed_test_Jun_radiopaedia_27_86410_0_case14_28,Jun_radiopaedia_27_86410_0_case14,probabilities/mosmed_test_Jun_radiopaedia_27_86410_0_case14_28.npy,masks/mosmed_test_Jun_radiopaedia_27_86410_0_case14_28.png,0.8300660446605507,0.7094982078905108,10.0,3.6054640646099907
mosmed_test_Jun_coronacases_case9_136,Jun_coronacases_case9,probabilities/mosmed_test_Jun_coronacases_case9_136.npy,masks/mosmed_test_Jun_coronacases_case9_136.png,0.9233633260960793,0.8576368876162745,3.0,0.9491972371208037
mosmed_test_Jun_coronacases_case5_62,Jun_coronacases_case5,probabilities/mosmed_test_Jun_coronacases_case5_62.npy,masks/mosmed_test_Jun_coronacases_case5_62.png,0.8566108007715809,0.7491856678341414,2.0,1.0555698030213634
mosmed_test_Morozov_study_0277_10,Morozov_study_0277,probabilities/mosmed_test_Morozov_study_0277_10.npy,masks/mosmed_test_Morozov_study_0277_10.png,0.40659762181025716,0.25517573426792606,60.258177351981594,22.577565654024383
mosmed_test_Jun_coronacases_case6_106,Jun_coronacases_case6,probabilities/mosmed_test_Jun_coronacases_case6_106.npy,masks/mosmed_test_Jun_coronacases_case6_106.png,0.8485221674970121,0.7368983957500643,42.040417803755226,5.310884772192143
mosmed_test_Jun_radiopaedia_40_86625_0_case18_40,Jun_radiopaedia_40_86625_0_case18,probabilities/mosmed_test_Jun_radiopaedia_40_86625_0_case18_40.npy,masks/mosmed_test_Jun_radiopaedia_40_86625_0_case18_40.png,0.8876921262632663,0.7980633305075059,9.219544457292887,2.2512017228207277
mosmed_test_Morozov_study_0295_28,Morozov_study_0295,probabilities/mosmed_test_Morozov_study_0295_28.npy,masks/mosmed_test_Morozov_study_0295_28.png,0.7500000002403846,0.6000000006153847,2.0,0.7963166272840524
mosmed_test_Morozov_study_0275_12,Morozov_study_0275,probabilities/mosmed_test_Morozov_study_0275_12.npy,masks/mosmed_test_Morozov_study_0275_12.png,0.6326836582259845,0.4627192983634387,7.0710678118654755,11.064241234409293
mosmed_test_Jun_coronacases_case8_161,Jun_coronacases_case8,probabilities/mosmed_test_Jun_coronacases_case8_161.npy,masks/mosmed_test_Jun_coronacases_case8_161.png,0.8237597911284673,0.7003329633906585,7.11307823358422,1.8823118994733974
mosmed_test_Jun_coronacases_case4_144,Jun_coronacases_case4,probabilities/mosmed_test_Jun_coronacases_case4_144.npy,masks/mosmed_test_Jun_coronacases_case4_144.png,0.9013906447597099,0.8204833141748581,3.0,0.9476800798410442
mosmed_test_Morozov_study_0279_28,Morozov_study_0279,probabilities/mosmed_test_Morozov_study_0279_28.npy,masks/mosmed_test_Morozov_study_0279_28.png,0.6544117648329367,0.48633879809489683,5.0,1.3828469901053686
mosmed_test_Morozov_study_0262_13,Morozov_study_0262,probabilities/mosmed_test_Morozov_study_0262_13.npy,masks/mosmed_test_Morozov_study_0262_13.png,0.5474060823707683,0.37684729079387996,5.089117562233504,1.7328027189120272
mosmed_test_Jun_coronacases_case3_130,Jun_coronacases_case3,probabilities/mosmed_test_Jun_coronacases_case3_130.npy,masks/mosmed_test_Jun_coronacases_case3_130.png,0.9337066473994426,0.8756564458770852,3.605551275463989,1.083092342023544
mosmed_test_Jun_coronacases_case3_120,Jun_coronacases_case3,probabilities/mosmed_test_Jun_coronacases_case3_120.npy,masks/mosmed_test_Jun_coronacases_case3_120.png,0.9167608286257579,0.8463143254537978,4.242640687119285,1.5781948745421441
mosmed_test_Morozov_study_0275_38,Morozov_study_0275,probabilities/mosmed_test_Morozov_study_0275_38.npy,masks/mosmed_test_Morozov_study_0275_38.png,0.7972027973446134,0.6627906980665225,11.721674414891837,1.5848772524499082
mosmed_test_Jun_coronacases_case1_192,Jun_coronacases_case1,probabilities/mosmed_test_Jun_coronacases_case1_192.npy,masks/mosmed_test_Jun_coronacases_case1_192.png,0.754098360662688,0.605263157912647,7.067514421272197,2.8638002637438054
mosmed_test_Morozov_study_0264_33,Morozov_study_0264,probabilities/mosmed_test_Morozov_study_0264_33.npy,masks/mosmed_test_Morozov_study_0264_33.png,0.6492146597776924,0.4806201552400696,83.03722958931012,15.237386008206943
mosmed_test_Jun_coronacases_case1_98,Jun_coronacases_case1,probabilities/mosmed_test_Jun_coronacases_case1_98.npy,masks/mosmed_test_Jun_coronacases_case1_98.png,0.8903360250093687,0.8023474178496551,5.0,1.4165616515492259
mosmed_test_bjorke_53,bjorke_53,probabilities/mosmed_test_bjorke_53.npy,masks/mosmed_test_bjorke_53.png,0.5340668641655931,0.3643187067158107,22.193454357675133,6.778613622411827
mosmed_test_bjorke_100,bjorke_100,probabilities/mosmed_test_bjorke_100.npy,masks/mosmed_test_bjorke_100.png,0.5632819631661747,0.39206159366577914,42.515874431951296,9.5610661872399
mosmed_test_Jun_coronacases_case7_155,Jun_coronacases_case7,probabilities/mosmed_test_Jun_coronacases_case7_155.npy,masks/mosmed_test_Jun_coronacases_case7_155.png,0.9128986197090483,0.8397548161261159,2.0,0.7073205301220085
mosmed_test_Jun_coronacases_case1_146,Jun_coronacases_case1,probabilities/mosmed_test_Jun_coronacases_case1_146.npy,masks/mosmed_test_Jun_coronacases_case1_146.png,0.7995531439546831,0.6660462643002912,48.55407143171554,6.467795187031277
mosmed_test_Jun_coronacases_case7_149,Jun_coronacases_case7,probabilities/mosmed_test_Jun_coronacases_case7_149.npy,masks/mosmed_test_Jun_coronacases_case7_149.png,0.8984455958601841,0.8156161806382298,2.0,0.7449847610169616
mosmed_test_Jun_coronacases_case9_119,Jun_coronacases_case9,probabilities/mosmed_test_Jun_coronacases_case9_119.npy,masks/mosmed_test_Jun_coronacases_case9_119.png,0.9480671612661448,0.9012620638492479,2.9485281374238452,0.8071284578946281
mosmed_test_Jun_radiopaedia_10_85902_3_case12_73,Jun_radiopaedia_10_85902_3_case12,probabilities/mosmed_test_Jun_radiopaedia_10_85902_3_case12_73.npy,masks/mosmed_test_Jun_radiopaedia_10_85902_3_case12_73.png,0.896495517530848,0.8124076809730565,2.23606797749979,0.9814195228291963
mosmed_test_Jun_coronacases_case2_63,Jun_coronacases_case2,probabilities/mosmed_test_Jun_coronacases_case2_63.npy,masks/mosmed_test_Jun_coronacases_case2_63.png,0.8424737456426519,0.7278225807000358,2.0,0.8788427619197139
mosmed_test_Jun_coronacases_case10_179,Jun_coronacases_case10,probabilities/mosmed_test_Jun_coronacases_case10_179.npy,masks/mosmed_test_Jun_coronacases_case10_179.png,0.8817707396098295,0.7885420019379291,4.123105625617661,1.2994090204766926
mosmed_test_Morozov_study_0265_18,Morozov_study_0265,probabilities/mosmed_test_Morozov_study_0265_18.npy,masks/mosmed_test_Morozov_study_0265_18.png,0.8774436090271638,0.7816476892309681,7.0710678118654755,1.5335385156812096
mosmed_test_Jun_coronacases_case9_189,Jun_coronacases_case9,probabilities/mosmed_test_Jun_coronacases_case9_189.npy,masks/mosmed_test_Jun_coronacases_case9_189.png,0.8519298245665989,0.7420537897468182,7.0,4.5408468421222885
mosmed_test_Morozov_study_0293_26,Morozov_study_0293,probabilities/mosmed_test_Morozov_study_0293_26.npy,masks/mosmed_test_Morozov_study_0293_26.png,0.7404580153662373,0.5878787881285583,3.605551275463989,1.1760049973819624
mosmed_test_Jun_coronacases_case10_102,Jun_coronacases_case10,probabilities/mosmed_test_Jun_coronacases_case10_102.npy,masks/mosmed_test_Jun_coronacases_case10_102.png,0.9209956709967397,0.8535606820498104,3.1622776601683795,1.1477295829766578
mosmed_test_Morozov_study_0275_25,Morozov_study_0275,probabilities/mosmed_test_Morozov_study_0275_25.npy,masks/mosmed_test_Morozov_study_0275_25.png,0.776357827493901,0.6344647520059447,5.079215610874223,1.5641238708791612
mosmed_test_Morozov_study_0277_11,Morozov_study_0277,probabilities/mosmed_test_Morozov_study_0277_11.npy,masks/mosmed_test_Morozov_study_0277_11.png,0.5086419754299649,0.3410596028671988,71.96587341448299,23.656726649716028
mosmed_test_Jun_coronacases_case4_129,Jun_coronacases_case4,probabilities/mosmed_test_Jun_coronacases_case4_129.npy,masks/mosmed_test_Jun_coronacases_case4_129.png,0.8575727181616062,0.7506584723660528,6.770493203370763,1.7619502020896534
mosmed_test_Jun_radiopaedia_14_85914_0_case13_22,Jun_radiopaedia_14_85914_0_case13,probabilities/mosmed_test_Jun_radiopaedia_14_85914_0_case13_22.npy,masks/mosmed_test_Jun_radiopaedia_14_85914_0_case13_22.png,0.859625468166897,0.7538097740474564,5.830951894845301,1.7746524384079727
mosmed_test_Morozov_study_0303_9,Morozov_study_0303,probabilities/mosmed_test_Morozov_study_0303_9.npy,masks/mosmed_test_Morozov_study_0303_9.png,0.6326860841721127,0.4627218935547075,7.211102550927978,2.1956156035405257
mosmed_test_bjorke_8,bjorke_8,probabilities/mosmed_test_bjorke_8.npy,masks/mosmed_test_bjorke_8.png,0.8977773212292174,0.8145153774468441,21.55689009927272,5.418795287896269
mosmed_test_Morozov_study_0296_17,Morozov_study_0296,probabilities/mosmed_test_Morozov_study_0296_17.npy,masks/mosmed_test_Morozov_study_0296_17.png,0.37134502933167474,0.22800718146714413,60.170579203726554,20.963081536326587
mosmed_test_Morozov_study_0302_22,Morozov_study_0302,probabilities/mosmed_test_Morozov_study_0302_22.npy,masks/mosmed_test_Morozov_study_0302_22.png,0.7913043478487712,0.6546762590549144,3.1622776601683795,1.136846343208213
mosmed_test_Jun_coronacases_case8_82,Jun_coronacases_case8,probabilities/mosmed_test_Jun_coronacases_case8_82.npy,masks/mosmed_test_Jun_coronacases_case8_82.png,0.8932038834981081,0.8070175438693225,3.0,1.0843176096141696
mosmed_test_Morozov_study_0299_28,Morozov_study_0299,probabilities/mosmed_test_Morozov_study_0299_28.npy,masks/mosmed_test_Morozov_study_0299_28.png,0.6058763931503671,0.43459302333799527,23.49003149719961,4.622438295032195
mosmed_test_Jun_coronacases_case2_40,Jun_coronacases_case2,probabilities/mosmed_test_Jun_coronacases_case2_40.npy,masks/mosmed_test_Jun_coronacases_case2_40.png,0.9090909090973657,0.8333333333550347,2.0,0.8117956170381163
mosmed_test_Morozov_study_0269_26,Morozov_study_0269,probabilities/mosmed_test_Morozov_study_0269_26.npy,masks/mosmed_test_Morozov_study_0269_26.png,4.1493775916392623e-10,4.1493775916392623e-10,543.0580079512685,543.0580079512685
mosmed_test_Jun_coronacases_case4_86,Jun_coronacases_case4,probabilities/mosmed_test_Jun_coronacases_case4_86.npy,masks/mosmed_test_Jun_coronacases_case4_86.png,0.8770629841738948,0.7810437912548864,2.914213562373095,1.1834814983190485
mosmed_test_Morozov_study_0268_11,Morozov_study_0268,probabilities/mosmed_test_Morozov_study_0268_11.npy,masks/mosmed_test_Morozov_study_0268_11.png,0.6448362721297641,0.4758364314216221,3.664718584144382,1.557760897039409
mosmed_test_Jun_coronacases_case8_154,Jun_coronacases_case8,probabilities/mosmed_test_Jun_coronacases_case8_154.npy,masks/mosmed_test_Jun_coronacases_case8_154.png,0.9160000000015273,0.8450184501897008,3.605551275463989,1.1205523771062094
mosmed_test_Jun_coronacases_case10_113,Jun_coronacases_case10,probabilities/mosmed_test_Jun_coronacases_case10_113.npy,masks/mosmed_test_Jun_coronacases_case10_113.png,0.8999493414399703,0.8180980888828437,4.123105625617661,1.6122396189435664
mosmed_test_Morozov_study_0255_25,Morozov_study_0255,probabilities/mosmed_test_Morozov_study_0255_25.npy,masks/mosmed_test_Morozov_study_0255_25.png,0.8852573018120564,0.7941359950221999,4.47213595499958,1.190349976030963
mosmed_test_Jun_coronacases_case4_115,Jun_coronacases_case4,probabilities/mosmed_test_Jun_coronacases_case4_115.npy,masks/mosmed_test_Jun_coronacases_case4_115.png,0.8048979591996,0.6734972678041671,3.0,1.2840776631076507
mosmed_test_Jun_radiopaedia_4_85506_1_case19_13,Jun_radiopaedia_4_85506_1_case19,probabilities/mosmed_test_Jun_radiopaedia_4_85506_1_case19_13.npy,masks/mosmed_test_Jun_radiopaedia_4_85506_1_case19_13.png,0.8988105997617627,0.8162179908088233,8.135839149473192,3.102783439018527
mosmed_test_Jun_coronacases_case8_62,Jun_coronacases_case8,probabilities/mosmed_test_Jun_coronacases_case8_62.npy,masks/mosmed_test_Jun_coronacases_case8_62.png,0.8667239896933169,0.7647951441935061,2.0,0.8214319107516643
mosmed_test_bjorke_98,bjorke_98,probabilities/mosmed_test_bjorke_98.npy,masks/mosmed_test_bjorke_98.png,0.838645910553019,0.7221276595803803,7.0710678118654755,2.0965349758631464
mosmed_test_bjorke_7,bjorke_7,probabilities/mosmed_test_bjorke_7.npy,masks/mosmed_test_bjorke_7.png,0.7664562669101319,0.6213450292476745,16.15549442140351,3.93272970044758
mosmed_test_Jun_coronacases_case8_168,Jun_coronacases_case8,probabilities/mosmed_test_Jun_coronacases_case8_168.npy,masks/mosmed_test_Jun_coronacases_case8_168.png,0.8286252354210333,0.7073954984393256,3.0,1.1770970995867487
mosmed_test_Morozov_study_0276_30,Morozov_study_0276,probabilities/mosmed_test_Morozov_study_0276_30.npy,masks/mosmed_test_Morozov_study_0276_30.png,0.7872860635956863,0.6491935484578238,3.605551275463989,0.8746549136739387
mosmed_test_Jun_coronacases_case2_74,Jun_coronacases_case2,probabilities/mosmed_test_Jun_coronacases_case2_74.npy,masks/mosmed_test_Jun_coronacases_case2_74.png,0.9024390243972426,0.8222222222454612,4.0,1.1940726401431656
mosmed_test_Jun_coronacases_case10_147,Jun_coronacases_case10,probabilities/mosmed_test_Jun_coronacases_case10_147.npy,masks/mosmed_test_Jun_coronacases_case10_147.png,0.9089159717782406,0.8330393885998518,3.0,1.1341622175897699
mosmed_test_Morozov_study_0280_26,Morozov_study_0280,probabilities/mosmed_test_Morozov_study_0280_26.npy,masks/mosmed_test_Morozov_study_0280_26.png,0.6314432990165666,0.4613935970882498,10.512798850081435,2.605930578319272
mosmed_test_Jun_coronacases_case8_105,Jun_coronacases_case8,probabilities/mosmed_test_Jun_coronacases_case8_105.npy,masks/mosmed_test_Jun_coronacases_case8_105.png,0.9062451572926353,0.8285633323936367,4.47213595499958,1.2414873573354677
mosmed_test_Morozov_study_0275_20,Morozov_study_0275,probabilities/mosmed_test_Morozov_study_0275_20.npy,masks/mosmed_test_Morozov_study_0275_20.png,0.5088757399355764,0.341269841792643,262.390356832633,20.75060433141042
mosmed_test_Morozov_study_0259_19,Morozov_study_0259,probabilities/mosmed_test_Morozov_study_0259_19.npy,masks/mosmed_test_Morozov_study_0259_19.png,0.6544836379237364,0.486418193336297,14.713144262939771,3.277753650344495
mosmed_test_Morozov_study_0292_25,Morozov_study_0292,probabilities/mosmed_test_Morozov_study_0292_25.npy,masks/mosmed_test_Morozov_study_0292_25.png,0.8333333333754209,0.7142857144094001,8.517578678331997,1.2677596377957203
mosmed_test_Jun_radiopaedia_14_85914_0_case13_51,Jun_radiopaedia_14_85914_0_case13,probabilities/mosmed_test_Jun_radiopaedia_14_85914_0_case13_51.npy,masks/mosmed_test_Jun_radiopaedia_14_85914_0_case13_51.png,0.8561265903604536,0.7484452240492071,8.48528137423857,3.3021982509175682
mosmed_test_Jun_radiopaedia_14_85914_0_case13_63,Jun_radiopaedia_14_85914_0_case13,probabilities/mosmed_test_Jun_radiopaedia_14_85914_0_case13_63.npy,masks/mosmed_test_Jun_radiopaedia_14_85914_0_case13_63.png,0.8170071464671298,0.69062728826159,11.180339887498949,2.7856251468564457
mosmed_test_Jun_coronacases_case1_169,Jun_coronacases_case1,probabilities/mosmed_test_Jun_coronacases_case1_169.npy,masks/mosmed_test_Jun_coronacases_case1_169.png,0.7964539007164378,0.6617560400906449,22.814466461504708,4.089591923180088
mosmed_test_Morozov_study_0292_29,Morozov_study_0292,probabilities/mosmed_test_Morozov_study_0292_29.npy,masks/mosmed_test_Morozov_study_0292_29.png,0.2352941191464821,0.13333333525925925,4.47213595499958,2.100417733192975
mosmed_test_Jun_radiopaedia_40_86625_0_case18_36,Jun_radiopaedia_40_86625_0_case18,probabilities/mosmed_test_Jun_radiopaedia_40_86625_0_case18_36.npy,masks/mosmed_test_Jun_radiopaedia_40_86625_0_case18_36.png,0.9127875086850009,0.8395667967184208,6.4031242374328485,1.7674079993908385
mosmed_test_Jun_coronacases_case4_123,Jun_coronacases_case4,probabilities/mosmed_test_Jun_coronacases_case4_123.npy,masks/mosmed_test_Jun_coronacases_case4_123.png,0.9061833688749369,0.828460039003074,2.23606797749979,0.7237744878765173
mosmed_test_Morozov_study_0300_32,Morozov_study_0300,probabilities/mosmed_test_Morozov_study_0300_32.npy,masks/mosmed_test_Morozov_study_0300_32.png,0.6524064172981784,0.4841269845364072,4.0,1.2248459876659552
mosmed_test_Jun_coronacases_case3_94,Jun_coronacases_case3,probabilities/mosmed_test_Jun_coronacases_case3_94.npy,masks/mosmed_test_Jun_coronacases_case3_94.png,0.9287755673862215,0.867022389622651,5.385164807134504,1.8349019357046896
mosmed_test_Jun_coronacases_case2_54,Jun_coronacases_case2,probabilities/mosmed_test_Jun_coronacases_case2_54.npy,masks/mosmed_test_Jun_coronacases_case2_54.png,0.9232111692911683,0.8573743922435374,2.0,0.6942308633552984
mosmed_test_Jun_coronacases_case1_101,Jun_coronacases_case1,probabilities/mosmed_test_Jun_coronacases_case1_101.npy,masks/mosmed_test_Jun_coronacases_case1_101.png,0.9040855690004544,0.8249600000056013,4.47213595499958,1.4299615103713597
mosmed_test_Jun_coronacases_case2_120,Jun_coronacases_case2,probabilities/mosmed_test_Jun_coronacases_case2_120.npy,masks/mosmed_test_Jun_coronacases_case2_120.png,0.8396471198837755,0.7236135957313404,3.0,1.3052716344198083
mosmed_test_Morozov_study_0266_17,Morozov_study_0266,probabilities/mosmed_test_Morozov_study_0266_17.npy,masks/mosmed_test_Morozov_study_0266_17.png,1.4285714265306123e-09,1.4285714265306123e-09,131.76775486179176,128.60255169568046
mosmed_test_Morozov_study_0270_12,Morozov_study_0270,probabilities/mosmed_test_Morozov_study_0270_12.npy,masks/mosmed_test_Morozov_study_0270_12.png,0.6136034732551661,0.44258872657175485,20.472885580172125,3.412713809558369
mosmed_test_Jun_coronacases_case3_171,Jun_coronacases_case3,probabilities/mosmed_test_Jun_coronacases_case3_171.npy,masks/mosmed_test_Jun_coronacases_case3_171.png,0.8775193798544558,0.7817679558312475,3.0,1.050118441926627
mosmed_test_Jun_coronacases_case6_67,Jun_coronacases_case6,probabilities/mosmed_test_Jun_coronacases_case6_67.npy,masks/mosmed_test_Jun_coronacases_case6_67.png,0.9203435001504192,0.8524410312752364,3.0,1.086075361187934
mosmed_test_Jun_radiopaedia_10_85902_3_case12_69,Jun_radiopaedia_10_85902_3_case12,probabilities/mosmed_test_Jun_radiopaedia_10_85902_3_case12_69.npy,masks/mosmed_test_Jun_radiopaedia_10_85902_3_case12_69.png,0.8552338530228024,0.7470817121114628,4.0,1.1843681407500943
mosmed_test_Jun_radiopaedia_27_86410_0_case14_29,Jun_radiopaedia_27_86410_0_case14,probabilities/mosmed_test_Jun_radiopaedia_27_86410_0_case14_29.npy,masks/mosmed_test_Jun_radiopaedia_27_86410_0_case14_29.png,0.8737094587561403,0.7757407407448936,5.385164807134504,1.911316309931445
mosmed_test_Morozov_study_0289_25,Morozov_study_0289,probabilities/mosmed_test_Morozov_study_0289_25.npy,masks/mosmed_test_Morozov_study_0289_25.png,0.6845637584316022,0.520408163363182,26.25640690021712,3.8114503987340447
mosmed_test_Jun_radiopaedia_40_86625_0_case18_61,Jun_radiopaedia_40_86625_0_case18,probabilities/mosmed_test_Jun_radiopaedia_40_86625_0_case18_61.npy,masks/mosmed_test_Jun_radiopaedia_40_86625_0_case18_61.png,0.8703674416159504,0.7704872129944886,10.44030650891055,2.350119384870152
mosmed_test_Morozov_study_0289_29,Morozov_study_0289,probabilities/mosmed_test_Morozov_study_0289_29.npy,masks/mosmed_test_Morozov_study_0289_29.png,0.8880000000224,0.7985611511515966,2.23606797749979,0.7153968022031436
mosmed_test_Jun_coronacases_case8_152,Jun_coronacases_case8,probabilities/mosmed_test_Jun_coronacases_case8_152.npy,masks/mosmed_test_Jun_coronacases_case8_152.png,0.9142293789038083,0.842009685234806,2.8284271247461903,0.9613846098390367
mosmed_test_Morozov_study_0276_38,Morozov_study_0276,probabilities/mosmed_test_Morozov_study_0276_38.npy,masks/mosmed_test_Morozov_study_0276_38.png,0.7939914163532208,0.6583629894454224,150.00333329629711,20.727371743667927
mosmed_test_Morozov_study_0284_13,Morozov_study_0284,probabilities/mosmed_test_Morozov_study_0284_13.npy,masks/mosmed_test_Morozov_study_0284_13.png,0.23776223829527118,0.13492063560720585,8.018677324489564,3.6695533301526737
mosmed_test_Jun_coronacases_case7_86,Jun_coronacases_case7,probabilities/mosmed_test_Jun_coronacases_case7_86.npy,masks/mosmed_test_Jun_coronacases_case7_86.png,0.9219512195312314,0.855203619975021,1.4142135623730951,0.46739852684869476
mosmed_test_bjorke_93,bjorke_93,probabilities/mosmed_test_bjorke_93.npy,masks/mosmed_test_bjorke_93.png,0.6937795939567115,0.5311351673499738,10.0,2.891632029559367
mosmed_test_Jun_coronacases_case8_160,Jun_coronacases_case8,probabilities/mosmed_test_Jun_coronacases_case8_160.npy,masks/mosmed_test_Jun_coronacases_case8_160.png,0.8923246824988315,0.8055832502589441,3.040569415042095,1.1578454854935634
mosmed_test_Jun_coronacases_case3_53,Jun_coronacases_case3,probabilities/mosmed_test_Jun_coronacases_case3_53.npy,masks/mosmed_test_Jun_coronacases_case3_53.png,0.8399577910714049,0.7240751971058778,6.4031242374328485,1.6388570651854744
mosmed_test_Morozov_study_0256_28,Morozov_study_0256,probabilities/mosmed_test_Morozov_study_0256_28.npy,masks/mosmed_test_Morozov_study_0256_28.png,0.9064998262094803,0.828989192630992,6.324555320336759,1.745417858416053
mosmed_test_Jun_radiopaedia_27_86410_0_case14_14,Jun_radiopaedia_27_86410_0_case14,probabilities/mosmed_test_Jun_radiopaedia_27_86410_0_case14_14.npy,masks/mosmed_test_Jun_radiopaedia_27_86410_0_case14_14.png,0.8861330326960805,0.7955465587096269,9.137464797715152,3.4163417783757857
mosmed_test_Morozov_study_0267_23,Morozov_study_0267,probabilities/mosmed_test_Morozov_study_0267_23.npy,masks/mosmed_test_Morozov_study_0267_23.png,0.7703016241832247,0.626415094480598,4.242640687119285,1.298607396822129
mosmed_test_Jun_coronacases_case6_109,Jun_coronacases_case6,probabilities/mosmed_test_Jun_coronacases_case6_109.npy,masks/mosmed_test_Jun_coronacases_case6_109.png,0.8933419521723761,0.8072429906767239,4.47213595499958,1.1739261423097782
mosmed_test_Jun_coronacases_case9_148,Jun_coronacases_case9,probabilities/mosmed_test_Jun_coronacases_case9_148.npy,masks/mosmed_test_Jun_coronacases_case9_148.png,0.8753056234820452,0.7782608695973535,2.23606797749979,0.7696752469474952
mosmed_test_Morozov_study_0285_29,Morozov_study_0285,probabilities/mosmed_test_Morozov_study_0285_29.npy,masks/mosmed_test_Morozov_study_0285_29.png,0.7142857146258504,0.5555555563786009,1.4142135623730951,0.5435339791606235
mosmed_test_Jun_coronacases_case6_103,Jun_coronacases_case6,probabilities/mosmed_test_Jun_coronacases_case6_103.npy,masks/mosmed_test_Jun_coronacases_case6_103.png,0.8963855421749165,0.8122270742563071,2.23606797749979,0.8870537112070636
mosmed_test_Jun_coronacases_case1_180,Jun_coronacases_case1,probabilities/mosmed_test_Jun_coronacases_case1_180.npy,masks/mosmed_test_Jun_coronacases_case1_180.png,0.8641291810873326,0.7607636068334378,7.0710678118654755,3.1546765650897823
mosmed_test_Jun_coronacases_case8_172,Jun_coronacases_case8,probabilities/mosmed_test_Jun_coronacases_case8_172.npy,masks/mosmed_test_Jun_coronacases_case8_172.png,0.8581024349405455,0.7514705882718427,2.8284271247461903,1.075671129196897
mosmed_test_Jun_radiopaedia_27_86410_0_case14_37,Jun_radiopaedia_27_86410_0_case14,probabilities/mosmed_test_Jun_radiopaedia_27_86410_0_case14_37.npy,masks/mosmed_test_Jun_radiopaedia_27_86410_0_case14_37.png,0.8747290853977144,0.7773497688923459,16.99558441227157,2.6049799012428076
mosmed_test_Jun_coronacases_case9_152,Jun_coronacases_case9,probabilities/mosmed_test_Jun_coronacases_case9_152.npy,masks/mosmed_test_Jun_coronacases_case9_152.png,0.8456104944656296,0.7325174825642453,2.8284271247461903,0.9029027915616464
mosmed_test_Jun_coronacases_case10_231,Jun_coronacases_case10,probabilities/mosmed_test_Jun_coronacases_case10_231.npy,masks/mosmed_test_Jun_coronacases_case10_231.png,0.8976594768289281,0.814321398849765,2.8284271247461903,0.8923408893264336
mosmed_test_Jun_coronacases_case7_107,Jun_coronacases_case7,probabilities/mosmed_test_Jun_coronacases_case7_107.npy,masks/mosmed_test_Jun_coronacases_case7_107.png,0.9100182149395257,0.8348930481393788,2.23606797749979,0.9384240280402836
mosmed_test_Jun_coronacases_case1_138,Jun_coronacases_case1,probabilities/mosmed_test_Jun_coronacases_case1_138.npy,masks/mosmed_test_Jun_coronacases_case1_138.png,0.8414456426720862,0.7262893081829864,4.47213595499958,1.2696148106718708
mosmed_test_Jun_coronacases_case9_190,Jun_coronacases_case9,probabilities/mosmed_test_Jun_coronacases_case9_190.npy,masks/mosmed_test_Jun_coronacases_case9_190.png,0.7558752997719006,0.6075558982569347,7.810249675906654,2.055490867784344
mosmed_test_Jun_coronacases_case6_68,Jun_coronacases_case6,probabilities/mosmed_test_Jun_coronacases_case6_68.npy,masks/mosmed_test_Jun_coronacases_case6_68.png,0.9070198675521319,0.8298594280256977,3.605551275463989,1.3211827082683132
mosmed_test_Morozov_study_0282_14,Morozov_study_0282,probabilities/mosmed_test_Morozov_study_0282_14.npy,masks/mosmed_test_Morozov_study_0282_14.png,0.785854616937946,0.6472491910526701,105.25862342547727,8.183764016248748
mosmed_test_Morozov_study_0304_25,Morozov_study_0304,probabilities/mosmed_test_Morozov_study_0304_25.npy,masks/mosmed_test_Morozov_study_0304_25.png,0.5454545457724094,0.37500000060096156,3.040569415042095,3.0100386319367245
mosmed_test_Jun_coronacases_case8_181,Jun_coronacases_case8,probabilities/mosmed_test_Jun_coronacases_case8_181.npy,masks/mosmed_test_Jun_coronacases_case8_181.png,0.8390342052475821,0.7227036395627897,3.0,1.032367714998676
mosmed_test_Jun_radiopaedia_14_85914_0_case13_43,Jun_radiopaedia_14_85914_0_case13,probabilities/mosmed_test_Jun_radiopaedia_14_85914_0_case13_43.npy,masks/mosmed_test_Jun_radiopaedia_14_85914_0_case13_43.png,0.8613355431259535,0.7564436897340261,10.770329614269007,3.093801453813164
mosmed_test_Morozov_study_0257_19,Morozov_study_0257,probabilities/mosmed_test_Morozov_study_0257_19.npy,masks/mosmed_test_Morozov_study_0257_19.png,0.675507666818255,0.5100125156752182,198.9585383824061,57.335057282502405
mosmed_test_Jun_coronacases_case4_137,Jun_coronacases_case4,probabilities/mosmed_test_Jun_coronacases_case4_137.npy,masks/mosmed_test_Jun_coronacases_case4_137.png,0.900059136611469,0.8182795699120129,2.8284271247461903,0.9866629554374788
mosmed_test_Jun_coronacases_case7_78,Jun_coronacases_case7,probabilities/mosmed_test_Jun_coronacases_case7_78.npy,masks/mosmed_test_Jun_coronacases_case7_78.png,0.8500000000535713,0.7391304349446395,2.0,0.770795073400441
mosmed_test_Morozov_study_0276_18,Morozov_study_0276,probabilities/mosmed_test_Morozov_study_0276_18.npy,masks/mosmed_test_Morozov_study_0276_18.png,0.6477809254179518,0.47905027936598804,13.805151945235476,4.12402737109269
mosmed_test_Jun_coronacases_case4_168,Jun_coronacases_case4,probabilities/mosmed_test_Jun_coronacases_case4_168.npy,masks/mosmed_test_Jun_coronacases_case4_168.png,0.8561797752970585,0.7485265226427257,3.1622776601683795,1.1060867517326947
mosmed_test_Morozov_study_0303_28,Morozov_study_0303,probabilities/mosmed_test_Morozov_study_0303_28.npy,masks/mosmed_test_Morozov_study_0303_28.png,0.5730994154543279,0.40163934475275465,12.401446318710716,3.624880869282608
mosmed_test_Morozov_study_0297_10,Morozov_study_0297,probabilities/mosmed_test_Morozov_study_0297_10.npy,masks/mosmed_test_Morozov_study_0297_10.png,0.6400146708300015,0.4706040992591531,8.48528137423857,2.3142351925903117
mosmed_test_Jun_coronacases_case1_201,Jun_coronacases_case1,probabilities/mosmed_test_Jun_coronacases_case1_201.npy,masks/mosmed_test_Jun_coronacases_case1_201.png,0.853729305344705,0.7447885646293988,3.6449961479175546,1.4453987772260195
mosmed_test_Jun_coronacases_case8_169,Jun_coronacases_case8,probabilities/mosmed_test_Jun_coronacases_case8_169.npy,masks/mosmed_test_Jun_coronacases_case8_169.png,0.83793103449673,0.7210682492995448,4.242640687119285,1.2613566690595364
mosmed_test_Jun_coronacases_case5_97,Jun_coronacases_case5,probabilities/mosmed_test_Jun_coronacases_case5_97.npy,masks/mosmed_test_Jun_coronacases_case5_97.png,0.9363887791411937,0.8803863298751571,2.23606797749979,1.007635137738501
mosmed_test_Jun_radiopaedia_10_85902_3_case12_190,Jun_radiopaedia_10_85902_3_case12,probabilities/mosmed_test_Jun_radiopaedia_10_85902_3_case12_190.npy,masks/mosmed_test_Jun_radiopaedia_10_85902_3_case12_190.png,0.9233278955985592,0.8575757575865472,2.8284271247461903,1.071363998554636
mosmed_test_Jun_radiopaedia_14_85914_0_case13_101,Jun_radiopaedia_14_85914_0_case13,probabilities/mosmed_test_Jun_radiopaedia_14_85914_0_case13_101.npy,masks/mosmed_test_Jun_radiopaedia_14_85914_0_case13_101.png,0.6042065010317006,0.43287671248414333,47.88426385655152,8.203146106689813
mosmed_test_Jun_coronacases_case4_134,Jun_coronacases_case4,probabilities/mosmed_test_Jun_coronacases_case4_134.npy,masks/mosmed_test_Jun_coronacases_case4_134.png,0.8960533629852111,0.8116817724258125,2.23606797749979,1.1185912704649668
mosmed_test_Jun_radiopaedia_10_85902_3_case12_81,Jun_radiopaedia_10_85902_3_case12,probabilities/mosmed_test_Jun_radiopaedia_10_85902_3_case12_81.npy,masks/mosmed_test_Jun_radiopaedia_10_85902_3_case12_81.png,0.9044430919108677,0.8255555555749383,3.0,1.0401968522015996
mosmed_test_Morozov_study_0303_34,Morozov_study_0303,probabilities/mosmed_test_Morozov_study_0303_34.npy,masks/mosmed_test_Morozov_study_0303_34.png,0.5930232560505678,0.42148760378389455,4.043086968966181,1.2124556545029253
mosmed_test_Morozov_study_0255_24,Morozov_study_0255,probabilities/mosmed_test_Morozov_study_0255_24.npy,masks/mosmed_test_Morozov_study_0255_24.png,0.8446578631489878,0.7310889443170787,5.0,1.6203150794977308
mosmed_test_bjorke_69,bjorke_69,probabilities/mosmed_test_bjorke_69.npy,masks/mosmed_test_bjorke_69.png,0.6680742105041639,0.5015851602057229,11.0,3.2812730013478935
mosmed_test_bjorke_63,bjorke_63,probabilities/mosmed_test_bjorke_63.npy,masks/mosmed_test_bjorke_63.png,0.8351440718036102,0.7169505271809834,11.465738283771413,2.40871401755498
mosmed_test_Jun_coronacases_case2_161,Jun_coronacases_case2,probabilities/mosmed_test_Jun_coronacases_case2_161.npy,masks/mosmed_test_Jun_coronacases_case2_161.png,0.8248847926469026,0.7019607843721646,2.9399494936611625,0.9464139344168037
mosmed_test_Jun_coronacases_case7_122,Jun_coronacases_case7,probabilities/mosmed_test_Jun_coronacases_case7_122.npy,masks/mosmed_test_Jun_coronacases_case7_122.png,0.9055876685964808,0.8274647887425197,3.605551275463989,0.9611839600819221
mosmed_test_Jun_coronacases_case1_235,Jun_coronacases_case1,probabilities/mosmed_test_Jun_coronacases_case1_235.npy,masks/mosmed_test_Jun_coronacases_case1_235.png,0.7602739726848377,0.6132596687219559,2.23606797749979,1.190868338911863
mosmed_test_Jun_coronacases_case8_266,Jun_coronacases_case8,probabilities/mosmed_test_Jun_coronacases_case8_266.npy,masks/mosmed_test_Jun_coronacases_case8_266.png,0.7936507937326782,0.6578947370671745,2.0,0.7101054499921905
mosmed_test_Jun_coronacases_case7_102,Jun_coronacases_case7,probabilities/mosmed_test_Jun_coronacases_case7_102.npy,masks/mosmed_test_Jun_coronacases_case7_102.png,0.910964550704412,0.8364875094749064,3.605551275463989,2.800926563462435
mosmed_test_Jun_coronacases_case10_96,Jun_coronacases_case10,probabilities/mosmed_test_Jun_coronacases_case10_96.npy,masks/mosmed_test_Jun_coronacases_case10_96.png,0.9004137115853957,0.8188658962693129,4.0,1.2774423502242906
mosmed_test_Jun_coronacases_case1_193,Jun_coronacases_case1,probabilities/mosmed_test_Jun_coronacases_case1_193.npy,masks/mosmed_test_Jun_coronacases_case1_193.png,0.8644067796644991,0.7611940298615472,3.0,1.0827734875341777
mosmed_test_Jun_coronacases_case5_142,Jun_coronacases_case5,probabilities/mosmed_test_Jun_coronacases_case5_142.npy,masks/mosmed_test_Jun_coronacases_case5_142.png,0.8988235294177163,0.8162393162589487,3.1622776601683795,0.9358079752604785
mosmed_test_Morozov_study_0288_22,Morozov_study_0288,probabilities/mosmed_test_Morozov_study_0288_22.npy,masks/mosmed_test_Morozov_study_0288_22.png,0.7828991316110288,0.6432491767680297,4.47213595499958,1.555164131405183
mosmed_test_Jun_radiopaedia_10_85902_3_case12_68,Jun_radiopaedia_10_85902_3_case12,probabilities/mosmed_test_Jun_radiopaedia_10_85902_3_case12_68.npy,masks/mosmed_test_Jun_radiopaedia_10_85902_3_case12_68.png,0.8456865127769518,0.7326315790036565,2.8284271247461903,1.1139387177347178
mosmed_test_Morozov_study_0298_12,Morozov_study_0298,probabilities/mosmed_test_Morozov_study_0298_12.npy,masks/mosmed_test_Morozov_study_0298_12.png,0.7126163596808751,0.5535384615521989,23.17862187224799,6.120119755224501
mosmed_test_Morozov_study_0301_28,Morozov_study_0301,probabilities/mosmed_test_Morozov_study_0301_28.npy,masks/mosmed_test_Morozov_study_0301_28.png,0.7645051195342986,0.6187845305973566,3.0,0.9920008246544879
mosmed_test_Jun_coronacases_case8_60,Jun_coronacases_case8,probabilities/mosmed_test_Jun_coronacases_case8_60.npy,masks/mosmed_test_Jun_coronacases_case8_60.png,0.8867924528420553,0.7966101695298287,2.0,0.7334196932306243
mosmed_test_Morozov_study_0280_21,Morozov_study_0280,probabilities/mosmed_test_Morozov_study_0280_21.npy,masks/mosmed_test_Morozov_study_0280_21.png,0.8683867604933962,0.7673883003331466,3.1622776601683795,0.9890214930513764
mosmed_test_Jun_coronacases_case1_231,Jun_coronacases_case1,probabilities/mosmed_test_Jun_coronacases_case1_231.npy,masks/mosmed_test_Jun_coronacases_case1_231.png,0.8033472804170095,0.6713286715585114,2.38415776431139,0.9824289614181715
mosmed_test_Jun_radiopaedia_14_85914_0_case13_4,Jun_radiopaedia_14_85914_0_case13,probabilities/mosmed_test_Jun_radiopaedia_14_85914_0_case13_4.npy,masks/mosmed_test_Jun_radiopaedia_14_85914_0_case13_4.png,0.9418452120707544,0.8900826446371832,4.123105625617661,1.0115706093786547
mosmed_test_Jun_coronacases_case3_116,Jun_coronacases_case3,probabilities/mosmed_test_Jun_coronacases_case3_116.npy,masks/mosmed_test_Jun_coronacases_case3_116.png,0.9070545829048207,0.8299175500608961,5.656854249492381,2.6335788964499494
mosmed_test_Morozov_study_0276_27,Morozov_study_0276,probabilities/mosmed_test_Morozov_study_0276_27.npy,masks/mosmed_test_Morozov_study_0276_27.png,0.8195991091514923,0.6943396226991813,2.0,0.7209909285462669
mosmed_test_Morozov_study_0256_30,Morozov_study_0256,probabilities/mosmed_test_Morozov_study_0256_30.npy,masks/mosmed_test_Morozov_study_0256_30.png,0.9329556185092927,0.874336283190289,7.761630533395968,1.7438063557918488
mosmed_test_Jun_coronacases_case10_86,Jun_coronacases_case10,probabilities/mosmed_test_Jun_coronacases_case10_86.npy,masks/mosmed_test_Jun_coronacases_case10_86.png,0.8555240793246609,0.7475247524891351,4.0,1.3795991735239275
mosmed_test_Jun_coronacases_case8_159,Jun_coronacases_case8,probabilities/mosmed_test_Jun_coronacases_case8_159.npy,masks/mosmed_test_Jun_coronacases_case8_159.png,0.9090466926092158,0.8332590280948169,3.9605551275463897,1.004997599998264
mosmed_test_Morozov_study_0295_12,Morozov_study_0295,probabilities/mosmed_test_Morozov_study_0295_12.npy,masks/mosmed_test_Morozov_study_0295_12.png,0.7927031509235654,0.656593406624854,7.0710678118654755,2.0456746978082103
mosmed_test_Jun_radiopaedia_10_85902_3_case12_143,Jun_radiopaedia_10_85902_3_case12,probabilities/mosmed_test_Jun_radiopaedia_10_85902_3_case12_143.npy,masks/mosmed_test_Jun_radiopaedia_10_85902_3_case12_143.png,0.937399030695933,0.8821740783017038,6.0,1.3113493963357061
mosmed_test_Jun_radiopaedia_10_85902_3_case12_57,Jun_radiopaedia_10_85902_3_case12,probabilities/mosmed_test_Jun_radiopaedia_10_85902_3_case12_57.npy,masks/mosmed_test_Jun_radiopaedia_10_85902_3_case12_57.png,0.9184060721217446,0.8491228070704832,1.0,0.4509399330322279
mosmed_test_Jun_coronacases_case2_144,Jun_coronacases_case2,probabilities/mosmed_test_Jun_coronacases_case2_144.npy,masks/mosmed_test_Jun_coronacases_case2_144.png,0.9218916046779518,0.8551010349997485,2.8284271247461903,1.3686292303700183
mosmed_test_Jun_radiopaedia_14_85914_0_case13_45,Jun_radiopaedia_14_85914_0_case13,probabilities/mosmed_test_Jun_radiopaedia_14_85914_0_case13_45.npy,masks/mosmed_test_Jun_radiopaedia_14_85914_0_case13_45.png,0.9091154807760351,0.833374628345928,8.517578678331981,2.2774636558555024
mosmed_test_Jun_coronacases_case2_127,Jun_coronacases_case2,probabilities/mosmed_test_Jun_coronacases_case2_127.npy,masks/mosmed_test_Jun_coronacases_case2_127.png,0.9063804412669535,0.8287895310889428,2.23606797749979,0.882585871114342
mosmed_test_Jun_coronacases_case2_166,Jun_coronacases_case2,probabilities/mosmed_test_Jun_coronacases_case2_166.npy,masks/mosmed_test_Jun_coronacases_case2_166.png,0.8463476070916001,0.7336244542647928,1.4142135623730951,0.6475226706753275
mosmed_test_Jun_radiopaedia_10_85902_3_case12_113,Jun_radiopaedia_10_85902_3_case12,probabilities/mosmed_test_Jun_radiopaedia_10_85902_3_case12_113.npy,masks/mosmed_test_Jun_radiopaedia_10_85902_3_case12_113.png,0.9306501548009086,0.8702953097932661,2.23606797749979,1.0875895897223529
mosmed_test_Jun_coronacases_case6_50,Jun_coronacases_case6,probabilities/mosmed_test_Jun_coronacases_case6_50.npy,masks/mosmed_test_Jun_coronacases_case6_50.png,0.870000000065,0.7699115046283969,1.4142135623730951,0.47380501431498506
mosmed_test_Jun_coronacases_case4_104,Jun_coronacases_case4,probabilities/mosmed_test_Jun_coronacases_case4_104.npy,masks/mosmed_test_Jun_coronacases_case4_104.png,0.7754654983816577,0.633273703106749,3.0,1.1318809476978169
mosmed_test_Jun_coronacases_case8_214,Jun_coronacases_case8,probabilities/mosmed_test_Jun_coronacases_case8_214.npy,masks/mosmed_test_Jun_coronacases_case8_214.png,0.8734402852162708,0.7753164557317538,1.4142135623730951,0.5866272752352234
mosmed_test_Jun_radiopaedia_10_85902_3_case12_128,Jun_radiopaedia_10_85902_3_case12,probabilities/mosmed_test_Jun_radiopaedia_10_85902_3_case12_128.npy,masks/mosmed_test_Jun_radiopaedia_10_85902_3_case12_128.png,0.9304283238442578,0.8699074074134303,4.049242250247062,1.3379426658866092
mosmed_test_Jun_radiopaedia_40_86625_0_case18_38,Jun_radiopaedia_40_86625_0_case18,probabilities/mosmed_test_Jun_radiopaedia_40_86625_0_case18_38.npy,masks/mosmed_test_Jun_radiopaedia_40_86625_0_case18_38.png,0.9142217418162669,0.8419967290063145,6.324555320336759,1.6876440229901177
mosmed_test_Jun_coronacases_case4_121,Jun_coronacases_case4,probabilities/mosmed_test_Jun_coronacases_case4_121.npy,masks/mosmed_test_Jun_coronacases_case4_121.png,0.8152671755866209,0.6881443299370947,16.1245154965971,2.531015307707406
mosmed_test_Jun_coronacases_case10_126,Jun_coronacases_case10,probabilities/mosmed_test_Jun_coronacases_case10_126.npy,masks/mosmed_test_Jun_coronacases_case10_126.png,0.9014932562632285,0.8206533654939563,4.123105625617661,1.5744356908586108
mosmed_test_Jun_coronacases_case8_215,Jun_coronacases_case8,probabilities/mosmed_test_Jun_coronacases_case8_215.npy,masks/mosmed_test_Jun_coronacases_case8_215.png,0.864117168440674,0.7607449857076296,2.0,0.6694673925765742
mosmed_test_Morozov_study_0291_15,Morozov_study_0291,probabilities/mosmed_test_Morozov_study_0291_15.npy,masks/mosmed_test_Morozov_study_0291_15.png,3.9999999983999997e-10,3.9999999983999997e-10,35.352455602250025,20.368656526903308
mosmed_test_Jun_radiopaedia_7_85703_0_case20_5,Jun_radiopaedia_7_85703_0_case20,probabilities/mosmed_test_Jun_radiopaedia_7_85703_0_case20_5.npy,masks/mosmed_test_Jun_radiopaedia_7_85703_0_case20_5.png,0.7717996289636548,0.6283987915969187,18.124545942479713,3.6321563782697686
mosmed_test_Jun_coronacases_case6_71,Jun_coronacases_case6,probabilities/mosmed_test_Jun_coronacases_case6_71.npy,masks/mosmed_test_Jun_coronacases_case6_71.png,0.917152858811735,0.8469827586272853,4.0,1.2556654143128694
mosmed_test_Jun_radiopaedia_40_86625_0_case18_25,Jun_radiopaedia_40_86625_0_case18,probabilities/mosmed_test_Jun_radiopaedia_40_86625_0_case18_25.npy,masks/mosmed_test_Jun_radiopaedia_40_86625_0_case18_25.png,0.8821528907298377,0.7891534391562282,5.0,1.5049536260781866
mosmed_test_Morozov_study_0278_24,Morozov_study_0278,probabilities/mosmed_test_Morozov_study_0278_24.npy,masks/mosmed_test_Morozov_study_0278_24.png,0.850704225366131,0.7401960784738243,10.66745646739229,1.9248882408969625
mosmed_test_bjorke_38,bjorke_38,probabilities/mosmed_test_bjorke_38.npy,masks/mosmed_test_bjorke_38.png,0.7906942823819232,0.653841514899845,21.053300858899107,6.5576346988360195
mosmed_test_Jun_coronacases_case5_169,Jun_coronacases_case5,probabilities/mosmed_test_Jun_coronacases_case5_169.npy,masks/mosmed_test_Jun_coronacases_case5_169.png,0.798387096855489,0.6644295304265574,2.23606797749979,0.959712034526508
mosmed_test_Morozov_study_0284_12,Morozov_study_0284,probabilities/mosmed_test_Morozov_study_0284_12.npy,masks/mosmed_test_Morozov_study_0284_12.png,0.5663265307228759,0.39501779380960217,192.0478689797526,36.992883972446414
mosmed_test_Jun_coronacases_case10_208,Jun_coronacases_case10,probabilities/mosmed_test_Jun_coronacases_case10_208.npy,masks/mosmed_test_Jun_coronacases_case10_208.png,0.8990129081264424,0.8165517241442568,3.605551275463989,1.2520697904964522
mosmed_test_Morozov_study_0294_31,Morozov_study_0294,probabilities/mosmed_test_Morozov_study_0294_31.npy,masks/mosmed_test_Morozov_study_0294_31.png,0.6349206350655077,0.46511627938074634,45.26960330766447,10.365563614942996
mosmed_test_Morozov_study_0269_16,Morozov_study_0269,probabilities/mosmed_test_Morozov_study_0269_16.npy,masks/mosmed_test_Morozov_study_0269_16.png,0.6994027870139746,0.5377551020879842,210.1373300955452,23.984604639045934
mosmed_test_Jun_coronacases_case7_121,Jun_coronacases_case7,probabilities/mosmed_test_Jun_coronacases_case7_121.npy,masks/mosmed_test_Jun_coronacases_case7_121.png,0.8776748642645265,0.7820147979634596,5.830951894845301,1.4043103438429945
mosmed_test_Jun_coronacases_case6_64,Jun_coronacases_case6,probabilities/mosmed_test_Jun_coronacases_case6_64.npy,masks/mosmed_test_Jun_coronacases_case6_64.png,0.8551890587347067,0.7470133520908634,4.0,1.2933486278712947
mosmed_test_Jun_coronacases_case2_131,Jun_coronacases_case2,probabilities/mosmed_test_Jun_coronacases_case2_131.npy,masks/mosmed_test_Jun_coronacases_case2_131.png,0.9274216323093075,0.8646656134879059,2.8284271247461903,0.7421012104130335
mosmed_test_Jun_coronacases_case10_222,Jun_coronacases_case10,probabilities/mosmed_test_Jun_coronacases_case10_222.npy,masks/mosmed_test_Jun_coronacases_case10_222.png,0.9112271540493152,0.8369304556433128,2.8284271247461903,0.9365118721085001
mosmed_test_Jun_coronacases_case10_230,Jun_coronacases_case10,probabilities/mosmed_test_Jun_coronacases_case10_230.npy,masks/mosmed_test_Jun_coronacases_case10_230.png,0.8960985626326038,0.8117559523949587,2.8284271247461903,0.9681157719318545
mosmed_test_Jun_radiopaedia_40_86625_0_case18_35,Jun_radiopaedia_40_86625_0_case18,probabilities/mosmed_test_Jun_radiopaedia_40_86625_0_case18_35.npy,masks/mosmed_test_Jun_radiopaedia_40_86625_0_case18_35.png,0.9099155115032006,0.8347201717901307,4.47213595499958,1.5075660612067159
mosmed_test_Morozov_study_0291_20,Morozov_study_0291,probabilities/mosmed_test_Morozov_study_0291_20.npy,masks/mosmed_test_Morozov_study_0291_20.png,0.939393939395397,0.8857142857194689,12.041594578792296,2.2929884513726155
mosmed_test_Jun_coronacases_case2_104,Jun_coronacases_case2,probabilities/mosmed_test_Jun_coronacases_case2_104.npy,masks/mosmed_test_Jun_coronacases_case2_104.png,0.8669029971038703,0.7650739476811675,5.0,1.271993866505964
mosmed_test_Morozov_study_0278_25,Morozov_study_0278,probabilities/mosmed_test_Morozov_study_0278_25.npy,masks/mosmed_test_Morozov_study_0278_25.png,0.9265060241008128,0.8630751964238973,3.1217082451262845,0.8648479517563732
mosmed_test_Jun_coronacases_case2_167,Jun_coronacases_case2,probabilities/mosmed_test_Jun_coronacases_case2_167.npy,masks/mosmed_test_Jun_coronacases_case2_167.png,0.7264573992258039,0.570422535513787,3.4504055101105218,1.2031948391799565
mosmed_test_Jun_coronacases_case3_176,Jun_coronacases_case3,probabilities/mosmed_test_Jun_coronacases_case3_176.npy,masks/mosmed_test_Jun_coronacases_case3_176.png,0.8086419753677031,0.6787564768503852,2.0,0.7085197083056056
mosmed_test_Jun_coronacases_case6_83,Jun_coronacases_case6,probabilities/mosmed_test_Jun_coronacases_case6_83.npy,masks/mosmed_test_Jun_coronacases_case6_83.png,0.9486995943701098,0.9024058102631682,2.23606797749979,0.8799932757953717
mosmed_test_Jun_coronacases_case7_79,Jun_coronacases_case7,probabilities/mosmed_test_Jun_coronacases_case7_79.npy,masks/mosmed_test_Jun_coronacases_case7_79.png,0.8512110727158438,0.7409638555777326,2.1770509831248424,0.7832255889762654
mosmed_test_Jun_coronacases_case8_202,Jun_coronacases_case8,probabilities/mosmed_test_Jun_coronacases_case8_202.npy,masks/mosmed_test_Jun_coronacases_case8_202.png,0.7432590856104033,0.5914179105239893,3.1622776601683795,1.7743355599179553
mosmed_test_Jun_coronacases_case10_202,Jun_coronacases_case10,probabilities/mosmed_test_Jun_coronacases_case10_202.npy,masks/mosmed_test_Jun_coronacases_case10_202.png,0.8629545921540384,0.7589447054658857,3.605551275463989,1.436961740470204
mosmed_test_Jun_coronacases_case2_61,Jun_coronacases_case2,probabilities/mosmed_test_Jun_coronacases_case2_61.npy,masks/mosmed_test_Jun_coronacases_case2_61.png,0.8917647058950865,0.8046709129926389,2.0,0.6092566849811334
mosmed_test_Morozov_study_0304_23,Morozov_study_0304,probabilities/mosmed_test_Morozov_study_0304_23.npy,masks/mosmed_test_Morozov_study_0304_23.png,0.5882352941888866,0.4166666668096405,20.615528128088304,3.5189228559466463
