sample_id,source_id,probability_path,prediction_path,dice,miou,hd95,assd
mosmed_test_Jun_coronacases_case8_246,Jun_coronacases_case8,probabilities/mosmed_test_Jun_coronacases_case8_246.npy,masks/mosmed_test_Jun_coronacases_case8_246.png,0.8000000001481481,0.6666666670781893,1.0,0.33636363636363636
mosmed_test_Jun_coronacases_case1_226,Jun_coronacases_case1,probabilities/mosmed_test_Jun_coronacases_case1_226.npy,masks/mosmed_test_Jun_coronacases_case1_226.png,0.698795181085789,0.5370370378943758,87.5907995714031,9.083486546617193
mosmed_test_Jun_radiopaedia_4_85506_1_case19_8,Jun_radiopaedia_4_85506_1_case19,probabilities/mosmed_test_Jun_radiopaedia_4_85506_1_case19_8.npy,masks/mosmed_test_Jun_radiopaedia_4_85506_1_case19_8.png,0.8582677165416331,0.7517241379500594,3.92111025509278,1.45139684186684
mosmed_test_Jun_coronacases_case8_200,Jun_coronacases_case8,probabilities/mosmed_test_Jun_coronacases_case8_200.npy,masks/mosmed_test_Jun_coronacases_case8_200.png,0.8192771084881696,0.6938775511765931,1.0,0.4237246943348257
mosmed_test_Jun_coronacases_case7_148,Jun_coronacases_case7,probabilities/mosmed_test_Jun_coronacases_case7_148.npy,masks/mosmed_test_Jun_coronacases_case7_148.png,0.8774373259223625,0.7816377171757722,2.0,0.5057015017319217
mosmed_test_Morozov_study_0264_27,Morozov_study_0264,probabilities/mosmed_test_Morozov_study_0264_27.npy,masks/mosmed_test_Morozov_study_0264_27.png,0.680412371199915,0.5156250001513671,7.280109889280518,1.215166252447212
mosmed_test_Morozov_study_0274_10,Morozov_study_0274,probabilities/mosmed_test_Morozov_study_0274_10.npy,masks/mosmed_test_Morozov_study_0274_10.png,0.8262411347671771,0.7039274924918539,3.0,0.7883529286090273
mosmed_test_Jun_coronacases_case8_211,Jun_coronacases_case8,probabilities/mosmed_test_Jun_coronacases_case8_211.npy,masks/mosmed_test_Jun_coronacases_case8_211.png,0.8591549296270581,0.7530864199055022,9.953612169412938,0.9669806613151738
mosmed_test_Jun_coronacases_case7_88,Jun_coronacases_case7,probabilities/mosmed_test_Jun_coronacases_case7_88.npy,masks/mosmed_test_Jun_coronacases_case7_88.png,0.748091603117534,0.5975609757733492,3.0,1.1292485469993847
mosmed_test_Jun_coronacases_case8_137,Jun_coronacases_case8,probabilities/mosmed_test_Jun_coronacases_case8_137.npy,masks/mosmed_test_Jun_coronacases_case8_137.png,0.8913784705362213,0.8040421792790823,3.1622776601683795,0.8004700170733055
mosmed_test_Jun_radiopaedia_7_85703_0_case20_9,Jun_radiopaedia_7_85703_0_case20,probabilities/mosmed_test_Jun_radiopaedia_7_85703_0_case20_9.npy,masks/mosmed_test_Jun_radiopaedia_7_85703_0_case20_9.png,0.8191126280069269,0.6936416185561385,2.23606797749979,0.6889800580163072
mosmed_test_Morozov_study_0262_11,Morozov_study_0262,probabilities/mosmed_test_Morozov_study_0262_11.npy,masks/mosmed_test_Morozov_study_0262_11.png,0.7640845070837881,0.6182336183423836,52.5842138739766,12.94175871493692
mosmed_test_Jun_coronacases_case4_119,Jun_coronacases_case4,probabilities/mosmed_test_Jun_coronacases_case4_119.npy,masks/mosmed_test_Jun_coronacases_case4_119.png,0.7729729730343317,0.6299559472995788,7.2041008139748515,2.4481390691362273
mosmed_test_Jun_radiopaedia_7_85703_0_case20_33,Jun_radiopaedia_7_85703_0_case20,probabilities/mosmed_test_Jun_radiopaedia_7_85703_0_case20_33.npy,masks/mosmed_test_Jun_radiopaedia_7_85703_0_case20_33.png,0.9351289210061565,0.8781616286280641,2.8284271247461903,0.8316848636913937
mosmed_test_Jun_radiopaedia_40_86625_0_case18_54,Jun_radiopaedia_40_86625_0_case18,probabilities/mosmed_test_Jun_radiopaedia_40_86625_0_case18_54.npy,masks/mosmed_test_Jun_radiopaedia_40_86625_0_case18_54.png,0.8631213872848194,0.7592027659190725,4.0,1.1881267993420612
mosmed_test_Morozov_study_0268_9,Morozov_study_0268,probabilities/mosmed_test_Morozov_study_0268_9.npy,masks/mosmed_test_Morozov_study_0268_9.png,0.5906735753416199,0.41911764748594293,7.056854249492379,1.3670872844602338
mosmed_test_Jun_radiopaedia_7_85703_0_case20_19,Jun_radiopaedia_7_85703_0_case20,probabilities/mosmed_test_Jun_radiopaedia_7_85703_0_case20_19.npy,masks/mosmed_test_Jun_radiopaedia_7_85703_0_case20_19.png,0.8844169246705668,0.7927844588535814,2.8284271247461903,0.8407642428673121
mosmed_test_Jun_coronacases_case9_161,Jun_coronacases_case9,probabilities/mosmed_test_Jun_coronacases_case9_161.npy,masks/mosmed_test_Jun_coronacases_case9_161.png,0.5915492958897044,0.42000000023199996,4.018465843842646,1.130619590852349
mosmed_test_Morozov_study_0292_20,Morozov_study_0292,probabilities/mosmed_test_Morozov_study_0292_20.npy,masks/mosmed_test_Morozov_study_0292_20.png,0.9256806475404209,0.8616438356353913,3.5390602331696326,1.1622058547218521
mosmed_test_Morozov_study_0258_21,Morozov_study_0258,probabilities/mosmed_test_Morozov_study_0258_21.npy,masks/mosmed_test_Morozov_study_0258_21.png,0.9378663540518328,0.8830022075313461,1.0,0.33272491888207867
mosmed_test_Jun_coronacases_case3_151,Jun_coronacases_case3,probabilities/mosmed_test_Jun_coronacases_case3_151.npy,masks/mosmed_test_Jun_coronacases_case3_151.png,0.8742514970117803,0.7765957446991328,3.0,0.8427890228395348
mosmed_test_Morozov_study_0256_15,Morozov_study_0256,probabilities/mosmed_test_Morozov_study_0256_15.npy,masks/mosmed_test_Morozov_study_0256_15.png,1.1111110987654323e-08,1.1111110987654323e-08,316.7838379715733,316.7838379715733
mosmed_test_Jun_coronacases_case3_102,Jun_coronacases_case3,probabilities/mosmed_test_Jun_coronacases_case3_102.npy,masks/mosmed_test_Jun_coronacases_case3_102.png,0.9383517196635569,0.883863080688146,2.5914834658475763,1.1365480352421848
mosmed_test_Jun_coronacases_case7_96,Jun_coronacases_case7,probabilities/mosmed_test_Jun_coronacases_case7_96.npy,masks/mosmed_test_Jun_coronacases_case7_96.png,0.9000000000104167,0.8181818182162536,2.0,0.8196484268100361
mosmed_test_Morozov_study_0292_24,Morozov_study_0292,probabilities/mosmed_test_Morozov_study_0292_24.npy,masks/mosmed_test_Morozov_study_0292_24.png,0.46153846179733726,0.3000000004375,25.84045614540068,7.92814762275649
mosmed_test_Morozov_study_0258_20,Morozov_study_0258,probabilities/mosmed_test_Morozov_study_0258_20.npy,masks/mosmed_test_Morozov_study_0258_20.png,0.9022556391069307,0.8219178082496716,29.5296461204668,2.8276447344265203
mosmed_test_Morozov_study_0273_15,Morozov_study_0273,probabilities/mosmed_test_Morozov_study_0273_15.npy,masks/mosmed_test_Morozov_study_0273_15.png,0.8521739131077505,0.7424242426193756,2.2656859348620997,0.5930221295488163
mosmed_test_Jun_coronacases_case4_75,Jun_coronacases_case4,probabilities/mosmed_test_Jun_coronacases_case4_75.npy,masks/mosmed_test_Jun_coronacases_case4_75.png,0.7135135135909423,0.5546218489266295,2.8284271247461903,0.9162707143072953
mosmed_test_Jun_coronacases_case6_65,Jun_coronacases_case6,probabilities/mosmed_test_Jun_coronacases_case6_65.npy,masks/mosmed_test_Jun_coronacases_case6_65.png,0.8471337579780113,0.7348066298830928,2.23606797749979,0.719161590033334
mosmed_test_Jun_radiopaedia_40_86625_0_case18_48,Jun_radiopaedia_40_86625_0_case18,probabilities/mosmed_test_Jun_radiopaedia_40_86625_0_case18_48.npy,masks/mosmed_test_Jun_radiopaedia_40_86625_0_case18_48.png,0.9127147766333021,0.8394437421019924,3.605551275463989,1.0091398346454512
mosmed_test_Jun_coronacases_case2_41,Jun_coronacases_case2,probabilities/mosmed_test_Jun_coronacases_case2_41.npy,masks/mosmed_test_Jun_coronacases_case2_41.png,0.9373650108126641,0.8821138211861326,1.0,0.3170731707317073
mosmed_test_Jun_coronacases_case10_122,Jun_coronacases_case10,probabilities/mosmed_test_Jun_coronacases_case10_122.npy,masks/mosmed_test_Jun_coronacases_case10_122.png,0.9107142857170346,0.8360655737797589,2.0,0.8045466043866291
mosmed_test_Jun_coronacases_case3_72,Jun_coronacases_case3,probabilities/mosmed_test_Jun_coronacases_case3_72.npy,masks/mosmed_test_Jun_coronacases_case3_72.png,0.9219576719589624,0.8552147239308217,2.8284271247461903,0.8920559673997418
mosmed_test_Jun_coronacases_case7_75,Jun_coronacases_case7,probabilities/mosmed_test_Jun_coronacases_case7_75.npy,masks/mosmed_test_Jun_coronacases_case7_75.png,0.15789473905817175,0.0857142883265306,7.496076922496361,3.2404831095499578
mosmed_test_Jun_radiopaedia_27_86410_0_case14_30,Jun_radiopaedia_27_86410_0_case14,probabilities/mosmed_test_Jun_radiopaedia_27_86410_0_case14_30.npy,masks/mosmed_test_Jun_radiopaedia_27_86410_0_case14_30.png,0.8208395802166102,0.6961220597777418,21.93171219946131,2.3950450333334445
mosmed_test_Morozov_study_0266_20,Morozov_study_0266,probabilities/mosmed_test_Morozov_study_0266_20.npy,masks/mosmed_test_Morozov_study_0266_20.png,0.823529412802768,0.7000000030000001,1.0,0.17647058823529413
mosmed_test_Jun_radiopaedia_14_85914_0_case13_6,Jun_radiopaedia_14_85914_0_case13,probabilities/mosmed_test_Jun_radiopaedia_14_85914_0_case13_6.npy,masks/mosmed_test_Jun_radiopaedia_14_85914_0_case13_6.png,0.9039855072550737,0.824793388458712,2.89705627484771,0.7928359225049286
mosmed_test_Jun_coronacases_case5_151,Jun_coronacases_case5,probabilities/mosmed_test_Jun_coronacases_case5_151.npy,masks/mosmed_test_Jun_coronacases_case5_151.png,0.8918406072311499,0.8047945206147963,1.4142135623730951,0.6143570347648606
mosmed_test_Jun_radiopaedia_36_86526_0_case17_33,Jun_radiopaedia_36_86526_0_case17,probabilities/mosmed_test_Jun_radiopaedia_36_86526_0_case17_33.npy,masks/mosmed_test_Jun_radiopaedia_36_86526_0_case17_33.png,0.47798742171195757,0.3140495873437607,5.0,2.416787297347008
mosmed_test_Morozov_study_0256_10,Morozov_study_0256,probabilities/mosmed_test_Morozov_study_0256_10.npy,masks/mosmed_test_Morozov_study_0256_10.png,1.78571428252551e-09,1.78571428252551e-09,14.83063275683872,8.955351834763446
mosmed_test_Jun_coronacases_case1_207,Jun_coronacases_case1,probabilities/mosmed_test_Jun_coronacases_case1_207.npy,masks/mosmed_test_Jun_coronacases_case1_207.png,0.749221183820154,0.5990037360399747,4.0,1.2197933746580754
mosmed_test_Morozov_study_0298_9,Morozov_study_0298,probabilities/mosmed_test_Morozov_study_0298_9.npy,masks/mosmed_test_Morozov_study_0298_9.png,0.8721311475549584,0.7732558139974312,5.726493307633545,1.502644125792719
mosmed_test_bjorke_26,bjorke_26,probabilities/mosmed_test_bjorke_26.npy,masks/mosmed_test_bjorke_26.png,0.8420647149475918,0.7272122421868394,6.340269103755962,2.223281363139435
mosmed_test_Jun_coronacases_case10_98,Jun_coronacases_case10,probabilities/mosmed_test_Jun_coronacases_case10_98.npy,masks/mosmed_test_Jun_coronacases_case10_98.png,0.8952461085445836,0.8103579588872538,2.0,0.7477661404862559
mosmed_test_Jun_coronacases_case10_200,Jun_coronacases_case10,probabilities/mosmed_test_Jun_coronacases_case10_200.npy,masks/mosmed_test_Jun_coronacases_case10_200.png,0.8410256410358317,0.7256637168445063,4.21036320796314,1.1418890800919432
mosmed_test_Jun_coronacases_case3_71,Jun_coronacases_case3,probabilities/mosmed_test_Jun_coronacases_case3_71.npy,masks/mosmed_test_Jun_coronacases_case3_71.png,0.9121156108231875,0.8384306456645526,3.1622776601683795,1.4108886794638742
mosmed_test_Jun_coronacases_case5_170,Jun_coronacases_case5,probabilities/mosmed_test_Jun_coronacases_case5_170.npy,masks/mosmed_test_Jun_coronacases_case5_170.png,0.41860465251487294,0.2647058845155709,2.0118033988749886,0.8178694160529716
mosmed_test_Morozov_study_0297_9,Morozov_study_0297,probabilities/mosmed_test_Morozov_study_0297_9.npy,masks/mosmed_test_Morozov_study_0297_9.png,0.7168591224149258,0.5586753060072948,4.123105625617661,1.0053064784877404
mosmed_test_Jun_coronacases_case9_131,Jun_coronacases_case9,probabilities/mosmed_test_Jun_coronacases_case9_131.npy,masks/mosmed_test_Jun_coronacases_case9_131.png,0.930171278001965,0.8694581280948943,2.0,0.6512665230859506
mosmed_test_Jun_coronacases_case7_131,Jun_coronacases_case7,probabilities/mosmed_test_Jun_coronacases_case7_131.npy,masks/mosmed_test_Jun_coronacases_case7_131.png,0.8931008339732297,0.8068493150949522,2.0,0.5595144049245241
mosmed_test_Morozov_study_0294_35,Morozov_study_0294,probabilities/mosmed_test_Morozov_study_0294_35.npy,masks/mosmed_test_Morozov_study_0294_35.png,0.8695652176748582,0.7692307701183432,1.0,0.25443820438846204
mosmed_test_Jun_radiopaedia_10_85902_3_case12_107,Jun_radiopaedia_10_85902_3_case12,probabilities/mosmed_test_Jun_radiopaedia_10_85902_3_case12_107.npy,masks/mosmed_test_Jun_radiopaedia_10_85902_3_case12_107.png,0.9578313253054386,0.9190751445242631,1.0,0.33533037602567317
mosmed_test_Morozov_study_0271_25,Morozov_study_0271,probabilities/mosmed_test_Morozov_study_0271_25.npy,masks/mosmed_test_Morozov_study_0271_25.png,0.7657992565926396,0.6204819279394687,2.23606797749979,0.5963657107154876
mosmed_test_Jun_coronacases_case8_238,Jun_coronacases_case8,probabilities/mosmed_test_Jun_coronacases_case8_238.npy,masks/mosmed_test_Jun_coronacases_case8_238.png,0.8131868133921024,0.6851851857681756,1.4142135623730951,0.38081220356417683
mosmed_test_Jun_coronacases_case1_95,Jun_coronacases_case1,probabilities/mosmed_test_Jun_coronacases_case1_95.npy,masks/mosmed_test_Jun_coronacases_case1_95.png,0.9459227467857577,0.8973941368245286,1.0,0.31947787971453134
mosmed_test_Jun_coronacases_case4_163,Jun_coronacases_case4,probabilities/mosmed_test_Jun_coronacases_case4_163.npy,masks/mosmed_test_Jun_coronacases_case4_163.png,0.9053254438149925,0.8270270271205259,1.0,0.37627941587890684
mosmed_test_Morozov_study_0261_26,Morozov_study_0261,probabilities/mosmed_test_Morozov_study_0261_26.npy,masks/mosmed_test_Morozov_study_0261_26.png,0.9297297297677136,0.8686868688195082,1.0,0.6111032686363255
mosmed_test_Morozov_study_0270_18,Morozov_study_0270,probabilities/mosmed_test_Morozov_study_0270_18.npy,masks/mosmed_test_Morozov_study_0270_18.png,0.5457746479672932,0.3753026635895151,27.578797863393866,5.063019368081479
mosmed_test_Morozov_study_0294_28,Morozov_study_0294,probabilities/mosmed_test_Morozov_study_0294_28.npy,masks/mosmed_test_Morozov_study_0294_28.png,0.80000000016,0.6666666671111112,2.23606797749979,0.6176356190259708
mosmed_test_Jun_radiopaedia_7_85703_0_case20_18,Jun_radiopaedia_7_85703_0_case20,probabilities/mosmed_test_Jun_radiopaedia_7_85703_0_case20_18.npy,masks/mosmed_test_Jun_radiopaedia_7_85703_0_case20_18.png,0.8209513629171058,0.6962828649414067,5.0,1.4497283483012449
mosmed_test_Morozov_study_0288_12,Morozov_study_0288,probabilities/mosmed_test_Morozov_study_0288_12.npy,masks/mosmed_test_Morozov_study_0288_12.png,0.8206820682133963,0.6958955224069717,4.242640687119285,1.1008917955503787
mosmed_test_Morozov_study_0258_22,Morozov_study_0258,probabilities/mosmed_test_Morozov_study_0258_22.npy,masks/mosmed_test_Morozov_study_0258_22.png,0.8866995074031159,0.7964601770361814,2.8284271247461903,1.4654371493017107
mosmed_test_Jun_coronacases_case9_181,Jun_coronacases_case9,probabilities/mosmed_test_Jun_coronacases_case9_181.npy,masks/mosmed_test_Jun_coronacases_case9_181.png,0.8705402650488746,0.7707581227850618,2.8284271247461903,0.784860697328418
mosmed_test_Morozov_study_0286_24,Morozov_study_0286,probabilities/mosmed_test_Morozov_study_0286_24.npy,masks/mosmed_test_Morozov_study_0286_24.png,0.5185185191129401,0.35000000108333335,38.46785586413597,10.644192993577231
mosmed_test_Morozov_study_0286_17,Morozov_study_0286,probabilities/mosmed_test_Morozov_study_0286_17.npy,masks/mosmed_test_Morozov_study_0286_17.png,0.5984848485608931,0.42702702718188457,9.219544457292887,2.5617690587386406
mosmed_test_Jun_coronacases_case8_251,Jun_coronacases_case8,probabilities/mosmed_test_Jun_coronacases_case8_251.npy,masks/mosmed_test_Jun_coronacases_case8_251.png,0.6363636369146006,0.46666666785185185,2.0,0.59853063176067
mosmed_test_Jun_coronacases_case9_104,Jun_coronacases_case9,probabilities/mosmed_test_Jun_coronacases_case9_104.npy,masks/mosmed_test_Jun_coronacases_case9_104.png,0.9087523277637334,0.8327645051765308,1.4142135623730951,0.43789723715347795
mosmed_test_Jun_coronacases_case10_101,Jun_coronacases_case10,probabilities/mosmed_test_Jun_coronacases_case10_101.npy,masks/mosmed_test_Jun_coronacases_case10_101.png,0.9022617124433658,0.8219278881661569,2.23606797749979,0.7954410945875238
mosmed_test_Morozov_study_0279_16,Morozov_study_0279,probabilities/mosmed_test_Morozov_study_0279_16.npy,masks/mosmed_test_Morozov_study_0279_16.png,0.9297597042578779,0.8687392055494406,2.0,0.3646222936331306
mosmed_test_Jun_radiopaedia_29_86491_1_case16_16,Jun_radiopaedia_29_86491_1_case16,probabilities/mosmed_test_Jun_radiopaedia_29_86491_1_case16_16.npy,masks/mosmed_test_Jun_radiopaedia_29_86491_1_case16_16.png,0.9008264463014821,0.8195488722482898,2.0,0.6848203155449372
mosmed_test_Jun_coronacases_case8_92,Jun_coronacases_case8,probabilities/mosmed_test_Jun_coronacases_case8_92.npy,masks/mosmed_test_Jun_coronacases_case8_92.png,0.8560747663641075,0.7483660130993065,2.23606797749979,0.7800500069614107
mosmed_test_Jun_coronacases_case4_60,Jun_coronacases_case4,probabilities/mosmed_test_Jun_coronacases_case4_60.npy,masks/mosmed_test_Jun_coronacases_case4_60.png,0.7843137259131103,0.6451612914672217,1.04142135623731,0.4058571057627228
mosmed_test_Morozov_study_0294_20,Morozov_study_0294,probabilities/mosmed_test_Morozov_study_0294_20.npy,masks/mosmed_test_Morozov_study_0294_20.png,0.8947368421975993,0.8095238098261527,1.1656854249492345,0.9703792546617711
mosmed_test_Jun_radiopaedia_40_86625_0_case18_29,Jun_radiopaedia_40_86625_0_case18,probabilities/mosmed_test_Jun_radiopaedia_40_86625_0_case18_29.npy,masks/mosmed_test_Jun_radiopaedia_40_86625_0_case18_29.png,0.8926716676294223,0.8061490359595944,6.4031242374328485,1.7467067752855692
mosmed_test_Jun_coronacases_case5_140,Jun_coronacases_case5,probabilities/mosmed_test_Jun_coronacases_case5_140.npy,masks/mosmed_test_Jun_coronacases_case5_140.png,0.8933333333511111,0.8072289157207142,2.0,0.5819680751316346
mosmed_test_Jun_coronacases_case3_126,Jun_coronacases_case3,probabilities/mosmed_test_Jun_coronacases_case3_126.npy,masks/mosmed_test_Jun_coronacases_case3_126.png,0.9060796645721996,0.828286699891595,2.888477631085008,1.4612219831360398
mosmed_test_Jun_coronacases_case8_71,Jun_coronacases_case8,probabilities/mosmed_test_Jun_coronacases_case8_71.npy,masks/mosmed_test_Jun_coronacases_case8_71.png,0.853909465035606,0.7450628366705454,2.23606797749979,0.7444632370436091
mosmed_test_Jun_radiopaedia_27_86410_0_case14_42,Jun_radiopaedia_27_86410_0_case14,probabilities/mosmed_test_Jun_radiopaedia_27_86410_0_case14_42.npy,masks/mosmed_test_Jun_radiopaedia_27_86410_0_case14_42.png,0.8247978437129925,0.701834862522094,2.0,0.6917666593416764
mosmed_test_Jun_coronacases_case9_85,Jun_coronacases_case9,probabilities/mosmed_test_Jun_coronacases_case9_85.npy,masks/mosmed_test_Jun_coronacases_case9_85.png,0.6363636371900826,0.4666666684444444,2.035410196624968,0.6240730695294439
mosmed_test_Jun_radiopaedia_36_86526_0_case17_10,Jun_radiopaedia_36_86526_0_case17,probabilities/mosmed_test_Jun_radiopaedia_36_86526_0_case17_10.npy,masks/mosmed_test_Jun_radiopaedia_36_86526_0_case17_10.png,0.6501035197411794,0.4815950921835597,4.17689640329339,1.897129798018667
mosmed_test_Jun_coronacases_case9_126,Jun_coronacases_case9,probabilities/mosmed_test_Jun_coronacases_case9_126.npy,masks/mosmed_test_Jun_coronacases_case9_126.png,0.9369554074865732,0.8813886210336171,2.0,0.607703502839909
mosmed_test_Morozov_study_0269_24,Morozov_study_0269,probabilities/mosmed_test_Morozov_study_0269_24.npy,masks/mosmed_test_Morozov_study_0269_24.png,0.5372340426762675,0.36727272750280987,88.57762308787864,17.15414603663461
mosmed_test_Jun_coronacases_case8_90,Jun_coronacases_case8,probabilities/mosmed_test_Jun_coronacases_case8_90.npy,masks/mosmed_test_Jun_coronacases_case8_90.png,0.8943758573460647,0.8089330025050951,2.0,0.7212455489168192
mosmed_test_Jun_coronacases_case3_115,Jun_coronacases_case3,probabilities/mosmed_test_Jun_coronacases_case3_115.npy,masks/mosmed_test_Jun_coronacases_case3_115.png,0.9106443574241608,0.8359477124236618,2.8284271247461903,1.1839379082380117
mosmed_test_Jun_coronacases_case9_145,Jun_coronacases_case9,probabilities/mosmed_test_Jun_coronacases_case9_145.npy,masks/mosmed_test_Jun_coronacases_case9_145.png,0.8981132075663938,0.8150684932140175,1.7363961030678827,0.43162215777356344
mosmed_test_Jun_radiopaedia_10_85902_1_case11_11,Jun_radiopaedia_10_85902_1_case11,probabilities/mosmed_test_Jun_radiopaedia_10_85902_1_case11_11.npy,masks/mosmed_test_Jun_radiopaedia_10_85902_1_case11_11.png,0.8842975206707192,0.7925925926233196,22.737247812435054,3.2199008684635513
mosmed_test_Jun_coronacases_case1_195,Jun_coronacases_case1,probabilities/mosmed_test_Jun_coronacases_case1_195.npy,masks/mosmed_test_Jun_coronacases_case1_195.png,0.8765778401208572,0.7802746567065825,2.0,0.6690626760972319
mosmed_test_Jun_radiopaedia_40_86625_0_case18_73,Jun_radiopaedia_40_86625_0_case18,probabilities/mosmed_test_Jun_radiopaedia_40_86625_0_case18_73.npy,masks/mosmed_test_Jun_radiopaedia_40_86625_0_case18_73.png,0.8749637365861629,0.7777204744828407,2.23606797749979,0.7378531895182775
mosmed_test_Jun_radiopaedia_10_85902_3_case12_78,Jun_radiopaedia_10_85902_3_case12,probabilities/mosmed_test_Jun_radiopaedia_10_85902_3_case12_78.npy,masks/mosmed_test_Jun_radiopaedia_10_85902_3_case12_78.png,0.9391304347958412,0.8852459016863746,1.0,0.30142729815952524
mosmed_test_Jun_coronacases_case5_162,Jun_coronacases_case5,probabilities/mosmed_test_Jun_coronacases_case5_162.npy,masks/mosmed_test_Jun_coronacases_case5_162.png,0.7421383649420513,0.59000000041,3.0,0.8305449759550039
mosmed_test_Morozov_study_0276_36,Morozov_study_0276,probabilities/mosmed_test_Morozov_study_0276_36.npy,masks/mosmed_test_Morozov_study_0276_36.png,0.7855787476687708,0.6468750001103515,2.23606797749979,0.7607606907500263
mosmed_test_Morozov_study_0273_23,Morozov_study_0273,probabilities/mosmed_test_Morozov_study_0273_23.npy,masks/mosmed_test_Morozov_study_0273_23.png,0.7616361072268496,0.6150341686526118,78.10377707539604,7.8890673098788655
mosmed_test_Jun_coronacases_case10_106,Jun_coronacases_case10,probabilities/mosmed_test_Jun_coronacases_case10_106.npy,masks/mosmed_test_Jun_coronacases_case10_106.png,0.9161139289927385,0.845212383020503,2.23606797749979,0.6556842243018473
mosmed_test_Jun_radiopaedia_4_85506_1_case19_19,Jun_radiopaedia_4_85506_1_case19,probabilities/mosmed_test_Jun_radiopaedia_4_85506_1_case19_19.npy,masks/mosmed_test_Jun_radiopaedia_4_85506_1_case19_19.png,0.8635496183227807,0.7598656591167124,9.0,1.8141780928299713
mosmed_test_Jun_coronacases_case10_90,Jun_coronacases_case10,probabilities/mosmed_test_Jun_coronacases_case10_90.npy,masks/mosmed_test_Jun_coronacases_case10_90.png,0.8705357142929389,0.7707509881649456,2.0,0.7221685765909241
mosmed_test_Jun_coronacases_case8_119,Jun_coronacases_case8,probabilities/mosmed_test_Jun_coronacases_case8_119.npy,masks/mosmed_test_Jun_coronacases_case8_119.png,0.8966861598490895,0.8127208480730811,2.0,0.600829798108744
mosmed_test_Jun_coronacases_case5_133,Jun_coronacases_case5,probabilities/mosmed_test_Jun_coronacases_case5_133.npy,masks/mosmed_test_Jun_coronacases_case5_133.png,0.8676470588478591,0.7662337663096643,2.0,1.6952048480841724
mosmed_test_Jun_radiopaedia_14_85914_0_case13_64,Jun_radiopaedia_14_85914_0_case13,probabilities/mosmed_test_Jun_radiopaedia_14_85914_0_case13_64.npy,masks/mosmed_test_Jun_radiopaedia_14_85914_0_case13_64.png,0.8490802675601057,0.7377406465721442,7.0710678118654755,1.7804453783772611
mosmed_test_Jun_coronacases_case2_78,Jun_coronacases_case2,probabilities/mosmed_test_Jun_coronacases_case2_78.npy,masks/mosmed_test_Jun_coronacases_case2_78.png,0.5270270273466033,0.3577981657267907,6.601426039226084,2.0794366141973453
mosmed_test_Morozov_study_0270_19,Morozov_study_0270,probabilities/mosmed_test_Morozov_study_0270_19.npy,masks/mosmed_test_Morozov_study_0270_19.png,0.7603686636496847,0.6133828997719766,2.0,0.5239006486687914
mosmed_test_Jun_radiopaedia_4_85506_1_case19_20,Jun_radiopaedia_4_85506_1_case19,probabilities/mosmed_test_Jun_radiopaedia_4_85506_1_case19_20.npy,masks/mosmed_test_Jun_radiopaedia_4_85506_1_case19_20.png,0.8257439942663007,0.7032061068792914,7.674116076876723,1.8240505619606617
mosmed_test_Morozov_study_0292_26,Morozov_study_0292,probabilities/mosmed_test_Morozov_study_0292_26.npy,masks/mosmed_test_Morozov_study_0292_26.png,0.5496183209544898,0.37894736907479226,21.145698363859694,6.166608755669522
mosmed_test_Jun_radiopaedia_10_85902_3_case12_150,Jun_radiopaedia_10_85902_3_case12,probabilities/mosmed_test_Jun_radiopaedia_10_85902_3_case12_150.npy,masks/mosmed_test_Jun_radiopaedia_10_85902_3_case12_150.png,0.9581511555304091,0.9196642685947645,1.0,0.43212979339490193
mosmed_test_Jun_radiopaedia_4_85506_1_case19_12,Jun_radiopaedia_4_85506_1_case19,probabilities/mosmed_test_Jun_radiopaedia_4_85506_1_case19_12.npy,masks/mosmed_test_Jun_radiopaedia_4_85506_1_case19_12.png,0.8990006378917819,0.816531479339194,14.249473134455446,2.184899166165026
mosmed_test_Jun_coronacases_case2_49,Jun_coronacases_case2,probabilities/mosmed_test_Jun_coronacases_case2_49.npy,masks/mosmed_test_Jun_coronacases_case2_49.png,0.8943820224956445,0.8089430895085598,2.0,0.5567329458732713
mosmed_test_Jun_coronacases_case10_256,Jun_coronacases_case10,probabilities/mosmed_test_Jun_coronacases_case10_256.npy,masks/mosmed_test_Jun_coronacases_case10_256.png,0.9127516778816269,0.8395061729385764,1.0,0.36836677430454834
mosmed_test_Morozov_study_0297_37,Morozov_study_0297,probabilities/mosmed_test_Morozov_study_0297_37.npy,masks/mosmed_test_Morozov_study_0297_37.png,0.7204610951814232,0.5630630632598815,3.0,0.8719685591811224
mosmed_test_Morozov_study_0302_23,Morozov_study_0302,probabilities/mosmed_test_Morozov_study_0302_23.npy,masks/mosmed_test_Morozov_study_0302_23.png,0.7230046949657255,0.5661764709072231,2.23606797749979,0.771290622305008
mosmed_test_Jun_coronacases_case8_145,Jun_coronacases_case8,probabilities/mosmed_test_Jun_coronacases_case8_145.npy,masks/mosmed_test_Jun_coronacases_case8_145.png,0.9149762624119562,0.843277645199421,1.7656854249492513,0.6082089854935794
mosmed_test_Morozov_study_0289_12,Morozov_study_0289,probabilities/mosmed_test_Morozov_study_0289_12.npy,masks/mosmed_test_Morozov_study_0289_12.png,0.8156028369448216,0.6886227546774714,2.23606797749979,0.83767124494496
mosmed_test_Jun_coronacases_case10_213,Jun_coronacases_case10,probabilities/mosmed_test_Jun_coronacases_case10_213.npy,masks/mosmed_test_Jun_coronacases_case10_213.png,0.9211488250693917,0.853823814147742,2.0,0.5758740506592106
mosmed_test_Jun_radiopaedia_10_85902_1_case11_15,Jun_radiopaedia_10_85902_1_case11,probabilities/mosmed_test_Jun_radiopaedia_10_85902_1_case11_15.npy,masks/mosmed_test_Jun_radiopaedia_10_85902_1_case11_15.png,0.8805336567689185,0.7865655471520514,3.0,1.115164416232849
mosmed_test_Morozov_study_0295_24,Morozov_study_0295,probabilities/mosmed_test_Morozov_study_0295_24.npy,masks/mosmed_test_Morozov_study_0295_24.png,0.8055555558256173,0.6744186054083289,1.4142135623730951,0.42191393605071476
mosmed_test_Jun_radiopaedia_27_86410_0_case14_31,Jun_radiopaedia_27_86410_0_case14,probabilities/mosmed_test_Jun_radiopaedia_27_86410_0_case14_31.npy,masks/mosmed_test_Jun_radiopaedia_27_86410_0_case14_31.png,0.8302481291914041,0.7097643097838543,5.0,1.3140854038029235
mosmed_test_Morozov_study_0270_11,Morozov_study_0270,probabilities/mosmed_test_Morozov_study_0270_11.npy,masks/mosmed_test_Morozov_study_0270_11.png,0.5806451613869481,0.40909090928276265,54.125778305296095,5.307514734841714
mosmed_test_Jun_radiopaedia_10_85902_3_case12_173,Jun_radiopaedia_10_85902_3_case12,probabilities/mosmed_test_Jun_radiopaedia_10_85902_3_case12_173.npy,masks/mosmed_test_Jun_radiopaedia_10_85902_3_case12_173.png,0.9511854951219536,0.9069148936293996,1.4142135623730951,0.5087920382508083
mosmed_test_Jun_coronacases_case8_219,Jun_coronacases_case8,probabilities/mosmed_test_Jun_coronacases_case8_219.npy,masks/mosmed_test_Jun_coronacases_case8_219.png,0.8256513026401501,0.7030716724562894,31.596668214989343,3.244092213650211
mosmed_test_bjorke_46,bjorke_46,probabilities/mosmed_test_bjorke_46.npy,masks/mosmed_test_bjorke_46.png,0.6814952116206133,0.5168697282212542,19.209090545185383,3.932522601480777
mosmed_test_Jun_coronacases_case8_217,Jun_coronacases_case8,probabilities/mosmed_test_Jun_coronacases_case8_217.npy,masks/mosmed_test_Jun_coronacases_case8_217.png,0.8905109489317492,0.8026315790339336,1.0,0.33256048254390175
mosmed_test_Jun_coronacases_case9_93,Jun_coronacases_case9,probabilities/mosmed_test_Jun_coronacases_case9_93.npy,masks/mosmed_test_Jun_coronacases_case9_93.png,0.7460815047817926,0.5950000002025,4.299999999999983,0.9914724123404097
mosmed_test_Jun_radiopaedia_27_86410_0_case14_26,Jun_radiopaedia_27_86410_0_case14,probabilities/mosmed_test_Jun_radiopaedia_27_86410_0_case14_26.npy,masks/mosmed_test_Jun_radiopaedia_27_86410_0_case14_26.png,0.7985224983277863,0.6646171045464161,27.440266225498874,3.7260430076134883
mosmed_test_Jun_coronacases_case5_146,Jun_coronacases_case5,probabilities/mosmed_test_Jun_coronacases_case5_146.npy,masks/mosmed_test_Jun_coronacases_case5_146.png,0.8904109589228748,0.8024691358634355,2.0,0.5799640936732776
mosmed_test_Jun_coronacases_case10_196,Jun_coronacases_case10,probabilities/mosmed_test_Jun_coronacases_case10_196.npy,masks/mosmed_test_Jun_coronacases_case10_196.png,0.8882858435147769,0.7990235964362064,2.8284271247461903,0.8326709398240933
mosmed_test_Jun_coronacases_case6_82,Jun_coronacases_case6,probabilities/mosmed_test_Jun_coronacases_case6_82.npy,masks/mosmed_test_Jun_coronacases_case6_82.png,0.9354838709719042,0.8787878788025711,2.23606797749979,0.6694605961883954
mosmed_test_Jun_coronacases_case7_101,Jun_coronacases_case7,probabilities/mosmed_test_Jun_coronacases_case7_101.npy,masks/mosmed_test_Jun_coronacases_case7_101.png,0.8722891566418929,0.77350427355267,23.44101135838443,2.2068524770291345
mosmed_test_Jun_coronacases_case9_110,Jun_coronacases_case9,probabilities/mosmed_test_Jun_coronacases_case9_110.npy,masks/mosmed_test_Jun_coronacases_case9_110.png,0.9555555555610425,0.9148936170413963,1.0,0.28169203337198645
mosmed_test_Jun_radiopaedia_10_85902_3_case12_167,Jun_radiopaedia_10_85902_3_case12,probabilities/mosmed_test_Jun_radiopaedia_10_85902_3_case12_167.npy,masks/mosmed_test_Jun_radiopaedia_10_85902_3_case12_167.png,0.9230769230826679,0.8571428571626709,2.8284271247461903,0.6076179510624253
mosmed_test_Morozov_study_0256_34,Morozov_study_0256,probabilities/mosmed_test_Morozov_study_0256_34.npy,masks/mosmed_test_Morozov_study_0256_34.png,0.39603960425938634,0.24691358071178177,6.252017483325194,6.43774920435116
mosmed_test_Jun_coronacases_case5_177,Jun_coronacases_case5,probabilities/mosmed_test_Jun_coronacases_case5_177.npy,masks/mosmed_test_Jun_coronacases_case5_177.png,0.5853658546698394,0.4137931054696789,2.0,0.8077834621058297
mosmed_test_Jun_coronacases_case6_80,Jun_coronacases_case6,probabilities/mosmed_test_Jun_coronacases_case6_80.npy,masks/mosmed_test_Jun_coronacases_case6_80.png,0.9549549549578537,0.9137931034588924,1.4142135623730951,0.4629866921996048
mosmed_test_Morozov_study_0260_14,Morozov_study_0260,probabilities/mosmed_test_Morozov_study_0260_14.npy,masks/mosmed_test_Morozov_study_0260_14.png,0.1796610170186728,0.09869646190887368,20.591260281974,6.864871440064943
mosmed_test_Jun_coronacases_case10_258,Jun_coronacases_case10,probabilities/mosmed_test_Jun_coronacases_case10_258.npy,masks/mosmed_test_Jun_coronacases_case10_258.png,0.9174311926984261,0.8474576272479173,1.0,0.3166220647704199
mosmed_test_Jun_radiopaedia_14_85914_0_case13_54,Jun_radiopaedia_14_85914_0_case13,probabilities/mosmed_test_Jun_radiopaedia_14_85914_0_case13_54.npy,masks/mosmed_test_Jun_radiopaedia_14_85914_0_case13_54.png,0.8451428571450694,0.7318159327132159,6.082762530298219,1.7407186006637112
mosmed_test_Jun_coronacases_case2_47,Jun_coronacases_case2,probabilities/mosmed_test_Jun_coronacases_case2_47.npy,masks/mosmed_test_Jun_coronacases_case2_47.png,0.8378947368762327,0.7210144928547048,2.0,0.9268996951543451
mosmed_test_Jun_coronacases_case4_120,Jun_coronacases_case4,probabilities/mosmed_test_Jun_coronacases_case4_120.npy,masks/mosmed_test_Jun_coronacases_case4_120.png,0.8753056235023703,0.7782608696616257,2.5914834658476265,0.6650351633958684
mosmed_test_Morozov_study_0303_15,Morozov_study_0303,probabilities/mosmed_test_Morozov_study_0303_15.npy,masks/mosmed_test_Morozov_study_0303_15.png,0.8724939855755819,0.773826458069157,3.0,0.6937014283025238
mosmed_test_Jun_coronacases_case7_92,Jun_coronacases_case7,probabilities/mosmed_test_Jun_coronacases_case7_92.npy,masks/mosmed_test_Jun_coronacases_case7_92.png,0.7634146341751933,0.6173570020478586,23.600847442411894,2.446313635192123
mosmed_test_Jun_radiopaedia_36_86526_0_case17_23,Jun_radiopaedia_36_86526_0_case17,probabilities/mosmed_test_Jun_radiopaedia_36_86526_0_case17_23.npy,masks/mosmed_test_Jun_radiopaedia_36_86526_0_case17_23.png,0.7490196078923491,0.598746081630487,17.741936775571208,2.23910176108493
mosmed_test_Jun_radiopaedia_10_85902_1_case11_19,Jun_radiopaedia_10_85902_1_case11,probabilities/mosmed_test_Jun_radiopaedia_10_85902_1_case11_19.npy,masks/mosmed_test_Jun_radiopaedia_10_85902_1_case11_19.png,0.7092783505754066,0.549520766917086,4.188849909443552,1.5757604671687215
mosmed_test_Jun_coronacases_case4_89,Jun_coronacases_case4,probabilities/mosmed_test_Jun_coronacases_case4_89.npy,masks/mosmed_test_Jun_coronacases_case4_89.png,0.849449204424792,0.7382978723961069,2.8284271247461903,0.8720028609665625
mosmed_test_Jun_coronacases_case10_201,Jun_coronacases_case10,probabilities/mosmed_test_Jun_coronacases_case10_201.npy,masks/mosmed_test_Jun_coronacases_case10_201.png,0.8793503480348405,0.784679089049205,2.23606797749979,0.7046985929107286
mosmed_test_Jun_radiopaedia_36_86526_0_case17_25,Jun_radiopaedia_36_86526_0_case17,probabilities/mosmed_test_Jun_radiopaedia_36_86526_0_case17_25.npy,masks/mosmed_test_Jun_radiopaedia_36_86526_0_case17_25.png,0.8516746411838099,0.7416666667743056,1.4142135623730951,0.5501913746538593
mosmed_test_Jun_coronacases_case4_80,Jun_coronacases_case4,probabilities/mosmed_test_Jun_coronacases_case4_80.npy,masks/mosmed_test_Jun_coronacases_case4_80.png,0.7713498622904477,0.6278026906664119,2.8284271247461903,0.851901844589973
mosmed_test_Jun_coronacases_case4_133,Jun_coronacases_case4,probabilities/mosmed_test_Jun_coronacases_case4_133.npy,masks/mosmed_test_Jun_coronacases_case4_133.png,0.893617021294007,0.8076923077492034,1.4142135623730951,0.5713010545841234
mosmed_test_Jun_coronacases_case7_138,Jun_coronacases_case7,probabilities/mosmed_test_Jun_coronacases_case7_138.npy,masks/mosmed_test_Jun_coronacases_case7_138.png,0.9072847682195956,0.830303030328742,2.23606797749979,0.6114775528471809
mosmed_test_Jun_coronacases_case4_101,Jun_coronacases_case4,probabilities/mosmed_test_Jun_coronacases_case4_101.npy,masks/mosmed_test_Jun_coronacases_case4_101.png,0.7759562842142196,0.6339285715919961,3.0,0.6674279681762405
mosmed_test_bjorke_82,bjorke_82,probabilities/mosmed_test_bjorke_82.npy,masks/mosmed_test_bjorke_82.png,0.6915351506677521,0.5285087719815232,25.91742809331801,3.376981320714515
mosmed_test_Morozov_study_0283_14,Morozov_study_0283,probabilities/mosmed_test_Morozov_study_0283_14.npy,masks/mosmed_test_Morozov_study_0283_14.png,0.7818181819173554,0.6417910450434395,3.14604989415154,0.8742059824565864
mosmed_test_Jun_radiopaedia_10_85902_3_case12_183,Jun_radiopaedia_10_85902_3_case12,probabilities/mosmed_test_Jun_radiopaedia_10_85902_3_case12_183.npy,masks/mosmed_test_Jun_radiopaedia_10_85902_3_case12_183.png,0.96846011132018,0.9388489208743077,1.0,0.8667718003484667
mosmed_test_Jun_coronacases_case2_26,Jun_coronacases_case2,probabilities/mosmed_test_Jun_coronacases_case2_26.npy,masks/mosmed_test_Jun_coronacases_case2_26.png,0.7017543864881503,0.5405405417823229,1.4142135623730951,0.7215984711753636
mosmed_test_Jun_coronacases_case7_98,Jun_coronacases_case7,probabilities/mosmed_test_Jun_coronacases_case7_98.npy,masks/mosmed_test_Jun_coronacases_case7_98.png,0.8700787401702679,0.7700348432456386,3.0,0.6933435887002043
mosmed_test_Jun_coronacases_case5_99,Jun_coronacases_case5,probabilities/mosmed_test_Jun_coronacases_case5_99.npy,masks/mosmed_test_Jun_coronacases_case5_99.png,0.959134615389527,0.9214780600643238,1.0,0.34483205917418186
mosmed_test_Jun_radiopaedia_10_85902_3_case12_200,Jun_radiopaedia_10_85902_3_case12,probabilities/mosmed_test_Jun_radiopaedia_10_85902_3_case12_200.npy,masks/mosmed_test_Jun_radiopaedia_10_85902_3_case12_200.png,0.8621700880169589,0.757731958887767,2.0,0.5636279721066182
mosmed_test_Jun_coronacases_case10_263,Jun_coronacases_case10,probabilities/mosmed_test_Jun_coronacases_case10_263.npy,masks/mosmed_test_Jun_coronacases_case10_263.png,0.8724832215620918,0.7738095240787982,1.0,0.3492385864334701
mosmed_test_Jun_radiopaedia_10_85902_3_case12_80,Jun_radiopaedia_10_85902_3_case12,probabilities/mosmed_test_Jun_radiopaedia_10_85902_3_case12_80.npy,masks/mosmed_test_Jun_radiopaedia_10_85902_3_case12_80.png,0.8974854932500029,0.814035087784549,2.23606797749979,0.6071378629720516
mosmed_test_Jun_coronacases_case9_122,Jun_coronacases_case9,probabilities/mosmed_test_Jun_coronacases_case9_122.npy,masks/mosmed_test_Jun_coronacases_case9_122.png,0.9503916449112068,0.9054726368253261,1.4142135623730951,0.46025856026214135
mosmed_test_Jun_coronacases_case10_80,Jun_coronacases_case10,probabilities/mosmed_test_Jun_coronacases_case10_80.npy,masks/mosmed_test_Jun_coronacases_case10_80.png,0.8344370861475373,0.7159090910705062,2.0,0.5226555944791041
mosmed_test_Jun_coronacases_case3_127,Jun_coronacases_case3,probabilities/mosmed_test_Jun_coronacases_case3_127.npy,masks/mosmed_test_Jun_coronacases_case3_127.png,0.9045768566514556,0.8257784785248018,2.23606797749979,1.1384476006083144
mosmed_test_Jun_radiopaedia_40_86625_0_case18_67,Jun_radiopaedia_40_86625_0_case18,probabilities/mosmed_test_Jun_radiopaedia_40_86625_0_case18_67.npy,masks/mosmed_test_Jun_radiopaedia_40_86625_0_case18_67.png,0.8280716723586162,0.7065890061992506,3.9013878188659974,1.2868732115420285
mosmed_test_Jun_coronacases_case3_74,Jun_coronacases_case3,probabilities/mosmed_test_Jun_coronacases_case3_74.npy,masks/mosmed_test_Jun_coronacases_case3_74.png,0.8777360850550698,0.7821120089222036,4.0,1.3288118667680822
mosmed_test_Morozov_study_0280_23,Morozov_study_0280,probabilities/mosmed_test_Morozov_study_0280_23.npy,masks/mosmed_test_Morozov_study_0280_23.png,0.7556935818058288,0.607321131512925,2.8284271247461903,0.745615411874318
mosmed_test_Jun_radiopaedia_10_85902_3_case12_99,Jun_radiopaedia_10_85902_3_case12,probabilities/mosmed_test_Jun_radiopaedia_10_85902_3_case12_99.npy,masks/mosmed_test_Jun_radiopaedia_10_85902_3_case12_99.png,0.9380952381026078,0.8834080717750206,1.4142135623730951,0.4848101085380441
mosmed_test_Jun_coronacases_case10_247,Jun_coronacases_case10,probabilities/mosmed_test_Jun_coronacases_case10_247.npy,masks/mosmed_test_Jun_coronacases_case10_247.png,0.8747514910785782,0.7773851590892631,2.0,0.6483283306033646
mosmed_test_Morozov_study_0278_26,Morozov_study_0278,probabilities/mosmed_test_Morozov_study_0278_26.npy,masks/mosmed_test_Morozov_study_0278_26.png,0.873043478282949,0.774691358094231,3.089252713092611,0.7202032089364155
mosmed_test_Jun_coronacases_case3_78,Jun_coronacases_case3,probabilities/mosmed_test_Jun_coronacases_case3_78.npy,masks/mosmed_test_Jun_coronacases_case3_78.png,0.8944534869175603,0.8090600226543814,3.0,1.016961920190464
mosmed_test_Morozov_study_0295_16,Morozov_study_0295,probabilities/mosmed_test_Morozov_study_0295_16.npy,masks/mosmed_test_Morozov_study_0295_16.png,0.7766323024310845,0.634831460742541,3.605551275463989,1.4371041666147808
mosmed_test_Morozov_study_0299_29,Morozov_study_0299,probabilities/mosmed_test_Morozov_study_0299_29.npy,masks/mosmed_test_Morozov_study_0299_29.png,0.6716417912898195,0.5056179780835753,2.23606797749979,0.9864069967132268
mosmed_test_Jun_coronacases_case10_139,Jun_coronacases_case10,probabilities/mosmed_test_Jun_coronacases_case10_139.npy,masks/mosmed_test_Jun_coronacases_case10_139.png,0.9105858170637003,0.8358490566140976,2.0,0.6726720822513902
mosmed_test_Morozov_study_0283_19,Morozov_study_0283,probabilities/mosmed_test_Morozov_study_0283_19.npy,masks/mosmed_test_Morozov_study_0283_19.png,1.4285714081632654e-08,1.4285714081632654e-08,316.7838379715733,316.7838379715733
mosmed_test_Jun_radiopaedia_40_86625_0_case18_58,Jun_radiopaedia_40_86625_0_case18,probabilities/mosmed_test_Jun_radiopaedia_40_86625_0_case18_58.npy,masks/mosmed_test_Jun_radiopaedia_40_86625_0_case18_58.png,0.8589652728577962,0.7527950310610187,5.0,1.2911089473726294
mosmed_test_Morozov_study_0280_19,Morozov_study_0280,probabilities/mosmed_test_Morozov_study_0280_19.npy,masks/mosmed_test_Morozov_study_0280_19.png,0.8336283185987938,0.7147192716669623,2.0,0.5122400232453311
mosmed_test_Jun_radiopaedia_7_85703_0_case20_16,Jun_radiopaedia_7_85703_0_case20,probabilities/mosmed_test_Jun_radiopaedia_7_85703_0_case20_16.npy,masks/mosmed_test_Jun_radiopaedia_7_85703_0_case20_16.png,0.8299791811360181,0.7093712930356617,6.800257561538625,1.3174924115119837
mosmed_test_Morozov_study_0303_8,Morozov_study_0303,probabilities/mosmed_test_Morozov_study_0303_8.npy,masks/mosmed_test_Morozov_study_0303_8.png,0.5669781932813152,0.3956521741758034,3.0,0.941935859677706
mosmed_test_Jun_coronacases_case8_148,Jun_coronacases_case8,probabilities/mosmed_test_Jun_coronacases_case8_148.npy,masks/mosmed_test_Jun_coronacases_case8_148.png,0.892791127546544,0.8063439065270163,2.0236067977499843,0.7109207121529304
mosmed_test_Jun_coronacases_case3_140,Jun_coronacases_case3,probabilities/mosmed_test_Jun_coronacases_case3_140.npy,masks/mosmed_test_Jun_coronacases_case3_140.png,0.9021700462503675,0.821775761515115,2.0,0.6578007409681867
mosmed_test_Jun_radiopaedia_10_85902_3_case12_101,Jun_radiopaedia_10_85902_3_case12,probabilities/mosmed_test_Jun_radiopaedia_10_85902_3_case12_101.npy,masks/mosmed_test_Jun_radiopaedia_10_85902_3_case12_101.png,0.926991150450554,0.8639175258012541,1.4142135623730951,0.5578010761601323
mosmed_test_Jun_coronacases_case10_114,Jun_coronacases_case10,probabilities/mosmed_test_Jun_coronacases_case10_114.npy,masks/mosmed_test_Jun_coronacases_case10_114.png,0.8918225155888587,0.8047650562670573,3.0,0.9900661239892248
mosmed_test_Jun_coronacases_case10_89,Jun_coronacases_case10,probabilities/mosmed_test_Jun_coronacases_case10_89.npy,masks/mosmed_test_Jun_coronacases_case10_89.png,0.8661064425845318,0.7638339921181982,3.0,0.8005645930653794
mosmed_test_Jun_coronacases_case8_209,Jun_coronacases_case8,probabilities/mosmed_test_Jun_coronacases_case8_209.npy,masks/mosmed_test_Jun_coronacases_case8_209.png,0.7844522968959532,0.6453488374154949,1.4142135623730951,0.4954107335685519
mosmed_test_bjorke_3,bjorke_3,probabilities/mosmed_test_bjorke_3.npy,masks/mosmed_test_bjorke_3.png,0.7987012987666553,0.6648648650460189,2.541640786499867,1.1081590305118725
mosmed_test_Jun_coronacases_case2_126,Jun_coronacases_case2,probabilities/mosmed_test_Jun_coronacases_case2_126.npy,masks/mosmed_test_Jun_coronacases_case2_126.png,0.8946459412871636,0.8093750000297851,1.4142135623730951,0.4993338825413241
mosmed_test_Jun_coronacases_case1_117,Jun_coronacases_case1,probabilities/mosmed_test_Jun_coronacases_case1_117.npy,masks/mosmed_test_Jun_coronacases_case1_117.png,0.8768565519857707,0.7807164379048973,3.6055512754639887,1.046019458367689
mosmed_test_Jun_coronacases_case8_104,Jun_coronacases_case8,probabilities/mosmed_test_Jun_coronacases_case8_104.npy,masks/mosmed_test_Jun_coronacases_case8_104.png,0.8877178759672592,0.798104956282937,3.539060233169658,0.9656713513011717
mosmed_test_Morozov_study_0299_9,Morozov_study_0299,probabilities/mosmed_test_Morozov_study_0299_9.npy,masks/mosmed_test_Morozov_study_0299_9.png,0.74380165296314,0.5921052633367959,1.4142135623730951,0.6983209279387095
mosmed_test_Morozov_study_0269_17,Morozov_study_0269,probabilities/mosmed_test_Morozov_study_0269_17.npy,masks/mosmed_test_Morozov_study_0269_17.png,0.7914285714583673,0.6548463357789962,2.23606797749979,0.7332955749888618
mosmed_test_Jun_coronacases_case8_157,Jun_coronacases_case8,probabilities/mosmed_test_Jun_coronacases_case8_157.npy,masks/mosmed_test_Jun_coronacases_case8_157.png,0.9062679701031473,0.8286014721526181,2.0,0.6761366059370026
mosmed_test_Jun_coronacases_case5_72,Jun_coronacases_case5,probabilities/mosmed_test_Jun_coronacases_case5_72.npy,masks/mosmed_test_Jun_coronacases_case5_72.png,0.9202453987893159,0.8522727273286845,1.4142135623730951,0.4721054077320522
mosmed_test_Jun_radiopaedia_10_85902_3_case12_139,Jun_radiopaedia_10_85902_3_case12,probabilities/mosmed_test_Jun_radiopaedia_10_85902_3_case12_139.npy,masks/mosmed_test_Jun_radiopaedia_10_85902_3_case12_139.png,0.9411042944821408,0.8887601390627161,3.0,0.76317120275916
mosmed_test_Jun_coronacases_case6_101,Jun_coronacases_case6,probabilities/mosmed_test_Jun_coronacases_case6_101.npy,masks/mosmed_test_Jun_coronacases_case6_101.png,0.8806451613095734,0.7867435159116013,2.23606797749979,0.5738007993680408
mosmed_test_Jun_coronacases_case8_230,Jun_coronacases_case8,probabilities/mosmed_test_Jun_coronacases_case8_230.npy,masks/mosmed_test_Jun_coronacases_case8_230.png,0.8459657702088104,0.7330508475707411,2.0,0.7825002680360182
mosmed_test_Jun_coronacases_case8_191,Jun_coronacases_case8,probabilities/mosmed_test_Jun_coronacases_case8_191.npy,masks/mosmed_test_Jun_coronacases_case8_191.png,0.8956228956580394,0.8109756098713563,1.0,0.4018216613439176
mosmed_test_bjorke_68,bjorke_68,probabilities/mosmed_test_bjorke_68.npy,masks/mosmed_test_bjorke_68.png,0.8974926253706215,0.8140468227486941,19.0,4.02954531004237
mosmed_test_Morozov_study_0303_19,Morozov_study_0303,probabilities/mosmed_test_Morozov_study_0303_19.npy,masks/mosmed_test_Morozov_study_0303_19.png,0.9115958668298971,0.8375527426503053,1.4142135623730951,0.5079242749823177
mosmed_test_Jun_coronacases_case2_43,Jun_coronacases_case2,probabilities/mosmed_test_Jun_coronacases_case2_43.npy,masks/mosmed_test_Jun_coronacases_case2_43.png,0.9423076923215606,0.8909090909586777,30.199999999999733,2.972203205909869
mosmed_test_Jun_coronacases_case2_77,Jun_coronacases_case2,probabilities/mosmed_test_Jun_coronacases_case2_77.npy,masks/mosmed_test_Jun_coronacases_case2_77.png,0.6820276499161163,0.5174825178199423,2.8284271247461903,0.8811904994819877
mosmed_test_bjorke_59,bjorke_59,probabilities/mosmed_test_bjorke_59.npy,masks/mosmed_test_bjorke_59.png,0.8442294611152277,0.7304472927055918,5.830951894845301,1.873521738294054
mosmed_test_Jun_coronacases_case3_155,Jun_coronacases_case3,probabilities/mosmed_test_Jun_coronacases_case3_155.npy,masks/mosmed_test_Jun_coronacases_case3_155.png,0.8589881593186767,0.7528301887025631,2.4730116363983363,0.8475429467649003
mosmed_test_Jun_coronacases_case2_29,Jun_coronacases_case2,probabilities/mosmed_test_Jun_coronacases_case2_29.npy,masks/mosmed_test_Jun_coronacases_case2_29.png,0.8759689922961359,0.7793103449797859,49.01020301937138,4.356106203120359
mosmed_test_Jun_coronacases_case8_86,Jun_coronacases_case8,probabilities/mosmed_test_Jun_coronacases_case8_86.npy,masks/mosmed_test_Jun_coronacases_case8_86.png,0.88000000001,0.7857142857461734,2.8284271247461903,1.047137889515831
mosmed_test_Morozov_study_0281_32,Morozov_study_0281,probabilities/mosmed_test_Morozov_study_0281_32.npy,masks/mosmed_test_Morozov_study_0281_32.png,0.8926829268554431,0.8061674009664461,2.0,0.727672934560398
mosmed_test_Jun_coronacases_case10_132,Jun_coronacases_case10,probabilities/mosmed_test_Jun_coronacases_case10_132.npy,masks/mosmed_test_Jun_coronacases_case10_132.png,0.8794788273664708,0.784883720945866,2.79880916738383,0.788009742514671
mosmed_test_Morozov_study_0275_19,Morozov_study_0275,probabilities/mosmed_test_Morozov_study_0275_19.npy,masks/mosmed_test_Morozov_study_0275_19.png,0.2857142882653061,0.1666666701388889,3.4504055101105253,1.4215333391190743
mosmed_test_Jun_coronacases_case8_99,Jun_coronacases_case8,probabilities/mosmed_test_Jun_coronacases_case8_99.npy,masks/mosmed_test_Jun_coronacases_case8_99.png,0.8982706002086333,0.8153277931841801,2.0,0.6422939259042966
mosmed_test_Morozov_study_0277_27,Morozov_study_0277,probabilities/mosmed_test_Morozov_study_0277_27.npy,masks/mosmed_test_Morozov_study_0277_27.png,0.8056112224838454,0.6744966444045313,2.23606797749979,0.6025593285541008
mosmed_test_Morozov_study_0298_14,Morozov_study_0298,probabilities/mosmed_test_Morozov_study_0298_14.npy,masks/mosmed_test_Morozov_study_0298_14.png,0.837573385534484,0.720538720585768,4.123105625617661,1.0052191664641699
mosmed_test_Jun_coronacases_case4_114,Jun_coronacases_case4,probabilities/mosmed_test_Jun_coronacases_case4_114.npy,masks/mosmed_test_Jun_coronacases_case4_114.png,0.7862796834336993,0.6478260871096408,2.23606797749979,0.7685007656652469
mosmed_test_Jun_coronacases_case8_243,Jun_coronacases_case8,probabilities/mosmed_test_Jun_coronacases_case8_243.npy,masks/mosmed_test_Jun_coronacases_case8_243.png,0.831683168483482,0.7118644072680265,1.0,0.3301776695296637
mosmed_test_Jun_radiopaedia_14_85914_0_case13_1,Jun_radiopaedia_14_85914_0_case13,probabilities/mosmed_test_Jun_radiopaedia_14_85914_0_case13_1.npy,masks/mosmed_test_Jun_radiopaedia_14_85914_0_case13_1.png,0.846715328495125,0.7341772152739945,2.23606797749979,0.8766451027584696
mosmed_test_Jun_coronacases_case7_76,Jun_coronacases_case7,probabilities/mosmed_test_Jun_coronacases_case7_76.npy,masks/mosmed_test_Jun_coronacases_case7_76.png,0.5365853669839381,0.36666666877777776,3.6297058540778293,1.1377969610122929
mosmed_test_Jun_coronacases_case1_190,Jun_coronacases_case1,probabilities/mosmed_test_Jun_coronacases_case1_190.npy,masks/mosmed_test_Jun_coronacases_case1_190.png,0.7147192716453171,0.5560802834054215,8.11401394015597,2.020271930706484
mosmed_test_Jun_radiopaedia_10_85902_3_case12_164,Jun_radiopaedia_10_85902_3_case12,probabilities/mosmed_test_Jun_radiopaedia_10_85902_3_case12_164.npy,masks/mosmed_test_Jun_radiopaedia_10_85902_3_case12_164.png,0.9405178446507685,0.8877146631588224,2.0,0.48390801400701394
mosmed_test_Jun_coronacases_case3_147,Jun_coronacases_case3,probabilities/mosmed_test_Jun_coronacases_case3_147.npy,masks/mosmed_test_Jun_coronacases_case3_147.png,0.9463850528047772,0.8982266769546471,1.0,0.41679498895900646
mosmed_test_Morozov_study_0293_9,Morozov_study_0293,probabilities/mosmed_test_Morozov_study_0293_9.npy,masks/mosmed_test_Morozov_study_0293_9.png,0.5200000004800001,0.35135135222790365,3.0,1.0993647006758234
mosmed_test_Morozov_study_0269_19,Morozov_study_0269,probabilities/mosmed_test_Morozov_study_0269_19.npy,masks/mosmed_test_Morozov_study_0269_19.png,0.6288492706845571,0.4586288416502262,112.24079344241486,13.59694877334138
mosmed_test_Jun_coronacases_case6_112,Jun_coronacases_case6,probabilities/mosmed_test_Jun_coronacases_case6_112.npy,masks/mosmed_test_Jun_coronacases_case6_112.png,0.8965517241736028,0.8125000001171875,1.7656854249492349,0.5197876536650676
mosmed_test_Morozov_study_0276_33,Morozov_study_0276,probabilities/mosmed_test_Morozov_study_0276_33.npy,masks/mosmed_test_Morozov_study_0276_33.png,0.8413391557727308,0.726130653335143,2.0,0.6006019751001709
mosmed_test_Jun_coronacases_case1_209,Jun_coronacases_case1,probabilities/mosmed_test_Jun_coronacases_case1_209.npy,masks/mosmed_test_Jun_coronacases_case1_209.png,0.8468335788036205,0.7343550447337989,3.0,0.8096914677107134
mosmed_test_Jun_coronacases_case2_157,Jun_coronacases_case2,probabilities/mosmed_test_Jun_coronacases_case2_157.npy,masks/mosmed_test_Jun_coronacases_case2_157.png,0.8535433071096782,0.7445054945756853,1.4142135623730951,0.5286177364395976
mosmed_test_Morozov_study_0284_2,Morozov_study_0284,probabilities/mosmed_test_Morozov_study_0284_2.npy,masks/mosmed_test_Morozov_study_0284_2.png,1.470588233131488e-09,1.470588233131488e-09,5.830951894845301,3.748428818838609
mosmed_test_Morozov_study_0256_26,Morozov_study_0256,probabilities/mosmed_test_Morozov_study_0256_26.npy,masks/mosmed_test_Morozov_study_0256_26.png,0.7963176064676274,0.661567877693773,3.1622776601683795,0.8076697287262274
mosmed_test_Jun_coronacases_case10_138,Jun_coronacases_case10,probabilities/mosmed_test_Jun_coronacases_case10_138.npy,masks/mosmed_test_Jun_coronacases_case10_138.png,0.8901651112745813,0.8020698577100861,2.0,0.80103687302131
mosmed_test_Jun_coronacases_case1_206,Jun_coronacases_case1,probabilities/mosmed_test_Jun_coronacases_case1_206.npy,masks/mosmed_test_Jun_coronacases_case1_206.png,0.8384491114831625,0.7218358832097586,3.1622776601683795,2.0983253618860775
mosmed_test_Morozov_study_0291_17,Morozov_study_0291,probabilities/mosmed_test_Morozov_study_0291_17.npy,masks/mosmed_test_Morozov_study_0291_17.png,0.9147788565356225,0.8429423459556775,2.8284271247461903,0.6609964391522456
mosmed_test_Morozov_study_0256_20,Morozov_study_0256,probabilities/mosmed_test_Morozov_study_0256_20.npy,masks/mosmed_test_Morozov_study_0256_20.png,0.5657370519658418,0.39444444478086416,132.20910382581485,17.14510884471852
mosmed_test_Jun_coronacases_case8_88,Jun_coronacases_case8,probabilities/mosmed_test_Jun_coronacases_case8_88.npy,masks/mosmed_test_Jun_coronacases_case8_88.png,0.9014296463580564,0.8205479452300619,1.4142135623730951,0.5766435300299775
mosmed_test_Jun_coronacases_case3_141,Jun_coronacases_case3,probabilities/mosmed_test_Jun_coronacases_case3_141.npy,masks/mosmed_test_Jun_coronacases_case3_141.png,0.9157073895315371,0.8445205479558547,2.0,0.5989559699372932
mosmed_test_Jun_radiopaedia_27_86410_0_case14_15,Jun_radiopaedia_27_86410_0_case14,probabilities/mosmed_test_Jun_radiopaedia_27_86410_0_case14_15.npy,masks/mosmed_test_Jun_radiopaedia_27_86410_0_case14_15.png,0.7864406779741453,0.6480446927592772,17.779019682334482,4.420396443176441
mosmed_test_Jun_coronacases_case8_163,Jun_coronacases_case8,probabilities/mosmed_test_Jun_coronacases_case8_163.npy,masks/mosmed_test_Jun_coronacases_case8_163.png,0.8664921466143335,0.7644341801929714,2.0,0.5623145498166391
mosmed_test_Jun_coronacases_case7_146,Jun_coronacases_case7,probabilities/mosmed_test_Jun_coronacases_case7_146.npy,masks/mosmed_test_Jun_coronacases_case7_146.png,0.8496583143679205,0.7386138614378983,3.605551275463989,0.8517883753034915
mosmed_test_Jun_coronacases_case9_146,Jun_coronacases_case9,probabilities/mosmed_test_Jun_coronacases_case9_146.npy,masks/mosmed_test_Jun_coronacases_case9_146.png,0.8986615678970056,0.8159722222861207,1.4142135623730951,1.1283461759668385
mosmed_test_Jun_coronacases_case5_75,Jun_coronacases_case5,probabilities/mosmed_test_Jun_coronacases_case5_75.npy,masks/mosmed_test_Jun_coronacases_case5_75.png,0.92857142858252,0.866666666705314,1.4142135623730951,0.49483926562147484
mosmed_test_Jun_coronacases_case8_144,Jun_coronacases_case8,probabilities/mosmed_test_Jun_coronacases_case8_144.npy,masks/mosmed_test_Jun_coronacases_case8_144.png,0.8844797178181447,0.7928853755104438,2.23606797749979,0.635416640938847
mosmed_test_Jun_coronacases_case9_157,Jun_coronacases_case9,probabilities/mosmed_test_Jun_coronacases_case9_157.npy,masks/mosmed_test_Jun_coronacases_case9_157.png,0.5510204086214078,0.3802816910136878,3.539252713092611,1.202673876043768
mosmed_test_Morozov_study_0274_16,Morozov_study_0274,probabilities/mosmed_test_Morozov_study_0274_16.npy,masks/mosmed_test_Morozov_study_0274_16.png,0.7172413795053507,0.5591397854202799,2.0,0.6283608635400595
mosmed_test_Morozov_study_0285_14,Morozov_study_0285,probabilities/mosmed_test_Morozov_study_0285_14.npy,masks/mosmed_test_Morozov_study_0285_14.png,0.5375000002890625,0.3675213680619476,6.970820393249935,2.2128926387951138
mosmed_test_Morozov_study_0304_20,Morozov_study_0304,probabilities/mosmed_test_Morozov_study_0304_20.npy,masks/mosmed_test_Morozov_study_0304_20.png,0.7317073177275432,0.5769230785502958,1.0,0.5036207536946371
mosmed_test_Jun_radiopaedia_40_86625_0_case18_24,Jun_radiopaedia_40_86625_0_case18,probabilities/mosmed_test_Jun_radiopaedia_40_86625_0_case18_24.npy,masks/mosmed_test_Jun_radiopaedia_40_86625_0_case18_24.png,0.8637992831576088,0.7602523659414038,4.449186428211519,1.175549601121842
mosmed_test_Jun_coronacases_case1_83,Jun_coronacases_case1,probabilities/mosmed_test_Jun_coronacases_case1_83.npy,masks/mosmed_test_Jun_coronacases_case1_83.png,0.864864865230095,0.7619047630385488,1.0,0.26666666666666666
mosmed_test_Jun_coronacases_case10_262,Jun_coronacases_case10,probabilities/mosmed_test_Jun_coronacases_case10_262.npy,masks/mosmed_test_Jun_coronacases_case10_262.png,0.9285714286139456,0.8666666668148149,1.0,0.21649484536082475
mosmed_test_Morozov_study_0288_6,Morozov_study_0288,probabilities/mosmed_test_Morozov_study_0288_6.npy,masks/mosmed_test_Morozov_study_0288_6.png,0.8257191201501083,0.7031700288612147,2.8284271247461903,0.9762330262235293
mosmed_test_Jun_coronacases_case7_84,Jun_coronacases_case7,probabilities/mosmed_test_Jun_coronacases_case7_84.npy,masks/mosmed_test_Jun_coronacases_case7_84.png,0.8035714287468112,0.671641791534863,2.2742645786247984,0.6884522631560877
mosmed_test_Morozov_study_0286_16,Morozov_study_0286,probabilities/mosmed_test_Morozov_study_0286_16.npy,masks/mosmed_test_Morozov_study_0286_16.png,0.6067172264781454,0.43545878702403445,8.06225774829855,1.5747562016597625
mosmed_test_Jun_coronacases_case2_96,Jun_coronacases_case2,probabilities/mosmed_test_Jun_coronacases_case2_96.npy,masks/mosmed_test_Jun_coronacases_case2_96.png,0.9369171695042832,0.8813209494446521,1.0,0.3942907598520057
mosmed_test_Jun_radiopaedia_27_86410_0_case14_54,Jun_radiopaedia_27_86410_0_case14,probabilities/mosmed_test_Jun_radiopaedia_27_86410_0_case14_54.npy,masks/mosmed_test_Jun_radiopaedia_27_86410_0_case14_54.png,0.7861271677536837,0.6476190479546485,2.0,0.8644680547096807
mosmed_test_Jun_coronacases_case7_132,Jun_coronacases_case7,probabilities/mosmed_test_Jun_coronacases_case7_132.npy,masks/mosmed_test_Jun_coronacases_case7_132.png,0.9083402147061651,0.8320726172720011,2.0,0.5435362580019112
mosmed_test_Jun_coronacases_case1_187,Jun_coronacases_case1,probabilities/mosmed_test_Jun_coronacases_case1_187.npy,masks/mosmed_test_Jun_coronacases_case1_187.png,0.8654906284528395,0.7628765792261538,2.0,0.751892036411373
mosmed_test_Jun_coronacases_case1_189,Jun_coronacases_case1,probabilities/mosmed_test_Jun_coronacases_case1_189.npy,masks/mosmed_test_Jun_coronacases_case1_189.png,0.8049728049879586,0.6736020806666317,5.0,1.494377831238903
mosmed_test_Jun_coronacases_case5_116,Jun_coronacases_case5,probabilities/mosmed_test_Jun_coronacases_case5_116.npy,masks/mosmed_test_Jun_coronacases_case5_116.png,0.8612021858075188,0.7562380038855591,2.0,0.7431997279301303
mosmed_test_Jun_coronacases_case1_237,Jun_coronacases_case1,probabilities/mosmed_test_Jun_coronacases_case1_237.npy,masks/mosmed_test_Jun_coronacases_case1_237.png,0.5000000020833333,0.333333337037037,1.4142135623730951,0.75712973861329
mosmed_test_Morozov_study_0269_27,Morozov_study_0269,probabilities/mosmed_test_Morozov_study_0269_27.npy,masks/mosmed_test_Morozov_study_0269_27.png,0.5360824747050696,0.3661971839912716,3.1460498941515413,1.2032661780908942
mosmed_test_Jun_coronacases_case1_141,Jun_coronacases_case1,probabilities/mosmed_test_Jun_coronacases_case1_141.npy,masks/mosmed_test_Jun_coronacases_case1_141.png,0.8564988730331894,0.7490144546814052,2.23606797749979,0.7295150572665835
mosmed_test_Jun_coronacases_case4_112,Jun_coronacases_case4,probabilities/mosmed_test_Jun_coronacases_case4_112.npy,masks/mosmed_test_Jun_coronacases_case4_112.png,0.7573333333980444,0.6094420602534584,9.894427190999844,1.6090104880063913
mosmed_test_Morozov_study_0275_28,Morozov_study_0275,probabilities/mosmed_test_Morozov_study_0275_28.npy,masks/mosmed_test_Morozov_study_0275_28.png,0.8249400480036115,0.7020408164481466,2.23606797749979,0.5651672740560458
mosmed_test_Morozov_study_0268_20,Morozov_study_0268,probabilities/mosmed_test_Morozov_study_0268_20.npy,masks/mosmed_test_Morozov_study_0268_20.png,0.7160493827861607,0.557692307862426,2.5914834658476265,0.9195236366882625
mosmed_test_Morozov_study_0263_12,Morozov_study_0263,probabilities/mosmed_test_Morozov_study_0263_12.npy,masks/mosmed_test_Morozov_study_0263_12.png,0.6467065870379002,0.47787610665674685,67.20416569709934,9.229235535574404
mosmed_test_Morozov_study_0289_27,Morozov_study_0289,probabilities/mosmed_test_Morozov_study_0289_27.npy,masks/mosmed_test_Morozov_study_0289_27.png,0.8347826087674858,0.7164179106593896,1.0,0.3698588673749535
mosmed_test_Jun_coronacases_case1_114,Jun_coronacases_case1,probabilities/mosmed_test_Jun_coronacases_case1_114.npy,masks/mosmed_test_Jun_coronacases_case1_114.png,0.863861386142826,0.7603485838910485,3.0,0.8890760316962758
mosmed_test_Jun_coronacases_case1_143,Jun_coronacases_case1,probabilities/mosmed_test_Jun_coronacases_case1_143.npy,masks/mosmed_test_Jun_coronacases_case1_143.png,0.8246297739740986,0.7015915119561279,3.1622776601683795,0.9465028007979192
mosmed_test_Jun_coronacases_case9_144,Jun_coronacases_case9,probabilities/mosmed_test_Jun_coronacases_case9_144.npy,masks/mosmed_test_Jun_coronacases_case9_144.png,0.9131238447480363,0.8401360544761441,2.0,0.3925386983492198
mosmed_test_Jun_coronacases_case1_158,Jun_coronacases_case1,probabilities/mosmed_test_Jun_coronacases_case1_158.npy,masks/mosmed_test_Jun_coronacases_case1_158.png,0.738095238106786,0.5849056604063657,7.810249675906654,1.5098617114474782
mosmed_test_Morozov_study_0277_22,Morozov_study_0277,probabilities/mosmed_test_Morozov_study_0277_22.npy,masks/mosmed_test_Morozov_study_0277_22.png,0.8312500000527344,0.7112299466784866,3.58113883008419,4.112524983226457
mosmed_test_Morozov_study_0288_7,Morozov_study_0288,probabilities/mosmed_test_Morozov_study_0288_7.npy,masks/mosmed_test_Morozov_study_0288_7.png,0.8670829616532485,0.7653543307456135,4.47213595499958,1.3023129357633993
mosmed_test_Jun_coronacases_case1_148,Jun_coronacases_case1,probabilities/mosmed_test_Jun_coronacases_case1_148.npy,masks/mosmed_test_Jun_coronacases_case1_148.png,0.899419729211827,0.8172231986100857,1.4142135623730951,0.48576240245883023
mosmed_test_Jun_coronacases_case6_60,Jun_coronacases_case6,probabilities/mosmed_test_Jun_coronacases_case6_60.npy,masks/mosmed_test_Jun_coronacases_case6_60.png,0.808664259996872,0.6787878789825528,2.0,0.5640678877416494
mosmed_test_Jun_coronacases_case8_75,Jun_coronacases_case8,probabilities/mosmed_test_Jun_coronacases_case8_75.npy,masks/mosmed_test_Jun_coronacases_case8_75.png,0.918744971848854,0.8497023809747467,2.0,0.5314766739155387
mosmed_test_Jun_coronacases_case5_132,Jun_coronacases_case5,probabilities/mosmed_test_Jun_coronacases_case5_132.npy,masks/mosmed_test_Jun_coronacases_case5_132.png,0.8906560636400286,0.8028673835832015,1.4142135623730951,0.4414017035135047
mosmed_test_Jun_coronacases_case4_102,Jun_coronacases_case4,probabilities/mosmed_test_Jun_coronacases_case4_102.npy,masks/mosmed_test_Jun_coronacases_case4_102.png,0.7894736842797783,0.6521739132325142,2.16524758424985,0.9949134804639126
mosmed_test_Morozov_study_0265_10,Morozov_study_0265,probabilities/mosmed_test_Morozov_study_0265_10.npy,masks/mosmed_test_Morozov_study_0265_10.png,0.8225966303446386,0.6986531987039305,5.0,1.2233072144034978
mosmed_test_Morozov_study_0281_37,Morozov_study_0281,probabilities/mosmed_test_Morozov_study_0281_37.npy,masks/mosmed_test_Morozov_study_0281_37.png,0.9026548673427833,0.8225806454474506,1.0,0.3442622950819672
mosmed_test_Jun_radiopaedia_40_86625_0_case18_39,Jun_radiopaedia_40_86625_0_case18,probabilities/mosmed_test_Jun_radiopaedia_40_86625_0_case18_39.npy,masks/mosmed_test_Jun_radiopaedia_40_86625_0_case18_39.png,0.8752754517422291,0.778213166148546,4.47213595499958,1.4624762346458715
mosmed_test_Jun_coronacases_case8_244,Jun_coronacases_case8,probabilities/mosmed_test_Jun_coronacases_case8_244.npy,masks/mosmed_test_Jun_coronacases_case8_244.png,0.8245614036626654,0.7014925377589665,9.29693660582804,2.717686474764999
mosmed_test_Morozov_study_0255_31,Morozov_study_0255,probabilities/mosmed_test_Morozov_study_0255_31.npy,masks/mosmed_test_Morozov_study_0255_31.png,0.8627450981289247,0.7586206899326199,1.0,0.3910706086633306
mosmed_test_Jun_coronacases_case8_162,Jun_coronacases_case8,probabilities/mosmed_test_Jun_coronacases_case8_162.npy,masks/mosmed_test_Jun_coronacases_case8_162.png,0.8325471698310676,0.7131313131892664,3.0,0.7965990958261857
mosmed_test_Jun_radiopaedia_14_85914_0_case13_84,Jun_radiopaedia_14_85914_0_case13,probabilities/mosmed_test_Jun_radiopaedia_14_85914_0_case13_84.npy,masks/mosmed_test_Jun_radiopaedia_14_85914_0_case13_84.png,0.7841322314120948,0.6449157150818425,5.674011537017746,1.6482968984872846
mosmed_test_Jun_coronacases_case10_108,Jun_coronacases_case10,probabilities/mosmed_test_Jun_coronacases_case10_108.npy,masks/mosmed_test_Jun_coronacases_case10_108.png,0.9262023217277694,0.8625482625588766,2.0,0.5851657154765905
mosmed_test_Jun_radiopaedia_14_85914_0_case13_41,Jun_radiopaedia_14_85914_0_case13,probabilities/mosmed_test_Jun_radiopaedia_14_85914_0_case13_41.npy,masks/mosmed_test_Jun_radiopaedia_14_85914_0_case13_41.png,0.8564778898386736,0.748982360927525,4.123105625617661,1.2923083217933373
mosmed_test_Jun_coronacases_case4_142,Jun_coronacases_case4,probabilities/mosmed_test_Jun_coronacases_case4_142.npy,masks/mosmed_test_Jun_coronacases_case4_142.png,0.8509874327017977,0.7406250000810546,2.0236067977499776,0.7941758304209023
mosmed_test_Jun_coronacases_case1_149,Jun_coronacases_case1,probabilities/mosmed_test_Jun_coronacases_case1_149.npy,masks/mosmed_test_Jun_coronacases_case1_149.png,0.8752919196695335,0.7782392026762259,2.0,0.7827206280871701
mosmed_test_Jun_radiopaedia_27_86410_0_case14_36,Jun_radiopaedia_27_86410_0_case14,probabilities/mosmed_test_Jun_radiopaedia_27_86410_0_case14_36.npy,masks/mosmed_test_Jun_radiopaedia_27_86410_0_case14_36.png,0.7729257642169295,0.6298932385000191,4.3918126112414715,2.651203691296653
mosmed_test_Jun_coronacases_case6_114,Jun_coronacases_case6,probabilities/mosmed_test_Jun_coronacases_case6_114.npy,masks/mosmed_test_Jun_coronacases_case6_114.png,0.752941176615917,0.6037735852794589,2.23606797749979,0.9500140973315354
mosmed_test_Morozov_study_0263_9,Morozov_study_0263,probabilities/mosmed_test_Morozov_study_0263_9.npy,masks/mosmed_test_Morozov_study_0263_9.png,0.7066381156945101,0.5463576160442524,19.017948148803995,3.4354834577207813
mosmed_test_Morozov_study_0264_32,Morozov_study_0264,probabilities/mosmed_test_Morozov_study_0264_32.npy,masks/mosmed_test_Morozov_study_0264_32.png,9.999999900000002e-09,9.999999900000002e-09,316.7838379715733,316.7838379715733
mosmed_test_Jun_radiopaedia_29_86491_1_case16_17,Jun_radiopaedia_29_86491_1_case16,probabilities/mosmed_test_Jun_radiopaedia_29_86491_1_case16_17.npy,masks/mosmed_test_Jun_radiopaedia_29_86491_1_case16_17.png,0.8698884758606156,0.7697368421810076,2.0,0.7769680448315542
mosmed_test_Jun_coronacases_case4_149,Jun_coronacases_case4,probabilities/mosmed_test_Jun_coronacases_case4_149.npy,masks/mosmed_test_Jun_coronacases_case4_149.png,0.8508946322364027,0.7404844291555417,2.8284271247461903,0.7658034218986226
mosmed_test_Jun_coronacases_case7_137,Jun_coronacases_case7,probabilities/mosmed_test_Jun_coronacases_case7_137.npy,masks/mosmed_test_Jun_coronacases_case7_137.png,0.9164467898050619,0.8457792208042566,1.4142135623730951,0.4533180589603588
mosmed_test_Jun_coronacases_case2_130,Jun_coronacases_case2,probabilities/mosmed_test_Jun_coronacases_case2_130.npy,masks/mosmed_test_Jun_coronacases_case2_130.png,0.9315068493205877,0.8717948718142089,1.4142135623730951,0.7439017795622924
mosmed_test_Jun_coronacases_case10_160,Jun_coronacases_case10,probabilities/mosmed_test_Jun_coronacases_case10_160.npy,masks/mosmed_test_Jun_coronacases_case10_160.png,0.8585944115216515,0.7522255193062146,3.0,1.03976654929504
mosmed_test_Morozov_study_0277_16,Morozov_study_0277,probabilities/mosmed_test_Morozov_study_0277_16.npy,masks/mosmed_test_Morozov_study_0277_16.png,0.7991602519384773,0.6655011655401514,3.0,0.8183986695068435
mosmed_test_Jun_coronacases_case1_116,Jun_coronacases_case1,probabilities/mosmed_test_Jun_coronacases_case1_116.npy,masks/mosmed_test_Jun_coronacases_case1_116.png,0.8540045766623797,0.7452076677418049,5.0990195135927845,1.604470157761654
mosmed_test_Jun_coronacases_case2_149,Jun_coronacases_case2,probabilities/mosmed_test_Jun_coronacases_case2_149.npy,masks/mosmed_test_Jun_coronacases_case2_149.png,0.8993839835797821,0.8171641791272184,1.4142135623730951,0.507050921535052
mosmed_test_Morozov_study_0280_12,Morozov_study_0280,probabilities/mosmed_test_Morozov_study_0280_12.npy,masks/mosmed_test_Morozov_study_0280_12.png,0.7368421055401662,0.5833333340277778,1.5785844453984363,0.5940404440204603
mosmed_test_Jun_radiopaedia_7_85703_0_case20_22,Jun_radiopaedia_7_85703_0_case20,probabilities/mosmed_test_Jun_radiopaedia_7_85703_0_case20_22.npy,masks/mosmed_test_Jun_radiopaedia_7_85703_0_case20_22.png,0.8651436993467101,0.7623376623685275,2.23606797749979,0.7047114524924013
mosmed_test_Jun_coronacases_case1_217,Jun_coronacases_case1,probabilities/mosmed_test_Jun_coronacases_case1_217.npy,masks/mosmed_test_Jun_coronacases_case1_217.png,0.8235294118388532,0.7000000002142857,1.0,0.41272103687134726
mosmed_test_Jun_coronacases_case7_99,Jun_coronacases_case7,probabilities/mosmed_test_Jun_coronacases_case7_99.npy,masks/mosmed_test_Jun_coronacases_case7_99.png,0.8408342480965055,0.7253787879307996,19.79898987322333,2.0242048546547995
mosmed_test_Morozov_study_0257_20,Morozov_study_0257,probabilities/mosmed_test_Morozov_study_0257_20.npy,masks/mosmed_test_Morozov_study_0257_20.png,0.6759002770531994,0.5104602511484393,35.874324674894694,5.330818664055026
mosmed_test_Morozov_study_0297_26,Morozov_study_0297,probabilities/mosmed_test_Morozov_study_0297_26.npy,masks/mosmed_test_Morozov_study_0297_26.png,0.6338797814541093,0.46400000007146674,7.228354385516113,2.0035887855843444
mosmed_test_Jun_coronacases_case5_106,Jun_coronacases_case5,probabilities/mosmed_test_Jun_coronacases_case5_106.npy,masks/mosmed_test_Jun_coronacases_case5_106.png,0.9032258064607944,0.8235294117952372,2.0,0.6411011793971829
mosmed_test_bjorke_89,bjorke_89,probabilities/mosmed_test_bjorke_89.npy,masks/mosmed_test_bjorke_89.png,0.7190661478642947,0.5613608748587762,13.341664064126334,3.075970062313633
mosmed_test_Jun_coronacases_case3_179,Jun_coronacases_case3,probabilities/mosmed_test_Jun_coronacases_case3_179.npy,masks/mosmed_test_Jun_coronacases_case3_179.png,4.761904739229025e-09,4.761904739229025e-09,9.899494936611665,5.22156057178915
mosmed_test_Jun_radiopaedia_7_85703_0_case20_43,Jun_radiopaedia_7_85703_0_case20,probabilities/mosmed_test_Jun_radiopaedia_7_85703_0_case20_43.npy,masks/mosmed_test_Jun_radiopaedia_7_85703_0_case20_43.png,0.8403361344985053,0.7246376812924455,1.4142135623730951,0.623631122782578
mosmed_test_bjorke_56,bjorke_56,probabilities/mosmed_test_bjorke_56.npy,masks/mosmed_test_bjorke_56.png,0.8218589200819263,0.6975895621439894,7.0710678118654755,2.256573219564396
mosmed_test_Morozov_study_0297_15,Morozov_study_0297,probabilities/mosmed_test_Morozov_study_0297_15.npy,masks/mosmed_test_Morozov_study_0297_15.png,0.7587822014164506,0.6113207547463153,5.830951894845301,1.6333210952544157
mosmed_test_Jun_coronacases_case5_139,Jun_coronacases_case5,probabilities/mosmed_test_Jun_coronacases_case5_139.npy,masks/mosmed_test_Jun_coronacases_case5_139.png,0.8985507246540176,0.8157894737380733,1.4142135623730951,0.5376963633063506
mosmed_test_Jun_coronacases_case7_94,Jun_coronacases_case7,probabilities/mosmed_test_Jun_coronacases_case7_94.npy,masks/mosmed_test_Jun_coronacases_case7_94.png,0.9124726477119833,0.8390342052637758,2.0,0.730299332509622
mosmed_test_Jun_coronacases_case2_52,Jun_coronacases_case2,probabilities/mosmed_test_Jun_coronacases_case2_52.npy,masks/mosmed_test_Jun_coronacases_case2_52.png,0.9148418491691382,0.8430493274246416,1.0,0.4404737854124365
mosmed_test_Jun_radiopaedia_10_85902_3_case12_124,Jun_radiopaedia_10_85902_3_case12,probabilities/mosmed_test_Jun_radiopaedia_10_85902_3_case12_124.npy,masks/mosmed_test_Jun_radiopaedia_10_85902_3_case12_124.png,0.9467831612433055,0.8989441930770823,2.23606797749979,0.593927594418842
mosmed_test_Jun_radiopaedia_27_86410_0_case14_43,Jun_radiopaedia_27_86410_0_case14,probabilities/mosmed_test_Jun_radiopaedia_27_86410_0_case14_43.npy,masks/mosmed_test_Jun_radiopaedia_27_86410_0_case14_43.png,0.8638132296249753,0.7602739727669356,80.09680905762744,7.685697383336627
mosmed_test_Jun_coronacases_case1_157,Jun_coronacases_case1,probabilities/mosmed_test_Jun_coronacases_case1_157.npy,masks/mosmed_test_Jun_coronacases_case1_157.png,0.690129449850723,0.5268684373362033,8.06225774829855,1.6896715226554124
mosmed_test_Jun_coronacases_case2_151,Jun_coronacases_case2,probabilities/mosmed_test_Jun_coronacases_case2_151.npy,masks/mosmed_test_Jun_coronacases_case2_151.png,0.9145802651020192,0.842605156059348,1.0,0.39198495225593305
mosmed_test_Jun_coronacases_case1_130,Jun_coronacases_case1,probabilities/mosmed_test_Jun_coronacases_case1_130.npy,masks/mosmed_test_Jun_coronacases_case1_130.png,0.8078130450014714,0.6775892334887309,4.47213595499958,1.2803265528214418
mosmed_test_Morozov_study_0258_30,Morozov_study_0258,probabilities/mosmed_test_Morozov_study_0258_30.npy,masks/mosmed_test_Morozov_study_0258_30.png,0.7730496454705497,0.6300578036820474,2.473011636398353,0.6589014989097043
mosmed_test_Jun_radiopaedia_36_86526_0_case17_20,Jun_radiopaedia_36_86526_0_case17,probabilities/mosmed_test_Jun_radiopaedia_36_86526_0_case17_20.npy,masks/mosmed_test_Jun_radiopaedia_36_86526_0_case17_20.png,0.8090909091126033,0.6793893130382845,2.0,0.7137938033056936
mosmed_test_Jun_radiopaedia_40_86625_0_case18_41,Jun_radiopaedia_40_86625_0_case18,probabilities/mosmed_test_Jun_radiopaedia_40_86625_0_case18_41.npy,masks/mosmed_test_Jun_radiopaedia_40_86625_0_case18_41.png,0.9101455620016401,0.8351074512987526,3.1622776601683795,0.973555199627317
mosmed_test_Jun_radiopaedia_10_85902_3_case12_186,Jun_radiopaedia_10_85902_3_case12,probabilities/mosmed_test_Jun_radiopaedia_10_85902_3_case12_186.npy,masks/mosmed_test_Jun_radiopaedia_10_85902_3_case12_186.png,0.9300970873854274,0.8693284936716283,2.8284271247461903,0.6551347738540528
mosmed_test_Jun_radiopaedia_40_86625_0_case18_72,Jun_radiopaedia_40_86625_0_case18,probabilities/mosmed_test_Jun_radiopaedia_40_86625_0_case18_72.npy,masks/mosmed_test_Jun_radiopaedia_40_86625_0_case18_72.png,0.8582696573857956,0.751727115727473,4.123105625617661,1.0679163248248367
mosmed_test_Jun_coronacases_case2_145,Jun_coronacases_case2,probabilities/mosmed_test_Jun_coronacases_case2_145.npy,masks/mosmed_test_Jun_coronacases_case2_145.png,0.9012875536551297,0.8203125000233968,2.23606797749979,0.8818029933161969
mosmed_test_Jun_coronacases_case2_134,Jun_coronacases_case2,probabilities/mosmed_test_Jun_coronacases_case2_134.npy,masks/mosmed_test_Jun_coronacases_case2_134.png,0.9121466768592706,0.8384831460901007,1.4142135623730951,0.45631494002632483
mosmed_test_Jun_coronacases_case5_134,Jun_coronacases_case5,probabilities/mosmed_test_Jun_coronacases_case5_134.npy,masks/mosmed_test_Jun_coronacases_case5_134.png,0.8485915493224312,0.7370030581844027,2.38415776431139,0.7864106763523802
mosmed_test_Jun_radiopaedia_29_86491_1_case16_20,Jun_radiopaedia_29_86491_1_case16,probabilities/mosmed_test_Jun_radiopaedia_29_86491_1_case16_20.npy,masks/mosmed_test_Jun_radiopaedia_29_86491_1_case16_20.png,0.934246575351473,0.8766066838363479,55.3961950912406,4.3035762264812805
mosmed_test_Morozov_study_0261_21,Morozov_study_0261,probabilities/mosmed_test_Morozov_study_0261_21.npy,masks/mosmed_test_Morozov_study_0261_21.png,0.8203125000701903,0.6953642386123415,2.650719380572263,0.5861841417082354
mosmed_test_Jun_coronacases_case7_61,Jun_coronacases_case7,probabilities/mosmed_test_Jun_coronacases_case7_61.npy,masks/mosmed_test_Jun_coronacases_case7_61.png,0.611111112191358,0.44000000223999997,135.22053144158963,48.86073354668095
mosmed_test_Morozov_study_0261_16,Morozov_study_0261,probabilities/mosmed_test_Morozov_study_0261_16.npy,masks/mosmed_test_Morozov_study_0261_16.png,0.6764705887110727,0.5111111121975309,4.242640687119285,1.178976555926109
mosmed_test_Morozov_study_0288_18,Morozov_study_0288,probabilities/mosmed_test_Morozov_study_0288_18.npy,masks/mosmed_test_Morozov_study_0288_18.png,0.6349206349568531,0.46511627914751225,14.953124061561475,3.2211059326654436
mosmed_test_Morozov_study_0286_21,Morozov_study_0286,probabilities/mosmed_test_Morozov_study_0286_21.npy,masks/mosmed_test_Morozov_study_0286_21.png,0.6553767993517885,0.48740554162627137,52.7161522987697,4.702827786437485
mosmed_test_Jun_coronacases_case3_146,Jun_coronacases_case3,probabilities/mosmed_test_Jun_coronacases_case3_146.npy,masks/mosmed_test_Jun_coronacases_case3_146.png,0.9380165289281811,0.8832684824993565,1.4142135623730951,0.4581647974637064
mosmed_test_Morozov_study_0298_19,Morozov_study_0298,probabilities/mosmed_test_Morozov_study_0298_19.npy,masks/mosmed_test_Morozov_study_0298_19.png,0.7405602923580317,0.5880077370235962,3.0,0.7163129670400199
mosmed_test_Jun_coronacases_case6_46,Jun_coronacases_case6,probabilities/mosmed_test_Jun_coronacases_case6_46.npy,masks/mosmed_test_Jun_coronacases_case6_46.png,0.3636363694214876,0.22222223086419743,4.201562118716424,1.2561216181641768
mosmed_test_Morozov_study_0264_31,Morozov_study_0264,probabilities/mosmed_test_Morozov_study_0264_31.npy,masks/mosmed_test_Morozov_study_0264_31.png,3.846153831360946e-09,3.846153831360946e-09,316.7838379715733,316.7838379715733
mosmed_test_Jun_coronacases_case8_216,Jun_coronacases_case8,probabilities/mosmed_test_Jun_coronacases_case8_216.npy,masks/mosmed_test_Jun_coronacases_case8_216.png,0.8677248677598611,0.7663551402960957,1.4142135623730951,0.41010956215742067
mosmed_test_Jun_coronacases_case7_143,Jun_coronacases_case7,probabilities/mosmed_test_Jun_coronacases_case7_143.npy,masks/mosmed_test_Jun_coronacases_case7_143.png,0.930357142863361,0.8697829716411046,1.0,0.41933072961680634
mosmed_test_Morozov_study_0271_15,Morozov_study_0271,probabilities/mosmed_test_Morozov_study_0271_15.npy,masks/mosmed_test_Morozov_study_0271_15.png,0.7526881721759741,0.6034482762039238,3.0081138830084186,0.8539905716043665
mosmed_test_Morozov_study_0297_34,Morozov_study_0297,probabilities/mosmed_test_Morozov_study_0297_34.npy,masks/mosmed_test_Morozov_study_0297_34.png,0.7626977518931974,0.6164199192979247,15.0,2.06348668193753
mosmed_test_Jun_radiopaedia_10_85902_1_case11_12,Jun_radiopaedia_10_85902_1_case11,probabilities/mosmed_test_Jun_radiopaedia_10_85902_1_case11_12.npy,masks/mosmed_test_Jun_radiopaedia_10_85902_1_case11_12.png,0.9034635224831641,0.8239247312064617,2.0,1.1297803052952935
mosmed_test_Jun_coronacases_case10_228,Jun_coronacases_case10,probabilities/mosmed_test_Jun_coronacases_case10_228.npy,masks/mosmed_test_Jun_coronacases_case10_228.png,0.9113475177383558,0.8371335505151248,1.4142135623730951,0.4952293195256346
mosmed_test_Jun_coronacases_case1_185,Jun_coronacases_case1,probabilities/mosmed_test_Jun_coronacases_case1_185.npy,masks/mosmed_test_Jun_coronacases_case1_185.png,0.8717688798848572,0.7726864330842149,2.0,0.6447616003293215
mosmed_test_Jun_coronacases_case7_106,Jun_coronacases_case7,probabilities/mosmed_test_Jun_coronacases_case7_106.npy,masks/mosmed_test_Jun_coronacases_case7_106.png,0.9223007063650555,0.8558052434726957,1.4142135623730951,0.43387997455809824
mosmed_test_Jun_coronacases_case1_150,Jun_coronacases_case1,probabilities/mosmed_test_Jun_coronacases_case1_150.npy,masks/mosmed_test_Jun_coronacases_case1_150.png,0.8520599251005591,0.7422512235120512,2.8284271247461903,1.1866791418194087
mosmed_test_Jun_coronacases_case1_199,Jun_coronacases_case1,probabilities/mosmed_test_Jun_coronacases_case1_199.npy,masks/mosmed_test_Jun_coronacases_case1_199.png,0.8216704289019563,0.6973180076860293,3.1622776601683795,1.1113219669992844
mosmed_test_Jun_coronacases_case10_129,Jun_coronacases_case10,probabilities/mosmed_test_Jun_coronacases_case10_129.npy,masks/mosmed_test_Jun_coronacases_case10_129.png,0.8411497730771124,0.7258485639865634,4.018465843842646,1.1608624577007876
mosmed_test_bjorke_76,bjorke_76,probabilities/mosmed_test_bjorke_76.npy,masks/mosmed_test_bjorke_76.png,0.770921386309229,0.6272352132134976,8.53519538965568,2.205266074581336
mosmed_test_Morozov_study_0290_26,Morozov_study_0290,probabilities/mosmed_test_Morozov_study_0290_26.npy,masks/mosmed_test_Morozov_study_0290_26.png,0.8767123289360105,0.7804878054134444,1.5499999999999972,0.34
mosmed_test_Jun_coronacases_case7_111,Jun_coronacases_case7,probabilities/mosmed_test_Jun_coronacases_case7_111.npy,masks/mosmed_test_Jun_coronacases_case7_111.png,0.9617117117160234,0.9262472885192522,1.0,0.23638637930115686
mosmed_test_Morozov_study_0280_29,Morozov_study_0280,probabilities/mosmed_test_Morozov_study_0280_29.npy,masks/mosmed_test_Morozov_study_0280_29.png,0.7777777790123456,0.6363636396694216,1.0,0.29411764705882354
mosmed_test_Morozov_study_0290_20,Morozov_study_0290,probabilities/mosmed_test_Morozov_study_0290_20.npy,masks/mosmed_test_Morozov_study_0290_20.png,0.7868852460180955,0.6486486489651814,3.129822128134701,0.6018513795292109
mosmed_test_Jun_coronacases_case10_186,Jun_coronacases_case10,probabilities/mosmed_test_Jun_coronacases_case10_186.npy,masks/mosmed_test_Jun_coronacases_case10_186.png,0.8880962996037408,0.7987169206256041,2.23606797749979,0.7776521749670203
mosmed_test_Jun_radiopaedia_10_85902_3_case12_119,Jun_radiopaedia_10_85902_3_case12,probabilities/mosmed_test_Jun_radiopaedia_10_85902_3_case12_119.npy,masks/mosmed_test_Jun_radiopaedia_10_85902_3_case12_119.png,0.9555921052668098,0.9149606299346519,25.044839156007086,1.9990169907630067
mosmed_test_Jun_coronacases_case1_171,Jun_coronacases_case1,probabilities/mosmed_test_Jun_coronacases_case1_171.npy,masks/mosmed_test_Jun_coronacases_case1_171.png,0.8454054054221183,0.7322097378778635,2.0,0.7127488289560955
mosmed_test_Jun_coronacases_case6_89,Jun_coronacases_case6,probabilities/mosmed_test_Jun_coronacases_case6_89.npy,masks/mosmed_test_Jun_coronacases_case6_89.png,0.9750534568798964,0.9513212795617078,1.0,0.2341102963426741
mosmed_test_Jun_coronacases_case7_91,Jun_coronacases_case7,probabilities/mosmed_test_Jun_coronacases_case7_91.npy,masks/mosmed_test_Jun_coronacases_case7_91.png,0.7730829421325379,0.6301020409106882,3.1622776601683795,1.7483890109086395
mosmed_test_Jun_coronacases_case3_100,Jun_coronacases_case3,probabilities/mosmed_test_Jun_coronacases_case3_100.npy,masks/mosmed_test_Jun_coronacases_case3_100.png,0.9130700948896071,0.8400450577347214,3.0,0.96273410459901
mosmed_test_Morozov_study_0255_16,Morozov_study_0255,probabilities/mosmed_test_Morozov_study_0255_16.npy,masks/mosmed_test_Morozov_study_0255_16.png,0.8670076726427745,0.765237020342524,2.23606797749979,0.6719143061536108
mosmed_test_Morozov_study_0272_20,Morozov_study_0272,probabilities/mosmed_test_Morozov_study_0272_20.npy,masks/mosmed_test_Morozov_study_0272_20.png,0.9018567639517622,0.8212560387336927,2.082623792124925,0.5964169496488442
mosmed_test_Jun_radiopaedia_4_85506_1_case19_27,Jun_radiopaedia_4_85506_1_case19,probabilities/mosmed_test_Jun_radiopaedia_4_85506_1_case19_27.npy,masks/mosmed_test_Jun_radiopaedia_4_85506_1_case19_27.png,0.8184383819549916,0.692675159284606,51.07083796261338,5.975932312301618
mosmed_test_Jun_radiopaedia_14_85914_0_case13_20,Jun_radiopaedia_14_85914_0_case13,probabilities/mosmed_test_Jun_radiopaedia_14_85914_0_case13_20.npy,masks/mosmed_test_Jun_radiopaedia_14_85914_0_case13_20.png,0.8412959912223341,0.7260663507368657,4.123105625617661,1.6793980397192891
mosmed_test_Jun_radiopaedia_27_86410_0_case14_28,Jun_radiopaedia_27_86410_0_case14,probabilities/mosmed_test_Jun_radiopaedia_27_86410_0_case14_28.npy,masks/mosmed_test_Jun_radiopaedia_27_86410_0_case14_28.png,0.7634478289123964,0.6174004193072642,12.626663622195053,2.6382262795167164
mosmed_test_Jun_coronacases_case9_136,Jun_coronacases_case9,probabilities/mosmed_test_Jun_coronacases_case9_136.npy,masks/mosmed_test_Jun_coronacases_case9_136.png,0.9243391066614093,0.8593220339221489,1.4142135623730951,0.5388119296858126
mosmed_test_Jun_coronacases_case5_62,Jun_coronacases_case5,probabilities/mosmed_test_Jun_coronacases_case5_62.npy,masks/mosmed_test_Jun_coronacases_case5_62.png,0.9230769231163708,0.8571428572789116,1.0,0.30337078651685395
mosmed_test_Morozov_study_0277_10,Morozov_study_0277,probabilities/mosmed_test_Morozov_study_0277_10.npy,masks/mosmed_test_Morozov_study_0277_10.png,0.46899224811346973,0.3063291140118571,14.866068747318506,4.87805699224489
mosmed_test_Jun_coronacases_case6_106,Jun_coronacases_case6,probabilities/mosmed_test_Jun_coronacases_case6_106.npy,masks/mosmed_test_Jun_coronacases_case6_106.png,0.8472505091960794,0.7349823322491228,2.8284271247461903,0.8576846383856013
mosmed_test_Jun_radiopaedia_40_86625_0_case18_40,Jun_radiopaedia_40_86625_0_case18,probabilities/mosmed_test_Jun_radiopaedia_40_86625_0_case18_40.npy,masks/mosmed_test_Jun_radiopaedia_40_86625_0_case18_40.png,0.8845672694201686,0.7930261011461455,5.0,1.232329685496377
mosmed_test_Morozov_study_0295_28,Morozov_study_0295,probabilities/mosmed_test_Morozov_study_0295_28.npy,masks/mosmed_test_Morozov_study_0295_28.png,0.6222222230617284,0.45161290499479706,5.80866254045976,1.3565369022932663
mosmed_test_Morozov_study_0275_12,Morozov_study_0275,probabilities/mosmed_test_Morozov_study_0275_12.npy,masks/mosmed_test_Morozov_study_0275_12.png,0.7142857144217687,0.5555555558847737,1.5020815280171342,0.5954663609383808
mosmed_test_Jun_coronacases_case8_161,Jun_coronacases_case8,probabilities/mosmed_test_Jun_coronacases_case8_161.npy,masks/mosmed_test_Jun_coronacases_case8_161.png,0.7810218978301986,0.6407185629280362,4.47213595499958,1.4564846352206475
mosmed_test_Jun_coronacases_case4_144,Jun_coronacases_case4,probabilities/mosmed_test_Jun_coronacases_case4_144.npy,masks/mosmed_test_Jun_coronacases_case4_144.png,0.9168278530141534,0.8464285714834183,1.0,0.38778989828442545
mosmed_test_Morozov_study_0279_28,Morozov_study_0279,probabilities/mosmed_test_Morozov_study_0279_28.npy,masks/mosmed_test_Morozov_study_0279_28.png,0.8275862071938169,0.7058823538062284,1.6778174593051998,0.33184293875647836
mosmed_test_Morozov_study_0262_13,Morozov_study_0262,probabilities/mosmed_test_Morozov_study_0262_13.npy,masks/mosmed_test_Morozov_study_0262_13.png,0.3803680985396515,0.2348484854281451,9.219544457292887,3.2063162944261068
mosmed_test_Jun_coronacases_case3_130,Jun_coronacases_case3,probabilities/mosmed_test_Jun_coronacases_case3_130.npy,masks/mosmed_test_Jun_coronacases_case3_130.png,0.9304593276897496,0.869961612290309,2.0,0.6613884381068009
mosmed_test_Jun_coronacases_case3_120,Jun_coronacases_case3,probabilities/mosmed_test_Jun_coronacases_case3_120.npy,masks/mosmed_test_Jun_coronacases_case3_120.png,0.9004841312551464,0.8189823874814421,3.1622776601683795,1.058191540662041
mosmed_test_Morozov_study_0275_38,Morozov_study_0275,probabilities/mosmed_test_Morozov_study_0275_38.npy,masks/mosmed_test_Morozov_study_0275_38.png,0.48000000052,0.3157894745844876,3.3839144678161843,1.42267748377206
mosmed_test_Jun_coronacases_case1_192,Jun_coronacases_case1,probabilities/mosmed_test_Jun_coronacases_case1_192.npy,masks/mosmed_test_Jun_coronacases_case1_192.png,0.751123090768093,0.6014388489782103,7.2380934058884305,1.8424413501889056
mosmed_test_Morozov_study_0264_33,Morozov_study_0264,probabilities/mosmed_test_Morozov_study_0264_33.npy,masks/mosmed_test_Morozov_study_0264_33.png,0.8235294119723183,0.7000000006,2.0354101966249667,1.4513973447388266
mosmed_test_Jun_coronacases_case1_98,Jun_coronacases_case1,probabilities/mosmed_test_Jun_coronacases_case1_98.npy,masks/mosmed_test_Jun_coronacases_case1_98.png,0.9176289453489124,0.847795163606288,2.0,0.5399487208438831
mosmed_test_bjorke_53,bjorke_53,probabilities/mosmed_test_bjorke_53.npy,masks/mosmed_test_bjorke_53.png,0.46776232620304914,0.30528052811012535,25.3140218586395,6.479585951435103
mosmed_test_bjorke_100,bjorke_100,probabilities/mosmed_test_bjorke_100.npy,masks/mosmed_test_bjorke_100.png,0.5227758007202353,0.3538906287797184,22.52334040110792,5.048931756663357
mosmed_test_Jun_coronacases_case7_155,Jun_coronacases_case7,probabilities/mosmed_test_Jun_coronacases_case7_155.npy,masks/mosmed_test_Jun_coronacases_case7_155.png,0.90042075737722,0.8188775510666129,1.4142135623730951,0.45326733120196433
mosmed_test_Jun_coronacases_case1_146,Jun_coronacases_case1,probabilities/mosmed_test_Jun_coronacases_case1_146.npy,masks/mosmed_test_Jun_coronacases_case1_146.png,0.8011945392576283,0.6683274021588378,3.1622776601683795,1.1022734807651948
mosmed_test_Jun_coronacases_case7_149,Jun_coronacases_case7,probabilities/mosmed_test_Jun_coronacases_case7_149.npy,masks/mosmed_test_Jun_coronacases_case7_149.png,0.8579795022169869,0.7512820513458252,2.0,0.6957307399997547
mosmed_test_Jun_coronacases_case9_119,Jun_coronacases_case9,probabilities/mosmed_test_Jun_coronacases_case9_119.npy,masks/mosmed_test_Jun_coronacases_case9_119.png,0.9176340519669633,0.8478038815272928,3.0,0.7417028769378826
mosmed_test_Jun_radiopaedia_10_85902_3_case12_73,Jun_radiopaedia_10_85902_3_case12,probabilities/mosmed_test_Jun_radiopaedia_10_85902_3_case12_73.npy,masks/mosmed_test_Jun_radiopaedia_10_85902_3_case12_73.png,0.9137529137730179,0.8412017168063511,1.4142135623730951,0.43869435758851116
mosmed_test_Jun_coronacases_case2_63,Jun_coronacases_case2,probabilities/mosmed_test_Jun_coronacases_case2_63.npy,masks/mosmed_test_Jun_coronacases_case2_63.png,0.8750000000459558,0.777777777923021,1.0,0.3804737854124365
mosmed_test_Jun_coronacases_case10_179,Jun_coronacases_case10,probabilities/mosmed_test_Jun_coronacases_case10_179.npy,masks/mosmed_test_Jun_coronacases_case10_179.png,0.8921668362211512,0.8053259871620453,2.0,0.6716724571609896
mosmed_test_Morozov_study_0265_18,Morozov_study_0265,probabilities/mosmed_test_Morozov_study_0265_18.npy,masks/mosmed_test_Morozov_study_0265_18.png,0.8472372697890317,0.7349624060648567,5.0,0.9741611044347037
mosmed_test_Jun_coronacases_case9_189,Jun_coronacases_case9,probabilities/mosmed_test_Jun_coronacases_case9_189.npy,masks/mosmed_test_Jun_coronacases_case9_189.png,0.8653421633702713,0.7626459144430651,3.0,0.8376825715107261
mosmed_test_Morozov_study_0293_26,Morozov_study_0293,probabilities/mosmed_test_Morozov_study_0293_26.npy,masks/mosmed_test_Morozov_study_0293_26.png,0.8192771086514733,0.6938775516451479,2.0716970944744486,1.6348434053797398
mosmed_test_Jun_coronacases_case10_102,Jun_coronacases_case10,probabilities/mosmed_test_Jun_coronacases_case10_102.npy,masks/mosmed_test_Jun_coronacases_case10_102.png,0.9020518776654258,0.8215796897163907,2.23606797749979,0.8429247456426966
mosmed_test_Morozov_study_0275_25,Morozov_study_0275,probabilities/mosmed_test_Morozov_study_0275_25.npy,masks/mosmed_test_Morozov_study_0275_25.png,0.8073770492197998,0.6769759451281869,2.0,0.7106782736541528
mosmed_test_Morozov_study_0277_11,Morozov_study_0277,probabilities/mosmed_test_Morozov_study_0277_11.npy,masks/mosmed_test_Morozov_study_0277_11.png,0.46258503437919385,0.3008849563708983,141.27008307447585,36.34263467013737
mosmed_test_Jun_coronacases_case4_129,Jun_coronacases_case4,probabilities/mosmed_test_Jun_coronacases_case4_129.npy,masks/mosmed_test_Jun_coronacases_case4_129.png,0.8429237947367147,0.7284946237288993,3.7633307652783845,1.0287633624303385
mosmed_test_Jun_radiopaedia_14_85914_0_case13_22,Jun_radiopaedia_14_85914_0_case13,probabilities/mosmed_test_Jun_radiopaedia_14_85914_0_case13_22.npy,masks/mosmed_test_Jun_radiopaedia_14_85914_0_case13_22.png,0.8431372549089512,0.7288135593429265,5.0,1.3037454953499956
mosmed_test_Morozov_study_0303_9,Morozov_study_0303,probabilities/mosmed_test_Morozov_study_0303_9.npy,masks/mosmed_test_Morozov_study_0303_9.png,0.7288503254384273,0.5733788397360481,2.0,0.5878251932989322
mosmed_test_bjorke_8,bjorke_8,probabilities/mosmed_test_bjorke_8.npy,masks/mosmed_test_bjorke_8.png,0.8897402497897106,0.8013802622511982,13.92838827718412,3.681935199400265
mosmed_test_Morozov_study_0296_17,Morozov_study_0296,probabilities/mosmed_test_Morozov_study_0296_17.npy,masks/mosmed_test_Morozov_study_0296_17.png,0.3719008267058261,0.22842639633074804,12.226662605473397,3.5866062099269667
mosmed_test_Morozov_study_0302_22,Morozov_study_0302,probabilities/mosmed_test_Morozov_study_0302_22.npy,masks/mosmed_test_Morozov_study_0302_22.png,0.7482993198135035,0.5978260871750946,3.0,0.7546790414146068
mosmed_test_Jun_coronacases_case8_82,Jun_coronacases_case8,probabilities/mosmed_test_Jun_coronacases_case8_82.npy,masks/mosmed_test_Jun_coronacases_case8_82.png,0.8847058823619839,0.7932489451767583,2.0,0.6700659692034681
mosmed_test_Morozov_study_0299_28,Morozov_study_0299,probabilities/mosmed_test_Morozov_study_0299_28.npy,masks/mosmed_test_Morozov_study_0299_28.png,0.6863468635843738,0.5224719103806338,11.23619297123095,1.7850687995605123
mosmed_test_Jun_coronacases_case2_40,Jun_coronacases_case2,probabilities/mosmed_test_Jun_coronacases_case2_40.npy,masks/mosmed_test_Jun_coronacases_case2_40.png,0.934210526330217,0.8765432099273485,1.0,0.3238941283474589
mosmed_test_Morozov_study_0269_26,Morozov_study_0269,probabilities/mosmed_test_Morozov_study_0269_26.npy,masks/mosmed_test_Morozov_study_0269_26.png,1.23456789971041e-09,1.23456789971041e-09,316.7838379715733,316.7838379715733
mosmed_test_Jun_coronacases_case4_86,Jun_coronacases_case4,probabilities/mosmed_test_Jun_coronacases_case4_86.npy,masks/mosmed_test_Jun_coronacases_case4_86.png,0.8205689278095658,0.6957328386464319,2.23606797749979,0.8093462794666696
mosmed_test_Morozov_study_0268_11,Morozov_study_0268,probabilities/mosmed_test_Morozov_study_0268_11.npy,masks/mosmed_test_Morozov_study_0268_11.png,0.14545454700826443,0.07843137435601692,43.261644122823554,10.8392266035588
mosmed_test_Jun_coronacases_case8_154,Jun_coronacases_case8,probabilities/mosmed_test_Jun_coronacases_case8_154.npy,masks/mosmed_test_Jun_coronacases_case8_154.png,0.9007164790224812,0.8193668529032246,2.8284271247461903,0.8484733536740681
mosmed_test_Jun_coronacases_case10_113,Jun_coronacases_case10,probabilities/mosmed_test_Jun_coronacases_case10_113.npy,masks/mosmed_test_Jun_coronacases_case10_113.png,0.8924615934300657,0.8058064516254319,3.1217082451262845,1.1200189119571904
mosmed_test_Morozov_study_0255_25,Morozov_study_0255,probabilities/mosmed_test_Morozov_study_0255_25.npy,masks/mosmed_test_Morozov_study_0255_25.png,0.8688845401302461,0.7681660900055077,2.8284271247461903,0.7158890915229104
mosmed_test_Jun_coronacases_case4_115,Jun_coronacases_case4,probabilities/mosmed_test_Jun_coronacases_case4_115.npy,masks/mosmed_test_Jun_coronacases_case4_115.png,0.76190476196775,0.6153846155489809,2.0,0.8070852867997752
mosmed_test_Jun_radiopaedia_4_85506_1_case19_13,Jun_radiopaedia_4_85506_1_case19,probabilities/mosmed_test_Jun_radiopaedia_4_85506_1_case19_13.npy,masks/mosmed_test_Jun_radiopaedia_4_85506_1_case19_13.png,0.8876823166199544,0.7980474732044784,7.014213562373082,1.9107192854148825
mosmed_test_Jun_coronacases_case8_62,Jun_coronacases_case8,probabilities/mosmed_test_Jun_coronacases_case8_62.npy,masks/mosmed_test_Jun_coronacases_case8_62.png,0.8700265252334147,0.7699530517511958,1.0,0.3965595104143166
mosmed_test_bjorke_98,bjorke_98,probabilities/mosmed_test_bjorke_98.npy,masks/mosmed_test_bjorke_98.png,0.807043836650167,0.6765075377087622,4.242640687119285,1.3800548516226914
mosmed_test_bjorke_7,bjorke_7,probabilities/mosmed_test_bjorke_7.npy,masks/mosmed_test_bjorke_7.png,0.7511111111203292,0.6014234875681242,7.72273521938741,3.0558967684380067
mosmed_test_Jun_coronacases_case8_168,Jun_coronacases_case8,probabilities/mosmed_test_Jun_coronacases_case8_168.npy,masks/mosmed_test_Jun_coronacases_case8_168.png,0.8012048193369865,0.668341708709376,2.0,0.7304301698430574
mosmed_test_Morozov_study_0276_30,Morozov_study_0276,probabilities/mosmed_test_Morozov_study_0276_30.npy,masks/mosmed_test_Morozov_study_0276_30.png,0.7970479705545948,0.6625766873235726,2.0,0.4063262241804132
mosmed_test_Jun_coronacases_case2_74,Jun_coronacases_case2,probabilities/mosmed_test_Jun_coronacases_case2_74.npy,masks/mosmed_test_Jun_coronacases_case2_74.png,0.8903803132236285,0.8024193549183792,2.23606797749979,0.6754471648274164
mosmed_test_Jun_coronacases_case10_147,Jun_coronacases_case10,probabilities/mosmed_test_Jun_coronacases_case10_147.npy,masks/mosmed_test_Jun_coronacases_case10_147.png,0.912248628888837,0.8386554621984322,2.0,0.5982622120768913
mosmed_test_Morozov_study_0280_26,Morozov_study_0280,probabilities/mosmed_test_Morozov_study_0280_26.npy,masks/mosmed_test_Morozov_study_0280_26.png,0.5631067962578942,0.39189189216581444,45.96241437954447,4.104193945483408
mosmed_test_Jun_coronacases_case8_105,Jun_coronacases_case8,probabilities/mosmed_test_Jun_coronacases_case8_105.npy,masks/mosmed_test_Jun_coronacases_case8_105.png,0.8963466440145987,0.8121632024778935,3.0,1.0526937088835353
mosmed_test_Morozov_study_0275_20,Morozov_study_0275,probabilities/mosmed_test_Morozov_study_0275_20.npy,masks/mosmed_test_Morozov_study_0275_20.png,0.5476190481575964,0.3770491813490997,12.973185975570203,2.2418901258280095
mosmed_test_Morozov_study_0259_19,Morozov_study_0259,probabilities/mosmed_test_Morozov_study_0259_19.npy,masks/mosmed_test_Morozov_study_0259_19.png,0.6643518518907,0.49740034670755634,11.704699910719626,3.3572700059880205
mosmed_test_Morozov_study_0292_25,Morozov_study_0292,probabilities/mosmed_test_Morozov_study_0292_25.npy,masks/mosmed_test_Morozov_study_0292_25.png,0.758620689863258,0.6111111116512347,57.09421420565266,9.328488599229495
mosmed_test_Jun_radiopaedia_14_85914_0_case13_51,Jun_radiopaedia_14_85914_0_case13,probabilities/mosmed_test_Jun_radiopaedia_14_85914_0_case13_51.npy,masks/mosmed_test_Jun_radiopaedia_14_85914_0_case13_51.png,0.8787677599272504,0.7837517764144066,5.0,1.2172325442877647
mosmed_test_Jun_radiopaedia_14_85914_0_case13_63,Jun_radiopaedia_14_85914_0_case13,probabilities/mosmed_test_Jun_radiopaedia_14_85914_0_case13_63.npy,masks/mosmed_test_Jun_radiopaedia_14_85914_0_case13_63.png,0.8210461285026662,0.6964192139791019,8.994427190999922,2.148106538468939
mosmed_test_Jun_coronacases_case1_169,Jun_coronacases_case1,probabilities/mosmed_test_Jun_coronacases_case1_169.npy,masks/mosmed_test_Jun_coronacases_case1_169.png,0.8127490040027142,0.6845637584421874,3.1622776601683795,1.2894404332718523
mosmed_test_Morozov_study_0292_29,Morozov_study_0292,probabilities/mosmed_test_Morozov_study_0292_29.npy,masks/mosmed_test_Morozov_study_0292_29.png,0.5000000041666667,0.33333334074074067,2.5026295937606697,0.838707925187165
mosmed_test_Jun_radiopaedia_40_86625_0_case18_36,Jun_radiopaedia_40_86625_0_case18,probabilities/mosmed_test_Jun_radiopaedia_40_86625_0_case18_36.npy,masks/mosmed_test_Jun_radiopaedia_40_86625_0_case18_36.png,0.8797390949869575,0.7852983988394232,5.0,1.5485020501275415
mosmed_test_Jun_coronacases_case4_123,Jun_coronacases_case4,probabilities/mosmed_test_Jun_coronacases_case4_123.npy,masks/mosmed_test_Jun_coronacases_case4_123.png,0.8553259141724442,0.7472222222924383,25.347845415627106,4.1972996955278585
mosmed_test_Morozov_study_0300_32,Morozov_study_0300,probabilities/mosmed_test_Morozov_study_0300_32.npy,masks/mosmed_test_Morozov_study_0300_32.png,0.6363636371900826,0.4666666684444444,2.200657780874822,0.5239818156172853
mosmed_test_Jun_coronacases_case3_94,Jun_coronacases_case3,probabilities/mosmed_test_Jun_coronacases_case3_94.npy,masks/mosmed_test_Jun_coronacases_case3_94.png,0.9066539013897135,0.829246935206385,4.0,1.1084682284447767
mosmed_test_Jun_coronacases_case2_54,Jun_coronacases_case2,probabilities/mosmed_test_Jun_coronacases_case2_54.npy,masks/mosmed_test_Jun_coronacases_case2_54.png,0.9157894737063712,0.8446601942501649,1.4142135623730951,0.41826722023291546
mosmed_test_Jun_coronacases_case1_101,Jun_coronacases_case1,probabilities/mosmed_test_Jun_coronacases_case1_101.npy,masks/mosmed_test_Jun_coronacases_case1_101.png,0.9280165717282228,0.8657004831047631,2.0,0.5918704278418598
mosmed_test_Jun_coronacases_case2_120,Jun_coronacases_case2,probabilities/mosmed_test_Jun_coronacases_case2_120.npy,masks/mosmed_test_Jun_coronacases_case2_120.png,0.8120516499552293,0.6835748793034844,2.0,0.9669323379208571
mosmed_test_Morozov_study_0266_17,Morozov_study_0266,probabilities/mosmed_test_Morozov_study_0266_17.npy,masks/mosmed_test_Morozov_study_0266_17.png,0.600000004,0.4285714367346937,1.0,0.4
mosmed_test_Morozov_study_0270_12,Morozov_study_0270,probabilities/mosmed_test_Morozov_study_0270_12.npy,masks/mosmed_test_Morozov_study_0270_12.png,0.6688741722402527,0.502487562312814,11.324259223769022,2.4212274830463416
mosmed_test_Jun_coronacases_case3_171,Jun_coronacases_case3,probabilities/mosmed_test_Jun_coronacases_case3_171.npy,masks/mosmed_test_Jun_coronacases_case3_171.png,0.8953229398896831,0.8104838710441598,1.4142135623730951,0.5229847574230756
mosmed_test_Jun_coronacases_case6_67,Jun_coronacases_case6,probabilities/mosmed_test_Jun_coronacases_case6_67.npy,masks/mosmed_test_Jun_coronacases_case6_67.png,0.9142857142929172,0.8421052631823366,2.0,0.686059790226412
mosmed_test_Jun_radiopaedia_10_85902_3_case12_69,Jun_radiopaedia_10_85902_3_case12,probabilities/mosmed_test_Jun_radiopaedia_10_85902_3_case12_69.npy,masks/mosmed_test_Jun_radiopaedia_10_85902_3_case12_69.png,0.8930817610399114,0.8068181819279442,1.4142135623730951,0.4670973806779726
mosmed_test_Jun_radiopaedia_27_86410_0_case14_29,Jun_radiopaedia_27_86410_0_case14,probabilities/mosmed_test_Jun_radiopaedia_27_86410_0_case14_29.npy,masks/mosmed_test_Jun_radiopaedia_27_86410_0_case14_29.png,0.8683114386456805,0.7672706681898488,3.0,0.9709901601103266
mosmed_test_Morozov_study_0289_25,Morozov_study_0289,probabilities/mosmed_test_Morozov_study_0289_25.npy,masks/mosmed_test_Morozov_study_0289_25.png,0.6721311476753561,0.5061728398110044,16.34002003147822,2.4872131090286747
mosmed_test_Jun_radiopaedia_40_86625_0_case18_61,Jun_radiopaedia_40_86625_0_case18,probabilities/mosmed_test_Jun_radiopaedia_40_86625_0_case18_61.npy,masks/mosmed_test_Jun_radiopaedia_40_86625_0_case18_61.png,0.8519770689423493,0.7421254801602528,6.4031242374328485,1.6094669214517268
mosmed_test_Morozov_study_0289_29,Morozov_study_0289,probabilities/mosmed_test_Morozov_study_0289_29.npy,masks/mosmed_test_Morozov_study_0289_29.png,0.8322147652132786,0.7126436784912142,1.4142135623730951,0.4218814281860892
mosmed_test_Jun_coronacases_case8_152,Jun_coronacases_case8,probabilities/mosmed_test_Jun_coronacases_case8_152.npy,masks/mosmed_test_Jun_coronacases_case8_152.png,0.9127391507273571,0.8394849785545505,2.0,0.5745601055006163
mosmed_test_Morozov_study_0276_38,Morozov_study_0276,probabilities/mosmed_test_Morozov_study_0276_38.npy,masks/mosmed_test_Morozov_study_0276_38.png,0.6533333335644445,0.48514851536123915,2.650719380572263,3.2704545869988437
mosmed_test_Morozov_study_0284_13,Morozov_study_0284,probabilities/mosmed_test_Morozov_study_0284_13.npy,masks/mosmed_test_Morozov_study_0284_13.png,0.42424242511478427,0.26923077063609463,110.64357188738983,8.280314022609042
mosmed_test_Jun_coronacases_case7_86,Jun_coronacases_case7,probabilities/mosmed_test_Jun_coronacases_case7_86.npy,masks/mosmed_test_Jun_coronacases_case7_86.png,0.7792207793641424,0.6382978727252151,34.539832078341085,6.546973937697503
mosmed_test_bjorke_93,bjorke_93,probabilities/mosmed_test_bjorke_93.npy,masks/mosmed_test_bjorke_93.png,0.6900203666050913,0.5267412935470541,7.0,1.67495606283171
mosmed_test_Jun_coronacases_case8_160,Jun_coronacases_case8,probabilities/mosmed_test_Jun_coronacases_case8_160.npy,masks/mosmed_test_Jun_coronacases_case8_160.png,0.8415300546571796,0.7264150943764939,4.0,2.0747737451397974
mosmed_test_Jun_coronacases_case3_53,Jun_coronacases_case3,probabilities/mosmed_test_Jun_coronacases_case3_53.npy,masks/mosmed_test_Jun_coronacases_case3_53.png,0.8190279214251264,0.6935201401587531,2.23606797749979,0.8182095974579477
mosmed_test_Morozov_study_0256_28,Morozov_study_0256,probabilities/mosmed_test_Morozov_study_0256_28.npy,masks/mosmed_test_Morozov_study_0256_28.png,0.8484530676534634,0.7367941712443721,4.123105625617661,1.2069436602629338
mosmed_test_Jun_radiopaedia_27_86410_0_case14_14,Jun_radiopaedia_27_86410_0_case14,probabilities/mosmed_test_Jun_radiopaedia_27_86410_0_case14_14.npy,masks/mosmed_test_Jun_radiopaedia_27_86410_0_case14_14.png,0.8070175438685588,0.676470588260335,25.222735644594152,4.8921898599722855
mosmed_test_Morozov_study_0267_23,Morozov_study_0267,probabilities/mosmed_test_Morozov_study_0267_23.npy,masks/mosmed_test_Morozov_study_0267_23.png,0.753623188584331,0.6046511632504057,1.4142135623730951,0.6137593240985817
mosmed_test_Jun_coronacases_case6_109,Jun_coronacases_case6,probabilities/mosmed_test_Jun_coronacases_case6_109.npy,masks/mosmed_test_Jun_coronacases_case6_109.png,0.8235294118017795,0.7000000001071428,3.2066050216979383,0.9601107561965876
mosmed_test_Jun_coronacases_case9_148,Jun_coronacases_case9,probabilities/mosmed_test_Jun_coronacases_case9_148.npy,masks/mosmed_test_Jun_coronacases_case9_148.png,0.8571428571747449,0.7500000000976561,36.10462379605485,2.8597891437427574
mosmed_test_Morozov_study_0285_29,Morozov_study_0285,probabilities/mosmed_test_Morozov_study_0285_29.npy,masks/mosmed_test_Morozov_study_0285_29.png,7.692307633136095e-09,7.692307633136095e-09,316.7838379715733,316.7838379715733
mosmed_test_Jun_coronacases_case6_103,Jun_coronacases_case6,probabilities/mosmed_test_Jun_coronacases_case6_103.npy,masks/mosmed_test_Jun_coronacases_case6_103.png,0.898710865580348,0.8160535117672061,1.3727922061357762,0.4445540937852532
mosmed_test_Jun_coronacases_case1_180,Jun_coronacases_case1,probabilities/mosmed_test_Jun_coronacases_case1_180.npy,masks/mosmed_test_Jun_coronacases_case1_180.png,0.8522875817090009,0.7425968109632578,5.285013954394896,1.247661741306073
mosmed_test_Jun_coronacases_case8_172,Jun_coronacases_case8,probabilities/mosmed_test_Jun_coronacases_case8_172.npy,masks/mosmed_test_Jun_coronacases_case8_172.png,0.882191780854194,0.7892156863778355,1.1449747468305809,0.4270902787297975
mosmed_test_Jun_radiopaedia_27_86410_0_case14_37,Jun_radiopaedia_27_86410_0_case14,probabilities/mosmed_test_Jun_radiopaedia_27_86410_0_case14_37.npy,masks/mosmed_test_Jun_radiopaedia_27_86410_0_case14_37.png,0.8211068211298447,0.6965065502846056,78.62428085519805,8.267946419616193
mosmed_test_Jun_coronacases_case9_152,Jun_coronacases_case9,probabilities/mosmed_test_Jun_coronacases_case9_152.npy,masks/mosmed_test_Jun_coronacases_case9_152.png,0.8731563422203079,0.7748691100655135,1.0,0.40320416707069456
mosmed_test_Jun_coronacases_case10_231,Jun_coronacases_case10,probabilities/mosmed_test_Jun_coronacases_case10_231.npy,masks/mosmed_test_Jun_coronacases_case10_231.png,0.8984375000132243,0.8156028369230254,1.4142135623730951,0.5128697371863284
mosmed_test_Jun_coronacases_case7_107,Jun_coronacases_case7,probabilities/mosmed_test_Jun_coronacases_case7_107.npy,masks/mosmed_test_Jun_coronacases_case7_107.png,0.9232409381744946,0.8574257426024899,1.4142135623730951,0.4456400251260443
mosmed_test_Jun_coronacases_case1_138,Jun_coronacases_case1,probabilities/mosmed_test_Jun_coronacases_case1_138.npy,masks/mosmed_test_Jun_coronacases_case1_138.png,0.8362282878479642,0.7185501066298116,2.23606797749979,0.8562197899149405
mosmed_test_Jun_coronacases_case9_190,Jun_coronacases_case9,probabilities/mosmed_test_Jun_coronacases_case9_190.npy,masks/mosmed_test_Jun_coronacases_case9_190.png,0.7651933701981777,0.6196868009799359,4.084924240491741,1.1212971955557838
mosmed_test_Jun_coronacases_case6_68,Jun_coronacases_case6,probabilities/mosmed_test_Jun_coronacases_case6_68.npy,masks/mosmed_test_Jun_coronacases_case6_68.png,0.9141989369844952,0.8419580419801457,2.0,0.6833901303693086
mosmed_test_Morozov_study_0282_14,Morozov_study_0282,probabilities/mosmed_test_Morozov_study_0282_14.npy,masks/mosmed_test_Morozov_study_0282_14.png,0.8235294118685121,0.7000000003,2.0,2.9205791267690038
mosmed_test_Morozov_study_0304_25,Morozov_study_0304,probabilities/mosmed_test_Morozov_study_0304_25.npy,masks/mosmed_test_Morozov_study_0304_25.png,3.333333322222222e-09,3.333333322222222e-09,316.7838379715733,316.7838379715733
mosmed_test_Jun_coronacases_case8_181,Jun_coronacases_case8,probabilities/mosmed_test_Jun_coronacases_case8_181.npy,masks/mosmed_test_Jun_coronacases_case8_181.png,0.786377709044465,0.647959183853082,26.522382859018926,2.464496717651516
mosmed_test_Jun_radiopaedia_14_85914_0_case13_43,Jun_radiopaedia_14_85914_0_case13,probabilities/mosmed_test_Jun_radiopaedia_14_85914_0_case13_43.npy,masks/mosmed_test_Jun_radiopaedia_14_85914_0_case13_43.png,0.8742489270399758,0.7765916889100917,4.0,1.258738170935258
mosmed_test_Morozov_study_0257_19,Morozov_study_0257,probabilities/mosmed_test_Morozov_study_0257_19.npy,masks/mosmed_test_Morozov_study_0257_19.png,0.5825242719025626,0.41095890422486125,115.67627241573788,30.181129133617763
mosmed_test_Jun_coronacases_case4_137,Jun_coronacases_case4,probabilities/mosmed_test_Jun_coronacases_case4_137.npy,masks/mosmed_test_Jun_coronacases_case4_137.png,0.9017543859821483,0.8210862620379916,1.4142135623730951,0.5066040109792967
mosmed_test_Jun_coronacases_case7_78,Jun_coronacases_case7,probabilities/mosmed_test_Jun_coronacases_case7_78.npy,masks/mosmed_test_Jun_coronacases_case7_78.png,0.8453608249016898,0.7321428576211735,1.0,0.42857142857142855
mosmed_test_Morozov_study_0276_18,Morozov_study_0276,probabilities/mosmed_test_Morozov_study_0276_18.npy,masks/mosmed_test_Morozov_study_0276_18.png,0.7733333333608081,0.6304347826817323,5.385164807134504,1.119681729170405
mosmed_test_Jun_coronacases_case4_168,Jun_coronacases_case4,probabilities/mosmed_test_Jun_coronacases_case4_168.npy,masks/mosmed_test_Jun_coronacases_case4_168.png,0.8754448399019769,0.7784810127984297,1.0,0.48177740126259844
mosmed_test_Morozov_study_0303_28,Morozov_study_0303,probabilities/mosmed_test_Morozov_study_0303_28.npy,masks/mosmed_test_Morozov_study_0303_28.png,0.44444444650205756,0.2857142891156462,1.3313708498984749,0.5860112615949155
mosmed_test_Morozov_study_0297_10,Morozov_study_0297,probabilities/mosmed_test_Morozov_study_0297_10.npy,masks/mosmed_test_Morozov_study_0297_10.png,0.7186311787179228,0.560830860560188,5.0,1.1019904272496093
mosmed_test_Jun_coronacases_case1_201,Jun_coronacases_case1,probabilities/mosmed_test_Jun_coronacases_case1_201.npy,masks/mosmed_test_Jun_coronacases_case1_201.png,0.8375061364831857,0.7204391892128007,2.8284271247461903,0.9083904663134609
mosmed_test_Jun_coronacases_case8_169,Jun_coronacases_case8,probabilities/mosmed_test_Jun_coronacases_case8_169.npy,masks/mosmed_test_Jun_coronacases_case8_169.png,0.7296587927218744,0.5743801654651322,51.40759506516679,4.112941508565551
mosmed_test_Jun_coronacases_case5_97,Jun_coronacases_case5,probabilities/mosmed_test_Jun_coronacases_case5_97.npy,masks/mosmed_test_Jun_coronacases_case5_97.png,0.956018518523609,0.9157427938102566,1.0,0.38473969305884076
mosmed_test_Jun_radiopaedia_10_85902_3_case12_190,Jun_radiopaedia_10_85902_3_case12,probabilities/mosmed_test_Jun_radiopaedia_10_85902_3_case12_190.npy,masks/mosmed_test_Jun_radiopaedia_10_85902_3_case12_190.png,0.9211822660195589,0.8538812785721732,1.4142135623730951,0.5831850060969778
mosmed_test_Jun_radiopaedia_14_85914_0_case13_101,Jun_radiopaedia_14_85914_0_case13,probabilities/mosmed_test_Jun_radiopaedia_14_85914_0_case13_101.npy,masks/mosmed_test_Jun_radiopaedia_14_85914_0_case13_101.png,0.617801047320523,0.4469696973886593,18.241968337438117,4.289796064314292
mosmed_test_Jun_coronacases_case4_134,Jun_coronacases_case4,probabilities/mosmed_test_Jun_coronacases_case4_134.npy,masks/mosmed_test_Jun_coronacases_case4_134.png,0.8802698145227201,0.7861445783776673,1.5606601717798214,0.7788792051771668
mosmed_test_Jun_radiopaedia_10_85902_3_case12_81,Jun_radiopaedia_10_85902_3_case12,probabilities/mosmed_test_Jun_radiopaedia_10_85902_3_case12_81.npy,masks/mosmed_test_Jun_radiopaedia_10_85902_3_case12_81.png,0.9262435677656529,0.8626198083506007,1.4142135623730951,0.433372326717843
mosmed_test_Morozov_study_0303_34,Morozov_study_0303,probabilities/mosmed_test_Morozov_study_0303_34.npy,masks/mosmed_test_Morozov_study_0303_34.png,0.5490196087274125,0.37837838005843677,56.693067162319934,10.962599376245457
mosmed_test_Morozov_study_0255_24,Morozov_study_0255,probabilities/mosmed_test_Morozov_study_0255_24.npy,masks/mosmed_test_Morozov_study_0255_24.png,0.859562455902642,0.7537128713176098,2.8284271247461903,0.9334280826911717
mosmed_test_bjorke_69,bjorke_69,probabilities/mosmed_test_bjorke_69.npy,masks/mosmed_test_bjorke_69.png,0.6307971612538241,0.460703953725634,7.0710678118654755,1.9137609490869063
mosmed_test_bjorke_63,bjorke_63,probabilities/mosmed_test_bjorke_63.npy,masks/mosmed_test_bjorke_63.png,0.716862745120246,0.5586797066554182,10.362533275336526,2.3944311577753594
mosmed_test_Jun_coronacases_case2_161,Jun_coronacases_case2,probabilities/mosmed_test_Jun_coronacases_case2_161.npy,masks/mosmed_test_Jun_coronacases_case2_161.png,0.8250825083085536,0.7022471911785128,2.23606797749979,0.5408395518364674
mosmed_test_Jun_coronacases_case7_122,Jun_coronacases_case7,probabilities/mosmed_test_Jun_coronacases_case7_122.npy,masks/mosmed_test_Jun_coronacases_case7_122.png,0.9067357513033907,0.8293838862828777,1.4142135623730951,0.56189629563879
mosmed_test_Jun_coronacases_case1_235,Jun_coronacases_case1,probabilities/mosmed_test_Jun_coronacases_case1_235.npy,masks/mosmed_test_Jun_coronacases_case1_235.png,0.7800000002199999,0.6393442628863208,2.0,0.6157725200725371
mosmed_test_Jun_coronacases_case8_266,Jun_coronacases_case8,probabilities/mosmed_test_Jun_coronacases_case8_266.npy,masks/mosmed_test_Jun_coronacases_case8_266.png,0.7368421056094183,0.5833333342013889,1.0,0.41274503268840296
mosmed_test_Jun_coronacases_case7_102,Jun_coronacases_case7,probabilities/mosmed_test_Jun_coronacases_case7_102.npy,masks/mosmed_test_Jun_coronacases_case7_102.png,0.8998849252129016,0.8179916318372402,2.0,0.5542624497654942
mosmed_test_Jun_coronacases_case10_96,Jun_coronacases_case10,probabilities/mosmed_test_Jun_coronacases_case10_96.npy,masks/mosmed_test_Jun_coronacases_case10_96.png,0.9063736263777418,0.8287781350619954,2.0,0.6864369065443262
mosmed_test_Jun_coronacases_case1_193,Jun_coronacases_case1,probabilities/mosmed_test_Jun_coronacases_case1_193.npy,masks/mosmed_test_Jun_coronacases_case1_193.png,0.8549501151300882,0.746648793599645,2.0,0.9790578302738456
mosmed_test_Jun_coronacases_case5_142,Jun_coronacases_case5,probabilities/mosmed_test_Jun_coronacases_case5_142.npy,masks/mosmed_test_Jun_coronacases_case5_142.png,0.927007299283393,0.8639455782775695,1.0,0.3595680734389083
mosmed_test_Morozov_study_0288_22,Morozov_study_0288,probabilities/mosmed_test_Morozov_study_0288_22.npy,masks/mosmed_test_Morozov_study_0288_22.png,0.8215613383231299,0.6971608833762899,2.0,0.5063565966596599
mosmed_test_Jun_radiopaedia_10_85902_3_case12_68,Jun_radiopaedia_10_85902_3_case12,probabilities/mosmed_test_Jun_radiopaedia_10_85902_3_case12_68.npy,masks/mosmed_test_Jun_radiopaedia_10_85902_3_case12_68.png,0.8815789474073753,0.7882352942422145,2.0,0.5341533663407128
mosmed_test_Morozov_study_0298_12,Morozov_study_0298,probabilities/mosmed_test_Morozov_study_0298_12.npy,masks/mosmed_test_Morozov_study_0298_12.png,0.8008720930377273,0.667878787919045,13.527445451240766,2.2274702343179063
mosmed_test_Morozov_study_0301_28,Morozov_study_0301,probabilities/mosmed_test_Morozov_study_0301_28.npy,masks/mosmed_test_Morozov_study_0301_28.png,0.653061224843815,0.4848484856290175,2.23606797749979,0.6414201768526204
mosmed_test_Jun_coronacases_case8_60,Jun_coronacases_case8,probabilities/mosmed_test_Jun_coronacases_case8_60.npy,masks/mosmed_test_Jun_coronacases_case8_60.png,0.8837209302663602,0.7916666667751736,1.0,0.4305127668475091
mosmed_test_Morozov_study_0280_21,Morozov_study_0280,probabilities/mosmed_test_Morozov_study_0280_21.npy,masks/mosmed_test_Morozov_study_0280_21.png,0.8575827559770914,0.7506738544810413,2.0,0.49252041549126524
mosmed_test_Jun_coronacases_case1_231,Jun_coronacases_case1,probabilities/mosmed_test_Jun_coronacases_case1_231.npy,masks/mosmed_test_Jun_coronacases_case1_231.png,0.805194805447799,0.6739130441871456,1.2071067811865475,0.4983179129877078
mosmed_test_Jun_radiopaedia_14_85914_0_case13_4,Jun_radiopaedia_14_85914_0_case13,probabilities/mosmed_test_Jun_radiopaedia_14_85914_0_case13_4.npy,masks/mosmed_test_Jun_radiopaedia_14_85914_0_case13_4.png,0.902900378322459,0.8229885057878188,3.8221974453478866,2.8290095587317152
mosmed_test_Jun_coronacases_case3_116,Jun_coronacases_case3,probabilities/mosmed_test_Jun_coronacases_case3_116.npy,masks/mosmed_test_Jun_coronacases_case3_116.png,0.9044254369671918,0.8255261371410209,2.8284271247461903,1.036694784090506
mosmed_test_Morozov_study_0276_27,Morozov_study_0276,probabilities/mosmed_test_Morozov_study_0276_27.npy,masks/mosmed_test_Morozov_study_0276_27.png,0.8305647841094468,0.7102272728919163,1.4142135623730951,0.3914994185509911
mosmed_test_Morozov_study_0256_30,Morozov_study_0256,probabilities/mosmed_test_Morozov_study_0256_30.npy,masks/mosmed_test_Morozov_study_0256_30.png,0.8270580727615151,0.7051142546566797,5.830951894845301,1.4619909212732631
mosmed_test_Jun_coronacases_case10_86,Jun_coronacases_case10,probabilities/mosmed_test_Jun_coronacases_case10_86.npy,masks/mosmed_test_Jun_coronacases_case10_86.png,0.8573991031518027,0.7503924647173639,2.118033988749895,0.7188988074882439
mosmed_test_Jun_coronacases_case8_159,Jun_coronacases_case8,probabilities/mosmed_test_Jun_coronacases_case8_159.npy,masks/mosmed_test_Jun_coronacases_case8_159.png,0.8974008208004514,0.813895781660807,2.0,0.6911156414466118
mosmed_test_Morozov_study_0295_12,Morozov_study_0295,probabilities/mosmed_test_Morozov_study_0295_12.npy,masks/mosmed_test_Morozov_study_0295_12.png,0.8071312804202381,0.6766304348704808,3.0,0.8259534509058623
mosmed_test_Jun_radiopaedia_10_85902_3_case12_143,Jun_radiopaedia_10_85902_3_case12,probabilities/mosmed_test_Jun_radiopaedia_10_85902_3_case12_143.npy,masks/mosmed_test_Jun_radiopaedia_10_85902_3_case12_143.png,0.9344262295120359,0.8769230769366019,3.6055512754639896,0.8006825104068239
mosmed_test_Jun_radiopaedia_10_85902_3_case12_57,Jun_radiopaedia_10_85902_3_case12,probabilities/mosmed_test_Jun_radiopaedia_10_85902_3_case12_57.npy,masks/mosmed_test_Jun_radiopaedia_10_85902_3_case12_57.png,0.8926553672922851,0.806122449177426,1.0207106781186537,0.3607106781186547
mosmed_test_Jun_coronacases_case2_144,Jun_coronacases_case2,probabilities/mosmed_test_Jun_coronacases_case2_144.npy,masks/mosmed_test_Jun_coronacases_case2_144.png,0.9119170984521157,0.8380952381172659,1.4142135623730951,0.5290969940447554
mosmed_test_Jun_radiopaedia_14_85914_0_case13_45,Jun_radiopaedia_14_85914_0_case13,probabilities/mosmed_test_Jun_radiopaedia_14_85914_0_case13_45.npy,masks/mosmed_test_Jun_radiopaedia_14_85914_0_case13_45.png,0.9045267489721757,0.8256949661941079,4.0,1.1432393576671334
mosmed_test_Jun_coronacases_case2_127,Jun_coronacases_case2,probabilities/mosmed_test_Jun_coronacases_case2_127.npy,masks/mosmed_test_Jun_coronacases_case2_127.png,0.9052997393653085,0.8269841270115899,2.0,0.5039654814512265
mosmed_test_Jun_coronacases_case2_166,Jun_coronacases_case2,probabilities/mosmed_test_Jun_coronacases_case2_166.npy,masks/mosmed_test_Jun_coronacases_case2_166.png,0.8907563026128098,0.803030303328742,1.0,0.25
mosmed_test_Jun_radiopaedia_10_85902_3_case12_113,Jun_radiopaedia_10_85902_3_case12,probabilities/mosmed_test_Jun_radiopaedia_10_85902_3_case12_113.npy,masks/mosmed_test_Jun_radiopaedia_10_85902_3_case12_113.png,0.9496268656763407,0.904085257565882,1.0,0.40994112549695433
mosmed_test_Jun_coronacases_case6_50,Jun_coronacases_case6,probabilities/mosmed_test_Jun_coronacases_case6_50.npy,masks/mosmed_test_Jun_coronacases_case6_50.png,0.7777777780864198,0.6363636371900826,1.25,0.5357142857142857
mosmed_test_Jun_coronacases_case4_104,Jun_coronacases_case4,probabilities/mosmed_test_Jun_coronacases_case4_104.npy,masks/mosmed_test_Jun_coronacases_case4_104.png,0.742268041325681,0.5901639346501836,2.0,0.7837968808847148
mosmed_test_Jun_coronacases_case8_214,Jun_coronacases_case8,probabilities/mosmed_test_Jun_coronacases_case8_214.npy,masks/mosmed_test_Jun_coronacases_case8_214.png,0.7851002865945271,0.6462264152612139,2.23606797749979,0.681246920500751
mosmed_test_Jun_radiopaedia_10_85902_3_case12_128,Jun_radiopaedia_10_85902_3_case12,probabilities/mosmed_test_Jun_radiopaedia_10_85902_3_case12_128.npy,masks/mosmed_test_Jun_radiopaedia_10_85902_3_case12_128.png,0.9463629684095252,0.8981868898328889,2.23606797749979,0.5747549871036425
mosmed_test_Jun_radiopaedia_40_86625_0_case18_38,Jun_radiopaedia_40_86625_0_case18,probabilities/mosmed_test_Jun_radiopaedia_40_86625_0_case18_38.npy,masks/mosmed_test_Jun_radiopaedia_40_86625_0_case18_38.png,0.895731134538193,0.8111531190961975,4.0,1.1178578815661426
mosmed_test_Jun_coronacases_case4_121,Jun_coronacases_case4,probabilities/mosmed_test_Jun_coronacases_case4_121.npy,masks/mosmed_test_Jun_coronacases_case4_121.png,0.8044943820664058,0.6729323309500254,2.8284271247461903,0.8434055725703531
mosmed_test_Jun_coronacases_case10_126,Jun_coronacases_case10,probabilities/mosmed_test_Jun_coronacases_case10_126.npy,masks/mosmed_test_Jun_coronacases_case10_126.png,0.8800000000041026,0.7857142857273679,3.605551275463989,1.0374440258527875
mosmed_test_Jun_coronacases_case8_215,Jun_coronacases_case8,probabilities/mosmed_test_Jun_coronacases_case8_215.npy,masks/mosmed_test_Jun_coronacases_case8_215.png,0.7823834197454965,0.6425531916414667,3.58113883008419,0.8089854469182026
mosmed_test_Morozov_study_0291_15,Morozov_study_0291,probabilities/mosmed_test_Morozov_study_0291_15.npy,masks/mosmed_test_Morozov_study_0291_15.png,1.1363636350723141e-09,1.1363636350723141e-09,10.516242230440188,7.300119314143327
mosmed_test_Jun_radiopaedia_7_85703_0_case20_5,Jun_radiopaedia_7_85703_0_case20,probabilities/mosmed_test_Jun_radiopaedia_7_85703_0_case20_5.npy,masks/mosmed_test_Jun_radiopaedia_7_85703_0_case20_5.png,0.8627450980840703,0.7586206897938962,2.0,2.55235888861631
mosmed_test_Jun_coronacases_case6_71,Jun_coronacases_case6,probabilities/mosmed_test_Jun_coronacases_case6_71.npy,masks/mosmed_test_Jun_coronacases_case6_71.png,0.9172141918582645,0.847087378659334,2.0,0.6400787470822736
mosmed_test_Jun_radiopaedia_40_86625_0_case18_25,Jun_radiopaedia_40_86625_0_case18,probabilities/mosmed_test_Jun_radiopaedia_40_86625_0_case18_25.npy,masks/mosmed_test_Jun_radiopaedia_40_86625_0_case18_25.png,0.8162669447379298,0.6895701198136164,6.0,1.4796128725019706
mosmed_test_Morozov_study_0278_24,Morozov_study_0278,probabilities/mosmed_test_Morozov_study_0278_24.npy,masks/mosmed_test_Morozov_study_0278_24.png,0.8633879781794022,0.7596153847309541,5.113326778269865,0.9297627032699267
mosmed_test_bjorke_38,bjorke_38,probabilities/mosmed_test_bjorke_38.npy,masks/mosmed_test_bjorke_38.png,0.7818223974082582,0.641796726317404,6.708203932499369,2.9800733355499402
mosmed_test_Jun_coronacases_case5_169,Jun_coronacases_case5,probabilities/mosmed_test_Jun_coronacases_case5_169.npy,masks/mosmed_test_Jun_coronacases_case5_169.png,0.753246753567212,0.6041666674913194,1.5313708498984737,0.5449911421446664
mosmed_test_Morozov_study_0284_12,Morozov_study_0284,probabilities/mosmed_test_Morozov_study_0284_12.npy,masks/mosmed_test_Morozov_study_0284_12.png,1.2499999984375e-09,1.2499999984375e-09,123.21081250860789,116.43608770315547
mosmed_test_Jun_coronacases_case10_208,Jun_coronacases_case10,probabilities/mosmed_test_Jun_coronacases_case10_208.npy,masks/mosmed_test_Jun_coronacases_case10_208.png,0.9071729957854867,0.8301158301322281,2.0,0.6484581440168043
mosmed_test_Morozov_study_0294_31,Morozov_study_0294,probabilities/mosmed_test_Morozov_study_0294_31.npy,masks/mosmed_test_Morozov_study_0294_31.png,0.7228915665989258,0.5660377366678533,22.810083277695927,3.0238665673400775
mosmed_test_Morozov_study_0269_16,Morozov_study_0269,probabilities/mosmed_test_Morozov_study_0269_16.npy,masks/mosmed_test_Morozov_study_0269_16.png,0.688695652228053,0.5251989391179843,52.148523824274825,7.469955243593693
mosmed_test_Jun_coronacases_case7_121,Jun_coronacases_case7,probabilities/mosmed_test_Jun_coronacases_case7_121.npy,masks/mosmed_test_Jun_coronacases_case7_121.png,0.9125874125950536,0.8392282958457832,1.4142135623730951,0.5050480508835282
mosmed_test_Jun_coronacases_case6_64,Jun_coronacases_case6,probabilities/mosmed_test_Jun_coronacases_case6_64.npy,masks/mosmed_test_Jun_coronacases_case6_64.png,0.8284714119219987,0.7071713147993682,2.23606797749979,0.845657358560023
mosmed_test_Jun_coronacases_case2_131,Jun_coronacases_case2,probabilities/mosmed_test_Jun_coronacases_case2_131.npy,masks/mosmed_test_Jun_coronacases_case2_131.png,0.9105960264974672,0.8358662614231206,2.23606797749979,0.9087652159935655
mosmed_test_Jun_coronacases_case10_222,Jun_coronacases_case10,probabilities/mosmed_test_Jun_coronacases_case10_222.npy,masks/mosmed_test_Jun_coronacases_case10_222.png,0.8964497041496708,0.8123324397034407,2.0,0.7592117263779554
mosmed_test_Jun_coronacases_case10_230,Jun_coronacases_case10,probabilities/mosmed_test_Jun_coronacases_case10_230.npy,masks/mosmed_test_Jun_coronacases_case10_230.png,0.8858131488020977,0.7950310559430578,1.4142135623730951,0.6161909471167251
mosmed_test_Jun_radiopaedia_40_86625_0_case18_35,Jun_radiopaedia_40_86625_0_case18,probabilities/mosmed_test_Jun_radiopaedia_40_86625_0_case18_35.npy,masks/mosmed_test_Jun_radiopaedia_40_86625_0_case18_35.png,0.8865424843123165,0.7962068348578242,4.123105625617661,1.3094714664040665
mosmed_test_Morozov_study_0291_20,Morozov_study_0291,probabilities/mosmed_test_Morozov_study_0291_20.npy,masks/mosmed_test_Morozov_study_0291_20.png,0.9398114575823197,0.8864569083602658,2.0,0.4695736768488329
mosmed_test_Jun_coronacases_case2_104,Jun_coronacases_case2,probabilities/mosmed_test_Jun_coronacases_case2_104.npy,masks/mosmed_test_Jun_coronacases_case2_104.png,0.8904593639672738,0.8025477707320785,2.0,0.5989415542934211
mosmed_test_Morozov_study_0278_25,Morozov_study_0278,probabilities/mosmed_test_Morozov_study_0278_25.npy,masks/mosmed_test_Morozov_study_0278_25.png,0.8274582560616961,0.7056962026247796,4.0,0.9820244684251928
mosmed_test_Jun_coronacases_case2_167,Jun_coronacases_case2,probabilities/mosmed_test_Jun_coronacases_case2_167.npy,masks/mosmed_test_Jun_coronacases_case2_167.png,0.7246376815584962,0.5681818191632232,69.553260698355,12.728725487467972
mosmed_test_Jun_coronacases_case3_176,Jun_coronacases_case3,probabilities/mosmed_test_Jun_coronacases_case3_176.npy,masks/mosmed_test_Jun_coronacases_case3_176.png,0.6972477066997728,0.5352112682602659,2.23606797749979,0.6243207218575909
mosmed_test_Jun_coronacases_case6_83,Jun_coronacases_case6,probabilities/mosmed_test_Jun_coronacases_case6_83.npy,masks/mosmed_test_Jun_coronacases_case6_83.png,0.9420485175241208,0.8904458598865674,2.0,0.5629759146051204
mosmed_test_Jun_coronacases_case7_79,Jun_coronacases_case7,probabilities/mosmed_test_Jun_coronacases_case7_79.npy,masks/mosmed_test_Jun_coronacases_case7_79.png,0.8947368421975993,0.8095238098261527,1.0,0.30158730158730157
mosmed_test_Jun_coronacases_case8_202,Jun_coronacases_case8,probabilities/mosmed_test_Jun_coronacases_case8_202.npy,masks/mosmed_test_Jun_coronacases_case8_202.png,0.7399267400220048,0.587209302565576,1.4142135623730951,0.4864519792428663
mosmed_test_Jun_coronacases_case10_202,Jun_coronacases_case10,probabilities/mosmed_test_Jun_coronacases_case10_202.npy,masks/mosmed_test_Jun_coronacases_case10_202.png,0.8867387592551657,0.7965235174032185,2.0,0.6475378292148135
mosmed_test_Jun_coronacases_case2_61,Jun_coronacases_case2,probabilities/mosmed_test_Jun_coronacases_case2_61.npy,masks/mosmed_test_Jun_coronacases_case2_61.png,0.8848920863723408,0.7935483872299688,1.0,0.32694211550311636
mosmed_test_Morozov_study_0304_23,Morozov_study_0304,probabilities/mosmed_test_Morozov_study_0304_23.npy,masks/mosmed_test_Morozov_study_0304_23.png,0.6903553301064186,0.5271317833123009,2.0,0.9229045138512965
