sample_id,source_id,probability_path,prediction_path,dice,miou,hd95,assd
mosmed_test_Jun_coronacases_case8_246,Jun_coronacases_case8,probabilities/mosmed_test_Jun_coronacases_case8_246.npy,masks/mosmed_test_Jun_coronacases_case8_246.png,0.8009592326616405,0.6680000001328,2.0,0.7077765596359695
mosmed_test_Jun_coronacases_case1_226,Jun_coronacases_case1,probabilities/mosmed_test_Jun_coronacases_case1_226.npy,masks/mosmed_test_Jun_coronacases_case1_226.png,0.6320754718716625,0.46206896588822827,147.19339890618835,23.4348161401423
mosmed_test_Jun_radiopaedia_4_85506_1_case19_8,Jun_radiopaedia_4_85506_1_case19,probabilities/mosmed_test_Jun_radiopaedia_4_85506_1_case19_8.npy,masks/mosmed_test_Jun_radiopaedia_4_85506_1_case19_8.png,0.8169856459357508,0.6905965621918454,12.128409471445595,2.371257233466825
mosmed_test_Jun_coronacases_case8_200,Jun_coronacases_case8,probabilities/mosmed_test_Jun_coronacases_case8_200.npy,masks/mosmed_test_Jun_coronacases_case8_200.png,0.74451097806941,0.5930047695400629,4.868033988749895,1.1946458515738323
mosmed_test_Jun_coronacases_case7_148,Jun_coronacases_case7,probabilities/mosmed_test_Jun_coronacases_case7_148.npy,masks/mosmed_test_Jun_coronacases_case7_148.png,0.9001831501877207,0.818484596184972,2.23606797749979,0.8090760305635428
mosmed_test_Morozov_study_0264_27,Morozov_study_0264,probabilities/mosmed_test_Morozov_study_0264_27.npy,masks/mosmed_test_Morozov_study_0264_27.png,0.606921029316156,0.4356687898808066,10.582685986778625,2.4137701537626235
mosmed_test_Morozov_study_0274_10,Morozov_study_0274,probabilities/mosmed_test_Morozov_study_0274_10.npy,masks/mosmed_test_Morozov_study_0274_10.png,0.8685215493761996,0.7675988428270204,5.656854249492381,1.572716523607101
mosmed_test_Jun_coronacases_case8_211,Jun_coronacases_case8,probabilities/mosmed_test_Jun_coronacases_case8_211.npy,masks/mosmed_test_Jun_coronacases_case8_211.png,0.8788249694150765,0.7838427948070212,1.4142135623730951,0.5643739339581036
mosmed_test_Jun_coronacases_case7_88,Jun_coronacases_case7,probabilities/mosmed_test_Jun_coronacases_case7_88.npy,masks/mosmed_test_Jun_coronacases_case7_88.png,0.7804878048953195,0.6400000000464516,6.191569285815559,1.8067090348750603
mosmed_test_Jun_coronacases_case8_137,Jun_coronacases_case8,probabilities/mosmed_test_Jun_coronacases_case8_137.npy,masks/mosmed_test_Jun_coronacases_case8_137.png,0.8949974389637186,0.8099505562481474,5.717788425365887,1.3314535507313758
mosmed_test_Jun_radiopaedia_7_85703_0_case20_9,Jun_radiopaedia_7_85703_0_case20,probabilities/mosmed_test_Jun_radiopaedia_7_85703_0_case20_9.npy,masks/mosmed_test_Jun_radiopaedia_7_85703_0_case20_9.png,0.7180579216474422,0.5601328903946755,17.29435422473748,3.421195306913192
mosmed_test_Morozov_study_0262_11,Morozov_study_0262,probabilities/mosmed_test_Morozov_study_0262_11.npy,masks/mosmed_test_Morozov_study_0262_11.png,0.8995568685450844,0.8174496644540336,3.605551275463989,1.0323104914561647
mosmed_test_Jun_coronacases_case4_119,Jun_coronacases_case4,probabilities/mosmed_test_Jun_coronacases_case4_119.npy,masks/mosmed_test_Jun_coronacases_case4_119.png,0.8315602837028758,0.7116843703017172,14.682559366064018,3.0096092564438983
mosmed_test_Jun_radiopaedia_7_85703_0_case20_33,Jun_radiopaedia_7_85703_0_case20,probabilities/mosmed_test_Jun_radiopaedia_7_85703_0_case20_33.npy,masks/mosmed_test_Jun_radiopaedia_7_85703_0_case20_33.png,0.9383104125740201,0.8837897853454183,5.0,1.4691558149544224
mosmed_test_Jun_radiopaedia_40_86625_0_case18_54,Jun_radiopaedia_40_86625_0_case18,probabilities/mosmed_test_Jun_radiopaedia_40_86625_0_case18_54.npy,masks/mosmed_test_Jun_radiopaedia_40_86625_0_case18_54.png,0.8844384065915052,0.7928189817740979,5.830951894845301,1.6641801200975306
mosmed_test_Morozov_study_0268_9,Morozov_study_0268,probabilities/mosmed_test_Morozov_study_0268_9.npy,masks/mosmed_test_Morozov_study_0268_9.png,0.5294117647981545,0.36000000017066663,11.099352565311934,2.941436127205308
mosmed_test_Jun_radiopaedia_7_85703_0_case20_19,Jun_radiopaedia_7_85703_0_case20,probabilities/mosmed_test_Jun_radiopaedia_7_85703_0_case20_19.npy,masks/mosmed_test_Jun_radiopaedia_7_85703_0_case20_19.png,0.8596491228094315,0.7538461538535793,7.0710678118654755,1.91928903724457
mosmed_test_Jun_coronacases_case9_161,Jun_coronacases_case9,probabilities/mosmed_test_Jun_coronacases_case9_161.npy,masks/mosmed_test_Jun_coronacases_case9_161.png,0.5447394297399469,0.37432432440887514,22.43874747047033,3.6206097747412644
mosmed_test_Morozov_study_0292_20,Morozov_study_0292,probabilities/mosmed_test_Morozov_study_0292_20.npy,masks/mosmed_test_Morozov_study_0292_20.png,0.8881388621049147,0.7987857762446321,11.036836291868461,3.056848491294104
mosmed_test_Morozov_study_0258_21,Morozov_study_0258,probabilities/mosmed_test_Morozov_study_0258_21.npy,masks/mosmed_test_Morozov_study_0258_21.png,0.9254210104280104,0.8611940298611049,3.0,0.9655141000786397
mosmed_test_Jun_coronacases_case3_151,Jun_coronacases_case3,probabilities/mosmed_test_Jun_coronacases_case3_151.npy,masks/mosmed_test_Jun_coronacases_case3_151.png,0.8999330655973907,0.8180711895400647,4.123105625617661,1.209230200849436
mosmed_test_Morozov_study_0256_15,Morozov_study_0256,probabilities/mosmed_test_Morozov_study_0256_15.npy,masks/mosmed_test_Morozov_study_0256_15.png,2.564102557527942e-09,2.564102557527942e-09,184.03206218807003,182.17258889067583
mosmed_test_Jun_coronacases_case3_102,Jun_coronacases_case3,probabilities/mosmed_test_Jun_coronacases_case3_102.npy,masks/mosmed_test_Jun_coronacases_case3_102.png,0.950298210735861,0.9053030303040267,5.0,1.199816884730975
mosmed_test_Jun_coronacases_case7_96,Jun_coronacases_case7,probabilities/mosmed_test_Jun_coronacases_case7_96.npy,masks/mosmed_test_Jun_coronacases_case7_96.png,0.8908045977050717,0.8031088083029074,3.605551275463989,1.1047391939234537
mosmed_test_Morozov_study_0292_24,Morozov_study_0292,probabilities/mosmed_test_Morozov_study_0292_24.npy,masks/mosmed_test_Morozov_study_0292_24.png,0.5970149254399645,0.42553191502942506,45.0111097397076,9.984354919999692
mosmed_test_Morozov_study_0258_20,Morozov_study_0258,probabilities/mosmed_test_Morozov_study_0258_20.npy,masks/mosmed_test_Morozov_study_0258_20.png,0.8887434555010227,0.7997644287514862,58.60503034930356,7.4439433118305836
mosmed_test_Morozov_study_0273_15,Morozov_study_0273,probabilities/mosmed_test_Morozov_study_0273_15.npy,masks/mosmed_test_Morozov_study_0273_15.png,0.868458274417474,0.767500000058125,5.726493307633545,1.1508239760782535
mosmed_test_Jun_coronacases_case4_75,Jun_coronacases_case4,probabilities/mosmed_test_Jun_coronacases_case4_75.npy,masks/mosmed_test_Jun_coronacases_case4_75.png,0.7884914463617035,0.6508344031256953,5.0,1.45636115042042
mosmed_test_Jun_coronacases_case6_65,Jun_coronacases_case6,probabilities/mosmed_test_Jun_coronacases_case6_65.npy,masks/mosmed_test_Jun_coronacases_case6_65.png,0.849305555560788,0.7380808690562414,5.0,1.356207449677081
mosmed_test_Jun_radiopaedia_40_86625_0_case18_48,Jun_radiopaedia_40_86625_0_case18,probabilities/mosmed_test_Jun_radiopaedia_40_86625_0_case18_48.npy,masks/mosmed_test_Jun_radiopaedia_40_86625_0_case18_48.png,0.9227945577148674,0.8566560485972542,8.974922359499606,2.0157535246871747
mosmed_test_Jun_coronacases_case2_41,Jun_coronacases_case2,probabilities/mosmed_test_Jun_coronacases_case2_41.npy,masks/mosmed_test_Jun_coronacases_case2_41.png,0.9000740192524002,0.818304172299017,3.0,1.0858978358095437
mosmed_test_Jun_coronacases_case10_122,Jun_coronacases_case10,probabilities/mosmed_test_Jun_coronacases_case10_122.npy,masks/mosmed_test_Jun_coronacases_case10_122.png,0.8912437256007668,0.8038229376297017,5.0,1.7509370597089409
mosmed_test_Jun_coronacases_case3_72,Jun_coronacases_case3,probabilities/mosmed_test_Jun_coronacases_case3_72.npy,masks/mosmed_test_Jun_coronacases_case3_72.png,0.8994462901445214,0.8172670557474615,11.432048816964176,3.452786406568368
mosmed_test_Jun_coronacases_case7_75,Jun_coronacases_case7,probabilities/mosmed_test_Jun_coronacases_case7_75.npy,masks/mosmed_test_Jun_coronacases_case7_75.png,0.30769230845308543,0.1818181828807556,12.041594578792296,3.8974477903228726
mosmed_test_Jun_radiopaedia_27_86410_0_case14_30,Jun_radiopaedia_27_86410_0_case14,probabilities/mosmed_test_Jun_radiopaedia_27_86410_0_case14_30.npy,masks/mosmed_test_Jun_radiopaedia_27_86410_0_case14_30.png,0.8413745227369966,0.7261833433248216,6.0,2.901404005680612
mosmed_test_Morozov_study_0266_20,Morozov_study_0266,probabilities/mosmed_test_Morozov_study_0266_20.npy,masks/mosmed_test_Morozov_study_0266_20.png,0.47368421191135734,0.31034482996432816,97.62445006660158,23.34250995958772
mosmed_test_Jun_radiopaedia_14_85914_0_case13_6,Jun_radiopaedia_14_85914_0_case13,probabilities/mosmed_test_Jun_radiopaedia_14_85914_0_case13_6.npy,masks/mosmed_test_Jun_radiopaedia_14_85914_0_case13_6.png,0.9180627474895503,0.8485360360445644,3.5833875946992038,1.1709834917215645
mosmed_test_Jun_coronacases_case5_151,Jun_coronacases_case5,probabilities/mosmed_test_Jun_coronacases_case5_151.npy,masks/mosmed_test_Jun_coronacases_case5_151.png,0.8698453608331286,0.7696693272782589,3.0,1.3215024792257946
mosmed_test_Jun_radiopaedia_36_86526_0_case17_33,Jun_radiopaedia_36_86526_0_case17,probabilities/mosmed_test_Jun_radiopaedia_36_86526_0_case17_33.npy,masks/mosmed_test_Jun_radiopaedia_36_86526_0_case17_33.png,0.6281588448324624,0.4578947369847645,6.4031242374328485,2.1737162857552037
mosmed_test_Morozov_study_0256_10,Morozov_study_0256,probabilities/mosmed_test_Morozov_study_0256_10.npy,masks/mosmed_test_Morozov_study_0256_10.png,0.25735294144950255,0.14767932525414376,222.60648671839851,45.22821774032763
mosmed_test_Jun_coronacases_case1_207,Jun_coronacases_case1,probabilities/mosmed_test_Jun_coronacases_case1_207.npy,masks/mosmed_test_Jun_coronacases_case1_207.png,0.7835919011363768,0.6441850410875839,5.385164807134504,2.7589401907615154
mosmed_test_Morozov_study_0298_9,Morozov_study_0298,probabilities/mosmed_test_Morozov_study_0298_9.npy,masks/mosmed_test_Morozov_study_0298_9.png,0.8776746063836224,0.782014388504891,8.977200187265845,2.1333872443193576
mosmed_test_bjorke_26,bjorke_26,probabilities/mosmed_test_bjorke_26.npy,masks/mosmed_test_bjorke_26.png,0.8864396284833237,0.796040925268038,9.0,3.454425682185489
mosmed_test_Jun_coronacases_case10_98,Jun_coronacases_case10,probabilities/mosmed_test_Jun_coronacases_case10_98.npy,masks/mosmed_test_Jun_coronacases_case10_98.png,0.9046410983449539,0.8258855585878505,3.605551275463989,1.632465560715105
mosmed_test_Jun_coronacases_case10_200,Jun_coronacases_case10,probabilities/mosmed_test_Jun_coronacases_case10_200.npy,masks/mosmed_test_Jun_coronacases_case10_200.png,0.862373465434797,0.7580461946324103,5.313628483749074,1.846683969289175
mosmed_test_Jun_coronacases_case3_71,Jun_coronacases_case3,probabilities/mosmed_test_Jun_coronacases_case3_71.npy,masks/mosmed_test_Jun_coronacases_case3_71.png,0.9067863151996254,0.8294684998991435,10.478274369675336,3.1728360252353935
mosmed_test_Jun_coronacases_case5_170,Jun_coronacases_case5,probabilities/mosmed_test_Jun_coronacases_case5_170.npy,masks/mosmed_test_Jun_coronacases_case5_170.png,0.7187500001464844,0.560975610113028,3.0,1.1011403596353477
mosmed_test_Morozov_study_0297_9,Morozov_study_0297,probabilities/mosmed_test_Morozov_study_0297_9.npy,masks/mosmed_test_Morozov_study_0297_9.png,0.7084286468465876,0.5485013624101226,16.55294535724685,3.5536001072809036
mosmed_test_Jun_coronacases_case9_131,Jun_coronacases_case9,probabilities/mosmed_test_Jun_coronacases_case9_131.npy,masks/mosmed_test_Jun_coronacases_case9_131.png,0.9328206288185292,0.8740991945793091,3.0,1.0425267460464263
mosmed_test_Jun_coronacases_case7_131,Jun_coronacases_case7,probabilities/mosmed_test_Jun_coronacases_case7_131.npy,masks/mosmed_test_Jun_coronacases_case7_131.png,0.8838869063990149,0.7919331037977406,4.47213595499958,1.086530360021119
mosmed_test_Morozov_study_0294_35,Morozov_study_0294,probabilities/mosmed_test_Morozov_study_0294_35.npy,masks/mosmed_test_Morozov_study_0294_35.png,0.5360824744659368,0.3661971835449316,36.95262226901846,13.291529683438213
mosmed_test_Jun_radiopaedia_10_85902_3_case12_107,Jun_radiopaedia_10_85902_3_case12,probabilities/mosmed_test_Jun_radiopaedia_10_85902_3_case12_107.npy,masks/mosmed_test_Jun_radiopaedia_10_85902_3_case12_107.png,0.932374100721857,0.8733153638899384,3.0973665961010224,0.9246277484619897
mosmed_test_Morozov_study_0271_25,Morozov_study_0271,probabilities/mosmed_test_Morozov_study_0271_25.npy,masks/mosmed_test_Morozov_study_0271_25.png,0.8564417178090256,0.7489270386804878,3.605551275463989,0.854592438127302
mosmed_test_Jun_coronacases_case8_238,Jun_coronacases_case8,probabilities/mosmed_test_Jun_coronacases_case8_238.npy,masks/mosmed_test_Jun_coronacases_case8_238.png,0.8340425532621095,0.7153284673610741,2.0,0.5921245941992939
mosmed_test_Jun_coronacases_case1_95,Jun_coronacases_case1,probabilities/mosmed_test_Jun_coronacases_case1_95.npy,masks/mosmed_test_Jun_coronacases_case1_95.png,0.9382642409800697,0.8837078651750726,2.0,0.6511860278416759
mosmed_test_Jun_coronacases_case4_163,Jun_coronacases_case4,probabilities/mosmed_test_Jun_coronacases_case4_163.npy,masks/mosmed_test_Jun_coronacases_case4_163.png,0.8996212121307176,0.8175559380692675,2.0,0.7645816320891258
mosmed_test_Morozov_study_0261_26,Morozov_study_0261,probabilities/mosmed_test_Morozov_study_0261_26.npy,masks/mosmed_test_Morozov_study_0261_26.png,0.9000000000192309,0.8181818182453909,2.0,0.6904191015254384
mosmed_test_Morozov_study_0270_18,Morozov_study_0270,probabilities/mosmed_test_Morozov_study_0270_18.npy,masks/mosmed_test_Morozov_study_0270_18.png,0.6029132362506071,0.43155031736794647,9.008307770720611,2.1661186520363485
mosmed_test_Morozov_study_0294_28,Morozov_study_0294,probabilities/mosmed_test_Morozov_study_0294_28.npy,masks/mosmed_test_Morozov_study_0294_28.png,0.894495412868235,0.809128630784594,3.1622776601683795,0.634174767754071
mosmed_test_Jun_radiopaedia_7_85703_0_case20_18,Jun_radiopaedia_7_85703_0_case20,probabilities/mosmed_test_Jun_radiopaedia_7_85703_0_case20_18.npy,masks/mosmed_test_Jun_radiopaedia_7_85703_0_case20_18.png,0.8705473501325709,0.770769230776284,7.531857301718061,1.8256994314721624
mosmed_test_Morozov_study_0288_12,Morozov_study_0288,probabilities/mosmed_test_Morozov_study_0288_12.npy,masks/mosmed_test_Morozov_study_0288_12.png,0.8009355509381375,0.667967056790898,7.615773105863909,2.1858543890208626
mosmed_test_Morozov_study_0258_22,Morozov_study_0258,probabilities/mosmed_test_Morozov_study_0258_22.npy,masks/mosmed_test_Morozov_study_0258_22.png,0.8830255057219427,0.7905511811188541,152.4389995747788,23.64263974919083
mosmed_test_Jun_coronacases_case9_181,Jun_coronacases_case9,probabilities/mosmed_test_Jun_coronacases_case9_181.npy,masks/mosmed_test_Jun_coronacases_case9_181.png,0.8925187847143901,0.8058997050262006,3.1622776601683795,1.2019640060463506
mosmed_test_Morozov_study_0286_24,Morozov_study_0286,probabilities/mosmed_test_Morozov_study_0286_24.npy,masks/mosmed_test_Morozov_study_0286_24.png,0.04424778803351868,0.02262443483139166,105.52132425397022,34.265719580122884
mosmed_test_Morozov_study_0286_17,Morozov_study_0286,probabilities/mosmed_test_Morozov_study_0286_17.npy,masks/mosmed_test_Morozov_study_0286_17.png,0.516298633043307,0.34798015596399856,77.31400793903109,14.138035099168182
mosmed_test_Jun_coronacases_case8_251,Jun_coronacases_case8,probabilities/mosmed_test_Jun_coronacases_case8_251.npy,masks/mosmed_test_Jun_coronacases_case8_251.png,0.7747747748762276,0.6323529414467993,2.23606797749979,0.7735624400854484
mosmed_test_Jun_coronacases_case9_104,Jun_coronacases_case9,probabilities/mosmed_test_Jun_coronacases_case9_104.npy,masks/mosmed_test_Jun_coronacases_case9_104.png,0.9001248439513031,0.8183881952533044,2.23606797749979,0.945659549912993
mosmed_test_Jun_coronacases_case10_101,Jun_coronacases_case10,probabilities/mosmed_test_Jun_coronacases_case10_101.npy,masks/mosmed_test_Jun_coronacases_case10_101.png,0.8925454285320855,0.8059431524597948,4.0,1.476840576838896
mosmed_test_Morozov_study_0279_16,Morozov_study_0279,probabilities/mosmed_test_Morozov_study_0279_16.npy,masks/mosmed_test_Morozov_study_0279_16.png,0.9224928820018192,0.8561362301904794,4.47213595499958,1.1342453164819484
mosmed_test_Jun_radiopaedia_29_86491_1_case16_16,Jun_radiopaedia_29_86491_1_case16,probabilities/mosmed_test_Jun_radiopaedia_29_86491_1_case16_16.npy,masks/mosmed_test_Jun_radiopaedia_29_86491_1_case16_16.png,0.9302022178780037,0.8695121951378644,2.0,0.8776182638284421
mosmed_test_Jun_coronacases_case8_92,Jun_coronacases_case8,probabilities/mosmed_test_Jun_coronacases_case8_92.npy,masks/mosmed_test_Jun_coronacases_case8_92.png,0.8408037094316448,0.7253333333437969,5.0,1.5958902049575843
mosmed_test_Jun_coronacases_case4_60,Jun_coronacases_case4,probabilities/mosmed_test_Jun_coronacases_case4_60.npy,masks/mosmed_test_Jun_coronacases_case4_60.png,0.8284023669654423,0.7070707073665953,1.5606601717798214,0.723296878269436
mosmed_test_Morozov_study_0294_20,Morozov_study_0294,probabilities/mosmed_test_Morozov_study_0294_20.npy,masks/mosmed_test_Morozov_study_0294_20.png,0.7828418231145197,0.6431718063245939,97.02190458071591,19.62827223370889
mosmed_test_Jun_radiopaedia_40_86625_0_case18_29,Jun_radiopaedia_40_86625_0_case18,probabilities/mosmed_test_Jun_radiopaedia_40_86625_0_case18_29.npy,masks/mosmed_test_Jun_radiopaedia_40_86625_0_case18_29.png,0.920597915524134,0.8528776521417045,10.990832691319564,2.439916509626282
mosmed_test_Jun_coronacases_case5_140,Jun_coronacases_case5,probabilities/mosmed_test_Jun_coronacases_case5_140.npy,masks/mosmed_test_Jun_coronacases_case5_140.png,0.8806133625476116,0.7866927593163706,4.0,1.2159763615004058
mosmed_test_Jun_coronacases_case3_126,Jun_coronacases_case3,probabilities/mosmed_test_Jun_coronacases_case3_126.npy,masks/mosmed_test_Jun_coronacases_case3_126.png,0.9184782608701639,0.8492462311578264,5.0,2.0191752793305784
mosmed_test_Jun_coronacases_case8_71,Jun_coronacases_case8,probabilities/mosmed_test_Jun_coronacases_case8_71.npy,masks/mosmed_test_Jun_coronacases_case8_71.png,0.8349159970841886,0.716614420080463,5.656854249492381,1.5829263877274928
mosmed_test_Jun_radiopaedia_27_86410_0_case14_42,Jun_radiopaedia_27_86410_0_case14,probabilities/mosmed_test_Jun_radiopaedia_27_86410_0_case14_42.npy,masks/mosmed_test_Jun_radiopaedia_27_86410_0_case14_42.png,0.7996589940494748,0.6661931818655976,90.83608398052155,11.51265931786012
mosmed_test_Jun_coronacases_case9_85,Jun_coronacases_case9,probabilities/mosmed_test_Jun_coronacases_case9_85.npy,masks/mosmed_test_Jun_coronacases_case9_85.png,0.7887323945149772,0.6511627911032991,1.589949493661165,0.8294217430130257
mosmed_test_Jun_radiopaedia_36_86526_0_case17_10,Jun_radiopaedia_36_86526_0_case17,probabilities/mosmed_test_Jun_radiopaedia_36_86526_0_case17_10.npy,masks/mosmed_test_Jun_radiopaedia_36_86526_0_case17_10.png,0.6712517194173829,0.505175983488077,20.0,4.216316332813821
mosmed_test_Jun_coronacases_case9_126,Jun_coronacases_case9,probabilities/mosmed_test_Jun_coronacases_case9_126.npy,masks/mosmed_test_Jun_coronacases_case9_126.png,0.9215754618347581,0.8545572075030847,3.18444134093314,1.3473958725220692
mosmed_test_Morozov_study_0269_24,Morozov_study_0269,probabilities/mosmed_test_Morozov_study_0269_24.npy,masks/mosmed_test_Morozov_study_0269_24.png,0.6899628253018615,0.5266742338789246,4.0,1.4564798355135766
mosmed_test_Jun_coronacases_case8_90,Jun_coronacases_case8,probabilities/mosmed_test_Jun_coronacases_case8_90.npy,masks/mosmed_test_Jun_coronacases_case8_90.png,0.875605815834858,0.7787356321929912,5.0,1.6400212125430569
mosmed_test_Jun_coronacases_case3_115,Jun_coronacases_case3,probabilities/mosmed_test_Jun_coronacases_case3_115.npy,masks/mosmed_test_Jun_coronacases_case3_115.png,0.9197373221456905,0.8514015535308859,5.0990195135927845,2.0555491661485847
mosmed_test_Jun_coronacases_case9_145,Jun_coronacases_case9,probabilities/mosmed_test_Jun_coronacases_case9_145.npy,masks/mosmed_test_Jun_coronacases_case9_145.png,0.8628158844847884,0.7587301587556899,3.605551275463989,1.1394571279832555
mosmed_test_Jun_radiopaedia_10_85902_1_case11_11,Jun_radiopaedia_10_85902_1_case11,probabilities/mosmed_test_Jun_radiopaedia_10_85902_1_case11_11.npy,masks/mosmed_test_Jun_radiopaedia_10_85902_1_case11_11.png,0.9014778325153486,0.8206278027006375,6.708203932499369,1.6715464274169742
mosmed_test_Jun_coronacases_case1_195,Jun_coronacases_case1,probabilities/mosmed_test_Jun_coronacases_case1_195.npy,masks/mosmed_test_Jun_coronacases_case1_195.png,0.8633373934259845,0.7595370767355536,3.605551275463989,1.3175282047365868
mosmed_test_Jun_radiopaedia_40_86625_0_case18_73,Jun_radiopaedia_40_86625_0_case18,probabilities/mosmed_test_Jun_radiopaedia_40_86625_0_case18_73.npy,masks/mosmed_test_Jun_radiopaedia_40_86625_0_case18_73.png,0.8753390474137426,0.7783137179282594,4.47213595499958,1.5052161695696826
mosmed_test_Jun_radiopaedia_10_85902_3_case12_78,Jun_radiopaedia_10_85902_3_case12,probabilities/mosmed_test_Jun_radiopaedia_10_85902_3_case12_78.npy,masks/mosmed_test_Jun_radiopaedia_10_85902_3_case12_78.png,0.9349112426083646,0.8777777777947531,2.0,0.5871457288719388
mosmed_test_Jun_coronacases_case5_162,Jun_coronacases_case5,probabilities/mosmed_test_Jun_coronacases_case5_162.npy,masks/mosmed_test_Jun_coronacases_case5_162.png,0.7406015038081577,0.5880597016155045,3.605551275463989,1.5408808024648544
mosmed_test_Morozov_study_0276_36,Morozov_study_0276,probabilities/mosmed_test_Morozov_study_0276_36.npy,masks/mosmed_test_Morozov_study_0276_36.png,0.8595800525026522,0.7537399309834591,5.294635222168765,2.115453419391292
mosmed_test_Morozov_study_0273_23,Morozov_study_0273,probabilities/mosmed_test_Morozov_study_0273_23.npy,masks/mosmed_test_Morozov_study_0273_23.png,0.8281250000089518,0.7066666666927407,137.2625185733303,13.441996439289484
mosmed_test_Jun_coronacases_case10_106,Jun_coronacases_case10,probabilities/mosmed_test_Jun_coronacases_case10_106.npy,masks/mosmed_test_Jun_coronacases_case10_106.png,0.8865952443181788,0.7962919502512018,5.385164807134504,1.621706883668761
mosmed_test_Jun_radiopaedia_4_85506_1_case19_19,Jun_radiopaedia_4_85506_1_case19,probabilities/mosmed_test_Jun_radiopaedia_4_85506_1_case19_19.npy,masks/mosmed_test_Jun_radiopaedia_4_85506_1_case19_19.png,0.8731743924269862,0.7748975409859129,10.0,2.7468065024165385
mosmed_test_Jun_coronacases_case10_90,Jun_coronacases_case10,probabilities/mosmed_test_Jun_coronacases_case10_90.npy,masks/mosmed_test_Jun_coronacases_case10_90.png,0.8504826079065656,0.7398605830247192,4.47213595499958,1.5907020728340173
mosmed_test_Jun_coronacases_case8_119,Jun_coronacases_case8,probabilities/mosmed_test_Jun_coronacases_case8_119.npy,masks/mosmed_test_Jun_coronacases_case8_119.png,0.8883231500358397,0.7990839694717837,3.605551275463989,1.1624575198167826
mosmed_test_Jun_coronacases_case5_133,Jun_coronacases_case5,probabilities/mosmed_test_Jun_coronacases_case5_133.npy,masks/mosmed_test_Jun_coronacases_case5_133.png,0.8621334996966854,0.7576754386230619,3.1622776601683795,1.2918492084331261
mosmed_test_Jun_radiopaedia_14_85914_0_case13_64,Jun_radiopaedia_14_85914_0_case13,probabilities/mosmed_test_Jun_radiopaedia_14_85914_0_case13_64.npy,masks/mosmed_test_Jun_radiopaedia_14_85914_0_case13_64.png,0.8344919159578439,0.7159898136997991,16.006243908376273,3.632937642798138
mosmed_test_Jun_coronacases_case2_78,Jun_coronacases_case2,probabilities/mosmed_test_Jun_coronacases_case2_78.npy,masks/mosmed_test_Jun_coronacases_case2_78.png,0.4229607252498608,0.26819923399685847,9.465692241125724,3.2967398258066813
mosmed_test_Morozov_study_0270_19,Morozov_study_0270,probabilities/mosmed_test_Morozov_study_0270_19.npy,masks/mosmed_test_Morozov_study_0270_19.png,0.7621113521502451,0.6156542056523768,4.018465843842646,1.226757829042522
mosmed_test_Jun_radiopaedia_4_85506_1_case19_20,Jun_radiopaedia_4_85506_1_case19,probabilities/mosmed_test_Jun_radiopaedia_4_85506_1_case19_20.npy,masks/mosmed_test_Jun_radiopaedia_4_85506_1_case19_20.png,0.7826086956537259,0.6428571428613317,48.854271444811715,6.996287533638053
mosmed_test_Morozov_study_0292_26,Morozov_study_0292,probabilities/mosmed_test_Morozov_study_0292_26.npy,masks/mosmed_test_Morozov_study_0292_26.png,0.3052208836736504,0.18009478692414813,37.71200374831927,11.401194793946406
mosmed_test_Jun_radiopaedia_10_85902_3_case12_150,Jun_radiopaedia_10_85902_3_case12,probabilities/mosmed_test_Jun_radiopaedia_10_85902_3_case12_150.npy,masks/mosmed_test_Jun_radiopaedia_10_85902_3_case12_150.png,0.9454862625393483,0.8966087675807854,2.7099552952968833,1.0326275238548475
mosmed_test_Jun_radiopaedia_4_85506_1_case19_12,Jun_radiopaedia_4_85506_1_case19,probabilities/mosmed_test_Jun_radiopaedia_4_85506_1_case19_12.npy,masks/mosmed_test_Jun_radiopaedia_4_85506_1_case19_12.png,0.8923670182605861,0.8056522629544293,9.848857801796104,3.523532297839919
mosmed_test_Jun_coronacases_case2_49,Jun_coronacases_case2,probabilities/mosmed_test_Jun_coronacases_case2_49.npy,masks/mosmed_test_Jun_coronacases_case2_49.png,0.8796068796167398,0.7850877193296655,3.1622776601683795,1.1490413596254134
mosmed_test_Jun_coronacases_case10_256,Jun_coronacases_case10,probabilities/mosmed_test_Jun_coronacases_case10_256.npy,masks/mosmed_test_Jun_coronacases_case10_256.png,0.870032223429642,0.7699619772300453,2.23606797749979,1.0907911327843254
mosmed_test_Morozov_study_0297_37,Morozov_study_0297,probabilities/mosmed_test_Morozov_study_0297_37.npy,masks/mosmed_test_Morozov_study_0297_37.png,0.6980728051715125,0.5361842106026014,19.983536130913375,3.29118766880425
mosmed_test_Morozov_study_0302_23,Morozov_study_0302,probabilities/mosmed_test_Morozov_study_0302_23.npy,masks/mosmed_test_Morozov_study_0302_23.png,0.676470588282872,0.5111111112197531,5.656854249492381,1.9796507774803378
mosmed_test_Jun_coronacases_case8_145,Jun_coronacases_case8,probabilities/mosmed_test_Jun_coronacases_case8_145.npy,masks/mosmed_test_Jun_coronacases_case8_145.png,0.9211068589943905,0.8537517053245907,2.23606797749979,1.0719039169855007
mosmed_test_Morozov_study_0289_12,Morozov_study_0289,probabilities/mosmed_test_Morozov_study_0289_12.npy,masks/mosmed_test_Morozov_study_0289_12.png,0.8759278897268369,0.7792452830605199,5.0,1.319579295290665
mosmed_test_Jun_coronacases_case10_213,Jun_coronacases_case10,probabilities/mosmed_test_Jun_coronacases_case10_213.npy,masks/mosmed_test_Jun_coronacases_case10_213.png,0.9216082247122892,0.8546135512477149,3.0,0.957416855744218
mosmed_test_Jun_radiopaedia_10_85902_1_case11_15,Jun_radiopaedia_10_85902_1_case11,probabilities/mosmed_test_Jun_radiopaedia_10_85902_1_case11_15.npy,masks/mosmed_test_Jun_radiopaedia_10_85902_1_case11_15.png,0.8959069187638499,0.8114414753552337,5.385164807134504,1.7475824984776542
mosmed_test_Morozov_study_0295_24,Morozov_study_0295,probabilities/mosmed_test_Morozov_study_0295_24.npy,masks/mosmed_test_Morozov_study_0295_24.png,0.8448275862737812,0.7313432837825796,2.0,0.6298793564683237
mosmed_test_Jun_radiopaedia_27_86410_0_case14_31,Jun_radiopaedia_27_86410_0_case14,probabilities/mosmed_test_Jun_radiopaedia_27_86410_0_case14_31.npy,masks/mosmed_test_Jun_radiopaedia_27_86410_0_case14_31.png,0.8296876975618954,0.7089455488394782,9.219544457292887,2.3927502081879286
mosmed_test_Morozov_study_0270_11,Morozov_study_0270,probabilities/mosmed_test_Morozov_study_0270_11.npy,masks/mosmed_test_Morozov_study_0270_11.png,0.5807730426580007,0.4092178771774836,16.278820596099706,4.559025921825335
mosmed_test_Jun_radiopaedia_10_85902_3_case12_173,Jun_radiopaedia_10_85902_3_case12,probabilities/mosmed_test_Jun_radiopaedia_10_85902_3_case12_173.npy,masks/mosmed_test_Jun_radiopaedia_10_85902_3_case12_173.png,0.926889106969409,0.8637402834996004,4.0,1.3369653443240648
mosmed_test_Jun_coronacases_case8_219,Jun_coronacases_case8,probabilities/mosmed_test_Jun_coronacases_case8_219.npy,masks/mosmed_test_Jun_coronacases_case8_219.png,0.8459383753609286,0.7330097087702658,55.51797440563095,5.38885564238033
mosmed_test_bjorke_46,bjorke_46,probabilities/mosmed_test_bjorke_46.npy,masks/mosmed_test_bjorke_46.png,0.6831135246977859,0.5187337993911025,23.250776002326205,6.329476269140912
mosmed_test_Jun_coronacases_case8_217,Jun_coronacases_case8,probabilities/mosmed_test_Jun_coronacases_case8_217.npy,masks/mosmed_test_Jun_coronacases_case8_217.png,0.8481927710965307,0.7364016736769314,6.439649903985525,1.179980150395076
mosmed_test_Jun_coronacases_case9_93,Jun_coronacases_case9,probabilities/mosmed_test_Jun_coronacases_case9_93.npy,masks/mosmed_test_Jun_coronacases_case9_93.png,0.7379182156377398,0.5846833579404002,4.894427190999892,1.444940677757213
mosmed_test_Jun_radiopaedia_27_86410_0_case14_26,Jun_radiopaedia_27_86410_0_case14,probabilities/mosmed_test_Jun_radiopaedia_27_86410_0_case14_26.npy,masks/mosmed_test_Jun_radiopaedia_27_86410_0_case14_26.png,0.8303457846671637,0.7099070595271919,7.615773105863909,2.4498259547454357
mosmed_test_Jun_coronacases_case5_146,Jun_coronacases_case5,probabilities/mosmed_test_Jun_coronacases_case5_146.npy,masks/mosmed_test_Jun_coronacases_case5_146.png,0.9027058146285144,0.8226652675946836,2.23606797749979,0.9365117142294503
mosmed_test_Jun_coronacases_case10_196,Jun_coronacases_case10,probabilities/mosmed_test_Jun_coronacases_case10_196.npy,masks/mosmed_test_Jun_coronacases_case10_196.png,0.888374400531034,0.7991669146147228,3.605551275463989,1.1688658810844872
mosmed_test_Jun_coronacases_case6_82,Jun_coronacases_case6,probabilities/mosmed_test_Jun_coronacases_case6_82.npy,masks/mosmed_test_Jun_coronacases_case6_82.png,0.9654066437579517,0.9331266607646976,2.0,0.616289518976952
mosmed_test_Jun_coronacases_case7_101,Jun_coronacases_case7,probabilities/mosmed_test_Jun_coronacases_case7_101.npy,masks/mosmed_test_Jun_coronacases_case7_101.png,0.8823765556048825,0.7895114942679948,41.47224298692276,4.017236730238682
mosmed_test_Jun_coronacases_case9_110,Jun_coronacases_case9,probabilities/mosmed_test_Jun_coronacases_case9_110.npy,masks/mosmed_test_Jun_coronacases_case9_110.png,0.9149560117337681,0.843243243255348,3.1622776601683795,0.987994619250491
mosmed_test_Jun_radiopaedia_10_85902_3_case12_167,Jun_radiopaedia_10_85902_3_case12,probabilities/mosmed_test_Jun_radiopaedia_10_85902_3_case12_167.npy,masks/mosmed_test_Jun_radiopaedia_10_85902_3_case12_167.png,0.9120118635711317,0.8382553384898568,4.0,1.3194106754554848
mosmed_test_Morozov_study_0256_34,Morozov_study_0256,probabilities/mosmed_test_Morozov_study_0256_34.npy,masks/mosmed_test_Morozov_study_0256_34.png,0.6590038314611745,0.4914285715254422,5.0,1.5483906985234783
mosmed_test_Jun_coronacases_case5_177,Jun_coronacases_case5,probabilities/mosmed_test_Jun_coronacases_case5_177.npy,masks/mosmed_test_Jun_coronacases_case5_177.png,0.6016260165840439,0.4302325588020552,3.605551275463989,1.3896306957809494
mosmed_test_Jun_coronacases_case6_80,Jun_coronacases_case6,probabilities/mosmed_test_Jun_coronacases_case6_80.npy,masks/mosmed_test_Jun_coronacases_case6_80.png,0.9557402830834477,0.9152323580070898,2.769191210021537,0.7677521045388479
mosmed_test_Morozov_study_0260_14,Morozov_study_0260,probabilities/mosmed_test_Morozov_study_0260_14.npy,masks/mosmed_test_Morozov_study_0260_14.png,0.6402408429563432,0.4708487085001022,44.726946230443836,10.49659245097082
mosmed_test_Jun_coronacases_case10_258,Jun_coronacases_case10,probabilities/mosmed_test_Jun_coronacases_case10_258.npy,masks/mosmed_test_Jun_coronacases_case10_258.png,0.8950617284112559,0.8100558659748447,1.4435028842544304,0.677568832576711
mosmed_test_Jun_radiopaedia_14_85914_0_case13_54,Jun_radiopaedia_14_85914_0_case13,probabilities/mosmed_test_Jun_radiopaedia_14_85914_0_case13_54.npy,masks/mosmed_test_Jun_radiopaedia_14_85914_0_case13_54.png,0.8473017270911135,0.7350594227526736,7.615773105863909,2.870389985590367
mosmed_test_Jun_coronacases_case2_47,Jun_coronacases_case2,probabilities/mosmed_test_Jun_coronacases_case2_47.npy,masks/mosmed_test_Jun_coronacases_case2_47.png,0.8155487805018636,0.6885456885857727,4.123105625617661,1.9509696798786327
mosmed_test_Jun_coronacases_case4_120,Jun_coronacases_case4,probabilities/mosmed_test_Jun_coronacases_case4_120.npy,masks/mosmed_test_Jun_coronacases_case4_120.png,0.8355481727711338,0.717546362379808,9.765882467848208,1.7430832954036892
mosmed_test_Morozov_study_0303_15,Morozov_study_0303,probabilities/mosmed_test_Morozov_study_0303_15.npy,masks/mosmed_test_Morozov_study_0303_15.png,0.8852549889167058,0.7941322725114802,5.0990195135927845,1.2400390915846733
mosmed_test_Jun_coronacases_case7_92,Jun_coronacases_case7,probabilities/mosmed_test_Jun_coronacases_case7_92.npy,masks/mosmed_test_Jun_coronacases_case7_92.png,0.7918918919012662,0.6554809843657359,7.0710678118654755,2.1447335046739555
mosmed_test_Jun_radiopaedia_36_86526_0_case17_23,Jun_radiopaedia_36_86526_0_case17,probabilities/mosmed_test_Jun_radiopaedia_36_86526_0_case17_23.npy,masks/mosmed_test_Jun_radiopaedia_36_86526_0_case17_23.png,0.8012158054832088,0.6683569980052376,3.18444134093314,1.0519393740487055
mosmed_test_Jun_radiopaedia_10_85902_1_case11_19,Jun_radiopaedia_10_85902_1_case11,probabilities/mosmed_test_Jun_radiopaedia_10_85902_1_case11_19.npy,masks/mosmed_test_Jun_radiopaedia_10_85902_1_case11_19.png,0.7428958051594793,0.590958019419703,5.170555836978214,2.539057605560005
mosmed_test_Jun_coronacases_case4_89,Jun_coronacases_case4,probabilities/mosmed_test_Jun_coronacases_case4_89.npy,masks/mosmed_test_Jun_coronacases_case4_89.png,0.8268380875923327,0.7047945205681648,4.242640687119285,1.5226896720171803
mosmed_test_Jun_coronacases_case10_201,Jun_coronacases_case10,probabilities/mosmed_test_Jun_coronacases_case10_201.npy,masks/mosmed_test_Jun_coronacases_case10_201.png,0.8841813502299707,0.7924059616823135,5.0,1.4134612762438818
mosmed_test_Jun_radiopaedia_36_86526_0_case17_25,Jun_radiopaedia_36_86526_0_case17,probabilities/mosmed_test_Jun_radiopaedia_36_86526_0_case17_25.npy,masks/mosmed_test_Jun_radiopaedia_36_86526_0_case17_25.png,0.8249158249305626,0.7020057307017185,79.56564599547697,6.415776701196052
mosmed_test_Jun_coronacases_case4_80,Jun_coronacases_case4,probabilities/mosmed_test_Jun_coronacases_case4_80.npy,masks/mosmed_test_Jun_coronacases_case4_80.png,0.8104631217920042,0.6813266042046627,4.242640687119285,6.995238212454179
mosmed_test_Jun_coronacases_case4_133,Jun_coronacases_case4,probabilities/mosmed_test_Jun_coronacases_case4_133.npy,masks/mosmed_test_Jun_coronacases_case4_133.png,0.9013015184435302,0.8203356367403419,3.0,1.402154142853578
mosmed_test_Jun_coronacases_case7_138,Jun_coronacases_case7,probabilities/mosmed_test_Jun_coronacases_case7_138.npy,masks/mosmed_test_Jun_coronacases_case7_138.png,0.9052383755177976,0.826881720439415,2.23606797749979,0.9238687244807975
mosmed_test_Jun_coronacases_case4_101,Jun_coronacases_case4,probabilities/mosmed_test_Jun_coronacases_case4_101.npy,masks/mosmed_test_Jun_coronacases_case4_101.png,0.6977547495943216,0.535809018629203,20.410390330364187,3.40766193984949
mosmed_test_bjorke_82,bjorke_82,probabilities/mosmed_test_bjorke_82.npy,masks/mosmed_test_bjorke_82.png,0.607792207802395,0.43656716420012814,32.034348345803664,6.025966977268428
mosmed_test_Morozov_study_0283_14,Morozov_study_0283,probabilities/mosmed_test_Morozov_study_0283_14.npy,masks/mosmed_test_Morozov_study_0283_14.png,0.7757166948101659,0.6336088155279314,147.75989390467913,14.328374384612609
mosmed_test_Jun_radiopaedia_10_85902_3_case12_183,Jun_radiopaedia_10_85902_3_case12,probabilities/mosmed_test_Jun_radiopaedia_10_85902_3_case12_183.npy,masks/mosmed_test_Jun_radiopaedia_10_85902_3_case12_183.png,0.96000000000125,0.9230769230815459,2.0,0.624487329330623
mosmed_test_Jun_coronacases_case2_26,Jun_coronacases_case2,probabilities/mosmed_test_Jun_coronacases_case2_26.npy,masks/mosmed_test_Jun_coronacases_case2_26.png,0.6250000002604167,0.45454545509641875,4.067708094089713,1.54044283451411
mosmed_test_Jun_coronacases_case7_98,Jun_coronacases_case7,probabilities/mosmed_test_Jun_coronacases_case7_98.npy,masks/mosmed_test_Jun_coronacases_case7_98.png,0.880025526487555,0.7857549857671935,3.1622776601683795,1.1341677103932106
mosmed_test_Jun_coronacases_case5_99,Jun_coronacases_case5,probabilities/mosmed_test_Jun_coronacases_case5_99.npy,masks/mosmed_test_Jun_coronacases_case5_99.png,0.9336116910257365,0.8754894283574401,3.1622776601683795,1.0128066616289757
mosmed_test_Jun_radiopaedia_10_85902_3_case12_200,Jun_radiopaedia_10_85902_3_case12,probabilities/mosmed_test_Jun_radiopaedia_10_85902_3_case12_200.npy,masks/mosmed_test_Jun_radiopaedia_10_85902_3_case12_200.png,0.8449848024473167,0.7315789474155125,3.1622776601683795,1.1629023024937637
mosmed_test_Jun_coronacases_case10_263,Jun_coronacases_case10,probabilities/mosmed_test_Jun_coronacases_case10_263.npy,masks/mosmed_test_Jun_coronacases_case10_263.png,0.85365853661511,0.7446808511543684,3.0243416490252577,0.859618599718326
mosmed_test_Jun_radiopaedia_10_85902_3_case12_80,Jun_radiopaedia_10_85902_3_case12,probabilities/mosmed_test_Jun_radiopaedia_10_85902_3_case12_80.npy,masks/mosmed_test_Jun_radiopaedia_10_85902_3_case12_80.png,0.8867667121496067,0.7965686274759107,3.1622776601683795,1.1377516318350729
mosmed_test_Jun_coronacases_case9_122,Jun_coronacases_case9,probabilities/mosmed_test_Jun_coronacases_case9_122.npy,masks/mosmed_test_Jun_coronacases_case9_122.png,0.9421279654934915,0.8905878355456817,3.0,0.9194013583652264
mosmed_test_Jun_coronacases_case10_80,Jun_coronacases_case10,probabilities/mosmed_test_Jun_coronacases_case10_80.npy,masks/mosmed_test_Jun_coronacases_case10_80.png,0.7272727273066908,0.5714285715124406,138.10593110997405,17.167106412868172
mosmed_test_Jun_coronacases_case3_127,Jun_coronacases_case3,probabilities/mosmed_test_Jun_coronacases_case3_127.npy,masks/mosmed_test_Jun_coronacases_case3_127.png,0.9120599250942917,0.8383365464081749,4.194826662518624,2.045107604934599
mosmed_test_Jun_radiopaedia_40_86625_0_case18_67,Jun_radiopaedia_40_86625_0_case18,probabilities/mosmed_test_Jun_radiopaedia_40_86625_0_case18_67.npy,masks/mosmed_test_Jun_radiopaedia_40_86625_0_case18_67.png,0.8703774596135795,0.7705029144669852,5.0,1.5956824682109838
mosmed_test_Jun_coronacases_case3_74,Jun_coronacases_case3,probabilities/mosmed_test_Jun_coronacases_case3_74.npy,masks/mosmed_test_Jun_coronacases_case3_74.png,0.8879960909936044,0.7985548286319836,9.481547795660289,3.0307790711725793
mosmed_test_Morozov_study_0280_23,Morozov_study_0280,probabilities/mosmed_test_Morozov_study_0280_23.npy,masks/mosmed_test_Morozov_study_0280_23.png,0.797986577187987,0.6638749302253559,3.0,1.0358066644104393
mosmed_test_Jun_radiopaedia_10_85902_3_case12_99,Jun_radiopaedia_10_85902_3_case12,probabilities/mosmed_test_Jun_radiopaedia_10_85902_3_case12_99.npy,masks/mosmed_test_Jun_radiopaedia_10_85902_3_case12_99.png,0.9483257544461213,0.9017295597561533,2.0,0.6829817483514384
mosmed_test_Jun_coronacases_case10_247,Jun_coronacases_case10,probabilities/mosmed_test_Jun_coronacases_case10_247.npy,masks/mosmed_test_Jun_coronacases_case10_247.png,0.8897435897506575,0.8013856813162372,3.361750787051399,1.109757714751293
mosmed_test_Morozov_study_0278_26,Morozov_study_0278,probabilities/mosmed_test_Morozov_study_0278_26.npy,masks/mosmed_test_Morozov_study_0278_26.png,0.9082621082673354,0.8319415449027201,3.1622776601683795,0.966233211756608
mosmed_test_Jun_coronacases_case3_78,Jun_coronacases_case3,probabilities/mosmed_test_Jun_coronacases_case3_78.npy,masks/mosmed_test_Jun_coronacases_case3_78.png,0.8865136165076377,0.7961602671135546,9.848857801796104,2.497786076632515
mosmed_test_Morozov_study_0295_16,Morozov_study_0295,probabilities/mosmed_test_Morozov_study_0295_16.npy,masks/mosmed_test_Morozov_study_0295_16.png,0.8132421734504051,0.6852637962592321,5.0,1.5232353115179866
mosmed_test_Morozov_study_0299_29,Morozov_study_0299,probabilities/mosmed_test_Morozov_study_0299_29.npy,masks/mosmed_test_Morozov_study_0299_29.png,0.8763557483999228,0.7799227800077517,2.0,0.6725853990800063
mosmed_test_Jun_coronacases_case10_139,Jun_coronacases_case10,probabilities/mosmed_test_Jun_coronacases_case10_139.npy,masks/mosmed_test_Jun_coronacases_case10_139.png,0.8928881717774247,0.8065022421568049,6.0,3.040873819069926
mosmed_test_Morozov_study_0283_19,Morozov_study_0283,probabilities/mosmed_test_Morozov_study_0283_19.npy,masks/mosmed_test_Morozov_study_0283_19.png,9.99999999e-10,9.99999999e-10,195.0718619142121,35.60393317586938
mosmed_test_Jun_radiopaedia_40_86625_0_case18_58,Jun_radiopaedia_40_86625_0_case18,probabilities/mosmed_test_Jun_radiopaedia_40_86625_0_case18_58.npy,masks/mosmed_test_Jun_radiopaedia_40_86625_0_case18_58.png,0.8787009700553408,0.7836455277229847,7.211102550927978,1.9165107779604842
mosmed_test_Morozov_study_0280_19,Morozov_study_0280,probabilities/mosmed_test_Morozov_study_0280_19.npy,masks/mosmed_test_Morozov_study_0280_19.png,0.8310334253348349,0.7109129066258703,5.97464278422678,1.6178583979108243
mosmed_test_Jun_radiopaedia_7_85703_0_case20_16,Jun_radiopaedia_7_85703_0_case20,probabilities/mosmed_test_Jun_radiopaedia_7_85703_0_case20_16.npy,masks/mosmed_test_Jun_radiopaedia_7_85703_0_case20_16.png,0.8770871985186204,0.7810821974481172,3.0,1.18051166738169
mosmed_test_Morozov_study_0303_8,Morozov_study_0303,probabilities/mosmed_test_Morozov_study_0303_8.npy,masks/mosmed_test_Morozov_study_0303_8.png,0.3198757765031249,0.19038817020510385,19.117835151369498,5.5600059731219345
mosmed_test_Jun_coronacases_case8_148,Jun_coronacases_case8,probabilities/mosmed_test_Jun_coronacases_case8_148.npy,masks/mosmed_test_Jun_coronacases_case8_148.png,0.8925919815229733,0.8060190703275918,3.0,1.206444154176122
mosmed_test_Jun_coronacases_case3_140,Jun_coronacases_case3,probabilities/mosmed_test_Jun_coronacases_case3_140.npy,masks/mosmed_test_Jun_coronacases_case3_140.png,0.9074707031261294,0.8306145251434499,3.605551275463989,1.1107303630513754
mosmed_test_Jun_radiopaedia_10_85902_3_case12_101,Jun_radiopaedia_10_85902_3_case12,probabilities/mosmed_test_Jun_radiopaedia_10_85902_3_case12_101.npy,masks/mosmed_test_Jun_radiopaedia_10_85902_3_case12_101.png,0.9527559055136711,0.9097744360970095,2.0,0.6226434604081488
mosmed_test_Jun_coronacases_case10_114,Jun_coronacases_case10,probabilities/mosmed_test_Jun_coronacases_case10_114.npy,masks/mosmed_test_Jun_coronacases_case10_114.png,0.8937756243024751,0.8079514824840981,5.0,1.7655356602837842
mosmed_test_Jun_coronacases_case10_89,Jun_coronacases_case10,probabilities/mosmed_test_Jun_coronacases_case10_89.npy,masks/mosmed_test_Jun_coronacases_case10_89.png,0.8632668144888531,0.7594278283563255,4.0,1.4549183335068816
mosmed_test_Jun_coronacases_case8_209,Jun_coronacases_case8,probabilities/mosmed_test_Jun_coronacases_case8_209.npy,masks/mosmed_test_Jun_coronacases_case8_209.png,0.7995469988901985,0.6660377359120684,2.23606797749979,0.9003758589922854
mosmed_test_bjorke_3,bjorke_3,probabilities/mosmed_test_bjorke_3.npy,masks/mosmed_test_bjorke_3.png,0.7224770642520095,0.5655296230582533,6.0,4.729943894670644
mosmed_test_Jun_coronacases_case2_126,Jun_coronacases_case2,probabilities/mosmed_test_Jun_coronacases_case2_126.npy,masks/mosmed_test_Jun_coronacases_case2_126.png,0.8952205882385043,0.8103161397775753,3.0,1.5342383119788603
mosmed_test_Jun_coronacases_case1_117,Jun_coronacases_case1,probabilities/mosmed_test_Jun_coronacases_case1_117.npy,masks/mosmed_test_Jun_coronacases_case1_117.png,0.8438500391275248,0.7298793994618523,7.0,2.189092285451192
mosmed_test_Jun_coronacases_case8_104,Jun_coronacases_case8,probabilities/mosmed_test_Jun_coronacases_case8_104.npy,masks/mosmed_test_Jun_coronacases_case8_104.png,0.8784756527892946,0.7832871885279817,7.0710678118654755,1.9072624745445108
mosmed_test_Morozov_study_0299_9,Morozov_study_0299,probabilities/mosmed_test_Morozov_study_0299_9.npy,masks/mosmed_test_Morozov_study_0299_9.png,0.7523089840678161,0.6029609690978519,4.123105625617661,1.3190389185057227
mosmed_test_Morozov_study_0269_17,Morozov_study_0269,probabilities/mosmed_test_Morozov_study_0269_17.npy,masks/mosmed_test_Morozov_study_0269_17.png,0.788934426240321,0.6514382403002167,221.96952386327243,15.621053890691522
mosmed_test_Jun_coronacases_case8_157,Jun_coronacases_case8,probabilities/mosmed_test_Jun_coronacases_case8_157.npy,masks/mosmed_test_Jun_coronacases_case8_157.png,0.8988235294137485,0.8162393162458604,3.605551275463989,1.2859306016173433
mosmed_test_Jun_coronacases_case5_72,Jun_coronacases_case5,probabilities/mosmed_test_Jun_coronacases_case5_72.npy,masks/mosmed_test_Jun_coronacases_case5_72.png,0.8991596638726078,0.8167938931530796,3.605551275463989,1.093752795289222
mosmed_test_Jun_radiopaedia_10_85902_3_case12_139,Jun_radiopaedia_10_85902_3_case12,probabilities/mosmed_test_Jun_radiopaedia_10_85902_3_case12_139.npy,masks/mosmed_test_Jun_radiopaedia_10_85902_3_case12_139.png,0.9278350515479417,0.8653846153900087,5.0,1.5504704958608433
mosmed_test_Jun_coronacases_case6_101,Jun_coronacases_case6,probabilities/mosmed_test_Jun_coronacases_case6_101.npy,masks/mosmed_test_Jun_coronacases_case6_101.png,0.8981132075526623,0.8150684931687799,2.8284271247461903,0.8810517825868157
mosmed_test_Jun_coronacases_case8_230,Jun_coronacases_case8,probabilities/mosmed_test_Jun_coronacases_case8_230.npy,masks/mosmed_test_Jun_coronacases_case8_230.png,0.8625204582763895,0.7582733813297449,2.8284271247461903,0.9270932273629053
mosmed_test_Jun_coronacases_case8_191,Jun_coronacases_case8,probabilities/mosmed_test_Jun_coronacases_case8_191.npy,masks/mosmed_test_Jun_coronacases_case8_191.png,0.8607305936232043,0.755511022093084,2.23606797749979,0.9224866837134491
mosmed_test_bjorke_68,bjorke_68,probabilities/mosmed_test_bjorke_68.npy,masks/mosmed_test_bjorke_68.png,0.8830784410466016,0.7906360424051386,70.38936853414201,9.575615811060198
mosmed_test_Morozov_study_0303_19,Morozov_study_0303,probabilities/mosmed_test_Morozov_study_0303_19.npy,masks/mosmed_test_Morozov_study_0303_19.png,0.8926282051325068,0.8060781476261882,3.605551275463989,1.0260460489790708
mosmed_test_Jun_coronacases_case2_43,Jun_coronacases_case2,probabilities/mosmed_test_Jun_coronacases_case2_43.npy,masks/mosmed_test_Jun_coronacases_case2_43.png,0.9373433584012244,0.8820754717166548,2.0,0.6766522044339514
mosmed_test_Jun_coronacases_case2_77,Jun_coronacases_case2,probabilities/mosmed_test_Jun_coronacases_case2_77.npy,masks/mosmed_test_Jun_coronacases_case2_77.png,0.4928909953407756,0.3270440252983136,13.034564329364768,3.8382311791411485
mosmed_test_bjorke_59,bjorke_59,probabilities/mosmed_test_bjorke_59.npy,masks/mosmed_test_bjorke_59.png,0.8369021412851788,0.7195457673790453,12.65305121170775,3.837283825124572
mosmed_test_Jun_coronacases_case3_155,Jun_coronacases_case3,probabilities/mosmed_test_Jun_coronacases_case3_155.npy,masks/mosmed_test_Jun_coronacases_case3_155.png,0.8992433293528626,0.8169319826404873,3.0,1.6860084435391882
mosmed_test_Jun_coronacases_case2_29,Jun_coronacases_case2,probabilities/mosmed_test_Jun_coronacases_case2_29.npy,masks/mosmed_test_Jun_coronacases_case2_29.png,0.8743169399078802,0.7766990291804129,85.71112747668462,8.57834089835144
mosmed_test_Jun_coronacases_case8_86,Jun_coronacases_case8,probabilities/mosmed_test_Jun_coronacases_case8_86.npy,masks/mosmed_test_Jun_coronacases_case8_86.png,0.9076700434180125,0.8309485956634367,3.0,0.9415029735496897
mosmed_test_Morozov_study_0281_32,Morozov_study_0281,probabilities/mosmed_test_Morozov_study_0281_32.npy,masks/mosmed_test_Morozov_study_0281_32.png,0.7505241090408256,0.6006711410065989,7.615773105863909,2.4234608653080696
mosmed_test_Jun_coronacases_case10_132,Jun_coronacases_case10,probabilities/mosmed_test_Jun_coronacases_case10_132.npy,masks/mosmed_test_Jun_coronacases_case10_132.png,0.872284048756329,0.7734962406068258,5.674264014027656,1.66818836000849
mosmed_test_Morozov_study_0275_19,Morozov_study_0275,probabilities/mosmed_test_Morozov_study_0275_19.npy,masks/mosmed_test_Morozov_study_0275_19.png,0.18918918973703436,0.1044776126085988,50.832780701807536,11.581861605312131
mosmed_test_Jun_coronacases_case8_99,Jun_coronacases_case8,probabilities/mosmed_test_Jun_coronacases_case8_99.npy,masks/mosmed_test_Jun_coronacases_case8_99.png,0.9073120494351645,0.830348727620787,3.0,1.0425171055225566
mosmed_test_Morozov_study_0277_27,Morozov_study_0277,probabilities/mosmed_test_Morozov_study_0277_27.npy,masks/mosmed_test_Morozov_study_0277_27.png,0.6948424068986502,0.5323819978559405,12.041594578792296,2.841725560226343
mosmed_test_Morozov_study_0298_14,Morozov_study_0298,probabilities/mosmed_test_Morozov_study_0298_14.npy,masks/mosmed_test_Morozov_study_0298_14.png,0.7447844228183316,0.5933518005765456,203.24147700301117,24.900232662583562
mosmed_test_Jun_coronacases_case4_114,Jun_coronacases_case4,probabilities/mosmed_test_Jun_coronacases_case4_114.npy,masks/mosmed_test_Jun_coronacases_case4_114.png,0.797113071387561,0.6626666667116445,4.47213595499958,2.0610387918663906
mosmed_test_Jun_coronacases_case8_243,Jun_coronacases_case8,probabilities/mosmed_test_Jun_coronacases_case8_243.npy,masks/mosmed_test_Jun_coronacases_case8_243.png,0.8664495114441533,0.7643678162273748,1.4142135623730951,0.4787527406581679
mosmed_test_Jun_radiopaedia_14_85914_0_case13_1,Jun_radiopaedia_14_85914_0_case13,probabilities/mosmed_test_Jun_radiopaedia_14_85914_0_case13_1.npy,masks/mosmed_test_Jun_radiopaedia_14_85914_0_case13_1.png,0.8512747875459438,0.7410604192674402,5.385164807134504,1.5344275179057862
mosmed_test_Jun_coronacases_case7_76,Jun_coronacases_case7,probabilities/mosmed_test_Jun_coronacases_case7_76.npy,masks/mosmed_test_Jun_coronacases_case7_76.png,0.4027777781925155,0.25217391369376185,9.43980412786901,3.1095642283675877
mosmed_test_Jun_coronacases_case1_190,Jun_coronacases_case1,probabilities/mosmed_test_Jun_coronacases_case1_190.npy,masks/mosmed_test_Jun_coronacases_case1_190.png,0.7347052280385232,0.5806593406777733,10.816653826391969,3.1046825126164603
mosmed_test_Jun_radiopaedia_10_85902_3_case12_164,Jun_radiopaedia_10_85902_3_case12,probabilities/mosmed_test_Jun_radiopaedia_10_85902_3_case12_164.npy,masks/mosmed_test_Jun_radiopaedia_10_85902_3_case12_164.png,0.927597555243827,0.8649715037323555,3.0,1.0942507625118847
mosmed_test_Jun_coronacases_case3_147,Jun_coronacases_case3,probabilities/mosmed_test_Jun_coronacases_case3_147.npy,masks/mosmed_test_Jun_coronacases_case3_147.png,0.9323705040975924,0.8733090530730149,2.23606797749979,0.9064509424696403
mosmed_test_Morozov_study_0293_9,Morozov_study_0293,probabilities/mosmed_test_Morozov_study_0293_9.npy,masks/mosmed_test_Morozov_study_0293_9.png,0.5000000001666666,0.33333333362962964,4.152989390993067,1.6891640112755808
mosmed_test_Morozov_study_0269_19,Morozov_study_0269,probabilities/mosmed_test_Morozov_study_0269_19.npy,masks/mosmed_test_Morozov_study_0269_19.png,0.618713228323805,0.4479252542058828,29.180461603623485,6.267522213275214
mosmed_test_Jun_coronacases_case6_112,Jun_coronacases_case6,probabilities/mosmed_test_Jun_coronacases_case6_112.npy,masks/mosmed_test_Jun_coronacases_case6_112.png,0.8921679909316494,0.8053278688923509,2.8284271247461903,0.97866331865427
mosmed_test_Morozov_study_0276_33,Morozov_study_0276,probabilities/mosmed_test_Morozov_study_0276_33.npy,masks/mosmed_test_Morozov_study_0276_33.png,0.8525547445327225,0.74300254455106,3.7238858928247742,1.0746893723807955
mosmed_test_Jun_coronacases_case1_209,Jun_coronacases_case1,probabilities/mosmed_test_Jun_coronacases_case1_209.npy,masks/mosmed_test_Jun_coronacases_case1_209.png,0.8588572919421117,0.7526291723935699,3.0649110640673483,1.3275532080009667
mosmed_test_Jun_coronacases_case2_157,Jun_coronacases_case2,probabilities/mosmed_test_Jun_coronacases_case2_157.npy,masks/mosmed_test_Jun_coronacases_case2_157.png,0.8485549133035517,0.7369477911910695,3.0,0.9701760560748873
mosmed_test_Morozov_study_0284_2,Morozov_study_0284,probabilities/mosmed_test_Morozov_study_0284_2.npy,masks/mosmed_test_Morozov_study_0284_2.png,4.694835678547025e-10,4.694835678547025e-10,9.538149682454621,8.48486506685237
mosmed_test_Morozov_study_0256_26,Morozov_study_0256,probabilities/mosmed_test_Morozov_study_0256_26.npy,masks/mosmed_test_Morozov_study_0256_26.png,0.7946631955810393,0.6592872570378355,5.656854249492381,1.850567190538466
mosmed_test_Jun_coronacases_case10_138,Jun_coronacases_case10,probabilities/mosmed_test_Jun_coronacases_case10_138.npy,masks/mosmed_test_Jun_coronacases_case10_138.png,0.8960326572280134,0.8116477929324787,3.1622776601683795,1.2845868134649647
mosmed_test_Jun_coronacases_case1_206,Jun_coronacases_case1,probabilities/mosmed_test_Jun_coronacases_case1_206.npy,masks/mosmed_test_Jun_coronacases_case1_206.png,0.8557614826791361,0.7478873239554983,6.0,3.29416979731214
mosmed_test_Morozov_study_0291_17,Morozov_study_0291,probabilities/mosmed_test_Morozov_study_0291_17.npy,masks/mosmed_test_Morozov_study_0291_17.png,0.9335701598602639,0.8754163890822507,8.573064293841613,1.5919612370174543
mosmed_test_Morozov_study_0256_20,Morozov_study_0256,probabilities/mosmed_test_Morozov_study_0256_20.npy,masks/mosmed_test_Morozov_study_0256_20.png,0.7290533188542924,0.57363013705931,233.04288125174924,27.510216042349118
mosmed_test_Jun_coronacases_case8_88,Jun_coronacases_case8,probabilities/mosmed_test_Jun_coronacases_case8_88.npy,masks/mosmed_test_Jun_coronacases_case8_88.png,0.9021383647823361,0.8217231897423593,2.8284271247461903,1.0713034480835866
mosmed_test_Jun_coronacases_case3_141,Jun_coronacases_case3,probabilities/mosmed_test_Jun_coronacases_case3_141.npy,masks/mosmed_test_Jun_coronacases_case3_141.png,0.9059720457445238,0.8281068525010893,3.0,1.1557460230917038
mosmed_test_Jun_radiopaedia_27_86410_0_case14_15,Jun_radiopaedia_27_86410_0_case14,probabilities/mosmed_test_Jun_radiopaedia_27_86410_0_case14_15.npy,masks/mosmed_test_Jun_radiopaedia_27_86410_0_case14_15.png,0.9103297901347733,0.8354177088585438,5.50742505619553,2.106362497544512
mosmed_test_Jun_coronacases_case8_163,Jun_coronacases_case8,probabilities/mosmed_test_Jun_coronacases_case8_163.npy,masks/mosmed_test_Jun_coronacases_case8_163.png,0.8715184186940019,0.7722929936487027,15.811388300841896,1.8765109441406254
mosmed_test_Jun_coronacases_case7_146,Jun_coronacases_case7,probabilities/mosmed_test_Jun_coronacases_case7_146.npy,masks/mosmed_test_Jun_coronacases_case7_146.png,0.8569194683402299,0.7496580027531013,5.21184064392396,1.5297071925688317
mosmed_test_Jun_coronacases_case9_146,Jun_coronacases_case9,probabilities/mosmed_test_Jun_coronacases_case9_146.npy,masks/mosmed_test_Jun_coronacases_case9_146.png,0.8537350910324083,0.7447973713313475,3.1622776601683795,1.1495929229581412
mosmed_test_Jun_coronacases_case5_75,Jun_coronacases_case5,probabilities/mosmed_test_Jun_coronacases_case5_75.npy,masks/mosmed_test_Jun_coronacases_case5_75.png,0.9246646026870659,0.859884836865654,2.914213562373095,0.9892520651509438
mosmed_test_Jun_coronacases_case8_144,Jun_coronacases_case8,probabilities/mosmed_test_Jun_coronacases_case8_144.npy,masks/mosmed_test_Jun_coronacases_case8_144.png,0.9025391515903521,0.8223884732662126,4.242640687119285,1.1809905011073123
mosmed_test_Jun_coronacases_case9_157,Jun_coronacases_case9,probabilities/mosmed_test_Jun_coronacases_case9_157.npy,masks/mosmed_test_Jun_coronacases_case9_157.png,0.5077399382328978,0.34024896292935725,62.13573136984607,17.299799543405232
mosmed_test_Morozov_study_0274_16,Morozov_study_0274,probabilities/mosmed_test_Morozov_study_0274_16.npy,masks/mosmed_test_Morozov_study_0274_16.png,0.6530612245684668,0.4848484850219365,45.221676218380054,9.165590980160427
mosmed_test_Morozov_study_0285_14,Morozov_study_0285,probabilities/mosmed_test_Morozov_study_0285_14.npy,masks/mosmed_test_Morozov_study_0285_14.png,0.38505747135272167,0.23843416383657756,25.536187351582534,9.340183145106423
mosmed_test_Morozov_study_0304_20,Morozov_study_0304,probabilities/mosmed_test_Morozov_study_0304_20.npy,masks/mosmed_test_Morozov_study_0304_20.png,0.7766990293430106,0.634920635500126,2.0,0.5844082517040997
mosmed_test_Jun_radiopaedia_40_86625_0_case18_24,Jun_radiopaedia_40_86625_0_case18,probabilities/mosmed_test_Jun_radiopaedia_40_86625_0_case18_24.npy,masks/mosmed_test_Jun_radiopaedia_40_86625_0_case18_24.png,0.8815941642213184,0.7882596245658883,9.486832980505138,3.5492617563317137
mosmed_test_Jun_coronacases_case1_83,Jun_coronacases_case1,probabilities/mosmed_test_Jun_coronacases_case1_83.npy,masks/mosmed_test_Jun_coronacases_case1_83.png,0.92000000008,0.8518518521262003,1.0,0.2
mosmed_test_Jun_coronacases_case10_262,Jun_coronacases_case10,probabilities/mosmed_test_Jun_coronacases_case10_262.npy,masks/mosmed_test_Jun_coronacases_case10_262.png,0.8953488372295837,0.8105263158559556,2.23606797749979,0.6179465994607223
mosmed_test_Morozov_study_0288_6,Morozov_study_0288,probabilities/mosmed_test_Morozov_study_0288_6.npy,masks/mosmed_test_Morozov_study_0288_6.png,0.8472961613940236,0.7350510452243535,6.4031242374328485,1.4987771814509687
mosmed_test_Jun_coronacases_case7_84,Jun_coronacases_case7,probabilities/mosmed_test_Jun_coronacases_case7_84.npy,masks/mosmed_test_Jun_coronacases_case7_84.png,0.9255319149134223,0.8613861386824821,1.4142135623730951,0.45513279183359895
mosmed_test_Morozov_study_0286_16,Morozov_study_0286,probabilities/mosmed_test_Morozov_study_0286_16.npy,masks/mosmed_test_Morozov_study_0286_16.png,0.48261238339768403,0.31805477924437925,24.185739180010323,6.9307539110083685
mosmed_test_Jun_coronacases_case2_96,Jun_coronacases_case2,probabilities/mosmed_test_Jun_coronacases_case2_96.npy,masks/mosmed_test_Jun_coronacases_case2_96.png,0.9216750678572766,0.8547285149279134,2.23606797749979,0.8553343636899449
mosmed_test_Jun_radiopaedia_27_86410_0_case14_54,Jun_radiopaedia_27_86410_0_case14,probabilities/mosmed_test_Jun_radiopaedia_27_86410_0_case14_54.npy,masks/mosmed_test_Jun_radiopaedia_27_86410_0_case14_54.png,0.8679927667508152,0.7667731630138104,3.056797181058932,0.9911366250812791
mosmed_test_Jun_coronacases_case7_132,Jun_coronacases_case7,probabilities/mosmed_test_Jun_coronacases_case7_132.npy,masks/mosmed_test_Jun_coronacases_case7_132.png,0.8987161198317056,0.8160621761753336,5.0,1.1270469931000293
mosmed_test_Jun_coronacases_case1_187,Jun_coronacases_case1,probabilities/mosmed_test_Jun_coronacases_case1_187.npy,masks/mosmed_test_Jun_coronacases_case1_187.png,0.851844545278125,0.7419243986342982,4.0,1.3780921106422432
mosmed_test_Jun_coronacases_case1_189,Jun_coronacases_case1,probabilities/mosmed_test_Jun_coronacases_case1_189.npy,masks/mosmed_test_Jun_coronacases_case1_189.png,0.7764084507107861,0.6345323741182479,25.250731398867742,4.0439066009635765
mosmed_test_Jun_coronacases_case5_116,Jun_coronacases_case5,probabilities/mosmed_test_Jun_coronacases_case5_116.npy,masks/mosmed_test_Jun_coronacases_case5_116.png,0.865259117087706,0.7625169147657296,4.123105625617661,1.4085014421347424
mosmed_test_Jun_coronacases_case1_237,Jun_coronacases_case1,probabilities/mosmed_test_Jun_coronacases_case1_237.npy,masks/mosmed_test_Jun_coronacases_case1_237.png,0.6666666671296297,0.5000000010416666,2.0,0.914123620313588
mosmed_test_Morozov_study_0269_27,Morozov_study_0269,probabilities/mosmed_test_Morozov_study_0269_27.npy,masks/mosmed_test_Morozov_study_0269_27.png,0.7139364303877906,0.5551330800170596,160.56867386317583,29.938214243666867
mosmed_test_Jun_coronacases_case1_141,Jun_coronacases_case1,probabilities/mosmed_test_Jun_coronacases_case1_141.npy,masks/mosmed_test_Jun_coronacases_case1_141.png,0.848735157461942,0.737219730947596,4.47213595499958,1.416846012002012
mosmed_test_Jun_coronacases_case4_112,Jun_coronacases_case4,probabilities/mosmed_test_Jun_coronacases_case4_112.npy,masks/mosmed_test_Jun_coronacases_case4_112.png,0.8147512864652872,0.6874095514200566,3.4504055101105156,1.1808314602084349
mosmed_test_Morozov_study_0275_28,Morozov_study_0275,probabilities/mosmed_test_Morozov_study_0275_28.npy,masks/mosmed_test_Morozov_study_0275_28.png,0.7829787234196469,0.6433566433982102,6.020690632574555,2.061875759405796
mosmed_test_Morozov_study_0268_20,Morozov_study_0268,probabilities/mosmed_test_Morozov_study_0268_20.npy,masks/mosmed_test_Morozov_study_0268_20.png,0.7839116719413318,0.6446173800720342,7.280109889280518,1.9257413328726658
mosmed_test_Morozov_study_0263_12,Morozov_study_0263,probabilities/mosmed_test_Morozov_study_0263_12.npy,masks/mosmed_test_Morozov_study_0263_12.png,0.5897810219576962,0.418219461818174,121.95612820232982,23.89745022058784
mosmed_test_Morozov_study_0289_27,Morozov_study_0289,probabilities/mosmed_test_Morozov_study_0289_27.npy,masks/mosmed_test_Morozov_study_0289_27.png,0.8333333333581349,0.7142857143586006,2.23606797749979,0.6776414431922178
mosmed_test_Jun_coronacases_case1_114,Jun_coronacases_case1,probabilities/mosmed_test_Jun_coronacases_case1_114.npy,masks/mosmed_test_Jun_coronacases_case1_114.png,0.8539083557967233,0.7450611476999989,26.768201695849594,4.0320280613700765
mosmed_test_Jun_coronacases_case1_143,Jun_coronacases_case1,probabilities/mosmed_test_Jun_coronacases_case1_143.npy,masks/mosmed_test_Jun_coronacases_case1_143.png,0.8284461496323863,0.7071345029308272,5.830951894845301,1.8036647775221737
mosmed_test_Jun_coronacases_case9_144,Jun_coronacases_case9,probabilities/mosmed_test_Jun_coronacases_case9_144.npy,masks/mosmed_test_Jun_coronacases_case9_144.png,0.8875140607487337,0.7977755308596789,2.23606797749979,0.8894731616472624
mosmed_test_Jun_coronacases_case1_158,Jun_coronacases_case1,probabilities/mosmed_test_Jun_coronacases_case1_158.npy,masks/mosmed_test_Jun_coronacases_case1_158.png,0.7338129496443623,0.5795454545556202,14.37523228449513,2.6063717868194773
mosmed_test_Morozov_study_0277_22,Morozov_study_0277,probabilities/mosmed_test_Morozov_study_0277_22.npy,masks/mosmed_test_Morozov_study_0277_22.png,0.8824141519373139,0.7895716946388136,2.23606797749979,7.43221352265933
mosmed_test_Morozov_study_0288_7,Morozov_study_0288,probabilities/mosmed_test_Morozov_study_0288_7.npy,masks/mosmed_test_Morozov_study_0288_7.png,0.8530834341035948,0.7438060095021716,60.87933771208753,6.055023362090878
mosmed_test_Jun_coronacases_case1_148,Jun_coronacases_case1,probabilities/mosmed_test_Jun_coronacases_case1_148.npy,masks/mosmed_test_Jun_coronacases_case1_148.png,0.8543463835458801,0.745728352164908,3.1622776601683795,1.2892008278679936
mosmed_test_Jun_coronacases_case6_60,Jun_coronacases_case6,probabilities/mosmed_test_Jun_coronacases_case6_60.npy,masks/mosmed_test_Jun_coronacases_case6_60.png,0.6984536082862818,0.5366336634580924,24.331050121192877,4.037528901180641
mosmed_test_Jun_coronacases_case8_75,Jun_coronacases_case8,probabilities/mosmed_test_Jun_coronacases_case8_75.npy,masks/mosmed_test_Jun_coronacases_case8_75.png,0.9410127991112684,0.8885969521866213,2.23606797749979,0.6859854852506898
mosmed_test_Jun_coronacases_case5_132,Jun_coronacases_case5,probabilities/mosmed_test_Jun_coronacases_case5_132.npy,masks/mosmed_test_Jun_coronacases_case5_132.png,0.871626069791203,0.772462077039386,3.0,1.0832544660851675
mosmed_test_Jun_coronacases_case4_102,Jun_coronacases_case4,probabilities/mosmed_test_Jun_coronacases_case4_102.npy,masks/mosmed_test_Jun_coronacases_case4_102.png,0.7118301314750425,0.5525902669462183,18.285873211349934,3.6395701696438243
mosmed_test_Morozov_study_0265_10,Morozov_study_0265,probabilities/mosmed_test_Morozov_study_0265_10.npy,masks/mosmed_test_Morozov_study_0265_10.png,0.847445516261256,0.7352758834634051,12.771001588787165,3.088020609801916
mosmed_test_Morozov_study_0281_37,Morozov_study_0281,probabilities/mosmed_test_Morozov_study_0281_37.npy,masks/mosmed_test_Morozov_study_0281_37.png,0.8175675676292,0.6914285716048979,2.7099552952969086,0.9937356223720665
mosmed_test_Jun_radiopaedia_40_86625_0_case18_39,Jun_radiopaedia_40_86625_0_case18,probabilities/mosmed_test_Jun_radiopaedia_40_86625_0_case18_39.npy,masks/mosmed_test_Jun_radiopaedia_40_86625_0_case18_39.png,0.8964024885045929,0.812254901962099,8.0,2.3247331827897812
mosmed_test_Jun_coronacases_case8_244,Jun_coronacases_case8,probabilities/mosmed_test_Jun_coronacases_case8_244.npy,masks/mosmed_test_Jun_coronacases_case8_244.png,0.8647058823927336,0.7616580312115762,13.523528575352708,1.2606906195076377
mosmed_test_Morozov_study_0255_31,Morozov_study_0255,probabilities/mosmed_test_Morozov_study_0255_31.npy,masks/mosmed_test_Morozov_study_0255_31.png,0.8015873016266692,0.6688741722950747,3.9013878188659974,1.21192941291993
mosmed_test_Jun_coronacases_case8_162,Jun_coronacases_case8,probabilities/mosmed_test_Jun_coronacases_case8_162.npy,masks/mosmed_test_Jun_coronacases_case8_162.png,0.843007401642267,0.7286195286378034,4.123105625617661,1.3340783416385298
mosmed_test_Jun_radiopaedia_14_85914_0_case13_84,Jun_radiopaedia_14_85914_0_case13,probabilities/mosmed_test_Jun_radiopaedia_14_85914_0_case13_84.npy,masks/mosmed_test_Jun_radiopaedia_14_85914_0_case13_84.png,0.8686355456772665,0.7677769461121299,5.0,1.5890584556357943
mosmed_test_Jun_coronacases_case10_108,Jun_coronacases_case10,probabilities/mosmed_test_Jun_coronacases_case10_108.npy,masks/mosmed_test_Jun_coronacases_case10_108.png,0.920250521921778,0.8522815158584098,3.605551275463989,1.0998036464417047
mosmed_test_Jun_radiopaedia_14_85914_0_case13_41,Jun_radiopaedia_14_85914_0_case13,probabilities/mosmed_test_Jun_radiopaedia_14_85914_0_case13_41.npy,masks/mosmed_test_Jun_radiopaedia_14_85914_0_case13_41.png,0.8325054036637499,0.7130700272852211,10.153590005366139,3.072004858445388
mosmed_test_Jun_coronacases_case4_142,Jun_coronacases_case4,probabilities/mosmed_test_Jun_coronacases_case4_142.npy,masks/mosmed_test_Jun_coronacases_case4_142.png,0.8299776286448558,0.7093690248843815,5.0990195135927845,1.8177350985347178
mosmed_test_Jun_coronacases_case1_149,Jun_coronacases_case1,probabilities/mosmed_test_Jun_coronacases_case1_149.npy,masks/mosmed_test_Jun_coronacases_case1_149.png,0.8709937187973749,0.7714693295357641,6.037243138634202,2.11415752511433
mosmed_test_Jun_radiopaedia_27_86410_0_case14_36,Jun_radiopaedia_27_86410_0_case14,probabilities/mosmed_test_Jun_radiopaedia_27_86410_0_case14_36.npy,masks/mosmed_test_Jun_radiopaedia_27_86410_0_case14_36.png,0.8359201773896555,0.7180952381131368,5.474322224676633,1.5140596112216187
mosmed_test_Jun_coronacases_case6_114,Jun_coronacases_case6,probabilities/mosmed_test_Jun_coronacases_case6_114.npy,masks/mosmed_test_Jun_coronacases_case6_114.png,0.7846481876791795,0.6456140352120652,4.123105625617661,1.491989214123995
mosmed_test_Morozov_study_0263_9,Morozov_study_0263,probabilities/mosmed_test_Morozov_study_0263_9.npy,masks/mosmed_test_Morozov_study_0263_9.png,0.7278989667205569,0.5722021661035918,38.30142710574144,7.682518903426641
mosmed_test_Morozov_study_0264_32,Morozov_study_0264,probabilities/mosmed_test_Morozov_study_0264_32.npy,masks/mosmed_test_Morozov_study_0264_32.png,0.06060606202938477,0.031250001513671875,86.96059383793212,38.16986218551825
mosmed_test_Jun_radiopaedia_29_86491_1_case16_17,Jun_radiopaedia_29_86491_1_case16,probabilities/mosmed_test_Jun_radiopaedia_29_86491_1_case16_17.npy,masks/mosmed_test_Jun_radiopaedia_29_86491_1_case16_17.png,0.8791593695341997,0.784375000022461,3.0,1.2267048542193326
mosmed_test_Jun_coronacases_case4_149,Jun_coronacases_case4,probabilities/mosmed_test_Jun_coronacases_case4_149.npy,masks/mosmed_test_Jun_coronacases_case4_149.png,0.8298545224649049,0.7091891892206282,5.385164807134504,1.6487823836218791
mosmed_test_Jun_coronacases_case7_137,Jun_coronacases_case7,probabilities/mosmed_test_Jun_coronacases_case7_137.npy,masks/mosmed_test_Jun_coronacases_case7_137.png,0.938610158929928,0.8843217850919365,2.0,0.5656921557405095
mosmed_test_Jun_coronacases_case2_130,Jun_coronacases_case2,probabilities/mosmed_test_Jun_coronacases_case2_130.npy,masks/mosmed_test_Jun_coronacases_case2_130.png,0.9223971278673737,0.855971296778269,2.035410196624963,1.501902433429115
mosmed_test_Jun_coronacases_case10_160,Jun_coronacases_case10,probabilities/mosmed_test_Jun_coronacases_case10_160.npy,masks/mosmed_test_Jun_coronacases_case10_160.png,0.8842962739495505,0.7925905895134507,6.0,1.9889392746973495
mosmed_test_Morozov_study_0277_16,Morozov_study_0277,probabilities/mosmed_test_Morozov_study_0277_16.npy,masks/mosmed_test_Morozov_study_0277_16.png,0.7880239521008856,0.6501976284723243,9.848857801796104,3.382687271065527
mosmed_test_Jun_coronacases_case1_116,Jun_coronacases_case1,probabilities/mosmed_test_Jun_coronacases_case1_116.npy,masks/mosmed_test_Jun_coronacases_case1_116.png,0.791048446595696,0.65432601031117,34.28065524764455,6.586704977254714
mosmed_test_Jun_coronacases_case2_149,Jun_coronacases_case2,probabilities/mosmed_test_Jun_coronacases_case2_149.npy,masks/mosmed_test_Jun_coronacases_case2_149.png,0.8963705826194754,0.8122025097441713,2.8284271247461903,0.9190275486696391
mosmed_test_Morozov_study_0280_12,Morozov_study_0280,probabilities/mosmed_test_Morozov_study_0280_12.npy,masks/mosmed_test_Morozov_study_0280_12.png,0.8660714286312181,0.7637795277450555,2.23606797749979,0.5314718156060715
mosmed_test_Jun_radiopaedia_7_85703_0_case20_22,Jun_radiopaedia_7_85703_0_case20,probabilities/mosmed_test_Jun_radiopaedia_7_85703_0_case20_22.npy,masks/mosmed_test_Jun_radiopaedia_7_85703_0_case20_22.png,0.8347556245194012,0.7163781624626553,5.608058350989902,1.4743821098689645
mosmed_test_Jun_coronacases_case1_217,Jun_coronacases_case1,probabilities/mosmed_test_Jun_coronacases_case1_217.npy,masks/mosmed_test_Jun_coronacases_case1_217.png,0.7412790698050468,0.5889145497485185,2.23606797749979,1.0327819235879094
mosmed_test_Jun_coronacases_case7_99,Jun_coronacases_case7,probabilities/mosmed_test_Jun_coronacases_case7_99.npy,masks/mosmed_test_Jun_coronacases_case7_99.png,0.8957902001416221,0.8112500000117969,2.23606797749979,0.896598374214759
mosmed_test_Morozov_study_0257_20,Morozov_study_0257,probabilities/mosmed_test_Morozov_study_0257_20.npy,masks/mosmed_test_Morozov_study_0257_20.png,0.6986434108673139,0.536857781121604,28.284271247461902,8.143433856339994
mosmed_test_Morozov_study_0297_26,Morozov_study_0297,probabilities/mosmed_test_Morozov_study_0297_26.npy,masks/mosmed_test_Morozov_study_0297_26.png,0.690620272326376,0.5274407857003212,6.4031242374328485,3.0863437585390123
mosmed_test_Jun_coronacases_case5_106,Jun_coronacases_case5,probabilities/mosmed_test_Jun_coronacases_case5_106.npy,masks/mosmed_test_Jun_coronacases_case5_106.png,0.9121967885236694,0.8385678392061201,3.146049894151538,0.9752499191363726
mosmed_test_bjorke_89,bjorke_89,probabilities/mosmed_test_bjorke_89.npy,masks/mosmed_test_bjorke_89.png,0.7571936915180021,0.6092612230497755,17.23366351785866,4.962040769091023
mosmed_test_Jun_coronacases_case3_179,Jun_coronacases_case3,probabilities/mosmed_test_Jun_coronacases_case3_179.npy,masks/mosmed_test_Jun_coronacases_case3_179.png,0.37837837879839303,0.23333333397222225,108.30373883382245,13.939926019373209
mosmed_test_Jun_radiopaedia_7_85703_0_case20_43,Jun_radiopaedia_7_85703_0_case20,probabilities/mosmed_test_Jun_radiopaedia_7_85703_0_case20_43.npy,masks/mosmed_test_Jun_radiopaedia_7_85703_0_case20_43.png,0.8703878902677021,0.7705192630200136,2.8284271247461903,0.987583656897692
mosmed_test_bjorke_56,bjorke_56,probabilities/mosmed_test_bjorke_56.npy,masks/mosmed_test_bjorke_56.png,0.8662340568362805,0.7640325254607877,15.0,3.804808162180859
mosmed_test_Morozov_study_0297_15,Morozov_study_0297,probabilities/mosmed_test_Morozov_study_0297_15.npy,masks/mosmed_test_Morozov_study_0297_15.png,0.7733812949685576,0.63049853373638,10.04987562112089,2.6013315094268075
mosmed_test_Jun_coronacases_case5_139,Jun_coronacases_case5,probabilities/mosmed_test_Jun_coronacases_case5_139.npy,masks/mosmed_test_Jun_coronacases_case5_139.png,0.9148936170260418,0.8431372549181488,2.8284271247461903,0.7954157786501639
mosmed_test_Jun_coronacases_case7_94,Jun_coronacases_case7,probabilities/mosmed_test_Jun_coronacases_case7_94.npy,masks/mosmed_test_Jun_coronacases_case7_94.png,0.9002614867426125,0.8186141304471051,4.092329219213245,1.3019531704464253
mosmed_test_Jun_coronacases_case2_52,Jun_coronacases_case2,probabilities/mosmed_test_Jun_coronacases_case2_52.npy,masks/mosmed_test_Jun_coronacases_case2_52.png,0.9125102207757555,0.8390977443850981,2.23606797749979,0.9004138578192535
mosmed_test_Jun_radiopaedia_10_85902_3_case12_124,Jun_radiopaedia_10_85902_3_case12,probabilities/mosmed_test_Jun_radiopaedia_10_85902_3_case12_124.npy,masks/mosmed_test_Jun_radiopaedia_10_85902_3_case12_124.png,0.9421352893251254,0.8906009245048484,3.1622776601683795,0.996359400802071
mosmed_test_Jun_radiopaedia_27_86410_0_case14_43,Jun_radiopaedia_27_86410_0_case14,probabilities/mosmed_test_Jun_radiopaedia_27_86410_0_case14_43.npy,masks/mosmed_test_Jun_radiopaedia_27_86410_0_case14_43.png,0.8212083847322801,0.6966527197287338,5.0,1.385177646309338
mosmed_test_Jun_coronacases_case1_157,Jun_coronacases_case1,probabilities/mosmed_test_Jun_coronacases_case1_157.npy,masks/mosmed_test_Jun_coronacases_case1_157.png,0.7047934797664761,0.5441552901121127,18.36028140670226,3.3080758602835934
mosmed_test_Jun_coronacases_case2_151,Jun_coronacases_case2,probabilities/mosmed_test_Jun_coronacases_case2_151.npy,masks/mosmed_test_Jun_coronacases_case2_151.png,0.9116022099469713,0.8375634517841457,2.0,0.7494759545421095
mosmed_test_Jun_coronacases_case1_130,Jun_coronacases_case1,probabilities/mosmed_test_Jun_coronacases_case1_130.npy,masks/mosmed_test_Jun_coronacases_case1_130.png,0.8237296377361568,0.7002893757813086,6.708203932499369,2.3995325427027536
mosmed_test_Morozov_study_0258_30,Morozov_study_0258,probabilities/mosmed_test_Morozov_study_0258_30.npy,masks/mosmed_test_Morozov_study_0258_30.png,0.7661822985777831,0.6209850107877977,5.0,1.4769967340886092
mosmed_test_Jun_radiopaedia_36_86526_0_case17_20,Jun_radiopaedia_36_86526_0_case17,probabilities/mosmed_test_Jun_radiopaedia_36_86526_0_case17_20.npy,masks/mosmed_test_Jun_radiopaedia_36_86526_0_case17_20.png,0.857698289274584,0.7508509190094724,2.8284271247461903,0.9650058059133683
mosmed_test_Jun_radiopaedia_40_86625_0_case18_41,Jun_radiopaedia_40_86625_0_case18,probabilities/mosmed_test_Jun_radiopaedia_40_86625_0_case18_41.npy,masks/mosmed_test_Jun_radiopaedia_40_86625_0_case18_41.png,0.8975352658506529,0.8141169853781347,8.602325267042627,2.0642570007259384
mosmed_test_Jun_radiopaedia_10_85902_3_case12_186,Jun_radiopaedia_10_85902_3_case12,probabilities/mosmed_test_Jun_radiopaedia_10_85902_3_case12_186.npy,masks/mosmed_test_Jun_radiopaedia_10_85902_3_case12_186.png,0.9431005110751924,0.8923275306323452,2.8284271247461903,0.8467843472777338
mosmed_test_Jun_radiopaedia_40_86625_0_case18_72,Jun_radiopaedia_40_86625_0_case18,probabilities/mosmed_test_Jun_radiopaedia_40_86625_0_case18_72.npy,masks/mosmed_test_Jun_radiopaedia_40_86625_0_case18_72.png,0.8733080671370392,0.7751081210992294,7.810249675906654,1.8684814790304674
mosmed_test_Jun_coronacases_case2_145,Jun_coronacases_case2,probabilities/mosmed_test_Jun_coronacases_case2_145.npy,masks/mosmed_test_Jun_coronacases_case2_145.png,0.9116735537212894,0.8376839107813155,4.47213595499958,1.296510993335971
mosmed_test_Jun_coronacases_case2_134,Jun_coronacases_case2,probabilities/mosmed_test_Jun_coronacases_case2_134.npy,masks/mosmed_test_Jun_coronacases_case2_134.png,0.9124162802701593,0.8389388915282361,2.23606797749979,0.8269264448830977
mosmed_test_Jun_coronacases_case5_134,Jun_coronacases_case5,probabilities/mosmed_test_Jun_coronacases_case5_134.npy,masks/mosmed_test_Jun_coronacases_case5_134.png,0.8516516516605614,0.7416317991902058,4.894427190999892,1.4365118116401763
mosmed_test_Jun_radiopaedia_29_86491_1_case16_20,Jun_radiopaedia_29_86491_1_case16,probabilities/mosmed_test_Jun_radiopaedia_29_86491_1_case16_20.npy,masks/mosmed_test_Jun_radiopaedia_29_86491_1_case16_20.png,0.9084507042293816,0.8322580645296567,4.0,1.4715262173790602
mosmed_test_Morozov_study_0261_21,Morozov_study_0261,probabilities/mosmed_test_Morozov_study_0261_21.npy,masks/mosmed_test_Morozov_study_0261_21.png,0.8164556962315734,0.689839572275444,3.0,0.8949617007274075
mosmed_test_Jun_coronacases_case7_61,Jun_coronacases_case7,probabilities/mosmed_test_Jun_coronacases_case7_61.npy,masks/mosmed_test_Jun_coronacases_case7_61.png,0.9210526316828255,0.8536585369422962,1.0,0.19148936170212766
mosmed_test_Morozov_study_0261_16,Morozov_study_0261,probabilities/mosmed_test_Morozov_study_0261_16.npy,masks/mosmed_test_Morozov_study_0261_16.png,0.8426966293018558,0.7281553400697521,2.0,0.6781986530334828
mosmed_test_Morozov_study_0288_18,Morozov_study_0288,probabilities/mosmed_test_Morozov_study_0288_18.npy,masks/mosmed_test_Morozov_study_0288_18.png,0.6066945606831697,0.4354354354636919,30.609638797604372,7.0177303703001765
mosmed_test_Morozov_study_0286_21,Morozov_study_0286,probabilities/mosmed_test_Morozov_study_0286_21.npy,masks/mosmed_test_Morozov_study_0286_21.png,0.6428033157632704,0.47362576349396857,96.87620966986684,14.941035381678828
mosmed_test_Jun_coronacases_case3_146,Jun_coronacases_case3,probabilities/mosmed_test_Jun_coronacases_case3_146.npy,masks/mosmed_test_Jun_coronacases_case3_146.png,0.9416821894262547,0.8897914974305499,2.0,0.7667959201472502
mosmed_test_Morozov_study_0298_19,Morozov_study_0298,probabilities/mosmed_test_Morozov_study_0298_19.npy,masks/mosmed_test_Morozov_study_0298_19.png,0.4925283921403151,0.3267248216235746,46.65395585789744,12.066681344679688
mosmed_test_Jun_coronacases_case6_46,Jun_coronacases_case6,probabilities/mosmed_test_Jun_coronacases_case6_46.npy,masks/mosmed_test_Jun_coronacases_case6_46.png,0.6956521743541274,0.5333333343703703,2.0,0.8558375965793723
mosmed_test_Morozov_study_0264_31,Morozov_study_0264,probabilities/mosmed_test_Morozov_study_0264_31.npy,masks/mosmed_test_Morozov_study_0264_31.png,0.3000000004375,0.17647058884083047,136.85391311077166,34.574660519675625
mosmed_test_Jun_coronacases_case8_216,Jun_coronacases_case8,probabilities/mosmed_test_Jun_coronacases_case8_216.npy,masks/mosmed_test_Jun_coronacases_case8_216.png,0.888320545619069,0.799079754632043,3.0,1.0168885017212195
mosmed_test_Jun_coronacases_case7_143,Jun_coronacases_case7,probabilities/mosmed_test_Jun_coronacases_case7_143.npy,masks/mosmed_test_Jun_coronacases_case7_143.png,0.9119901870618832,0.8382187147780035,2.0,0.9508648017153166
mosmed_test_Morozov_study_0271_15,Morozov_study_0271,probabilities/mosmed_test_Morozov_study_0271_15.npy,masks/mosmed_test_Morozov_study_0271_15.png,0.7908496732367893,0.6540540541475529,2.8284271247461903,1.1439863270110768
mosmed_test_Morozov_study_0297_34,Morozov_study_0297,probabilities/mosmed_test_Morozov_study_0297_34.npy,masks/mosmed_test_Morozov_study_0297_34.png,0.717716672477629,0.5597176981780827,35.81548259982689,4.92315329468539
mosmed_test_Jun_radiopaedia_10_85902_1_case11_12,Jun_radiopaedia_10_85902_1_case11,probabilities/mosmed_test_Jun_radiopaedia_10_85902_1_case11_12.npy,masks/mosmed_test_Jun_radiopaedia_10_85902_1_case11_12.png,0.9054441260769616,0.8272251308982759,4.242640687119285,1.7449035302176523
mosmed_test_Jun_coronacases_case10_228,Jun_coronacases_case10,probabilities/mosmed_test_Jun_coronacases_case10_228.npy,masks/mosmed_test_Jun_coronacases_case10_228.png,0.8824065633581767,0.7895595432414595,3.605551275463989,1.200945652303871
mosmed_test_Jun_coronacases_case1_185,Jun_coronacases_case1,probabilities/mosmed_test_Jun_coronacases_case1_185.npy,masks/mosmed_test_Jun_coronacases_case1_185.png,0.8264281803280448,0.7041990668832286,4.0,1.5139748971695848
mosmed_test_Jun_coronacases_case7_106,Jun_coronacases_case7,probabilities/mosmed_test_Jun_coronacases_case7_106.npy,masks/mosmed_test_Jun_coronacases_case7_106.png,0.915123995811557,0.8435286542277187,2.8284271247461903,0.8909596028973817
mosmed_test_Jun_coronacases_case1_150,Jun_coronacases_case1,probabilities/mosmed_test_Jun_coronacases_case1_150.npy,masks/mosmed_test_Jun_coronacases_case1_150.png,0.837910779491381,0.7210382513737421,6.4031242374328485,2.38817709826484
mosmed_test_Jun_coronacases_case1_199,Jun_coronacases_case1,probabilities/mosmed_test_Jun_coronacases_case1_199.npy,masks/mosmed_test_Jun_coronacases_case1_199.png,0.8184605454281352,0.6927069106885357,7.0,2.0534859189851304
mosmed_test_Jun_coronacases_case10_129,Jun_coronacases_case10,probabilities/mosmed_test_Jun_coronacases_case10_129.npy,masks/mosmed_test_Jun_coronacases_case10_129.png,0.836533602831777,0.7190010857824322,7.0,2.144448587264909
mosmed_test_bjorke_76,bjorke_76,probabilities/mosmed_test_bjorke_76.npy,masks/mosmed_test_bjorke_76.png,0.6742458239856682,0.5085752971302198,19.79898987322333,6.00756183036622
mosmed_test_Morozov_study_0290_26,Morozov_study_0290,probabilities/mosmed_test_Morozov_study_0290_26.npy,masks/mosmed_test_Morozov_study_0290_26.png,0.7920792080237231,0.655737705200215,4.76246117974981,1.1358231810574955
mosmed_test_Jun_coronacases_case7_111,Jun_coronacases_case7,probabilities/mosmed_test_Jun_coronacases_case7_111.npy,masks/mosmed_test_Jun_coronacases_case7_111.png,0.9193231011444579,0.8506919155243488,2.8284271247461903,0.8637739147010799
mosmed_test_Morozov_study_0280_29,Morozov_study_0280,probabilities/mosmed_test_Morozov_study_0280_29.npy,masks/mosmed_test_Morozov_study_0280_29.png,0.7848101268546708,0.6458333340711806,2.0,0.5941286878381524
mosmed_test_Morozov_study_0290_20,Morozov_study_0290,probabilities/mosmed_test_Morozov_study_0290_20.npy,masks/mosmed_test_Morozov_study_0290_20.png,0.7281323877711271,0.5724907064786279,5.385164807134504,1.1794623077386632
mosmed_test_Jun_coronacases_case10_186,Jun_coronacases_case10,probabilities/mosmed_test_Jun_coronacases_case10_186.npy,masks/mosmed_test_Jun_coronacases_case10_186.png,0.8914468425277147,0.804153446789612,3.0,1.1091632602689823
mosmed_test_Jun_radiopaedia_10_85902_3_case12_119,Jun_radiopaedia_10_85902_3_case12,probabilities/mosmed_test_Jun_radiopaedia_10_85902_3_case12_119.npy,masks/mosmed_test_Jun_radiopaedia_10_85902_3_case12_119.png,0.9531602708816829,0.910512129384878,2.16524758424985,0.7829585311513877
mosmed_test_Jun_coronacases_case1_171,Jun_coronacases_case1,probabilities/mosmed_test_Jun_coronacases_case1_171.npy,masks/mosmed_test_Jun_coronacases_case1_171.png,0.8324607329905587,0.7130044843233181,4.0,1.1801112166316856
mosmed_test_Jun_coronacases_case6_89,Jun_coronacases_case6,probabilities/mosmed_test_Jun_coronacases_case6_89.npy,masks/mosmed_test_Jun_coronacases_case6_89.png,0.9683212771272557,0.9385880077399137,1.4142135623730951,0.5159359729651334
mosmed_test_Jun_coronacases_case7_91,Jun_coronacases_case7,probabilities/mosmed_test_Jun_coronacases_case7_91.npy,masks/mosmed_test_Jun_coronacases_case7_91.png,0.7532219570523523,0.6041347626643081,5.830951894845301,2.029246040045006
mosmed_test_Jun_coronacases_case3_100,Jun_coronacases_case3,probabilities/mosmed_test_Jun_coronacases_case3_100.npy,masks/mosmed_test_Jun_coronacases_case3_100.png,0.9202330508478801,0.8522515451795128,11.661903789690601,2.5314596448184075
mosmed_test_Morozov_study_0255_16,Morozov_study_0255,probabilities/mosmed_test_Morozov_study_0255_16.npy,masks/mosmed_test_Morozov_study_0255_16.png,0.8911917098469087,0.8037383177646519,5.0,1.7359497251615161
mosmed_test_Morozov_study_0272_20,Morozov_study_0272,probabilities/mosmed_test_Morozov_study_0272_20.npy,masks/mosmed_test_Morozov_study_0272_20.png,0.8783333333434722,0.7830609212803773,5.691168824543131,1.635242808848162
mosmed_test_Jun_radiopaedia_4_85506_1_case19_27,Jun_radiopaedia_4_85506_1_case19,probabilities/mosmed_test_Jun_radiopaedia_4_85506_1_case19_27.npy,masks/mosmed_test_Jun_radiopaedia_4_85506_1_case19_27.png,0.8943255181823199,0.808850645371306,3.1622776601683795,1.1817959496019708
mosmed_test_Jun_radiopaedia_14_85914_0_case13_20,Jun_radiopaedia_14_85914_0_case13,probabilities/mosmed_test_Jun_radiopaedia_14_85914_0_case13_20.npy,masks/mosmed_test_Jun_radiopaedia_14_85914_0_case13_20.png,0.8540949759144169,0.7453453453529926,5.656854249492381,2.1608079658774733
mosmed_test_Jun_radiopaedia_27_86410_0_case14_28,Jun_radiopaedia_27_86410_0_case14,probabilities/mosmed_test_Jun_radiopaedia_27_86410_0_case14_28.npy,masks/mosmed_test_Jun_radiopaedia_27_86410_0_case14_28.png,0.8265968586405591,0.7044440478367938,10.513065327622927,3.743656562027488
mosmed_test_Jun_coronacases_case9_136,Jun_coronacases_case9,probabilities/mosmed_test_Jun_coronacases_case9_136.npy,masks/mosmed_test_Jun_coronacases_case9_136.png,0.9420111042584204,0.8903790087527476,2.0,0.7008691728346957
mosmed_test_Jun_coronacases_case5_62,Jun_coronacases_case5,probabilities/mosmed_test_Jun_coronacases_case5_62.npy,masks/mosmed_test_Jun_coronacases_case5_62.png,0.8664688427497821,0.7643979058208382,2.23606797749979,1.1452461799102458
mosmed_test_Morozov_study_0277_10,Morozov_study_0277,probabilities/mosmed_test_Morozov_study_0277_10.npy,masks/mosmed_test_Morozov_study_0277_10.png,0.4789972899905489,0.3149220490282886,24.166091947189145,8.08423319675063
mosmed_test_Jun_coronacases_case6_106,Jun_coronacases_case6,probabilities/mosmed_test_Jun_coronacases_case6_106.npy,masks/mosmed_test_Jun_coronacases_case6_106.png,0.8481308411303662,0.7363083164567639,40.067311216671264,3.866977088648872
mosmed_test_Jun_radiopaedia_40_86625_0_case18_40,Jun_radiopaedia_40_86625_0_case18,probabilities/mosmed_test_Jun_radiopaedia_40_86625_0_case18_40.npy,masks/mosmed_test_Jun_radiopaedia_40_86625_0_case18_40.png,0.8933609472084195,0.8072740113007961,12.257231377911845,2.6983820319179546
mosmed_test_Morozov_study_0295_28,Morozov_study_0295,probabilities/mosmed_test_Morozov_study_0295_28.npy,masks/mosmed_test_Morozov_study_0295_28.png,0.40000000092307697,0.25000000144230766,10.04987562112089,2.879574180013015
mosmed_test_Morozov_study_0275_12,Morozov_study_0275,probabilities/mosmed_test_Morozov_study_0275_12.npy,masks/mosmed_test_Morozov_study_0275_12.png,0.6697108067473805,0.5034324943928071,182.59188343936302,16.148318007335394
mosmed_test_Jun_coronacases_case8_161,Jun_coronacases_case8,probabilities/mosmed_test_Jun_coronacases_case8_161.npy,masks/mosmed_test_Jun_coronacases_case8_161.png,0.8547158758097623,0.7462915601152792,4.0,1.5373668463097503
mosmed_test_Jun_coronacases_case4_144,Jun_coronacases_case4,probabilities/mosmed_test_Jun_coronacases_case4_144.npy,masks/mosmed_test_Jun_coronacases_case4_144.png,0.8854229154237899,0.7944025834451666,3.4947328716400867,1.1068042129594997
mosmed_test_Morozov_study_0279_28,Morozov_study_0279,probabilities/mosmed_test_Morozov_study_0279_28.npy,masks/mosmed_test_Morozov_study_0279_28.png,0.7579908676904151,0.6102941179336072,3.4060781485809635,0.8944749058862982
mosmed_test_Morozov_study_0262_13,Morozov_study_0262,probabilities/mosmed_test_Morozov_study_0262_13.npy,masks/mosmed_test_Morozov_study_0262_13.png,0.520599251026105,0.35189873434129143,6.17947964631363,2.2133488926908655
mosmed_test_Jun_coronacases_case3_130,Jun_coronacases_case3,probabilities/mosmed_test_Jun_coronacases_case3_130.npy,masks/mosmed_test_Jun_coronacases_case3_130.png,0.9250331125834435,0.8605224248421139,4.0,1.2784910473426465
mosmed_test_Jun_coronacases_case3_120,Jun_coronacases_case3,probabilities/mosmed_test_Jun_coronacases_case3_120.npy,masks/mosmed_test_Jun_coronacases_case3_120.png,0.8979109674216743,0.8147354169038165,6.0,2.012828703096187
mosmed_test_Morozov_study_0275_38,Morozov_study_0275,probabilities/mosmed_test_Morozov_study_0275_38.npy,masks/mosmed_test_Morozov_study_0275_38.png,0.8143712575961849,0.6868686871849811,10.287406715840667,1.6117632609882893
mosmed_test_Jun_coronacases_case1_192,Jun_coronacases_case1,probabilities/mosmed_test_Jun_coronacases_case1_192.npy,masks/mosmed_test_Jun_coronacases_case1_192.png,0.7323442136577939,0.5777153558250134,17.26267650163207,3.747598548945678
mosmed_test_Morozov_study_0264_33,Morozov_study_0264,probabilities/mosmed_test_Morozov_study_0264_33.npy,masks/mosmed_test_Morozov_study_0264_33.png,0.8096885813807305,0.6802325583254462,2.0,0.7333280886562025
mosmed_test_Jun_coronacases_case1_98,Jun_coronacases_case1,probabilities/mosmed_test_Jun_coronacases_case1_98.npy,masks/mosmed_test_Jun_coronacases_case1_98.png,0.918565069392025,0.84939467313078,4.0,1.0155408418846217
mosmed_test_bjorke_53,bjorke_53,probabilities/mosmed_test_bjorke_53.npy,masks/mosmed_test_bjorke_53.png,0.45016585058087055,0.2904606604230487,50.0,13.243773346769162
mosmed_test_bjorke_100,bjorke_100,probabilities/mosmed_test_bjorke_100.npy,masks/mosmed_test_bjorke_100.png,0.5515489535614803,0.3807853602792162,64.8459713474939,12.793919030779191
mosmed_test_Jun_coronacases_case7_155,Jun_coronacases_case7,probabilities/mosmed_test_Jun_coronacases_case7_155.npy,masks/mosmed_test_Jun_coronacases_case7_155.png,0.9006993007039302,0.8193384224071807,2.8284271247461903,0.8277354051718288
mosmed_test_Jun_coronacases_case1_146,Jun_coronacases_case1,probabilities/mosmed_test_Jun_coronacases_case1_146.npy,masks/mosmed_test_Jun_coronacases_case1_146.png,0.7894654334568197,0.6521626521716611,34.57694431674064,4.723253836672746
mosmed_test_Jun_coronacases_case7_149,Jun_coronacases_case7,probabilities/mosmed_test_Jun_coronacases_case7_149.npy,masks/mosmed_test_Jun_coronacases_case7_149.png,0.9022332506251993,0.8218806510106798,2.23606797749979,0.7534030307433046
mosmed_test_Jun_coronacases_case9_119,Jun_coronacases_case9,probabilities/mosmed_test_Jun_coronacases_case9_119.npy,masks/mosmed_test_Jun_coronacases_case9_119.png,0.9338491295950899,0.875907111760671,4.7096747752497325,1.0458421907171205
mosmed_test_Jun_radiopaedia_10_85902_3_case12_73,Jun_radiopaedia_10_85902_3_case12,probabilities/mosmed_test_Jun_radiopaedia_10_85902_3_case12_73.npy,masks/mosmed_test_Jun_radiopaedia_10_85902_3_case12_73.png,0.9086336965709444,0.832565284203907,2.0,0.83059766436221
mosmed_test_Jun_coronacases_case2_63,Jun_coronacases_case2,probabilities/mosmed_test_Jun_coronacases_case2_63.npy,masks/mosmed_test_Jun_coronacases_case2_63.png,0.850299401215533,0.7395833333875869,72.23742826624002,5.018148250838236
mosmed_test_Jun_coronacases_case10_179,Jun_coronacases_case10,probabilities/mosmed_test_Jun_coronacases_case10_179.npy,masks/mosmed_test_Jun_coronacases_case10_179.png,0.8888122737478226,0.7998758920322719,4.123105625617661,1.3111928273748787
mosmed_test_Morozov_study_0265_18,Morozov_study_0265,probabilities/mosmed_test_Morozov_study_0265_18.npy,masks/mosmed_test_Morozov_study_0265_18.png,0.8735271013403957,0.7754532775609866,97.11024176287098,7.1606293719122975
mosmed_test_Jun_coronacases_case9_189,Jun_coronacases_case9,probabilities/mosmed_test_Jun_coronacases_case9_189.npy,masks/mosmed_test_Jun_coronacases_case9_189.png,0.8495762711917523,0.7384898711026096,64.1248781675256,6.367526632483376
mosmed_test_Morozov_study_0293_26,Morozov_study_0293,probabilities/mosmed_test_Morozov_study_0293_26.npy,masks/mosmed_test_Morozov_study_0293_26.png,0.7438596492126808,0.5921787711775538,2.23606797749979,1.0733745652915256
mosmed_test_Jun_coronacases_case10_102,Jun_coronacases_case10,probabilities/mosmed_test_Jun_coronacases_case10_102.npy,masks/mosmed_test_Jun_coronacases_case10_102.png,0.9037057832691787,0.8243277848956638,3.605551275463989,1.9469242193971554
mosmed_test_Morozov_study_0275_25,Morozov_study_0275,probabilities/mosmed_test_Morozov_study_0275_25.npy,masks/mosmed_test_Morozov_study_0275_25.png,0.8144404332263943,0.6869671133146203,4.604101966249685,1.455358181114694
mosmed_test_Morozov_study_0277_11,Morozov_study_0277,probabilities/mosmed_test_Morozov_study_0277_11.npy,masks/mosmed_test_Morozov_study_0277_11.png,0.4043321300714202,0.25339366532728647,65.29471502276242,23.875341769767168
mosmed_test_Jun_coronacases_case4_129,Jun_coronacases_case4,probabilities/mosmed_test_Jun_coronacases_case4_129.npy,masks/mosmed_test_Jun_coronacases_case4_129.png,0.9200000000038097,0.851851851864916,2.0,0.7654066428493759
mosmed_test_Jun_radiopaedia_14_85914_0_case13_22,Jun_radiopaedia_14_85914_0_case13,probabilities/mosmed_test_Jun_radiopaedia_14_85914_0_case13_22.npy,masks/mosmed_test_Jun_radiopaedia_14_85914_0_case13_22.png,0.87656933277082,0.7802611752943179,6.631934008732739,1.808927920725927
mosmed_test_Morozov_study_0303_9,Morozov_study_0303,probabilities/mosmed_test_Morozov_study_0303_9.npy,masks/mosmed_test_Morozov_study_0303_9.png,0.6682577565896374,0.5017921147548636,7.292036661915136,1.9249735410801032
mosmed_test_bjorke_8,bjorke_8,probabilities/mosmed_test_bjorke_8.npy,masks/mosmed_test_bjorke_8.png,0.7915462177902992,0.6550074396253748,28.800167613666314,9.661773960010176
mosmed_test_Morozov_study_0296_17,Morozov_study_0296,probabilities/mosmed_test_Morozov_study_0296_17.npy,masks/mosmed_test_Morozov_study_0296_17.png,0.39184952987588567,0.24366471749636165,22.0,6.012614256175206
mosmed_test_Morozov_study_0302_22,Morozov_study_0302,probabilities/mosmed_test_Morozov_study_0302_22.npy,masks/mosmed_test_Morozov_study_0302_22.png,0.7220956720134287,0.5650623886693295,5.0,1.6106324422325935
mosmed_test_Jun_coronacases_case8_82,Jun_coronacases_case8,probabilities/mosmed_test_Jun_coronacases_case8_82.npy,masks/mosmed_test_Jun_coronacases_case8_82.png,0.8947655398065767,0.8095707942866517,3.0,1.1397156445077687
mosmed_test_Morozov_study_0299_28,Morozov_study_0299,probabilities/mosmed_test_Morozov_study_0299_28.npy,masks/mosmed_test_Morozov_study_0299_28.png,0.7144686299981474,0.5557768925187696,16.774215285646793,2.5355496757927307
mosmed_test_Jun_coronacases_case2_40,Jun_coronacases_case2,probabilities/mosmed_test_Jun_coronacases_case2_40.npy,masks/mosmed_test_Jun_coronacases_case2_40.png,0.9277192982506863,0.8651832460909445,2.0,0.6321197294077278
mosmed_test_Morozov_study_0269_26,Morozov_study_0269,probabilities/mosmed_test_Morozov_study_0269_26.npy,masks/mosmed_test_Morozov_study_0269_26.png,0.5787965617252732,0.40725806475513787,7.827097897638758,2.420015198074499
mosmed_test_Jun_coronacases_case4_86,Jun_coronacases_case4,probabilities/mosmed_test_Jun_coronacases_case4_86.npy,masks/mosmed_test_Jun_coronacases_case4_86.png,0.9015578389160902,0.8207604103910223,2.8284271247461903,0.9267336182118631
mosmed_test_Morozov_study_0268_11,Morozov_study_0268,probabilities/mosmed_test_Morozov_study_0268_11.npy,masks/mosmed_test_Morozov_study_0268_11.png,0.6785714286670917,0.5135135137326515,78.58354090695684,7.42927207847592
mosmed_test_Jun_coronacases_case8_154,Jun_coronacases_case8,probabilities/mosmed_test_Jun_coronacases_case8_154.npy,masks/mosmed_test_Jun_coronacases_case8_154.png,0.9203862270009039,0.8525143435756829,2.8284271247461903,1.0865337275174687
mosmed_test_Jun_coronacases_case10_113,Jun_coronacases_case10,probabilities/mosmed_test_Jun_coronacases_case10_113.npy,masks/mosmed_test_Jun_coronacases_case10_113.png,0.8851651059649438,0.7939876215783822,5.0,1.9159950756247495
mosmed_test_Morozov_study_0255_25,Morozov_study_0255,probabilities/mosmed_test_Morozov_study_0255_25.npy,masks/mosmed_test_Morozov_study_0255_25.png,0.8740213523176504,0.7762326169547261,5.0,1.348535832144226
mosmed_test_Jun_coronacases_case4_115,Jun_coronacases_case4,probabilities/mosmed_test_Jun_coronacases_case4_115.npy,masks/mosmed_test_Jun_coronacases_case4_115.png,0.817826426910256,0.6917989418397091,4.116950344336776,2.7023032516662973
mosmed_test_Jun_radiopaedia_4_85506_1_case19_13,Jun_radiopaedia_4_85506_1_case19,probabilities/mosmed_test_Jun_radiopaedia_4_85506_1_case19_13.npy,masks/mosmed_test_Jun_radiopaedia_4_85506_1_case19_13.png,0.8848205802825228,0.7934333835782592,9.447194094168736,3.2110371296406375
mosmed_test_Jun_coronacases_case8_62,Jun_coronacases_case8,probabilities/mosmed_test_Jun_coronacases_case8_62.npy,masks/mosmed_test_Jun_coronacases_case8_62.png,0.8875432526048838,0.7978227060967616,2.0,0.6576909140355062
mosmed_test_bjorke_98,bjorke_98,probabilities/mosmed_test_bjorke_98.npy,masks/mosmed_test_bjorke_98.png,0.8185456971334384,0.692828910225996,8.0,2.5909100745113482
mosmed_test_bjorke_7,bjorke_7,probabilities/mosmed_test_bjorke_7.npy,masks/mosmed_test_bjorke_7.png,0.7291824854501495,0.5737900816655289,21.99086437441585,5.48475321451854
mosmed_test_Jun_coronacases_case8_168,Jun_coronacases_case8,probabilities/mosmed_test_Jun_coronacases_case8_168.npy,masks/mosmed_test_Jun_coronacases_case8_168.png,0.801131008501307,0.6682389937628556,4.0,1.4789418057623653
mosmed_test_Morozov_study_0276_30,Morozov_study_0276,probabilities/mosmed_test_Morozov_study_0276_30.npy,masks/mosmed_test_Morozov_study_0276_30.png,0.8377358490770144,0.7207792208396582,3.0,0.685283841808383
mosmed_test_Jun_coronacases_case2_74,Jun_coronacases_case2,probabilities/mosmed_test_Jun_coronacases_case2_74.npy,masks/mosmed_test_Jun_coronacases_case2_74.png,0.8772663877351976,0.7813664596544886,4.0,1.5493146827529192
mosmed_test_Jun_coronacases_case10_147,Jun_coronacases_case10,probabilities/mosmed_test_Jun_coronacases_case10_147.npy,masks/mosmed_test_Jun_coronacases_case10_147.png,0.8907672301708263,0.8030480656564171,4.194826662518624,2.6565959368140284
mosmed_test_Morozov_study_0280_26,Morozov_study_0280,probabilities/mosmed_test_Morozov_study_0280_26.npy,masks/mosmed_test_Morozov_study_0280_26.png,0.6822558459859346,0.5177453028146669,7.280109889280518,1.473902661723448
mosmed_test_Jun_coronacases_case8_105,Jun_coronacases_case8,probabilities/mosmed_test_Jun_coronacases_case8_105.npy,masks/mosmed_test_Jun_coronacases_case8_105.png,0.8818195332260768,0.7886200478652321,8.06225774829855,2.0326795712964763
mosmed_test_Morozov_study_0275_20,Morozov_study_0275,probabilities/mosmed_test_Morozov_study_0275_20.npy,masks/mosmed_test_Morozov_study_0275_20.png,0.518518518696845,0.350000000325,265.51081613582085,39.78452238127576
mosmed_test_Morozov_study_0259_19,Morozov_study_0259,probabilities/mosmed_test_Morozov_study_0259_19.npy,masks/mosmed_test_Morozov_study_0259_19.png,0.5706390328300298,0.39922667958437763,14.035668847618199,4.2112947737904625
mosmed_test_Morozov_study_0292_25,Morozov_study_0292,probabilities/mosmed_test_Morozov_study_0292_25.npy,masks/mosmed_test_Morozov_study_0292_25.png,0.5580524345396907,0.3870129871722044,97.31006569598024,24.92851266593676
mosmed_test_Jun_radiopaedia_14_85914_0_case13_51,Jun_radiopaedia_14_85914_0_case13,probabilities/mosmed_test_Jun_radiopaedia_14_85914_0_case13_51.npy,masks/mosmed_test_Jun_radiopaedia_14_85914_0_case13_51.png,0.8184239249080182,0.6926544487164303,10.295630140987,3.0615625982209362
mosmed_test_Jun_radiopaedia_14_85914_0_case13_63,Jun_radiopaedia_14_85914_0_case13,probabilities/mosmed_test_Jun_radiopaedia_14_85914_0_case13_63.npy,masks/mosmed_test_Jun_radiopaedia_14_85914_0_case13_63.png,0.8564468295443566,0.7489348564387223,10.0,2.649548347313525
mosmed_test_Jun_coronacases_case1_169,Jun_coronacases_case1,probabilities/mosmed_test_Jun_coronacases_case1_169.npy,masks/mosmed_test_Jun_coronacases_case1_169.png,0.7997097242452935,0.6662636034059091,5.0,2.1233172957766864
mosmed_test_Morozov_study_0292_29,Morozov_study_0292,probabilities/mosmed_test_Morozov_study_0292_29.npy,masks/mosmed_test_Morozov_study_0292_29.png,0.26666666829629626,0.15384615601577908,3.890206168048507,1.9393957312096206
mosmed_test_Jun_radiopaedia_40_86625_0_case18_36,Jun_radiopaedia_40_86625_0_case18,probabilities/mosmed_test_Jun_radiopaedia_40_86625_0_case18_36.npy,masks/mosmed_test_Jun_radiopaedia_40_86625_0_case18_36.png,0.9110071094283484,0.8365592808881532,5.385164807134504,1.7067097941728573
mosmed_test_Jun_coronacases_case4_123,Jun_coronacases_case4,probabilities/mosmed_test_Jun_coronacases_case4_123.npy,masks/mosmed_test_Jun_coronacases_case4_123.png,0.820717131483032,0.6959459459716261,11.790822701666645,3.7137795230036086
mosmed_test_Morozov_study_0300_32,Morozov_study_0300,probabilities/mosmed_test_Morozov_study_0300_32.npy,masks/mosmed_test_Morozov_study_0300_32.png,0.6709677421477628,0.5048543694127627,3.605551275463989,0.9268729478327647
mosmed_test_Jun_coronacases_case3_94,Jun_coronacases_case3,probabilities/mosmed_test_Jun_coronacases_case3_94.npy,masks/mosmed_test_Jun_coronacases_case3_94.png,0.9172428932064689,0.8471363405996236,7.0710678118654755,2.126904330791819
mosmed_test_Jun_coronacases_case2_54,Jun_coronacases_case2,probabilities/mosmed_test_Jun_coronacases_case2_54.npy,masks/mosmed_test_Jun_coronacases_case2_54.png,0.9278350515525915,0.8653846154061884,2.0,0.6882653569260674
mosmed_test_Jun_coronacases_case1_101,Jun_coronacases_case1,probabilities/mosmed_test_Jun_coronacases_case1_101.npy,masks/mosmed_test_Jun_coronacases_case1_101.png,0.9159082635617781,0.8448623237123954,3.0,1.134527118745432
mosmed_test_Jun_coronacases_case2_120,Jun_coronacases_case2,probabilities/mosmed_test_Jun_coronacases_case2_120.npy,masks/mosmed_test_Jun_coronacases_case2_120.png,0.8307692307782085,0.7105263158157417,14.845819609901481,2.054594825623087
mosmed_test_Morozov_study_0266_17,Morozov_study_0266,probabilities/mosmed_test_Morozov_study_0266_17.npy,masks/mosmed_test_Morozov_study_0266_17.png,7.142857091836735e-09,7.142857091836735e-09,543.0580079512685,543.0580079512685
mosmed_test_Morozov_study_0270_12,Morozov_study_0270,probabilities/mosmed_test_Morozov_study_0270_12.npy,masks/mosmed_test_Morozov_study_0270_12.png,0.6695095949062182,0.5032051282582046,7.211102550927978,2.1746870972027517
mosmed_test_Jun_coronacases_case3_171,Jun_coronacases_case3,probabilities/mosmed_test_Jun_coronacases_case3_171.npy,masks/mosmed_test_Jun_coronacases_case3_171.png,0.8832565284267853,0.7909215956271084,3.1622776601683795,1.0499458652274438
mosmed_test_Jun_coronacases_case6_67,Jun_coronacases_case6,probabilities/mosmed_test_Jun_coronacases_case6_67.npy,masks/mosmed_test_Jun_coronacases_case6_67.png,0.8955811989897107,0.8109072375223798,4.47213595499958,1.5879451981090333
mosmed_test_Jun_radiopaedia_10_85902_3_case12_69,Jun_radiopaedia_10_85902_3_case12,probabilities/mosmed_test_Jun_radiopaedia_10_85902_3_case12_69.npy,masks/mosmed_test_Jun_radiopaedia_10_85902_3_case12_69.png,0.9154334038144362,0.844054580927085,2.0,0.6910922925205718
mosmed_test_Jun_radiopaedia_27_86410_0_case14_29,Jun_radiopaedia_27_86410_0_case14,probabilities/mosmed_test_Jun_radiopaedia_27_86410_0_case14_29.npy,masks/mosmed_test_Jun_radiopaedia_27_86410_0_case14_29.png,0.8732000859674058,0.7749380125925055,6.0,2.6462543454566156
mosmed_test_Morozov_study_0289_25,Morozov_study_0289,probabilities/mosmed_test_Morozov_study_0289_25.npy,masks/mosmed_test_Morozov_study_0289_25.png,0.7459324155511974,0.5948103793223931,4.242640687119285,1.1712187131503244
mosmed_test_Jun_radiopaedia_40_86625_0_case18_61,Jun_radiopaedia_40_86625_0_case18,probabilities/mosmed_test_Jun_radiopaedia_40_86625_0_case18_61.npy,masks/mosmed_test_Jun_radiopaedia_40_86625_0_case18_61.png,0.8723653395791336,0.7736240913832377,14.317821063276353,2.8656308380959095
mosmed_test_Morozov_study_0289_29,Morozov_study_0289,probabilities/mosmed_test_Morozov_study_0289_29.npy,masks/mosmed_test_Morozov_study_0289_29.png,0.8860759493911232,0.7954545455320247,2.0,0.5715006698079925
mosmed_test_Jun_coronacases_case8_152,Jun_coronacases_case8,probabilities/mosmed_test_Jun_coronacases_case8_152.npy,masks/mosmed_test_Jun_coronacases_case8_152.png,0.9132778049989666,0.8403967538370786,3.0,1.0058750523207032
mosmed_test_Morozov_study_0276_38,Morozov_study_0276,probabilities/mosmed_test_Morozov_study_0276_38.npy,masks/mosmed_test_Morozov_study_0276_38.png,0.8385744235139257,0.7220216607501726,2.0,0.8258710409550696
mosmed_test_Morozov_study_0284_13,Morozov_study_0284,probabilities/mosmed_test_Morozov_study_0284_13.npy,masks/mosmed_test_Morozov_study_0284_13.png,0.31481481513203013,0.18681318725999277,194.9317607575516,54.36047939940565
mosmed_test_Jun_coronacases_case7_86,Jun_coronacases_case7,probabilities/mosmed_test_Jun_coronacases_case7_86.npy,masks/mosmed_test_Jun_coronacases_case7_86.png,0.9436619718442109,0.8933333333807407,1.0,0.34782966931695264
mosmed_test_bjorke_93,bjorke_93,probabilities/mosmed_test_bjorke_93.npy,masks/mosmed_test_bjorke_93.png,0.6762985411256869,0.5109147055743699,11.180339887498949,2.8890944579362223
mosmed_test_Jun_coronacases_case8_160,Jun_coronacases_case8,probabilities/mosmed_test_Jun_coronacases_case8_160.npy,masks/mosmed_test_Jun_coronacases_case8_160.png,0.8771071234399916,0.7811138014633844,3.0,1.5547772983438286
mosmed_test_Jun_coronacases_case3_53,Jun_coronacases_case3,probabilities/mosmed_test_Jun_coronacases_case3_53.npy,masks/mosmed_test_Jun_coronacases_case3_53.png,0.8240580712124418,0.7007642563374037,5.385164807134504,1.57559567651441
mosmed_test_Morozov_study_0256_28,Morozov_study_0256,probabilities/mosmed_test_Morozov_study_0256_28.npy,masks/mosmed_test_Morozov_study_0256_28.png,0.9061402041173475,0.8283878862089817,6.4031242374328485,1.8283165773094043
mosmed_test_Jun_radiopaedia_27_86410_0_case14_14,Jun_radiopaedia_27_86410_0_case14,probabilities/mosmed_test_Jun_radiopaedia_27_86410_0_case14_14.npy,masks/mosmed_test_Jun_radiopaedia_27_86410_0_case14_14.png,0.8391826548145502,0.7229239451834742,12.425543400104026,4.114534229930369
mosmed_test_Morozov_study_0267_23,Morozov_study_0267,probabilities/mosmed_test_Morozov_study_0267_23.npy,masks/mosmed_test_Morozov_study_0267_23.png,0.6057142858269388,0.43442622973998923,5.6829688962953195,2.2633425016210698
mosmed_test_Jun_coronacases_case6_109,Jun_coronacases_case6,probabilities/mosmed_test_Jun_coronacases_case6_109.npy,masks/mosmed_test_Jun_coronacases_case6_109.png,0.9025000000060938,0.8223234624348151,3.273096063992282,1.0627410200217429
mosmed_test_Jun_coronacases_case9_148,Jun_coronacases_case9,probabilities/mosmed_test_Jun_coronacases_case9_148.npy,masks/mosmed_test_Jun_coronacases_case9_148.png,0.8627450980495668,0.7586206896871855,2.23606797749979,0.9594315866983323
mosmed_test_Morozov_study_0285_29,Morozov_study_0285,probabilities/mosmed_test_Morozov_study_0285_29.npy,masks/mosmed_test_Morozov_study_0285_29.png,0.6666666671296297,0.5000000010416666,2.38415776431139,0.7629508261584022
mosmed_test_Jun_coronacases_case6_103,Jun_coronacases_case6,probabilities/mosmed_test_Jun_coronacases_case6_103.npy,masks/mosmed_test_Jun_coronacases_case6_103.png,0.913946587542199,0.8415300546621278,2.0,0.7162751946336235
mosmed_test_Jun_coronacases_case1_180,Jun_coronacases_case1,probabilities/mosmed_test_Jun_coronacases_case1_180.npy,masks/mosmed_test_Jun_coronacases_case1_180.png,0.890543895285702,0.8026851098534303,3.1622776601683795,1.2505266255623546
mosmed_test_Jun_coronacases_case8_172,Jun_coronacases_case8,probabilities/mosmed_test_Jun_coronacases_case8_172.npy,masks/mosmed_test_Jun_coronacases_case8_172.png,0.8242914979899358,0.7011019284158262,5.0,1.4387503405499886
mosmed_test_Jun_radiopaedia_27_86410_0_case14_37,Jun_radiopaedia_27_86410_0_case14,probabilities/mosmed_test_Jun_radiopaedia_27_86410_0_case14_37.npy,masks/mosmed_test_Jun_radiopaedia_27_86410_0_case14_37.png,0.8229787234117882,0.699204627642863,20.122672468180262,3.7477803682829585
mosmed_test_Jun_coronacases_case9_152,Jun_coronacases_case9,probabilities/mosmed_test_Jun_coronacases_case9_152.npy,masks/mosmed_test_Jun_coronacases_case9_152.png,0.8784313725609381,0.7832167832546825,2.23606797749979,0.740851896656844
mosmed_test_Jun_coronacases_case10_231,Jun_coronacases_case10,probabilities/mosmed_test_Jun_coronacases_case10_231.npy,masks/mosmed_test_Jun_coronacases_case10_231.png,0.8920552677075969,0.8051441933121478,2.8284271247461903,0.9520336966566777
mosmed_test_Jun_coronacases_case7_107,Jun_coronacases_case7,probabilities/mosmed_test_Jun_coronacases_case7_107.npy,masks/mosmed_test_Jun_coronacases_case7_107.png,0.9163027656507896,0.8455339153898231,2.23606797749979,0.8702913297499744
mosmed_test_Jun_coronacases_case1_138,Jun_coronacases_case1,probabilities/mosmed_test_Jun_coronacases_case1_138.npy,masks/mosmed_test_Jun_coronacases_case1_138.png,0.8201176800249353,0.6950843030231516,4.123105625617661,1.461774943276502
mosmed_test_Jun_coronacases_case9_190,Jun_coronacases_case9,probabilities/mosmed_test_Jun_coronacases_case9_190.npy,masks/mosmed_test_Jun_coronacases_case9_190.png,0.74104401229575,0.5886178862123074,8.0,2.0527422460416864
mosmed_test_Jun_coronacases_case6_68,Jun_coronacases_case6,probabilities/mosmed_test_Jun_coronacases_case6_68.npy,masks/mosmed_test_Jun_coronacases_case6_68.png,0.911811023624362,0.837916063683651,4.0,1.2285742668565003
mosmed_test_Morozov_study_0282_14,Morozov_study_0282,probabilities/mosmed_test_Morozov_study_0282_14.npy,masks/mosmed_test_Morozov_study_0282_14.png,0.7491039426972933,0.5988538683097839,78.75466558116015,8.965438765358902
mosmed_test_Morozov_study_0304_25,Morozov_study_0304,probabilities/mosmed_test_Morozov_study_0304_25.npy,masks/mosmed_test_Morozov_study_0304_25.png,1.0752688160480982e-09,1.0752688160480982e-09,79.60068528074781,51.4490745588786
mosmed_test_Jun_coronacases_case8_181,Jun_coronacases_case8,probabilities/mosmed_test_Jun_coronacases_case8_181.npy,masks/mosmed_test_Jun_coronacases_case8_181.png,0.8163672654873885,0.6897133221433874,20.322267392843862,2.605339601214757
mosmed_test_Jun_radiopaedia_14_85914_0_case13_43,Jun_radiopaedia_14_85914_0_case13,probabilities/mosmed_test_Jun_radiopaedia_14_85914_0_case13_43.npy,masks/mosmed_test_Jun_radiopaedia_14_85914_0_case13_43.png,0.8655892500458849,0.7630298373686578,7.810249675906654,2.6930030495246475
mosmed_test_Morozov_study_0257_19,Morozov_study_0257,probabilities/mosmed_test_Morozov_study_0257_19.npy,masks/mosmed_test_Morozov_study_0257_19.png,0.5480000000226,0.37741046836243725,204.1886298161152,59.27264084193056
mosmed_test_Jun_coronacases_case4_137,Jun_coronacases_case4,probabilities/mosmed_test_Jun_coronacases_case4_137.npy,masks/mosmed_test_Jun_coronacases_case4_137.png,0.8996499416627975,0.8176033934445808,2.8284271247461903,0.9304444480656975
mosmed_test_Jun_coronacases_case7_78,Jun_coronacases_case7,probabilities/mosmed_test_Jun_coronacases_case7_78.npy,masks/mosmed_test_Jun_coronacases_case7_78.png,0.9000000000357142,0.8181818182998819,1.4142135623730951,0.4946857958992183
mosmed_test_Morozov_study_0276_18,Morozov_study_0276,probabilities/mosmed_test_Morozov_study_0276_18.npy,masks/mosmed_test_Morozov_study_0276_18.png,0.7673469387850064,0.6225165563163896,8.57608058226633,2.114820173856968
mosmed_test_Jun_coronacases_case4_168,Jun_coronacases_case4,probabilities/mosmed_test_Jun_coronacases_case4_168.npy,masks/mosmed_test_Jun_coronacases_case4_168.png,0.8922363847170062,0.8054393305846361,2.082623792124925,0.7627132450927726
mosmed_test_Morozov_study_0303_28,Morozov_study_0303,probabilities/mosmed_test_Morozov_study_0303_28.npy,masks/mosmed_test_Morozov_study_0303_28.png,0.6666666670781893,0.5000000009259259,2.541640786499873,0.9945332080527945
mosmed_test_Morozov_study_0297_10,Morozov_study_0297,probabilities/mosmed_test_Morozov_study_0297_10.npy,masks/mosmed_test_Morozov_study_0297_10.png,0.7487261146536827,0.5983710868007541,7.810249675906654,1.949712967757984
mosmed_test_Jun_coronacases_case1_201,Jun_coronacases_case1,probabilities/mosmed_test_Jun_coronacases_case1_201.npy,masks/mosmed_test_Jun_coronacases_case1_201.png,0.8360709592668188,0.7183178097736856,5.0,1.6520658766515626
mosmed_test_Jun_coronacases_case8_169,Jun_coronacases_case8,probabilities/mosmed_test_Jun_coronacases_case8_169.npy,masks/mosmed_test_Jun_coronacases_case8_169.png,0.7611940298705476,0.6144578313769133,62.43592356754497,6.4497569989454835
mosmed_test_Jun_coronacases_case5_97,Jun_coronacases_case5,probabilities/mosmed_test_Jun_coronacases_case5_97.npy,masks/mosmed_test_Jun_coronacases_case5_97.png,0.9442231075719433,0.8943396226494839,2.0,0.8765133385989288
mosmed_test_Jun_radiopaedia_10_85902_3_case12_190,Jun_radiopaedia_10_85902_3_case12,probabilities/mosmed_test_Jun_radiopaedia_10_85902_3_case12_190.npy,masks/mosmed_test_Jun_radiopaedia_10_85902_3_case12_190.png,0.9129546383362095,0.8398496240721918,2.982842712474615,1.1177418737509335
mosmed_test_Jun_radiopaedia_14_85914_0_case13_101,Jun_radiopaedia_14_85914_0_case13,probabilities/mosmed_test_Jun_radiopaedia_14_85914_0_case13_101.npy,masks/mosmed_test_Jun_radiopaedia_14_85914_0_case13_101.png,0.5753424658503784,0.40384615403722873,100.87112126018958,31.62932933812558
mosmed_test_Jun_coronacases_case4_134,Jun_coronacases_case4,probabilities/mosmed_test_Jun_coronacases_case4_134.npy,masks/mosmed_test_Jun_coronacases_case4_134.png,0.9141932002204969,0.8419483101548759,2.8284271247461903,0.9224312846263181
mosmed_test_Jun_radiopaedia_10_85902_3_case12_81,Jun_radiopaedia_10_85902_3_case12,probabilities/mosmed_test_Jun_radiopaedia_10_85902_3_case12_81.npy,masks/mosmed_test_Jun_radiopaedia_10_85902_3_case12_81.png,0.9059929494767337,0.8281417830474606,3.0,1.0632403857632198
mosmed_test_Morozov_study_0303_34,Morozov_study_0303,probabilities/mosmed_test_Morozov_study_0303_34.npy,masks/mosmed_test_Morozov_study_0303_34.png,0.42857142879818594,0.2727272730945822,87.45856161634491,14.812362423019582
mosmed_test_Morozov_study_0255_24,Morozov_study_0255,probabilities/mosmed_test_Morozov_study_0255_24.npy,masks/mosmed_test_Morozov_study_0255_24.png,0.8773288168430359,0.7814655172507989,7.218003284763226,2.1524253576913375
mosmed_test_bjorke_69,bjorke_69,probabilities/mosmed_test_bjorke_69.npy,masks/mosmed_test_bjorke_69.png,0.617025427589146,0.44615818678222363,28.6817944597772,5.686768651614002
mosmed_test_bjorke_63,bjorke_63,probabilities/mosmed_test_bjorke_63.npy,masks/mosmed_test_bjorke_63.png,0.7381615598946574,0.5849889624876752,12.0,3.952692190600997
mosmed_test_Jun_coronacases_case2_161,Jun_coronacases_case2,probabilities/mosmed_test_Jun_coronacases_case2_161.npy,masks/mosmed_test_Jun_coronacases_case2_161.png,0.7654320987943911,0.620000000076,3.2509323832274966,1.1769187863404817
mosmed_test_Jun_coronacases_case7_122,Jun_coronacases_case7,probabilities/mosmed_test_Jun_coronacases_case7_122.npy,masks/mosmed_test_Jun_coronacases_case7_122.png,0.921879863058765,0.8550808314171432,2.23606797749979,0.7932161941837154
mosmed_test_Jun_coronacases_case1_235,Jun_coronacases_case1,probabilities/mosmed_test_Jun_coronacases_case1_235.npy,masks/mosmed_test_Jun_coronacases_case1_235.png,0.8445747801042303,0.7309644671416424,2.0,0.8228831892253858
mosmed_test_Jun_coronacases_case8_266,Jun_coronacases_case8,probabilities/mosmed_test_Jun_coronacases_case8_266.npy,masks/mosmed_test_Jun_coronacases_case8_266.png,0.8739495798848951,0.7761194031521497,1.0,0.4225606403739626
mosmed_test_Jun_coronacases_case7_102,Jun_coronacases_case7,probabilities/mosmed_test_Jun_coronacases_case7_102.npy,masks/mosmed_test_Jun_coronacases_case7_102.png,0.924335378326203,0.8593155893643106,3.605551275463989,2.6784378559274558
mosmed_test_Jun_coronacases_case10_96,Jun_coronacases_case10,probabilities/mosmed_test_Jun_coronacases_case10_96.npy,masks/mosmed_test_Jun_coronacases_case10_96.png,0.8991124260369954,0.8167159365811149,3.605551275463989,1.2828542827694567
mosmed_test_Jun_coronacases_case1_193,Jun_coronacases_case1,probabilities/mosmed_test_Jun_coronacases_case1_193.npy,masks/mosmed_test_Jun_coronacases_case1_193.png,0.8179693586128806,0.6920035149520211,19.357959301671492,3.122553679406953
mosmed_test_Jun_coronacases_case5_142,Jun_coronacases_case5,probabilities/mosmed_test_Jun_coronacases_case5_142.npy,masks/mosmed_test_Jun_coronacases_case5_142.png,0.9034123771021739,0.8238396624658397,3.0,0.9668736909409794
mosmed_test_Morozov_study_0288_22,Morozov_study_0288,probabilities/mosmed_test_Morozov_study_0288_22.npy,masks/mosmed_test_Morozov_study_0288_22.png,0.8429858429959468,0.7285873192737945,5.0,1.2084190724553219
mosmed_test_Jun_radiopaedia_10_85902_3_case12_68,Jun_radiopaedia_10_85902_3_case12,probabilities/mosmed_test_Jun_radiopaedia_10_85902_3_case12_68.npy,masks/mosmed_test_Jun_radiopaedia_10_85902_3_case12_68.png,0.863849765274196,0.7603305785619152,3.1622776601683795,1.0246029880582586
mosmed_test_Morozov_study_0298_12,Morozov_study_0298,probabilities/mosmed_test_Morozov_study_0298_12.npy,masks/mosmed_test_Morozov_study_0298_12.png,0.7989371124933805,0.6651917404253248,21.625027623360666,5.553981344152287
mosmed_test_Morozov_study_0301_28,Morozov_study_0301,probabilities/mosmed_test_Morozov_study_0301_28.npy,masks/mosmed_test_Morozov_study_0301_28.png,0.8347826087435413,0.7164179105888469,2.905634918610403,0.7417877877646842
mosmed_test_Jun_coronacases_case8_60,Jun_coronacases_case8,probabilities/mosmed_test_Jun_coronacases_case8_60.npy,masks/mosmed_test_Jun_coronacases_case8_60.png,0.9045643153625971,0.8257575757905763,1.4142135623730951,0.6173893785542548
mosmed_test_Morozov_study_0280_21,Morozov_study_0280,probabilities/mosmed_test_Morozov_study_0280_21.npy,masks/mosmed_test_Morozov_study_0280_21.png,0.8501956400265457,0.7394263490646853,4.47213595499958,1.244124176990299
mosmed_test_Jun_coronacases_case1_231,Jun_coronacases_case1,probabilities/mosmed_test_Jun_coronacases_case1_231.npy,masks/mosmed_test_Jun_coronacases_case1_231.png,0.8051948052791364,0.6739130437145557,3.0,0.919701377806434
mosmed_test_Jun_radiopaedia_14_85914_0_case13_4,Jun_radiopaedia_14_85914_0_case13,probabilities/mosmed_test_Jun_radiopaedia_14_85914_0_case13_4.npy,masks/mosmed_test_Jun_radiopaedia_14_85914_0_case13_4.png,0.9395109395135345,0.8859223301063169,2.8284271247461903,0.9223302093271667
mosmed_test_Jun_coronacases_case3_116,Jun_coronacases_case3,probabilities/mosmed_test_Jun_coronacases_case3_116.npy,masks/mosmed_test_Jun_coronacases_case3_116.png,0.9079692811286166,0.831450311277018,5.656854249492381,2.0818132472365307
mosmed_test_Morozov_study_0276_27,Morozov_study_0276,probabilities/mosmed_test_Morozov_study_0276_27.npy,masks/mosmed_test_Morozov_study_0276_27.png,0.7801104972618662,0.6394927536884978,4.043086968966177,1.0855853013226482
mosmed_test_Morozov_study_0256_30,Morozov_study_0256,probabilities/mosmed_test_Morozov_study_0256_30.npy,masks/mosmed_test_Morozov_study_0256_30.png,0.9287040475319587,0.8668977469716846,7.0710678118654755,1.629380736255517
mosmed_test_Jun_coronacases_case10_86,Jun_coronacases_case10,probabilities/mosmed_test_Jun_coronacases_case10_86.npy,masks/mosmed_test_Jun_coronacases_case10_86.png,0.8358662614031651,0.7180156658110697,5.0,2.261406152258686
mosmed_test_Jun_coronacases_case8_159,Jun_coronacases_case8,probabilities/mosmed_test_Jun_coronacases_case8_159.npy,masks/mosmed_test_Jun_coronacases_case8_159.png,0.8952245188905863,0.8103225806533195,3.0,1.1358129014187481
mosmed_test_Morozov_study_0295_12,Morozov_study_0295,probabilities/mosmed_test_Morozov_study_0295_12.npy,masks/mosmed_test_Morozov_study_0295_12.png,0.8373493975985267,0.720207253910172,9.137464797715152,2.2533449283554017
mosmed_test_Jun_radiopaedia_10_85902_3_case12_143,Jun_radiopaedia_10_85902_3_case12,probabilities/mosmed_test_Jun_radiopaedia_10_85902_3_case12_143.npy,masks/mosmed_test_Jun_radiopaedia_10_85902_3_case12_143.png,0.9344591877777552,0.876981132080114,6.082762530298219,1.3919932094337095
mosmed_test_Jun_radiopaedia_10_85902_3_case12_57,Jun_radiopaedia_10_85902_3_case12,probabilities/mosmed_test_Jun_radiopaedia_10_85902_3_case12_57.npy,masks/mosmed_test_Jun_radiopaedia_10_85902_3_case12_57.png,0.9328358209080532,0.874125874169886,1.0,0.3891671820040999
mosmed_test_Jun_coronacases_case2_144,Jun_coronacases_case2,probabilities/mosmed_test_Jun_coronacases_case2_144.npy,masks/mosmed_test_Jun_coronacases_case2_144.png,0.9202975557938284,0.8523622047316751,3.0,1.3959380597692033
mosmed_test_Jun_radiopaedia_14_85914_0_case13_45,Jun_radiopaedia_14_85914_0_case13,probabilities/mosmed_test_Jun_radiopaedia_14_85914_0_case13_45.npy,masks/mosmed_test_Jun_radiopaedia_14_85914_0_case13_45.png,0.8936761640031492,0.8077889447248254,8.94427190999916,2.342458802040948
mosmed_test_Jun_coronacases_case2_127,Jun_coronacases_case2,probabilities/mosmed_test_Jun_coronacases_case2_127.npy,masks/mosmed_test_Jun_coronacases_case2_127.png,0.9018404908005571,0.8212290502893168,2.23606797749979,0.9156693951497742
mosmed_test_Jun_coronacases_case2_166,Jun_coronacases_case2,probabilities/mosmed_test_Jun_coronacases_case2_166.npy,masks/mosmed_test_Jun_coronacases_case2_166.png,0.8983957219523007,0.8155339806720708,1.0,0.4238905343522724
mosmed_test_Jun_radiopaedia_10_85902_3_case12_113,Jun_radiopaedia_10_85902_3_case12,probabilities/mosmed_test_Jun_radiopaedia_10_85902_3_case12_113.npy,masks/mosmed_test_Jun_radiopaedia_10_85902_3_case12_113.png,0.9410658307228505,0.8886915334583368,2.23606797749979,0.9089533806105162
mosmed_test_Jun_coronacases_case6_50,Jun_coronacases_case6,probabilities/mosmed_test_Jun_coronacases_case6_50.npy,masks/mosmed_test_Jun_coronacases_case6_50.png,0.7272727273719007,0.5714285716734694,9.0,1.7219022455006425
mosmed_test_Jun_coronacases_case4_104,Jun_coronacases_case4,probabilities/mosmed_test_Jun_coronacases_case4_104.npy,masks/mosmed_test_Jun_coronacases_case4_104.png,0.772340425556134,0.6291161179152313,4.0,1.2891380347606165
mosmed_test_Jun_coronacases_case8_214,Jun_coronacases_case8,probabilities/mosmed_test_Jun_coronacases_case8_214.npy,masks/mosmed_test_Jun_coronacases_case8_214.png,0.7844254511125901,0.64531250005542,9.463049648703295,1.7183844271343733
mosmed_test_Jun_radiopaedia_10_85902_3_case12_128,Jun_radiopaedia_10_85902_3_case12,probabilities/mosmed_test_Jun_radiopaedia_10_85902_3_case12_128.npy,masks/mosmed_test_Jun_radiopaedia_10_85902_3_case12_128.png,0.9361809045242165,0.8800188946679255,3.0,1.1989831439958178
mosmed_test_Jun_radiopaedia_40_86625_0_case18_38,Jun_radiopaedia_40_86625_0_case18,probabilities/mosmed_test_Jun_radiopaedia_40_86625_0_case18_38.npy,masks/mosmed_test_Jun_radiopaedia_40_86625_0_case18_38.png,0.9121147165351758,0.8384291343943577,5.385164807134504,1.62115277550547
mosmed_test_Jun_coronacases_case4_121,Jun_coronacases_case4,probabilities/mosmed_test_Jun_coronacases_case4_121.npy,masks/mosmed_test_Jun_coronacases_case4_121.png,0.8070692194545604,0.6765432099164761,33.95554771152716,4.71581002689453
mosmed_test_Jun_coronacases_case10_126,Jun_coronacases_case10,probabilities/mosmed_test_Jun_coronacases_case10_126.npy,masks/mosmed_test_Jun_coronacases_case10_126.png,0.8956623681137671,0.8110403397067719,5.0,1.6974695856509139
mosmed_test_Jun_coronacases_case8_215,Jun_coronacases_case8,probabilities/mosmed_test_Jun_coronacases_case8_215.npy,masks/mosmed_test_Jun_coronacases_case8_215.png,0.8410757946339792,0.7257383966630466,5.385164807134504,1.1746293051631853
mosmed_test_Morozov_study_0291_15,Morozov_study_0291,probabilities/mosmed_test_Morozov_study_0291_15.npy,masks/mosmed_test_Morozov_study_0291_15.png,0.660968661065251,0.49361702149207787,13.416407864998739,3.011108885079507
mosmed_test_Jun_radiopaedia_7_85703_0_case20_5,Jun_radiopaedia_7_85703_0_case20,probabilities/mosmed_test_Jun_radiopaedia_7_85703_0_case20_5.npy,masks/mosmed_test_Jun_radiopaedia_7_85703_0_case20_5.png,0.7915465898375075,0.6550079491804439,18.169953378410817,3.3075163554028855
mosmed_test_Jun_coronacases_case6_71,Jun_coronacases_case6,probabilities/mosmed_test_Jun_coronacases_case6_71.npy,masks/mosmed_test_Jun_coronacases_case6_71.png,0.9236516460442762,0.8581344902447665,3.1622776601683795,1.109834382490028
mosmed_test_Jun_radiopaedia_40_86625_0_case18_25,Jun_radiopaedia_40_86625_0_case18,probabilities/mosmed_test_Jun_radiopaedia_40_86625_0_case18_25.npy,masks/mosmed_test_Jun_radiopaedia_40_86625_0_case18_25.png,0.8669590643284579,0.7651612903256109,7.0,1.8558693952249052
mosmed_test_Morozov_study_0278_24,Morozov_study_0278,probabilities/mosmed_test_Morozov_study_0278_24.npy,masks/mosmed_test_Morozov_study_0278_24.png,0.8826205641599071,0.7899022801645111,10.047381840064844,1.6143464752779388
mosmed_test_bjorke_38,bjorke_38,probabilities/mosmed_test_bjorke_38.npy,masks/mosmed_test_bjorke_38.png,0.7143400532539981,0.5556213017795303,85.19474552732073,13.530791907632947
mosmed_test_Jun_coronacases_case5_169,Jun_coronacases_case5,probabilities/mosmed_test_Jun_coronacases_case5_169.npy,masks/mosmed_test_Jun_coronacases_case5_169.png,0.7555555556460904,0.6071428573767007,4.092329219213245,1.2240730541531322
mosmed_test_Morozov_study_0284_12,Morozov_study_0284,probabilities/mosmed_test_Morozov_study_0284_12.npy,masks/mosmed_test_Morozov_study_0284_12.png,0.5945945947163379,0.4230769233234714,189.42332447188363,16.989656475461416
mosmed_test_Jun_coronacases_case10_208,Jun_coronacases_case10,probabilities/mosmed_test_Jun_coronacases_case10_208.npy,masks/mosmed_test_Jun_coronacases_case10_208.png,0.8819239109031751,0.7887870239848805,4.0,1.444817327671787
mosmed_test_Morozov_study_0294_31,Morozov_study_0294,probabilities/mosmed_test_Morozov_study_0294_31.npy,masks/mosmed_test_Morozov_study_0294_31.png,0.7343750001037597,0.5802469138393538,45.62068010315813,9.97734713993216
mosmed_test_Morozov_study_0269_16,Morozov_study_0269,probabilities/mosmed_test_Morozov_study_0269_16.npy,masks/mosmed_test_Morozov_study_0269_16.png,0.5318559557046063,0.36226415099152726,27.586228448267445,6.598478342833774
mosmed_test_Jun_coronacases_case7_121,Jun_coronacases_case7,probabilities/mosmed_test_Jun_coronacases_case7_121.npy,masks/mosmed_test_Jun_coronacases_case7_121.png,0.9074074074102652,0.830508474585847,3.1622776601683795,0.9440544683267645
mosmed_test_Jun_coronacases_case6_64,Jun_coronacases_case6,probabilities/mosmed_test_Jun_coronacases_case6_64.npy,masks/mosmed_test_Jun_coronacases_case6_64.png,0.8442437923309163,0.7304687500175476,5.0,1.4287395019479299
mosmed_test_Jun_coronacases_case2_131,Jun_coronacases_case2,probabilities/mosmed_test_Jun_coronacases_case2_131.npy,masks/mosmed_test_Jun_coronacases_case2_131.png,0.9244966442974134,0.8595943837826524,3.0892527130926015,1.4208545170506954
mosmed_test_Jun_coronacases_case10_222,Jun_coronacases_case10,probabilities/mosmed_test_Jun_coronacases_case10_222.npy,masks/mosmed_test_Jun_coronacases_case10_222.png,0.9013569937395262,0.8204275534527113,2.854163056034258,1.0490010323515047
mosmed_test_Jun_coronacases_case10_230,Jun_coronacases_case10,probabilities/mosmed_test_Jun_coronacases_case10_230.npy,masks/mosmed_test_Jun_coronacases_case10_230.png,0.8619631901893419,0.7574123989381798,3.1622776601683795,1.331784226267201
mosmed_test_Jun_radiopaedia_40_86625_0_case18_35,Jun_radiopaedia_40_86625_0_case18,probabilities/mosmed_test_Jun_radiopaedia_40_86625_0_case18_35.npy,masks/mosmed_test_Jun_radiopaedia_40_86625_0_case18_35.png,0.9090195798712186,0.8332134684548336,4.47213595499958,1.6516988941270705
mosmed_test_Morozov_study_0291_20,Morozov_study_0291,probabilities/mosmed_test_Morozov_study_0291_20.npy,masks/mosmed_test_Morozov_study_0291_20.png,0.9374697043156212,0.8822992700783624,12.206555615733702,2.349860068986491
mosmed_test_Jun_coronacases_case2_104,Jun_coronacases_case2,probabilities/mosmed_test_Jun_coronacases_case2_104.npy,masks/mosmed_test_Jun_coronacases_case2_104.png,0.8809679529142914,0.7872589129288569,5.0,1.1575327728315004
mosmed_test_Morozov_study_0278_25,Morozov_study_0278,probabilities/mosmed_test_Morozov_study_0278_25.npy,masks/mosmed_test_Morozov_study_0278_25.png,0.9037372593485993,0.8243801653073988,3.980277563773195,1.1282894587271317
mosmed_test_Jun_coronacases_case2_167,Jun_coronacases_case2,probabilities/mosmed_test_Jun_coronacases_case2_167.npy,masks/mosmed_test_Jun_coronacases_case2_167.png,0.7649769586336511,0.6194029853586545,2.939949493661165,0.9098430715720583
mosmed_test_Jun_coronacases_case3_176,Jun_coronacases_case3,probabilities/mosmed_test_Jun_coronacases_case3_176.npy,masks/mosmed_test_Jun_coronacases_case3_176.png,0.8136482940121658,0.6858407081036103,2.23606797749979,0.7896179939522562
mosmed_test_Jun_coronacases_case6_83,Jun_coronacases_case6,probabilities/mosmed_test_Jun_coronacases_case6_83.npy,masks/mosmed_test_Jun_coronacases_case6_83.png,0.9467959328459022,0.8989672204805135,2.8284271247461903,0.9338611045880973
mosmed_test_Jun_coronacases_case7_79,Jun_coronacases_case7,probabilities/mosmed_test_Jun_coronacases_case7_79.npy,masks/mosmed_test_Jun_coronacases_case7_79.png,0.8852459016769686,0.7941176471799308,1.4142135623730951,0.6396454068966823
mosmed_test_Jun_coronacases_case8_202,Jun_coronacases_case8,probabilities/mosmed_test_Jun_coronacases_case8_202.npy,masks/mosmed_test_Jun_coronacases_case8_202.png,0.7453703703998413,0.5940959410342997,7.296893050109673,3.8304674718132588
mosmed_test_Jun_coronacases_case10_202,Jun_coronacases_case10,probabilities/mosmed_test_Jun_coronacases_case10_202.npy,masks/mosmed_test_Jun_coronacases_case10_202.png,0.8695992179888641,0.7692839847883333,4.158966144068143,1.3394299770529758
mosmed_test_Jun_coronacases_case2_61,Jun_coronacases_case2,probabilities/mosmed_test_Jun_coronacases_case2_61.npy,masks/mosmed_test_Jun_coronacases_case2_61.png,0.9003436426230992,0.8187500000377604,1.4142135623730951,0.563049332043963
mosmed_test_Morozov_study_0304_23,Morozov_study_0304,probabilities/mosmed_test_Morozov_study_0304_23.npy,masks/mosmed_test_Morozov_study_0304_23.png,0.4387096775400624,0.2809917357352639,41.708274484800036,7.460927519427389
