sample_id,source_id,method,seed,dice,miou,hd95,assd,prediction_path,probability_path
mosmed_test_Jun_coronacases_case8_246,Jun_coronacases_case8,panoptic_fpn,1002,0.8207171314979127,0.6959459460144266,2.118033988749895,0.8861556696814268,predictions/masks/mosmed_test_Jun_coronacases_case8_246.png,predictions/probabilities/mosmed_test_Jun_coronacases_case8_246.npy
mosmed_test_Jun_coronacases_case1_226,Jun_coronacases_case1,panoptic_fpn,1002,0.7828162291687789,0.643137255041907,3.048683298050511,1.1538544934777262,predictions/masks/mosmed_test_Jun_coronacases_case1_226.png,predictions/probabilities/mosmed_test_Jun_coronacases_case1_226.npy
mosmed_test_Jun_radiopaedia_4_85506_1_case19_8,Jun_radiopaedia_4_85506_1_case19,panoptic_fpn,1002,0.8732276197678226,0.7749813849623979,6.0,1.6230927170486062,predictions/masks/mosmed_test_Jun_radiopaedia_4_85506_1_case19_8.png,predictions/probabilities/mosmed_test_Jun_radiopaedia_4_85506_1_case19_8.npy
mosmed_test_Jun_coronacases_case8_200,Jun_coronacases_case8,panoptic_fpn,1002,0.8250438853232859,0.7021912350894232,2.23606797749979,0.9030642960156535,predictions/masks/mosmed_test_Jun_coronacases_case8_200.png,predictions/probabilities/mosmed_test_Jun_coronacases_case8_200.npy
mosmed_test_Jun_coronacases_case7_148,Jun_coronacases_case7,panoptic_fpn,1002,0.8759730150525176,0.779316712844907,7.848050886765433,1.7683895083848429,predictions/masks/mosmed_test_Jun_coronacases_case7_148.png,predictions/probabilities/mosmed_test_Jun_coronacases_case7_148.npy
mosmed_test_Morozov_study_0264_27,Morozov_study_0264,panoptic_fpn,1002,0.621451104120849,0.4508009153736993,9.848857801796104,2.689262251046513,predictions/masks/mosmed_test_Morozov_study_0264_27.png,predictions/probabilities/mosmed_test_Morozov_study_0264_27.npy
mosmed_test_Morozov_study_0274_10,Morozov_study_0274,panoptic_fpn,1002,0.7937665782527559,0.6580538757653092,19.579167117782298,4.6677287363221565,predictions/masks/mosmed_test_Morozov_study_0274_10.png,predictions/probabilities/mosmed_test_Morozov_study_0274_10.npy
mosmed_test_Jun_coronacases_case8_211,Jun_coronacases_case8,panoptic_fpn,1002,0.8636363636457551,0.7600000000290908,3.2066050216979254,2.025976847474112,predictions/masks/mosmed_test_Jun_coronacases_case8_211.png,predictions/probabilities/mosmed_test_Jun_coronacases_case8_211.npy
mosmed_test_Jun_coronacases_case7_88,Jun_coronacases_case7,panoptic_fpn,1002,0.7329686723156157,0.578492935668878,8.0,2.776590417979224,predictions/masks/mosmed_test_Jun_coronacases_case7_88.png,predictions/probabilities/mosmed_test_Jun_coronacases_case7_88.npy
mosmed_test_Jun_coronacases_case8_137,Jun_coronacases_case8,panoptic_fpn,1002,0.9006910915469025,0.8193248363792744,7.615773105863909,1.8302681056522714,predictions/masks/mosmed_test_Jun_coronacases_case8_137.png,predictions/probabilities/mosmed_test_Jun_coronacases_case8_137.npy
mosmed_test_Jun_radiopaedia_7_85703_0_case20_9,Jun_radiopaedia_7_85703_0_case20,panoptic_fpn,1002,0.7793179317980348,0.6384282624499485,13.275612894970159,2.559477665332747,predictions/masks/mosmed_test_Jun_radiopaedia_7_85703_0_case20_9.png,predictions/probabilities/mosmed_test_Jun_radiopaedia_7_85703_0_case20_9.npy
mosmed_test_Morozov_study_0262_11,Morozov_study_0262,panoptic_fpn,1002,0.7986135182045541,0.6647432198693166,129.47181757019337,28.78874204059892,predictions/masks/mosmed_test_Morozov_study_0262_11.png,predictions/probabilities/mosmed_test_Morozov_study_0262_11.npy
mosmed_test_Jun_coronacases_case4_119,Jun_coronacases_case4,panoptic_fpn,1002,0.8220000000089001,0.6977928692956032,18.11764614200582,3.108186741536915,predictions/masks/mosmed_test_Jun_coronacases_case4_119.png,predictions/probabilities/mosmed_test_Jun_coronacases_case4_119.npy
mosmed_test_Jun_radiopaedia_7_85703_0_case20_33,Jun_radiopaedia_7_85703_0_case20,panoptic_fpn,1002,0.9296304857513138,0.8685136052331184,7.980788655293125,2.068675965556657,predictions/masks/mosmed_test_Jun_radiopaedia_7_85703_0_case20_33.png,predictions/probabilities/mosmed_test_Jun_radiopaedia_7_85703_0_case20_33.npy
mosmed_test_Jun_radiopaedia_40_86625_0_case18_54,Jun_radiopaedia_40_86625_0_case18,panoptic_fpn,1002,0.8966150942461653,0.8126040963321512,6.0,1.8357082960157154,predictions/masks/mosmed_test_Jun_radiopaedia_40_86625_0_case18_54.png,predictions/probabilities/mosmed_test_Jun_radiopaedia_40_86625_0_case18_54.npy
mosmed_test_Morozov_study_0268_9,Morozov_study_0268,panoptic_fpn,1002,0.040201005185895984,0.02051282068025422,106.96353332475493,57.57461593599089,predictions/masks/mosmed_test_Morozov_study_0268_9.png,predictions/probabilities/mosmed_test_Morozov_study_0268_9.npy
mosmed_test_Jun_radiopaedia_7_85703_0_case20_19,Jun_radiopaedia_7_85703_0_case20,panoptic_fpn,1002,0.8678435579843183,0.7665403170267653,8.602325267042627,2.521014821958581,predictions/masks/mosmed_test_Jun_radiopaedia_7_85703_0_case20_19.png,predictions/probabilities/mosmed_test_Jun_radiopaedia_7_85703_0_case20_19.npy
mosmed_test_Jun_coronacases_case9_161,Jun_coronacases_case9,panoptic_fpn,1002,0.5876288660029995,0.4160583942079433,58.18225159928744,11.3957201776615,predictions/masks/mosmed_test_Jun_coronacases_case9_161.png,predictions/probabilities/mosmed_test_Jun_coronacases_case9_161.npy
mosmed_test_Morozov_study_0292_20,Morozov_study_0292,panoptic_fpn,1002,0.8601407889512532,0.7546026567290934,41.75393631337627,7.0724633551037055,predictions/masks/mosmed_test_Morozov_study_0292_20.png,predictions/probabilities/mosmed_test_Morozov_study_0292_20.npy
mosmed_test_Morozov_study_0258_21,Morozov_study_0258,panoptic_fpn,1002,0.870650032832772,0.7709302325670183,157.63326589651064,18.116739606240692,predictions/masks/mosmed_test_Morozov_study_0258_21.png,predictions/probabilities/mosmed_test_Morozov_study_0258_21.npy
mosmed_test_Jun_coronacases_case3_151,Jun_coronacases_case3,panoptic_fpn,1002,0.8996275605223498,0.8175664241019197,6.0,1.7795397942303295,predictions/masks/mosmed_test_Jun_coronacases_case3_151.png,predictions/probabilities/mosmed_test_Jun_coronacases_case3_151.npy
mosmed_test_Morozov_study_0256_15,Morozov_study_0256,panoptic_fpn,1002,2.564102557527942e-09,2.564102557527942e-09,724.0773439350247,724.0773439350247,predictions/masks/mosmed_test_Morozov_study_0256_15.png,predictions/probabilities/mosmed_test_Morozov_study_0256_15.npy
mosmed_test_Jun_coronacases_case3_102,Jun_coronacases_case3,panoptic_fpn,1002,0.9407451885094942,0.8881198162188191,8.06225774829855,2.230533409187687,predictions/masks/mosmed_test_Jun_coronacases_case3_102.png,predictions/probabilities/mosmed_test_Jun_coronacases_case3_102.npy
mosmed_test_Jun_coronacases_case7_96,Jun_coronacases_case7,panoptic_fpn,1002,0.9063011456647647,0.828656939774461,4.0,1.3077935271524193,predictions/masks/mosmed_test_Jun_coronacases_case7_96.png,predictions/probabilities/mosmed_test_Jun_coronacases_case7_96.npy
mosmed_test_Morozov_study_0292_24,Morozov_study_0292,panoptic_fpn,1002,0.5005302227464974,0.33380480914656224,57.0087712549569,8.921606621949929,predictions/masks/mosmed_test_Morozov_study_0292_24.png,predictions/probabilities/mosmed_test_Morozov_study_0292_24.npy
mosmed_test_Morozov_study_0258_20,Morozov_study_0258,panoptic_fpn,1002,0.8962015795431327,0.8119250425958459,169.13381538532403,15.520114204396176,predictions/masks/mosmed_test_Morozov_study_0258_20.png,predictions/probabilities/mosmed_test_Morozov_study_0258_20.npy
mosmed_test_Morozov_study_0273_15,Morozov_study_0273,panoptic_fpn,1002,0.8382099828022194,0.7214814815227436,10.312355924574387,2.062547127414369,predictions/masks/mosmed_test_Morozov_study_0273_15.png,predictions/probabilities/mosmed_test_Morozov_study_0273_15.npy
mosmed_test_Jun_coronacases_case4_75,Jun_coronacases_case4,panoptic_fpn,1002,0.7276172430256933,0.5718540581108076,5.385164807134504,2.3236734181533416,predictions/masks/mosmed_test_Jun_coronacases_case4_75.png,predictions/probabilities/mosmed_test_Jun_coronacases_case4_75.npy
mosmed_test_Jun_coronacases_case6_65,Jun_coronacases_case6,panoptic_fpn,1002,0.8445689137858657,0.730955678679676,5.0297058540778306,1.780177502343329,predictions/masks/mosmed_test_Jun_coronacases_case6_65.png,predictions/probabilities/mosmed_test_Jun_coronacases_case6_65.npy
mosmed_test_Jun_radiopaedia_40_86625_0_case18_48,Jun_radiopaedia_40_86625_0_case18,panoptic_fpn,1002,0.9076642088887964,0.8309388159531379,15.264337522473749,2.9790606324480127,predictions/masks/mosmed_test_Jun_radiopaedia_40_86625_0_case18_48.png,predictions/probabilities/mosmed_test_Jun_radiopaedia_40_86625_0_case18_48.npy
mosmed_test_Jun_coronacases_case2_41,Jun_coronacases_case2,panoptic_fpn,1002,0.8742831936535386,0.7766457680425826,8.06225774829855,1.7682947639832614,predictions/masks/mosmed_test_Jun_coronacases_case2_41.png,predictions/probabilities/mosmed_test_Jun_coronacases_case2_41.npy
mosmed_test_Jun_coronacases_case10_122,Jun_coronacases_case10,panoptic_fpn,1002,0.9105923258418565,0.8358600250788115,5.830951894845301,1.9632685816920867,predictions/masks/mosmed_test_Jun_coronacases_case10_122.png,predictions/probabilities/mosmed_test_Jun_coronacases_case10_122.npy
mosmed_test_Jun_coronacases_case3_72,Jun_coronacases_case3,panoptic_fpn,1002,0.914239377230249,0.842026647548294,9.219544457292887,2.5594972988039126,predictions/masks/mosmed_test_Jun_coronacases_case3_72.png,predictions/probabilities/mosmed_test_Jun_coronacases_case3_72.npy
mosmed_test_Jun_coronacases_case7_75,Jun_coronacases_case7,panoptic_fpn,1002,0.39393939439853076,0.2452830195799217,12.206283423847747,3.669901264337957,predictions/masks/mosmed_test_Jun_coronacases_case7_75.png,predictions/probabilities/mosmed_test_Jun_coronacases_case7_75.npy
mosmed_test_Jun_radiopaedia_27_86410_0_case14_30,Jun_radiopaedia_27_86410_0_case14,panoptic_fpn,1002,0.8421604614588217,0.727355072466855,8.06225774829855,3.665102917163862,predictions/masks/mosmed_test_Jun_radiopaedia_27_86410_0_case14_30.png,predictions/probabilities/mosmed_test_Jun_radiopaedia_27_86410_0_case14_30.npy
mosmed_test_Morozov_study_0266_20,Morozov_study_0266,panoptic_fpn,1002,0.6736842108698061,0.5079365087175611,3.16227766016838,1.7517609448609992,predictions/masks/mosmed_test_Morozov_study_0266_20.png,predictions/probabilities/mosmed_test_Morozov_study_0266_20.npy
mosmed_test_Jun_radiopaedia_14_85914_0_case13_6,Jun_radiopaedia_14_85914_0_case13,panoptic_fpn,1002,0.8974807557750616,0.8140272929287836,7.211102550927978,2.1379682570942644,predictions/masks/mosmed_test_Jun_radiopaedia_14_85914_0_case13_6.png,predictions/probabilities/mosmed_test_Jun_radiopaedia_14_85914_0_case13_6.npy
mosmed_test_Jun_coronacases_case5_151,Jun_coronacases_case5,panoptic_fpn,1002,0.899510726386921,0.8173734610248035,2.9399494936611625,1.2873892146380201,predictions/masks/mosmed_test_Jun_coronacases_case5_151.png,predictions/probabilities/mosmed_test_Jun_coronacases_case5_151.npy
mosmed_test_Jun_radiopaedia_36_86526_0_case17_33,Jun_radiopaedia_36_86526_0_case17,panoptic_fpn,1002,0.6434463795010589,0.47432432439536165,9.486832980505138,2.8158233066398215,predictions/masks/mosmed_test_Jun_radiopaedia_36_86526_0_case17_33.png,predictions/probabilities/mosmed_test_Jun_radiopaedia_36_86526_0_case17_33.npy
mosmed_test_Morozov_study_0256_10,Morozov_study_0256,panoptic_fpn,1002,2.5575447563791445e-10,2.5575447563791445e-10,321.4381734914407,305.4489367300454,predictions/masks/mosmed_test_Morozov_study_0256_10.png,predictions/probabilities/mosmed_test_Morozov_study_0256_10.npy
mosmed_test_Jun_coronacases_case1_207,Jun_coronacases_case1,panoptic_fpn,1002,0.7767503302542675,0.6349892008726904,7.0710678118654755,2.7738656062519085,predictions/masks/mosmed_test_Jun_coronacases_case1_207.png,predictions/probabilities/mosmed_test_Jun_coronacases_case1_207.npy
mosmed_test_Morozov_study_0298_9,Morozov_study_0298,panoptic_fpn,1002,0.8672566371711536,0.7656250000093902,11.180339887498949,3.1453011204858,predictions/masks/mosmed_test_Morozov_study_0298_9.png,predictions/probabilities/mosmed_test_Morozov_study_0298_9.npy
mosmed_test_bjorke_26,bjorke_26,panoptic_fpn,1002,0.8611404924940876,0.7561428664545521,18.35755975068582,5.272165677846877,predictions/masks/mosmed_test_bjorke_26.png,predictions/probabilities/mosmed_test_bjorke_26.npy
mosmed_test_Jun_coronacases_case10_98,Jun_coronacases_case10,panoptic_fpn,1002,0.9056508151034238,0.8275702377303555,5.0,1.645181565023894,predictions/masks/mosmed_test_Jun_coronacases_case10_98.png,predictions/probabilities/mosmed_test_Jun_coronacases_case10_98.npy
mosmed_test_Jun_coronacases_case10_200,Jun_coronacases_case10,panoptic_fpn,1002,0.8738261497727686,0.7759247380847568,5.412333751370267,2.43959690714686,predictions/masks/mosmed_test_Jun_coronacases_case10_200.png,predictions/probabilities/mosmed_test_Jun_coronacases_case10_200.npy
mosmed_test_Jun_coronacases_case3_71,Jun_coronacases_case3,panoptic_fpn,1002,0.927149707679409,0.8641929953473905,9.455121871436022,2.491720724246675,predictions/masks/mosmed_test_Jun_coronacases_case3_71.png,predictions/probabilities/mosmed_test_Jun_coronacases_case3_71.npy
mosmed_test_Jun_coronacases_case5_170,Jun_coronacases_case5,panoptic_fpn,1002,0.6515151516031528,0.4831460676093085,4.47213595499958,2.119998895891391,predictions/masks/mosmed_test_Jun_coronacases_case5_170.png,predictions/probabilities/mosmed_test_Jun_coronacases_case5_170.npy
mosmed_test_Morozov_study_0297_9,Morozov_study_0297,panoptic_fpn,1002,0.6537620297500681,0.48562144598723606,12.637195985220291,3.4418081967104195,predictions/masks/mosmed_test_Morozov_study_0297_9.png,predictions/probabilities/mosmed_test_Morozov_study_0297_9.npy
mosmed_test_Jun_coronacases_case9_131,Jun_coronacases_case9,panoptic_fpn,1002,0.9262857883155035,0.8626930501963636,5.0,1.5837569021203415,predictions/masks/mosmed_test_Jun_coronacases_case9_131.png,predictions/probabilities/mosmed_test_Jun_coronacases_case9_131.npy
mosmed_test_Jun_coronacases_case7_131,Jun_coronacases_case7,panoptic_fpn,1002,0.899563318778859,0.8174603174654915,5.0,1.345618289328087,predictions/masks/mosmed_test_Jun_coronacases_case7_131.png,predictions/probabilities/mosmed_test_Jun_coronacases_case7_131.npy
mosmed_test_Morozov_study_0294_35,Morozov_study_0294,panoptic_fpn,1002,0.4473684211980609,0.2881355934616489,51.248393160386925,21.05807078827136,predictions/masks/mosmed_test_Morozov_study_0294_35.png,predictions/probabilities/mosmed_test_Morozov_study_0294_35.npy
mosmed_test_Jun_radiopaedia_10_85902_3_case12_107,Jun_radiopaedia_10_85902_3_case12,panoptic_fpn,1002,0.931021044428468,0.870944221659827,4.242640687119285,1.348920026561594,predictions/masks/mosmed_test_Jun_radiopaedia_10_85902_3_case12_107.png,predictions/probabilities/mosmed_test_Jun_radiopaedia_10_85902_3_case12_107.npy
mosmed_test_Morozov_study_0271_25,Morozov_study_0271,panoptic_fpn,1002,0.8640840446576439,0.7606936416461626,4.123105625617661,1.04516565872411,predictions/masks/mosmed_test_Morozov_study_0271_25.png,predictions/probabilities/mosmed_test_Morozov_study_0271_25.npy
mosmed_test_Jun_coronacases_case8_238,Jun_coronacases_case8,panoptic_fpn,1002,0.7629796840264155,0.6167883213077414,2.23606797749979,1.1387648382457554,predictions/masks/mosmed_test_Jun_coronacases_case8_238.png,predictions/probabilities/mosmed_test_Jun_coronacases_case8_238.npy
mosmed_test_Jun_coronacases_case1_95,Jun_coronacases_case1,panoptic_fpn,1002,0.9281458114278278,0.8659254414693942,4.0,1.013760965462049,predictions/masks/mosmed_test_Jun_coronacases_case1_95.png,predictions/probabilities/mosmed_test_Jun_coronacases_case1_95.npy
mosmed_test_Jun_coronacases_case4_163,Jun_coronacases_case4,panoptic_fpn,1002,0.921953958454691,0.8552083333484158,2.23606797749979,0.7905426726488789,predictions/masks/mosmed_test_Jun_coronacases_case4_163.png,predictions/probabilities/mosmed_test_Jun_coronacases_case4_163.npy
mosmed_test_Morozov_study_0261_26,Morozov_study_0261,panoptic_fpn,1002,0.9203354297777426,0.8524271844946745,2.0,0.7223746941386184,predictions/masks/mosmed_test_Morozov_study_0261_26.png,predictions/probabilities/mosmed_test_Morozov_study_0261_26.npy
mosmed_test_Morozov_study_0270_18,Morozov_study_0270,panoptic_fpn,1002,0.6197411003390073,0.4490035170311252,11.006804152578082,2.6464221468833244,predictions/masks/mosmed_test_Morozov_study_0270_18.png,predictions/probabilities/mosmed_test_Morozov_study_0270_18.npy
mosmed_test_Morozov_study_0294_28,Morozov_study_0294,panoptic_fpn,1002,0.8075801749551632,0.6772616137708407,7.0,1.9158465693074467,predictions/masks/mosmed_test_Morozov_study_0294_28.png,predictions/probabilities/mosmed_test_Morozov_study_0294_28.npy
mosmed_test_Jun_radiopaedia_7_85703_0_case20_18,Jun_radiopaedia_7_85703_0_case20,panoptic_fpn,1002,0.8794204556297834,0.7847907451550733,8.06225774829855,2.504626664623518,predictions/masks/mosmed_test_Jun_radiopaedia_7_85703_0_case20_18.png,predictions/probabilities/mosmed_test_Jun_radiopaedia_7_85703_0_case20_18.npy
mosmed_test_Morozov_study_0288_12,Morozov_study_0288,panoptic_fpn,1002,0.8128908128920986,0.6847649918999216,15.553072092925984,4.044395123471194,predictions/masks/mosmed_test_Morozov_study_0288_12.png,predictions/probabilities/mosmed_test_Morozov_study_0288_12.npy
mosmed_test_Morozov_study_0258_22,Morozov_study_0258,panoptic_fpn,1002,0.8838311996234274,0.791843670357186,52.33832168631782,5.546911754282018,predictions/masks/mosmed_test_Morozov_study_0258_22.png,predictions/probabilities/mosmed_test_Morozov_study_0258_22.npy
mosmed_test_Jun_coronacases_case9_181,Jun_coronacases_case9,panoptic_fpn,1002,0.8928371049206502,0.8064189189254588,5.0990195135927845,1.651057645665153,predictions/masks/mosmed_test_Jun_coronacases_case9_181.png,predictions/probabilities/mosmed_test_Jun_coronacases_case9_181.npy
mosmed_test_Morozov_study_0286_24,Morozov_study_0286,panoptic_fpn,1002,0.5131894485579881,0.3451612905338189,95.75557967484522,31.29716562102521,predictions/masks/mosmed_test_Morozov_study_0286_24.png,predictions/probabilities/mosmed_test_Morozov_study_0286_24.npy
mosmed_test_Morozov_study_0286_17,Morozov_study_0286,panoptic_fpn,1002,0.5307325924352294,0.3612225995874893,90.05441714105086,13.984258441934415,predictions/masks/mosmed_test_Morozov_study_0286_17.png,predictions/probabilities/mosmed_test_Morozov_study_0286_17.npy
mosmed_test_Jun_coronacases_case8_251,Jun_coronacases_case8,panoptic_fpn,1002,0.7581047382149365,0.6104417672247222,4.47213595499958,1.1370109251369835,predictions/masks/mosmed_test_Jun_coronacases_case8_251.png,predictions/probabilities/mosmed_test_Jun_coronacases_case8_251.npy
mosmed_test_Jun_coronacases_case9_104,Jun_coronacases_case9,panoptic_fpn,1002,0.9212292476184659,0.8539620170364137,2.8284271247461903,0.9679779513701979,predictions/masks/mosmed_test_Jun_coronacases_case9_104.png,predictions/probabilities/mosmed_test_Jun_coronacases_case9_104.npy
mosmed_test_Jun_coronacases_case10_101,Jun_coronacases_case10,panoptic_fpn,1002,0.9163270198999734,0.8455752212412156,4.0,1.5774830799435744,predictions/masks/mosmed_test_Jun_coronacases_case10_101.png,predictions/probabilities/mosmed_test_Jun_coronacases_case10_101.npy
mosmed_test_Morozov_study_0279_16,Morozov_study_0279,panoptic_fpn,1002,0.897339699865325,0.8137952366280917,8.955417527999323,2.4465912868869655,predictions/masks/mosmed_test_Morozov_study_0279_16.png,predictions/probabilities/mosmed_test_Morozov_study_0279_16.npy
mosmed_test_Jun_radiopaedia_29_86491_1_case16_16,Jun_radiopaedia_29_86491_1_case16,panoptic_fpn,1002,0.914657481824927,0.842736248248044,3.605551275463989,1.4635930944431685,predictions/masks/mosmed_test_Jun_radiopaedia_29_86491_1_case16_16.png,predictions/probabilities/mosmed_test_Jun_radiopaedia_29_86491_1_case16_16.npy
mosmed_test_Jun_coronacases_case8_92,Jun_coronacases_case8,panoptic_fpn,1002,0.8209199159488568,0.6962376237683914,67.0017809457795,7.179322755778389,predictions/masks/mosmed_test_Jun_coronacases_case8_92.png,predictions/probabilities/mosmed_test_Jun_coronacases_case8_92.npy
mosmed_test_Jun_coronacases_case4_60,Jun_coronacases_case4,panoptic_fpn,1002,0.7536231884950639,0.6046511630205517,2.9742640687119275,1.3405019715987818,predictions/masks/mosmed_test_Jun_coronacases_case4_60.png,predictions/probabilities/mosmed_test_Jun_coronacases_case4_60.npy
mosmed_test_Morozov_study_0294_20,Morozov_study_0294,panoptic_fpn,1002,0.8298217180178571,0.7091412743187975,125.02499710474368,13.25934192990749,predictions/masks/mosmed_test_Morozov_study_0294_20.png,predictions/probabilities/mosmed_test_Morozov_study_0294_20.npy
mosmed_test_Jun_radiopaedia_40_86625_0_case18_29,Jun_radiopaedia_40_86625_0_case18,panoptic_fpn,1002,0.9117027466245777,0.8377332055164157,11.180339887498949,2.79387075696666,predictions/masks/mosmed_test_Jun_radiopaedia_40_86625_0_case18_29.png,predictions/probabilities/mosmed_test_Jun_radiopaedia_40_86625_0_case18_29.npy
mosmed_test_Jun_coronacases_case5_140,Jun_coronacases_case5,panoptic_fpn,1002,0.9236223010014946,0.8580838323438273,3.0,1.00996858933653,predictions/masks/mosmed_test_Jun_coronacases_case5_140.png,predictions/probabilities/mosmed_test_Jun_coronacases_case5_140.npy
mosmed_test_Jun_coronacases_case3_126,Jun_coronacases_case3,panoptic_fpn,1002,0.9286965223920912,0.8668846333499386,5.0,2.480578998677197,predictions/masks/mosmed_test_Jun_coronacases_case3_126.png,predictions/probabilities/mosmed_test_Jun_coronacases_case3_126.npy
mosmed_test_Jun_coronacases_case8_71,Jun_coronacases_case8,panoptic_fpn,1002,0.8344208809169164,0.7158852344396122,7.218003284763227,2.1178796028707585,predictions/masks/mosmed_test_Jun_coronacases_case8_71.png,predictions/probabilities/mosmed_test_Jun_coronacases_case8_71.npy
mosmed_test_Jun_radiopaedia_27_86410_0_case14_42,Jun_radiopaedia_27_86410_0_case14,panoptic_fpn,1002,0.8559796437732325,0.7482206405917953,3.0,1.3848723005504562,predictions/masks/mosmed_test_Jun_radiopaedia_27_86410_0_case14_42.png,predictions/probabilities/mosmed_test_Jun_radiopaedia_27_86410_0_case14_42.npy
mosmed_test_Jun_coronacases_case9_85,Jun_coronacases_case9,panoptic_fpn,1002,0.7716535433969868,0.6282051284434582,2.8284271247461903,1.0182002371519194,predictions/masks/mosmed_test_Jun_coronacases_case9_85.png,predictions/probabilities/mosmed_test_Jun_coronacases_case9_85.npy
mosmed_test_Jun_radiopaedia_36_86526_0_case17_10,Jun_radiopaedia_36_86526_0_case17,panoptic_fpn,1002,0.7303120356712366,0.5751901697147342,5.0,1.8998896029739352,predictions/masks/mosmed_test_Jun_radiopaedia_36_86526_0_case17_10.png,predictions/probabilities/mosmed_test_Jun_radiopaedia_36_86526_0_case17_10.npy
mosmed_test_Jun_coronacases_case9_126,Jun_coronacases_case9,panoptic_fpn,1002,0.9380619380625568,0.8833490122317338,4.123105625617661,1.429253307890399,predictions/masks/mosmed_test_Jun_coronacases_case9_126.png,predictions/probabilities/mosmed_test_Jun_coronacases_case9_126.npy
mosmed_test_Morozov_study_0269_24,Morozov_study_0269,panoptic_fpn,1002,0.6132542037777817,0.44222539233650315,6.67769596299271,2.7337370050829177,predictions/masks/mosmed_test_Morozov_study_0269_24.png,predictions/probabilities/mosmed_test_Morozov_study_0269_24.npy
mosmed_test_Jun_coronacases_case8_90,Jun_coronacases_case8,panoptic_fpn,1002,0.8708772866888653,0.7712866603649176,7.898452501243794,2.2990006492158273,predictions/masks/mosmed_test_Jun_coronacases_case8_90.png,predictions/probabilities/mosmed_test_Jun_coronacases_case8_90.npy
mosmed_test_Jun_coronacases_case3_115,Jun_coronacases_case3,panoptic_fpn,1002,0.9303447793554432,0.8697613599223945,4.242640687119285,1.5802885511114382,predictions/masks/mosmed_test_Jun_coronacases_case3_115.png,predictions/probabilities/mosmed_test_Jun_coronacases_case3_115.npy
mosmed_test_Jun_coronacases_case9_145,Jun_coronacases_case9,panoptic_fpn,1002,0.9071803852922179,0.8301282051390944,2.8284271247461903,0.9766333548289242,predictions/masks/mosmed_test_Jun_coronacases_case9_145.png,predictions/probabilities/mosmed_test_Jun_coronacases_case9_145.npy
mosmed_test_Jun_radiopaedia_10_85902_1_case11_11,Jun_radiopaedia_10_85902_1_case11,panoptic_fpn,1002,0.9066750039095408,0.829282241926529,4.47213595499958,2.3031212574733337,predictions/masks/mosmed_test_Jun_radiopaedia_10_85902_1_case11_11.png,predictions/probabilities/mosmed_test_Jun_radiopaedia_10_85902_1_case11_11.npy
mosmed_test_Jun_coronacases_case1_195,Jun_coronacases_case1,panoptic_fpn,1002,0.8572622197485411,0.7501827930843241,4.9472135954998855,1.8409159418169927,predictions/masks/mosmed_test_Jun_coronacases_case1_195.png,predictions/probabilities/mosmed_test_Jun_coronacases_case1_195.npy
mosmed_test_Jun_radiopaedia_40_86625_0_case18_73,Jun_radiopaedia_40_86625_0_case18,panoptic_fpn,1002,0.8912100456627214,0.8037681457860211,5.656854249492381,1.6563943468876892,predictions/masks/mosmed_test_Jun_radiopaedia_40_86625_0_case18_73.png,predictions/probabilities/mosmed_test_Jun_radiopaedia_40_86625_0_case18_73.npy
mosmed_test_Jun_radiopaedia_10_85902_3_case12_78,Jun_radiopaedia_10_85902_3_case12,panoptic_fpn,1002,0.9269920734281605,0.8639191290930078,2.23606797749979,0.893810528921434,predictions/masks/mosmed_test_Jun_radiopaedia_10_85902_3_case12_78.png,predictions/probabilities/mosmed_test_Jun_radiopaedia_10_85902_3_case12_78.npy
mosmed_test_Jun_coronacases_case5_162,Jun_coronacases_case5,panoptic_fpn,1002,0.7969598262978328,0.6624548737071382,3.561223913934418,1.6223464741079687,predictions/masks/mosmed_test_Jun_coronacases_case5_162.png,predictions/probabilities/mosmed_test_Jun_coronacases_case5_162.npy
mosmed_test_Morozov_study_0276_36,Morozov_study_0276,panoptic_fpn,1002,0.8505564387976726,0.7399723375006935,3.6055512754639896,1.2147646535220535,predictions/masks/mosmed_test_Morozov_study_0276_36.png,predictions/probabilities/mosmed_test_Morozov_study_0276_36.npy
mosmed_test_Morozov_study_0273_23,Morozov_study_0273,panoptic_fpn,1002,0.8175144205606315,0.6913525499028226,10.0,2.4268955033640993,predictions/masks/mosmed_test_Morozov_study_0273_23.png,predictions/probabilities/mosmed_test_Morozov_study_0273_23.npy
mosmed_test_Jun_coronacases_case10_106,Jun_coronacases_case10,panoptic_fpn,1002,0.9116836051373853,0.8377008831643593,4.2008034155936995,1.6821324145069185,predictions/masks/mosmed_test_Jun_coronacases_case10_106.png,predictions/probabilities/mosmed_test_Jun_coronacases_case10_106.npy
mosmed_test_Jun_radiopaedia_4_85506_1_case19_19,Jun_radiopaedia_4_85506_1_case19,panoptic_fpn,1002,0.8659591836739071,0.7636049524920034,17.06162798451615,3.314794361307762,predictions/masks/mosmed_test_Jun_radiopaedia_4_85506_1_case19_19.png,predictions/probabilities/mosmed_test_Jun_radiopaedia_4_85506_1_case19_19.npy
mosmed_test_Jun_coronacases_case10_90,Jun_coronacases_case10,panoptic_fpn,1002,0.860029183972836,0.7544308783033786,4.47213595499958,1.848689152700306,predictions/masks/mosmed_test_Jun_coronacases_case10_90.png,predictions/probabilities/mosmed_test_Jun_coronacases_case10_90.npy
mosmed_test_Jun_coronacases_case8_119,Jun_coronacases_case8,panoptic_fpn,1002,0.8927827240017733,0.8063301967526718,4.0,1.4858828873539838,predictions/masks/mosmed_test_Jun_coronacases_case8_119.png,predictions/probabilities/mosmed_test_Jun_coronacases_case8_119.npy
mosmed_test_Jun_coronacases_case5_133,Jun_coronacases_case5,panoptic_fpn,1002,0.8979143798061502,0.8147410358688751,3.1622776601683795,1.3294737852949354,predictions/masks/mosmed_test_Jun_coronacases_case5_133.png,predictions/probabilities/mosmed_test_Jun_coronacases_case5_133.npy
mosmed_test_Jun_radiopaedia_14_85914_0_case13_64,Jun_radiopaedia_14_85914_0_case13,panoptic_fpn,1002,0.7992215961808449,0.6655862510848167,31.067654086426472,6.959251404700928,predictions/masks/mosmed_test_Jun_radiopaedia_14_85914_0_case13_64.png,predictions/probabilities/mosmed_test_Jun_radiopaedia_14_85914_0_case13_64.npy
mosmed_test_Jun_coronacases_case2_78,Jun_coronacases_case2,panoptic_fpn,1002,0.5647743814316195,0.3935091279120671,9.90452018978108,3.7744318062028204,predictions/masks/mosmed_test_Jun_coronacases_case2_78.png,predictions/probabilities/mosmed_test_Jun_coronacases_case2_78.npy
mosmed_test_Morozov_study_0270_19,Morozov_study_0270,panoptic_fpn,1002,0.71826333177356,0.5603829160853915,8.98316153984754,2.398663560991523,predictions/masks/mosmed_test_Morozov_study_0270_19.png,predictions/probabilities/mosmed_test_Morozov_study_0270_19.npy
mosmed_test_Jun_radiopaedia_4_85506_1_case19_20,Jun_radiopaedia_4_85506_1_case19,panoptic_fpn,1002,0.8654363419012797,0.7627922291750886,9.891899366389325,2.816588598677529,predictions/masks/mosmed_test_Jun_radiopaedia_4_85506_1_case19_20.png,predictions/probabilities/mosmed_test_Jun_radiopaedia_4_85506_1_case19_20.npy
mosmed_test_Morozov_study_0292_26,Morozov_study_0292,panoptic_fpn,1002,0.38805970156864933,0.2407407408579104,49.260507838896714,12.945985145981394,predictions/masks/mosmed_test_Morozov_study_0292_26.png,predictions/probabilities/mosmed_test_Morozov_study_0292_26.npy
mosmed_test_Jun_radiopaedia_10_85902_3_case12_150,Jun_radiopaedia_10_85902_3_case12,panoptic_fpn,1002,0.9587056266607255,0.9206864564025815,3.0,1.0370120138286276,predictions/masks/mosmed_test_Jun_radiopaedia_10_85902_3_case12_150.png,predictions/probabilities/mosmed_test_Jun_radiopaedia_10_85902_3_case12_150.npy
mosmed_test_Jun_radiopaedia_4_85506_1_case19_12,Jun_radiopaedia_4_85506_1_case19,panoptic_fpn,1002,0.8782295505176062,0.7828959578345908,27.183624174196616,5.6759171063581135,predictions/masks/mosmed_test_Jun_radiopaedia_4_85506_1_case19_12.png,predictions/probabilities/mosmed_test_Jun_radiopaedia_4_85506_1_case19_12.npy
mosmed_test_Jun_coronacases_case2_49,Jun_coronacases_case2,panoptic_fpn,1002,0.9254974548854468,0.8613264427337358,3.0,0.9152724890889649,predictions/masks/mosmed_test_Jun_coronacases_case2_49.png,predictions/probabilities/mosmed_test_Jun_coronacases_case2_49.npy
mosmed_test_Jun_coronacases_case10_256,Jun_coronacases_case10,panoptic_fpn,1002,0.8998133167455001,0.8178733031880234,2.23606797749979,1.111226583672944,predictions/masks/mosmed_test_Jun_coronacases_case10_256.png,predictions/probabilities/mosmed_test_Jun_coronacases_case10_256.npy
mosmed_test_Morozov_study_0297_37,Morozov_study_0297,panoptic_fpn,1002,0.681331077288137,0.5166809239078972,27.271594508016584,4.697609340176208,predictions/masks/mosmed_test_Morozov_study_0297_37.png,predictions/probabilities/mosmed_test_Morozov_study_0297_37.npy
mosmed_test_Morozov_study_0302_23,Morozov_study_0302,panoptic_fpn,1002,0.8222996515834233,0.6982248521156473,3.664718584144382,1.2106048006329633,predictions/masks/mosmed_test_Morozov_study_0302_23.png,predictions/probabilities/mosmed_test_Morozov_study_0302_23.npy
mosmed_test_Jun_coronacases_case8_145,Jun_coronacases_case8,panoptic_fpn,1002,0.910887685830447,0.8363578980616008,5.0,1.9451869028196846,predictions/masks/mosmed_test_Jun_coronacases_case8_145.png,predictions/probabilities/mosmed_test_Jun_coronacases_case8_145.npy
mosmed_test_Morozov_study_0289_12,Morozov_study_0289,panoptic_fpn,1002,0.8181818181931394,0.6923076923401151,6.4031242374328485,2.2013208415557806,predictions/masks/mosmed_test_Morozov_study_0289_12.png,predictions/probabilities/mosmed_test_Morozov_study_0289_12.npy
mosmed_test_Jun_coronacases_case10_213,Jun_coronacases_case10,panoptic_fpn,1002,0.915874620829971,0.8448050736831784,5.856309110618483,1.8177528438907198,predictions/masks/mosmed_test_Jun_coronacases_case10_213.png,predictions/probabilities/mosmed_test_Jun_coronacases_case10_213.npy
mosmed_test_Jun_radiopaedia_10_85902_1_case11_15,Jun_radiopaedia_10_85902_1_case11,panoptic_fpn,1002,0.8960857409145376,0.8117349092483804,6.927050983124842,2.3697746067171206,predictions/masks/mosmed_test_Jun_radiopaedia_10_85902_1_case11_15.png,predictions/probabilities/mosmed_test_Jun_radiopaedia_10_85902_1_case11_15.npy
mosmed_test_Morozov_study_0295_24,Morozov_study_0295,panoptic_fpn,1002,0.7919463087713767,0.6555555556831275,3.1622776601683795,1.26127937072859,predictions/masks/mosmed_test_Morozov_study_0295_24.png,predictions/probabilities/mosmed_test_Morozov_study_0295_24.npy
mosmed_test_Jun_radiopaedia_27_86410_0_case14_31,Jun_radiopaedia_27_86410_0_case14,panoptic_fpn,1002,0.8260123050520388,0.703595368681248,10.027431591616487,3.0299394436664184,predictions/masks/mosmed_test_Jun_radiopaedia_27_86410_0_case14_31.png,predictions/probabilities/mosmed_test_Jun_radiopaedia_27_86410_0_case14_31.npy
mosmed_test_Morozov_study_0270_11,Morozov_study_0270,panoptic_fpn,1002,0.4421437271959717,0.28381548090040537,61.61980201201558,15.48760756583961,predictions/masks/mosmed_test_Morozov_study_0270_11.png,predictions/probabilities/mosmed_test_Morozov_study_0270_11.npy
mosmed_test_Jun_radiopaedia_10_85902_3_case12_173,Jun_radiopaedia_10_85902_3_case12,panoptic_fpn,1002,0.9376619833591916,0.8826399589141593,3.605551275463989,1.5621854551852286,predictions/masks/mosmed_test_Jun_radiopaedia_10_85902_3_case12_173.png,predictions/probabilities/mosmed_test_Jun_radiopaedia_10_85902_3_case12_173.npy
mosmed_test_Jun_coronacases_case8_219,Jun_coronacases_case8,panoptic_fpn,1002,0.8378378378440989,0.7209302325766824,73.72445824575831,7.252719691647386,predictions/masks/mosmed_test_Jun_coronacases_case8_219.png,predictions/probabilities/mosmed_test_Jun_coronacases_case8_219.npy
mosmed_test_bjorke_46,bjorke_46,panoptic_fpn,1002,0.7147116398141403,0.5560710436311164,30.65124143471615,7.460144291263634,predictions/masks/mosmed_test_bjorke_46.png,predictions/probabilities/mosmed_test_bjorke_46.npy
mosmed_test_Jun_coronacases_case8_217,Jun_coronacases_case8,panoptic_fpn,1002,0.8748824082843424,0.7775919732627431,3.0,1.0120408224867914,predictions/masks/mosmed_test_Jun_coronacases_case8_217.png,predictions/probabilities/mosmed_test_Jun_coronacases_case8_217.npy
mosmed_test_Jun_coronacases_case9_93,Jun_coronacases_case9,panoptic_fpn,1002,0.8096676737275126,0.6802030457177459,5.0,1.3700191173760627,predictions/masks/mosmed_test_Jun_coronacases_case9_93.png,predictions/probabilities/mosmed_test_Jun_coronacases_case9_93.npy
mosmed_test_Jun_radiopaedia_27_86410_0_case14_26,Jun_radiopaedia_27_86410_0_case14,panoptic_fpn,1002,0.8344198174717443,0.7158836689069811,65.8737277721172,7.872625325542173,predictions/masks/mosmed_test_Jun_radiopaedia_27_86410_0_case14_26.png,predictions/probabilities/mosmed_test_Jun_radiopaedia_27_86410_0_case14_26.npy
mosmed_test_Jun_coronacases_case5_146,Jun_coronacases_case5,panoptic_fpn,1002,0.8991843393181342,0.8168346176753507,4.0,1.3372605121596572,predictions/masks/mosmed_test_Jun_coronacases_case5_146.png,predictions/probabilities/mosmed_test_Jun_coronacases_case5_146.npy
mosmed_test_Jun_coronacases_case10_196,Jun_coronacases_case10,panoptic_fpn,1002,0.8966447782684479,0.8126528615716182,5.385164807134504,1.698176475040954,predictions/masks/mosmed_test_Jun_coronacases_case10_196.png,predictions/probabilities/mosmed_test_Jun_coronacases_case10_196.npy
mosmed_test_Jun_coronacases_case6_82,Jun_coronacases_case6,panoptic_fpn,1002,0.9648215209523432,0.932033983010194,2.23606797749979,0.8494533673568685,predictions/masks/mosmed_test_Jun_coronacases_case6_82.png,predictions/probabilities/mosmed_test_Jun_coronacases_case6_82.npy
mosmed_test_Jun_coronacases_case7_101,Jun_coronacases_case7,panoptic_fpn,1002,0.9171396140767959,0.8469601677213016,3.1622776601683795,1.1046793381051585,predictions/masks/mosmed_test_Jun_coronacases_case7_101.png,predictions/probabilities/mosmed_test_Jun_coronacases_case7_101.npy
mosmed_test_Jun_coronacases_case9_110,Jun_coronacases_case9,panoptic_fpn,1002,0.9318127821351434,0.8723309608597718,3.802775637731995,1.0238402577311867,predictions/masks/mosmed_test_Jun_coronacases_case9_110.png,predictions/probabilities/mosmed_test_Jun_coronacases_case9_110.npy
mosmed_test_Jun_radiopaedia_10_85902_3_case12_167,Jun_radiopaedia_10_85902_3_case12,panoptic_fpn,1002,0.9260450160782043,0.862275449105382,5.0990195135927845,1.4585330206908091,predictions/masks/mosmed_test_Jun_radiopaedia_10_85902_3_case12_167.png,predictions/probabilities/mosmed_test_Jun_radiopaedia_10_85902_3_case12_167.npy
mosmed_test_Morozov_study_0256_34,Morozov_study_0256,panoptic_fpn,1002,0.8020536223729576,0.6695238095552833,5.0,2.0040327729326646,predictions/masks/mosmed_test_Morozov_study_0256_34.png,predictions/probabilities/mosmed_test_Morozov_study_0256_34.npy
mosmed_test_Jun_coronacases_case5_177,Jun_coronacases_case5,panoptic_fpn,1002,0.7407407408607681,0.5882352944204152,3.0,1.131316147537088,predictions/masks/mosmed_test_Jun_coronacases_case5_177.png,predictions/probabilities/mosmed_test_Jun_coronacases_case5_177.npy
mosmed_test_Jun_coronacases_case6_80,Jun_coronacases_case6,panoptic_fpn,1002,0.9536140791960577,0.9113407015879063,4.0,1.1163628055332249,predictions/masks/mosmed_test_Jun_coronacases_case6_80.png,predictions/probabilities/mosmed_test_Jun_coronacases_case6_80.npy
mosmed_test_Morozov_study_0260_14,Morozov_study_0260,panoptic_fpn,1002,0.5126050420218015,0.34463276837061274,29.614185789921695,9.868216871958218,predictions/masks/mosmed_test_Morozov_study_0260_14.png,predictions/probabilities/mosmed_test_Morozov_study_0260_14.npy
mosmed_test_Jun_coronacases_case10_258,Jun_coronacases_case10,panoptic_fpn,1002,0.921723834659479,0.8548123980660991,2.23606797749979,0.697594639901995,predictions/masks/mosmed_test_Jun_coronacases_case10_258.png,predictions/probabilities/mosmed_test_Jun_coronacases_case10_258.npy
mosmed_test_Jun_radiopaedia_14_85914_0_case13_54,Jun_radiopaedia_14_85914_0_case13,panoptic_fpn,1002,0.8768645971321867,0.7807291933758231,9.899494936611665,3.2821220511120575,predictions/masks/mosmed_test_Jun_radiopaedia_14_85914_0_case13_54.png,predictions/probabilities/mosmed_test_Jun_radiopaedia_14_85914_0_case13_54.npy
mosmed_test_Jun_coronacases_case2_47,Jun_coronacases_case2,panoptic_fpn,1002,0.8653763440918119,0.762699014422843,4.0,1.736821856742524,predictions/masks/mosmed_test_Jun_coronacases_case2_47.png,predictions/probabilities/mosmed_test_Jun_coronacases_case2_47.npy
mosmed_test_Jun_coronacases_case4_120,Jun_coronacases_case4,panoptic_fpn,1002,0.8862921348365712,0.7958030670059884,5.498371836597201,1.6749970626104655,predictions/masks/mosmed_test_Jun_coronacases_case4_120.png,predictions/probabilities/mosmed_test_Jun_coronacases_case4_120.npy
mosmed_test_Morozov_study_0303_15,Morozov_study_0303,panoptic_fpn,1002,0.896633899316404,0.8126349892059224,9.0,1.964477999650651,predictions/masks/mosmed_test_Morozov_study_0303_15.png,predictions/probabilities/mosmed_test_Morozov_study_0303_15.npy
mosmed_test_Jun_coronacases_case7_92,Jun_coronacases_case7,panoptic_fpn,1002,0.7784762383762013,0.6372993001384398,54.30460148320619,5.6081556787714195,predictions/masks/mosmed_test_Jun_coronacases_case7_92.png,predictions/probabilities/mosmed_test_Jun_coronacases_case7_92.npy
mosmed_test_Jun_radiopaedia_36_86526_0_case17_23,Jun_radiopaedia_36_86526_0_case17,panoptic_fpn,1002,0.8103028193591959,0.6811000585324107,4.0,1.3288709257291231,predictions/masks/mosmed_test_Jun_radiopaedia_36_86526_0_case17_23.png,predictions/probabilities/mosmed_test_Jun_radiopaedia_36_86526_0_case17_23.npy
mosmed_test_Jun_radiopaedia_10_85902_1_case11_19,Jun_radiopaedia_10_85902_1_case11,panoptic_fpn,1002,0.6867768595170755,0.5229704216788564,14.881503848107005,4.155824899643493,predictions/masks/mosmed_test_Jun_radiopaedia_10_85902_1_case11_19.png,predictions/probabilities/mosmed_test_Jun_radiopaedia_10_85902_1_case11_19.npy
mosmed_test_Jun_coronacases_case4_89,Jun_coronacases_case4,panoptic_fpn,1002,0.873546856468006,0.775484414499769,3.605551275463989,1.3755499194801488,predictions/masks/mosmed_test_Jun_coronacases_case4_89.png,predictions/probabilities/mosmed_test_Jun_coronacases_case4_89.npy
mosmed_test_Jun_coronacases_case10_201,Jun_coronacases_case10,panoptic_fpn,1002,0.9061759060640603,0.8284475640002384,4.123105625617661,1.3308600554646794,predictions/masks/mosmed_test_Jun_coronacases_case10_201.png,predictions/probabilities/mosmed_test_Jun_coronacases_case10_201.npy
mosmed_test_Jun_radiopaedia_36_86526_0_case17_25,Jun_radiopaedia_36_86526_0_case17,panoptic_fpn,1002,0.8005514705974012,0.6674329502170548,107.5648976592494,9.241626738958283,predictions/masks/mosmed_test_Jun_radiopaedia_36_86526_0_case17_25.png,predictions/probabilities/mosmed_test_Jun_radiopaedia_36_86526_0_case17_25.npy
mosmed_test_Jun_coronacases_case4_80,Jun_coronacases_case4,panoptic_fpn,1002,0.7803049237745487,0.63975409837542,5.398749279252385,9.875788284057471,predictions/masks/mosmed_test_Jun_coronacases_case4_80.png,predictions/probabilities/mosmed_test_Jun_coronacases_case4_80.npy
mosmed_test_Jun_coronacases_case4_133,Jun_coronacases_case4,panoptic_fpn,1002,0.913341645887988,0.8405048766586056,4.242640687119285,1.8588192537829373,predictions/masks/mosmed_test_Jun_coronacases_case4_133.png,predictions/probabilities/mosmed_test_Jun_coronacases_case4_133.npy
mosmed_test_Jun_coronacases_case7_138,Jun_coronacases_case7,panoptic_fpn,1002,0.9173403728771269,0.8473026516352544,3.605551275463989,1.133318626333365,predictions/masks/mosmed_test_Jun_coronacases_case7_138.png,predictions/probabilities/mosmed_test_Jun_coronacases_case7_138.npy
mosmed_test_Jun_coronacases_case4_101,Jun_coronacases_case4,panoptic_fpn,1002,0.7596310363668133,0.612423447103025,10.31936511465108,2.675998728533077,predictions/masks/mosmed_test_Jun_coronacases_case4_101.png,predictions/probabilities/mosmed_test_Jun_coronacases_case4_101.npy
mosmed_test_bjorke_82,bjorke_82,panoptic_fpn,1002,0.681513349365032,0.5168905950188697,57.82944693494437,9.907013529058046,predictions/masks/mosmed_test_bjorke_82.png,predictions/probabilities/mosmed_test_bjorke_82.npy
mosmed_test_Morozov_study_0283_14,Morozov_study_0283,panoptic_fpn,1002,0.8289592760335782,0.7078825348210384,4.0,1.7840440034782157,predictions/masks/mosmed_test_Morozov_study_0283_14.png,predictions/probabilities/mosmed_test_Morozov_study_0283_14.npy
mosmed_test_Jun_radiopaedia_10_85902_3_case12_183,Jun_radiopaedia_10_85902_3_case12,panoptic_fpn,1002,0.9494079655552672,0.9036885245934533,3.6055512754639887,1.052884623421285,predictions/masks/mosmed_test_Jun_radiopaedia_10_85902_3_case12_183.png,predictions/probabilities/mosmed_test_Jun_radiopaedia_10_85902_3_case12_183.npy
mosmed_test_Jun_coronacases_case2_26,Jun_coronacases_case2,panoptic_fpn,1002,0.6890756303827413,0.5256410259451019,4.030776406404415,1.5521883519827018,predictions/masks/mosmed_test_Jun_coronacases_case2_26.png,predictions/probabilities/mosmed_test_Jun_coronacases_case2_26.npy
mosmed_test_Jun_coronacases_case7_98,Jun_coronacases_case7,panoptic_fpn,1002,0.8648952095833665,0.7619518628499191,6.27619676232904,1.744749251709014,predictions/masks/mosmed_test_Jun_coronacases_case7_98.png,predictions/probabilities/mosmed_test_Jun_coronacases_case7_98.npy
mosmed_test_Jun_coronacases_case5_99,Jun_coronacases_case5,panoptic_fpn,1002,0.9472461073681793,0.8997792494525485,4.123105625617661,1.1022742302011692,predictions/masks/mosmed_test_Jun_coronacases_case5_99.png,predictions/probabilities/mosmed_test_Jun_coronacases_case5_99.npy
mosmed_test_Jun_radiopaedia_10_85902_3_case12_200,Jun_radiopaedia_10_85902_3_case12,panoptic_fpn,1002,0.8347406513971809,0.7163561076898182,5.0,1.6777658468675118,predictions/masks/mosmed_test_Jun_radiopaedia_10_85902_3_case12_200.png,predictions/probabilities/mosmed_test_Jun_radiopaedia_10_85902_3_case12_200.npy
mosmed_test_Jun_coronacases_case10_263,Jun_coronacases_case10,panoptic_fpn,1002,0.8751545117583245,0.7780219780707645,2.23606797749979,0.9048484649264131,predictions/masks/mosmed_test_Jun_coronacases_case10_263.png,predictions/probabilities/mosmed_test_Jun_coronacases_case10_263.npy
mosmed_test_Jun_radiopaedia_10_85902_3_case12_80,Jun_radiopaedia_10_85902_3_case12,panoptic_fpn,1002,0.904078549852565,0.8249483115213682,5.0,1.3421050250063689,predictions/masks/mosmed_test_Jun_radiopaedia_10_85902_3_case12_80.png,predictions/probabilities/mosmed_test_Jun_radiopaedia_10_85902_3_case12_80.npy
mosmed_test_Jun_coronacases_case9_122,Jun_coronacases_case9,panoptic_fpn,1002,0.9549151521241599,0.9137202152207202,2.8284271247461903,0.9649980409725527,predictions/masks/mosmed_test_Jun_coronacases_case9_122.png,predictions/probabilities/mosmed_test_Jun_coronacases_case9_122.npy
mosmed_test_Jun_coronacases_case10_80,Jun_coronacases_case10,panoptic_fpn,1002,0.8075178224363242,0.677173913078568,4.0,1.5373422473160308,predictions/masks/mosmed_test_Jun_coronacases_case10_80.png,predictions/probabilities/mosmed_test_Jun_coronacases_case10_80.npy
mosmed_test_Jun_coronacases_case3_127,Jun_coronacases_case3,panoptic_fpn,1002,0.9208937198071045,0.8533855623962476,5.385164807134504,2.4141051250735357,predictions/masks/mosmed_test_Jun_coronacases_case3_127.png,predictions/probabilities/mosmed_test_Jun_coronacases_case3_127.npy
mosmed_test_Jun_radiopaedia_40_86625_0_case18_67,Jun_radiopaedia_40_86625_0_case18,panoptic_fpn,1002,0.8449891212652858,0.7315854221149348,8.54400374531753,2.4950697171293945,predictions/masks/mosmed_test_Jun_radiopaedia_40_86625_0_case18_67.png,predictions/probabilities/mosmed_test_Jun_radiopaedia_40_86625_0_case18_67.npy
mosmed_test_Jun_coronacases_case3_74,Jun_coronacases_case3,panoptic_fpn,1002,0.8981678468234269,0.8151585014419875,10.044888059008782,2.7845037773357446,predictions/masks/mosmed_test_Jun_coronacases_case3_74.png,predictions/probabilities/mosmed_test_Jun_coronacases_case3_74.npy
mosmed_test_Morozov_study_0280_23,Morozov_study_0280,panoptic_fpn,1002,0.7528261533798835,0.6036256736990783,9.219544457292887,2.8621575119460987,predictions/masks/mosmed_test_Morozov_study_0280_23.png,predictions/probabilities/mosmed_test_Morozov_study_0280_23.npy
mosmed_test_Jun_radiopaedia_10_85902_3_case12_99,Jun_radiopaedia_10_85902_3_case12,panoptic_fpn,1002,0.9501133786859385,0.9049676025958977,2.23606797749979,0.8812530648726357,predictions/masks/mosmed_test_Jun_radiopaedia_10_85902_3_case12_99.png,predictions/probabilities/mosmed_test_Jun_radiopaedia_10_85902_3_case12_99.npy
mosmed_test_Jun_coronacases_case10_247,Jun_coronacases_case10,panoptic_fpn,1002,0.8757396449750097,0.7789473684355955,4.123105625617661,1.613785421107027,predictions/masks/mosmed_test_Jun_coronacases_case10_247.png,predictions/probabilities/mosmed_test_Jun_coronacases_case10_247.npy
mosmed_test_Morozov_study_0278_26,Morozov_study_0278,panoptic_fpn,1002,0.889466840055609,0.8009367681615377,5.548178472549235,1.8033719035800362,predictions/masks/mosmed_test_Morozov_study_0278_26.png,predictions/probabilities/mosmed_test_Morozov_study_0278_26.npy
mosmed_test_Jun_coronacases_case3_78,Jun_coronacases_case3,panoptic_fpn,1002,0.9031253986480339,0.8233624860447368,6.708203932499369,2.2735951495870914,predictions/masks/mosmed_test_Jun_coronacases_case3_78.png,predictions/probabilities/mosmed_test_Jun_coronacases_case3_78.npy
mosmed_test_Morozov_study_0295_16,Morozov_study_0295,panoptic_fpn,1002,0.823896752709744,0.7005309734619282,6.708203932499369,1.964953303898285,predictions/masks/mosmed_test_Morozov_study_0295_16.png,predictions/probabilities/mosmed_test_Morozov_study_0295_16.npy
mosmed_test_Morozov_study_0299_29,Morozov_study_0299,panoptic_fpn,1002,0.8953880765022061,0.8105906314031384,3.605551275463989,0.9769250003504926,predictions/masks/mosmed_test_Morozov_study_0299_29.png,predictions/probabilities/mosmed_test_Morozov_study_0299_29.npy
mosmed_test_Jun_coronacases_case10_139,Jun_coronacases_case10,panoptic_fpn,1002,0.9035040431273349,0.8239921337288103,6.708203932499369,2.047068357357677,predictions/masks/mosmed_test_Jun_coronacases_case10_139.png,predictions/probabilities/mosmed_test_Jun_coronacases_case10_139.npy
mosmed_test_Morozov_study_0283_19,Morozov_study_0283,panoptic_fpn,1002,9.090909008264463e-09,9.090909008264463e-09,724.0773439350247,724.0773439350247,predictions/masks/mosmed_test_Morozov_study_0283_19.png,predictions/probabilities/mosmed_test_Morozov_study_0283_19.npy
mosmed_test_Jun_radiopaedia_40_86625_0_case18_58,Jun_radiopaedia_40_86625_0_case18,panoptic_fpn,1002,0.8671513220139742,0.7654608588643775,7.810249675906654,2.2928065005148293,predictions/masks/mosmed_test_Jun_radiopaedia_40_86625_0_case18_58.png,predictions/probabilities/mosmed_test_Jun_radiopaedia_40_86625_0_case18_58.npy
mosmed_test_Morozov_study_0280_19,Morozov_study_0280,panoptic_fpn,1002,0.8208593208624245,0.6961504554893873,6.0,1.6897858419288694,predictions/masks/mosmed_test_Morozov_study_0280_19.png,predictions/probabilities/mosmed_test_Morozov_study_0280_19.npy
mosmed_test_Jun_radiopaedia_7_85703_0_case20_16,Jun_radiopaedia_7_85703_0_case20,panoptic_fpn,1002,0.8255648805703607,0.7029463500505069,21.201385403009667,3.565804032932841,predictions/masks/mosmed_test_Jun_radiopaedia_7_85703_0_case20_16.png,predictions/probabilities/mosmed_test_Jun_radiopaedia_7_85703_0_case20_16.npy
mosmed_test_Morozov_study_0303_8,Morozov_study_0303,panoptic_fpn,1002,0.49745454549109414,0.33107454023900534,7.810249675906654,2.78755675309535,predictions/masks/mosmed_test_Morozov_study_0303_8.png,predictions/probabilities/mosmed_test_Morozov_study_0303_8.npy
mosmed_test_Jun_coronacases_case8_148,Jun_coronacases_case8,panoptic_fpn,1002,0.8972032550753232,0.8135708227342906,7.211102550927978,1.6634119663556086,predictions/masks/mosmed_test_Jun_coronacases_case8_148.png,predictions/probabilities/mosmed_test_Jun_coronacases_case8_148.npy
mosmed_test_Jun_coronacases_case3_140,Jun_coronacases_case3,panoptic_fpn,1002,0.9139338591399341,0.8415084724188876,4.0492422502470475,1.3983022464328223,predictions/masks/mosmed_test_Jun_coronacases_case3_140.png,predictions/probabilities/mosmed_test_Jun_coronacases_case3_140.npy
mosmed_test_Jun_radiopaedia_10_85902_3_case12_101,Jun_radiopaedia_10_85902_3_case12,panoptic_fpn,1002,0.9467849223958584,0.8989473684253074,3.0,0.9471888330191595,predictions/masks/mosmed_test_Jun_radiopaedia_10_85902_3_case12_101.png,predictions/probabilities/mosmed_test_Jun_radiopaedia_10_85902_3_case12_101.npy
mosmed_test_Jun_coronacases_case10_114,Jun_coronacases_case10,panoptic_fpn,1002,0.9084784634135421,0.8323046618538108,5.830951894845301,2.0030428724553992,predictions/masks/mosmed_test_Jun_coronacases_case10_114.png,predictions/probabilities/mosmed_test_Jun_coronacases_case10_114.npy
mosmed_test_Jun_coronacases_case10_89,Jun_coronacases_case10,panoptic_fpn,1002,0.8838367435327071,0.7918525703241154,7.211102550927977,1.756948759383711,predictions/masks/mosmed_test_Jun_coronacases_case10_89.png,predictions/probabilities/mosmed_test_Jun_coronacases_case10_89.npy
mosmed_test_Jun_coronacases_case8_209,Jun_coronacases_case8,panoptic_fpn,1002,0.7575342465919497,0.6097023153682798,43.73756740726705,5.169206701233503,predictions/masks/mosmed_test_Jun_coronacases_case8_209.png,predictions/probabilities/mosmed_test_Jun_coronacases_case8_209.npy
mosmed_test_bjorke_3,bjorke_3,panoptic_fpn,1002,0.7995049505074564,0.6659793814777341,5.0,2.6408284517831633,predictions/masks/mosmed_test_bjorke_3.png,predictions/probabilities/mosmed_test_bjorke_3.npy
mosmed_test_Jun_coronacases_case2_126,Jun_coronacases_case2,panoptic_fpn,1002,0.8825091271177812,0.7897237897300349,4.0,1.4513150666050578,predictions/masks/mosmed_test_Jun_coronacases_case2_126.png,predictions/probabilities/mosmed_test_Jun_coronacases_case2_126.npy
mosmed_test_Jun_coronacases_case1_117,Jun_coronacases_case1,panoptic_fpn,1002,0.8874177253945836,0.7976198665488229,8.602325267042627,2.6008123103723633,predictions/masks/mosmed_test_Jun_coronacases_case1_117.png,predictions/probabilities/mosmed_test_Jun_coronacases_case1_117.npy
mosmed_test_Jun_coronacases_case8_104,Jun_coronacases_case8,panoptic_fpn,1002,0.8980379543269698,0.8149445417423388,6.0,2.2143168938178674,predictions/masks/mosmed_test_Jun_coronacases_case8_104.png,predictions/probabilities/mosmed_test_Jun_coronacases_case8_104.npy
mosmed_test_Morozov_study_0299_9,Morozov_study_0299,panoptic_fpn,1002,0.7387218045235564,0.5856929955599334,6.0,2.013597939014071,predictions/masks/mosmed_test_Morozov_study_0299_9.png,predictions/probabilities/mosmed_test_Morozov_study_0299_9.npy
mosmed_test_Morozov_study_0269_17,Morozov_study_0269,panoptic_fpn,1002,0.7749303621232609,0.6325602546779191,9.273153625983817,2.8976129925608687,predictions/masks/mosmed_test_Morozov_study_0269_17.png,predictions/probabilities/mosmed_test_Morozov_study_0269_17.npy
mosmed_test_Jun_coronacases_case8_157,Jun_coronacases_case8,panoptic_fpn,1002,0.9199546485269845,0.8517740919619615,4.123105625617661,1.3651167766335484,predictions/masks/mosmed_test_Jun_coronacases_case8_157.png,predictions/probabilities/mosmed_test_Jun_coronacases_case8_157.npy
mosmed_test_Jun_coronacases_case5_72,Jun_coronacases_case5,panoptic_fpn,1002,0.8918358889394183,0.8047868362150497,3.605551275463989,1.511750951241024,predictions/masks/mosmed_test_Jun_coronacases_case5_72.png,predictions/probabilities/mosmed_test_Jun_coronacases_case5_72.npy
mosmed_test_Jun_radiopaedia_10_85902_3_case12_139,Jun_radiopaedia_10_85902_3_case12,panoptic_fpn,1002,0.94141270966287,0.8893104217833226,7.0710678118654755,1.8602470413759207,predictions/masks/mosmed_test_Jun_radiopaedia_10_85902_3_case12_139.png,predictions/probabilities/mosmed_test_Jun_radiopaedia_10_85902_3_case12_139.npy
mosmed_test_Jun_coronacases_case6_101,Jun_coronacases_case6,panoptic_fpn,1002,0.9158147925461271,0.8447032723325179,2.8284271247461903,0.9561693578856987,predictions/masks/mosmed_test_Jun_coronacases_case6_101.png,predictions/probabilities/mosmed_test_Jun_coronacases_case6_101.npy
mosmed_test_Jun_coronacases_case8_230,Jun_coronacases_case8,panoptic_fpn,1002,0.8706401766061529,0.770914777187575,3.0,1.2527354949752223,predictions/masks/mosmed_test_Jun_coronacases_case8_230.png,predictions/probabilities/mosmed_test_Jun_coronacases_case8_230.npy
mosmed_test_Jun_coronacases_case8_191,Jun_coronacases_case8,panoptic_fpn,1002,0.8537313432923146,0.7447916666932508,4.47213595499958,1.4972470436809107,predictions/masks/mosmed_test_Jun_coronacases_case8_191.png,predictions/probabilities/mosmed_test_Jun_coronacases_case8_191.npy
mosmed_test_bjorke_68,bjorke_68,panoptic_fpn,1002,0.904749429245463,0.8260661563707896,38.49023062452693,9.9416023728691,predictions/masks/mosmed_test_bjorke_68.png,predictions/probabilities/mosmed_test_bjorke_68.npy
mosmed_test_Morozov_study_0303_19,Morozov_study_0303,panoptic_fpn,1002,0.912167952015592,0.8385191020150249,5.89011873164943,1.534223569076994,predictions/masks/mosmed_test_Morozov_study_0303_19.png,predictions/probabilities/mosmed_test_Morozov_study_0303_19.npy
mosmed_test_Jun_coronacases_case2_43,Jun_coronacases_case2,panoptic_fpn,1002,0.9344030202956866,0.8768821966450945,2.4433936790360096,0.9618655060104611,predictions/masks/mosmed_test_Jun_coronacases_case2_43.png,predictions/probabilities/mosmed_test_Jun_coronacases_case2_43.npy
mosmed_test_Jun_coronacases_case2_77,Jun_coronacases_case2,panoptic_fpn,1002,0.5618860511235868,0.39071038259689755,21.408680410110357,5.517447338841456,predictions/masks/mosmed_test_Jun_coronacases_case2_77.png,predictions/probabilities/mosmed_test_Jun_coronacases_case2_77.npy
mosmed_test_bjorke_59,bjorke_59,panoptic_fpn,1002,0.8580314364967947,0.7513616958639988,18.0,4.8914489954577585,predictions/masks/mosmed_test_bjorke_59.png,predictions/probabilities/mosmed_test_bjorke_59.npy
mosmed_test_Jun_coronacases_case3_155,Jun_coronacases_case3,panoptic_fpn,1002,0.9020994475148938,0.8216586151404658,3.605551275463989,1.38972209951644,predictions/masks/mosmed_test_Jun_coronacases_case3_155.png,predictions/probabilities/mosmed_test_Jun_coronacases_case3_155.npy
mosmed_test_Jun_coronacases_case2_29,Jun_coronacases_case2,panoptic_fpn,1002,0.8892455858836882,0.8005780347108992,2.9227922061357825,1.2810256750266222,predictions/masks/mosmed_test_Jun_coronacases_case2_29.png,predictions/probabilities/mosmed_test_Jun_coronacases_case2_29.npy
mosmed_test_Jun_coronacases_case8_86,Jun_coronacases_case8,panoptic_fpn,1002,0.8838827232088142,0.7919263876582984,5.0,1.6836640116732602,predictions/masks/mosmed_test_Jun_coronacases_case8_86.png,predictions/probabilities/mosmed_test_Jun_coronacases_case8_86.npy
mosmed_test_Morozov_study_0281_32,Morozov_study_0281,panoptic_fpn,1002,0.9247113164007063,0.8599656357508619,4.577708763999658,1.411430430689249,predictions/masks/mosmed_test_Morozov_study_0281_32.png,predictions/probabilities/mosmed_test_Morozov_study_0281_32.npy
mosmed_test_Jun_coronacases_case10_132,Jun_coronacases_case10,panoptic_fpn,1002,0.8907177336401779,0.8029676130717225,5.830951894845301,1.790305383555475,predictions/masks/mosmed_test_Jun_coronacases_case10_132.png,predictions/probabilities/mosmed_test_Jun_coronacases_case10_132.npy
mosmed_test_Morozov_study_0275_19,Morozov_study_0275,panoptic_fpn,1002,0.1272727276694215,0.06796116550098973,7.693563733881009,3.048624055623408,predictions/masks/mosmed_test_Morozov_study_0275_19.png,predictions/probabilities/mosmed_test_Morozov_study_0275_19.npy
mosmed_test_Jun_coronacases_case8_99,Jun_coronacases_case8,panoptic_fpn,1002,0.9003215434093313,0.8187134502956103,4.47213595499958,1.4892388761151096,predictions/masks/mosmed_test_Jun_coronacases_case8_99.png,predictions/probabilities/mosmed_test_Jun_coronacases_case8_99.npy
mosmed_test_Morozov_study_0277_27,Morozov_study_0277,panoptic_fpn,1002,0.8111634650304036,0.6823170731901026,7.781078190400224,1.7631463514379557,predictions/masks/mosmed_test_Morozov_study_0277_27.png,predictions/probabilities/mosmed_test_Morozov_study_0277_27.npy
mosmed_test_Morozov_study_0298_14,Morozov_study_0298,panoptic_fpn,1002,0.7935239697267972,0.6577204601025542,18.027756377319946,4.8503473332176945,predictions/masks/mosmed_test_Morozov_study_0298_14.png,predictions/probabilities/mosmed_test_Morozov_study_0298_14.npy
mosmed_test_Jun_coronacases_case4_114,Jun_coronacases_case4,panoptic_fpn,1002,0.8062405636735661,0.675379426671553,4.47213595499958,1.7016950016978991,predictions/masks/mosmed_test_Jun_coronacases_case4_114.png,predictions/probabilities/mosmed_test_Jun_coronacases_case4_114.npy
mosmed_test_Jun_coronacases_case8_243,Jun_coronacases_case8,panoptic_fpn,1002,0.8062622309576787,0.6754098361719967,2.23606797749979,0.9456415380840594,predictions/masks/mosmed_test_Jun_coronacases_case8_243.png,predictions/probabilities/mosmed_test_Jun_coronacases_case8_243.npy
mosmed_test_Jun_radiopaedia_14_85914_0_case13_1,Jun_radiopaedia_14_85914_0_case13,panoptic_fpn,1002,0.8567970956088424,0.7494707127911453,9.273153625983817,2.081469480805926,predictions/masks/mosmed_test_Jun_radiopaedia_14_85914_0_case13_1.png,predictions/probabilities/mosmed_test_Jun_radiopaedia_14_85914_0_case13_1.npy
mosmed_test_Jun_coronacases_case7_76,Jun_coronacases_case7,panoptic_fpn,1002,0.3636363638878907,0.2222222225979603,14.220462866753294,4.653612048647236,predictions/masks/mosmed_test_Jun_coronacases_case7_76.png,predictions/probabilities/mosmed_test_Jun_coronacases_case7_76.npy
mosmed_test_Jun_coronacases_case1_190,Jun_coronacases_case1,panoptic_fpn,1002,0.5960521677899885,0.4245543560275031,30.726783531083743,8.087482680966373,predictions/masks/mosmed_test_Jun_coronacases_case1_190.png,predictions/probabilities/mosmed_test_Jun_coronacases_case1_190.npy
mosmed_test_Jun_radiopaedia_10_85902_3_case12_164,Jun_radiopaedia_10_85902_3_case12,panoptic_fpn,1002,0.9201674996633774,0.8521391043319455,6.0,1.5806111156907634,predictions/masks/mosmed_test_Jun_radiopaedia_10_85902_3_case12_164.png,predictions/probabilities/mosmed_test_Jun_radiopaedia_10_85902_3_case12_164.npy
mosmed_test_Jun_coronacases_case3_147,Jun_coronacases_case3,panoptic_fpn,1002,0.9365868821888671,0.8807366267190773,3.1622776601683795,1.198954454961212,predictions/masks/mosmed_test_Jun_coronacases_case3_147.png,predictions/probabilities/mosmed_test_Jun_coronacases_case3_147.npy
mosmed_test_Morozov_study_0293_9,Morozov_study_0293,panoptic_fpn,1002,0.5817409767342376,0.41017964089515574,5.0,1.9079653765912532,predictions/masks/mosmed_test_Morozov_study_0293_9.png,predictions/probabilities/mosmed_test_Morozov_study_0293_9.npy
mosmed_test_Morozov_study_0269_19,Morozov_study_0269,panoptic_fpn,1002,0.6854301342646898,0.5214101982217973,25.167211957320177,6.871713294974838,predictions/masks/mosmed_test_Morozov_study_0269_19.png,predictions/probabilities/mosmed_test_Morozov_study_0269_19.npy
mosmed_test_Jun_coronacases_case6_112,Jun_coronacases_case6,panoptic_fpn,1002,0.875875238709365,0.7791619479298797,5.957737973711325,1.5616748594711047,predictions/masks/mosmed_test_Jun_coronacases_case6_112.png,predictions/probabilities/mosmed_test_Jun_coronacases_case6_112.npy
mosmed_test_Morozov_study_0276_33,Morozov_study_0276,panoptic_fpn,1002,0.8522434981465492,0.7425298804909098,5.966190378969053,3.6240781160735516,predictions/masks/mosmed_test_Morozov_study_0276_33.png,predictions/probabilities/mosmed_test_Morozov_study_0276_33.npy
mosmed_test_Jun_coronacases_case1_209,Jun_coronacases_case1,panoptic_fpn,1002,0.8460056321350822,0.7331107115403773,6.191569285815573,2.0230636991721007,predictions/masks/mosmed_test_Jun_coronacases_case1_209.png,predictions/probabilities/mosmed_test_Jun_coronacases_case1_209.npy
mosmed_test_Jun_coronacases_case2_157,Jun_coronacases_case2,panoptic_fpn,1002,0.8385605810551813,0.722001137025469,36.14952789191807,4.116071610870682,predictions/masks/mosmed_test_Jun_coronacases_case2_157.png,predictions/probabilities/mosmed_test_Jun_coronacases_case2_157.npy
mosmed_test_Morozov_study_0284_2,Morozov_study_0284,panoptic_fpn,1002,0.03905160403918388,0.019914651633013564,13.0,6.055483635049498,predictions/masks/mosmed_test_Morozov_study_0284_2.png,predictions/probabilities/mosmed_test_Morozov_study_0284_2.npy
mosmed_test_Morozov_study_0256_26,Morozov_study_0256,panoptic_fpn,1002,0.7781376518263535,0.6368455931200515,8.0,2.5494196906935405,predictions/masks/mosmed_test_Morozov_study_0256_26.png,predictions/probabilities/mosmed_test_Morozov_study_0256_26.npy
mosmed_test_Jun_coronacases_case10_138,Jun_coronacases_case10,panoptic_fpn,1002,0.8704862782868802,0.7706734867888115,8.0,2.4684250103133323,predictions/masks/mosmed_test_Jun_coronacases_case10_138.png,predictions/probabilities/mosmed_test_Jun_coronacases_case10_138.npy
mosmed_test_Jun_coronacases_case1_206,Jun_coronacases_case1,panoptic_fpn,1002,0.8167475728183139,0.6902564102643524,58.105711815436024,7.875622974019549,predictions/masks/mosmed_test_Jun_coronacases_case1_206.png,predictions/probabilities/mosmed_test_Jun_coronacases_case1_206.npy
mosmed_test_Morozov_study_0291_17,Morozov_study_0291,panoptic_fpn,1002,0.914983164984954,0.8432893716119748,11.40175425099138,2.523156619329604,predictions/masks/mosmed_test_Morozov_study_0291_17.png,predictions/probabilities/mosmed_test_Morozov_study_0291_17.npy
mosmed_test_Morozov_study_0256_20,Morozov_study_0256,panoptic_fpn,1002,0.6749835850508875,0.5094152626848945,356.92050661335793,48.26879291010102,predictions/masks/mosmed_test_Morozov_study_0256_20.png,predictions/probabilities/mosmed_test_Morozov_study_0256_20.npy
mosmed_test_Jun_coronacases_case8_88,Jun_coronacases_case8,panoptic_fpn,1002,0.8907788719801436,0.8030669895129656,5.0,1.5749771530050445,predictions/masks/mosmed_test_Jun_coronacases_case8_88.png,predictions/probabilities/mosmed_test_Jun_coronacases_case8_88.npy
mosmed_test_Jun_coronacases_case3_141,Jun_coronacases_case3,panoptic_fpn,1002,0.9252679277859076,0.8609289251792139,3.605551275463989,1.2041012718342,predictions/masks/mosmed_test_Jun_coronacases_case3_141.png,predictions/probabilities/mosmed_test_Jun_coronacases_case3_141.npy
mosmed_test_Jun_radiopaedia_27_86410_0_case14_15,Jun_radiopaedia_27_86410_0_case14,panoptic_fpn,1002,0.8647838789432558,0.7617790682359538,9.219544457292887,4.370633040841178,predictions/masks/mosmed_test_Jun_radiopaedia_27_86410_0_case14_15.png,predictions/probabilities/mosmed_test_Jun_radiopaedia_27_86410_0_case14_15.npy
mosmed_test_Jun_coronacases_case8_163,Jun_coronacases_case8,panoptic_fpn,1002,0.8690537084432467,0.7684305744111972,4.0,1.398494628615503,predictions/masks/mosmed_test_Jun_coronacases_case8_163.png,predictions/probabilities/mosmed_test_Jun_coronacases_case8_163.npy
mosmed_test_Jun_coronacases_case7_146,Jun_coronacases_case7,panoptic_fpn,1002,0.8524089819086024,0.7427811550249704,10.20694109869088,1.9756112511289678,predictions/masks/mosmed_test_Jun_coronacases_case7_146.png,predictions/probabilities/mosmed_test_Jun_coronacases_case7_146.npy
mosmed_test_Jun_coronacases_case9_146,Jun_coronacases_case9,panoptic_fpn,1002,0.8923980903454867,0.8057029177847678,2.8284271247461903,1.1053674551221688,predictions/masks/mosmed_test_Jun_coronacases_case9_146.png,predictions/probabilities/mosmed_test_Jun_coronacases_case9_146.npy
mosmed_test_Jun_coronacases_case5_75,Jun_coronacases_case5,panoptic_fpn,1002,0.9422527158392724,0.890810810816713,3.0,1.0306709172917516,predictions/masks/mosmed_test_Jun_coronacases_case5_75.png,predictions/probabilities/mosmed_test_Jun_coronacases_case5_75.npy
mosmed_test_Jun_coronacases_case8_144,Jun_coronacases_case8,panoptic_fpn,1002,0.9001562771323133,0.8184401641961092,8.0,2.027018616989674,predictions/masks/mosmed_test_Jun_coronacases_case8_144.png,predictions/probabilities/mosmed_test_Jun_coronacases_case8_144.npy
mosmed_test_Jun_coronacases_case9_157,Jun_coronacases_case9,panoptic_fpn,1002,0.4956970740971262,0.3295194509543433,82.89872581976682,23.508574609888615,predictions/masks/mosmed_test_Jun_coronacases_case9_157.png,predictions/probabilities/mosmed_test_Jun_coronacases_case9_157.npy
mosmed_test_Morozov_study_0274_16,Morozov_study_0274,panoptic_fpn,1002,0.5580693816654496,0.3870292888311654,59.12738670140691,9.002530786380223,predictions/masks/mosmed_test_Morozov_study_0274_16.png,predictions/probabilities/mosmed_test_Morozov_study_0274_16.npy
mosmed_test_Morozov_study_0285_14,Morozov_study_0285,panoptic_fpn,1002,0.5260416666975233,0.3568904594207694,31.654320714175316,11.019471844738513,predictions/masks/mosmed_test_Morozov_study_0285_14.png,predictions/probabilities/mosmed_test_Morozov_study_0285_14.npy
mosmed_test_Morozov_study_0304_20,Morozov_study_0304,panoptic_fpn,1002,0.6986899564634541,0.5369127519886492,198.72166171323113,36.98771765072114,predictions/masks/mosmed_test_Morozov_study_0304_20.png,predictions/probabilities/mosmed_test_Morozov_study_0304_20.npy
mosmed_test_Jun_radiopaedia_40_86625_0_case18_24,Jun_radiopaedia_40_86625_0_case18,panoptic_fpn,1002,0.8879794322897949,0.7985278852524439,10.0,4.780439910982505,predictions/masks/mosmed_test_Jun_radiopaedia_40_86625_0_case18_24.png,predictions/probabilities/mosmed_test_Jun_radiopaedia_40_86625_0_case18_24.npy
mosmed_test_Jun_coronacases_case1_83,Jun_coronacases_case1,panoptic_fpn,1002,0.8505747127295548,0.74000000026,1.4142135623730951,0.5680402024277598,predictions/masks/mosmed_test_Jun_coronacases_case1_83.png,predictions/probabilities/mosmed_test_Jun_coronacases_case1_83.npy
mosmed_test_Jun_coronacases_case10_262,Jun_coronacases_case10,panoptic_fpn,1002,0.9095074456002855,0.8340336134802451,2.0,0.6842441576428625,predictions/masks/mosmed_test_Jun_coronacases_case10_262.png,predictions/probabilities/mosmed_test_Jun_coronacases_case10_262.npy
mosmed_test_Morozov_study_0288_6,Morozov_study_0288,panoptic_fpn,1002,0.7990332775646211,0.6653250774097422,10.0,2.551222389348529,predictions/masks/mosmed_test_Morozov_study_0288_6.png,predictions/probabilities/mosmed_test_Morozov_study_0288_6.npy
mosmed_test_Jun_coronacases_case7_84,Jun_coronacases_case7,panoptic_fpn,1002,0.8642745710040133,0.7609890110546733,3.0,1.112360022296235,predictions/masks/mosmed_test_Jun_coronacases_case7_84.png,predictions/probabilities/mosmed_test_Jun_coronacases_case7_84.npy
mosmed_test_Morozov_study_0286_16,Morozov_study_0286,panoptic_fpn,1002,0.5272054939374748,0.35796269729706015,35.49484577293865,8.800474890358295,predictions/masks/mosmed_test_Morozov_study_0286_16.png,predictions/probabilities/mosmed_test_Morozov_study_0286_16.npy
mosmed_test_Jun_coronacases_case2_96,Jun_coronacases_case2,panoptic_fpn,1002,0.9200388475243333,0.851918465230777,3.0,1.2256355606661387,predictions/masks/mosmed_test_Jun_coronacases_case2_96.png,predictions/probabilities/mosmed_test_Jun_coronacases_case2_96.npy
mosmed_test_Jun_radiopaedia_27_86410_0_case14_54,Jun_radiopaedia_27_86410_0_case14,panoptic_fpn,1002,0.7746478873503935,0.63218390811644,4.043086968966181,2.168632597444002,predictions/masks/mosmed_test_Jun_radiopaedia_27_86410_0_case14_54.png,predictions/probabilities/mosmed_test_Jun_radiopaedia_27_86410_0_case14_54.npy
mosmed_test_Jun_coronacases_case7_132,Jun_coronacases_case7,panoptic_fpn,1002,0.9077991280492846,0.8311649911345014,5.0415475947422275,1.35961593969906,predictions/masks/mosmed_test_Jun_coronacases_case7_132.png,predictions/probabilities/mosmed_test_Jun_coronacases_case7_132.npy
mosmed_test_Jun_coronacases_case1_187,Jun_coronacases_case1,panoptic_fpn,1002,0.838039304271086,0.7212286158685609,5.548178472549205,2.019643407912659,predictions/masks/mosmed_test_Jun_coronacases_case1_187.png,predictions/probabilities/mosmed_test_Jun_coronacases_case1_187.npy
mosmed_test_Jun_coronacases_case1_189,Jun_coronacases_case1,panoptic_fpn,1002,0.8225571220252381,0.6985962014946712,16.988209833711913,3.8343792801445553,predictions/masks/mosmed_test_Jun_coronacases_case1_189.png,predictions/probabilities/mosmed_test_Jun_coronacases_case1_189.npy
mosmed_test_Jun_coronacases_case5_116,Jun_coronacases_case5,panoptic_fpn,1002,0.8969797269363471,0.8132033008322129,4.47213595499958,1.431305023907955,predictions/masks/mosmed_test_Jun_coronacases_case5_116.png,predictions/probabilities/mosmed_test_Jun_coronacases_case5_116.npy
mosmed_test_Jun_coronacases_case1_237,Jun_coronacases_case1,panoptic_fpn,1002,0.6197183101269589,0.4489795923990005,3.0,1.5219635321124032,predictions/masks/mosmed_test_Jun_coronacases_case1_237.png,predictions/probabilities/mosmed_test_Jun_coronacases_case1_237.npy
mosmed_test_Morozov_study_0269_27,Morozov_study_0269,panoptic_fpn,1002,0.7629513344171192,0.6167512691328042,212.1513583452113,23.278377210403246,predictions/masks/mosmed_test_Morozov_study_0269_27.png,predictions/probabilities/mosmed_test_Morozov_study_0269_27.npy
mosmed_test_Jun_coronacases_case1_141,Jun_coronacases_case1,panoptic_fpn,1002,0.8646854951709706,0.7616263964697113,6.4031242374328485,1.7500269624191196,predictions/masks/mosmed_test_Jun_coronacases_case1_141.png,predictions/probabilities/mosmed_test_Jun_coronacases_case1_141.npy
mosmed_test_Jun_coronacases_case4_112,Jun_coronacases_case4,panoptic_fpn,1002,0.8283118125381009,0.7069387755341274,3.605551275463989,1.5147134043254762,predictions/masks/mosmed_test_Jun_coronacases_case4_112.png,predictions/probabilities/mosmed_test_Jun_coronacases_case4_112.npy
mosmed_test_Morozov_study_0275_28,Morozov_study_0275,panoptic_fpn,1002,0.7841409691725049,0.6449275362576139,8.602325267042627,2.870998840735328,predictions/masks/mosmed_test_Morozov_study_0275_28.png,predictions/probabilities/mosmed_test_Morozov_study_0275_28.npy
mosmed_test_Morozov_study_0268_20,Morozov_study_0268,panoptic_fpn,1002,0.8001682793521175,0.6669004207807222,5.656854249492381,1.9947721883271627,predictions/masks/mosmed_test_Morozov_study_0268_20.png,predictions/probabilities/mosmed_test_Morozov_study_0268_20.npy
mosmed_test_Morozov_study_0263_12,Morozov_study_0263,panoptic_fpn,1002,0.6719840478891341,0.5060060060801793,153.89836113769206,21.815837237346553,predictions/masks/mosmed_test_Morozov_study_0263_12.png,predictions/probabilities/mosmed_test_Morozov_study_0263_12.npy
mosmed_test_Morozov_study_0289_27,Morozov_study_0289,panoptic_fpn,1002,0.8280254777206986,0.7065217391703096,3.0,1.063716888973241,predictions/masks/mosmed_test_Morozov_study_0289_27.png,predictions/probabilities/mosmed_test_Morozov_study_0289_27.npy
mosmed_test_Jun_coronacases_case1_114,Jun_coronacases_case1,panoptic_fpn,1002,0.8594181088546563,0.7534909290846235,11.180339887498949,6.529008404716908,predictions/masks/mosmed_test_Jun_coronacases_case1_114.png,predictions/probabilities/mosmed_test_Jun_coronacases_case1_114.npy
mosmed_test_Jun_coronacases_case1_143,Jun_coronacases_case1,panoptic_fpn,1002,0.8458937561060493,0.7329427083368106,10.295630140987,2.379769561956378,predictions/masks/mosmed_test_Jun_coronacases_case1_143.png,predictions/probabilities/mosmed_test_Jun_coronacases_case1_143.npy
mosmed_test_Jun_coronacases_case9_144,Jun_coronacases_case9,panoptic_fpn,1002,0.9048582995983516,0.8262476894746613,3.1622776601683795,1.041050232694969,predictions/masks/mosmed_test_Jun_coronacases_case9_144.png,predictions/probabilities/mosmed_test_Jun_coronacases_case9_144.npy
mosmed_test_Jun_coronacases_case1_158,Jun_coronacases_case1,panoptic_fpn,1002,0.7237975592271734,0.5671494867168169,19.27925372034615,3.5244040549614235,predictions/masks/mosmed_test_Jun_coronacases_case1_158.png,predictions/probabilities/mosmed_test_Jun_coronacases_case1_158.npy
mosmed_test_Morozov_study_0277_22,Morozov_study_0277,panoptic_fpn,1002,0.8430698740066971,0.7287128713139888,9.0,1.9319211609779294,predictions/masks/mosmed_test_Morozov_study_0277_22.png,predictions/probabilities/mosmed_test_Morozov_study_0277_22.npy
mosmed_test_Morozov_study_0288_7,Morozov_study_0288,panoptic_fpn,1002,0.8613647683901483,0.7564887722439052,8.65361726348606,2.180326624365608,predictions/masks/mosmed_test_Morozov_study_0288_7.png,predictions/probabilities/mosmed_test_Morozov_study_0288_7.npy
mosmed_test_Jun_coronacases_case1_148,Jun_coronacases_case1,panoptic_fpn,1002,0.8984120910665926,0.8155609586694067,3.605551275463989,1.1180299343276805,predictions/masks/mosmed_test_Jun_coronacases_case1_148.png,predictions/probabilities/mosmed_test_Jun_coronacases_case1_148.npy
mosmed_test_Jun_coronacases_case6_60,Jun_coronacases_case6,panoptic_fpn,1002,0.7949260042427818,0.6596491228468246,3.1622776601683795,1.2956291221000285,predictions/masks/mosmed_test_Jun_coronacases_case6_60.png,predictions/probabilities/mosmed_test_Jun_coronacases_case6_60.npy
mosmed_test_Jun_coronacases_case8_75,Jun_coronacases_case8,panoptic_fpn,1002,0.9370041997209986,0.8814749780543906,3.0,1.1297641869556205,predictions/masks/mosmed_test_Jun_coronacases_case8_75.png,predictions/probabilities/mosmed_test_Jun_coronacases_case8_75.npy
mosmed_test_Jun_coronacases_case5_132,Jun_coronacases_case5,panoptic_fpn,1002,0.8760960732033513,0.7795115332578351,4.47213595499958,1.3822522497926484,predictions/masks/mosmed_test_Jun_coronacases_case5_132.png,predictions/probabilities/mosmed_test_Jun_coronacases_case5_132.npy
mosmed_test_Jun_coronacases_case4_102,Jun_coronacases_case4,panoptic_fpn,1002,0.8030888031014743,0.6709677419708636,4.0,1.2857667477359769,predictions/masks/mosmed_test_Jun_coronacases_case4_102.png,predictions/probabilities/mosmed_test_Jun_coronacases_case4_102.npy
mosmed_test_Morozov_study_0265_10,Morozov_study_0265,panoptic_fpn,1002,0.8603145235918536,0.7548701298780887,9.794554078602426,2.447178658349431,predictions/masks/mosmed_test_Morozov_study_0265_10.png,predictions/probabilities/mosmed_test_Morozov_study_0265_10.npy
mosmed_test_Morozov_study_0281_37,Morozov_study_0281,panoptic_fpn,1002,0.8705882353158675,0.7708333334015377,167.9203600274199,24.018172456178405,predictions/masks/mosmed_test_Morozov_study_0281_37.png,predictions/probabilities/mosmed_test_Morozov_study_0281_37.npy
mosmed_test_Jun_radiopaedia_40_86625_0_case18_39,Jun_radiopaedia_40_86625_0_case18,panoptic_fpn,1002,0.8892828999214402,0.8006385243001828,11.180339887498949,3.3456436622324044,predictions/masks/mosmed_test_Jun_radiopaedia_40_86625_0_case18_39.png,predictions/probabilities/mosmed_test_Jun_radiopaedia_40_86625_0_case18_39.npy
mosmed_test_Jun_coronacases_case8_244,Jun_coronacases_case8,panoptic_fpn,1002,0.8458904109852928,0.7329376855391876,20.492799045440755,2.416056620701197,predictions/masks/mosmed_test_Jun_coronacases_case8_244.png,predictions/probabilities/mosmed_test_Jun_coronacases_case8_244.npy
mosmed_test_Morozov_study_0255_31,Morozov_study_0255,panoptic_fpn,1002,0.8229777256948443,0.6992031873109157,3.1622776601683795,1.212630406066454,predictions/masks/mosmed_test_Morozov_study_0255_31.png,predictions/probabilities/mosmed_test_Morozov_study_0255_31.npy
mosmed_test_Jun_coronacases_case8_162,Jun_coronacases_case8,panoptic_fpn,1002,0.9015679442530147,0.820777160990453,3.605551275463989,1.0549782517087374,predictions/masks/mosmed_test_Jun_coronacases_case8_162.png,predictions/probabilities/mosmed_test_Jun_coronacases_case8_162.npy
mosmed_test_Jun_radiopaedia_14_85914_0_case13_84,Jun_radiopaedia_14_85914_0_case13,panoptic_fpn,1002,0.8409916113694692,0.7256130495870625,8.06225774829855,2.5451846678250196,predictions/masks/mosmed_test_Jun_radiopaedia_14_85914_0_case13_84.png,predictions/probabilities/mosmed_test_Jun_radiopaedia_14_85914_0_case13_84.npy
mosmed_test_Jun_coronacases_case10_108,Jun_coronacases_case10,panoptic_fpn,1002,0.916804225817788,0.8463882962534839,4.123105625617661,1.502495356308243,predictions/masks/mosmed_test_Jun_coronacases_case10_108.png,predictions/probabilities/mosmed_test_Jun_coronacases_case10_108.npy
mosmed_test_Jun_radiopaedia_14_85914_0_case13_41,Jun_radiopaedia_14_85914_0_case13,panoptic_fpn,1002,0.8474119768026077,0.7352253882114608,12.041594578792296,3.701713479212045,predictions/masks/mosmed_test_Jun_radiopaedia_14_85914_0_case13_41.png,predictions/probabilities/mosmed_test_Jun_radiopaedia_14_85914_0_case13_41.npy
mosmed_test_Jun_coronacases_case4_142,Jun_coronacases_case4,panoptic_fpn,1002,0.8327580797040239,0.7134408602304602,7.078069548818594,2.4241333504829927,predictions/masks/mosmed_test_Jun_coronacases_case4_142.png,predictions/probabilities/mosmed_test_Jun_coronacases_case4_142.npy
mosmed_test_Jun_coronacases_case1_149,Jun_coronacases_case1,panoptic_fpn,1002,0.8784805458244654,0.7832949687638393,4.524922359499573,2.585888088519349,predictions/masks/mosmed_test_Jun_coronacases_case1_149.png,predictions/probabilities/mosmed_test_Jun_coronacases_case1_149.npy
mosmed_test_Jun_radiopaedia_27_86410_0_case14_36,Jun_radiopaedia_27_86410_0_case14,panoptic_fpn,1002,0.8072162785859615,0.6767499120760905,7.0,2.32176715494078,predictions/masks/mosmed_test_Jun_radiopaedia_27_86410_0_case14_36.png,predictions/probabilities/mosmed_test_Jun_radiopaedia_27_86410_0_case14_36.npy
mosmed_test_Jun_coronacases_case6_114,Jun_coronacases_case6,panoptic_fpn,1002,0.8396349413507647,0.7235955056800909,3.605551275463989,1.4170894489886416,predictions/masks/mosmed_test_Jun_coronacases_case6_114.png,predictions/probabilities/mosmed_test_Jun_coronacases_case6_114.npy
mosmed_test_Morozov_study_0263_9,Morozov_study_0263,panoptic_fpn,1002,0.7485578554547486,0.5981561822343733,34.27518914171543,5.410995170438148,predictions/masks/mosmed_test_Morozov_study_0263_9.png,predictions/probabilities/mosmed_test_Morozov_study_0263_9.npy
mosmed_test_Morozov_study_0264_32,Morozov_study_0264,panoptic_fpn,1002,0.16883116937088888,0.09219858220411448,11.940939982143924,4.829913709443626,predictions/masks/mosmed_test_Morozov_study_0264_32.png,predictions/probabilities/mosmed_test_Morozov_study_0264_32.npy
mosmed_test_Jun_radiopaedia_29_86491_1_case16_17,Jun_radiopaedia_29_86491_1_case16,panoptic_fpn,1002,0.779650436960685,0.6388746803253773,103.43884299806277,12.64743883237867,predictions/masks/mosmed_test_Jun_radiopaedia_29_86491_1_case16_17.png,predictions/probabilities/mosmed_test_Jun_radiopaedia_29_86491_1_case16_17.npy
mosmed_test_Jun_coronacases_case4_149,Jun_coronacases_case4,panoptic_fpn,1002,0.7968210089911257,0.6622630672221561,8.488217492792515,2.7946890421251793,predictions/masks/mosmed_test_Jun_coronacases_case4_149.png,predictions/probabilities/mosmed_test_Jun_coronacases_case4_149.npy
mosmed_test_Jun_coronacases_case7_137,Jun_coronacases_case7,panoptic_fpn,1002,0.9348482158719182,0.8776666666707444,2.8284271247461903,0.8656892095171248,predictions/masks/mosmed_test_Jun_coronacases_case7_137.png,predictions/probabilities/mosmed_test_Jun_coronacases_case7_137.npy
mosmed_test_Jun_coronacases_case2_130,Jun_coronacases_case2,panoptic_fpn,1002,0.9184877970981259,0.8492625368776029,4.0,2.03955013871585,predictions/masks/mosmed_test_Jun_coronacases_case2_130.png,predictions/probabilities/mosmed_test_Jun_coronacases_case2_130.npy
mosmed_test_Jun_coronacases_case10_160,Jun_coronacases_case10,panoptic_fpn,1002,0.88153858907501,0.788170767865577,5.0,2.1057123607600934,predictions/masks/mosmed_test_Jun_coronacases_case10_160.png,predictions/probabilities/mosmed_test_Jun_coronacases_case10_160.npy
mosmed_test_Morozov_study_0277_16,Morozov_study_0277,panoptic_fpn,1002,0.7901162790728181,0.6530514175960344,73.91340582572579,8.164065736087187,predictions/masks/mosmed_test_Morozov_study_0277_16.png,predictions/probabilities/mosmed_test_Morozov_study_0277_16.npy
mosmed_test_Jun_coronacases_case1_116,Jun_coronacases_case1,panoptic_fpn,1002,0.8232918209365616,0.699656750574537,24.632248363783415,7.8710045694082895,predictions/masks/mosmed_test_Jun_coronacases_case1_116.png,predictions/probabilities/mosmed_test_Jun_coronacases_case1_116.npy
mosmed_test_Jun_coronacases_case2_149,Jun_coronacases_case2,panoptic_fpn,1002,0.91326048833248,0.8403674280079353,3.0,1.0503733494388234,predictions/masks/mosmed_test_Jun_coronacases_case2_149.png,predictions/probabilities/mosmed_test_Jun_coronacases_case2_149.npy
mosmed_test_Morozov_study_0280_12,Morozov_study_0280,panoptic_fpn,1002,0.8024316110023004,0.6700507615888067,3.605551275463989,1.049932924881901,predictions/masks/mosmed_test_Morozov_study_0280_12.png,predictions/probabilities/mosmed_test_Morozov_study_0280_12.npy
mosmed_test_Jun_radiopaedia_7_85703_0_case20_22,Jun_radiopaedia_7_85703_0_case20,panoptic_fpn,1002,0.814889336018757,0.6876061120619062,9.219544457292887,2.382215883622294,predictions/masks/mosmed_test_Jun_radiopaedia_7_85703_0_case20_22.png,predictions/probabilities/mosmed_test_Jun_radiopaedia_7_85703_0_case20_22.npy
mosmed_test_Jun_coronacases_case1_217,Jun_coronacases_case1,panoptic_fpn,1002,0.7823129251885788,0.6424581006085953,3.1622776601683795,1.1453556266430285,predictions/masks/mosmed_test_Jun_coronacases_case1_217.png,predictions/probabilities/mosmed_test_Jun_coronacases_case1_217.npy
mosmed_test_Jun_coronacases_case7_99,Jun_coronacases_case7,panoptic_fpn,1002,0.8695473251055649,0.769202766662934,4.242640687119285,1.562750805195633,predictions/masks/mosmed_test_Jun_coronacases_case7_99.png,predictions/probabilities/mosmed_test_Jun_coronacases_case7_99.npy
mosmed_test_Morozov_study_0257_20,Morozov_study_0257,panoptic_fpn,1002,0.6646475771017443,0.49773195878359877,262.4576156258378,67.42664668273393,predictions/masks/mosmed_test_Morozov_study_0257_20.png,predictions/probabilities/mosmed_test_Morozov_study_0257_20.npy
mosmed_test_Morozov_study_0297_26,Morozov_study_0297,panoptic_fpn,1002,0.7137339055855422,0.5548882215697402,10.0,3.7252583337798892,predictions/masks/mosmed_test_Morozov_study_0297_26.png,predictions/probabilities/mosmed_test_Morozov_study_0297_26.npy
mosmed_test_Jun_coronacases_case5_106,Jun_coronacases_case5,panoptic_fpn,1002,0.9239212717652551,0.8586000703531973,3.605551275463989,1.2250389847087524,predictions/masks/mosmed_test_Jun_coronacases_case5_106.png,predictions/probabilities/mosmed_test_Jun_coronacases_case5_106.npy
mosmed_test_bjorke_89,bjorke_89,panoptic_fpn,1002,0.7905569691835156,0.6536537472548803,41.77193941785828,6.851065804076454,predictions/masks/mosmed_test_bjorke_89.png,predictions/probabilities/mosmed_test_bjorke_89.npy
mosmed_test_Jun_coronacases_case3_179,Jun_coronacases_case3,panoptic_fpn,1002,0.33460076070927725,0.20091324237401223,19.729588203355284,6.7356100887064825,predictions/masks/mosmed_test_Jun_coronacases_case3_179.png,predictions/probabilities/mosmed_test_Jun_coronacases_case3_179.npy
mosmed_test_Jun_radiopaedia_7_85703_0_case20_43,Jun_radiopaedia_7_85703_0_case20,panoptic_fpn,1002,0.7025974026167144,0.5415415415874333,6.4031242374328485,2.2557658903915194,predictions/masks/mosmed_test_Jun_radiopaedia_7_85703_0_case20_43.png,predictions/probabilities/mosmed_test_Jun_radiopaedia_7_85703_0_case20_43.npy
mosmed_test_bjorke_56,bjorke_56,panoptic_fpn,1002,0.8301274910263273,0.7095879975459517,23.769728648009426,7.551598789408313,predictions/masks/mosmed_test_bjorke_56.png,predictions/probabilities/mosmed_test_bjorke_56.npy
mosmed_test_Morozov_study_0297_15,Morozov_study_0297,panoptic_fpn,1002,0.755257009348177,0.606757390902444,9.90954544295049,2.7424478865857713,predictions/masks/mosmed_test_Morozov_study_0297_15.png,predictions/probabilities/mosmed_test_Morozov_study_0297_15.npy
mosmed_test_Jun_coronacases_case5_139,Jun_coronacases_case5,panoptic_fpn,1002,0.9283387622173179,0.8662613981844218,2.23606797749979,0.9184224018243756,predictions/masks/mosmed_test_Jun_coronacases_case5_139.png,predictions/probabilities/mosmed_test_Jun_coronacases_case5_139.npy
mosmed_test_Jun_coronacases_case7_94,Jun_coronacases_case7,panoptic_fpn,1002,0.9195833333350086,0.8511376783705693,3.1622776601683795,1.129820899159005,predictions/masks/mosmed_test_Jun_coronacases_case7_94.png,predictions/probabilities/mosmed_test_Jun_coronacases_case7_94.npy
mosmed_test_Jun_coronacases_case2_52,Jun_coronacases_case2,panoptic_fpn,1002,0.9266697804798381,0.8633594430057998,3.1622776601683795,5.335385205281368,predictions/masks/mosmed_test_Jun_coronacases_case2_52.png,predictions/probabilities/mosmed_test_Jun_coronacases_case2_52.npy
mosmed_test_Jun_radiopaedia_10_85902_3_case12_124,Jun_radiopaedia_10_85902_3_case12,panoptic_fpn,1002,0.9358857490134324,0.8794974300434181,4.300014504089359,1.4835260347841803,predictions/masks/mosmed_test_Jun_radiopaedia_10_85902_3_case12_124.png,predictions/probabilities/mosmed_test_Jun_radiopaedia_10_85902_3_case12_124.npy
mosmed_test_Jun_radiopaedia_27_86410_0_case14_43,Jun_radiopaedia_27_86410_0_case14,panoptic_fpn,1002,0.749690210672262,0.5996035679286815,165.98432735146045,30.209956148647134,predictions/masks/mosmed_test_Jun_radiopaedia_27_86410_0_case14_43.png,predictions/probabilities/mosmed_test_Jun_radiopaedia_27_86410_0_case14_43.npy
mosmed_test_Jun_coronacases_case1_157,Jun_coronacases_case1,panoptic_fpn,1002,0.7052125100264217,0.5446550229215328,24.024978336205564,4.111783975258243,predictions/masks/mosmed_test_Jun_coronacases_case1_157.png,predictions/probabilities/mosmed_test_Jun_coronacases_case1_157.npy
mosmed_test_Jun_coronacases_case2_151,Jun_coronacases_case2,panoptic_fpn,1002,0.9052240936353808,0.8268578878793518,3.605551275463989,1.122288481675472,predictions/masks/mosmed_test_Jun_coronacases_case2_151.png,predictions/probabilities/mosmed_test_Jun_coronacases_case2_151.npy
mosmed_test_Jun_coronacases_case1_130,Jun_coronacases_case1,panoptic_fpn,1002,0.7963223944715366,0.6615744870688941,13.0,3.9183367596232324,predictions/masks/mosmed_test_Jun_coronacases_case1_130.png,predictions/probabilities/mosmed_test_Jun_coronacases_case1_130.npy
mosmed_test_Morozov_study_0258_30,Morozov_study_0258,panoptic_fpn,1002,0.8259986459156399,0.703575547900395,4.242640687119285,1.4177411485884646,predictions/masks/mosmed_test_Morozov_study_0258_30.png,predictions/probabilities/mosmed_test_Morozov_study_0258_30.npy
mosmed_test_Jun_radiopaedia_36_86526_0_case17_20,Jun_radiopaedia_36_86526_0_case17,panoptic_fpn,1002,0.8103294746257719,0.6811377245628317,5.830951894845301,1.8385359026110166,predictions/masks/mosmed_test_Jun_radiopaedia_36_86526_0_case17_20.png,predictions/probabilities/mosmed_test_Jun_radiopaedia_36_86526_0_case17_20.npy
mosmed_test_Jun_radiopaedia_40_86625_0_case18_41,Jun_radiopaedia_40_86625_0_case18,panoptic_fpn,1002,0.8996366153315893,0.8175813807209562,12.727922061357855,2.873440282346358,predictions/masks/mosmed_test_Jun_radiopaedia_40_86625_0_case18_41.png,predictions/probabilities/mosmed_test_Jun_radiopaedia_40_86625_0_case18_41.npy
mosmed_test_Jun_radiopaedia_10_85902_3_case12_186,Jun_radiopaedia_10_85902_3_case12,panoptic_fpn,1002,0.9425891181999514,0.8914123491876716,3.0,1.1906922379813865,predictions/masks/mosmed_test_Jun_radiopaedia_10_85902_3_case12_186.png,predictions/probabilities/mosmed_test_Jun_radiopaedia_10_85902_3_case12_186.npy
mosmed_test_Jun_radiopaedia_40_86625_0_case18_72,Jun_radiopaedia_40_86625_0_case18,panoptic_fpn,1002,0.8792280045301599,0.7844842734160562,10.0,2.536630624550686,predictions/masks/mosmed_test_Jun_radiopaedia_40_86625_0_case18_72.png,predictions/probabilities/mosmed_test_Jun_radiopaedia_40_86625_0_case18_72.npy
mosmed_test_Jun_coronacases_case2_145,Jun_coronacases_case2,panoptic_fpn,1002,0.9133926010910038,0.8405911850134444,4.0,1.266057674425456,predictions/masks/mosmed_test_Jun_coronacases_case2_145.png,predictions/probabilities/mosmed_test_Jun_coronacases_case2_145.npy
mosmed_test_Jun_coronacases_case2_134,Jun_coronacases_case2,panoptic_fpn,1002,0.9172527308107549,0.8471531232767509,3.0,1.0309592966620955,predictions/masks/mosmed_test_Jun_coronacases_case2_134.png,predictions/probabilities/mosmed_test_Jun_coronacases_case2_134.npy
mosmed_test_Jun_coronacases_case5_134,Jun_coronacases_case5,panoptic_fpn,1002,0.86740135087567,0.7658505963737696,5.0,1.9114527913566035,predictions/masks/mosmed_test_Jun_coronacases_case5_134.png,predictions/probabilities/mosmed_test_Jun_coronacases_case5_134.npy
mosmed_test_Jun_radiopaedia_29_86491_1_case16_20,Jun_radiopaedia_29_86491_1_case16,panoptic_fpn,1002,0.938712179986069,0.8845029239822368,2.93137084989847,1.3530560617951084,predictions/masks/mosmed_test_Jun_radiopaedia_29_86491_1_case16_20.png,predictions/probabilities/mosmed_test_Jun_radiopaedia_29_86491_1_case16_20.npy
mosmed_test_Morozov_study_0261_21,Morozov_study_0261,panoptic_fpn,1002,0.8290300069902979,0.7079856972934463,5.0,1.423615930429355,predictions/masks/mosmed_test_Morozov_study_0261_21.png,predictions/probabilities/mosmed_test_Morozov_study_0261_21.npy
mosmed_test_Jun_coronacases_case7_61,Jun_coronacases_case7,panoptic_fpn,1002,0.7167630059440676,0.5585585589562536,308.6343823582227,80.44673451872058,predictions/masks/mosmed_test_Jun_coronacases_case7_61.png,predictions/probabilities/mosmed_test_Jun_coronacases_case7_61.npy
mosmed_test_Morozov_study_0261_16,Morozov_study_0261,panoptic_fpn,1002,0.7005076142892113,0.5390625001800536,248.6481818026624,51.45127399790941,predictions/masks/mosmed_test_Morozov_study_0261_16.png,predictions/probabilities/mosmed_test_Morozov_study_0261_16.npy
mosmed_test_Morozov_study_0288_18,Morozov_study_0288,panoptic_fpn,1002,0.630667920985312,0.46056608959987455,23.40939982143925,7.393084320865826,predictions/masks/mosmed_test_Morozov_study_0288_18.png,predictions/probabilities/mosmed_test_Morozov_study_0288_18.npy
mosmed_test_Morozov_study_0286_21,Morozov_study_0286,panoptic_fpn,1002,0.6845945382596499,0.520443740110287,130.10880059576502,19.294419596755894,predictions/masks/mosmed_test_Morozov_study_0286_21.png,predictions/probabilities/mosmed_test_Morozov_study_0286_21.npy
mosmed_test_Jun_coronacases_case3_146,Jun_coronacases_case3,panoptic_fpn,1002,0.9498638475096118,0.9045149481405657,2.23606797749979,0.9245753178149235,predictions/masks/mosmed_test_Jun_coronacases_case3_146.png,predictions/probabilities/mosmed_test_Jun_coronacases_case3_146.npy
mosmed_test_Morozov_study_0298_19,Morozov_study_0298,panoptic_fpn,1002,0.02748511227542441,0.013934045563681653,140.0167742555966,77.23443299169224,predictions/masks/mosmed_test_Morozov_study_0298_19.png,predictions/probabilities/mosmed_test_Morozov_study_0298_19.npy
mosmed_test_Jun_coronacases_case6_46,Jun_coronacases_case6,panoptic_fpn,1002,0.5428571435102042,0.3725490208381392,2.23606797749979,1.1657795276924616,predictions/masks/mosmed_test_Jun_coronacases_case6_46.png,predictions/probabilities/mosmed_test_Jun_coronacases_case6_46.npy
mosmed_test_Morozov_study_0264_31,Morozov_study_0264,panoptic_fpn,1002,0.5387453876240791,0.3686868690057137,10.11882341631134,2.5819260451458845,predictions/masks/mosmed_test_Morozov_study_0264_31.png,predictions/probabilities/mosmed_test_Morozov_study_0264_31.npy
mosmed_test_Jun_coronacases_case8_216,Jun_coronacases_case8,panoptic_fpn,1002,0.8547094188449544,0.7462817148078493,9.433981132056603,1.752015962937081,predictions/masks/mosmed_test_Jun_coronacases_case8_216.png,predictions/probabilities/mosmed_test_Jun_coronacases_case8_216.npy
mosmed_test_Jun_coronacases_case7_143,Jun_coronacases_case7,panoptic_fpn,1002,0.9316812940985771,0.872100515468038,3.1622776601683795,1.0075571761680897,predictions/masks/mosmed_test_Jun_coronacases_case7_143.png,predictions/probabilities/mosmed_test_Jun_coronacases_case7_143.npy
mosmed_test_Morozov_study_0271_15,Morozov_study_0271,panoptic_fpn,1002,0.7673314340201963,0.6224961479780438,5.0,2.043648943514202,predictions/masks/mosmed_test_Morozov_study_0271_15.png,predictions/probabilities/mosmed_test_Morozov_study_0271_15.npy
mosmed_test_Morozov_study_0297_34,Morozov_study_0297,panoptic_fpn,1002,0.7465958153479476,0.5956544780181331,19.30538179164556,4.625033797692147,predictions/masks/mosmed_test_Morozov_study_0297_34.png,predictions/probabilities/mosmed_test_Morozov_study_0297_34.npy
mosmed_test_Jun_radiopaedia_10_85902_1_case11_12,Jun_radiopaedia_10_85902_1_case11,panoptic_fpn,1002,0.9087131181616745,0.83269865448508,5.0,2.4170453524886772,predictions/masks/mosmed_test_Jun_radiopaedia_10_85902_1_case11_12.png,predictions/probabilities/mosmed_test_Jun_radiopaedia_10_85902_1_case11_12.npy
mosmed_test_Jun_coronacases_case10_228,Jun_coronacases_case10,panoptic_fpn,1002,0.9084944751397014,0.8323315406569968,31.993719403148916,3.2286542257290765,predictions/masks/mosmed_test_Jun_coronacases_case10_228.png,predictions/probabilities/mosmed_test_Jun_coronacases_case10_228.npy
mosmed_test_Jun_coronacases_case1_185,Jun_coronacases_case1,panoptic_fpn,1002,0.8869964596700125,0.7969394773074804,3.605551275463989,1.4977326498760897,predictions/masks/mosmed_test_Jun_coronacases_case1_185.png,predictions/probabilities/mosmed_test_Jun_coronacases_case1_185.npy
mosmed_test_Jun_coronacases_case7_106,Jun_coronacases_case7,panoptic_fpn,1002,0.9176746000796396,0.8478731074315835,3.1622776601683795,1.186039740272559,predictions/masks/mosmed_test_Jun_coronacases_case7_106.png,predictions/probabilities/mosmed_test_Jun_coronacases_case7_106.npy
mosmed_test_Jun_coronacases_case1_150,Jun_coronacases_case1,panoptic_fpn,1002,0.8693778615686383,0.7689375893319209,5.256399425040717,2.7179800429616856,predictions/masks/mosmed_test_Jun_coronacases_case1_150.png,predictions/probabilities/mosmed_test_Jun_coronacases_case1_150.npy
mosmed_test_Jun_coronacases_case1_199,Jun_coronacases_case1,panoptic_fpn,1002,0.8195650144700871,0.6942906848063531,8.0,2.8818512068397504,predictions/masks/mosmed_test_Jun_coronacases_case1_199.png,predictions/probabilities/mosmed_test_Jun_coronacases_case1_199.npy
mosmed_test_Jun_coronacases_case10_129,Jun_coronacases_case10,panoptic_fpn,1002,0.8474326908941634,0.735256573911983,10.059411708155661,2.7164451501681968,predictions/masks/mosmed_test_Jun_coronacases_case10_129.png,predictions/probabilities/mosmed_test_Jun_coronacases_case10_129.npy
mosmed_test_bjorke_76,bjorke_76,panoptic_fpn,1002,0.751797509792039,0.6023041258858133,24.0,6.117293936514474,predictions/masks/mosmed_test_bjorke_76.png,predictions/probabilities/mosmed_test_bjorke_76.npy
mosmed_test_Morozov_study_0290_26,Morozov_study_0290,panoptic_fpn,1002,0.8621553885057255,0.7577092512080575,5.0990195135927845,1.1845301657588776,predictions/masks/mosmed_test_Morozov_study_0290_26.png,predictions/probabilities/mosmed_test_Morozov_study_0290_26.npy
mosmed_test_Jun_coronacases_case7_111,Jun_coronacases_case7,panoptic_fpn,1002,0.9149746192911384,0.8432748538072797,4.380337847847467,1.29705664918476,predictions/masks/mosmed_test_Jun_coronacases_case7_111.png,predictions/probabilities/mosmed_test_Jun_coronacases_case7_111.npy
mosmed_test_Morozov_study_0280_29,Morozov_study_0280,panoptic_fpn,1002,0.6818181819989669,0.5172413797265161,3.0,1.4159586105142552,predictions/masks/mosmed_test_Morozov_study_0280_29.png,predictions/probabilities/mosmed_test_Morozov_study_0280_29.npy
mosmed_test_Morozov_study_0290_20,Morozov_study_0290,panoptic_fpn,1002,0.7875647668668957,0.6495726496475273,5.385164807134504,1.2971807131409605,predictions/masks/mosmed_test_Morozov_study_0290_20.png,predictions/probabilities/mosmed_test_Morozov_study_0290_20.npy
mosmed_test_Jun_coronacases_case10_186,Jun_coronacases_case10,panoptic_fpn,1002,0.8962942729682574,0.8120772149841268,4.47213595499958,1.4657660083361692,predictions/masks/mosmed_test_Jun_coronacases_case10_186.png,predictions/probabilities/mosmed_test_Jun_coronacases_case10_186.npy
mosmed_test_Jun_radiopaedia_10_85902_3_case12_119,Jun_radiopaedia_10_85902_3_case12,panoptic_fpn,1002,0.9515789473692052,0.907630522091207,3.0,1.0713658471878846,predictions/masks/mosmed_test_Jun_radiopaedia_10_85902_3_case12_119.png,predictions/probabilities/mosmed_test_Jun_radiopaedia_10_85902_3_case12_119.npy
mosmed_test_Jun_coronacases_case1_171,Jun_coronacases_case1,panoptic_fpn,1002,0.8444157521014759,0.7307262569932691,5.656854249492381,1.5039834273563866,predictions/masks/mosmed_test_Jun_coronacases_case1_171.png,predictions/probabilities/mosmed_test_Jun_coronacases_case1_171.npy
mosmed_test_Jun_coronacases_case6_89,Jun_coronacases_case6,panoptic_fpn,1002,0.9712468896879839,0.9441010481068502,2.0,0.6415906271006026,predictions/masks/mosmed_test_Jun_coronacases_case6_89.png,predictions/probabilities/mosmed_test_Jun_coronacases_case6_89.npy
mosmed_test_Jun_coronacases_case7_91,Jun_coronacases_case7,panoptic_fpn,1002,0.7024246877368987,0.541336353358198,51.62363799656123,6.481929703788417,predictions/masks/mosmed_test_Jun_coronacases_case7_91.png,predictions/probabilities/mosmed_test_Jun_coronacases_case7_91.npy
mosmed_test_Jun_coronacases_case3_100,Jun_coronacases_case3,panoptic_fpn,1002,0.9307585874994563,0.870484978058566,7.644944591370338,2.4034701831437997,predictions/masks/mosmed_test_Jun_coronacases_case3_100.png,predictions/probabilities/mosmed_test_Jun_coronacases_case3_100.npy
mosmed_test_Morozov_study_0255_16,Morozov_study_0255,panoptic_fpn,1002,0.8712517848658822,0.7718743411391129,10.742833763048907,3.518067970013893,predictions/masks/mosmed_test_Morozov_study_0255_16.png,predictions/probabilities/mosmed_test_Morozov_study_0255_16.npy
mosmed_test_Morozov_study_0272_20,Morozov_study_0272,panoptic_fpn,1002,0.8959365708673966,0.8114901256901713,7.067514421272201,1.9633311752099722,predictions/masks/mosmed_test_Morozov_study_0272_20.png,predictions/probabilities/mosmed_test_Morozov_study_0272_20.npy
mosmed_test_Jun_radiopaedia_4_85506_1_case19_27,Jun_radiopaedia_4_85506_1_case19,panoptic_fpn,1002,0.8438943284713857,0.7299456695516157,115.67851742287397,11.629086296757144,predictions/masks/mosmed_test_Jun_radiopaedia_4_85506_1_case19_27.png,predictions/probabilities/mosmed_test_Jun_radiopaedia_4_85506_1_case19_27.npy
mosmed_test_Jun_radiopaedia_14_85914_0_case13_20,Jun_radiopaedia_14_85914_0_case13,panoptic_fpn,1002,0.8512895174724283,0.7410827448897143,6.708203932499369,2.4360420421312123,predictions/masks/mosmed_test_Jun_radiopaedia_14_85914_0_case13_20.png,predictions/probabilities/mosmed_test_Jun_radiopaedia_14_85914_0_case13_20.npy
mosmed_test_Jun_radiopaedia_27_86410_0_case14_28,Jun_radiopaedia_27_86410_0_case14,panoptic_fpn,1002,0.830066131318906,0.7094983345138841,16.79882541076106,5.1285340870268366,predictions/masks/mosmed_test_Jun_radiopaedia_27_86410_0_case14_28.png,predictions/probabilities/mosmed_test_Jun_radiopaedia_27_86410_0_case14_28.npy
mosmed_test_Jun_coronacases_case9_136,Jun_coronacases_case9,panoptic_fpn,1002,0.9339391821053139,0.8760655737745552,3.0,1.1154450475166002,predictions/masks/mosmed_test_Jun_coronacases_case9_136.png,predictions/probabilities/mosmed_test_Jun_coronacases_case9_136.npy
mosmed_test_Jun_coronacases_case5_62,Jun_coronacases_case5,panoptic_fpn,1002,0.8879837067323846,0.7985347985716971,2.8284271247461903,1.1023426945077823,predictions/masks/mosmed_test_Jun_coronacases_case5_62.png,predictions/probabilities/mosmed_test_Jun_coronacases_case5_62.npy
mosmed_test_Morozov_study_0277_10,Morozov_study_0277,panoptic_fpn,1002,0.41594963275097696,0.2625861155468313,109.54472650277415,44.32122745318235,predictions/masks/mosmed_test_Morozov_study_0277_10.png,predictions/probabilities/mosmed_test_Morozov_study_0277_10.npy
mosmed_test_Jun_coronacases_case6_106,Jun_coronacases_case6,panoptic_fpn,1002,0.9081007488118413,0.8316708229531378,49.205354426190425,4.279128989055579,predictions/masks/mosmed_test_Jun_coronacases_case6_106.png,predictions/probabilities/mosmed_test_Jun_coronacases_case6_106.npy
mosmed_test_Jun_radiopaedia_40_86625_0_case18_40,Jun_radiopaedia_40_86625_0_case18,panoptic_fpn,1002,0.8930402446808523,0.8067504174294079,10.816653826391969,2.6701356938345104,predictions/masks/mosmed_test_Jun_radiopaedia_40_86625_0_case18_40.png,predictions/probabilities/mosmed_test_Jun_radiopaedia_40_86625_0_case18_40.npy
mosmed_test_Morozov_study_0295_28,Morozov_study_0295,panoptic_fpn,1002,0.7173913045014177,0.559322034271761,2.8284271247461903,1.304450546994043,predictions/masks/mosmed_test_Morozov_study_0295_28.png,predictions/probabilities/mosmed_test_Morozov_study_0295_28.npy
mosmed_test_Morozov_study_0275_12,Morozov_study_0275,panoptic_fpn,1002,0.6246973365920341,0.45422535217673415,153.46105599243342,18.08228361326811,predictions/masks/mosmed_test_Morozov_study_0275_12.png,predictions/probabilities/mosmed_test_Morozov_study_0275_12.npy
mosmed_test_Jun_coronacases_case8_161,Jun_coronacases_case8,panoptic_fpn,1002,0.8421242124240842,0.7273009950333551,7.810249675906654,2.2979174884102234,predictions/masks/mosmed_test_Jun_coronacases_case8_161.png,predictions/probabilities/mosmed_test_Jun_coronacases_case8_161.npy
mosmed_test_Jun_coronacases_case4_144,Jun_coronacases_case4,panoptic_fpn,1002,0.9091546825707066,0.8334405144801647,4.0,1.2113604226492705,predictions/masks/mosmed_test_Jun_coronacases_case4_144.png,predictions/probabilities/mosmed_test_Jun_coronacases_case4_144.npy
mosmed_test_Morozov_study_0279_28,Morozov_study_0279,panoptic_fpn,1002,0.6482758621498217,0.4795918369117034,5.034656829757474,1.8852624223279544,predictions/masks/mosmed_test_Morozov_study_0279_28.png,predictions/probabilities/mosmed_test_Morozov_study_0279_28.npy
mosmed_test_Morozov_study_0262_13,Morozov_study_0262,panoptic_fpn,1002,0.5134328358693101,0.3453815261920507,13.57331722381893,3.946706878595371,predictions/masks/mosmed_test_Morozov_study_0262_13.png,predictions/probabilities/mosmed_test_Morozov_study_0262_13.npy
mosmed_test_Jun_coronacases_case3_130,Jun_coronacases_case3,panoptic_fpn,1002,0.9350966429301368,0.8781047000393761,5.0,1.4701475746578239,predictions/masks/mosmed_test_Jun_coronacases_case3_130.png,predictions/probabilities/mosmed_test_Jun_coronacases_case3_130.npy
mosmed_test_Jun_coronacases_case3_120,Jun_coronacases_case3,panoptic_fpn,1002,0.9161495063472632,0.8452729520473338,5.656854249492381,2.2420275906372424,predictions/masks/mosmed_test_Jun_coronacases_case3_120.png,predictions/probabilities/mosmed_test_Jun_coronacases_case3_120.npy
mosmed_test_Morozov_study_0275_38,Morozov_study_0275,panoptic_fpn,1002,0.6997084548980441,0.5381165921353737,12.107591289387686,2.7318631832679166,predictions/masks/mosmed_test_Morozov_study_0275_38.png,predictions/probabilities/mosmed_test_Morozov_study_0275_38.npy
mosmed_test_Jun_coronacases_case1_192,Jun_coronacases_case1,panoptic_fpn,1002,0.7471763683797189,0.5963938973759668,11.775811026421092,3.7914359074859996,predictions/masks/mosmed_test_Jun_coronacases_case1_192.png,predictions/probabilities/mosmed_test_Jun_coronacases_case1_192.npy
mosmed_test_Morozov_study_0264_33,Morozov_study_0264,panoptic_fpn,1002,0.6397415186365524,0.4703087887243922,106.07909538315809,20.64213587824392,predictions/masks/mosmed_test_Morozov_study_0264_33.png,predictions/probabilities/mosmed_test_Morozov_study_0264_33.npy
mosmed_test_Jun_coronacases_case1_98,Jun_coronacases_case1,panoptic_fpn,1002,0.9085964647241487,0.8325027685539174,5.0,1.5376484611969514,predictions/masks/mosmed_test_Jun_coronacases_case1_98.png,predictions/probabilities/mosmed_test_Jun_coronacases_case1_98.npy
mosmed_test_bjorke_53,bjorke_53,panoptic_fpn,1002,0.4242265338303064,0.26921797006207626,61.73043511545833,16.669390304643038,predictions/masks/mosmed_test_bjorke_53.png,predictions/probabilities/mosmed_test_bjorke_53.npy
mosmed_test_bjorke_100,bjorke_100,panoptic_fpn,1002,0.48398131460078725,0.3192449534194524,202.0868613654178,36.754877191273934,predictions/masks/mosmed_test_bjorke_100.png,predictions/probabilities/mosmed_test_bjorke_100.npy
mosmed_test_Jun_coronacases_case7_155,Jun_coronacases_case7,panoptic_fpn,1002,0.9097167063831157,0.8343856240974074,3.0,1.0273208296914307,predictions/masks/mosmed_test_Jun_coronacases_case7_155.png,predictions/probabilities/mosmed_test_Jun_coronacases_case7_155.npy
mosmed_test_Jun_coronacases_case1_146,Jun_coronacases_case1,panoptic_fpn,1002,0.7998171010534997,0.6664126790663454,42.444060056368706,6.62909575666078,predictions/masks/mosmed_test_Jun_coronacases_case1_146.png,predictions/probabilities/mosmed_test_Jun_coronacases_case1_146.npy
mosmed_test_Jun_coronacases_case7_149,Jun_coronacases_case7,panoptic_fpn,1002,0.8873038516437288,0.7974358974462854,2.739573252659244,1.1684350233661607,predictions/masks/mosmed_test_Jun_coronacases_case7_149.png,predictions/probabilities/mosmed_test_Jun_coronacases_case7_149.npy
mosmed_test_Jun_coronacases_case9_119,Jun_coronacases_case9,panoptic_fpn,1002,0.9335091768333498,0.8753091508681923,5.983095189484526,1.4380731039000563,predictions/masks/mosmed_test_Jun_coronacases_case9_119.png,predictions/probabilities/mosmed_test_Jun_coronacases_case9_119.npy
mosmed_test_Jun_radiopaedia_10_85902_3_case12_73,Jun_radiopaedia_10_85902_3_case12,panoptic_fpn,1002,0.9048042704668682,0.8261575954649749,3.6055512754639887,1.2584409749623635,predictions/masks/mosmed_test_Jun_radiopaedia_10_85902_3_case12_73.png,predictions/probabilities/mosmed_test_Jun_radiopaedia_10_85902_3_case12_73.npy
mosmed_test_Jun_coronacases_case2_63,Jun_coronacases_case2,panoptic_fpn,1002,0.8869908015842976,0.796930342408863,2.23606797749979,0.8722156939557245,predictions/masks/mosmed_test_Jun_coronacases_case2_63.png,predictions/probabilities/mosmed_test_Jun_coronacases_case2_63.npy
mosmed_test_Jun_coronacases_case10_179,Jun_coronacases_case10,panoptic_fpn,1002,0.8983600117853446,0.8154751292598418,4.242640687119285,1.5957797053774154,predictions/masks/mosmed_test_Jun_coronacases_case10_179.png,predictions/probabilities/mosmed_test_Jun_coronacases_case10_179.npy
mosmed_test_Morozov_study_0265_18,Morozov_study_0265,panoptic_fpn,1002,0.8503513848728741,0.7396619920985379,13.992756619444556,3.2328744008174173,predictions/masks/mosmed_test_Morozov_study_0265_18.png,predictions/probabilities/mosmed_test_Morozov_study_0265_18.npy
mosmed_test_Jun_coronacases_case9_189,Jun_coronacases_case9,panoptic_fpn,1002,0.8728139904635768,0.7743300423210744,84.02380615040002,6.57460880972656,predictions/masks/mosmed_test_Jun_coronacases_case9_189.png,predictions/probabilities/mosmed_test_Jun_coronacases_case9_189.npy
mosmed_test_Morozov_study_0293_26,Morozov_study_0293,panoptic_fpn,1002,0.7933491686951665,0.6574803150954802,6.4946481459528,1.671441817867995,predictions/masks/mosmed_test_Morozov_study_0293_26.png,predictions/probabilities/mosmed_test_Morozov_study_0293_26.npy
mosmed_test_Jun_coronacases_case10_102,Jun_coronacases_case10,panoptic_fpn,1002,0.9086201644843998,0.8325425621011368,5.0,2.3860252559470343,predictions/masks/mosmed_test_Jun_coronacases_case10_102.png,predictions/probabilities/mosmed_test_Jun_coronacases_case10_102.npy
mosmed_test_Morozov_study_0275_25,Morozov_study_0275,panoptic_fpn,1002,0.77051228655683,0.6266937669629611,7.0710678118654755,2.2355720991936305,predictions/masks/mosmed_test_Morozov_study_0275_25.png,predictions/probabilities/mosmed_test_Morozov_study_0275_25.npy
mosmed_test_Morozov_study_0277_11,Morozov_study_0277,panoptic_fpn,1002,0.2568093386659904,0.14732142876175858,330.1317711336445,127.91269266172877,predictions/masks/mosmed_test_Morozov_study_0277_11.png,predictions/probabilities/mosmed_test_Morozov_study_0277_11.npy
mosmed_test_Jun_coronacases_case4_129,Jun_coronacases_case4,panoptic_fpn,1002,0.8646012621955077,0.7614957049135171,9.219544457292887,2.256729052533282,predictions/masks/mosmed_test_Jun_coronacases_case4_129.png,predictions/probabilities/mosmed_test_Jun_coronacases_case4_129.npy
mosmed_test_Jun_radiopaedia_14_85914_0_case13_22,Jun_radiopaedia_14_85914_0_case13,panoptic_fpn,1002,0.8141559779064306,0.6865624506602469,22.062442714963957,4.065232036829241,predictions/masks/mosmed_test_Jun_radiopaedia_14_85914_0_case13_22.png,predictions/probabilities/mosmed_test_Jun_radiopaedia_14_85914_0_case13_22.npy
mosmed_test_Morozov_study_0303_9,Morozov_study_0303,panoptic_fpn,1002,0.6533898305231616,0.48521082445026986,7.810249675906654,2.411564449347925,predictions/masks/mosmed_test_Morozov_study_0303_9.png,predictions/probabilities/mosmed_test_Morozov_study_0303_9.npy
mosmed_test_bjorke_8,bjorke_8,panoptic_fpn,1002,0.8881727812143946,0.7988406527631544,28.797565108369504,7.310736253821831,predictions/masks/mosmed_test_bjorke_8.png,predictions/probabilities/mosmed_test_bjorke_8.npy
mosmed_test_Morozov_study_0296_17,Morozov_study_0296,panoptic_fpn,1002,0.34957020063518907,0.21180555564678177,80.28969670216506,24.040376408273936,predictions/masks/mosmed_test_Morozov_study_0296_17.png,predictions/probabilities/mosmed_test_Morozov_study_0296_17.npy
mosmed_test_Morozov_study_0302_22,Morozov_study_0302,panoptic_fpn,1002,0.7917189460607453,0.655244029111605,3.6055512754639896,1.4690092280790683,predictions/masks/mosmed_test_Morozov_study_0302_22.png,predictions/probabilities/mosmed_test_Morozov_study_0302_22.npy
mosmed_test_Jun_coronacases_case8_82,Jun_coronacases_case8,panoptic_fpn,1002,0.8991248272700887,0.8167364016787522,4.0,1.4142528117967859,predictions/masks/mosmed_test_Jun_coronacases_case8_82.png,predictions/probabilities/mosmed_test_Jun_coronacases_case8_82.npy
mosmed_test_Morozov_study_0299_28,Morozov_study_0299,panoptic_fpn,1002,0.6581769437226422,0.49050949056038873,30.602277661519885,6.455237945228728,predictions/masks/mosmed_test_Morozov_study_0299_28.png,predictions/probabilities/mosmed_test_Morozov_study_0299_28.npy
mosmed_test_Jun_coronacases_case2_40,Jun_coronacases_case2,panoptic_fpn,1002,0.9237560192646967,0.8583146905400213,2.0,0.9327429254221186,predictions/masks/mosmed_test_Jun_coronacases_case2_40.png,predictions/probabilities/mosmed_test_Jun_coronacases_case2_40.npy
mosmed_test_Morozov_study_0269_26,Morozov_study_0269,panoptic_fpn,1002,2.3148148142789777e-10,2.3148148142789777e-10,724.0773439350247,724.0773439350247,predictions/masks/mosmed_test_Morozov_study_0269_26.png,predictions/probabilities/mosmed_test_Morozov_study_0269_26.npy
mosmed_test_Jun_coronacases_case4_86,Jun_coronacases_case4,panoptic_fpn,1002,0.8827638285844296,0.7901318012913102,4.0,1.5767531911169002,predictions/masks/mosmed_test_Jun_coronacases_case4_86.png,predictions/probabilities/mosmed_test_Jun_coronacases_case4_86.npy
mosmed_test_Morozov_study_0268_11,Morozov_study_0268,panoptic_fpn,1002,0.6425992780428522,0.47340425545920095,103.21910309835204,9.739443956262793,predictions/masks/mosmed_test_Morozov_study_0268_11.png,predictions/probabilities/mosmed_test_Morozov_study_0268_11.npy
mosmed_test_Jun_coronacases_case8_154,Jun_coronacases_case8,panoptic_fpn,1002,0.931459060127935,0.8717111580589262,3.1622776601683795,1.0854978414955245,predictions/masks/mosmed_test_Jun_coronacases_case8_154.png,predictions/probabilities/mosmed_test_Jun_coronacases_case8_154.npy
mosmed_test_Jun_coronacases_case10_113,Jun_coronacases_case10,panoptic_fpn,1002,0.903308068287148,0.8236661930005985,6.4031242374328485,2.1595009636384015,predictions/masks/mosmed_test_Jun_coronacases_case10_113.png,predictions/probabilities/mosmed_test_Jun_coronacases_case10_113.npy
mosmed_test_Morozov_study_0255_25,Morozov_study_0255,panoptic_fpn,1002,0.8959772450244621,0.8115568641953789,5.0,1.4571528853711369,predictions/masks/mosmed_test_Morozov_study_0255_25.png,predictions/probabilities/mosmed_test_Morozov_study_0255_25.npy
mosmed_test_Jun_coronacases_case4_115,Jun_coronacases_case4,panoptic_fpn,1002,0.7740757645014115,0.6314221891562604,5.0,2.1302276865983534,predictions/masks/mosmed_test_Jun_coronacases_case4_115.png,predictions/probabilities/mosmed_test_Jun_coronacases_case4_115.npy
mosmed_test_Jun_radiopaedia_4_85506_1_case19_13,Jun_radiopaedia_4_85506_1_case19,panoptic_fpn,1002,0.896835165752411,0.8129656946185069,13.038404810405298,4.544283587948527,predictions/masks/mosmed_test_Jun_radiopaedia_4_85506_1_case19_13.png,predictions/probabilities/mosmed_test_Jun_radiopaedia_4_85506_1_case19_13.npy
mosmed_test_Jun_coronacases_case8_62,Jun_coronacases_case8,panoptic_fpn,1002,0.8891224382612127,0.8003784295363879,2.8284271247461903,0.8738563414808856,predictions/masks/mosmed_test_Jun_coronacases_case8_62.png,predictions/probabilities/mosmed_test_Jun_coronacases_case8_62.npy
mosmed_test_bjorke_98,bjorke_98,panoptic_fpn,1002,0.8294900941875317,0.7086570477279838,14.0,8.88125298835824,predictions/masks/mosmed_test_bjorke_98.png,predictions/probabilities/mosmed_test_bjorke_98.npy
mosmed_test_bjorke_7,bjorke_7,panoptic_fpn,1002,0.752522686027205,0.6032355679748226,22.80218718872513,5.618331083914295,predictions/masks/mosmed_test_bjorke_7.png,predictions/probabilities/mosmed_test_bjorke_7.npy
mosmed_test_Jun_coronacases_case8_168,Jun_coronacases_case8,panoptic_fpn,1002,0.7961460446350839,0.6613310868019097,6.647187993486051,2.2252606472253778,predictions/masks/mosmed_test_Jun_coronacases_case8_168.png,predictions/probabilities/mosmed_test_Jun_coronacases_case8_168.npy
mosmed_test_Morozov_study_0276_30,Morozov_study_0276,panoptic_fpn,1002,0.7924528302031829,0.6562500000397858,4.123105625617661,1.120108799568755,predictions/masks/mosmed_test_Morozov_study_0276_30.png,predictions/probabilities/mosmed_test_Morozov_study_0276_30.npy
mosmed_test_Jun_coronacases_case2_74,Jun_coronacases_case2,panoptic_fpn,1002,0.8769556025422006,0.7808734939924041,5.385164807134504,2.042061911458272,predictions/masks/mosmed_test_Jun_coronacases_case2_74.png,predictions/probabilities/mosmed_test_Jun_coronacases_case2_74.npy
mosmed_test_Jun_coronacases_case10_147,Jun_coronacases_case10,panoptic_fpn,1002,0.9211126310996707,0.8537616229948646,3.605551275463989,1.2908069098715962,predictions/masks/mosmed_test_Jun_coronacases_case10_147.png,predictions/probabilities/mosmed_test_Jun_coronacases_case10_147.npy
mosmed_test_Morozov_study_0280_26,Morozov_study_0280,panoptic_fpn,1002,0.5494791666959974,0.3788150808457078,10.9724980739588,3.5891521450963624,predictions/masks/mosmed_test_Morozov_study_0280_26.png,predictions/probabilities/mosmed_test_Morozov_study_0280_26.npy
mosmed_test_Jun_coronacases_case8_105,Jun_coronacases_case8,panoptic_fpn,1002,0.9037111334010054,0.8243366880173172,7.211102550927978,1.8597133089131757,predictions/masks/mosmed_test_Jun_coronacases_case8_105.png,predictions/probabilities/mosmed_test_Jun_coronacases_case8_105.npy
mosmed_test_Morozov_study_0275_20,Morozov_study_0275,panoptic_fpn,1002,0.4829396326816431,0.3183391005818895,350.8490216827793,50.17665740680829,predictions/masks/mosmed_test_Morozov_study_0275_20.png,predictions/probabilities/mosmed_test_Morozov_study_0275_20.npy
mosmed_test_Morozov_study_0259_19,Morozov_study_0259,panoptic_fpn,1002,0.600133958481801,0.42870813398951496,25.23480509535472,6.471187031073798,predictions/masks/mosmed_test_Morozov_study_0259_19.png,predictions/probabilities/mosmed_test_Morozov_study_0259_19.npy
mosmed_test_Morozov_study_0292_25,Morozov_study_0292,panoptic_fpn,1002,0.7808219178382436,0.6404494382830451,39.0,4.970398722949083,predictions/masks/mosmed_test_Morozov_study_0292_25.png,predictions/probabilities/mosmed_test_Morozov_study_0292_25.npy
mosmed_test_Jun_radiopaedia_14_85914_0_case13_51,Jun_radiopaedia_14_85914_0_case13,panoptic_fpn,1002,0.8606377201379383,0.7553679241011605,11.40175425099138,4.961937000077526,predictions/masks/mosmed_test_Jun_radiopaedia_14_85914_0_case13_51.png,predictions/probabilities/mosmed_test_Jun_radiopaedia_14_85914_0_case13_51.npy
mosmed_test_Jun_radiopaedia_14_85914_0_case13_63,Jun_radiopaedia_14_85914_0_case13,panoptic_fpn,1002,0.8256598118395103,0.7030840127624847,13.0,3.360351980802168,predictions/masks/mosmed_test_Jun_radiopaedia_14_85914_0_case13_63.png,predictions/probabilities/mosmed_test_Jun_radiopaedia_14_85914_0_case13_63.npy
mosmed_test_Jun_coronacases_case1_169,Jun_coronacases_case1,panoptic_fpn,1002,0.8023232525575341,0.6698996655628797,7.211102550927978,2.662679451311257,predictions/masks/mosmed_test_Jun_coronacases_case1_169.png,predictions/probabilities/mosmed_test_Jun_coronacases_case1_169.npy
mosmed_test_Morozov_study_0292_29,Morozov_study_0292,panoptic_fpn,1002,0.3294117654948097,0.19718309972227732,5.0,2.2477308270821905,predictions/masks/mosmed_test_Morozov_study_0292_29.png,predictions/probabilities/mosmed_test_Morozov_study_0292_29.npy
mosmed_test_Jun_radiopaedia_40_86625_0_case18_36,Jun_radiopaedia_40_86625_0_case18,panoptic_fpn,1002,0.9329444891393143,0.8743167338942424,6.4031242374328485,1.87786547925111,predictions/masks/mosmed_test_Jun_radiopaedia_40_86625_0_case18_36.png,predictions/probabilities/mosmed_test_Jun_radiopaedia_40_86625_0_case18_36.npy
mosmed_test_Jun_coronacases_case4_123,Jun_coronacases_case4,panoptic_fpn,1002,0.8758399065183804,0.7791060291175101,3.16227766016838,1.3903445863110362,predictions/masks/mosmed_test_Jun_coronacases_case4_123.png,predictions/probabilities/mosmed_test_Jun_coronacases_case4_123.npy
mosmed_test_Morozov_study_0300_32,Morozov_study_0300,panoptic_fpn,1002,0.6163522013785055,0.4454545457066116,6.0,1.8778582111546678,predictions/masks/mosmed_test_Morozov_study_0300_32.png,predictions/probabilities/mosmed_test_Morozov_study_0300_32.npy
mosmed_test_Jun_coronacases_case3_94,Jun_coronacases_case3,panoptic_fpn,1002,0.9265811446305814,0.8632055790673946,5.830951894845301,1.967376247603752,predictions/masks/mosmed_test_Jun_coronacases_case3_94.png,predictions/probabilities/mosmed_test_Jun_coronacases_case3_94.npy
mosmed_test_Jun_coronacases_case2_54,Jun_coronacases_case2,panoptic_fpn,1002,0.9306834706771362,0.870353581154093,3.0,8.447191131767152,predictions/masks/mosmed_test_Jun_coronacases_case2_54.png,predictions/probabilities/mosmed_test_Jun_coronacases_case2_54.npy
mosmed_test_Jun_coronacases_case1_101,Jun_coronacases_case1,panoptic_fpn,1002,0.9175497022916788,0.8476598918544161,5.521009528313442,1.6760793519491273,predictions/masks/mosmed_test_Jun_coronacases_case1_101.png,predictions/probabilities/mosmed_test_Jun_coronacases_case1_101.npy
mosmed_test_Jun_coronacases_case2_120,Jun_coronacases_case2,panoptic_fpn,1002,0.8302857142905633,0.709819247693707,4.123105625617661,1.87588870828781,predictions/masks/mosmed_test_Jun_coronacases_case2_120.png,predictions/probabilities/mosmed_test_Jun_coronacases_case2_120.npy
mosmed_test_Morozov_study_0266_17,Morozov_study_0266,panoptic_fpn,1002,3.571428558673469e-09,3.571428558673469e-09,724.0773439350247,724.0773439350247,predictions/masks/mosmed_test_Morozov_study_0266_17.png,predictions/probabilities/mosmed_test_Morozov_study_0266_17.npy
mosmed_test_Morozov_study_0270_12,Morozov_study_0270,panoptic_fpn,1002,0.6099495313767143,0.43879668052703336,50.98870045495723,8.512141528633101,predictions/masks/mosmed_test_Morozov_study_0270_12.png,predictions/probabilities/mosmed_test_Morozov_study_0270_12.npy
mosmed_test_Jun_coronacases_case3_171,Jun_coronacases_case3,panoptic_fpn,1002,0.863195057375852,0.7593167702050219,4.123105625617661,1.569855490128179,predictions/masks/mosmed_test_Jun_coronacases_case3_171.png,predictions/probabilities/mosmed_test_Jun_coronacases_case3_171.npy
mosmed_test_Jun_coronacases_case6_67,Jun_coronacases_case6,panoptic_fpn,1002,0.9150819672145069,0.8434572378409351,4.277064977301324,1.6229099352880243,predictions/masks/mosmed_test_Jun_coronacases_case6_67.png,predictions/probabilities/mosmed_test_Jun_coronacases_case6_67.npy
mosmed_test_Jun_radiopaedia_10_85902_3_case12_69,Jun_radiopaedia_10_85902_3_case12,panoptic_fpn,1002,0.9083333333387897,0.832061068720604,2.23606797749979,1.0372941391540649,predictions/masks/mosmed_test_Jun_radiopaedia_10_85902_3_case12_69.png,predictions/probabilities/mosmed_test_Jun_radiopaedia_10_85902_3_case12_69.npy
mosmed_test_Jun_radiopaedia_27_86410_0_case14_29,Jun_radiopaedia_27_86410_0_case14,panoptic_fpn,1002,0.8552448819381893,0.747098543999292,8.587744886611352,3.894453014881763,predictions/masks/mosmed_test_Jun_radiopaedia_27_86410_0_case14_29.png,predictions/probabilities/mosmed_test_Jun_radiopaedia_27_86410_0_case14_29.npy
mosmed_test_Morozov_study_0289_25,Morozov_study_0289,panoptic_fpn,1002,0.6412698412983119,0.47196261688411656,37.54992213747814,6.153486626797086,predictions/masks/mosmed_test_Morozov_study_0289_25.png,predictions/probabilities/mosmed_test_Morozov_study_0289_25.npy
mosmed_test_Jun_radiopaedia_40_86625_0_case18_61,Jun_radiopaedia_40_86625_0_case18,panoptic_fpn,1002,0.8787969385318142,0.7837981974306234,13.717859901021082,2.756808102765723,predictions/masks/mosmed_test_Jun_radiopaedia_40_86625_0_case18_61.png,predictions/probabilities/mosmed_test_Jun_radiopaedia_40_86625_0_case18_61.npy
mosmed_test_Morozov_study_0289_29,Morozov_study_0289,panoptic_fpn,1002,0.8700696055835186,0.7700205339281272,2.8284271247461903,0.9732307047602254,predictions/masks/mosmed_test_Morozov_study_0289_29.png,predictions/probabilities/mosmed_test_Morozov_study_0289_29.npy
mosmed_test_Jun_coronacases_case8_152,Jun_coronacases_case8,panoptic_fpn,1002,0.9166048925137453,0.8460485802284289,3.605551275463989,1.2673503989092887,predictions/masks/mosmed_test_Jun_coronacases_case8_152.png,predictions/probabilities/mosmed_test_Jun_coronacases_case8_152.npy
mosmed_test_Morozov_study_0276_38,Morozov_study_0276,panoptic_fpn,1002,0.7050183598892267,0.5444234405398066,200.00962476173063,30.160488899696112,predictions/masks/mosmed_test_Morozov_study_0276_38.png,predictions/probabilities/mosmed_test_Morozov_study_0276_38.npy
mosmed_test_Morozov_study_0284_13,Morozov_study_0284,panoptic_fpn,1002,4.4843049307245266e-10,4.4843049307245266e-10,724.0773439350247,724.0773439350247,predictions/masks/mosmed_test_Morozov_study_0284_13.png,predictions/probabilities/mosmed_test_Morozov_study_0284_13.npy
mosmed_test_Jun_coronacases_case7_86,Jun_coronacases_case7,panoptic_fpn,1002,0.9107611548673542,0.8361445783527363,2.23606797749979,0.7567521642949288,predictions/masks/mosmed_test_Jun_coronacases_case7_86.png,predictions/probabilities/mosmed_test_Jun_coronacases_case7_86.npy
mosmed_test_bjorke_93,bjorke_93,panoptic_fpn,1002,0.7168730024623751,0.5586921667455412,13.416407864998739,3.782278765794439,predictions/masks/mosmed_test_bjorke_93.png,predictions/probabilities/mosmed_test_bjorke_93.npy
mosmed_test_Jun_coronacases_case8_160,Jun_coronacases_case8,panoptic_fpn,1002,0.8879363135350897,0.7984581497852847,5.0,1.939053538698369,predictions/masks/mosmed_test_Jun_coronacases_case8_160.png,predictions/probabilities/mosmed_test_Jun_coronacases_case8_160.npy
mosmed_test_Jun_coronacases_case3_53,Jun_coronacases_case3,panoptic_fpn,1002,0.8201905534194164,0.6951890034469008,9.326762794674746,2.3725832144219896,predictions/masks/mosmed_test_Jun_coronacases_case3_53.png,predictions/probabilities/mosmed_test_Jun_coronacases_case3_53.npy
mosmed_test_Morozov_study_0256_28,Morozov_study_0256,panoptic_fpn,1002,0.894164588529734,0.808587407544496,8.54400374531753,2.505331147300658,predictions/masks/mosmed_test_Morozov_study_0256_28.png,predictions/probabilities/mosmed_test_Morozov_study_0256_28.npy
mosmed_test_Jun_radiopaedia_27_86410_0_case14_14,Jun_radiopaedia_27_86410_0_case14,panoptic_fpn,1002,0.8921234300932203,0.8052552552581793,11.661903789690601,4.025372354111391,predictions/masks/mosmed_test_Jun_radiopaedia_27_86410_0_case14_14.png,predictions/probabilities/mosmed_test_Jun_radiopaedia_27_86410_0_case14_14.npy
mosmed_test_Morozov_study_0267_23,Morozov_study_0267,panoptic_fpn,1002,0.7475317348734087,0.5968468469376471,5.0,1.7324517147285294,predictions/masks/mosmed_test_Morozov_study_0267_23.png,predictions/probabilities/mosmed_test_Morozov_study_0267_23.npy
mosmed_test_Jun_coronacases_case6_109,Jun_coronacases_case6,panoptic_fpn,1002,0.8715953307438417,0.772413793117717,72.00659690409982,6.029822262046095,predictions/masks/mosmed_test_Jun_coronacases_case6_109.png,predictions/probabilities/mosmed_test_Jun_coronacases_case6_109.npy
mosmed_test_Jun_coronacases_case9_148,Jun_coronacases_case9,panoptic_fpn,1002,0.8929986790007487,0.8066825775810117,2.8284271247461903,0.975530793284965,predictions/masks/mosmed_test_Jun_coronacases_case9_148.png,predictions/probabilities/mosmed_test_Jun_coronacases_case9_148.npy
mosmed_test_Morozov_study_0285_29,Morozov_study_0285,panoptic_fpn,1002,0.6666666668650794,0.5000000004464286,2.4433936790360264,1.1549890042819442,predictions/masks/mosmed_test_Morozov_study_0285_29.png,predictions/probabilities/mosmed_test_Morozov_study_0285_29.npy
mosmed_test_Jun_coronacases_case6_103,Jun_coronacases_case6,panoptic_fpn,1002,0.9005128205162217,0.819029850757523,2.9914213562372978,1.139979324388051,predictions/masks/mosmed_test_Jun_coronacases_case6_103.png,predictions/probabilities/mosmed_test_Jun_coronacases_case6_103.npy
mosmed_test_Jun_coronacases_case1_180,Jun_coronacases_case1,panoptic_fpn,1002,0.883916820217374,0.7919811320803778,8.94427190999916,2.198267675598137,predictions/masks/mosmed_test_Jun_coronacases_case1_180.png,predictions/probabilities/mosmed_test_Jun_coronacases_case1_180.npy
mosmed_test_Jun_coronacases_case8_172,Jun_coronacases_case8,panoptic_fpn,1002,0.8311688311766621,0.7111111111340387,5.0990195135927845,1.8481418433500993,predictions/masks/mosmed_test_Jun_coronacases_case8_172.png,predictions/probabilities/mosmed_test_Jun_coronacases_case8_172.npy
mosmed_test_Jun_radiopaedia_27_86410_0_case14_37,Jun_radiopaedia_27_86410_0_case14,panoptic_fpn,1002,0.8746854554636465,0.7772808586861683,26.12154698739695,7.718735222475463,predictions/masks/mosmed_test_Jun_radiopaedia_27_86410_0_case14_37.png,predictions/probabilities/mosmed_test_Jun_radiopaedia_27_86410_0_case14_37.npy
mosmed_test_Jun_coronacases_case9_152,Jun_coronacases_case9,panoptic_fpn,1002,0.8355763604543256,0.7175879397268756,3.1622776601683795,1.3237762969216476,predictions/masks/mosmed_test_Jun_coronacases_case9_152.png,predictions/probabilities/mosmed_test_Jun_coronacases_case9_152.npy
mosmed_test_Jun_coronacases_case10_231,Jun_coronacases_case10,panoptic_fpn,1002,0.9028714107390045,0.8229403732442905,3.0,1.1796661058846372,predictions/masks/mosmed_test_Jun_coronacases_case10_231.png,predictions/probabilities/mosmed_test_Jun_coronacases_case10_231.npy
mosmed_test_Jun_coronacases_case7_107,Jun_coronacases_case7,panoptic_fpn,1002,0.9092353525340767,0.8335761107125428,3.605551275463989,1.349003481021758,predictions/masks/mosmed_test_Jun_coronacases_case7_107.png,predictions/probabilities/mosmed_test_Jun_coronacases_case7_107.npy
mosmed_test_Jun_coronacases_case1_138,Jun_coronacases_case1,panoptic_fpn,1002,0.839976405158507,0.7241028621280822,5.656854249492381,1.909969953729928,predictions/masks/mosmed_test_Jun_coronacases_case1_138.png,predictions/probabilities/mosmed_test_Jun_coronacases_case1_138.npy
mosmed_test_Jun_coronacases_case9_190,Jun_coronacases_case9,panoptic_fpn,1002,0.7426606717867585,0.5906604964412848,10.198039027185569,3.0234109448696893,predictions/masks/mosmed_test_Jun_coronacases_case9_190.png,predictions/probabilities/mosmed_test_Jun_coronacases_case9_190.npy
mosmed_test_Jun_coronacases_case6_68,Jun_coronacases_case6,panoptic_fpn,1002,0.9085831863623077,0.832480474014746,5.0,1.7541028252400048,predictions/masks/mosmed_test_Jun_coronacases_case6_68.png,predictions/probabilities/mosmed_test_Jun_coronacases_case6_68.npy
mosmed_test_Morozov_study_0282_14,Morozov_study_0282,panoptic_fpn,1002,0.7788778878131047,0.6378378379030923,140.47275646454355,11.866628693429721,predictions/masks/mosmed_test_Morozov_study_0282_14.png,predictions/probabilities/mosmed_test_Morozov_study_0282_14.npy
mosmed_test_Morozov_study_0304_25,Morozov_study_0304,panoptic_fpn,1002,0.5041322316098626,0.33701657495192455,41.24000251798197,10.399427980286696,predictions/masks/mosmed_test_Morozov_study_0304_25.png,predictions/probabilities/mosmed_test_Morozov_study_0304_25.npy
mosmed_test_Jun_coronacases_case8_181,Jun_coronacases_case8,panoptic_fpn,1002,0.8549019607924425,0.7465753424905504,4.123105625617661,1.3088668628527,predictions/masks/mosmed_test_Jun_coronacases_case8_181.png,predictions/probabilities/mosmed_test_Jun_coronacases_case8_181.npy
mosmed_test_Jun_radiopaedia_14_85914_0_case13_43,Jun_radiopaedia_14_85914_0_case13,panoptic_fpn,1002,0.86504420303076,0.7621831663763781,13.416407864998739,3.785046050073699,predictions/masks/mosmed_test_Jun_radiopaedia_14_85914_0_case13_43.png,predictions/probabilities/mosmed_test_Jun_radiopaedia_14_85914_0_case13_43.npy
mosmed_test_Morozov_study_0257_19,Morozov_study_0257,panoptic_fpn,1002,0.6663540445564747,0.49964838257736827,264.64778199519304,79.44283527404714,predictions/masks/mosmed_test_Morozov_study_0257_19.png,predictions/probabilities/mosmed_test_Morozov_study_0257_19.npy
mosmed_test_Jun_coronacases_case4_137,Jun_coronacases_case4,panoptic_fpn,1002,0.8975882558581759,0.814204185173481,5.0,1.3144150305793494,predictions/masks/mosmed_test_Jun_coronacases_case4_137.png,predictions/probabilities/mosmed_test_Jun_coronacases_case4_137.npy
mosmed_test_Jun_coronacases_case7_78,Jun_coronacases_case7,panoptic_fpn,1002,0.8870967742163112,0.7971014493488762,2.23606797749979,0.7839264052349163,predictions/masks/mosmed_test_Jun_coronacases_case7_78.png,predictions/probabilities/mosmed_test_Jun_coronacases_case7_78.npy
mosmed_test_Morozov_study_0276_18,Morozov_study_0276,panoptic_fpn,1002,0.7929956222682303,0.656994818664698,8.494089729900406,2.3220495780808372,predictions/masks/mosmed_test_Morozov_study_0276_18.png,predictions/probabilities/mosmed_test_Morozov_study_0276_18.npy
mosmed_test_Jun_coronacases_case4_168,Jun_coronacases_case4,panoptic_fpn,1002,0.8652482269590427,0.7625000000269886,3.605551275463989,1.4105893448264015,predictions/masks/mosmed_test_Jun_coronacases_case4_168.png,predictions/probabilities/mosmed_test_Jun_coronacases_case4_168.npy
mosmed_test_Morozov_study_0303_28,Morozov_study_0303,panoptic_fpn,1002,0.6231884059336273,0.45263157923545705,16.37673969270532,4.288437054999602,predictions/masks/mosmed_test_Morozov_study_0303_28.png,predictions/probabilities/mosmed_test_Morozov_study_0303_28.npy
mosmed_test_Morozov_study_0297_10,Morozov_study_0297,panoptic_fpn,1002,0.6433511933790224,0.47422088181137123,14.693211911648,3.6176825537696775,predictions/masks/mosmed_test_Morozov_study_0297_10.png,predictions/probabilities/mosmed_test_Morozov_study_0297_10.npy
mosmed_test_Jun_coronacases_case1_201,Jun_coronacases_case1,panoptic_fpn,1002,0.8598271326582129,0.7541199736362209,5.385164807134504,1.9875941563543944,predictions/masks/mosmed_test_Jun_coronacases_case1_201.png,predictions/probabilities/mosmed_test_Jun_coronacases_case1_201.npy
mosmed_test_Jun_coronacases_case8_169,Jun_coronacases_case8,panoptic_fpn,1002,0.8107638888971024,0.6817518248407479,6.28828640183097,2.4743235270795343,predictions/masks/mosmed_test_Jun_coronacases_case8_169.png,predictions/probabilities/mosmed_test_Jun_coronacases_case8_169.npy
mosmed_test_Jun_coronacases_case5_97,Jun_coronacases_case5,panoptic_fpn,1002,0.957968476358188,0.9193277310958266,2.23606797749979,0.8964781658388835,predictions/masks/mosmed_test_Jun_coronacases_case5_97.png,predictions/probabilities/mosmed_test_Jun_coronacases_case5_97.npy
mosmed_test_Jun_radiopaedia_10_85902_3_case12_190,Jun_radiopaedia_10_85902_3_case12,panoptic_fpn,1002,0.9073601114486334,0.8304292392762249,4.0,1.7022485340039706,predictions/masks/mosmed_test_Jun_radiopaedia_10_85902_3_case12_190.png,predictions/probabilities/mosmed_test_Jun_radiopaedia_10_85902_3_case12_190.npy
mosmed_test_Jun_radiopaedia_14_85914_0_case13_101,Jun_radiopaedia_14_85914_0_case13,panoptic_fpn,1002,0.5049180328409926,0.3377192983424387,35.034119409414444,12.421524385725418,predictions/masks/mosmed_test_Jun_radiopaedia_14_85914_0_case13_101.png,predictions/probabilities/mosmed_test_Jun_radiopaedia_14_85914_0_case13_101.npy
mosmed_test_Jun_coronacases_case4_134,Jun_coronacases_case4,panoptic_fpn,1002,0.907630522091207,0.830882352950742,2.8284271247461903,1.3639956760370513,predictions/masks/mosmed_test_Jun_coronacases_case4_134.png,predictions/probabilities/mosmed_test_Jun_coronacases_case4_134.npy
mosmed_test_Jun_radiopaedia_10_85902_3_case12_81,Jun_radiopaedia_10_85902_3_case12,panoptic_fpn,1002,0.9045226130685252,0.8256880734051567,4.123105625617661,1.4892610205607288,predictions/masks/mosmed_test_Jun_radiopaedia_10_85902_3_case12_81.png,predictions/probabilities/mosmed_test_Jun_radiopaedia_10_85902_3_case12_81.npy
mosmed_test_Morozov_study_0303_34,Morozov_study_0303,panoptic_fpn,1002,0.49097472942564085,0.3253588519974359,10.233299461420497,2.861358289196842,predictions/masks/mosmed_test_Morozov_study_0303_34.png,predictions/probabilities/mosmed_test_Morozov_study_0303_34.npy
mosmed_test_Morozov_study_0255_24,Morozov_study_0255,panoptic_fpn,1002,0.8594122319319644,0.7534818941561402,8.06225774829855,2.104350059168559,predictions/masks/mosmed_test_Morozov_study_0255_24.png,predictions/probabilities/mosmed_test_Morozov_study_0255_24.npy
mosmed_test_bjorke_69,bjorke_69,panoptic_fpn,1002,0.6916075575930839,0.5285933602018394,15.261058391399143,4.16955960969409,predictions/masks/mosmed_test_bjorke_69.png,predictions/probabilities/mosmed_test_bjorke_69.npy
mosmed_test_bjorke_63,bjorke_63,panoptic_fpn,1002,0.8312907431573495,0.7112896028623095,20.720489133861303,3.816553323322929,predictions/masks/mosmed_test_bjorke_63.png,predictions/probabilities/mosmed_test_bjorke_63.npy
mosmed_test_Jun_coronacases_case2_161,Jun_coronacases_case2,panoptic_fpn,1002,0.8052126200407947,0.6739380023336466,4.0,1.4082881412965615,predictions/masks/mosmed_test_Jun_coronacases_case2_161.png,predictions/probabilities/mosmed_test_Jun_coronacases_case2_161.npy
mosmed_test_Jun_coronacases_case7_122,Jun_coronacases_case7,panoptic_fpn,1002,0.916393725221231,0.845688832330713,4.123105625617661,1.2071062310689287,predictions/masks/mosmed_test_Jun_coronacases_case7_122.png,predictions/probabilities/mosmed_test_Jun_coronacases_case7_122.npy
mosmed_test_Jun_coronacases_case1_235,Jun_coronacases_case1,panoptic_fpn,1002,0.7556390977902935,0.6072507554056643,6.094852169800141,1.867643724041934,predictions/masks/mosmed_test_Jun_coronacases_case1_235.png,predictions/probabilities/mosmed_test_Jun_coronacases_case1_235.npy
mosmed_test_Jun_coronacases_case8_266,Jun_coronacases_case8,panoptic_fpn,1002,0.8109339408175549,0.6819923372865929,2.0,0.91980339435769,predictions/masks/mosmed_test_Jun_coronacases_case8_266.png,predictions/probabilities/mosmed_test_Jun_coronacases_case8_266.npy
mosmed_test_Jun_coronacases_case7_102,Jun_coronacases_case7,panoptic_fpn,1002,0.929225273500129,0.867806505426697,2.8284271247461903,0.9406869513255761,predictions/masks/mosmed_test_Jun_coronacases_case7_102.png,predictions/probabilities/mosmed_test_Jun_coronacases_case7_102.npy
mosmed_test_Jun_coronacases_case10_96,Jun_coronacases_case10,panoptic_fpn,1002,0.8983354673504197,0.8154346815463283,5.0,1.701783264198848,predictions/masks/mosmed_test_Jun_coronacases_case10_96.png,predictions/probabilities/mosmed_test_Jun_coronacases_case10_96.npy
mosmed_test_Jun_coronacases_case1_193,Jun_coronacases_case1,panoptic_fpn,1002,0.8566350710921707,0.749222797933958,4.47213595499958,1.577134522977904,predictions/masks/mosmed_test_Jun_coronacases_case1_193.png,predictions/probabilities/mosmed_test_Jun_coronacases_case1_193.npy
mosmed_test_Jun_coronacases_case5_142,Jun_coronacases_case5,panoptic_fpn,1002,0.897727272730691,0.814432989701975,5.830951894845301,1.3143533459644998,predictions/masks/mosmed_test_Jun_coronacases_case5_142.png,predictions/probabilities/mosmed_test_Jun_coronacases_case5_142.npy
mosmed_test_Morozov_study_0288_22,Morozov_study_0288,panoptic_fpn,1002,0.7873399715580605,0.6492668621906589,8.0,2.571197405286854,predictions/masks/mosmed_test_Morozov_study_0288_22.png,predictions/probabilities/mosmed_test_Morozov_study_0288_22.npy
mosmed_test_Jun_radiopaedia_10_85902_3_case12_68,Jun_radiopaedia_10_85902_3_case12,panoptic_fpn,1002,0.8192128085510866,0.6937853107690638,5.385164807134504,1.92889119272265,predictions/masks/mosmed_test_Jun_radiopaedia_10_85902_3_case12_68.png,predictions/probabilities/mosmed_test_Jun_radiopaedia_10_85902_3_case12_68.npy
mosmed_test_Morozov_study_0298_12,Morozov_study_0298,panoptic_fpn,1002,0.7613285272945246,0.6146331324129155,27.018512172212592,5.362485141888653,predictions/masks/mosmed_test_Morozov_study_0298_12.png,predictions/probabilities/mosmed_test_Morozov_study_0298_12.npy
mosmed_test_Morozov_study_0301_28,Morozov_study_0301,panoptic_fpn,1002,0.7148594378082612,0.5562500001386718,5.0,1.6955626368737808,predictions/masks/mosmed_test_Morozov_study_0301_28.png,predictions/probabilities/mosmed_test_Morozov_study_0301_28.npy
mosmed_test_Jun_coronacases_case8_60,Jun_coronacases_case8,panoptic_fpn,1002,0.8866442199839145,0.7963709677624626,3.0,1.0446942112256155,predictions/masks/mosmed_test_Jun_coronacases_case8_60.png,predictions/probabilities/mosmed_test_Jun_coronacases_case8_60.npy
mosmed_test_Morozov_study_0280_21,Morozov_study_0280,panoptic_fpn,1002,0.8366135582655949,0.719119226645566,6.0,1.6812509516154805,predictions/masks/mosmed_test_Morozov_study_0280_21.png,predictions/probabilities/mosmed_test_Morozov_study_0280_21.npy
mosmed_test_Jun_coronacases_case1_231,Jun_coronacases_case1,panoptic_fpn,1002,0.775229357849718,0.6329588016355959,4.0,1.5560690899898806,predictions/masks/mosmed_test_Jun_coronacases_case1_231.png,predictions/probabilities/mosmed_test_Jun_coronacases_case1_231.npy
mosmed_test_Jun_radiopaedia_14_85914_0_case13_4,Jun_radiopaedia_14_85914_0_case13,panoptic_fpn,1002,0.9309162175421137,0.8707607699417618,9.219544457292887,11.540393179683141,predictions/masks/mosmed_test_Jun_radiopaedia_14_85914_0_case13_4.png,predictions/probabilities/mosmed_test_Jun_radiopaedia_14_85914_0_case13_4.npy
mosmed_test_Jun_coronacases_case3_116,Jun_coronacases_case3,panoptic_fpn,1002,0.9144367114521774,0.8423614920471588,7.0,2.9168155772792295,predictions/masks/mosmed_test_Jun_coronacases_case3_116.png,predictions/probabilities/mosmed_test_Jun_coronacases_case3_116.npy
mosmed_test_Morozov_study_0276_27,Morozov_study_0276,panoptic_fpn,1002,0.805429864265971,0.6742424242776793,6.0,1.4382376829357781,predictions/masks/mosmed_test_Morozov_study_0276_27.png,predictions/probabilities/mosmed_test_Morozov_study_0276_27.npy
mosmed_test_Morozov_study_0256_30,Morozov_study_0256,panoptic_fpn,1002,0.9311229946531431,0.8711226736067416,10.072100132030588,2.4450892955883567,predictions/masks/mosmed_test_Morozov_study_0256_30.png,predictions/probabilities/mosmed_test_Morozov_study_0256_30.npy
mosmed_test_Jun_coronacases_case10_86,Jun_coronacases_case10,panoptic_fpn,1002,0.8591699184132818,0.7531094527439953,5.0,1.906675697435974,predictions/masks/mosmed_test_Jun_coronacases_case10_86.png,predictions/probabilities/mosmed_test_Jun_coronacases_case10_86.npy
mosmed_test_Jun_coronacases_case8_159,Jun_coronacases_case8,panoptic_fpn,1002,0.9048328144049704,0.8262051915988577,5.0,1.468893599060247,predictions/masks/mosmed_test_Jun_coronacases_case8_159.png,predictions/probabilities/mosmed_test_Jun_coronacases_case8_159.npy
mosmed_test_Morozov_study_0295_12,Morozov_study_0295,panoptic_fpn,1002,0.7943523634194489,0.6588594704858015,9.595440426892411,3.0464027475765745,predictions/masks/mosmed_test_Morozov_study_0295_12.png,predictions/probabilities/mosmed_test_Morozov_study_0295_12.npy
mosmed_test_Jun_radiopaedia_10_85902_3_case12_143,Jun_radiopaedia_10_85902_3_case12,panoptic_fpn,1002,0.9355603205063135,0.878922815948284,7.211102550927977,1.8779511131153865,predictions/masks/mosmed_test_Jun_radiopaedia_10_85902_3_case12_143.png,predictions/probabilities/mosmed_test_Jun_radiopaedia_10_85902_3_case12_143.npy
mosmed_test_Jun_radiopaedia_10_85902_3_case12_57,Jun_radiopaedia_10_85902_3_case12,panoptic_fpn,1002,0.8907388137470615,0.8030018762095682,2.8284271247461903,0.8765573162533358,predictions/masks/mosmed_test_Jun_radiopaedia_10_85902_3_case12_57.png,predictions/probabilities/mosmed_test_Jun_radiopaedia_10_85902_3_case12_57.npy
mosmed_test_Jun_coronacases_case2_144,Jun_coronacases_case2,panoptic_fpn,1002,0.9197230814564777,0.8513771475360955,2.8284271247461903,1.1567433585990516,predictions/masks/mosmed_test_Jun_coronacases_case2_144.png,predictions/probabilities/mosmed_test_Jun_coronacases_case2_144.npy
mosmed_test_Jun_radiopaedia_14_85914_0_case13_45,Jun_radiopaedia_14_85914_0_case13,panoptic_fpn,1002,0.910789112982356,0.8361917089136871,13.0,3.073845804025616,predictions/masks/mosmed_test_Jun_radiopaedia_14_85914_0_case13_45.png,predictions/probabilities/mosmed_test_Jun_radiopaedia_14_85914_0_case13_45.npy
mosmed_test_Jun_coronacases_case2_127,Jun_coronacases_case2,panoptic_fpn,1002,0.9119653852569152,0.8381768124858312,3.0,1.1620511963014322,predictions/masks/mosmed_test_Jun_coronacases_case2_127.png,predictions/probabilities/mosmed_test_Jun_coronacases_case2_127.npy
mosmed_test_Jun_coronacases_case2_166,Jun_coronacases_case2,panoptic_fpn,1002,0.8810289389258796,0.787356321900185,2.0,0.6271259930082953,predictions/masks/mosmed_test_Jun_coronacases_case2_166.png,predictions/probabilities/mosmed_test_Jun_coronacases_case2_166.npy
mosmed_test_Jun_radiopaedia_10_85902_3_case12_113,Jun_radiopaedia_10_85902_3_case12,panoptic_fpn,1002,0.9520979020987396,0.9085752419116258,2.845584412271575,0.9976890230421256,predictions/masks/mosmed_test_Jun_radiopaedia_10_85902_3_case12_113.png,predictions/probabilities/mosmed_test_Jun_radiopaedia_10_85902_3_case12_113.npy
mosmed_test_Jun_coronacases_case6_50,Jun_coronacases_case6,panoptic_fpn,1002,0.8170426065621447,0.6906779662327636,6.0,1.1527250583287925,predictions/masks/mosmed_test_Jun_coronacases_case6_50.png,predictions/probabilities/mosmed_test_Jun_coronacases_case6_50.npy
mosmed_test_Jun_coronacases_case4_104,Jun_coronacases_case4,panoptic_fpn,1002,0.771808203363847,0.628410159959698,4.123105625617661,2.8930901121224624,predictions/masks/mosmed_test_Jun_coronacases_case4_104.png,predictions/probabilities/mosmed_test_Jun_coronacases_case4_104.npy
mosmed_test_Jun_coronacases_case8_214,Jun_coronacases_case8,panoptic_fpn,1002,0.8849467815567691,0.7936363636551239,2.8284271247461903,0.7884306518865067,predictions/masks/mosmed_test_Jun_coronacases_case8_214.png,predictions/probabilities/mosmed_test_Jun_coronacases_case8_214.npy
mosmed_test_Jun_radiopaedia_10_85902_3_case12_128,Jun_radiopaedia_10_85902_3_case12,panoptic_fpn,1002,0.9313645064269707,0.8715455475979645,6.324555320336759,1.8838690285612638,predictions/masks/mosmed_test_Jun_radiopaedia_10_85902_3_case12_128.png,predictions/probabilities/mosmed_test_Jun_radiopaedia_10_85902_3_case12_128.npy
mosmed_test_Jun_radiopaedia_40_86625_0_case18_38,Jun_radiopaedia_40_86625_0_case18,panoptic_fpn,1002,0.9207155665615219,0.853079631315111,6.324555320336759,1.9281816322889895,predictions/masks/mosmed_test_Jun_radiopaedia_40_86625_0_case18_38.png,predictions/probabilities/mosmed_test_Jun_radiopaedia_40_86625_0_case18_38.npy
mosmed_test_Jun_coronacases_case4_121,Jun_coronacases_case4,panoptic_fpn,1002,0.8374384236519936,0.7203389830705975,20.004996878900158,3.1825660399361992,predictions/masks/mosmed_test_Jun_coronacases_case4_121.png,predictions/probabilities/mosmed_test_Jun_coronacases_case4_121.npy
mosmed_test_Jun_coronacases_case10_126,Jun_coronacases_case10,panoptic_fpn,1002,0.9098895420198315,0.83467646361893,6.0,2.019151728129734,predictions/masks/mosmed_test_Jun_coronacases_case10_126.png,predictions/probabilities/mosmed_test_Jun_coronacases_case10_126.npy
mosmed_test_Jun_coronacases_case8_215,Jun_coronacases_case8,panoptic_fpn,1002,0.8596237337260192,0.7538071066198132,7.800525847404503,1.4659102118199185,predictions/masks/mosmed_test_Jun_coronacases_case8_215.png,predictions/probabilities/mosmed_test_Jun_coronacases_case8_215.npy
mosmed_test_Morozov_study_0291_15,Morozov_study_0291,panoptic_fpn,1002,2.1929824556594335e-10,2.1929824556594335e-10,49.02242432499439,28.900826528364,predictions/masks/mosmed_test_Morozov_study_0291_15.png,predictions/probabilities/mosmed_test_Morozov_study_0291_15.npy
mosmed_test_Jun_radiopaedia_7_85703_0_case20_5,Jun_radiopaedia_7_85703_0_case20,panoptic_fpn,1002,0.8917748917815848,0.8046875000217982,2.8284271247461903,1.2883982284784172,predictions/masks/mosmed_test_Jun_radiopaedia_7_85703_0_case20_5.png,predictions/probabilities/mosmed_test_Jun_radiopaedia_7_85703_0_case20_5.npy
mosmed_test_Jun_coronacases_case6_71,Jun_coronacases_case6,panoptic_fpn,1002,0.9138812426279476,0.8414192614086068,5.518900933447722,1.8328166111086985,predictions/masks/mosmed_test_Jun_coronacases_case6_71.png,predictions/probabilities/mosmed_test_Jun_coronacases_case6_71.npy
mosmed_test_Jun_radiopaedia_40_86625_0_case18_25,Jun_radiopaedia_40_86625_0_case18,panoptic_fpn,1002,0.8736016029392486,0.7755707085697038,7.615773105863909,2.1032934324670793,predictions/masks/mosmed_test_Jun_radiopaedia_40_86625_0_case18_25.png,predictions/probabilities/mosmed_test_Jun_radiopaedia_40_86625_0_case18_25.npy
mosmed_test_Morozov_study_0278_24,Morozov_study_0278,panoptic_fpn,1002,0.8519454269908062,0.7420774648114368,12.012456896039184,2.387416818954663,predictions/masks/mosmed_test_Morozov_study_0278_24.png,predictions/probabilities/mosmed_test_Morozov_study_0278_24.npy
mosmed_test_bjorke_38,bjorke_38,panoptic_fpn,1002,0.7927384004640116,0.6566417757096894,15.0,4.9217243036212,predictions/masks/mosmed_test_bjorke_38.png,predictions/probabilities/mosmed_test_bjorke_38.npy
mosmed_test_Jun_coronacases_case5_169,Jun_coronacases_case5,panoptic_fpn,1002,0.8558352403075892,0.7480000001008,2.23606797749979,0.9010745279409145,predictions/masks/mosmed_test_Jun_coronacases_case5_169.png,predictions/probabilities/mosmed_test_Jun_coronacases_case5_169.npy
mosmed_test_Morozov_study_0284_12,Morozov_study_0284,panoptic_fpn,1002,0.5149359886891983,0.3467432951443021,256.2294749169625,53.259884005903665,predictions/masks/mosmed_test_Morozov_study_0284_12.png,predictions/probabilities/mosmed_test_Morozov_study_0284_12.npy
mosmed_test_Jun_coronacases_case10_208,Jun_coronacases_case10,panoptic_fpn,1002,0.9095568606523272,0.834116725424322,3.6055512754639887,1.4195091833899673,predictions/masks/mosmed_test_Jun_coronacases_case10_208.png,predictions/probabilities/mosmed_test_Jun_coronacases_case10_208.npy
mosmed_test_Morozov_study_0294_31,Morozov_study_0294,panoptic_fpn,1002,0.6423357665103806,0.47311827975873894,61.485632628373864,17.7147992134055,predictions/masks/mosmed_test_Morozov_study_0294_31.png,predictions/probabilities/mosmed_test_Morozov_study_0294_31.npy
mosmed_test_Morozov_study_0269_16,Morozov_study_0269,panoptic_fpn,1002,0.7537580529794646,0.6048248133483731,277.99055409393134,30.78588754708902,predictions/masks/mosmed_test_Morozov_study_0269_16.png,predictions/probabilities/mosmed_test_Morozov_study_0269_16.npy
mosmed_test_Jun_coronacases_case7_121,Jun_coronacases_case7,panoptic_fpn,1002,0.8976377952773816,0.81428571429161,5.385164807134504,1.4746656571709125,predictions/masks/mosmed_test_Jun_coronacases_case7_121.png,predictions/probabilities/mosmed_test_Jun_coronacases_case7_121.npy
mosmed_test_Jun_coronacases_case6_64,Jun_coronacases_case6,panoptic_fpn,1002,0.772942874824233,0.6299159663989945,12.326376241364194,2.9211664467114686,predictions/masks/mosmed_test_Jun_coronacases_case6_64.png,predictions/probabilities/mosmed_test_Jun_coronacases_case6_64.npy
mosmed_test_Jun_coronacases_case2_131,Jun_coronacases_case2,panoptic_fpn,1002,0.9231746031758227,0.8573113207589236,3.0,1.0333552253532525,predictions/masks/mosmed_test_Jun_coronacases_case2_131.png,predictions/probabilities/mosmed_test_Jun_coronacases_case2_131.npy
mosmed_test_Jun_coronacases_case10_222,Jun_coronacases_case10,panoptic_fpn,1002,0.9023785203574729,0.822121776128101,4.123105625617661,1.4369518899640108,predictions/masks/mosmed_test_Jun_coronacases_case10_222.png,predictions/probabilities/mosmed_test_Jun_coronacases_case10_222.npy
mosmed_test_Jun_coronacases_case10_230,Jun_coronacases_case10,panoptic_fpn,1002,0.8896321070258721,0.8012048192850922,4.0,1.457688391280928,predictions/masks/mosmed_test_Jun_coronacases_case10_230.png,predictions/probabilities/mosmed_test_Jun_coronacases_case10_230.npy
mosmed_test_Jun_radiopaedia_40_86625_0_case18_35,Jun_radiopaedia_40_86625_0_case18,panoptic_fpn,1002,0.9133791430882915,0.8405683889452793,9.219544457292887,2.4744465343238087,predictions/masks/mosmed_test_Jun_radiopaedia_40_86625_0_case18_35.png,predictions/probabilities/mosmed_test_Jun_radiopaedia_40_86625_0_case18_35.npy
mosmed_test_Morozov_study_0291_20,Morozov_study_0291,panoptic_fpn,1002,0.9304324469523176,0.8699146157742362,16.0592083282961,3.4779985571495704,predictions/masks/mosmed_test_Morozov_study_0291_20.png,predictions/probabilities/mosmed_test_Morozov_study_0291_20.npy
mosmed_test_Jun_coronacases_case2_104,Jun_coronacases_case2,panoptic_fpn,1002,0.9019740172110347,0.8214505224394145,5.0,1.3548801454357413,predictions/masks/mosmed_test_Jun_coronacases_case2_104.png,predictions/probabilities/mosmed_test_Jun_coronacases_case2_104.npy
mosmed_test_Morozov_study_0278_25,Morozov_study_0278,panoptic_fpn,1002,0.9158400000026932,0.844746162937146,4.123105625617661,1.39766942993952,predictions/masks/mosmed_test_Morozov_study_0278_25.png,predictions/probabilities/mosmed_test_Morozov_study_0278_25.npy
mosmed_test_Jun_coronacases_case2_167,Jun_coronacases_case2,panoptic_fpn,1002,0.6920821115272486,0.5291479822739247,160.0292160115821,41.054668593181454,predictions/masks/mosmed_test_Jun_coronacases_case2_167.png,predictions/probabilities/mosmed_test_Jun_coronacases_case2_167.npy
mosmed_test_Jun_coronacases_case3_176,Jun_coronacases_case3,panoptic_fpn,1002,0.737037037085734,0.5835777127320886,2.8284271247461903,1.2803507167225723,predictions/masks/mosmed_test_Jun_coronacases_case3_176.png,predictions/probabilities/mosmed_test_Jun_coronacases_case3_176.npy
mosmed_test_Jun_coronacases_case6_83,Jun_coronacases_case6,panoptic_fpn,1002,0.9533324569481618,0.9108264255234658,3.6055512754639896,1.1159401288847084,predictions/masks/mosmed_test_Jun_coronacases_case6_83.png,predictions/probabilities/mosmed_test_Jun_coronacases_case6_83.npy
mosmed_test_Jun_coronacases_case7_79,Jun_coronacases_case7,panoptic_fpn,1002,0.8587570621734921,0.7524752476064437,2.16524758424985,1.0172048043347401,predictions/masks/mosmed_test_Jun_coronacases_case7_79.png,predictions/probabilities/mosmed_test_Jun_coronacases_case7_79.npy
mosmed_test_Jun_coronacases_case8_202,Jun_coronacases_case8,panoptic_fpn,1002,0.7351077313222365,0.5811623246912663,95.56147048057983,8.54317398795131,predictions/masks/mosmed_test_Jun_coronacases_case8_202.png,predictions/probabilities/mosmed_test_Jun_coronacases_case8_202.npy
mosmed_test_Jun_coronacases_case10_202,Jun_coronacases_case10,panoptic_fpn,1002,0.890602622012883,0.8027805362501931,5.0,1.5923731333725193,predictions/masks/mosmed_test_Jun_coronacases_case10_202.png,predictions/probabilities/mosmed_test_Jun_coronacases_case10_202.npy
mosmed_test_Jun_coronacases_case2_61,Jun_coronacases_case2,panoptic_fpn,1002,0.8782138024439639,0.7828709288561072,2.23606797749979,0.9240016745452846,predictions/masks/mosmed_test_Jun_coronacases_case2_61.png,predictions/probabilities/mosmed_test_Jun_coronacases_case2_61.npy
mosmed_test_Morozov_study_0304_23,Morozov_study_0304,panoptic_fpn,1002,0.6518928901521797,0.48356164390636147,27.051788513702093,4.71050334533674,predictions/masks/mosmed_test_Morozov_study_0304_23.png,predictions/probabilities/mosmed_test_Morozov_study_0304_23.npy
