sample_id,source_id,method,seed,dice,miou,hd95,assd,prediction_path,probability_path
mosmed_test_Jun_coronacases_case8_246,Jun_coronacases_case8,tripath_lesionnet,1002,0.8040973111646482,0.6723768737318251,3.0,0.9975354319215439,predictions/masks/mosmed_test_Jun_coronacases_case8_246.png,predictions/probabilities/mosmed_test_Jun_coronacases_case8_246.npy
mosmed_test_Jun_coronacases_case1_226,Jun_coronacases_case1,tripath_lesionnet,1002,0.7704918033413957,0.6266666668325925,24.812686371710527,4.06826548690061,predictions/masks/mosmed_test_Jun_coronacases_case1_226.png,predictions/probabilities/mosmed_test_Jun_coronacases_case1_226.npy
mosmed_test_Jun_radiopaedia_4_85506_1_case19_8,Jun_radiopaedia_4_85506_1_case19,tripath_lesionnet,1002,0.774275824378081,0.631688466117246,9.853921515277655,3.005030588799531,predictions/masks/mosmed_test_Jun_radiopaedia_4_85506_1_case19_8.png,predictions/probabilities/mosmed_test_Jun_radiopaedia_4_85506_1_case19_8.npy
mosmed_test_Jun_coronacases_case8_200,Jun_coronacases_case8,tripath_lesionnet,1002,0.7961603613892626,0.6613508443094417,3.9408326913196072,1.1778295665676959,predictions/masks/mosmed_test_Jun_coronacases_case8_200.png,predictions/probabilities/mosmed_test_Jun_coronacases_case8_200.npy
mosmed_test_Jun_coronacases_case7_148,Jun_coronacases_case7,tripath_lesionnet,1002,0.8675730110808768,0.7661182747991945,8.90017120191407,1.9382249152242634,predictions/masks/mosmed_test_Jun_coronacases_case7_148.png,predictions/probabilities/mosmed_test_Jun_coronacases_case7_148.npy
mosmed_test_Morozov_study_0264_27,Morozov_study_0264,tripath_lesionnet,1002,0.7074886222711011,0.5473751600801936,14.62138957231251,2.975074420941926,predictions/masks/mosmed_test_Morozov_study_0264_27.png,predictions/probabilities/mosmed_test_Morozov_study_0264_27.npy
mosmed_test_Morozov_study_0274_10,Morozov_study_0274,tripath_lesionnet,1002,0.8085747780973275,0.6786617936553652,9.044308110509931,2.766569296996673,predictions/masks/mosmed_test_Morozov_study_0274_10.png,predictions/probabilities/mosmed_test_Morozov_study_0274_10.npy
mosmed_test_Jun_coronacases_case8_211,Jun_coronacases_case8,tripath_lesionnet,1002,0.844816484234075,0.7313266444000751,3.605551275463989,1.0755234485610974,predictions/masks/mosmed_test_Jun_coronacases_case8_211.png,predictions/probabilities/mosmed_test_Jun_coronacases_case8_211.npy
mosmed_test_Jun_coronacases_case7_88,Jun_coronacases_case7,tripath_lesionnet,1002,0.8117854001841784,0.6831976314076093,7.280109889280518,2.068230674301148,predictions/masks/mosmed_test_Jun_coronacases_case7_88.png,predictions/probabilities/mosmed_test_Jun_coronacases_case7_88.npy
mosmed_test_Jun_coronacases_case8_137,Jun_coronacases_case8,tripath_lesionnet,1002,0.9064029951050552,0.8288272471940163,8.06225774829855,1.6953357187605345,predictions/masks/mosmed_test_Jun_coronacases_case8_137.png,predictions/probabilities/mosmed_test_Jun_coronacases_case8_137.npy
mosmed_test_Jun_radiopaedia_7_85703_0_case20_9,Jun_radiopaedia_7_85703_0_case20,tripath_lesionnet,1002,0.7035971223092663,0.5427302996839538,16.55294535724685,4.370651656906915,predictions/masks/mosmed_test_Jun_radiopaedia_7_85703_0_case20_9.png,predictions/probabilities/mosmed_test_Jun_radiopaedia_7_85703_0_case20_9.npy
mosmed_test_Morozov_study_0262_11,Morozov_study_0262,tripath_lesionnet,1002,0.8704831506345724,0.7706685837691827,139.55070745325338,15.826237376651665,predictions/masks/mosmed_test_Morozov_study_0262_11.png,predictions/probabilities/mosmed_test_Morozov_study_0262_11.npy
mosmed_test_Jun_coronacases_case4_119,Jun_coronacases_case4,tripath_lesionnet,1002,0.7893413775872629,0.6519933555106318,21.633307652783937,9.060528895110854,predictions/masks/mosmed_test_Jun_coronacases_case4_119.png,predictions/probabilities/mosmed_test_Jun_coronacases_case4_119.npy
mosmed_test_Jun_radiopaedia_7_85703_0_case20_33,Jun_radiopaedia_7_85703_0_case20,tripath_lesionnet,1002,0.92570933506629,0.8616935483878935,12.041594578792296,3.317836074534752,predictions/masks/mosmed_test_Jun_radiopaedia_7_85703_0_case20_33.png,predictions/probabilities/mosmed_test_Jun_radiopaedia_7_85703_0_case20_33.npy
mosmed_test_Jun_radiopaedia_40_86625_0_case18_54,Jun_radiopaedia_40_86625_0_case18,tripath_lesionnet,1002,0.8914580929931999,0.8041717569349615,7.810249675906654,2.1561181777988336,predictions/masks/mosmed_test_Jun_radiopaedia_40_86625_0_case18_54.png,predictions/probabilities/mosmed_test_Jun_radiopaedia_40_86625_0_case18_54.npy
mosmed_test_Morozov_study_0268_9,Morozov_study_0268,tripath_lesionnet,1002,0.5244897959668888,0.35546334725373957,22.007950440940835,5.498629719162397,predictions/masks/mosmed_test_Morozov_study_0268_9.png,predictions/probabilities/mosmed_test_Morozov_study_0268_9.npy
mosmed_test_Jun_radiopaedia_7_85703_0_case20_19,Jun_radiopaedia_7_85703_0_case20,tripath_lesionnet,1002,0.8627373024563887,0.7586086348582659,8.461374361938212,2.532678154771833,predictions/masks/mosmed_test_Jun_radiopaedia_7_85703_0_case20_19.png,predictions/probabilities/mosmed_test_Jun_radiopaedia_7_85703_0_case20_19.npy
mosmed_test_Jun_coronacases_case9_161,Jun_coronacases_case9,tripath_lesionnet,1002,0.6183628318795154,0.4475580464813804,6.324555320336759,1.9860218009523416,predictions/masks/mosmed_test_Jun_coronacases_case9_161.png,predictions/probabilities/mosmed_test_Jun_coronacases_case9_161.npy
mosmed_test_Morozov_study_0292_20,Morozov_study_0292,tripath_lesionnet,1002,0.8921384491562633,0.8052797287525968,15.0,4.064422573687547,predictions/masks/mosmed_test_Morozov_study_0292_20.png,predictions/probabilities/mosmed_test_Morozov_study_0292_20.npy
mosmed_test_Morozov_study_0258_21,Morozov_study_0258,tripath_lesionnet,1002,0.8953149518068748,0.8104707792284712,156.68510484273466,11.393830505662901,predictions/masks/mosmed_test_Morozov_study_0258_21.png,predictions/probabilities/mosmed_test_Morozov_study_0258_21.npy
mosmed_test_Jun_coronacases_case3_151,Jun_coronacases_case3,tripath_lesionnet,1002,0.9050363790994516,0.8265447014182509,5.0,1.6374856809143792,predictions/masks/mosmed_test_Jun_coronacases_case3_151.png,predictions/probabilities/mosmed_test_Jun_coronacases_case3_151.npy
mosmed_test_Morozov_study_0256_15,Morozov_study_0256,tripath_lesionnet,1002,2.0833333289930555e-09,2.0833333289930555e-09,246.02113723747104,243.52641282671976,predictions/masks/mosmed_test_Morozov_study_0256_15.png,predictions/probabilities/mosmed_test_Morozov_study_0256_15.npy
mosmed_test_Jun_coronacases_case3_102,Jun_coronacases_case3,tripath_lesionnet,1002,0.9494694290047073,0.9037999038004823,5.113326778269792,1.694410813710756,predictions/masks/mosmed_test_Jun_coronacases_case3_102.png,predictions/probabilities/mosmed_test_Jun_coronacases_case3_102.npy
mosmed_test_Jun_coronacases_case7_96,Jun_coronacases_case7,tripath_lesionnet,1002,0.8996935648641533,0.8176754548898004,4.47213595499958,1.3601743537971671,predictions/masks/mosmed_test_Jun_coronacases_case7_96.png,predictions/probabilities/mosmed_test_Jun_coronacases_case7_96.npy
mosmed_test_Morozov_study_0292_24,Morozov_study_0292,tripath_lesionnet,1002,0.6006006006305855,0.42918454941746953,60.85227516193994,14.18725256337573,predictions/masks/mosmed_test_Morozov_study_0292_24.png,predictions/probabilities/mosmed_test_Morozov_study_0292_24.npy
mosmed_test_Morozov_study_0258_20,Morozov_study_0258,tripath_lesionnet,1002,0.8856184798829058,0.7947174857975687,59.09314681077663,8.602290568766138,predictions/masks/mosmed_test_Morozov_study_0258_20.png,predictions/probabilities/mosmed_test_Morozov_study_0258_20.npy
mosmed_test_Morozov_study_0273_15,Morozov_study_0273,tripath_lesionnet,1002,0.8721920991578472,0.7733516483827814,6.4031242374328485,4.474790682832607,predictions/masks/mosmed_test_Morozov_study_0273_15.png,predictions/probabilities/mosmed_test_Morozov_study_0273_15.npy
mosmed_test_Jun_coronacases_case4_75,Jun_coronacases_case4,tripath_lesionnet,1002,0.7779310344929687,0.6365688487858112,6.616680023979409,1.9785973093420186,predictions/masks/mosmed_test_Jun_coronacases_case4_75.png,predictions/probabilities/mosmed_test_Jun_coronacases_case4_75.npy
mosmed_test_Jun_coronacases_case6_65,Jun_coronacases_case6,tripath_lesionnet,1002,0.8410546139389632,0.7257068573374811,6.708203932499369,1.8882161313691006,predictions/masks/mosmed_test_Jun_coronacases_case6_65.png,predictions/probabilities/mosmed_test_Jun_coronacases_case6_65.npy
mosmed_test_Jun_radiopaedia_40_86625_0_case18_48,Jun_radiopaedia_40_86625_0_case18,tripath_lesionnet,1002,0.9232932000092436,0.857515899423588,13.541388035548849,2.6321700963968473,predictions/masks/mosmed_test_Jun_radiopaedia_40_86625_0_case18_48.png,predictions/probabilities/mosmed_test_Jun_radiopaedia_40_86625_0_case18_48.npy
mosmed_test_Jun_coronacases_case2_41,Jun_coronacases_case2,tripath_lesionnet,1002,0.8921651221612399,0.8053231939311541,6.0,1.6402546918128265,predictions/masks/mosmed_test_Jun_coronacases_case2_41.png,predictions/probabilities/mosmed_test_Jun_coronacases_case2_41.npy
mosmed_test_Jun_coronacases_case10_122,Jun_coronacases_case10,tripath_lesionnet,1002,0.881979695432221,0.7888762769603986,8.590660962697605,2.6997234628357716,predictions/masks/mosmed_test_Jun_coronacases_case10_122.png,predictions/probabilities/mosmed_test_Jun_coronacases_case10_122.npy
mosmed_test_Jun_coronacases_case3_72,Jun_coronacases_case3,tripath_lesionnet,1002,0.9120397239958985,0.8383024124246441,11.009072203437444,2.6604075466563777,predictions/masks/mosmed_test_Jun_coronacases_case3_72.png,predictions/probabilities/mosmed_test_Jun_coronacases_case3_72.npy
mosmed_test_Jun_coronacases_case7_75,Jun_coronacases_case7,tripath_lesionnet,1002,0.2418604654689021,0.1375661380224518,17.0381795346327,6.0784088806327485,predictions/masks/mosmed_test_Jun_coronacases_case7_75.png,predictions/probabilities/mosmed_test_Jun_coronacases_case7_75.npy
mosmed_test_Jun_radiopaedia_27_86410_0_case14_30,Jun_radiopaedia_27_86410_0_case14,tripath_lesionnet,1002,0.835796828810563,0.7179132040660443,8.602325267042627,3.868626568706204,predictions/masks/mosmed_test_Jun_radiopaedia_27_86410_0_case14_30.png,predictions/probabilities/mosmed_test_Jun_radiopaedia_27_86410_0_case14_30.npy
mosmed_test_Morozov_study_0266_20,Morozov_study_0266,tripath_lesionnet,1002,9.009009000892785e-10,9.009009000892785e-10,31.20856636753767,26.198400894004315,predictions/masks/mosmed_test_Morozov_study_0266_20.png,predictions/probabilities/mosmed_test_Morozov_study_0266_20.npy
mosmed_test_Jun_radiopaedia_14_85914_0_case13_6,Jun_radiopaedia_14_85914_0_case13,tripath_lesionnet,1002,0.8787110789305085,0.7836616080147348,7.211102550927977,2.3424528608290065,predictions/masks/mosmed_test_Jun_radiopaedia_14_85914_0_case13_6.png,predictions/probabilities/mosmed_test_Jun_radiopaedia_14_85914_0_case13_6.npy
mosmed_test_Jun_coronacases_case5_151,Jun_coronacases_case5,tripath_lesionnet,1002,0.8965014577297193,0.8124174372647016,3.162277660168379,1.3730960149737808,predictions/masks/mosmed_test_Jun_coronacases_case5_151.png,predictions/probabilities/mosmed_test_Jun_coronacases_case5_151.npy
mosmed_test_Jun_radiopaedia_36_86526_0_case17_33,Jun_radiopaedia_36_86526_0_case17,tripath_lesionnet,1002,0.6947368421344748,0.5322580645847129,7.176093866162352,2.4699664595738313,predictions/masks/mosmed_test_Jun_radiopaedia_36_86526_0_case17_33.png,predictions/probabilities/mosmed_test_Jun_radiopaedia_36_86526_0_case17_33.npy
mosmed_test_Morozov_study_0256_10,Morozov_study_0256,tripath_lesionnet,1002,0.06320541781868952,0.03263403285952586,297.2695668650533,63.885270649302875,predictions/masks/mosmed_test_Morozov_study_0256_10.png,predictions/probabilities/mosmed_test_Morozov_study_0256_10.npy
mosmed_test_Jun_coronacases_case1_207,Jun_coronacases_case1,tripath_lesionnet,1002,0.7507858105111392,0.6010064701749099,24.482559340164382,5.966437625659495,predictions/masks/mosmed_test_Jun_coronacases_case1_207.png,predictions/probabilities/mosmed_test_Jun_coronacases_case1_207.npy
mosmed_test_Morozov_study_0298_9,Morozov_study_0298,tripath_lesionnet,1002,0.8664837677213881,0.764421137564969,16.061890057446043,7.148355947133647,predictions/masks/mosmed_test_Morozov_study_0298_9.png,predictions/probabilities/mosmed_test_Morozov_study_0298_9.npy
mosmed_test_bjorke_26,bjorke_26,tripath_lesionnet,1002,0.8775721427947065,0.781851712928914,11.479799112601192,4.300150157680164,predictions/masks/mosmed_test_bjorke_26.png,predictions/probabilities/mosmed_test_bjorke_26.npy
mosmed_test_Jun_coronacases_case10_98,Jun_coronacases_case10,tripath_lesionnet,1002,0.8940741984229136,0.8084395871310194,5.656854249492381,1.8130222711811337,predictions/masks/mosmed_test_Jun_coronacases_case10_98.png,predictions/probabilities/mosmed_test_Jun_coronacases_case10_98.npy
mosmed_test_Jun_coronacases_case10_200,Jun_coronacases_case10,tripath_lesionnet,1002,0.8862588762939297,0.7957494407204531,5.385164807134504,2.1110948583484426,predictions/masks/mosmed_test_Jun_coronacases_case10_200.png,predictions/probabilities/mosmed_test_Jun_coronacases_case10_200.npy
mosmed_test_Jun_coronacases_case3_71,Jun_coronacases_case3,tripath_lesionnet,1002,0.9181341753200802,0.8486580815991777,15.626894649950346,4.007246527758742,predictions/masks/mosmed_test_Jun_coronacases_case3_71.png,predictions/probabilities/mosmed_test_Jun_coronacases_case3_71.npy
mosmed_test_Jun_coronacases_case5_170,Jun_coronacases_case5,tripath_lesionnet,1002,0.716253443604338,0.5579399143528154,4.0,1.645986580779164,predictions/masks/mosmed_test_Jun_coronacases_case5_170.png,predictions/probabilities/mosmed_test_Jun_coronacases_case5_170.npy
mosmed_test_Morozov_study_0297_9,Morozov_study_0297,tripath_lesionnet,1002,0.6889499725157894,0.5254948004105083,20.735936649897553,4.83961601842354,predictions/masks/mosmed_test_Morozov_study_0297_9.png,predictions/probabilities/mosmed_test_Morozov_study_0297_9.npy
mosmed_test_Jun_coronacases_case9_131,Jun_coronacases_case9,tripath_lesionnet,1002,0.931016461981565,0.8709362014209011,4.0,1.4546590339996563,predictions/masks/mosmed_test_Jun_coronacases_case9_131.png,predictions/probabilities/mosmed_test_Jun_coronacases_case9_131.npy
mosmed_test_Jun_coronacases_case7_131,Jun_coronacases_case7,tripath_lesionnet,1002,0.8755832037344389,0.7786998616935352,9.0,1.8490363947184927,predictions/masks/mosmed_test_Jun_coronacases_case7_131.png,predictions/probabilities/mosmed_test_Jun_coronacases_case7_131.npy
mosmed_test_Morozov_study_0294_35,Morozov_study_0294,tripath_lesionnet,1002,0.5131894485579881,0.3451612905338189,51.858461030767614,20.03218195329201,predictions/masks/mosmed_test_Morozov_study_0294_35.png,predictions/probabilities/mosmed_test_Morozov_study_0294_35.npy
mosmed_test_Jun_radiopaedia_10_85902_3_case12_107,Jun_radiopaedia_10_85902_3_case12,tripath_lesionnet,1002,0.9378463974675803,0.8829668281817754,5.0,1.163180432672095,predictions/masks/mosmed_test_Jun_radiopaedia_10_85902_3_case12_107.png,predictions/probabilities/mosmed_test_Jun_radiopaedia_10_85902_3_case12_107.npy
mosmed_test_Morozov_study_0271_25,Morozov_study_0271,tripath_lesionnet,1002,0.8349381017995229,0.7166469894077158,6.985410196624965,1.5321509766166823,predictions/masks/mosmed_test_Morozov_study_0271_25.png,predictions/probabilities/mosmed_test_Morozov_study_0271_25.npy
mosmed_test_Jun_coronacases_case8_238,Jun_coronacases_case8,tripath_lesionnet,1002,0.841121495364224,0.7258064517234651,2.0,0.7830899031957893,predictions/masks/mosmed_test_Jun_coronacases_case8_238.png,predictions/probabilities/mosmed_test_Jun_coronacases_case8_238.npy
mosmed_test_Jun_coronacases_case1_95,Jun_coronacases_case1,tripath_lesionnet,1002,0.9267958169050781,0.8635782747647419,4.368863084453436,1.4462409716724447,predictions/masks/mosmed_test_Jun_coronacases_case1_95.png,predictions/probabilities/mosmed_test_Jun_coronacases_case1_95.npy
mosmed_test_Jun_coronacases_case4_163,Jun_coronacases_case4,tripath_lesionnet,1002,0.917837837842279,0.8481518481670178,2.23606797749979,0.8354113330035496,predictions/masks/mosmed_test_Jun_coronacases_case4_163.png,predictions/probabilities/mosmed_test_Jun_coronacases_case4_163.npy
mosmed_test_Morozov_study_0261_26,Morozov_study_0261,tripath_lesionnet,1002,0.8941176470701478,0.808510638334911,3.040569415042095,0.9975532515239404,predictions/masks/mosmed_test_Morozov_study_0261_26.png,predictions/probabilities/mosmed_test_Morozov_study_0261_26.npy
mosmed_test_Morozov_study_0270_18,Morozov_study_0270,tripath_lesionnet,1002,0.565686639390931,0.3943954333474626,20.05115279121013,7.621963797242721,predictions/masks/mosmed_test_Morozov_study_0270_18.png,predictions/probabilities/mosmed_test_Morozov_study_0270_18.npy
mosmed_test_Morozov_study_0294_28,Morozov_study_0294,tripath_lesionnet,1002,0.8189845474813483,0.6934579439825314,4.0,1.3993139980250793,predictions/masks/mosmed_test_Morozov_study_0294_28.png,predictions/probabilities/mosmed_test_Morozov_study_0294_28.npy
mosmed_test_Jun_radiopaedia_7_85703_0_case20_18,Jun_radiopaedia_7_85703_0_case20,tripath_lesionnet,1002,0.8529471752003575,0.7435988620244737,12.0,2.8344470234238477,predictions/masks/mosmed_test_Jun_radiopaedia_7_85703_0_case20_18.png,predictions/probabilities/mosmed_test_Jun_radiopaedia_7_85703_0_case20_18.npy
mosmed_test_Morozov_study_0288_12,Morozov_study_0288,tripath_lesionnet,1002,0.7524073771849812,0.603087388806867,14.317821063276353,4.081809023217569,predictions/masks/mosmed_test_Morozov_study_0288_12.png,predictions/probabilities/mosmed_test_Morozov_study_0288_12.npy
mosmed_test_Morozov_study_0258_22,Morozov_study_0258,tripath_lesionnet,1002,0.8972292191461655,0.8136135221647505,56.62238623437575,6.022864786756222,predictions/masks/mosmed_test_Morozov_study_0258_22.png,predictions/probabilities/mosmed_test_Morozov_study_0258_22.npy
mosmed_test_Jun_coronacases_case9_181,Jun_coronacases_case9,tripath_lesionnet,1002,0.8913002094062193,0.8039148351715688,5.079215610874223,1.6398953725185752,predictions/masks/mosmed_test_Jun_coronacases_case9_181.png,predictions/probabilities/mosmed_test_Jun_coronacases_case9_181.npy
mosmed_test_Morozov_study_0286_24,Morozov_study_0286,tripath_lesionnet,1002,0.4085510690240971,0.25671641813232343,93.64187010008561,31.763846571520386,predictions/masks/mosmed_test_Morozov_study_0286_24.png,predictions/probabilities/mosmed_test_Morozov_study_0286_24.npy
mosmed_test_Morozov_study_0286_17,Morozov_study_0286,tripath_lesionnet,1002,0.5273193986238607,0.35806772911563406,98.47842403288143,14.176859608717521,predictions/masks/mosmed_test_Morozov_study_0286_17.png,predictions/probabilities/mosmed_test_Morozov_study_0286_17.npy
mosmed_test_Jun_coronacases_case8_251,Jun_coronacases_case8,tripath_lesionnet,1002,0.7799043062727502,0.6392156864159938,2.23606797749979,1.0219921102371752,predictions/masks/mosmed_test_Jun_coronacases_case8_251.png,predictions/probabilities/mosmed_test_Jun_coronacases_case8_251.npy
mosmed_test_Jun_coronacases_case9_104,Jun_coronacases_case9,tripath_lesionnet,1002,0.9038125218641548,0.8245054243889913,2.8284271247461903,1.2076857426453358,predictions/masks/mosmed_test_Jun_coronacases_case9_104.png,predictions/probabilities/mosmed_test_Jun_coronacases_case9_104.npy
mosmed_test_Jun_coronacases_case10_101,Jun_coronacases_case10,tripath_lesionnet,1002,0.8864363403719895,0.7960356219506458,5.830951894845301,2.168190519546302,predictions/masks/mosmed_test_Jun_coronacases_case10_101.png,predictions/probabilities/mosmed_test_Jun_coronacases_case10_101.npy
mosmed_test_Morozov_study_0279_16,Morozov_study_0279,tripath_lesionnet,1002,0.9172771127404453,0.8471947194769903,8.54400374531753,2.1315864673822227,predictions/masks/mosmed_test_Morozov_study_0279_16.png,predictions/probabilities/mosmed_test_Morozov_study_0279_16.npy
mosmed_test_Jun_radiopaedia_29_86491_1_case16_16,Jun_radiopaedia_29_86491_1_case16,tripath_lesionnet,1002,0.8979151689468758,0.8147423353023652,4.0,1.830786305182555,predictions/masks/mosmed_test_Jun_radiopaedia_29_86491_1_case16_16.png,predictions/probabilities/mosmed_test_Jun_radiopaedia_29_86491_1_case16_16.npy
mosmed_test_Jun_coronacases_case8_92,Jun_coronacases_case8,tripath_lesionnet,1002,0.8558127505514572,0.7479656419586806,6.0,2.0409852595139277,predictions/masks/mosmed_test_Jun_coronacases_case8_92.png,predictions/probabilities/mosmed_test_Jun_coronacases_case8_92.npy
mosmed_test_Jun_coronacases_case4_60,Jun_coronacases_case4,tripath_lesionnet,1002,0.7920792079894127,0.6557377051061543,2.8284271247461903,1.2042049054779442,predictions/masks/mosmed_test_Jun_coronacases_case4_60.png,predictions/probabilities/mosmed_test_Jun_coronacases_case4_60.npy
mosmed_test_Morozov_study_0294_20,Morozov_study_0294,tripath_lesionnet,1002,0.7368421053005915,0.5833333334271772,129.0096894275892,29.6798167303597,predictions/masks/mosmed_test_Morozov_study_0294_20.png,predictions/probabilities/mosmed_test_Morozov_study_0294_20.npy
mosmed_test_Jun_radiopaedia_40_86625_0_case18_29,Jun_radiopaedia_40_86625_0_case18,tripath_lesionnet,1002,0.9174209019882467,0.8474400657406572,11.331317649386069,2.886340844743452,predictions/masks/mosmed_test_Jun_radiopaedia_40_86625_0_case18_29.png,predictions/probabilities/mosmed_test_Jun_radiopaedia_40_86625_0_case18_29.npy
mosmed_test_Jun_coronacases_case5_140,Jun_coronacases_case5,tripath_lesionnet,1002,0.9170085200404857,0.8467365967455281,2.8284271247461903,1.1103509769522548,predictions/masks/mosmed_test_Jun_coronacases_case5_140.png,predictions/probabilities/mosmed_test_Jun_coronacases_case5_140.npy
mosmed_test_Jun_coronacases_case3_126,Jun_coronacases_case3,tripath_lesionnet,1002,0.9253669286103473,0.8611003636937159,7.280109889280518,2.65537185008516,predictions/masks/mosmed_test_Jun_coronacases_case3_126.png,predictions/probabilities/mosmed_test_Jun_coronacases_case3_126.npy
mosmed_test_Jun_coronacases_case8_71,Jun_coronacases_case8,tripath_lesionnet,1002,0.8305701577066201,0.7102351314069767,7.810249675906654,2.2467771633749325,predictions/masks/mosmed_test_Jun_coronacases_case8_71.png,predictions/probabilities/mosmed_test_Jun_coronacases_case8_71.npy
mosmed_test_Jun_radiopaedia_27_86410_0_case14_42,Jun_radiopaedia_27_86410_0_case14,tripath_lesionnet,1002,0.8039492242687378,0.6721698113465274,122.37315220305734,17.455132827045993,predictions/masks/mosmed_test_Jun_radiopaedia_27_86410_0_case14_42.png,predictions/probabilities/mosmed_test_Jun_radiopaedia_27_86410_0_case14_42.npy
mosmed_test_Jun_coronacases_case9_85,Jun_coronacases_case9,tripath_lesionnet,1002,0.49162011201585465,0.3259259264252401,5.074264635194588,2.308037991747819,predictions/masks/mosmed_test_Jun_coronacases_case9_85.png,predictions/probabilities/mosmed_test_Jun_coronacases_case9_85.npy
mosmed_test_Jun_radiopaedia_36_86526_0_case17_10,Jun_radiopaedia_36_86526_0_case17,tripath_lesionnet,1002,0.662068965530189,0.4948453608536743,11.0,5.170574313220007,predictions/masks/mosmed_test_Jun_radiopaedia_36_86526_0_case17_10.png,predictions/probabilities/mosmed_test_Jun_radiopaedia_36_86526_0_case17_10.npy
mosmed_test_Jun_coronacases_case9_126,Jun_coronacases_case9,tripath_lesionnet,1002,0.9197914577910589,0.8514943382244015,5.0,1.8725150655692961,predictions/masks/mosmed_test_Jun_coronacases_case9_126.png,predictions/probabilities/mosmed_test_Jun_coronacases_case9_126.npy
mosmed_test_Morozov_study_0269_24,Morozov_study_0269,tripath_lesionnet,1002,0.6663924311120366,0.4996915484577611,6.0,2.1556168496316115,predictions/masks/mosmed_test_Morozov_study_0269_24.png,predictions/probabilities/mosmed_test_Morozov_study_0269_24.npy
mosmed_test_Jun_coronacases_case8_90,Jun_coronacases_case8,tripath_lesionnet,1002,0.8835318036612906,0.7913631633769156,6.0,3.697482829615906,predictions/masks/mosmed_test_Jun_coronacases_case8_90.png,predictions/probabilities/mosmed_test_Jun_coronacases_case8_90.npy
mosmed_test_Jun_coronacases_case3_115,Jun_coronacases_case3,tripath_lesionnet,1002,0.9234571388224705,0.8577987668906087,5.656854249492381,2.7842334752844007,predictions/masks/mosmed_test_Jun_coronacases_case3_115.png,predictions/probabilities/mosmed_test_Jun_coronacases_case3_115.npy
mosmed_test_Jun_coronacases_case9_145,Jun_coronacases_case9,tripath_lesionnet,1002,0.8268352651975119,0.7047904191793539,5.0,1.9052835322140278,predictions/masks/mosmed_test_Jun_coronacases_case9_145.png,predictions/probabilities/mosmed_test_Jun_coronacases_case9_145.npy
mosmed_test_Jun_radiopaedia_10_85902_1_case11_11,Jun_radiopaedia_10_85902_1_case11,tripath_lesionnet,1002,0.889502762432847,0.8009950248818098,9.219544457292887,2.543266145405505,predictions/masks/mosmed_test_Jun_radiopaedia_10_85902_1_case11_11.png,predictions/probabilities/mosmed_test_Jun_radiopaedia_10_85902_1_case11_11.npy
mosmed_test_Jun_coronacases_case1_195,Jun_coronacases_case1,tripath_lesionnet,1002,0.8759225734594636,0.7792368681917929,12.684199576606135,3.0467598611952083,predictions/masks/mosmed_test_Jun_coronacases_case1_195.png,predictions/probabilities/mosmed_test_Jun_coronacases_case1_195.npy
mosmed_test_Jun_radiopaedia_40_86625_0_case18_73,Jun_radiopaedia_40_86625_0_case18,tripath_lesionnet,1002,0.873314385923243,0.7751180764300653,6.0,2.017978853851278,predictions/masks/mosmed_test_Jun_radiopaedia_40_86625_0_case18_73.png,predictions/probabilities/mosmed_test_Jun_radiopaedia_40_86625_0_case18_73.npy
mosmed_test_Jun_radiopaedia_10_85902_3_case12_78,Jun_radiopaedia_10_85902_3_case12,tripath_lesionnet,1002,0.9276850663274417,0.8651237031232942,3.0,0.8961796771034957,predictions/masks/mosmed_test_Jun_radiopaedia_10_85902_3_case12_78.png,predictions/probabilities/mosmed_test_Jun_radiopaedia_10_85902_3_case12_78.npy
mosmed_test_Jun_coronacases_case5_162,Jun_coronacases_case5,tripath_lesionnet,1002,0.8109201213537998,0.6819727891697326,4.3344387942713976,1.5871824672172734,predictions/masks/mosmed_test_Jun_coronacases_case5_162.png,predictions/probabilities/mosmed_test_Jun_coronacases_case5_162.npy
mosmed_test_Morozov_study_0276_36,Morozov_study_0276,tripath_lesionnet,1002,0.8548872180505681,0.7465528562215001,7.0710678118654755,2.9332078847495366,predictions/masks/mosmed_test_Morozov_study_0276_36.png,predictions/probabilities/mosmed_test_Morozov_study_0276_36.npy
mosmed_test_Morozov_study_0273_23,Morozov_study_0273,tripath_lesionnet,1002,0.7920848867280733,0.6557454890951688,184.35617663895198,19.76506754741664,predictions/masks/mosmed_test_Morozov_study_0273_23.png,predictions/probabilities/mosmed_test_Morozov_study_0273_23.npy
mosmed_test_Jun_coronacases_case10_106,Jun_coronacases_case10,tripath_lesionnet,1002,0.8956848317628905,0.811077179347431,6.0,1.9989931152481548,predictions/masks/mosmed_test_Jun_coronacases_case10_106.png,predictions/probabilities/mosmed_test_Jun_coronacases_case10_106.npy
mosmed_test_Jun_radiopaedia_4_85506_1_case19_19,Jun_radiopaedia_4_85506_1_case19,tripath_lesionnet,1002,0.8363883231505893,0.7187864644123758,19.4164878389476,5.966204081654685,predictions/masks/mosmed_test_Jun_radiopaedia_4_85506_1_case19_19.png,predictions/probabilities/mosmed_test_Jun_radiopaedia_4_85506_1_case19_19.npy
mosmed_test_Jun_coronacases_case10_90,Jun_coronacases_case10,tripath_lesionnet,1002,0.8697483415829236,0.7695174212824759,5.385164807134504,1.8415680110668617,predictions/masks/mosmed_test_Jun_coronacases_case10_90.png,predictions/probabilities/mosmed_test_Jun_coronacases_case10_90.npy
mosmed_test_Jun_coronacases_case8_119,Jun_coronacases_case8,tripath_lesionnet,1002,0.8883587786270195,0.7991416309047358,4.242640687119285,1.5747064858438804,predictions/masks/mosmed_test_Jun_coronacases_case8_119.png,predictions/probabilities/mosmed_test_Jun_coronacases_case8_119.npy
mosmed_test_Jun_coronacases_case5_133,Jun_coronacases_case5,tripath_lesionnet,1002,0.8854855551727989,0.79450343536574,3.1622776601683795,1.4174231519322973,predictions/masks/mosmed_test_Jun_coronacases_case5_133.png,predictions/probabilities/mosmed_test_Jun_coronacases_case5_133.npy
mosmed_test_Jun_radiopaedia_14_85914_0_case13_64,Jun_radiopaedia_14_85914_0_case13,tripath_lesionnet,1002,0.8162314293627936,0.6895194293966967,30.4138126514911,6.443473602154136,predictions/masks/mosmed_test_Jun_radiopaedia_14_85914_0_case13_64.png,predictions/probabilities/mosmed_test_Jun_radiopaedia_14_85914_0_case13_64.npy
mosmed_test_Jun_coronacases_case2_78,Jun_coronacases_case2,tripath_lesionnet,1002,0.4888226528332605,0.3234714005279149,13.475801016322972,4.575070724181673,predictions/masks/mosmed_test_Jun_coronacases_case2_78.png,predictions/probabilities/mosmed_test_Jun_coronacases_case2_78.npy
mosmed_test_Morozov_study_0270_19,Morozov_study_0270,tripath_lesionnet,1002,0.7434304825731759,0.5916349810196475,7.848199740725311,1.8189886244467173,predictions/masks/mosmed_test_Morozov_study_0270_19.png,predictions/probabilities/mosmed_test_Morozov_study_0270_19.npy
mosmed_test_Jun_radiopaedia_4_85506_1_case19_20,Jun_radiopaedia_4_85506_1_case19,tripath_lesionnet,1002,0.7500209432866297,0.600026807857382,64.13455659824105,10.56923712570003,predictions/masks/mosmed_test_Jun_radiopaedia_4_85506_1_case19_20.png,predictions/probabilities/mosmed_test_Jun_radiopaedia_4_85506_1_case19_20.npy
mosmed_test_Morozov_study_0292_26,Morozov_study_0292,tripath_lesionnet,1002,0.40582524277613347,0.25456760057800637,53.27850503635015,16.47529290753863,predictions/masks/mosmed_test_Morozov_study_0292_26.png,predictions/probabilities/mosmed_test_Morozov_study_0292_26.npy
mosmed_test_Jun_radiopaedia_10_85902_3_case12_150,Jun_radiopaedia_10_85902_3_case12,tripath_lesionnet,1002,0.9302555240102425,0.8696053542610291,4.242640687119285,1.7942486273262348,predictions/masks/mosmed_test_Jun_radiopaedia_10_85902_3_case12_150.png,predictions/probabilities/mosmed_test_Jun_radiopaedia_10_85902_3_case12_150.npy
mosmed_test_Jun_radiopaedia_4_85506_1_case19_12,Jun_radiopaedia_4_85506_1_case19,tripath_lesionnet,1002,0.8951239792766025,0.8101578480189489,40.09986755001083,6.608680956028516,predictions/masks/mosmed_test_Jun_radiopaedia_4_85506_1_case19_12.png,predictions/probabilities/mosmed_test_Jun_radiopaedia_4_85506_1_case19_12.npy
mosmed_test_Jun_coronacases_case2_49,Jun_coronacases_case2,tripath_lesionnet,1002,0.8895956383512225,0.8011456628640633,3.605551275463989,1.38607946671497,predictions/masks/mosmed_test_Jun_coronacases_case2_49.png,predictions/probabilities/mosmed_test_Jun_coronacases_case2_49.npy
mosmed_test_Jun_coronacases_case10_256,Jun_coronacases_case10,tripath_lesionnet,1002,0.8670244484277266,0.765263157919446,3.6055512754639887,1.5889392800965774,predictions/masks/mosmed_test_Jun_coronacases_case10_256.png,predictions/probabilities/mosmed_test_Jun_coronacases_case10_256.npy
mosmed_test_Morozov_study_0297_37,Morozov_study_0297,tripath_lesionnet,1002,0.6456776947894516,0.47675334913500755,13.0784943800515,3.0374942695521514,predictions/masks/mosmed_test_Morozov_study_0297_37.png,predictions/probabilities/mosmed_test_Morozov_study_0297_37.npy
mosmed_test_Morozov_study_0302_23,Morozov_study_0302,tripath_lesionnet,1002,0.7858243451628794,0.6472081218721818,5.009901951359275,1.5870564722554454,predictions/masks/mosmed_test_Morozov_study_0302_23.png,predictions/probabilities/mosmed_test_Morozov_study_0302_23.npy
mosmed_test_Jun_coronacases_case8_145,Jun_coronacases_case8,tripath_lesionnet,1002,0.9226860868835406,0.8564691086329749,4.0,1.4613530759331501,predictions/masks/mosmed_test_Jun_coronacases_case8_145.png,predictions/probabilities/mosmed_test_Jun_coronacases_case8_145.npy
mosmed_test_Morozov_study_0289_12,Morozov_study_0289,tripath_lesionnet,1002,0.8576349024191944,0.7507537688692709,78.68469180504103,8.740954475313345,predictions/masks/mosmed_test_Morozov_study_0289_12.png,predictions/probabilities/mosmed_test_Morozov_study_0289_12.npy
mosmed_test_Jun_coronacases_case10_213,Jun_coronacases_case10,tripath_lesionnet,1002,0.9284097922245587,0.8663851027094186,3.1622776601683795,1.1868409856919884,predictions/masks/mosmed_test_Jun_coronacases_case10_213.png,predictions/probabilities/mosmed_test_Jun_coronacases_case10_213.npy
mosmed_test_Jun_radiopaedia_10_85902_1_case11_15,Jun_radiopaedia_10_85902_1_case11,tripath_lesionnet,1002,0.8934925093645424,0.8074888935940874,7.895637321748647,2.415038273243413,predictions/masks/mosmed_test_Jun_radiopaedia_10_85902_1_case11_15.png,predictions/probabilities/mosmed_test_Jun_radiopaedia_10_85902_1_case11_15.npy
mosmed_test_Morozov_study_0295_24,Morozov_study_0295,tripath_lesionnet,1002,0.6623794213304246,0.4951923079350037,5.0,1.6920851431998776,predictions/masks/mosmed_test_Morozov_study_0295_24.png,predictions/probabilities/mosmed_test_Morozov_study_0295_24.npy
mosmed_test_Jun_radiopaedia_27_86410_0_case14_31,Jun_radiopaedia_27_86410_0_case14,tripath_lesionnet,1002,0.8233916416612501,0.6998009455125678,11.0,3.05895966767273,predictions/masks/mosmed_test_Jun_radiopaedia_27_86410_0_case14_31.png,predictions/probabilities/mosmed_test_Jun_radiopaedia_27_86410_0_case14_31.npy
mosmed_test_Morozov_study_0270_11,Morozov_study_0270,tripath_lesionnet,1002,0.6379821958636013,0.4684095860952498,26.320815638989387,6.559244783909512,predictions/masks/mosmed_test_Morozov_study_0270_11.png,predictions/probabilities/mosmed_test_Morozov_study_0270_11.npy
mosmed_test_Jun_radiopaedia_10_85902_3_case12_173,Jun_radiopaedia_10_85902_3_case12,tripath_lesionnet,1002,0.9248956884572337,0.8602846054369914,5.0,1.9104011502348002,predictions/masks/mosmed_test_Jun_radiopaedia_10_85902_3_case12_173.png,predictions/probabilities/mosmed_test_Jun_radiopaedia_10_85902_3_case12_173.npy
mosmed_test_Jun_coronacases_case8_219,Jun_coronacases_case8,tripath_lesionnet,1002,0.8511610201807704,0.7408880053186953,4.0,1.2348920641164856,predictions/masks/mosmed_test_Jun_coronacases_case8_219.png,predictions/probabilities/mosmed_test_Jun_coronacases_case8_219.npy
mosmed_test_bjorke_46,bjorke_46,tripath_lesionnet,1002,0.7030356616572265,0.542062446032168,36.678329427743186,8.572466317802869,predictions/masks/mosmed_test_bjorke_46.png,predictions/probabilities/mosmed_test_bjorke_46.npy
mosmed_test_Jun_coronacases_case8_217,Jun_coronacases_case8,tripath_lesionnet,1002,0.873106060612069,0.7747899159853117,3.1379360111431263,1.0259152296892913,predictions/masks/mosmed_test_Jun_coronacases_case8_217.png,predictions/probabilities/mosmed_test_Jun_coronacases_case8_217.npy
mosmed_test_Jun_coronacases_case9_93,Jun_coronacases_case9,tripath_lesionnet,1002,0.6753528773248995,0.5098360656139478,7.276659522362887,2.625451517559261,predictions/masks/mosmed_test_Jun_coronacases_case9_93.png,predictions/probabilities/mosmed_test_Jun_coronacases_case9_93.npy
mosmed_test_Jun_radiopaedia_27_86410_0_case14_26,Jun_radiopaedia_27_86410_0_case14,tripath_lesionnet,1002,0.8384087080482155,0.721775992863434,13.0,3.2161600573041444,predictions/masks/mosmed_test_Jun_radiopaedia_27_86410_0_case14_26.png,predictions/probabilities/mosmed_test_Jun_radiopaedia_27_86410_0_case14_26.npy
mosmed_test_Jun_coronacases_case5_146,Jun_coronacases_case5,tripath_lesionnet,1002,0.9081967213144854,0.831831831841932,3.605551275463989,1.200318781727428,predictions/masks/mosmed_test_Jun_coronacases_case5_146.png,predictions/probabilities/mosmed_test_Jun_coronacases_case5_146.npy
mosmed_test_Jun_coronacases_case10_196,Jun_coronacases_case10,tripath_lesionnet,1002,0.9005519693151787,0.819094622195046,4.242640687119285,1.5154061878250156,predictions/masks/mosmed_test_Jun_coronacases_case10_196.png,predictions/probabilities/mosmed_test_Jun_coronacases_case10_196.npy
mosmed_test_Jun_coronacases_case6_82,Jun_coronacases_case6,tripath_lesionnet,1002,0.9582074521656821,0.9197680038685411,2.8284271247461903,1.013472332927243,predictions/masks/mosmed_test_Jun_coronacases_case6_82.png,predictions/probabilities/mosmed_test_Jun_coronacases_case6_82.npy
mosmed_test_Jun_coronacases_case7_101,Jun_coronacases_case7,tripath_lesionnet,1002,0.8707452725279033,0.7710795902375462,56.859475903318,5.77395737204994,predictions/masks/mosmed_test_Jun_coronacases_case7_101.png,predictions/probabilities/mosmed_test_Jun_coronacases_case7_101.npy
mosmed_test_Jun_coronacases_case9_110,Jun_coronacases_case9,tripath_lesionnet,1002,0.9261152416374043,0.8623972306420427,3.1622776601683795,1.1293205668068118,predictions/masks/mosmed_test_Jun_coronacases_case9_110.png,predictions/probabilities/mosmed_test_Jun_coronacases_case9_110.npy
mosmed_test_Jun_radiopaedia_10_85902_3_case12_167,Jun_radiopaedia_10_85902_3_case12,tripath_lesionnet,1002,0.9342511941565854,0.876614816770983,4.123105625617661,1.312803722462753,predictions/masks/mosmed_test_Jun_radiopaedia_10_85902_3_case12_167.png,predictions/probabilities/mosmed_test_Jun_radiopaedia_10_85902_3_case12_167.npy
mosmed_test_Morozov_study_0256_34,Morozov_study_0256,tripath_lesionnet,1002,0.8207070707183897,0.6959314775486155,4.0,1.4931326002867775,predictions/masks/mosmed_test_Morozov_study_0256_34.png,predictions/probabilities/mosmed_test_Morozov_study_0256_34.npy
mosmed_test_Jun_coronacases_case5_177,Jun_coronacases_case5,tripath_lesionnet,1002,0.6133333334622222,0.4423076925758136,6.375625116449216,2.247925510660185,predictions/masks/mosmed_test_Jun_coronacases_case5_177.png,predictions/probabilities/mosmed_test_Jun_coronacases_case5_177.npy
mosmed_test_Jun_coronacases_case6_80,Jun_coronacases_case6,tripath_lesionnet,1002,0.9526993561174752,0.9096713170983762,3.605551275463989,1.1710151917225566,predictions/masks/mosmed_test_Jun_coronacases_case6_80.png,predictions/probabilities/mosmed_test_Jun_coronacases_case6_80.npy
mosmed_test_Morozov_study_0260_14,Morozov_study_0260,tripath_lesionnet,1002,0.6258589702967982,0.45545468534458444,53.85164807134504,9.356623961722633,predictions/masks/mosmed_test_Morozov_study_0260_14.png,predictions/probabilities/mosmed_test_Morozov_study_0260_14.npy
mosmed_test_Jun_coronacases_case10_258,Jun_coronacases_case10,tripath_lesionnet,1002,0.9087809036735908,0.8328125000261231,2.53224755112299,0.8283515603621358,predictions/masks/mosmed_test_Jun_coronacases_case10_258.png,predictions/probabilities/mosmed_test_Jun_coronacases_case10_258.npy
mosmed_test_Jun_radiopaedia_14_85914_0_case13_54,Jun_radiopaedia_14_85914_0_case13,tripath_lesionnet,1002,0.8207734681134057,0.6960269684580013,13.0,4.392626147583142,predictions/masks/mosmed_test_Jun_radiopaedia_14_85914_0_case13_54.png,predictions/probabilities/mosmed_test_Jun_radiopaedia_14_85914_0_case13_54.npy
mosmed_test_Jun_coronacases_case2_47,Jun_coronacases_case2,tripath_lesionnet,1002,0.830337571248122,0.70989505249551,103.03783561447538,14.57426144969616,predictions/masks/mosmed_test_Jun_coronacases_case2_47.png,predictions/probabilities/mosmed_test_Jun_coronacases_case2_47.npy
mosmed_test_Jun_coronacases_case4_120,Jun_coronacases_case4,tripath_lesionnet,1002,0.8591817316908097,0.7531276063592053,13.57190121640309,2.116656161426293,predictions/masks/mosmed_test_Jun_coronacases_case4_120.png,predictions/probabilities/mosmed_test_Jun_coronacases_case4_120.npy
mosmed_test_Morozov_study_0303_15,Morozov_study_0303,tripath_lesionnet,1002,0.8858764186651028,0.7951329937805565,7.0710678118654755,1.701349959604198,predictions/masks/mosmed_test_Morozov_study_0303_15.png,predictions/probabilities/mosmed_test_Morozov_study_0303_15.npy
mosmed_test_Jun_coronacases_case7_92,Jun_coronacases_case7,tripath_lesionnet,1002,0.8046218487446265,0.6731107205767527,7.674116076876723,2.328532718502899,predictions/masks/mosmed_test_Jun_coronacases_case7_92.png,predictions/probabilities/mosmed_test_Jun_coronacases_case7_92.npy
mosmed_test_Jun_radiopaedia_36_86526_0_case17_23,Jun_radiopaedia_36_86526_0_case17,tripath_lesionnet,1002,0.746648332769108,0.5957213384752759,9.865107274401563,2.482202899678654,predictions/masks/mosmed_test_Jun_radiopaedia_36_86526_0_case17_23.png,predictions/probabilities/mosmed_test_Jun_radiopaedia_36_86526_0_case17_23.npy
mosmed_test_Jun_radiopaedia_10_85902_1_case11_19,Jun_radiopaedia_10_85902_1_case11,tripath_lesionnet,1002,0.7969870875252156,0.6624925462336021,6.0,2.7697426634528206,predictions/masks/mosmed_test_Jun_radiopaedia_10_85902_1_case11_19.png,predictions/probabilities/mosmed_test_Jun_radiopaedia_10_85902_1_case11_19.npy
mosmed_test_Jun_coronacases_case4_89,Jun_coronacases_case4,tripath_lesionnet,1002,0.8411804460499847,0.72589424573383,5.0,1.8154675122671764,predictions/masks/mosmed_test_Jun_coronacases_case4_89.png,predictions/probabilities/mosmed_test_Jun_coronacases_case4_89.npy
mosmed_test_Jun_coronacases_case10_201,Jun_coronacases_case10,tripath_lesionnet,1002,0.9014594411143628,0.82059732235179,5.0,1.7115192795881184,predictions/masks/mosmed_test_Jun_coronacases_case10_201.png,predictions/probabilities/mosmed_test_Jun_coronacases_case10_201.npy
mosmed_test_Jun_radiopaedia_36_86526_0_case17_25,Jun_radiopaedia_36_86526_0_case17,tripath_lesionnet,1002,0.8385295486347824,0.7219551282274074,106.77114766411174,8.82629372728583,predictions/masks/mosmed_test_Jun_radiopaedia_36_86526_0_case17_25.png,predictions/probabilities/mosmed_test_Jun_radiopaedia_36_86526_0_case17_25.npy
mosmed_test_Jun_coronacases_case4_80,Jun_coronacases_case4,tripath_lesionnet,1002,0.8118226601031571,0.6832504146068304,6.259644256269392,9.593601544364297,predictions/masks/mosmed_test_Jun_coronacases_case4_80.png,predictions/probabilities/mosmed_test_Jun_coronacases_case4_80.npy
mosmed_test_Jun_coronacases_case4_133,Jun_coronacases_case4,tripath_lesionnet,1002,0.9058103975563973,0.8278367803338269,3.605551275463989,1.8292423746184179,predictions/masks/mosmed_test_Jun_coronacases_case4_133.png,predictions/probabilities/mosmed_test_Jun_coronacases_case4_133.npy
mosmed_test_Jun_coronacases_case7_138,Jun_coronacases_case7,tripath_lesionnet,1002,0.9038525963165184,0.8245721271447258,3.1622776601683795,1.286147626150557,predictions/masks/mosmed_test_Jun_coronacases_case7_138.png,predictions/probabilities/mosmed_test_Jun_coronacases_case7_138.npy
mosmed_test_Jun_coronacases_case4_101,Jun_coronacases_case4,tripath_lesionnet,1002,0.7325102880796034,0.5779220779563374,26.74580804743369,4.154628514740452,predictions/masks/mosmed_test_Jun_coronacases_case4_101.png,predictions/probabilities/mosmed_test_Jun_coronacases_case4_101.npy
mosmed_test_bjorke_82,bjorke_82,tripath_lesionnet,1002,0.6609631571731618,0.4936108821209066,56.34491558888399,8.546116316919289,predictions/masks/mosmed_test_bjorke_82.png,predictions/probabilities/mosmed_test_bjorke_82.npy
mosmed_test_Morozov_study_0283_14,Morozov_study_0283,tripath_lesionnet,1002,0.6851211072936746,0.5210526316419668,205.628164975772,40.97052740683928,predictions/masks/mosmed_test_Morozov_study_0283_14.png,predictions/probabilities/mosmed_test_Morozov_study_0283_14.npy
mosmed_test_Jun_radiopaedia_10_85902_3_case12_183,Jun_radiopaedia_10_85902_3_case12,tripath_lesionnet,1002,0.9478740437653821,0.9009130875921233,4.0,1.1004565184886337,predictions/masks/mosmed_test_Jun_radiopaedia_10_85902_3_case12_183.png,predictions/probabilities/mosmed_test_Jun_radiopaedia_10_85902_3_case12_183.npy
mosmed_test_Jun_coronacases_case2_26,Jun_coronacases_case2,tripath_lesionnet,1002,0.5054945057662118,0.3382352946042388,7.6349844505707125,2.4292285592201166,predictions/masks/mosmed_test_Jun_coronacases_case2_26.png,predictions/probabilities/mosmed_test_Jun_coronacases_case2_26.npy
mosmed_test_Jun_coronacases_case7_98,Jun_coronacases_case7,tripath_lesionnet,1002,0.8607547169837594,0.755548194774576,7.0,1.8571151362402618,predictions/masks/mosmed_test_Jun_coronacases_case7_98.png,predictions/probabilities/mosmed_test_Jun_coronacases_case7_98.npy
mosmed_test_Jun_coronacases_case5_99,Jun_coronacases_case5,tripath_lesionnet,1002,0.9219047619066213,0.85512367491806,5.0,1.6759170985160448,predictions/masks/mosmed_test_Jun_coronacases_case5_99.png,predictions/probabilities/mosmed_test_Jun_coronacases_case5_99.npy
mosmed_test_Jun_radiopaedia_10_85902_3_case12_200,Jun_radiopaedia_10_85902_3_case12,tripath_lesionnet,1002,0.8059850374161603,0.6750208855743507,10.007657251071436,2.3727584130203794,predictions/masks/mosmed_test_Jun_radiopaedia_10_85902_3_case12_200.png,predictions/probabilities/mosmed_test_Jun_radiopaedia_10_85902_3_case12_200.npy
mosmed_test_Jun_coronacases_case10_263,Jun_coronacases_case10,tripath_lesionnet,1002,0.885283893408426,0.7941787942215844,2.7988091673838635,0.8776419029106195,predictions/masks/mosmed_test_Jun_coronacases_case10_263.png,predictions/probabilities/mosmed_test_Jun_coronacases_case10_263.npy
mosmed_test_Jun_radiopaedia_10_85902_3_case12_80,Jun_radiopaedia_10_85902_3_case12,tripath_lesionnet,1002,0.8884555382258793,0.7992982456281195,5.0,1.5766847637904244,predictions/masks/mosmed_test_Jun_radiopaedia_10_85902_3_case12_80.png,predictions/probabilities/mosmed_test_Jun_radiopaedia_10_85902_3_case12_80.npy
mosmed_test_Jun_coronacases_case9_122,Jun_coronacases_case9,tripath_lesionnet,1002,0.9481175863852696,0.9013532065130152,3.0,1.0823920745473687,predictions/masks/mosmed_test_Jun_coronacases_case9_122.png,predictions/probabilities/mosmed_test_Jun_coronacases_case9_122.npy
mosmed_test_Jun_coronacases_case10_80,Jun_coronacases_case10,tripath_lesionnet,1002,0.7859466493307777,0.6473740622028538,5.207737973711325,1.8211301881605204,predictions/masks/mosmed_test_Jun_coronacases_case10_80.png,predictions/probabilities/mosmed_test_Jun_coronacases_case10_80.npy
mosmed_test_Jun_coronacases_case3_127,Jun_coronacases_case3,tripath_lesionnet,1002,0.9116005623486065,0.837560670112435,6.4031242374328485,2.9458319021541386,predictions/masks/mosmed_test_Jun_coronacases_case3_127.png,predictions/probabilities/mosmed_test_Jun_coronacases_case3_127.npy
mosmed_test_Jun_radiopaedia_40_86625_0_case18_67,Jun_radiopaedia_40_86625_0_case18,tripath_lesionnet,1002,0.8521468144050721,0.7423831070909322,7.0,2.467849148493749,predictions/masks/mosmed_test_Jun_radiopaedia_40_86625_0_case18_67.png,predictions/probabilities/mosmed_test_Jun_radiopaedia_40_86625_0_case18_67.npy
mosmed_test_Jun_coronacases_case3_74,Jun_coronacases_case3,tripath_lesionnet,1002,0.8786177644714365,0.7835131827801562,11.180339887498949,3.3955226345523903,predictions/masks/mosmed_test_Jun_coronacases_case3_74.png,predictions/probabilities/mosmed_test_Jun_coronacases_case3_74.npy
mosmed_test_Morozov_study_0280_23,Morozov_study_0280,tripath_lesionnet,1002,0.7612318840622965,0.6145071658492394,6.082762530298219,2.137961548028759,predictions/masks/mosmed_test_Morozov_study_0280_23.png,predictions/probabilities/mosmed_test_Morozov_study_0280_23.npy
mosmed_test_Jun_radiopaedia_10_85902_3_case12_99,Jun_radiopaedia_10_85902_3_case12,tripath_lesionnet,1002,0.9350114416490845,0.8779544477920949,3.0,1.1291890336475001,predictions/masks/mosmed_test_Jun_radiopaedia_10_85902_3_case12_99.png,predictions/probabilities/mosmed_test_Jun_radiopaedia_10_85902_3_case12_99.npy
mosmed_test_Jun_coronacases_case10_247,Jun_coronacases_case10,tripath_lesionnet,1002,0.8875739645011992,0.7978723404389713,5.0,1.4828611354650307,predictions/masks/mosmed_test_Jun_coronacases_case10_247.png,predictions/probabilities/mosmed_test_Jun_coronacases_case10_247.npy
mosmed_test_Morozov_study_0278_26,Morozov_study_0278,tripath_lesionnet,1002,0.9202297383560871,0.8522458628928933,4.080018656651477,1.2167178921782822,predictions/masks/mosmed_test_Morozov_study_0278_26.png,predictions/probabilities/mosmed_test_Morozov_study_0278_26.npy
mosmed_test_Jun_coronacases_case3_78,Jun_coronacases_case3,tripath_lesionnet,1002,0.8825211864409891,0.7897431036127134,10.816653826391969,3.198608448406614,predictions/masks/mosmed_test_Jun_coronacases_case3_78.png,predictions/probabilities/mosmed_test_Jun_coronacases_case3_78.npy
mosmed_test_Morozov_study_0295_16,Morozov_study_0295,tripath_lesionnet,1002,0.8302203567716638,0.7097237172691165,7.0710678118654755,2.0895342244512607,predictions/masks/mosmed_test_Morozov_study_0295_16.png,predictions/probabilities/mosmed_test_Morozov_study_0295_16.npy
mosmed_test_Morozov_study_0299_29,Morozov_study_0299,tripath_lesionnet,1002,0.9088811995491487,0.8329809725511669,2.23606797749979,0.7434382079979058,predictions/masks/mosmed_test_Morozov_study_0299_29.png,predictions/probabilities/mosmed_test_Morozov_study_0299_29.npy
mosmed_test_Jun_coronacases_case10_139,Jun_coronacases_case10,tripath_lesionnet,1002,0.8880551197224363,0.7986503067509368,7.990512483795298,2.950828108086896,predictions/masks/mosmed_test_Jun_coronacases_case10_139.png,predictions/probabilities/mosmed_test_Jun_coronacases_case10_139.npy
mosmed_test_Morozov_study_0283_19,Morozov_study_0283,tripath_lesionnet,1002,5.494505491486536e-10,5.494505491486536e-10,261.11797795883075,79.46838050340718,predictions/masks/mosmed_test_Morozov_study_0283_19.png,predictions/probabilities/mosmed_test_Morozov_study_0283_19.npy
mosmed_test_Jun_radiopaedia_40_86625_0_case18_58,Jun_radiopaedia_40_86625_0_case18,tripath_lesionnet,1002,0.8861276595747449,0.7955378973114061,7.810249675906654,2.101813087901044,predictions/masks/mosmed_test_Jun_radiopaedia_40_86625_0_case18_58.png,predictions/probabilities/mosmed_test_Jun_radiopaedia_40_86625_0_case18_58.npy
mosmed_test_Morozov_study_0280_19,Morozov_study_0280,tripath_lesionnet,1002,0.8110222827043541,0.6821173104525861,9.0,2.573775567007612,predictions/masks/mosmed_test_Morozov_study_0280_19.png,predictions/probabilities/mosmed_test_Morozov_study_0280_19.npy
mosmed_test_Jun_radiopaedia_7_85703_0_case20_16,Jun_radiopaedia_7_85703_0_case20,tripath_lesionnet,1002,0.8569895358216127,0.7497652582218365,5.0,1.8267046268376,predictions/masks/mosmed_test_Jun_radiopaedia_7_85703_0_case20_16.png,predictions/probabilities/mosmed_test_Jun_radiopaedia_7_85703_0_case20_16.npy
mosmed_test_Morozov_study_0303_8,Morozov_study_0303,tripath_lesionnet,1002,0.42951059171442574,0.27348837216060573,21.66434569219038,10.146377384760564,predictions/masks/mosmed_test_Morozov_study_0303_8.png,predictions/probabilities/mosmed_test_Morozov_study_0303_8.npy
mosmed_test_Jun_coronacases_case8_148,Jun_coronacases_case8,tripath_lesionnet,1002,0.8949583762052665,0.8098865752529222,4.47213595499958,1.592665383364863,predictions/masks/mosmed_test_Jun_coronacases_case8_148.png,predictions/probabilities/mosmed_test_Jun_coronacases_case8_148.npy
mosmed_test_Jun_coronacases_case3_140,Jun_coronacases_case3,tripath_lesionnet,1002,0.8972285576066263,0.8136124341963699,5.830951894845301,1.687921817866482,predictions/masks/mosmed_test_Jun_coronacases_case3_140.png,predictions/probabilities/mosmed_test_Jun_coronacases_case3_140.npy
mosmed_test_Jun_radiopaedia_10_85902_3_case12_101,Jun_radiopaedia_10_85902_3_case12,tripath_lesionnet,1002,0.9584352078248848,0.9201877934306365,2.23606797749979,0.7354814960811407,predictions/masks/mosmed_test_Jun_radiopaedia_10_85902_3_case12_101.png,predictions/probabilities/mosmed_test_Jun_radiopaedia_10_85902_3_case12_101.npy
mosmed_test_Jun_coronacases_case10_114,Jun_coronacases_case10,tripath_lesionnet,1002,0.8727272727281696,0.77419354838992,7.810249675906654,2.841746837181921,predictions/masks/mosmed_test_Jun_coronacases_case10_114.png,predictions/probabilities/mosmed_test_Jun_coronacases_case10_114.npy
mosmed_test_Jun_coronacases_case10_89,Jun_coronacases_case10,tripath_lesionnet,1002,0.8644194756568815,0.761213720321123,5.741794477303121,1.8666856490146368,predictions/masks/mosmed_test_Jun_coronacases_case10_89.png,predictions/probabilities/mosmed_test_Jun_coronacases_case10_89.npy
mosmed_test_Jun_coronacases_case8_209,Jun_coronacases_case8,tripath_lesionnet,1002,0.8017294626435003,0.6690721649825698,4.0,1.3542139033311942,predictions/masks/mosmed_test_Jun_coronacases_case8_209.png,predictions/probabilities/mosmed_test_Jun_coronacases_case8_209.npy
mosmed_test_bjorke_3,bjorke_3,tripath_lesionnet,1002,0.5931834663094138,0.4216494845957063,8.94427190999916,5.276572412929554,predictions/masks/mosmed_test_bjorke_3.png,predictions/probabilities/mosmed_test_bjorke_3.npy
mosmed_test_Jun_coronacases_case2_126,Jun_coronacases_case2,tripath_lesionnet,1002,0.905523495467345,0.8273576378479254,3.1622776601683795,1.1363270211317782,predictions/masks/mosmed_test_Jun_coronacases_case2_126.png,predictions/probabilities/mosmed_test_Jun_coronacases_case2_126.npy
mosmed_test_Jun_coronacases_case1_117,Jun_coronacases_case1,tripath_lesionnet,1002,0.8221803587524688,0.6980528511842973,11.704699910719626,3.988536235600148,predictions/masks/mosmed_test_Jun_coronacases_case1_117.png,predictions/probabilities/mosmed_test_Jun_coronacases_case1_117.npy
mosmed_test_Jun_coronacases_case8_104,Jun_coronacases_case8,tripath_lesionnet,1002,0.8891384566028466,0.8004043905285904,8.48528137423857,2.3581872838405826,predictions/masks/mosmed_test_Jun_coronacases_case8_104.png,predictions/probabilities/mosmed_test_Jun_coronacases_case8_104.npy
mosmed_test_Morozov_study_0299_9,Morozov_study_0299,tripath_lesionnet,1002,0.7422201579311557,0.5901033973714842,7.0,6.846914877723228,predictions/masks/mosmed_test_Morozov_study_0299_9.png,predictions/probabilities/mosmed_test_Morozov_study_0299_9.npy
mosmed_test_Morozov_study_0269_17,Morozov_study_0269,tripath_lesionnet,1002,0.7856347438812462,0.6469509399519968,6.0,13.62819057643183,predictions/masks/mosmed_test_Morozov_study_0269_17.png,predictions/probabilities/mosmed_test_Morozov_study_0269_17.npy
mosmed_test_Jun_coronacases_case8_157,Jun_coronacases_case8,tripath_lesionnet,1002,0.877663230241951,0.7819963257852215,6.4031242374328485,1.9849372738030004,predictions/masks/mosmed_test_Jun_coronacases_case8_157.png,predictions/probabilities/mosmed_test_Jun_coronacases_case8_157.npy
mosmed_test_Jun_coronacases_case5_72,Jun_coronacases_case5,tripath_lesionnet,1002,0.8913308913353142,0.8039647577236443,3.605551275463989,1.529503370694234,predictions/masks/mosmed_test_Jun_coronacases_case5_72.png,predictions/probabilities/mosmed_test_Jun_coronacases_case5_72.npy
mosmed_test_Jun_radiopaedia_10_85902_3_case12_139,Jun_radiopaedia_10_85902_3_case12,tripath_lesionnet,1002,0.9279365841949562,0.8655612816521272,6.106941809302079,2.101654686035881,predictions/masks/mosmed_test_Jun_radiopaedia_10_85902_3_case12_139.png,predictions/probabilities/mosmed_test_Jun_radiopaedia_10_85902_3_case12_139.npy
mosmed_test_Jun_coronacases_case6_101,Jun_coronacases_case6,tripath_lesionnet,1002,0.8892224557223289,0.8005405405513222,4.0,1.3283850340299566,predictions/masks/mosmed_test_Jun_coronacases_case6_101.png,predictions/probabilities/mosmed_test_Jun_coronacases_case6_101.npy
mosmed_test_Jun_coronacases_case8_230,Jun_coronacases_case8,tripath_lesionnet,1002,0.8611240130115596,0.7561174551585548,4.0,1.3080597254929323,predictions/masks/mosmed_test_Jun_coronacases_case8_230.png,predictions/probabilities/mosmed_test_Jun_coronacases_case8_230.npy
mosmed_test_Jun_coronacases_case8_191,Jun_coronacases_case8,tripath_lesionnet,1002,0.8704061895634813,0.7705479452316726,2.8284271247461903,1.2348887327037388,predictions/masks/mosmed_test_Jun_coronacases_case8_191.png,predictions/probabilities/mosmed_test_Jun_coronacases_case8_191.npy
mosmed_test_bjorke_68,bjorke_68,tripath_lesionnet,1002,0.8544051278701864,0.745817870398254,94.02393301065422,14.40226855086195,predictions/masks/mosmed_test_bjorke_68.png,predictions/probabilities/mosmed_test_bjorke_68.npy
mosmed_test_Morozov_study_0303_19,Morozov_study_0303,tripath_lesionnet,1002,0.9046563192925797,0.8259109311811373,4.242640687119285,1.2596184311680294,predictions/masks/mosmed_test_Morozov_study_0303_19.png,predictions/probabilities/mosmed_test_Morozov_study_0303_19.npy
mosmed_test_Jun_coronacases_case2_43,Jun_coronacases_case2,tripath_lesionnet,1002,0.9333333333364633,0.8750000000110034,2.8284271247461903,0.9980943653971487,predictions/masks/mosmed_test_Jun_coronacases_case2_43.png,predictions/probabilities/mosmed_test_Jun_coronacases_case2_43.npy
mosmed_test_Jun_coronacases_case2_77,Jun_coronacases_case2,tripath_lesionnet,1002,0.5917808219550884,0.4202334631102162,19.061701603286505,4.871561828766952,predictions/masks/mosmed_test_Jun_coronacases_case2_77.png,predictions/probabilities/mosmed_test_Jun_coronacases_case2_77.npy
mosmed_test_bjorke_59,bjorke_59,tripath_lesionnet,1002,0.8179430612462024,0.6919658727345184,22.01703665915893,5.890455149149194,predictions/masks/mosmed_test_bjorke_59.png,predictions/probabilities/mosmed_test_bjorke_59.npy
mosmed_test_Jun_coronacases_case3_155,Jun_coronacases_case3,tripath_lesionnet,1002,0.8891699241217615,0.8004553922624621,4.0,1.3536106718733687,predictions/masks/mosmed_test_Jun_coronacases_case3_155.png,predictions/probabilities/mosmed_test_Jun_coronacases_case3_155.npy
mosmed_test_Jun_coronacases_case2_29,Jun_coronacases_case2,tripath_lesionnet,1002,0.8853454821651219,0.7942779291833408,3.0,1.3879523607468278,predictions/masks/mosmed_test_Jun_coronacases_case2_29.png,predictions/probabilities/mosmed_test_Jun_coronacases_case2_29.npy
mosmed_test_Jun_coronacases_case8_86,Jun_coronacases_case8,tripath_lesionnet,1002,0.9000666222534965,0.8182919442816992,5.0,1.4018188127671853,predictions/masks/mosmed_test_Jun_coronacases_case8_86.png,predictions/probabilities/mosmed_test_Jun_coronacases_case8_86.npy
mosmed_test_Morozov_study_0281_32,Morozov_study_0281,tripath_lesionnet,1002,0.903444929650488,0.8238938053253191,8.163432174913776,7.075206369979167,predictions/masks/mosmed_test_Morozov_study_0281_32.png,predictions/probabilities/mosmed_test_Morozov_study_0281_32.npy
mosmed_test_Jun_coronacases_case10_132,Jun_coronacases_case10,tripath_lesionnet,1002,0.8649418822657298,0.7620243128995504,9.219544457292887,2.945286771320933,predictions/masks/mosmed_test_Jun_coronacases_case10_132.png,predictions/probabilities/mosmed_test_Jun_coronacases_case10_132.npy
mosmed_test_Morozov_study_0275_19,Morozov_study_0275,tripath_lesionnet,1002,0.1775147931427471,0.0974025976956485,7.049747468305832,3.3119366597157045,predictions/masks/mosmed_test_Morozov_study_0275_19.png,predictions/probabilities/mosmed_test_Morozov_study_0275_19.npy
mosmed_test_Jun_coronacases_case8_99,Jun_coronacases_case8,tripath_lesionnet,1002,0.904310003955078,0.8253338145105498,4.242640687119285,1.4529394792700372,predictions/masks/mosmed_test_Jun_coronacases_case8_99.png,predictions/probabilities/mosmed_test_Jun_coronacases_case8_99.npy
mosmed_test_Morozov_study_0277_27,Morozov_study_0277,tripath_lesionnet,1002,0.7490226739738459,0.598750000025078,7.8576872569299905,2.233933725579006,predictions/masks/mosmed_test_Morozov_study_0277_27.png,predictions/probabilities/mosmed_test_Morozov_study_0277_27.npy
mosmed_test_Morozov_study_0298_14,Morozov_study_0298,tripath_lesionnet,1002,0.716672591544318,0.5584487534748352,63.81118568899468,12.754933314018269,predictions/masks/mosmed_test_Morozov_study_0298_14.png,predictions/probabilities/mosmed_test_Morozov_study_0298_14.npy
mosmed_test_Jun_coronacases_case4_114,Jun_coronacases_case4,tripath_lesionnet,1002,0.834355828228676,0.7157894737072235,4.0,1.5141791461324134,predictions/masks/mosmed_test_Jun_coronacases_case4_114.png,predictions/probabilities/mosmed_test_Jun_coronacases_case4_114.npy
mosmed_test_Jun_coronacases_case8_243,Jun_coronacases_case8,tripath_lesionnet,1002,0.8595600677056583,0.7537091988861396,2.2242645786247977,0.7438298756608035,predictions/masks/mosmed_test_Jun_coronacases_case8_243.png,predictions/probabilities/mosmed_test_Jun_coronacases_case8_243.npy
mosmed_test_Jun_radiopaedia_14_85914_0_case13_1,Jun_radiopaedia_14_85914_0_case13,tripath_lesionnet,1002,0.8580152671809917,0.7513368984123439,5.0,1.9665046573520002,predictions/masks/mosmed_test_Jun_radiopaedia_14_85914_0_case13_1.png,predictions/probabilities/mosmed_test_Jun_radiopaedia_14_85914_0_case13_1.npy
mosmed_test_Jun_coronacases_case7_76,Jun_coronacases_case7,tripath_lesionnet,1002,0.37869822503588807,0.23357664261548294,16.254857155364345,5.253969587884258,predictions/masks/mosmed_test_Jun_coronacases_case7_76.png,predictions/probabilities/mosmed_test_Jun_coronacases_case7_76.npy
mosmed_test_Jun_coronacases_case1_190,Jun_coronacases_case1,tripath_lesionnet,1002,0.6948216684122546,0.5323576492217618,34.061578825892234,6.734270775636957,predictions/masks/mosmed_test_Jun_coronacases_case1_190.png,predictions/probabilities/mosmed_test_Jun_coronacases_case1_190.npy
mosmed_test_Jun_radiopaedia_10_85902_3_case12_164,Jun_radiopaedia_10_85902_3_case12,tripath_lesionnet,1002,0.9286187259975021,0.8667490729328369,5.184863101655287,1.448280713518799,predictions/masks/mosmed_test_Jun_radiopaedia_10_85902_3_case12_164.png,predictions/probabilities/mosmed_test_Jun_radiopaedia_10_85902_3_case12_164.npy
mosmed_test_Jun_coronacases_case3_147,Jun_coronacases_case3,tripath_lesionnet,1002,0.9240939864601825,0.8588984305617575,3.605551275463989,1.4284024986737829,predictions/masks/mosmed_test_Jun_coronacases_case3_147.png,predictions/probabilities/mosmed_test_Jun_coronacases_case3_147.npy
mosmed_test_Morozov_study_0293_9,Morozov_study_0293,tripath_lesionnet,1002,0.5322896282715676,0.3626666668366222,5.616100833138698,2.1853841656375597,predictions/masks/mosmed_test_Morozov_study_0293_9.png,predictions/probabilities/mosmed_test_Morozov_study_0293_9.npy
mosmed_test_Morozov_study_0269_19,Morozov_study_0269,tripath_lesionnet,1002,0.5964372113525792,0.42494515826661006,41.62511221812761,9.093696255672679,predictions/masks/mosmed_test_Morozov_study_0269_19.png,predictions/probabilities/mosmed_test_Morozov_study_0269_19.npy
mosmed_test_Jun_coronacases_case6_112,Jun_coronacases_case6,tripath_lesionnet,1002,0.8264571054468594,0.7042410714615802,5.93137084989847,2.2065020989633926,predictions/masks/mosmed_test_Jun_coronacases_case6_112.png,predictions/probabilities/mosmed_test_Jun_coronacases_case6_112.npy
mosmed_test_Morozov_study_0276_33,Morozov_study_0276,tripath_lesionnet,1002,0.8538969616947452,0.7450437989974623,5.743903072168841,3.651403958575053,predictions/masks/mosmed_test_Morozov_study_0276_33.png,predictions/probabilities/mosmed_test_Morozov_study_0276_33.npy
mosmed_test_Jun_coronacases_case1_209,Jun_coronacases_case1,tripath_lesionnet,1002,0.846823324632335,0.7343396226481927,5.656854249492381,1.9234763673087183,predictions/masks/mosmed_test_Jun_coronacases_case1_209.png,predictions/probabilities/mosmed_test_Jun_coronacases_case1_209.npy
mosmed_test_Jun_coronacases_case2_157,Jun_coronacases_case2,tripath_lesionnet,1002,0.8214860083685595,0.6970524017632613,35.35533905932738,4.172975998760347,predictions/masks/mosmed_test_Jun_coronacases_case2_157.png,predictions/probabilities/mosmed_test_Jun_coronacases_case2_157.npy
mosmed_test_Morozov_study_0284_2,Morozov_study_0284,tripath_lesionnet,1002,3.184713374781938e-10,3.184713374781938e-10,164.74747669170932,31.443156021021775,predictions/masks/mosmed_test_Morozov_study_0284_2.png,predictions/probabilities/mosmed_test_Morozov_study_0284_2.npy
mosmed_test_Morozov_study_0256_26,Morozov_study_0256,tripath_lesionnet,1002,0.7990216062005907,0.6653088934261606,8.0,2.20054526837814,predictions/masks/mosmed_test_Morozov_study_0256_26.png,predictions/probabilities/mosmed_test_Morozov_study_0256_26.npy
mosmed_test_Jun_coronacases_case10_138,Jun_coronacases_case10,tripath_lesionnet,1002,0.891065046462537,0.8035322934149345,5.656854249492381,1.841934779925934,predictions/masks/mosmed_test_Jun_coronacases_case10_138.png,predictions/probabilities/mosmed_test_Jun_coronacases_case10_138.npy
mosmed_test_Jun_coronacases_case1_206,Jun_coronacases_case1,tripath_lesionnet,1002,0.8309945088494357,0.7108559499031614,9.481547795660283,3.974205873961861,predictions/masks/mosmed_test_Jun_coronacases_case1_206.png,predictions/probabilities/mosmed_test_Jun_coronacases_case1_206.npy
mosmed_test_Morozov_study_0291_17,Morozov_study_0291,tripath_lesionnet,1002,0.9349807575463849,0.8779003423401331,11.661903789690601,2.228137936531888,predictions/masks/mosmed_test_Morozov_study_0291_17.png,predictions/probabilities/mosmed_test_Morozov_study_0291_17.npy
mosmed_test_Morozov_study_0256_20,Morozov_study_0256,tripath_lesionnet,1002,0.7175667287574446,0.5595353340213421,311.2898965579044,42.015179054256514,predictions/masks/mosmed_test_Morozov_study_0256_20.png,predictions/probabilities/mosmed_test_Morozov_study_0256_20.npy
mosmed_test_Jun_coronacases_case8_88,Jun_coronacases_case8,tripath_lesionnet,1002,0.867451690823257,0.7659290855834197,6.028966885604369,1.92565843004727,predictions/masks/mosmed_test_Jun_coronacases_case8_88.png,predictions/probabilities/mosmed_test_Jun_coronacases_case8_88.npy
mosmed_test_Jun_coronacases_case3_141,Jun_coronacases_case3,tripath_lesionnet,1002,0.8949945195477165,0.8099457743709834,5.0,1.720153672492286,predictions/masks/mosmed_test_Jun_coronacases_case3_141.png,predictions/probabilities/mosmed_test_Jun_coronacases_case3_141.npy
mosmed_test_Jun_radiopaedia_27_86410_0_case14_15,Jun_radiopaedia_27_86410_0_case14,tripath_lesionnet,1002,0.8272620446546176,0.7054108216469763,80.67463006294714,12.54154986711937,predictions/masks/mosmed_test_Jun_radiopaedia_27_86410_0_case14_15.png,predictions/probabilities/mosmed_test_Jun_radiopaedia_27_86410_0_case14_15.npy
mosmed_test_Jun_coronacases_case8_163,Jun_coronacases_case8,tripath_lesionnet,1002,0.8775155279533536,0.7817618415324586,20.819409246431995,2.5171947156110646,predictions/masks/mosmed_test_Jun_coronacases_case8_163.png,predictions/probabilities/mosmed_test_Jun_coronacases_case8_163.npy
mosmed_test_Jun_coronacases_case7_146,Jun_coronacases_case7,tripath_lesionnet,1002,0.8624338624368952,0.7581395348930955,9.065863337187857,2.0714922815996895,predictions/masks/mosmed_test_Jun_coronacases_case7_146.png,predictions/probabilities/mosmed_test_Jun_coronacases_case7_146.npy
mosmed_test_Jun_coronacases_case9_146,Jun_coronacases_case9,tripath_lesionnet,1002,0.8451757666475253,0.7318652849914595,3.605551275463989,1.601034143765409,predictions/masks/mosmed_test_Jun_coronacases_case9_146.png,predictions/probabilities/mosmed_test_Jun_coronacases_case9_146.npy
mosmed_test_Jun_coronacases_case5_75,Jun_coronacases_case5,tripath_lesionnet,1002,0.9241664207753271,0.8590235875008764,4.242640687119285,1.3160755168566087,predictions/masks/mosmed_test_Jun_coronacases_case5_75.png,predictions/probabilities/mosmed_test_Jun_coronacases_case5_75.npy
mosmed_test_Jun_coronacases_case8_144,Jun_coronacases_case8,tripath_lesionnet,1002,0.893411521215131,0.8073566084818056,18.84221004007687,2.594290587636474,predictions/masks/mosmed_test_Jun_coronacases_case8_144.png,predictions/probabilities/mosmed_test_Jun_coronacases_case8_144.npy
mosmed_test_Jun_coronacases_case9_157,Jun_coronacases_case9,tripath_lesionnet,1002,0.5169385195085398,0.3485617598394989,13.92586957773273,3.985071723422425,predictions/masks/mosmed_test_Jun_coronacases_case9_157.png,predictions/probabilities/mosmed_test_Jun_coronacases_case9_157.npy
mosmed_test_Morozov_study_0274_16,Morozov_study_0274,tripath_lesionnet,1002,0.6696832579683736,0.5034013606568251,8.526246736719987,4.276936370910601,predictions/masks/mosmed_test_Morozov_study_0274_16.png,predictions/probabilities/mosmed_test_Morozov_study_0274_16.npy
mosmed_test_Morozov_study_0285_14,Morozov_study_0285,tripath_lesionnet,1002,0.44058744997058824,0.28253424663676935,31.70307485263983,12.658944353794409,predictions/masks/mosmed_test_Morozov_study_0285_14.png,predictions/probabilities/mosmed_test_Morozov_study_0285_14.npy
mosmed_test_Morozov_study_0304_20,Morozov_study_0304,tripath_lesionnet,1002,0.7665198238914009,0.6214285716989796,217.58330303640844,31.964772317823144,predictions/masks/mosmed_test_Morozov_study_0304_20.png,predictions/probabilities/mosmed_test_Morozov_study_0304_20.npy
mosmed_test_Jun_radiopaedia_40_86625_0_case18_24,Jun_radiopaedia_40_86625_0_case18,tripath_lesionnet,1002,0.8839253399519987,0.7919948114537941,8.237013576088449,2.1309689155358096,predictions/masks/mosmed_test_Jun_radiopaedia_40_86625_0_case18_24.png,predictions/probabilities/mosmed_test_Jun_radiopaedia_40_86625_0_case18_24.npy
mosmed_test_Jun_coronacases_case1_83,Jun_coronacases_case1,tripath_lesionnet,1002,0.8924731183373801,0.8058252429069658,1.0,0.41968553124845237,predictions/masks/mosmed_test_Jun_coronacases_case1_83.png,predictions/probabilities/mosmed_test_Jun_coronacases_case1_83.npy
mosmed_test_Jun_coronacases_case10_262,Jun_coronacases_case10,tripath_lesionnet,1002,0.9043478260973535,0.8253968254314689,2.0,0.740998039335937,predictions/masks/mosmed_test_Jun_coronacases_case10_262.png,predictions/probabilities/mosmed_test_Jun_coronacases_case10_262.npy
mosmed_test_Morozov_study_0288_6,Morozov_study_0288,tripath_lesionnet,1002,0.8605591108140694,0.7552468223542641,7.810249675906654,1.787648987003638,predictions/masks/mosmed_test_Morozov_study_0288_6.png,predictions/probabilities/mosmed_test_Morozov_study_0288_6.npy
mosmed_test_Jun_coronacases_case7_84,Jun_coronacases_case7,tripath_lesionnet,1002,0.871942446061591,0.7729591837313879,2.23606797749979,1.0815803943561582,predictions/masks/mosmed_test_Jun_coronacases_case7_84.png,predictions/probabilities/mosmed_test_Jun_coronacases_case7_84.npy
mosmed_test_Morozov_study_0286_16,Morozov_study_0286,tripath_lesionnet,1002,0.42090069285736437,0.2665447897891574,33.24154027718932,10.51424303820281,predictions/masks/mosmed_test_Morozov_study_0286_16.png,predictions/probabilities/mosmed_test_Morozov_study_0286_16.npy
mosmed_test_Jun_coronacases_case2_96,Jun_coronacases_case2,tripath_lesionnet,1002,0.9160876536620408,0.8451676528630144,3.605551275463989,1.303588007628111,predictions/masks/mosmed_test_Jun_coronacases_case2_96.png,predictions/probabilities/mosmed_test_Jun_coronacases_case2_96.npy
mosmed_test_Jun_radiopaedia_27_86410_0_case14_54,Jun_radiopaedia_27_86410_0_case14,tripath_lesionnet,1002,0.8357075023897713,0.7177814029824174,4.47213595499958,2.6000009667980946,predictions/masks/mosmed_test_Jun_radiopaedia_27_86410_0_case14_54.png,predictions/probabilities/mosmed_test_Jun_radiopaedia_27_86410_0_case14_54.npy
mosmed_test_Jun_coronacases_case7_132,Jun_coronacases_case7,tripath_lesionnet,1002,0.8909737948901493,0.8033838973219549,8.282071769685803,1.8195114882940764,predictions/masks/mosmed_test_Jun_coronacases_case7_132.png,predictions/probabilities/mosmed_test_Jun_coronacases_case7_132.npy
mosmed_test_Jun_coronacases_case1_187,Jun_coronacases_case1,tripath_lesionnet,1002,0.822219797011653,0.6981097109025554,6.4031242374328485,2.2470881207584745,predictions/masks/mosmed_test_Jun_coronacases_case1_187.png,predictions/probabilities/mosmed_test_Jun_coronacases_case1_187.npy
mosmed_test_Jun_coronacases_case1_189,Jun_coronacases_case1,tripath_lesionnet,1002,0.7758781473457277,0.6338242762916754,24.273339370673973,4.285273296725465,predictions/masks/mosmed_test_Jun_coronacases_case1_189.png,predictions/probabilities/mosmed_test_Jun_coronacases_case1_189.npy
mosmed_test_Jun_coronacases_case5_116,Jun_coronacases_case5,tripath_lesionnet,1002,0.8731524376820394,0.7748629600714619,4.47213595499958,1.7109046193507096,predictions/masks/mosmed_test_Jun_coronacases_case5_116.png,predictions/probabilities/mosmed_test_Jun_coronacases_case5_116.npy
mosmed_test_Jun_coronacases_case1_237,Jun_coronacases_case1,tripath_lesionnet,1002,0.5957446811377697,0.4242424248239976,3.1622776601683795,1.7081819859835798,predictions/masks/mosmed_test_Jun_coronacases_case1_237.png,predictions/probabilities/mosmed_test_Jun_coronacases_case1_237.npy
mosmed_test_Morozov_study_0269_27,Morozov_study_0269,tripath_lesionnet,1002,0.7448107448419035,0.5933852140868902,216.0118029699004,41.71766858281668,predictions/masks/mosmed_test_Morozov_study_0269_27.png,predictions/probabilities/mosmed_test_Morozov_study_0269_27.npy
mosmed_test_Jun_coronacases_case1_141,Jun_coronacases_case1,tripath_lesionnet,1002,0.8534008683078625,0.7442887795059411,5.830951894845301,1.9218726835504574,predictions/masks/mosmed_test_Jun_coronacases_case1_141.png,predictions/probabilities/mosmed_test_Jun_coronacases_case1_141.npy
mosmed_test_Jun_coronacases_case4_112,Jun_coronacases_case4,tripath_lesionnet,1002,0.7293042153514828,0.5739408473561997,7.0,3.541367534968726,predictions/masks/mosmed_test_Jun_coronacases_case4_112.png,predictions/probabilities/mosmed_test_Jun_coronacases_case4_112.npy
mosmed_test_Morozov_study_0275_28,Morozov_study_0275,tripath_lesionnet,1002,0.756855575877263,0.6088235294347751,8.756201256373043,3.0124597350179663,predictions/masks/mosmed_test_Morozov_study_0275_28.png,predictions/probabilities/mosmed_test_Morozov_study_0275_28.npy
mosmed_test_Morozov_study_0268_20,Morozov_study_0268,tripath_lesionnet,1002,0.7900452488782785,0.6529543754934215,10.613420029147246,2.605489213141177,predictions/masks/mosmed_test_Morozov_study_0268_20.png,predictions/probabilities/mosmed_test_Morozov_study_0268_20.npy
mosmed_test_Morozov_study_0263_12,Morozov_study_0263,tripath_lesionnet,1002,0.5908183633142896,0.4192634561729089,163.49310555766183,39.81643029809863,predictions/masks/mosmed_test_Morozov_study_0263_12.png,predictions/probabilities/mosmed_test_Morozov_study_0263_12.npy
mosmed_test_Morozov_study_0289_27,Morozov_study_0289,tripath_lesionnet,1002,0.851517637419892,0.7414285714655102,3.105480479109443,0.8947404081830036,predictions/masks/mosmed_test_Morozov_study_0289_27.png,predictions/probabilities/mosmed_test_Morozov_study_0289_27.npy
mosmed_test_Jun_coronacases_case1_114,Jun_coronacases_case1,tripath_lesionnet,1002,0.8447508617997822,0.7312282986140274,10.0,3.9807301420057466,predictions/masks/mosmed_test_Jun_coronacases_case1_114.png,predictions/probabilities/mosmed_test_Jun_coronacases_case1_114.npy
mosmed_test_Jun_coronacases_case1_143,Jun_coronacases_case1,tripath_lesionnet,1002,0.8071343990541213,0.676634818219672,12.36931687685298,2.9028391173253927,predictions/masks/mosmed_test_Jun_coronacases_case1_143.png,predictions/probabilities/mosmed_test_Jun_coronacases_case1_143.npy
mosmed_test_Jun_coronacases_case9_144,Jun_coronacases_case9,tripath_lesionnet,1002,0.8655488769419314,0.7629670942686577,5.0,1.544410655706163,predictions/masks/mosmed_test_Jun_coronacases_case9_144.png,predictions/probabilities/mosmed_test_Jun_coronacases_case9_144.npy
mosmed_test_Jun_coronacases_case1_158,Jun_coronacases_case1,tripath_lesionnet,1002,0.7158816694993665,0.5574888641486987,21.470910553583888,3.6714548286936566,predictions/masks/mosmed_test_Jun_coronacases_case1_158.png,predictions/probabilities/mosmed_test_Jun_coronacases_case1_158.npy
mosmed_test_Morozov_study_0277_22,Morozov_study_0277,tripath_lesionnet,1002,0.8634514817046223,0.759713701456062,186.2111647238683,14.814223605221484,predictions/masks/mosmed_test_Morozov_study_0277_22.png,predictions/probabilities/mosmed_test_Morozov_study_0277_22.npy
mosmed_test_Morozov_study_0288_7,Morozov_study_0288,tripath_lesionnet,1002,0.8652211621879407,0.7624579639326671,8.54400374531753,2.2468293712218887,predictions/masks/mosmed_test_Morozov_study_0288_7.png,predictions/probabilities/mosmed_test_Morozov_study_0288_7.npy
mosmed_test_Jun_coronacases_case1_148,Jun_coronacases_case1,tripath_lesionnet,1002,0.8710096510776633,0.7714943284601102,4.0,1.5680832216023066,predictions/masks/mosmed_test_Jun_coronacases_case1_148.png,predictions/probabilities/mosmed_test_Jun_coronacases_case1_148.npy
mosmed_test_Jun_coronacases_case6_60,Jun_coronacases_case6,tripath_lesionnet,1002,0.6972343522782216,0.5351955307781905,5.656854249492381,2.10615354444584,predictions/masks/mosmed_test_Jun_coronacases_case6_60.png,predictions/probabilities/mosmed_test_Jun_coronacases_case6_60.npy
mosmed_test_Jun_coronacases_case8_75,Jun_coronacases_case8,tripath_lesionnet,1002,0.9324717285955982,0.8734866828125458,3.0,1.075758817507963,predictions/masks/mosmed_test_Jun_coronacases_case8_75.png,predictions/probabilities/mosmed_test_Jun_coronacases_case8_75.npy
mosmed_test_Jun_coronacases_case5_132,Jun_coronacases_case5,tripath_lesionnet,1002,0.8668138337061511,0.7649350649503289,4.47213595499958,1.540439010404548,predictions/masks/mosmed_test_Jun_coronacases_case5_132.png,predictions/probabilities/mosmed_test_Jun_coronacases_case5_132.npy
mosmed_test_Jun_coronacases_case4_102,Jun_coronacases_case4,tripath_lesionnet,1002,0.7576668671222089,0.6098741529903315,5.674926414146512,1.8986234069436663,predictions/masks/mosmed_test_Jun_coronacases_case4_102.png,predictions/probabilities/mosmed_test_Jun_coronacases_case4_102.npy
mosmed_test_Morozov_study_0265_10,Morozov_study_0265,tripath_lesionnet,1002,0.8369789517161168,0.7196593328701328,10.295630140987,2.8809265873241863,predictions/masks/mosmed_test_Morozov_study_0265_10.png,predictions/probabilities/mosmed_test_Morozov_study_0265_10.npy
mosmed_test_Morozov_study_0281_37,Morozov_study_0281,tripath_lesionnet,1002,0.8694096601306961,0.7689873418452571,2.23606797749979,0.9175149006547998,predictions/masks/mosmed_test_Morozov_study_0281_37.png,predictions/probabilities/mosmed_test_Morozov_study_0281_37.npy
mosmed_test_Jun_radiopaedia_40_86625_0_case18_39,Jun_radiopaedia_40_86625_0_case18,tripath_lesionnet,1002,0.8960649756777795,0.811700830153788,8.988854381999841,2.749578728239475,predictions/masks/mosmed_test_Jun_radiopaedia_40_86625_0_case18_39.png,predictions/probabilities/mosmed_test_Jun_radiopaedia_40_86625_0_case18_39.npy
mosmed_test_Jun_coronacases_case8_244,Jun_coronacases_case8,tripath_lesionnet,1002,0.8424336973724752,0.7277628033078807,17.50667865891551,1.760225600264678,predictions/masks/mosmed_test_Jun_coronacases_case8_244.png,predictions/probabilities/mosmed_test_Jun_coronacases_case8_244.npy
mosmed_test_Morozov_study_0255_31,Morozov_study_0255,tripath_lesionnet,1002,0.6987242394800074,0.536953242905437,6.0,2.6199615068970643,predictions/masks/mosmed_test_Morozov_study_0255_31.png,predictions/probabilities/mosmed_test_Morozov_study_0255_31.npy
mosmed_test_Jun_coronacases_case8_162,Jun_coronacases_case8,tripath_lesionnet,1002,0.8604342046995916,0.7550544323578906,4.47213595499958,1.6369902617289898,predictions/masks/mosmed_test_Jun_coronacases_case8_162.png,predictions/probabilities/mosmed_test_Jun_coronacases_case8_162.npy
mosmed_test_Jun_radiopaedia_14_85914_0_case13_84,Jun_radiopaedia_14_85914_0_case13,tripath_lesionnet,1002,0.8403266331668321,0.7246235510808728,9.055385138137417,2.705804293841109,predictions/masks/mosmed_test_Jun_radiopaedia_14_85914_0_case13_84.png,predictions/probabilities/mosmed_test_Jun_radiopaedia_14_85914_0_case13_84.npy
mosmed_test_Jun_coronacases_case10_108,Jun_coronacases_case10,tripath_lesionnet,1002,0.9003220485437097,0.8187142857168755,7.0,1.9312312757239398,predictions/masks/mosmed_test_Jun_coronacases_case10_108.png,predictions/probabilities/mosmed_test_Jun_coronacases_case10_108.npy
mosmed_test_Jun_radiopaedia_14_85914_0_case13_41,Jun_radiopaedia_14_85914_0_case13,tripath_lesionnet,1002,0.8172029088715884,0.6909071006360253,13.152946437965905,4.116243984961756,predictions/masks/mosmed_test_Jun_radiopaedia_14_85914_0_case13_41.png,predictions/probabilities/mosmed_test_Jun_radiopaedia_14_85914_0_case13_41.npy
mosmed_test_Jun_coronacases_case4_142,Jun_coronacases_case4,tripath_lesionnet,1002,0.8717603500548045,0.7726730310398167,6.985410196624965,1.7262988178854128,predictions/masks/mosmed_test_Jun_coronacases_case4_142.png,predictions/probabilities/mosmed_test_Jun_coronacases_case4_142.npy
mosmed_test_Jun_coronacases_case1_149,Jun_coronacases_case1,tripath_lesionnet,1002,0.8858720246186453,0.795125913894474,4.123105625617661,1.4595243489632868,predictions/masks/mosmed_test_Jun_coronacases_case1_149.png,predictions/probabilities/mosmed_test_Jun_coronacases_case1_149.npy
mosmed_test_Jun_radiopaedia_27_86410_0_case14_36,Jun_radiopaedia_27_86410_0_case14,tripath_lesionnet,1002,0.8302430984789814,0.709756956685109,8.0,2.1549952185254986,predictions/masks/mosmed_test_Jun_radiopaedia_27_86410_0_case14_36.png,predictions/probabilities/mosmed_test_Jun_radiopaedia_27_86410_0_case14_36.npy
mosmed_test_Jun_coronacases_case6_114,Jun_coronacases_case6,tripath_lesionnet,1002,0.7985347985593975,0.6646341464096273,5.0,1.884930699324792,predictions/masks/mosmed_test_Jun_coronacases_case6_114.png,predictions/probabilities/mosmed_test_Jun_coronacases_case6_114.npy
mosmed_test_Morozov_study_0263_9,Morozov_study_0263,tripath_lesionnet,1002,0.6650585803009974,0.4981930821116059,57.30396102622248,11.19122563395172,predictions/masks/mosmed_test_Morozov_study_0263_9.png,predictions/probabilities/mosmed_test_Morozov_study_0263_9.npy
mosmed_test_Morozov_study_0264_32,Morozov_study_0264,tripath_lesionnet,1002,1.190476189058957e-09,1.190476189058957e-09,125.41330969704023,118.8307015272056,predictions/masks/mosmed_test_Morozov_study_0264_32.png,predictions/probabilities/mosmed_test_Morozov_study_0264_32.npy
mosmed_test_Jun_radiopaedia_29_86491_1_case16_17,Jun_radiopaedia_29_86491_1_case16,tripath_lesionnet,1002,0.8837209302364772,0.7916666666792472,4.242640687119285,1.5682038431992413,predictions/masks/mosmed_test_Jun_radiopaedia_29_86491_1_case16_17.png,predictions/probabilities/mosmed_test_Jun_radiopaedia_29_86491_1_case16_17.npy
mosmed_test_Jun_coronacases_case4_149,Jun_coronacases_case4,tripath_lesionnet,1002,0.8329067641742995,0.7136591478876153,7.0710678118654755,2.175097675321734,predictions/masks/mosmed_test_Jun_coronacases_case4_149.png,predictions/probabilities/mosmed_test_Jun_coronacases_case4_149.npy
mosmed_test_Jun_coronacases_case7_137,Jun_coronacases_case7,tripath_lesionnet,1002,0.9359985972306506,0.8796967699446375,2.23606797749979,0.8174363121729131,predictions/masks/mosmed_test_Jun_coronacases_case7_137.png,predictions/probabilities/mosmed_test_Jun_coronacases_case7_137.npy
mosmed_test_Jun_coronacases_case2_130,Jun_coronacases_case2,tripath_lesionnet,1002,0.9299283712250089,0.8690337601900747,2.8284271247461903,1.8424006467752325,predictions/masks/mosmed_test_Jun_coronacases_case2_130.png,predictions/probabilities/mosmed_test_Jun_coronacases_case2_130.npy
mosmed_test_Jun_coronacases_case10_160,Jun_coronacases_case10,tripath_lesionnet,1002,0.8648002731319153,0.7618045112817774,9.15368112010498,3.0985378853749515,predictions/masks/mosmed_test_Jun_coronacases_case10_160.png,predictions/probabilities/mosmed_test_Jun_coronacases_case10_160.npy
mosmed_test_Morozov_study_0277_16,Morozov_study_0277,tripath_lesionnet,1002,0.810108092319455,0.6808249447659999,8.154234499766936,2.3683024441590392,predictions/masks/mosmed_test_Morozov_study_0277_16.png,predictions/probabilities/mosmed_test_Morozov_study_0277_16.npy
mosmed_test_Jun_coronacases_case1_116,Jun_coronacases_case1,tripath_lesionnet,1002,0.7848158950064491,0.645841146031307,29.369986338776485,7.427636689615217,predictions/masks/mosmed_test_Jun_coronacases_case1_116.png,predictions/probabilities/mosmed_test_Jun_coronacases_case1_116.npy
mosmed_test_Jun_coronacases_case2_149,Jun_coronacases_case2,tripath_lesionnet,1002,0.9134966833638352,0.8407675056107459,3.0,1.0197679626556335,predictions/masks/mosmed_test_Jun_coronacases_case2_149.png,predictions/probabilities/mosmed_test_Jun_coronacases_case2_149.npy
mosmed_test_Morozov_study_0280_12,Morozov_study_0280,tripath_lesionnet,1002,0.8725212464950365,0.7738693468473018,2.911889758601738,0.6476566547982981,predictions/masks/mosmed_test_Morozov_study_0280_12.png,predictions/probabilities/mosmed_test_Morozov_study_0280_12.npy
mosmed_test_Jun_radiopaedia_7_85703_0_case20_22,Jun_radiopaedia_7_85703_0_case20,tripath_lesionnet,1002,0.8064192577760937,0.6756302521086283,8.549835897490034,2.4065187768475025,predictions/masks/mosmed_test_Jun_radiopaedia_7_85703_0_case20_22.png,predictions/probabilities/mosmed_test_Jun_radiopaedia_7_85703_0_case20_22.npy
mosmed_test_Jun_coronacases_case1_217,Jun_coronacases_case1,tripath_lesionnet,1002,0.6831913245791486,0.5188235294683737,4.47213595499958,1.9063037171192305,predictions/masks/mosmed_test_Jun_coronacases_case1_217.png,predictions/probabilities/mosmed_test_Jun_coronacases_case1_217.npy
mosmed_test_Jun_coronacases_case7_99,Jun_coronacases_case7,tripath_lesionnet,1002,0.8777480994477553,0.7821310875217089,4.47213595499958,1.5494351862263487,predictions/masks/mosmed_test_Jun_coronacases_case7_99.png,predictions/probabilities/mosmed_test_Jun_coronacases_case7_99.npy
mosmed_test_Morozov_study_0257_20,Morozov_study_0257,tripath_lesionnet,1002,0.6940664126376138,0.5314714464555452,39.0,11.651267357351582,predictions/masks/mosmed_test_Morozov_study_0257_20.png,predictions/probabilities/mosmed_test_Morozov_study_0257_20.npy
mosmed_test_Morozov_study_0297_26,Morozov_study_0297,tripath_lesionnet,1002,0.7839714342435237,0.644698205558085,5.656854249492381,1.7792607395998368,predictions/masks/mosmed_test_Morozov_study_0297_26.png,predictions/probabilities/mosmed_test_Morozov_study_0297_26.npy
mosmed_test_Jun_coronacases_case5_106,Jun_coronacases_case5,tripath_lesionnet,1002,0.9094827586224631,0.8339920948676252,4.0,1.3320790608517283,predictions/masks/mosmed_test_Jun_coronacases_case5_106.png,predictions/probabilities/mosmed_test_Jun_coronacases_case5_106.npy
mosmed_test_bjorke_89,bjorke_89,tripath_lesionnet,1002,0.7641876133719508,0.6183686307417976,24.00208242989285,6.553546802815303,predictions/masks/mosmed_test_bjorke_89.png,predictions/probabilities/mosmed_test_bjorke_89.npy
mosmed_test_Jun_coronacases_case3_179,Jun_coronacases_case3,tripath_lesionnet,1002,0.54098360693362,0.3707865175609141,12.041594578792296,3.097205071979665,predictions/masks/mosmed_test_Jun_coronacases_case3_179.png,predictions/probabilities/mosmed_test_Jun_coronacases_case3_179.npy
mosmed_test_Jun_radiopaedia_7_85703_0_case20_43,Jun_radiopaedia_7_85703_0_case20,tripath_lesionnet,1002,0.7734410049451127,0.6305779078543834,6.082762530298219,2.848978884065508,predictions/masks/mosmed_test_Jun_radiopaedia_7_85703_0_case20_43.png,predictions/probabilities/mosmed_test_Jun_radiopaedia_7_85703_0_case20_43.npy
mosmed_test_bjorke_56,bjorke_56,tripath_lesionnet,1002,0.8469475604900262,0.7345264894026021,19.853204521473756,5.294815890061164,predictions/masks/mosmed_test_bjorke_56.png,predictions/probabilities/mosmed_test_bjorke_56.npy
mosmed_test_Morozov_study_0297_15,Morozov_study_0297,tripath_lesionnet,1002,0.7287997200544872,0.5733162048160522,15.910312359309632,4.003738703048595,predictions/masks/mosmed_test_Morozov_study_0297_15.png,predictions/probabilities/mosmed_test_Morozov_study_0297_15.npy
mosmed_test_Jun_coronacases_case5_139,Jun_coronacases_case5,tripath_lesionnet,1002,0.9122236671029836,0.8386132695852593,3.0,1.141270502547897,predictions/masks/mosmed_test_Jun_coronacases_case5_139.png,predictions/probabilities/mosmed_test_Jun_coronacases_case5_139.npy
mosmed_test_Jun_coronacases_case7_94,Jun_coronacases_case7,tripath_lesionnet,1002,0.8843133092786178,0.7926179604340708,5.0,2.878242991556728,predictions/masks/mosmed_test_Jun_coronacases_case7_94.png,predictions/probabilities/mosmed_test_Jun_coronacases_case7_94.npy
mosmed_test_Jun_coronacases_case2_52,Jun_coronacases_case2,tripath_lesionnet,1002,0.9237170596429165,0.8582474226925904,2.9914213562373075,1.1112278239119822,predictions/masks/mosmed_test_Jun_coronacases_case2_52.png,predictions/probabilities/mosmed_test_Jun_coronacases_case2_52.npy
mosmed_test_Jun_radiopaedia_10_85902_3_case12_124,Jun_radiopaedia_10_85902_3_case12,tripath_lesionnet,1002,0.9393477598302447,0.8856321839113324,4.141035884842902,1.4207482849618402,predictions/masks/mosmed_test_Jun_radiopaedia_10_85902_3_case12_124.png,predictions/probabilities/mosmed_test_Jun_radiopaedia_10_85902_3_case12_124.npy
mosmed_test_Jun_radiopaedia_27_86410_0_case14_43,Jun_radiopaedia_27_86410_0_case14,tripath_lesionnet,1002,0.7643641058899701,0.6185997910534379,160.47273514852816,23.892877172810312,predictions/masks/mosmed_test_Jun_radiopaedia_27_86410_0_case14_43.png,predictions/probabilities/mosmed_test_Jun_radiopaedia_27_86410_0_case14_43.npy
mosmed_test_Jun_coronacases_case1_157,Jun_coronacases_case1,tripath_lesionnet,1002,0.6600731383006975,0.4926187817951542,25.079872407968907,4.713864835793968,predictions/masks/mosmed_test_Jun_coronacases_case1_157.png,predictions/probabilities/mosmed_test_Jun_coronacases_case1_157.npy
mosmed_test_Jun_coronacases_case2_151,Jun_coronacases_case2,tripath_lesionnet,1002,0.9163034001755841,0.8455349959816161,3.1622776601683795,0.9558401499744605,predictions/masks/mosmed_test_Jun_coronacases_case2_151.png,predictions/probabilities/mosmed_test_Jun_coronacases_case2_151.npy
mosmed_test_Jun_coronacases_case1_130,Jun_coronacases_case1,tripath_lesionnet,1002,0.8387451088086858,0.7222747694523258,8.0,3.144818030151,predictions/masks/mosmed_test_Jun_coronacases_case1_130.png,predictions/probabilities/mosmed_test_Jun_coronacases_case1_130.npy
mosmed_test_Morozov_study_0258_30,Morozov_study_0258,tripath_lesionnet,1002,0.800265428015908,0.6670353982669208,4.47213595499958,1.520956597344551,predictions/masks/mosmed_test_Morozov_study_0258_30.png,predictions/probabilities/mosmed_test_Morozov_study_0258_30.npy
mosmed_test_Jun_radiopaedia_36_86526_0_case17_20,Jun_radiopaedia_36_86526_0_case17,tripath_lesionnet,1002,0.8491213030465254,0.7378026070861154,4.47213595499958,2.2715866524293062,predictions/masks/mosmed_test_Jun_radiopaedia_36_86526_0_case17_20.png,predictions/probabilities/mosmed_test_Jun_radiopaedia_36_86526_0_case17_20.npy
mosmed_test_Jun_radiopaedia_40_86625_0_case18_41,Jun_radiopaedia_40_86625_0_case18,tripath_lesionnet,1002,0.9001875758581039,0.8184919138014427,9.219544457292887,2.6447878406157073,predictions/masks/mosmed_test_Jun_radiopaedia_40_86625_0_case18_41.png,predictions/probabilities/mosmed_test_Jun_radiopaedia_40_86625_0_case18_41.npy
mosmed_test_Jun_radiopaedia_10_85902_3_case12_186,Jun_radiopaedia_10_85902_3_case12,tripath_lesionnet,1002,0.9396518375253452,0.8861729295918944,3.0,1.196576250334401,predictions/masks/mosmed_test_Jun_radiopaedia_10_85902_3_case12_186.png,predictions/probabilities/mosmed_test_Jun_radiopaedia_10_85902_3_case12_186.npy
mosmed_test_Jun_radiopaedia_40_86625_0_case18_72,Jun_radiopaedia_40_86625_0_case18,tripath_lesionnet,1002,0.8781488892315522,0.782767767311966,8.209420550647916,2.4751291466292886,predictions/masks/mosmed_test_Jun_radiopaedia_40_86625_0_case18_72.png,predictions/probabilities/mosmed_test_Jun_radiopaedia_40_86625_0_case18_72.npy
mosmed_test_Jun_coronacases_case2_145,Jun_coronacases_case2,tripath_lesionnet,1002,0.9128413712970244,0.8396579369364068,4.47213595499958,1.3168891138662715,predictions/masks/mosmed_test_Jun_coronacases_case2_145.png,predictions/probabilities/mosmed_test_Jun_coronacases_case2_145.npy
mosmed_test_Jun_coronacases_case2_134,Jun_coronacases_case2,tripath_lesionnet,1002,0.9033674963410927,0.8237650200314082,4.0,1.2403761835563776,predictions/masks/mosmed_test_Jun_coronacases_case2_134.png,predictions/probabilities/mosmed_test_Jun_coronacases_case2_134.npy
mosmed_test_Jun_coronacases_case5_134,Jun_coronacases_case5,tripath_lesionnet,1002,0.8640441683966859,0.7606318347654537,5.0,1.7592572508667466,predictions/masks/mosmed_test_Jun_coronacases_case5_134.png,predictions/probabilities/mosmed_test_Jun_coronacases_case5_134.npy
mosmed_test_Jun_radiopaedia_29_86491_1_case16_20,Jun_radiopaedia_29_86491_1_case16,tripath_lesionnet,1002,0.9158331300337684,0.8447344734543325,4.242640687119285,1.773205545597023,predictions/masks/mosmed_test_Jun_radiopaedia_29_86491_1_case16_20.png,predictions/probabilities/mosmed_test_Jun_radiopaedia_29_86491_1_case16_20.npy
mosmed_test_Morozov_study_0261_21,Morozov_study_0261,tripath_lesionnet,1002,0.8009592326298193,0.6680000000442667,6.509902130706121,1.650278717297428,predictions/masks/mosmed_test_Morozov_study_0261_21.png,predictions/probabilities/mosmed_test_Morozov_study_0261_21.npy
mosmed_test_Jun_coronacases_case7_61,Jun_coronacases_case7,tripath_lesionnet,1002,0.7898089173313319,0.6526315793130194,2.0,0.8522407749927482,predictions/masks/mosmed_test_Jun_coronacases_case7_61.png,predictions/probabilities/mosmed_test_Jun_coronacases_case7_61.npy
mosmed_test_Morozov_study_0261_16,Morozov_study_0261,tripath_lesionnet,1002,0.8580858086276945,0.7514450868488757,2.23606797749979,0.7844563086471023,predictions/masks/mosmed_test_Morozov_study_0261_16.png,predictions/probabilities/mosmed_test_Morozov_study_0261_16.npy
mosmed_test_Morozov_study_0288_18,Morozov_study_0288,tripath_lesionnet,1002,0.638526477366874,0.46899661782781865,24.682963522763043,5.073402156994129,predictions/masks/mosmed_test_Morozov_study_0288_18.png,predictions/probabilities/mosmed_test_Morozov_study_0288_18.npy
mosmed_test_Morozov_study_0286_21,Morozov_study_0286,tripath_lesionnet,1002,0.6270914508451274,0.4567612687994404,130.10764773832474,18.359060733432482,predictions/masks/mosmed_test_Morozov_study_0286_21.png,predictions/probabilities/mosmed_test_Morozov_study_0286_21.npy
mosmed_test_Jun_coronacases_case3_146,Jun_coronacases_case3,tripath_lesionnet,1002,0.9283037314654693,0.8662003953190482,3.1622776601683795,1.3181189726611422,predictions/masks/mosmed_test_Jun_coronacases_case3_146.png,predictions/probabilities/mosmed_test_Jun_coronacases_case3_146.npy
mosmed_test_Morozov_study_0298_19,Morozov_study_0298,tripath_lesionnet,1002,0.37107776264082276,0.227805695174715,28.27365468336676,10.789070062308902,predictions/masks/mosmed_test_Morozov_study_0298_19.png,predictions/probabilities/mosmed_test_Morozov_study_0298_19.npy
mosmed_test_Jun_coronacases_case6_46,Jun_coronacases_case6,tripath_lesionnet,1002,0.7008547011103806,0.5394736848164821,2.23606797749979,1.0289453462295077,predictions/masks/mosmed_test_Jun_coronacases_case6_46.png,predictions/probabilities/mosmed_test_Jun_coronacases_case6_46.npy
mosmed_test_Morozov_study_0264_31,Morozov_study_0264,tripath_lesionnet,1002,0.44621513966286247,0.2871794875450362,180.2261344650899,14.433821469948988,predictions/masks/mosmed_test_Morozov_study_0264_31.png,predictions/probabilities/mosmed_test_Morozov_study_0264_31.npy
mosmed_test_Jun_coronacases_case8_216,Jun_coronacases_case8,tripath_lesionnet,1002,0.8835143139248018,0.7913351016983787,8.316071923862546,1.4300039495634669,predictions/masks/mosmed_test_Jun_coronacases_case8_216.png,predictions/probabilities/mosmed_test_Jun_coronacases_case8_216.npy
mosmed_test_Jun_coronacases_case7_143,Jun_coronacases_case7,tripath_lesionnet,1002,0.9217953077197927,0.8549353516286681,3.605551275463989,1.127322135840598,predictions/masks/mosmed_test_Jun_coronacases_case7_143.png,predictions/probabilities/mosmed_test_Jun_coronacases_case7_143.npy
mosmed_test_Morozov_study_0271_15,Morozov_study_0271,tripath_lesionnet,1002,0.6801619433457358,0.5153374233723513,5.385164807134504,2.690675498789954,predictions/masks/mosmed_test_Morozov_study_0271_15.png,predictions/probabilities/mosmed_test_Morozov_study_0271_15.npy
mosmed_test_Morozov_study_0297_34,Morozov_study_0297,tripath_lesionnet,1002,0.7365758754915063,0.5829996920362489,14.790134482004678,4.2213143483656275,predictions/masks/mosmed_test_Morozov_study_0297_34.png,predictions/probabilities/mosmed_test_Morozov_study_0297_34.npy
mosmed_test_Jun_radiopaedia_10_85902_1_case11_12,Jun_radiopaedia_10_85902_1_case11,tripath_lesionnet,1002,0.8892469967786515,0.8005803218200849,7.810249675906654,2.7408333771081947,predictions/masks/mosmed_test_Jun_radiopaedia_10_85902_1_case11_12.png,predictions/probabilities/mosmed_test_Jun_radiopaedia_10_85902_1_case11_12.npy
mosmed_test_Jun_coronacases_case10_228,Jun_coronacases_case10,tripath_lesionnet,1002,0.8955636112567656,0.8108783995057556,5.656854249492381,3.3037099804501526,predictions/masks/mosmed_test_Jun_coronacases_case10_228.png,predictions/probabilities/mosmed_test_Jun_coronacases_case10_228.npy
mosmed_test_Jun_coronacases_case1_185,Jun_coronacases_case1,tripath_lesionnet,1002,0.8498139020234402,0.7388490467073842,5.385164807134504,1.9310418458931529,predictions/masks/mosmed_test_Jun_coronacases_case1_185.png,predictions/probabilities/mosmed_test_Jun_coronacases_case1_185.npy
mosmed_test_Jun_coronacases_case7_106,Jun_coronacases_case7,tripath_lesionnet,1002,0.9210163482387036,0.8535962029991385,2.8284271247461903,1.1035508561631353,predictions/masks/mosmed_test_Jun_coronacases_case7_106.png,predictions/probabilities/mosmed_test_Jun_coronacases_case7_106.npy
mosmed_test_Jun_coronacases_case1_150,Jun_coronacases_case1,tripath_lesionnet,1002,0.862201555934345,0.7577805721509309,5.9492855684535595,1.712469677588559,predictions/masks/mosmed_test_Jun_coronacases_case1_150.png,predictions/probabilities/mosmed_test_Jun_coronacases_case1_150.npy
mosmed_test_Jun_coronacases_case1_199,Jun_coronacases_case1,tripath_lesionnet,1002,0.8274769316821001,0.7057233704339313,8.48528137423857,2.7360523193145876,predictions/masks/mosmed_test_Jun_coronacases_case1_199.png,predictions/probabilities/mosmed_test_Jun_coronacases_case1_199.npy
mosmed_test_Jun_coronacases_case10_129,Jun_coronacases_case10,tripath_lesionnet,1002,0.8257777777790684,0.7032551097690732,11.661903789690601,3.021335577104499,predictions/masks/mosmed_test_Jun_coronacases_case10_129.png,predictions/probabilities/mosmed_test_Jun_coronacases_case10_129.npy
mosmed_test_bjorke_76,bjorke_76,tripath_lesionnet,1002,0.684925188111728,0.520826025957906,27.640532140975857,7.795766505743576,predictions/masks/mosmed_test_bjorke_76.png,predictions/probabilities/mosmed_test_bjorke_76.npy
mosmed_test_Morozov_study_0290_26,Morozov_study_0290,tripath_lesionnet,1002,0.8333333333719136,0.7142857143990929,4.868033988749895,1.307145107015168,predictions/masks/mosmed_test_Morozov_study_0290_26.png,predictions/probabilities/mosmed_test_Morozov_study_0290_26.npy
mosmed_test_Jun_coronacases_case7_111,Jun_coronacases_case7,tripath_lesionnet,1002,0.920522470668131,0.8527481542308143,4.123105625617661,1.1298166264966585,predictions/masks/mosmed_test_Jun_coronacases_case7_111.png,predictions/probabilities/mosmed_test_Jun_coronacases_case7_111.npy
mosmed_test_Morozov_study_0280_29,Morozov_study_0280,tripath_lesionnet,1002,0.8347826088393194,0.7164179108710181,1.3106601717798214,0.509952337113521,predictions/masks/mosmed_test_Morozov_study_0280_29.png,predictions/probabilities/mosmed_test_Morozov_study_0280_29.npy
mosmed_test_Morozov_study_0290_20,Morozov_study_0290,tripath_lesionnet,1002,0.8406524466950248,0.7251082251677256,5.966190378969062,1.0472479238214347,predictions/masks/mosmed_test_Morozov_study_0290_20.png,predictions/probabilities/mosmed_test_Morozov_study_0290_20.npy
mosmed_test_Jun_coronacases_case10_186,Jun_coronacases_case10,tripath_lesionnet,1002,0.9068649678071382,0.8296001327388485,4.0,1.2923499768717999,predictions/masks/mosmed_test_Jun_coronacases_case10_186.png,predictions/probabilities/mosmed_test_Jun_coronacases_case10_186.npy
mosmed_test_Jun_radiopaedia_10_85902_3_case12_119,Jun_radiopaedia_10_85902_3_case12,tripath_lesionnet,1002,0.9486040609145209,0.9022329511194257,4.0,1.1667836803901515,predictions/masks/mosmed_test_Jun_radiopaedia_10_85902_3_case12_119.png,predictions/probabilities/mosmed_test_Jun_radiopaedia_10_85902_3_case12_119.npy
mosmed_test_Jun_coronacases_case1_171,Jun_coronacases_case1,tripath_lesionnet,1002,0.8084752804360517,0.678521617863371,6.0,1.8903192555274984,predictions/masks/mosmed_test_Jun_coronacases_case1_171.png,predictions/probabilities/mosmed_test_Jun_coronacases_case1_171.npy
mosmed_test_Jun_coronacases_case6_89,Jun_coronacases_case6,tripath_lesionnet,1002,0.967398908633449,0.9368563685653969,2.0,0.7208877906287492,predictions/masks/mosmed_test_Jun_coronacases_case6_89.png,predictions/probabilities/mosmed_test_Jun_coronacases_case6_89.npy
mosmed_test_Jun_coronacases_case7_91,Jun_coronacases_case7,tripath_lesionnet,1002,0.7572868428287309,0.6093818500828856,9.433981132056603,3.998177068810631,predictions/masks/mosmed_test_Jun_coronacases_case7_91.png,predictions/probabilities/mosmed_test_Jun_coronacases_case7_91.npy
mosmed_test_Jun_coronacases_case3_100,Jun_coronacases_case3,tripath_lesionnet,1002,0.927879440258558,0.8654618473903086,12.256634816982746,3.974047790170701,predictions/masks/mosmed_test_Jun_coronacases_case3_100.png,predictions/probabilities/mosmed_test_Jun_coronacases_case3_100.npy
mosmed_test_Morozov_study_0255_16,Morozov_study_0255,tripath_lesionnet,1002,0.887961029924751,0.7984981226575198,13.124922359499603,3.440913696277562,predictions/masks/mosmed_test_Morozov_study_0255_16.png,predictions/probabilities/mosmed_test_Morozov_study_0255_16.npy
mosmed_test_Morozov_study_0272_20,Morozov_study_0272,tripath_lesionnet,1002,0.8424295774717241,0.7277566540130983,10.0,3.1564242395582838,predictions/masks/mosmed_test_Morozov_study_0272_20.png,predictions/probabilities/mosmed_test_Morozov_study_0272_20.npy
mosmed_test_Jun_radiopaedia_4_85506_1_case19_27,Jun_radiopaedia_4_85506_1_case19,tripath_lesionnet,1002,0.9044227886074884,0.8255217242618706,4.0,5.013131345366838,predictions/masks/mosmed_test_Jun_radiopaedia_4_85506_1_case19_27.png,predictions/probabilities/mosmed_test_Jun_radiopaedia_4_85506_1_case19_27.npy
mosmed_test_Jun_radiopaedia_14_85914_0_case13_20,Jun_radiopaedia_14_85914_0_case13,tripath_lesionnet,1002,0.8537425002473321,0.7448086493951466,8.0,2.681740891192449,predictions/masks/mosmed_test_Jun_radiopaedia_14_85914_0_case13_20.png,predictions/probabilities/mosmed_test_Jun_radiopaedia_14_85914_0_case13_20.npy
mosmed_test_Jun_radiopaedia_27_86410_0_case14_28,Jun_radiopaedia_27_86410_0_case14,tripath_lesionnet,1002,0.7850675927087618,0.6461821151526522,15.490107272937754,5.849080848073425,predictions/masks/mosmed_test_Jun_radiopaedia_27_86410_0_case14_28.png,predictions/probabilities/mosmed_test_Jun_radiopaedia_27_86410_0_case14_28.npy
mosmed_test_Jun_coronacases_case9_136,Jun_coronacases_case9,tripath_lesionnet,1002,0.9369814651379174,0.8814347392932104,3.0,1.0083925012078327,predictions/masks/mosmed_test_Jun_coronacases_case9_136.png,predictions/probabilities/mosmed_test_Jun_coronacases_case9_136.npy
mosmed_test_Jun_coronacases_case5_62,Jun_coronacases_case5,tripath_lesionnet,1002,0.8655172413909036,0.7629179331667298,3.0,1.4497262840344567,predictions/masks/mosmed_test_Jun_coronacases_case5_62.png,predictions/probabilities/mosmed_test_Jun_coronacases_case5_62.npy
mosmed_test_Morozov_study_0277_10,Morozov_study_0277,tripath_lesionnet,1002,0.39862935466593125,0.2489300998752038,45.19347142692002,17.779647131358754,predictions/masks/mosmed_test_Morozov_study_0277_10.png,predictions/probabilities/mosmed_test_Morozov_study_0277_10.npy
mosmed_test_Jun_coronacases_case6_106,Jun_coronacases_case6,tripath_lesionnet,1002,0.8045977011560311,0.6730769230954142,59.038969306252135,8.305558839059895,predictions/masks/mosmed_test_Jun_coronacases_case6_106.png,predictions/probabilities/mosmed_test_Jun_coronacases_case6_106.npy
mosmed_test_Jun_radiopaedia_40_86625_0_case18_40,Jun_radiopaedia_40_86625_0_case18,tripath_lesionnet,1002,0.9021378834733329,0.8217223910848157,9.899494936611665,2.4494721894803804,predictions/masks/mosmed_test_Jun_radiopaedia_40_86625_0_case18_40.png,predictions/probabilities/mosmed_test_Jun_radiopaedia_40_86625_0_case18_40.npy
mosmed_test_Morozov_study_0295_28,Morozov_study_0295,tripath_lesionnet,1002,0.5686274514033065,0.39726027479827364,3.9211102550927968,1.4435631271419613,predictions/masks/mosmed_test_Morozov_study_0295_28.png,predictions/probabilities/mosmed_test_Morozov_study_0295_28.npy
mosmed_test_Morozov_study_0275_12,Morozov_study_0275,tripath_lesionnet,1002,0.4798556825327807,0.3156645570161658,234.06110241755397,53.66673395341026,predictions/masks/mosmed_test_Morozov_study_0275_12.png,predictions/probabilities/mosmed_test_Morozov_study_0275_12.npy
mosmed_test_Jun_coronacases_case8_161,Jun_coronacases_case8,tripath_lesionnet,1002,0.8381083879903675,0.7213309566333532,6.883281572999721,2.3261129282513253,predictions/masks/mosmed_test_Jun_coronacases_case8_161.png,predictions/probabilities/mosmed_test_Jun_coronacases_case8_161.npy
mosmed_test_Jun_coronacases_case4_144,Jun_coronacases_case4,tripath_lesionnet,1002,0.9229090909118942,0.8568534773898141,3.0,0.9576479647748543,predictions/masks/mosmed_test_Jun_coronacases_case4_144.png,predictions/probabilities/mosmed_test_Jun_coronacases_case4_144.npy
mosmed_test_Morozov_study_0279_28,Morozov_study_0279,tripath_lesionnet,1002,0.8000000000526316,0.6666666668128655,3.1054804791094477,1.1922174898489026,predictions/masks/mosmed_test_Morozov_study_0279_28.png,predictions/probabilities/mosmed_test_Morozov_study_0279_28.npy
mosmed_test_Morozov_study_0262_13,Morozov_study_0262,tripath_lesionnet,1002,0.44546498284208214,0.28655834574792344,9.230266291031064,3.7589191800801682,predictions/masks/mosmed_test_Morozov_study_0262_13.png,predictions/probabilities/mosmed_test_Morozov_study_0262_13.npy
mosmed_test_Jun_coronacases_case3_130,Jun_coronacases_case3,tripath_lesionnet,1002,0.9320261437911914,0.8727050183610516,5.0,1.6032669549331322,predictions/masks/mosmed_test_Jun_coronacases_case3_130.png,predictions/probabilities/mosmed_test_Jun_coronacases_case3_130.npy
mosmed_test_Jun_coronacases_case3_120,Jun_coronacases_case3,tripath_lesionnet,1002,0.9075419868566099,0.8307339741560206,6.0,2.4096741163377704,predictions/masks/mosmed_test_Jun_coronacases_case3_120.png,predictions/probabilities/mosmed_test_Jun_coronacases_case3_120.npy
mosmed_test_Morozov_study_0275_38,Morozov_study_0275,tripath_lesionnet,1002,0.7515527951082134,0.6019900499492586,14.032101962856379,2.681235663765055,predictions/masks/mosmed_test_Morozov_study_0275_38.png,predictions/probabilities/mosmed_test_Morozov_study_0275_38.npy
mosmed_test_Jun_coronacases_case1_192,Jun_coronacases_case1,tripath_lesionnet,1002,0.7443282381376617,0.5927729369658439,36.5329243315297,5.767063537403744,predictions/masks/mosmed_test_Jun_coronacases_case1_192.png,predictions/probabilities/mosmed_test_Jun_coronacases_case1_192.npy
mosmed_test_Morozov_study_0264_33,Morozov_study_0264,tripath_lesionnet,1002,0.7316176471081586,0.5768115943255618,5.0,3.12517907618029,predictions/masks/mosmed_test_Morozov_study_0264_33.png,predictions/probabilities/mosmed_test_Morozov_study_0264_33.npy
mosmed_test_Jun_coronacases_case1_98,Jun_coronacases_case1,tripath_lesionnet,1002,0.9078224729121593,0.8312041315620765,4.47213595499958,1.449162973928993,predictions/masks/mosmed_test_Jun_coronacases_case1_98.png,predictions/probabilities/mosmed_test_Jun_coronacases_case1_98.npy
mosmed_test_bjorke_53,bjorke_53,tripath_lesionnet,1002,0.44507229516600855,0.28623343309487903,61.83968249617406,21.091656814396085,predictions/masks/mosmed_test_bjorke_53.png,predictions/probabilities/mosmed_test_bjorke_53.npy
mosmed_test_bjorke_100,bjorke_100,tripath_lesionnet,1002,0.519119153296008,0.35054755043477215,84.89992150342817,17.0006692208453,predictions/masks/mosmed_test_bjorke_100.png,predictions/probabilities/mosmed_test_bjorke_100.npy
mosmed_test_Jun_coronacases_case7_155,Jun_coronacases_case7,tripath_lesionnet,1002,0.902328070647516,0.8220380302378334,3.162277660168379,1.0916544398901755,predictions/masks/mosmed_test_Jun_coronacases_case7_155.png,predictions/probabilities/mosmed_test_Jun_coronacases_case7_155.npy
mosmed_test_Jun_coronacases_case1_146,Jun_coronacases_case1,tripath_lesionnet,1002,0.7893808431840768,0.6520472096801392,28.255075696200258,4.500232792499979,predictions/masks/mosmed_test_Jun_coronacases_case1_146.png,predictions/probabilities/mosmed_test_Jun_coronacases_case1_146.npy
mosmed_test_Jun_coronacases_case7_149,Jun_coronacases_case7,tripath_lesionnet,1002,0.8853994490389697,0.7943648047555925,4.0,1.143999130366139,predictions/masks/mosmed_test_Jun_coronacases_case7_149.png,predictions/probabilities/mosmed_test_Jun_coronacases_case7_149.npy
mosmed_test_Jun_coronacases_case9_119,Jun_coronacases_case9,tripath_lesionnet,1002,0.9131750465559453,0.8402227457733943,5.0990195135927845,1.789483854928441,predictions/masks/mosmed_test_Jun_coronacases_case9_119.png,predictions/probabilities/mosmed_test_Jun_coronacases_case9_119.npy
mosmed_test_Jun_radiopaedia_10_85902_3_case12_73,Jun_radiopaedia_10_85902_3_case12,tripath_lesionnet,1002,0.9080675422181959,0.83161512028938,2.8284271247461903,1.1481453654924996,predictions/masks/mosmed_test_Jun_radiopaedia_10_85902_3_case12_73.png,predictions/probabilities/mosmed_test_Jun_radiopaedia_10_85902_3_case12_73.npy
mosmed_test_Jun_coronacases_case2_63,Jun_coronacases_case2,tripath_lesionnet,1002,0.8196268141105995,0.6943793911364895,94.55260303141793,8.04353643430849,predictions/masks/mosmed_test_Jun_coronacases_case2_63.png,predictions/probabilities/mosmed_test_Jun_coronacases_case2_63.npy
mosmed_test_Jun_coronacases_case10_179,Jun_coronacases_case10,tripath_lesionnet,1002,0.882965268996177,0.7904546246335054,5.059411708155661,1.851308676416525,predictions/masks/mosmed_test_Jun_coronacases_case10_179.png,predictions/probabilities/mosmed_test_Jun_coronacases_case10_179.npy
mosmed_test_Morozov_study_0265_18,Morozov_study_0265,tripath_lesionnet,1002,0.8693169338926133,0.7688422688512494,130.65005609457972,10.068391596928352,predictions/masks/mosmed_test_Morozov_study_0265_18.png,predictions/probabilities/mosmed_test_Morozov_study_0265_18.npy
mosmed_test_Jun_coronacases_case9_189,Jun_coronacases_case9,tripath_lesionnet,1002,0.8878641794196633,0.798341500196067,84.0,5.8810999811552165,predictions/masks/mosmed_test_Jun_coronacases_case9_189.png,predictions/probabilities/mosmed_test_Jun_coronacases_case9_189.npy
mosmed_test_Morozov_study_0293_26,Morozov_study_0293,tripath_lesionnet,1002,0.6429725364066281,0.47380952393480724,6.252017483325194,2.1185586791826054,predictions/masks/mosmed_test_Morozov_study_0293_26.png,predictions/probabilities/mosmed_test_Morozov_study_0293_26.npy
mosmed_test_Jun_coronacases_case10_102,Jun_coronacases_case10,tripath_lesionnet,1002,0.8871720339639931,0.7972229859802417,5.839404300103028,2.2833408198431573,predictions/masks/mosmed_test_Jun_coronacases_case10_102.png,predictions/probabilities/mosmed_test_Jun_coronacases_case10_102.npy
mosmed_test_Morozov_study_0275_25,Morozov_study_0275,tripath_lesionnet,1002,0.7894172327569032,0.6520968694830421,7.0710678118654755,2.306503229733912,predictions/masks/mosmed_test_Morozov_study_0275_25.png,predictions/probabilities/mosmed_test_Morozov_study_0275_25.npy
mosmed_test_Morozov_study_0277_11,Morozov_study_0277,tripath_lesionnet,1002,0.38341968919903896,0.23717948730173405,82.46329603051309,30.46793749346643,predictions/masks/mosmed_test_Morozov_study_0277_11.png,predictions/probabilities/mosmed_test_Morozov_study_0277_11.npy
mosmed_test_Jun_coronacases_case4_129,Jun_coronacases_case4,tripath_lesionnet,1002,0.9104929771437484,0.8356926188151824,2.8284271247461903,1.1963663802636226,predictions/masks/mosmed_test_Jun_coronacases_case4_129.png,predictions/probabilities/mosmed_test_Jun_coronacases_case4_129.npy
mosmed_test_Jun_radiopaedia_14_85914_0_case13_22,Jun_radiopaedia_14_85914_0_case13,tripath_lesionnet,1002,0.8631331767874612,0.7592210091507934,9.219544457292887,2.6289039446153457,predictions/masks/mosmed_test_Jun_radiopaedia_14_85914_0_case13_22.png,predictions/probabilities/mosmed_test_Jun_radiopaedia_14_85914_0_case13_22.npy
mosmed_test_Morozov_study_0303_9,Morozov_study_0303,tripath_lesionnet,1002,0.7077586207022518,0.547698465673936,8.94427190999916,2.3980779394686684,predictions/masks/mosmed_test_Morozov_study_0303_9.png,predictions/probabilities/mosmed_test_Morozov_study_0303_9.npy
mosmed_test_bjorke_8,bjorke_8,tripath_lesionnet,1002,0.8538581216528635,0.7449846635779612,36.680375598041195,10.742597609735125,predictions/masks/mosmed_test_bjorke_8.png,predictions/probabilities/mosmed_test_bjorke_8.npy
mosmed_test_Morozov_study_0296_17,Morozov_study_0296,tripath_lesionnet,1002,0.443857331608728,0.2852292020980281,37.15575045728665,7.8326493099046886,predictions/masks/mosmed_test_Morozov_study_0296_17.png,predictions/probabilities/mosmed_test_Morozov_study_0296_17.npy
mosmed_test_Morozov_study_0302_22,Morozov_study_0302,tripath_lesionnet,1002,0.7356064840840913,0.5817860300988694,5.0,1.8890057357766512,predictions/masks/mosmed_test_Morozov_study_0302_22.png,predictions/probabilities/mosmed_test_Morozov_study_0302_22.npy
mosmed_test_Jun_coronacases_case8_82,Jun_coronacases_case8,tripath_lesionnet,1002,0.8960201352855747,0.8116272442344934,4.0,1.4213484055954078,predictions/masks/mosmed_test_Jun_coronacases_case8_82.png,predictions/probabilities/mosmed_test_Jun_coronacases_case8_82.npy
mosmed_test_Morozov_study_0299_28,Morozov_study_0299,tripath_lesionnet,1002,0.6882758620904637,0.5247108307544994,24.380119024079118,4.735567885671358,predictions/masks/mosmed_test_Morozov_study_0299_28.png,predictions/probabilities/mosmed_test_Morozov_study_0299_28.npy
mosmed_test_Jun_coronacases_case2_40,Jun_coronacases_case2,tripath_lesionnet,1002,0.9260636100815339,0.8623076923182841,2.23606797749979,0.867063324412797,predictions/masks/mosmed_test_Jun_coronacases_case2_40.png,predictions/probabilities/mosmed_test_Jun_coronacases_case2_40.npy
mosmed_test_Morozov_study_0269_26,Morozov_study_0269,tripath_lesionnet,1002,0.5652892562702002,0.3940092167294909,11.694000880462369,3.592754612223887,predictions/masks/mosmed_test_Morozov_study_0269_26.png,predictions/probabilities/mosmed_test_Morozov_study_0269_26.npy
mosmed_test_Jun_coronacases_case4_86,Jun_coronacases_case4,tripath_lesionnet,1002,0.8846670504723725,0.793186510674701,4.0,1.431651470819911,predictions/masks/mosmed_test_Jun_coronacases_case4_86.png,predictions/probabilities/mosmed_test_Jun_coronacases_case4_86.npy
mosmed_test_Morozov_study_0268_11,Morozov_study_0268,tripath_lesionnet,1002,0.682464455026467,0.5179856116263823,105.97330556038021,18.48896511835134,predictions/masks/mosmed_test_Morozov_study_0268_11.png,predictions/probabilities/mosmed_test_Morozov_study_0268_11.npy
mosmed_test_Jun_coronacases_case8_154,Jun_coronacases_case8,tripath_lesionnet,1002,0.920968572901381,0.8535141329286953,4.322964030877367,1.486464895374005,predictions/masks/mosmed_test_Jun_coronacases_case8_154.png,predictions/probabilities/mosmed_test_Jun_coronacases_case8_154.npy
mosmed_test_Jun_coronacases_case10_113,Jun_coronacases_case10,tripath_lesionnet,1002,0.8726385500183155,0.7740539203589655,7.924099870362644,2.866646868292835,predictions/masks/mosmed_test_Jun_coronacases_case10_113.png,predictions/probabilities/mosmed_test_Jun_coronacases_case10_113.npy
mosmed_test_Morozov_study_0255_25,Morozov_study_0255,tripath_lesionnet,1002,0.8859749144833529,0.7952917093212115,5.822247012577643,1.6721196798705822,predictions/masks/mosmed_test_Morozov_study_0255_25.png,predictions/probabilities/mosmed_test_Morozov_study_0255_25.npy
mosmed_test_Jun_coronacases_case4_115,Jun_coronacases_case4,tripath_lesionnet,1002,0.7988560533937629,0.665079365105946,5.656854249492381,1.8525268811017555,predictions/masks/mosmed_test_Jun_coronacases_case4_115.png,predictions/probabilities/mosmed_test_Jun_coronacases_case4_115.npy
mosmed_test_Jun_radiopaedia_4_85506_1_case19_13,Jun_radiopaedia_4_85506_1_case19,tripath_lesionnet,1002,0.8799882258948741,0.7856955134229935,22.37069720351589,5.777868365763097,predictions/masks/mosmed_test_Jun_radiopaedia_4_85506_1_case19_13.png,predictions/probabilities/mosmed_test_Jun_radiopaedia_4_85506_1_case19_13.npy
mosmed_test_Jun_coronacases_case8_62,Jun_coronacases_case8,tripath_lesionnet,1002,0.8622262773785482,0.7578187650555076,3.0,1.2359603630944331,predictions/masks/mosmed_test_Jun_coronacases_case8_62.png,predictions/probabilities/mosmed_test_Jun_coronacases_case8_62.npy
mosmed_test_bjorke_98,bjorke_98,tripath_lesionnet,1002,0.8280559646549579,0.7065661325824005,158.38237460589778,12.830763951716934,predictions/masks/mosmed_test_bjorke_98.png,predictions/probabilities/mosmed_test_bjorke_98.npy
mosmed_test_bjorke_7,bjorke_7,tripath_lesionnet,1002,0.7537487504181689,0.6048128342288255,26.476404589747453,7.50540357874249,predictions/masks/mosmed_test_bjorke_7.png,predictions/probabilities/mosmed_test_bjorke_7.npy
mosmed_test_Jun_coronacases_case8_168,Jun_coronacases_case8,tripath_lesionnet,1002,0.8341282459017421,0.7154545454804131,4.0,1.60347468048286,predictions/masks/mosmed_test_Jun_coronacases_case8_168.png,predictions/probabilities/mosmed_test_Jun_coronacases_case8_168.npy
mosmed_test_Morozov_study_0276_30,Morozov_study_0276,tripath_lesionnet,1002,0.7922471229683679,0.6559679037456401,135.85351351791263,11.58485482344075,predictions/masks/mosmed_test_Morozov_study_0276_30.png,predictions/probabilities/mosmed_test_Morozov_study_0276_30.npy
mosmed_test_Jun_coronacases_case2_74,Jun_coronacases_case2,tripath_lesionnet,1002,0.8824921135693023,0.7896965420049614,5.0,1.951280187372663,predictions/masks/mosmed_test_Jun_coronacases_case2_74.png,predictions/probabilities/mosmed_test_Jun_coronacases_case2_74.npy
mosmed_test_Jun_coronacases_case10_147,Jun_coronacases_case10,tripath_lesionnet,1002,0.8809740141751683,0.7872685937027075,5.0,1.9460041788783053,predictions/masks/mosmed_test_Jun_coronacases_case10_147.png,predictions/probabilities/mosmed_test_Jun_coronacases_case10_147.npy
mosmed_test_Morozov_study_0280_26,Morozov_study_0280,tripath_lesionnet,1002,0.6967095851432968,0.534577387537368,7.228354385516113,1.8176519717060409,predictions/masks/mosmed_test_Morozov_study_0280_26.png,predictions/probabilities/mosmed_test_Morozov_study_0280_26.npy
mosmed_test_Jun_coronacases_case8_105,Jun_coronacases_case8,tripath_lesionnet,1002,0.8848020434237139,0.7934035730677447,8.546919821403783,2.185507145196389,predictions/masks/mosmed_test_Jun_coronacases_case8_105.png,predictions/probabilities/mosmed_test_Jun_coronacases_case8_105.npy
mosmed_test_Morozov_study_0275_20,Morozov_study_0275,tripath_lesionnet,1002,0.45454545463094903,0.2941176472020045,353.2261234246105,51.55297170382461,predictions/masks/mosmed_test_Morozov_study_0275_20.png,predictions/probabilities/mosmed_test_Morozov_study_0275_20.npy
mosmed_test_Morozov_study_0259_19,Morozov_study_0259,tripath_lesionnet,1002,0.5615245009153988,0.3903608377645632,18.83609504969029,5.683083403900112,predictions/masks/mosmed_test_Morozov_study_0259_19.png,predictions/probabilities/mosmed_test_Morozov_study_0259_19.npy
mosmed_test_Morozov_study_0292_25,Morozov_study_0292,tripath_lesionnet,1002,0.5009074410616235,0.33414043591596365,131.60546278388344,36.416766547405565,predictions/masks/mosmed_test_Morozov_study_0292_25.png,predictions/probabilities/mosmed_test_Morozov_study_0292_25.npy
mosmed_test_Jun_radiopaedia_14_85914_0_case13_51,Jun_radiopaedia_14_85914_0_case13,tripath_lesionnet,1002,0.8366324595111214,0.7191471571918095,13.038404810405298,4.079937575474829,predictions/masks/mosmed_test_Jun_radiopaedia_14_85914_0_case13_51.png,predictions/probabilities/mosmed_test_Jun_radiopaedia_14_85914_0_case13_51.npy
mosmed_test_Jun_radiopaedia_14_85914_0_case13_63,Jun_radiopaedia_14_85914_0_case13,tripath_lesionnet,1002,0.8022307839677255,0.6697707481795991,17.11724276862369,5.056254792853194,predictions/masks/mosmed_test_Jun_radiopaedia_14_85914_0_case13_63.png,predictions/probabilities/mosmed_test_Jun_radiopaedia_14_85914_0_case13_63.npy
mosmed_test_Jun_coronacases_case1_169,Jun_coronacases_case1,tripath_lesionnet,1002,0.7998405103708166,0.6664451827353342,33.13155523310077,7.3511083778866295,predictions/masks/mosmed_test_Jun_coronacases_case1_169.png,predictions/probabilities/mosmed_test_Jun_coronacases_case1_169.npy
mosmed_test_Morozov_study_0292_29,Morozov_study_0292,tripath_lesionnet,1002,0.5945945956902849,0.42307692529585794,2.1062305898749054,0.6968925962420554,predictions/masks/mosmed_test_Morozov_study_0292_29.png,predictions/probabilities/mosmed_test_Morozov_study_0292_29.npy
mosmed_test_Jun_radiopaedia_40_86625_0_case18_36,Jun_radiopaedia_40_86625_0_case18,tripath_lesionnet,1002,0.9164320759271366,0.8457541567701686,8.0,2.2454038290818388,predictions/masks/mosmed_test_Jun_radiopaedia_40_86625_0_case18_36.png,predictions/probabilities/mosmed_test_Jun_radiopaedia_40_86625_0_case18_36.npy
mosmed_test_Jun_coronacases_case4_123,Jun_coronacases_case4,tripath_lesionnet,1002,0.8674698795221665,0.765957446821279,4.0984845004941235,1.448950851298863,predictions/masks/mosmed_test_Jun_coronacases_case4_123.png,predictions/probabilities/mosmed_test_Jun_coronacases_case4_123.npy
mosmed_test_Morozov_study_0300_32,Morozov_study_0300,tripath_lesionnet,1002,0.6826347306339416,0.5181818184008264,4.879215610874208,1.2366495366279422,predictions/masks/mosmed_test_Morozov_study_0300_32.png,predictions/probabilities/mosmed_test_Morozov_study_0300_32.npy
mosmed_test_Jun_coronacases_case3_94,Jun_coronacases_case3,tripath_lesionnet,1002,0.897111856753435,0.8134205288608848,21.0,4.566223284352615,predictions/masks/mosmed_test_Jun_coronacases_case3_94.png,predictions/probabilities/mosmed_test_Jun_coronacases_case3_94.npy
mosmed_test_Jun_coronacases_case2_54,Jun_coronacases_case2,tripath_lesionnet,1002,0.9289461134988581,0.8673196794419127,2.8284271247461903,0.9537844472969854,predictions/masks/mosmed_test_Jun_coronacases_case2_54.png,predictions/probabilities/mosmed_test_Jun_coronacases_case2_54.npy
mosmed_test_Jun_coronacases_case1_101,Jun_coronacases_case1,tripath_lesionnet,1002,0.8973029045653806,0.8137347130797039,5.856309110618483,2.1054122039098266,predictions/masks/mosmed_test_Jun_coronacases_case1_101.png,predictions/probabilities/mosmed_test_Jun_coronacases_case1_101.npy
mosmed_test_Jun_coronacases_case2_120,Jun_coronacases_case2,tripath_lesionnet,1002,0.8400239664517668,0.7241735537332555,19.359683881231796,2.6466170457082425,predictions/masks/mosmed_test_Jun_coronacases_case2_120.png,predictions/probabilities/mosmed_test_Jun_coronacases_case2_120.npy
mosmed_test_Morozov_study_0266_17,Morozov_study_0266,tripath_lesionnet,1002,0.1921397383440438,0.10628019366846368,24.0,8.871162763150435,predictions/masks/mosmed_test_Morozov_study_0266_17.png,predictions/probabilities/mosmed_test_Morozov_study_0266_17.npy
mosmed_test_Morozov_study_0270_12,Morozov_study_0270,tripath_lesionnet,1002,0.5515970516108233,0.38083121291853983,93.57315904087406,11.858637789340824,predictions/masks/mosmed_test_Morozov_study_0270_12.png,predictions/probabilities/mosmed_test_Morozov_study_0270_12.npy
mosmed_test_Jun_coronacases_case3_171,Jun_coronacases_case3,tripath_lesionnet,1002,0.8786969567133006,0.7836391437474283,4.123105625617661,1.5469953484154026,predictions/masks/mosmed_test_Jun_coronacases_case3_171.png,predictions/probabilities/mosmed_test_Jun_coronacases_case3_171.npy
mosmed_test_Jun_coronacases_case6_67,Jun_coronacases_case6,tripath_lesionnet,1002,0.8904342450951872,0.802506963793802,7.0710678118654755,2.2113332364175164,predictions/masks/mosmed_test_Jun_coronacases_case6_67.png,predictions/probabilities/mosmed_test_Jun_coronacases_case6_67.npy
mosmed_test_Jun_radiopaedia_10_85902_3_case12_69,Jun_radiopaedia_10_85902_3_case12,tripath_lesionnet,1002,0.9027190332385064,0.8226872246891314,3.0,1.0489064584729693,predictions/masks/mosmed_test_Jun_radiopaedia_10_85902_3_case12_69.png,predictions/probabilities/mosmed_test_Jun_radiopaedia_10_85902_3_case12_69.npy
mosmed_test_Jun_radiopaedia_27_86410_0_case14_29,Jun_radiopaedia_27_86410_0_case14,tripath_lesionnet,1002,0.8407755952766957,0.7252914895965424,11.0,4.081890507692315,predictions/masks/mosmed_test_Jun_radiopaedia_27_86410_0_case14_29.png,predictions/probabilities/mosmed_test_Jun_radiopaedia_27_86410_0_case14_29.npy
mosmed_test_Morozov_study_0289_25,Morozov_study_0289,tripath_lesionnet,1002,0.7437252311926206,0.592008412240588,7.431158336743021,1.9316464106445541,predictions/masks/mosmed_test_Morozov_study_0289_25.png,predictions/probabilities/mosmed_test_Morozov_study_0289_25.npy
mosmed_test_Jun_radiopaedia_40_86625_0_case18_61,Jun_radiopaedia_40_86625_0_case18,tripath_lesionnet,1002,0.873373493976285,0.7752112073587039,17.88854381999832,3.3541636302585602,predictions/masks/mosmed_test_Jun_radiopaedia_40_86625_0_case18_61.png,predictions/probabilities/mosmed_test_Jun_radiopaedia_40_86625_0_case18_61.npy
mosmed_test_Morozov_study_0289_29,Morozov_study_0289,tripath_lesionnet,1002,0.8980477223537909,0.8149606299576849,2.23606797749979,0.7537532608430444,predictions/masks/mosmed_test_Morozov_study_0289_29.png,predictions/probabilities/mosmed_test_Morozov_study_0289_29.npy
mosmed_test_Jun_coronacases_case8_152,Jun_coronacases_case8,tripath_lesionnet,1002,0.907542804258144,0.8307353439540709,6.0,2.1070713534114938,predictions/masks/mosmed_test_Jun_coronacases_case8_152.png,predictions/probabilities/mosmed_test_Jun_coronacases_case8_152.npy
mosmed_test_Morozov_study_0276_38,Morozov_study_0276,tripath_lesionnet,1002,0.7256235827975483,0.5693950178702145,198.0,16.23582931418182,predictions/masks/mosmed_test_Morozov_study_0276_38.png,predictions/probabilities/mosmed_test_Morozov_study_0276_38.npy
mosmed_test_Morozov_study_0284_13,Morozov_study_0284,tripath_lesionnet,1002,0.6206896552541618,0.45000000017187497,260.49616113515185,42.34310225379075,predictions/masks/mosmed_test_Morozov_study_0284_13.png,predictions/probabilities/mosmed_test_Morozov_study_0284_13.npy
mosmed_test_Jun_coronacases_case7_86,Jun_coronacases_case7,tripath_lesionnet,1002,0.8938679245408174,0.8081023454566946,19.01305812507003,2.424675355291101,predictions/masks/mosmed_test_Jun_coronacases_case7_86.png,predictions/probabilities/mosmed_test_Jun_coronacases_case7_86.npy
mosmed_test_bjorke_93,bjorke_93,tripath_lesionnet,1002,0.6763090443073002,0.5109266943318898,16.76305461424021,4.426417437598965,predictions/masks/mosmed_test_bjorke_93.png,predictions/probabilities/mosmed_test_bjorke_93.npy
mosmed_test_Jun_coronacases_case8_160,Jun_coronacases_case8,tripath_lesionnet,1002,0.8537488429519632,0.7448183041791435,13.655537020234945,5.476861918969157,predictions/masks/mosmed_test_Jun_coronacases_case8_160.png,predictions/probabilities/mosmed_test_Jun_coronacases_case8_160.npy
mosmed_test_Jun_coronacases_case3_53,Jun_coronacases_case3,tripath_lesionnet,1002,0.8356490670933774,0.7176951926451519,7.271017263425792,2.1034877298008277,predictions/masks/mosmed_test_Jun_coronacases_case3_53.png,predictions/probabilities/mosmed_test_Jun_coronacases_case3_53.npy
mosmed_test_Morozov_study_0256_28,Morozov_study_0256,tripath_lesionnet,1002,0.9155678016146864,0.8442831215999222,6.057933771208739,1.8210525964726705,predictions/masks/mosmed_test_Morozov_study_0256_28.png,predictions/probabilities/mosmed_test_Morozov_study_0256_28.npy
mosmed_test_Jun_radiopaedia_27_86410_0_case14_14,Jun_radiopaedia_27_86410_0_case14,tripath_lesionnet,1002,0.7975998567096758,0.6633397884751476,19.958672364844197,11.12968132896637,predictions/masks/mosmed_test_Jun_radiopaedia_27_86410_0_case14_14.png,predictions/probabilities/mosmed_test_Jun_radiopaedia_27_86410_0_case14_14.npy
mosmed_test_Morozov_study_0267_23,Morozov_study_0267,tripath_lesionnet,1002,0.8015978695337419,0.6688888889624691,3.605551275463989,1.3278520268145524,predictions/masks/mosmed_test_Morozov_study_0267_23.png,predictions/probabilities/mosmed_test_Morozov_study_0267_23.npy
mosmed_test_Jun_coronacases_case6_109,Jun_coronacases_case6,tripath_lesionnet,1002,0.9102327299626807,0.8352542372993048,5.0,1.2545037696170114,predictions/masks/mosmed_test_Jun_coronacases_case6_109.png,predictions/probabilities/mosmed_test_Jun_coronacases_case6_109.npy
mosmed_test_Jun_coronacases_case9_148,Jun_coronacases_case9,tripath_lesionnet,1002,0.849736379619959,0.7387318563988745,126.15781232391896,7.968749983380229,predictions/masks/mosmed_test_Jun_coronacases_case9_148.png,predictions/probabilities/mosmed_test_Jun_coronacases_case9_148.npy
mosmed_test_Morozov_study_0285_29,Morozov_study_0285,tripath_lesionnet,1002,0.7339449543725276,0.579710145536652,3.3717082451262845,0.7536490135048816,predictions/masks/mosmed_test_Morozov_study_0285_29.png,predictions/probabilities/mosmed_test_Morozov_study_0285_29.npy
mosmed_test_Jun_coronacases_case6_103,Jun_coronacases_case6,tripath_lesionnet,1002,0.9040912139535852,0.8249694002555098,3.0,1.1471691276275102,predictions/masks/mosmed_test_Jun_coronacases_case6_103.png,predictions/probabilities/mosmed_test_Jun_coronacases_case6_103.npy
mosmed_test_Jun_coronacases_case1_180,Jun_coronacases_case1,tripath_lesionnet,1002,0.8923479398313624,0.8056211620263197,5.0,2.091331549205022,predictions/masks/mosmed_test_Jun_coronacases_case1_180.png,predictions/probabilities/mosmed_test_Jun_coronacases_case1_180.npy
mosmed_test_Jun_coronacases_case8_172,Jun_coronacases_case8,tripath_lesionnet,1002,0.858901515158196,0.7526970954562077,3.605551275463989,2.308916029772908,predictions/masks/mosmed_test_Jun_coronacases_case8_172.png,predictions/probabilities/mosmed_test_Jun_coronacases_case8_172.npy
mosmed_test_Jun_radiopaedia_27_86410_0_case14_37,Jun_radiopaedia_27_86410_0_case14,tripath_lesionnet,1002,0.8518943742858348,0.7420000000103201,138.95651865993275,14.876082346340695,predictions/masks/mosmed_test_Jun_radiopaedia_27_86410_0_case14_37.png,predictions/probabilities/mosmed_test_Jun_radiopaedia_27_86410_0_case14_37.npy
mosmed_test_Jun_coronacases_case9_152,Jun_coronacases_case9,tripath_lesionnet,1002,0.8794716565834083,0.7848722986458868,3.1622776601683795,1.0125694195290775,predictions/masks/mosmed_test_Jun_coronacases_case9_152.png,predictions/probabilities/mosmed_test_Jun_coronacases_case9_152.npy
mosmed_test_Jun_coronacases_case10_231,Jun_coronacases_case10,tripath_lesionnet,1002,0.8909858455452946,0.8034034930674697,4.123105625617661,1.3570027384011294,predictions/masks/mosmed_test_Jun_coronacases_case10_231.png,predictions/probabilities/mosmed_test_Jun_coronacases_case10_231.npy
mosmed_test_Jun_coronacases_case7_107,Jun_coronacases_case7,tripath_lesionnet,1002,0.9061673112170534,0.8284331968802221,3.605551275463989,1.3335738237735708,predictions/masks/mosmed_test_Jun_coronacases_case7_107.png,predictions/probabilities/mosmed_test_Jun_coronacases_case7_107.npy
mosmed_test_Jun_coronacases_case1_138,Jun_coronacases_case1,tripath_lesionnet,1002,0.813084112151065,0.685039370083091,6.0,2.5156964490317497,predictions/masks/mosmed_test_Jun_coronacases_case1_138.png,predictions/probabilities/mosmed_test_Jun_coronacases_case1_138.npy
mosmed_test_Jun_coronacases_case9_190,Jun_coronacases_case9,tripath_lesionnet,1002,0.7507814720161755,0.6010009099362603,10.63014581273465,2.667202559517095,predictions/masks/mosmed_test_Jun_coronacases_case9_190.png,predictions/probabilities/mosmed_test_Jun_coronacases_case9_190.npy
mosmed_test_Jun_coronacases_case6_68,Jun_coronacases_case6,tripath_lesionnet,1002,0.9168707679020764,0.8465017291873769,5.0,1.5982463457165836,predictions/masks/mosmed_test_Jun_coronacases_case6_68.png,predictions/probabilities/mosmed_test_Jun_coronacases_case6_68.npy
mosmed_test_Morozov_study_0282_14,Morozov_study_0282,tripath_lesionnet,1002,0.5069860279769137,0.33957219257223065,161.12572186405566,57.86201394155405,predictions/masks/mosmed_test_Morozov_study_0282_14.png,predictions/probabilities/mosmed_test_Morozov_study_0282_14.npy
mosmed_test_Morozov_study_0304_25,Morozov_study_0304,tripath_lesionnet,1002,3.1446540870614293e-10,3.1446540870614293e-10,115.1059699277922,82.81789849366142,predictions/masks/mosmed_test_Morozov_study_0304_25.png,predictions/probabilities/mosmed_test_Morozov_study_0304_25.npy
mosmed_test_Jun_coronacases_case8_181,Jun_coronacases_case8,tripath_lesionnet,1002,0.8363844393686279,0.718780727657937,5.0,1.520164489896092,predictions/masks/mosmed_test_Jun_coronacases_case8_181.png,predictions/probabilities/mosmed_test_Jun_coronacases_case8_181.npy
mosmed_test_Jun_radiopaedia_14_85914_0_case13_43,Jun_radiopaedia_14_85914_0_case13,tripath_lesionnet,1002,0.8326917008523558,0.7133434256065696,12.060184151062872,4.44577126470513,predictions/masks/mosmed_test_Jun_radiopaedia_14_85914_0_case13_43.png,predictions/probabilities/mosmed_test_Jun_radiopaedia_14_85914_0_case13_43.npy
mosmed_test_Morozov_study_0257_19,Morozov_study_0257,tripath_lesionnet,1002,0.6479670612545556,0.47925390180893596,13.360350014344435,5.78051899202379,predictions/masks/mosmed_test_Morozov_study_0257_19.png,predictions/probabilities/mosmed_test_Morozov_study_0257_19.npy
mosmed_test_Jun_coronacases_case4_137,Jun_coronacases_case4,tripath_lesionnet,1002,0.8961901433101647,0.8119062698029191,4.0,1.2925992324759707,predictions/masks/mosmed_test_Jun_coronacases_case4_137.png,predictions/probabilities/mosmed_test_Jun_coronacases_case4_137.npy
mosmed_test_Jun_coronacases_case7_78,Jun_coronacases_case7,tripath_lesionnet,1002,0.8484848485135447,0.7368421053497229,2.0,1.0254075165281356,predictions/masks/mosmed_test_Jun_coronacases_case7_78.png,predictions/probabilities/mosmed_test_Jun_coronacases_case7_78.npy
mosmed_test_Morozov_study_0276_18,Morozov_study_0276,tripath_lesionnet,1002,0.8081273565184725,0.6780316344577142,7.548640462547215,2.3935529036126457,predictions/masks/mosmed_test_Morozov_study_0276_18.png,predictions/probabilities/mosmed_test_Morozov_study_0276_18.npy
mosmed_test_Jun_coronacases_case4_168,Jun_coronacases_case4,tripath_lesionnet,1002,0.9267955801155527,0.8635778635954211,2.0,0.6586257803873874,predictions/masks/mosmed_test_Jun_coronacases_case4_168.png,predictions/probabilities/mosmed_test_Jun_coronacases_case4_168.npy
mosmed_test_Morozov_study_0303_28,Morozov_study_0303,tripath_lesionnet,1002,0.022222223308641972,0.011235956167150613,9.98492424049175,5.944944264036681,predictions/masks/mosmed_test_Morozov_study_0303_28.png,predictions/probabilities/mosmed_test_Morozov_study_0303_28.npy
mosmed_test_Morozov_study_0297_10,Morozov_study_0297,tripath_lesionnet,1002,0.7031218529737852,0.5421649324500363,12.64911064067352,3.308204037545103,predictions/masks/mosmed_test_Morozov_study_0297_10.png,predictions/probabilities/mosmed_test_Morozov_study_0297_10.npy
mosmed_test_Jun_coronacases_case1_201,Jun_coronacases_case1,tripath_lesionnet,1002,0.8407712501145943,0.7252850226499252,7.280109889280518,2.1656030685571124,predictions/masks/mosmed_test_Jun_coronacases_case1_201.png,predictions/probabilities/mosmed_test_Jun_coronacases_case1_201.npy
mosmed_test_Jun_coronacases_case8_169,Jun_coronacases_case8,tripath_lesionnet,1002,0.7920604915032109,0.6557120501051867,5.830951894845301,2.3787256444336546,predictions/masks/mosmed_test_Jun_coronacases_case8_169.png,predictions/probabilities/mosmed_test_Jun_coronacases_case8_169.npy
mosmed_test_Jun_coronacases_case5_97,Jun_coronacases_case5,tripath_lesionnet,1002,0.9340659340674435,0.8762886597991286,2.8284271247461903,1.4255052706872415,predictions/masks/mosmed_test_Jun_coronacases_case5_97.png,predictions/probabilities/mosmed_test_Jun_coronacases_case5_97.npy
mosmed_test_Jun_radiopaedia_10_85902_3_case12_190,Jun_radiopaedia_10_85902_3_case12,tripath_lesionnet,1002,0.9213587715234677,0.8541846419389912,4.242640687119285,1.4423656237438491,predictions/masks/mosmed_test_Jun_radiopaedia_10_85902_3_case12_190.png,predictions/probabilities/mosmed_test_Jun_radiopaedia_10_85902_3_case12_190.npy
mosmed_test_Jun_radiopaedia_14_85914_0_case13_101,Jun_radiopaedia_14_85914_0_case13,tripath_lesionnet,1002,0.5418848168138894,0.3716337523569778,133.7697312848784,42.43783196541178,predictions/masks/mosmed_test_Jun_radiopaedia_14_85914_0_case13_101.png,predictions/probabilities/mosmed_test_Jun_radiopaedia_14_85914_0_case13_101.npy
mosmed_test_Jun_coronacases_case4_134,Jun_coronacases_case4,tripath_lesionnet,1002,0.8872886662527462,0.7974113674846701,4.123105625617661,1.6256811994030234,predictions/masks/mosmed_test_Jun_coronacases_case4_134.png,predictions/probabilities/mosmed_test_Jun_coronacases_case4_134.npy
mosmed_test_Jun_radiopaedia_10_85902_3_case12_81,Jun_radiopaedia_10_85902_3_case12,tripath_lesionnet,1002,0.8936752136788487,0.8077873918536597,7.214552917845602,1.7309861219685174,predictions/masks/mosmed_test_Jun_radiopaedia_10_85902_3_case12_81.png,predictions/probabilities/mosmed_test_Jun_radiopaedia_10_85902_3_case12_81.npy
mosmed_test_Morozov_study_0303_34,Morozov_study_0303,tripath_lesionnet,1002,0.3492063493539214,0.21153846175507182,116.62967143639237,19.84298939499542,predictions/masks/mosmed_test_Morozov_study_0303_34.png,predictions/probabilities/mosmed_test_Morozov_study_0303_34.npy
mosmed_test_Morozov_study_0255_24,Morozov_study_0255,tripath_lesionnet,1002,0.9014461703280471,0.8205753291121264,8.966563145999487,2.6017690986876882,predictions/masks/mosmed_test_Morozov_study_0255_24.png,predictions/probabilities/mosmed_test_Morozov_study_0255_24.npy
mosmed_test_bjorke_69,bjorke_69,tripath_lesionnet,1002,0.6195272211275412,0.44877902021035565,21.05228686886875,5.572251851804738,predictions/masks/mosmed_test_bjorke_69.png,predictions/probabilities/mosmed_test_bjorke_69.npy
mosmed_test_bjorke_63,bjorke_63,tripath_lesionnet,1002,0.6690909090952066,0.5027322404468632,137.72246074188465,23.287818378941836,predictions/masks/mosmed_test_bjorke_63.png,predictions/probabilities/mosmed_test_bjorke_63.npy
mosmed_test_Jun_coronacases_case2_161,Jun_coronacases_case2,tripath_lesionnet,1002,0.7733499377476121,0.6304568528293952,5.0990195135927845,1.7630564071717065,predictions/masks/mosmed_test_Jun_coronacases_case2_161.png,predictions/probabilities/mosmed_test_Jun_coronacases_case2_161.npy
mosmed_test_Jun_coronacases_case7_122,Jun_coronacases_case7,tripath_lesionnet,1002,0.9146911230331426,0.8427933673519518,4.123105625617661,1.21650598519468,predictions/masks/mosmed_test_Jun_coronacases_case7_122.png,predictions/probabilities/mosmed_test_Jun_coronacases_case7_122.npy
mosmed_test_Jun_coronacases_case1_235,Jun_coronacases_case1,tripath_lesionnet,1002,0.8161120840952519,0.689349112517944,5.064362683835311,1.3942306826894735,predictions/masks/mosmed_test_Jun_coronacases_case1_235.png,predictions/probabilities/mosmed_test_Jun_coronacases_case1_235.npy
mosmed_test_Jun_coronacases_case8_266,Jun_coronacases_case8,tripath_lesionnet,1002,0.7956989247751185,0.6607142858354591,2.0,1.0119159412843408,predictions/masks/mosmed_test_Jun_coronacases_case8_266.png,predictions/probabilities/mosmed_test_Jun_coronacases_case8_266.npy
mosmed_test_Jun_coronacases_case7_102,Jun_coronacases_case7,tripath_lesionnet,1002,0.915003363984862,0.8433236874806399,19.80406643748349,3.8504567029390855,predictions/masks/mosmed_test_Jun_coronacases_case7_102.png,predictions/probabilities/mosmed_test_Jun_coronacases_case7_102.npy
mosmed_test_Jun_coronacases_case10_96,Jun_coronacases_case10,tripath_lesionnet,1002,0.8954083846897369,0.8106239195377868,5.0,1.787918369323347,predictions/masks/mosmed_test_Jun_coronacases_case10_96.png,predictions/probabilities/mosmed_test_Jun_coronacases_case10_96.npy
mosmed_test_Jun_coronacases_case1_193,Jun_coronacases_case1,tripath_lesionnet,1002,0.7888144480077365,0.6512746512830381,40.16528677008887,4.797026601169103,predictions/masks/mosmed_test_Jun_coronacases_case1_193.png,predictions/probabilities/mosmed_test_Jun_coronacases_case1_193.npy
mosmed_test_Jun_coronacases_case5_142,Jun_coronacases_case5,tripath_lesionnet,1002,0.9194699286469769,0.8509433962357897,3.605551275463989,1.017752840486069,predictions/masks/mosmed_test_Jun_coronacases_case5_142.png,predictions/probabilities/mosmed_test_Jun_coronacases_case5_142.npy
mosmed_test_Morozov_study_0288_22,Morozov_study_0288,tripath_lesionnet,1002,0.794165316052053,0.6586021505559891,7.0710678118654755,2.4483910594919878,predictions/masks/mosmed_test_Morozov_study_0288_22.png,predictions/probabilities/mosmed_test_Morozov_study_0288_22.npy
mosmed_test_Jun_radiopaedia_10_85902_3_case12_68,Jun_radiopaedia_10_85902_3_case12,tripath_lesionnet,1002,0.8547120418943251,0.7462857143147102,5.134807682497064,1.5368597619539084,predictions/masks/mosmed_test_Jun_radiopaedia_10_85902_3_case12_68.png,predictions/probabilities/mosmed_test_Jun_radiopaedia_10_85902_3_case12_68.npy
mosmed_test_Morozov_study_0298_12,Morozov_study_0298,tripath_lesionnet,1002,0.8121893800704657,0.6837700946997628,27.415107798977917,6.650478808478576,predictions/masks/mosmed_test_Morozov_study_0298_12.png,predictions/probabilities/mosmed_test_Morozov_study_0298_12.npy
mosmed_test_Morozov_study_0301_28,Morozov_study_0301,tripath_lesionnet,1002,0.8035714286065052,0.6716417911427934,3.162277660168379,1.1140169491925922,predictions/masks/mosmed_test_Morozov_study_0301_28.png,predictions/probabilities/mosmed_test_Morozov_study_0301_28.npy
mosmed_test_Jun_coronacases_case8_60,Jun_coronacases_case8,tripath_lesionnet,1002,0.8978260869620747,0.8145956607677913,2.23606797749979,0.9355159808866097,predictions/masks/mosmed_test_Jun_coronacases_case8_60.png,predictions/probabilities/mosmed_test_Jun_coronacases_case8_60.npy
mosmed_test_Morozov_study_0280_21,Morozov_study_0280,tripath_lesionnet,1002,0.8629441624387223,0.7589285714352978,8.06225774829855,1.7797736612146617,predictions/masks/mosmed_test_Morozov_study_0280_21.png,predictions/probabilities/mosmed_test_Morozov_study_0280_21.npy
mosmed_test_Jun_coronacases_case1_231,Jun_coronacases_case1,tripath_lesionnet,1002,0.8292682927207831,0.708333333443813,3.0,1.1194328848443045,predictions/masks/mosmed_test_Jun_coronacases_case1_231.png,predictions/probabilities/mosmed_test_Jun_coronacases_case1_231.npy
mosmed_test_Jun_radiopaedia_14_85914_0_case13_4,Jun_radiopaedia_14_85914_0_case13,tripath_lesionnet,1002,0.9290862590111815,0.8675640469011046,4.123105625617661,1.2327295843635782,predictions/masks/mosmed_test_Jun_radiopaedia_14_85914_0_case13_4.png,predictions/probabilities/mosmed_test_Jun_radiopaedia_14_85914_0_case13_4.npy
mosmed_test_Jun_coronacases_case3_116,Jun_coronacases_case3,tripath_lesionnet,1002,0.912697263645893,0.8394141145150505,5.940833163195871,2.7719348848418,predictions/masks/mosmed_test_Jun_coronacases_case3_116.png,predictions/probabilities/mosmed_test_Jun_coronacases_case3_116.npy
mosmed_test_Morozov_study_0276_27,Morozov_study_0276,tripath_lesionnet,1002,0.8048922539426387,0.6734892787842602,4.43723292206138,1.4458401676250883,predictions/masks/mosmed_test_Morozov_study_0276_27.png,predictions/probabilities/mosmed_test_Morozov_study_0276_27.npy
mosmed_test_Morozov_study_0256_30,Morozov_study_0256,tripath_lesionnet,1002,0.926656658804132,0.8633366633393939,13.341664064126334,2.7481523498638594,predictions/masks/mosmed_test_Morozov_study_0256_30.png,predictions/probabilities/mosmed_test_Morozov_study_0256_30.npy
mosmed_test_Jun_coronacases_case10_86,Jun_coronacases_case10,tripath_lesionnet,1002,0.8145161290355099,0.6870748299412281,7.615773105863909,3.482541828348135,predictions/masks/mosmed_test_Jun_coronacases_case10_86.png,predictions/probabilities/mosmed_test_Jun_coronacases_case10_86.npy
mosmed_test_Jun_coronacases_case8_159,Jun_coronacases_case8,tripath_lesionnet,1002,0.8661854525282318,0.7639569050008825,7.615773105863909,2.268563145091467,predictions/masks/mosmed_test_Jun_coronacases_case8_159.png,predictions/probabilities/mosmed_test_Jun_coronacases_case8_159.npy
mosmed_test_Morozov_study_0295_12,Morozov_study_0295,tripath_lesionnet,1002,0.8138763197642873,0.6861648016436336,12.153153197546152,3.442442490470399,predictions/masks/mosmed_test_Morozov_study_0295_12.png,predictions/probabilities/mosmed_test_Morozov_study_0295_12.npy
mosmed_test_Jun_radiopaedia_10_85902_3_case12_143,Jun_radiopaedia_10_85902_3_case12,tripath_lesionnet,1002,0.9315499606616663,0.8718703976462893,7.245606220104248,1.9497166153120193,predictions/masks/mosmed_test_Jun_radiopaedia_10_85902_3_case12_143.png,predictions/probabilities/mosmed_test_Jun_radiopaedia_10_85902_3_case12_143.npy
mosmed_test_Jun_radiopaedia_10_85902_3_case12_57,Jun_radiopaedia_10_85902_3_case12,tripath_lesionnet,1002,0.9221052631660942,0.8554687500282289,2.0,0.6326941330074559,predictions/masks/mosmed_test_Jun_radiopaedia_10_85902_3_case12_57.png,predictions/probabilities/mosmed_test_Jun_radiopaedia_10_85902_3_case12_57.npy
mosmed_test_Jun_coronacases_case2_144,Jun_coronacases_case2,tripath_lesionnet,1002,0.9245084796649481,0.8596148478967454,4.0,1.9315774585172678,predictions/masks/mosmed_test_Jun_coronacases_case2_144.png,predictions/probabilities/mosmed_test_Jun_coronacases_case2_144.npy
mosmed_test_Jun_radiopaedia_14_85914_0_case13_45,Jun_radiopaedia_14_85914_0_case13,tripath_lesionnet,1002,0.8790629339668745,0.7842214880789133,11.40175425099138,3.335612036600524,predictions/masks/mosmed_test_Jun_radiopaedia_14_85914_0_case13_45.png,predictions/probabilities/mosmed_test_Jun_radiopaedia_14_85914_0_case13_45.npy
mosmed_test_Jun_coronacases_case2_127,Jun_coronacases_case2,tripath_lesionnet,1002,0.9024974341446717,0.8223192020005511,3.6252737116907716,1.2696530145293097,predictions/masks/mosmed_test_Jun_coronacases_case2_127.png,predictions/probabilities/mosmed_test_Jun_coronacases_case2_127.npy
mosmed_test_Jun_coronacases_case2_166,Jun_coronacases_case2,tripath_lesionnet,1002,0.8249258160497143,0.7020202020954495,2.23606797749979,1.000409662763287,predictions/masks/mosmed_test_Jun_coronacases_case2_166.png,predictions/probabilities/mosmed_test_Jun_coronacases_case2_166.npy
mosmed_test_Jun_radiopaedia_10_85902_3_case12_113,Jun_radiopaedia_10_85902_3_case12,tripath_lesionnet,1002,0.9504845814986699,0.90564137005018,3.0,1.0144842532600582,predictions/masks/mosmed_test_Jun_radiopaedia_10_85902_3_case12_113.png,predictions/probabilities/mosmed_test_Jun_radiopaedia_10_85902_3_case12_113.npy
mosmed_test_Jun_coronacases_case6_50,Jun_coronacases_case6,tripath_lesionnet,1002,0.5808477237706676,0.40929203552891763,20.0,4.684744289562546,predictions/masks/mosmed_test_Jun_coronacases_case6_50.png,predictions/probabilities/mosmed_test_Jun_coronacases_case6_50.npy
mosmed_test_Jun_coronacases_case4_104,Jun_coronacases_case4,tripath_lesionnet,1002,0.7493796526210063,0.5992063492461105,5.0,1.8219719850714184,predictions/masks/mosmed_test_Jun_coronacases_case4_104.png,predictions/probabilities/mosmed_test_Jun_coronacases_case4_104.npy
mosmed_test_Jun_coronacases_case8_214,Jun_coronacases_case8,tripath_lesionnet,1002,0.8194812069973806,0.6941704036148725,10.554210091205015,1.825504462276878,predictions/masks/mosmed_test_Jun_coronacases_case8_214.png,predictions/probabilities/mosmed_test_Jun_coronacases_case8_214.npy
mosmed_test_Jun_radiopaedia_10_85902_3_case12_128,Jun_radiopaedia_10_85902_3_case12,tripath_lesionnet,1002,0.9441682057118317,0.8942411194861615,4.0,1.3764274629652307,predictions/masks/mosmed_test_Jun_radiopaedia_10_85902_3_case12_128.png,predictions/probabilities/mosmed_test_Jun_radiopaedia_10_85902_3_case12_128.npy
mosmed_test_Jun_radiopaedia_40_86625_0_case18_38,Jun_radiopaedia_40_86625_0_case18,tripath_lesionnet,1002,0.9214629170918144,0.8543636854909702,5.656854249492381,1.9101560819988166,predictions/masks/mosmed_test_Jun_radiopaedia_40_86625_0_case18_38.png,predictions/probabilities/mosmed_test_Jun_radiopaedia_40_86625_0_case18_38.npy
mosmed_test_Jun_coronacases_case4_121,Jun_coronacases_case4,tripath_lesionnet,1002,0.8001752848466182,0.6669101534209707,28.01517373440723,5.663962030160803,predictions/masks/mosmed_test_Jun_coronacases_case4_121.png,predictions/probabilities/mosmed_test_Jun_coronacases_case4_121.npy
mosmed_test_Jun_coronacases_case10_126,Jun_coronacases_case10,tripath_lesionnet,1002,0.8735380616929517,0.7754705525224593,7.990512483795298,2.694918706617422,predictions/masks/mosmed_test_Jun_coronacases_case10_126.png,predictions/probabilities/mosmed_test_Jun_coronacases_case10_126.npy
mosmed_test_Jun_coronacases_case8_215,Jun_coronacases_case8,tripath_lesionnet,1002,0.8377253814222042,0.7207637231725724,7.106076496631101,1.6074516975021156,predictions/masks/mosmed_test_Jun_coronacases_case8_215.png,predictions/probabilities/mosmed_test_Jun_coronacases_case8_215.npy
mosmed_test_Morozov_study_0291_15,Morozov_study_0291,tripath_lesionnet,1002,0.5270270271069212,0.35779816528490865,18.81064871973671,5.180746800128607,predictions/masks/mosmed_test_Morozov_study_0291_15.png,predictions/probabilities/mosmed_test_Morozov_study_0291_15.npy
mosmed_test_Jun_radiopaedia_7_85703_0_case20_5,Jun_radiopaedia_7_85703_0_case20,tripath_lesionnet,1002,0.8733371891339886,0.775154004129861,20.956722674771783,3.0087411692566173,predictions/masks/mosmed_test_Jun_radiopaedia_7_85703_0_case20_5.png,predictions/probabilities/mosmed_test_Jun_radiopaedia_7_85703_0_case20_5.npy
mosmed_test_Jun_coronacases_case6_71,Jun_coronacases_case6,tripath_lesionnet,1002,0.9191185836209512,0.8503417393389031,4.47213595499958,1.5975708272827944,predictions/masks/mosmed_test_Jun_coronacases_case6_71.png,predictions/probabilities/mosmed_test_Jun_coronacases_case6_71.npy
mosmed_test_Jun_radiopaedia_40_86625_0_case18_25,Jun_radiopaedia_40_86625_0_case18,tripath_lesionnet,1002,0.8673089274251025,0.7657065094143366,10.770329614269007,2.912878128189615,predictions/masks/mosmed_test_Jun_radiopaedia_40_86625_0_case18_25.png,predictions/probabilities/mosmed_test_Jun_radiopaedia_40_86625_0_case18_25.npy
mosmed_test_Morozov_study_0278_24,Morozov_study_0278,tripath_lesionnet,1002,0.8946580129857884,0.8093947606314909,3.1622776601683795,1.0452435208477304,predictions/masks/mosmed_test_Morozov_study_0278_24.png,predictions/probabilities/mosmed_test_Morozov_study_0278_24.npy
mosmed_test_bjorke_38,bjorke_38,tripath_lesionnet,1002,0.6281091160647595,0.4578418906499854,136.9423201891887,29.89273380868696,predictions/masks/mosmed_test_bjorke_38.png,predictions/probabilities/mosmed_test_bjorke_38.npy
mosmed_test_Jun_coronacases_case5_169,Jun_coronacases_case5,tripath_lesionnet,1002,0.7600000000480001,0.6129032259313215,5.0,1.6900625049143723,predictions/masks/mosmed_test_Jun_coronacases_case5_169.png,predictions/probabilities/mosmed_test_Jun_coronacases_case5_169.npy
mosmed_test_Morozov_study_0284_12,Morozov_study_0284,tripath_lesionnet,1002,0.40373831786846015,0.2529274006433425,263.4383811164229,45.73480527583408,predictions/masks/mosmed_test_Morozov_study_0284_12.png,predictions/probabilities/mosmed_test_Morozov_study_0284_12.npy
mosmed_test_Jun_coronacases_case10_208,Jun_coronacases_case10,tripath_lesionnet,1002,0.8995479104653263,0.8174348697431376,9.162088695588452,2.0816051684187626,predictions/masks/mosmed_test_Jun_coronacases_case10_208.png,predictions/probabilities/mosmed_test_Jun_coronacases_case10_208.npy
mosmed_test_Morozov_study_0294_31,Morozov_study_0294,tripath_lesionnet,1002,0.6352357321004378,0.4654545456489256,61.38566199263806,16.733762307634372,predictions/masks/mosmed_test_Morozov_study_0294_31.png,predictions/probabilities/mosmed_test_Morozov_study_0294_31.npy
mosmed_test_Morozov_study_0269_16,Morozov_study_0269,tripath_lesionnet,1002,0.6125960061562951,0.4415411869157865,99.55321794059799,12.520013172727118,predictions/masks/mosmed_test_Morozov_study_0269_16.png,predictions/probabilities/mosmed_test_Morozov_study_0269_16.npy
mosmed_test_Jun_coronacases_case7_121,Jun_coronacases_case7,tripath_lesionnet,1002,0.8877945831887479,0.7982289690133387,5.830951894845301,1.5839075230184414,predictions/masks/mosmed_test_Jun_coronacases_case7_121.png,predictions/probabilities/mosmed_test_Jun_coronacases_case7_121.npy
mosmed_test_Jun_coronacases_case6_64,Jun_coronacases_case6,tripath_lesionnet,1002,0.8326324642591961,0.7132564841601854,7.615773105863909,2.1543190031621267,predictions/masks/mosmed_test_Jun_coronacases_case6_64.png,predictions/probabilities/mosmed_test_Jun_coronacases_case6_64.npy
mosmed_test_Jun_coronacases_case2_131,Jun_coronacases_case2,tripath_lesionnet,1002,0.9231982337182905,0.8573520796761174,5.213477631009466,2.080790283368251,predictions/masks/mosmed_test_Jun_coronacases_case2_131.png,predictions/probabilities/mosmed_test_Jun_coronacases_case2_131.npy
mosmed_test_Jun_coronacases_case10_222,Jun_coronacases_case10,tripath_lesionnet,1002,0.8971774193563194,0.8135283363851259,4.0,1.503553634255245,predictions/masks/mosmed_test_Jun_coronacases_case10_222.png,predictions/probabilities/mosmed_test_Jun_coronacases_case10_222.npy
mosmed_test_Jun_coronacases_case10_230,Jun_coronacases_case10,tripath_lesionnet,1002,0.8519401690905715,0.7420694864145745,36.792985933485156,4.489446725284588,predictions/masks/mosmed_test_Jun_coronacases_case10_230.png,predictions/probabilities/mosmed_test_Jun_coronacases_case10_230.npy
mosmed_test_Jun_radiopaedia_40_86625_0_case18_35,Jun_radiopaedia_40_86625_0_case18,tripath_lesionnet,1002,0.9083178099945163,0.8320350174351508,7.0710678118654755,2.2619611135719833,predictions/masks/mosmed_test_Jun_radiopaedia_40_86625_0_case18_35.png,predictions/probabilities/mosmed_test_Jun_radiopaedia_40_86625_0_case18_35.npy
mosmed_test_Morozov_study_0291_20,Morozov_study_0291,tripath_lesionnet,1002,0.9381889214463766,0.8835742444183029,16.0,3.273430483193189,predictions/masks/mosmed_test_Morozov_study_0291_20.png,predictions/probabilities/mosmed_test_Morozov_study_0291_20.npy
mosmed_test_Jun_coronacases_case2_104,Jun_coronacases_case2,tripath_lesionnet,1002,0.8827269516092772,0.7900727157827988,5.385164807134504,1.56592809433665,predictions/masks/mosmed_test_Jun_coronacases_case2_104.png,predictions/probabilities/mosmed_test_Jun_coronacases_case2_104.npy
mosmed_test_Morozov_study_0278_25,Morozov_study_0278,tripath_lesionnet,1002,0.908635794746288,0.8325688073490499,5.094068537913144,1.5761866277783672,predictions/masks/mosmed_test_Morozov_study_0278_25.png,predictions/probabilities/mosmed_test_Morozov_study_0278_25.npy
mosmed_test_Jun_coronacases_case2_167,Jun_coronacases_case2,tripath_lesionnet,1002,0.7175257732541184,0.5594855306882682,3.980277563773195,1.511558836475357,predictions/masks/mosmed_test_Jun_coronacases_case2_167.png,predictions/probabilities/mosmed_test_Jun_coronacases_case2_167.npy
mosmed_test_Jun_coronacases_case3_176,Jun_coronacases_case3,tripath_lesionnet,1002,0.8108108108392176,0.6818181818985308,2.8284271247461903,1.0060407562716869,predictions/masks/mosmed_test_Jun_coronacases_case3_176.png,predictions/probabilities/mosmed_test_Jun_coronacases_case3_176.npy
mosmed_test_Jun_coronacases_case6_83,Jun_coronacases_case6,tripath_lesionnet,1002,0.9371829886859516,0.881791483115962,4.47213595499958,1.5504066975380106,predictions/masks/mosmed_test_Jun_coronacases_case6_83.png,predictions/probabilities/mosmed_test_Jun_coronacases_case6_83.npy
mosmed_test_Jun_coronacases_case7_79,Jun_coronacases_case7,tripath_lesionnet,1002,0.9036544850658381,0.8242424242956842,2.0,0.724541571417331,predictions/masks/mosmed_test_Jun_coronacases_case7_79.png,predictions/probabilities/mosmed_test_Jun_coronacases_case7_79.npy
mosmed_test_Jun_coronacases_case8_202,Jun_coronacases_case8,tripath_lesionnet,1002,0.7591888466565787,0.6118488253716191,4.3114892674833625,1.523650668080994,predictions/masks/mosmed_test_Jun_coronacases_case8_202.png,predictions/probabilities/mosmed_test_Jun_coronacases_case8_202.npy
mosmed_test_Jun_coronacases_case10_202,Jun_coronacases_case10,tripath_lesionnet,1002,0.8950630949757021,0.8100581045920645,4.47213595499958,1.5016460168955224,predictions/masks/mosmed_test_Jun_coronacases_case10_202.png,predictions/probabilities/mosmed_test_Jun_coronacases_case10_202.npy
mosmed_test_Jun_coronacases_case2_61,Jun_coronacases_case2,tripath_lesionnet,1002,0.8591450595753928,0.7530712531015883,93.65313475214631,7.283547093743812,predictions/masks/mosmed_test_Jun_coronacases_case2_61.png,predictions/probabilities/mosmed_test_Jun_coronacases_case2_61.npy
mosmed_test_Morozov_study_0304_23,Morozov_study_0304,tripath_lesionnet,1002,0.6463414634505751,0.4774774775559344,21.090125665144015,2.870049159297472,predictions/masks/mosmed_test_Morozov_study_0304_23.png,predictions/probabilities/mosmed_test_Morozov_study_0304_23.npy
