sample_id,source_id,probability_path,prediction_path,dice,miou,hd95,assd
qata_test_sub-S08047_ses-E16280_run-1_bp-chest_vp-ap_dx,sub-S08047,probabilities/qata_test_sub-S08047_ses-E16280_run-1_bp-chest_vp-ap_dx.npy,masks/qata_test_sub-S08047_ses-E16280_run-1_bp-chest_vp-ap_dx.png,0.8163659793817913,0.6897114861196654,27.588782844143246,6.666833007820436
qata_test_sub-S08047_ses-E16628_run-1_bp-chest_vp-ap_dx,sub-S08047,probabilities/qata_test_sub-S08047_ses-E16628_run-1_bp-chest_vp-ap_dx.npy,masks/qata_test_sub-S08047_ses-E16628_run-1_bp-chest_vp-ap_dx.png,0.9637318526640312,0.9300023889972014,5.0,1.7001209250326437
qata_test_sub-S08047_ses-E16837_run-1_bp-chest_cr,sub-S08047,probabilities/qata_test_sub-S08047_ses-E16837_run-1_bp-chest_cr.npy,masks/qata_test_sub-S08047_ses-E16837_run-1_bp-chest_cr.png,0.9656181419166671,0.9335219236211628,4.08001865665149,1.5508356578747993
qata_test_sub-S08047_ses-E17130_run-1_bp-chest_cr,sub-S08047,probabilities/qata_test_sub-S08047_ses-E17130_run-1_bp-chest_cr.npy,masks/qata_test_sub-S08047_ses-E17130_run-1_bp-chest_cr.png,0.9228832951946845,0.8568090078612415,67.11778466718928,7.606882419056957
qata_test_sub-S08047_ses-E17511_run-1_bp-chest_vp-ap_dx,sub-S08047,probabilities/qata_test_sub-S08047_ses-E17511_run-1_bp-chest_vp-ap_dx.npy,masks/qata_test_sub-S08047_ses-E17511_run-1_bp-chest_vp-ap_dx.png,0.7613141239711182,0.6146143576069908,25.347440353001257,5.745564108665798
qata_test_sub-S08047_ses-E17539_run-1_bp-chest_vp-ap_dx,sub-S08047,probabilities/qata_test_sub-S08047_ses-E17539_run-1_bp-chest_vp-ap_dx.npy,masks/qata_test_sub-S08047_ses-E17539_run-1_bp-chest_vp-ap_dx.png,0.8829429866807232,0.7904189098259151,71.17162305970012,11.323162992773876
qata_test_sub-S08047_ses-E17682_run-1_bp-chest_vp-ap_dx,sub-S08047,probabilities/qata_test_sub-S08047_ses-E17682_run-1_bp-chest_vp-ap_dx.npy,masks/qata_test_sub-S08047_ses-E17682_run-1_bp-chest_vp-ap_dx.png,0.970241583642687,0.9422031111675029,4.334438794271423,1.4845810446119505
qata_test_sub-S08047_ses-E17934_run-1_bp-chest_vp-ap_dx,sub-S08047,probabilities/qata_test_sub-S08047_ses-E17934_run-1_bp-chest_vp-ap_dx.npy,masks/qata_test_sub-S08047_ses-E17934_run-1_bp-chest_vp-ap_dx.png,0.9669522229371094,0.9360188796750598,4.123105625617661,1.529970498802491
qata_test_sub-S08047_ses-E18100_run-1_bp-chest_vp-ap_dx,sub-S08047,probabilities/qata_test_sub-S08047_ses-E18100_run-1_bp-chest_vp-ap_dx.npy,masks/qata_test_sub-S08047_ses-E18100_run-1_bp-chest_vp-ap_dx.png,0.9527744982291211,0.9098083427285801,6.4031242374328485,2.366816603319624
qata_test_sub-S08047_ses-E26555_run-1_bp-chest_vp-ap_dx,sub-S08047,probabilities/qata_test_sub-S08047_ses-E26555_run-1_bp-chest_vp-ap_dx.npy,masks/qata_test_sub-S08047_ses-E26555_run-1_bp-chest_vp-ap_dx.png,0.7885530890618119,0.6509184033925692,30.066592756745816,7.629874057045561
qata_test_sub-S08074_ses-E18689_run-1_bp-chest_vp-ap_cr,sub-S08074,probabilities/qata_test_sub-S08074_ses-E18689_run-1_bp-chest_vp-ap_cr.npy,masks/qata_test_sub-S08074_ses-E18689_run-1_bp-chest_vp-ap_cr.png,0.8958534638495322,0.8113537782527102,101.65185262028128,15.882594355115174
qata_test_sub-S08077_ses-E18680_run-1_bp-chest_vp-ap_cr,sub-S08077,probabilities/qata_test_sub-S08077_ses-E18680_run-1_bp-chest_vp-ap_cr.npy,masks/qata_test_sub-S08077_ses-E18680_run-1_bp-chest_vp-ap_cr.png,0.8587418849355412,0.7524519419428707,12.577622707954404,3.102560623321679
qata_test_sub-S08097_ses-E17492_run-1_bp-chest_vp-ap_dx,sub-S08097,probabilities/qata_test_sub-S08097_ses-E17492_run-1_bp-chest_vp-ap_dx.npy,masks/qata_test_sub-S08097_ses-E17492_run-1_bp-chest_vp-ap_dx.png,0.4171231487146626,0.2635221738063091,129.31173503646176,32.831853737374566
qata_test_sub-S08433_ses-E16090_run-1_bp-chest_vp-ap_dx,sub-S08433,probabilities/qata_test_sub-S08433_ses-E16090_run-1_bp-chest_vp-ap_dx.npy,masks/qata_test_sub-S08433_ses-E16090_run-1_bp-chest_vp-ap_dx.png,0.46781504986839345,0.30532544379445586,68.7442015265405,25.975119859967208
qata_test_sub-S08489_ses-E19060_run-1_bp-chest_vp-ap_dx,sub-S08489,probabilities/qata_test_sub-S08489_ses-E19060_run-1_bp-chest_vp-ap_dx.npy,masks/qata_test_sub-S08489_ses-E19060_run-1_bp-chest_vp-ap_dx.png,0.7517319668568364,0.6022199935412769,82.47787068551432,16.2617724479114
qata_test_sub-S08489_ses-E22262_run-1_bp-chest_vp-pa_dx,sub-S08489,probabilities/qata_test_sub-S08489_ses-E22262_run-1_bp-chest_vp-pa_dx.npy,masks/qata_test_sub-S08489_ses-E22262_run-1_bp-chest_vp-pa_dx.png,0.3856074284266804,0.23885604729595325,192.05689162025084,62.63766078181568
qata_test_sub-S08489_ses-E22906_run-1_bp-chest_vp-ap_dx,sub-S08489,probabilities/qata_test_sub-S08489_ses-E22906_run-1_bp-chest_vp-ap_dx.npy,masks/qata_test_sub-S08489_ses-E22906_run-1_bp-chest_vp-ap_dx.png,0.6586097883082211,0.4909904534636576,43.83832141000767,10.72318903061257
qata_test_sub-S08489_ses-E23228_run-1_bp-chest_vp-ap_cr,sub-S08489,probabilities/qata_test_sub-S08489_ses-E23228_run-1_bp-chest_vp-ap_cr.npy,masks/qata_test_sub-S08489_ses-E23228_run-1_bp-chest_vp-ap_cr.png,0.8609863933922937,0.7559052748781154,21.479030408543846,7.073042254464629
qata_test_sub-S08498_ses-E18204_run-1_bp-chest_vp-ap_dx,sub-S08498,probabilities/qata_test_sub-S08498_ses-E18204_run-1_bp-chest_vp-ap_dx.npy,masks/qata_test_sub-S08498_ses-E18204_run-1_bp-chest_vp-ap_dx.png,0.7959737292980298,0.661093323848132,48.66812250233604,11.950197741524455
qata_test_sub-S08651_ses-E17664_run-1_bp-chest_vp-ap_dx,sub-S08651,probabilities/qata_test_sub-S08651_ses-E17664_run-1_bp-chest_vp-ap_dx.npy,masks/qata_test_sub-S08651_ses-E17664_run-1_bp-chest_vp-ap_dx.png,0.7801765579951038,0.6395815419942736,32.00234317807464,7.594484117085732
qata_test_sub-S09308_ses-E16093_run-1_bp-chest_vp-ap_dx,sub-S09308,probabilities/qata_test_sub-S09308_ses-E16093_run-1_bp-chest_vp-ap_dx.npy,masks/qata_test_sub-S09308_ses-E16093_run-1_bp-chest_vp-ap_dx.png,0.9226321795365338,0.8563762180503266,9.463049648703295,2.0469213962513724
qata_test_sub-S09308_ses-E16127_acq-1_run-1_bp-chest_vp-ap_dx,sub-S09308,probabilities/qata_test_sub-S09308_ses-E16127_acq-1_run-1_bp-chest_vp-ap_dx.npy,masks/qata_test_sub-S09308_ses-E16127_acq-1_run-1_bp-chest_vp-ap_dx.png,0.43358176238905755,0.2767982087948801,96.76795219788933,24.60067682670174
qata_test_sub-S09308_ses-E17371_acq-2_run-1_bp-chest_vp-ap_dx,sub-S09308,probabilities/qata_test_sub-S09308_ses-E17371_acq-2_run-1_bp-chest_vp-ap_dx.npy,masks/qata_test_sub-S09308_ses-E17371_acq-2_run-1_bp-chest_vp-ap_dx.png,0.29072512648152843,0.17008681926627775,139.6788819251324,55.43156922592221
qata_test_sub-S09308_ses-E17491_run-1_bp-chest_vp-ap_dx,sub-S09308,probabilities/qata_test_sub-S09308_ses-E17491_run-1_bp-chest_vp-ap_dx.npy,masks/qata_test_sub-S09308_ses-E17491_run-1_bp-chest_vp-ap_dx.png,0.6883698985628193,0.5248201438891652,149.83324063771698,39.43897027448612
qata_test_sub-S09308_ses-E18798_run-1_bp-chest_vp-ap_cr,sub-S09308,probabilities/qata_test_sub-S09308_ses-E18798_run-1_bp-chest_vp-ap_cr.npy,masks/qata_test_sub-S09308_ses-E18798_run-1_bp-chest_vp-ap_cr.png,0.866620197630626,0.7646335286899311,12.481769923355033,4.3385969222314005
qata_test_sub-S09308_ses-E19031_run-1_bp-chest_vp-ap_dx,sub-S09308,probabilities/qata_test_sub-S09308_ses-E19031_run-1_bp-chest_vp-ap_dx.npy,masks/qata_test_sub-S09308_ses-E19031_run-1_bp-chest_vp-ap_dx.png,0.7065524944165802,0.5462552530104988,56.142675390472796,12.69383404681061
qata_test_sub-S09308_ses-E19513_run-1_bp-chest_vp-ap_dx,sub-S09308,probabilities/qata_test_sub-S09308_ses-E19513_run-1_bp-chest_vp-ap_dx.npy,masks/qata_test_sub-S09308_ses-E19513_run-1_bp-chest_vp-ap_dx.png,0.41827936386559555,0.26444579043449756,45.9455736345636,16.869337214319184
qata_test_sub-S09308_ses-E20237_run-1_bp-chest_vp-ap_dx,sub-S09308,probabilities/qata_test_sub-S09308_ses-E20237_run-1_bp-chest_vp-ap_dx.npy,masks/qata_test_sub-S09308_ses-E20237_run-1_bp-chest_vp-ap_dx.png,0.3939259259304153,0.24527257633755856,154.1630628610311,50.03028654434692
qata_test_sub-S09308_ses-E20323_run-2_bp-chest_vp-ap_dx,sub-S09308,probabilities/qata_test_sub-S09308_ses-E20323_run-2_bp-chest_vp-ap_dx.npy,masks/qata_test_sub-S09308_ses-E20323_run-2_bp-chest_vp-ap_dx.png,0.12650077135202561,0.06752112273329856,167.2272193990441,87.68759003026155
qata_test_sub-S09308_ses-E20733_acq-2_run-1_bp-chest_vp-ap_dx,sub-S09308,probabilities/qata_test_sub-S09308_ses-E20733_acq-2_run-1_bp-chest_vp-ap_dx.npy,masks/qata_test_sub-S09308_ses-E20733_acq-2_run-1_bp-chest_vp-ap_dx.png,0.7890158621901925,0.6515492957844634,142.64427408940446,20.37920389703672
qata_test_sub-S09308_ses-E22400_run-1_bp-chest_vp-ap_dx,sub-S09308,probabilities/qata_test_sub-S09308_ses-E22400_run-1_bp-chest_vp-ap_dx.npy,masks/qata_test_sub-S09308_ses-E22400_run-1_bp-chest_vp-ap_dx.png,0.9444710235066996,0.8947845530918307,9.0,2.749508515677726
qata_test_sub-S09308_ses-E25907_run-1_bp-chest_vp-ap_dx,sub-S09308,probabilities/qata_test_sub-S09308_ses-E25907_run-1_bp-chest_vp-ap_dx.npy,masks/qata_test_sub-S09308_ses-E25907_run-1_bp-chest_vp-ap_dx.png,0.30777790141700356,0.18187795897434322,171.73511580220674,66.25105152548917
qata_test_sub-S09309_ses-E16094_run-1_bp-chest_vp-ap_cr,sub-S09309,probabilities/qata_test_sub-S09309_ses-E16094_run-1_bp-chest_vp-ap_cr.npy,masks/qata_test_sub-S09309_ses-E16094_run-1_bp-chest_vp-ap_cr.png,0.888429457475135,0.7992560287335417,15.811388300841896,5.0302105015518235
qata_test_sub-S09309_ses-E24760_acq-1_run-1_bp-chest_vp-pa_dx,sub-S09309,probabilities/qata_test_sub-S09309_ses-E24760_acq-1_run-1_bp-chest_vp-pa_dx.npy,masks/qata_test_sub-S09309_ses-E24760_acq-1_run-1_bp-chest_vp-pa_dx.png,0.9128196519503307,0.8396211848276307,14.035533905932738,3.3212327101292742
qata_test_sub-S09310_ses-E16095_run-1_bp-chest_vp-ap_dx,sub-S09310,probabilities/qata_test_sub-S09310_ses-E16095_run-1_bp-chest_vp-ap_dx.npy,masks/qata_test_sub-S09310_ses-E16095_run-1_bp-chest_vp-ap_dx.png,0.3150785854700997,0.18699897975241223,156.38094493467418,41.62287682976383
qata_test_sub-S09310_ses-E24865_run-1_bp-chest_vp-ap_dx,sub-S09310,probabilities/qata_test_sub-S09310_ses-E24865_run-1_bp-chest_vp-ap_dx.npy,masks/qata_test_sub-S09310_ses-E24865_run-1_bp-chest_vp-ap_dx.png,0.5855023789648613,0.4139295607671576,33.656961217118344,9.372476661145463
qata_test_sub-S09311_ses-E20696_run-1_bp-chest_vp-pa_cr,sub-S09311,probabilities/qata_test_sub-S09311_ses-E20696_run-1_bp-chest_vp-pa_cr.npy,masks/qata_test_sub-S09311_ses-E20696_run-1_bp-chest_vp-pa_cr.png,0.9535638309303274,0.911248921927343,5.0,1.816289232005694
qata_test_sub-S09311_ses-E21848_run-1_bp-chest_vp-ap_cr,sub-S09311,probabilities/qata_test_sub-S09311_ses-E21848_run-1_bp-chest_vp-ap_cr.npy,masks/qata_test_sub-S09311_ses-E21848_run-1_bp-chest_vp-ap_cr.png,0.9510201213371647,0.906614264660325,5.83940430010299,2.020178868402241
qata_test_sub-S09311_ses-E21850_run-1_bp-chest_vp-ap_cr,sub-S09311,probabilities/qata_test_sub-S09311_ses-E21850_run-1_bp-chest_vp-ap_cr.npy,masks/qata_test_sub-S09311_ses-E21850_run-1_bp-chest_vp-ap_cr.png,0.959252210903506,0.9216951704855239,4.437711664817514,1.3670701444943845
qata_test_sub-S09312_ses-E23677_run-1_bp-chest_vp-ap_dx,sub-S09312,probabilities/qata_test_sub-S09312_ses-E23677_run-1_bp-chest_vp-ap_dx.npy,masks/qata_test_sub-S09312_ses-E23677_run-1_bp-chest_vp-ap_dx.png,0.9629999762058605,0.9286402643296378,4.123105625617661,1.3957419660263612
qata_test_sub-S09312_ses-E23812_run-1_bp-chest_vp-ap_dx,sub-S09312,probabilities/qata_test_sub-S09312_ses-E23812_run-1_bp-chest_vp-ap_dx.npy,masks/qata_test_sub-S09312_ses-E23812_run-1_bp-chest_vp-ap_dx.png,0.9297207648270054,0.8686712161400939,29.0,4.536909296986061
qata_test_sub-S09312_ses-E24141_run-1_bp-chest_vp-ap_dx,sub-S09312,probabilities/qata_test_sub-S09312_ses-E24141_run-1_bp-chest_vp-ap_dx.npy,masks/qata_test_sub-S09312_ses-E24141_run-1_bp-chest_vp-ap_dx.png,0.6247288503281867,0.4542586750848008,47.74513450485113,12.504345874974005
qata_test_sub-S09312_ses-E24163_run-1_bp-chest_vp-ap_dx,sub-S09312,probabilities/qata_test_sub-S09312_ses-E24163_run-1_bp-chest_vp-ap_dx.npy,masks/qata_test_sub-S09312_ses-E24163_run-1_bp-chest_vp-ap_dx.png,0.9491349992607772,0.9031940340512762,10.198039027185569,2.4888566140851673
qata_test_sub-S09312_ses-E24866_run-1_bp-chest_vp-ap_dx,sub-S09312,probabilities/qata_test_sub-S09312_ses-E24866_run-1_bp-chest_vp-ap_dx.npy,masks/qata_test_sub-S09312_ses-E24866_run-1_bp-chest_vp-ap_dx.png,0.9274124679762438,0.8646496815292012,11.180339887498949,2.849481503725402
qata_test_sub-S09312_ses-E25262_run-1_bp-chest_vp-ap_dx,sub-S09312,probabilities/qata_test_sub-S09312_ses-E25262_run-1_bp-chest_vp-ap_dx.npy,masks/qata_test_sub-S09312_ses-E25262_run-1_bp-chest_vp-ap_dx.png,0.7420701168621534,0.5899137359009515,101.40636006542655,21.397077154292923
qata_test_sub-S09312_ses-E26157_run-1_bp-chest_vp-ap_dx,sub-S09312,probabilities/qata_test_sub-S09312_ses-E26157_run-1_bp-chest_vp-ap_dx.npy,masks/qata_test_sub-S09312_ses-E26157_run-1_bp-chest_vp-ap_dx.png,0.9050158156350565,0.8265103994723456,18.973665961010276,4.165139176810624
qata_test_sub-S09313_ses-E16098_run-1_bp-chest_vp-ap_cr,sub-S09313,probabilities/qata_test_sub-S09313_ses-E16098_run-1_bp-chest_vp-ap_cr.npy,masks/qata_test_sub-S09313_ses-E16098_run-1_bp-chest_vp-ap_cr.png,0.956647129965679,0.9168970129294833,5.0,1.7688970035788403
qata_test_sub-S09313_ses-E16120_run-1_bp-chest_vp-ap_dx,sub-S09313,probabilities/qata_test_sub-S09313_ses-E16120_run-1_bp-chest_vp-ap_dx.npy,masks/qata_test_sub-S09313_ses-E16120_run-1_bp-chest_vp-ap_dx.png,0.8900636484745722,0.8019051247864283,31.144823004794873,5.559949868093312
qata_test_sub-S09313_ses-E20772_run-1_bp-chest_vp-ap_dx,sub-S09313,probabilities/qata_test_sub-S09313_ses-E20772_run-1_bp-chest_vp-ap_dx.npy,masks/qata_test_sub-S09313_ses-E20772_run-1_bp-chest_vp-ap_dx.png,0.5905832203087865,0.4190266703380164,58.58156198902657,14.487825488322988
qata_test_sub-S09313_ses-E23360_run-1_bp-chest_vp-ap_dx,sub-S09313,probabilities/qata_test_sub-S09313_ses-E23360_run-1_bp-chest_vp-ap_dx.npy,masks/qata_test_sub-S09313_ses-E23360_run-1_bp-chest_vp-ap_dx.png,0.793773055240253,0.6580627788903752,63.788713735268246,13.433949040971159
qata_test_sub-S09313_ses-E24131_run-1_bp-chest_vp-ap_dx,sub-S09313,probabilities/qata_test_sub-S09313_ses-E24131_run-1_bp-chest_vp-ap_dx.npy,masks/qata_test_sub-S09313_ses-E24131_run-1_bp-chest_vp-ap_dx.png,0.7441272896810415,0.5925180821018704,71.00800399863908,11.160117327257975
qata_test_sub-S09313_ses-E24544_run-1_bp-chest_vp-ap_dx,sub-S09313,probabilities/qata_test_sub-S09313_ses-E24544_run-1_bp-chest_vp-ap_dx.npy,masks/qata_test_sub-S09313_ses-E24544_run-1_bp-chest_vp-ap_dx.png,0.5920180966246888,0.4204728023902887,49.801593269984764,15.926068267625364
qata_test_sub-S09314_ses-E16099_run-1_bp-chest_vp-ap_cr,sub-S09314,probabilities/qata_test_sub-S09314_ses-E16099_run-1_bp-chest_vp-ap_cr.npy,masks/qata_test_sub-S09314_ses-E16099_run-1_bp-chest_vp-ap_cr.png,0.8591989987490649,0.7531541415268933,16.76305461424021,4.959133789576147
qata_test_sub-S09314_ses-E17345_run-1_bp-chest_vp-ap_cr,sub-S09314,probabilities/qata_test_sub-S09314_ses-E17345_run-1_bp-chest_vp-ap_cr.npy,masks/qata_test_sub-S09314_ses-E17345_run-1_bp-chest_vp-ap_cr.png,0.8230015566344131,0.6992375914124038,72.45548593074602,14.84317761269184
qata_test_sub-S09314_ses-E17536_run-1_bp-chest_vp-ap_cr,sub-S09314,probabilities/qata_test_sub-S09314_ses-E17536_run-1_bp-chest_vp-ap_cr.npy,masks/qata_test_sub-S09314_ses-E17536_run-1_bp-chest_vp-ap_cr.png,0.8402492859001811,0.7245085307432515,71.58910531638176,12.44027914560471
qata_test_sub-S09314_ses-E18183_run-1_bp-chest_vp-ap_cr,sub-S09314,probabilities/qata_test_sub-S09314_ses-E18183_run-1_bp-chest_vp-ap_cr.npy,masks/qata_test_sub-S09314_ses-E18183_run-1_bp-chest_vp-ap_cr.png,0.9388425033898551,0.8847343644927831,8.670714595633871,2.626522827180781
qata_test_sub-S09314_ses-E18479_run-1_bp-chest_vp-ap_cr,sub-S09314,probabilities/qata_test_sub-S09314_ses-E18479_run-1_bp-chest_vp-ap_cr.npy,masks/qata_test_sub-S09314_ses-E18479_run-1_bp-chest_vp-ap_cr.png,0.9142249187683981,0.8420021186449047,12.247245931013522,2.9154952814749695
qata_test_sub-S09314_ses-E18752_run-1_bp-chest_vp-ap_cr,sub-S09314,probabilities/qata_test_sub-S09314_ses-E18752_run-1_bp-chest_vp-ap_cr.npy,masks/qata_test_sub-S09314_ses-E18752_run-1_bp-chest_vp-ap_cr.png,0.8142128612305062,0.686643356645548,58.587890403463085,10.697629324112603
qata_test_sub-S09314_ses-E20304_run-1_bp-chest_vp-ap_cr,sub-S09314,probabilities/qata_test_sub-S09314_ses-E20304_run-1_bp-chest_vp-ap_cr.npy,masks/qata_test_sub-S09314_ses-E20304_run-1_bp-chest_vp-ap_cr.png,0.9419978782721684,0.8903553772974053,6.359911333029985,2.4131057852726503
qata_test_sub-S09314_ses-E20960_run-1_bp-chest_vp-ap_cr,sub-S09314,probabilities/qata_test_sub-S09314_ses-E20960_run-1_bp-chest_vp-ap_cr.npy,masks/qata_test_sub-S09314_ses-E20960_run-1_bp-chest_vp-ap_cr.png,0.837858059000439,0.7209601765867657,16.15549442140351,4.567135028588272
qata_test_sub-S09314_ses-E21527_run-1_bp-chest_vp-ap_cr,sub-S09314,probabilities/qata_test_sub-S09314_ses-E21527_run-1_bp-chest_vp-ap_cr.npy,masks/qata_test_sub-S09314_ses-E21527_run-1_bp-chest_vp-ap_cr.png,0.8612437721045479,0.7563021400083592,63.65683424582239,10.727997359123789
qata_test_sub-S09314_ses-E22365_run-1_bp-chest_vp-pa_cr,sub-S09314,probabilities/qata_test_sub-S09314_ses-E22365_run-1_bp-chest_vp-pa_cr.npy,masks/qata_test_sub-S09314_ses-E22365_run-1_bp-chest_vp-pa_cr.png,0.7870046948364807,0.648810998268214,24.07695536799829,6.393863205205558
qata_test_sub-S09314_ses-E22839_run-1_bp-chest_vp-ap_cr,sub-S09314,probabilities/qata_test_sub-S09314_ses-E22839_run-1_bp-chest_vp-ap_cr.npy,masks/qata_test_sub-S09314_ses-E22839_run-1_bp-chest_vp-ap_cr.png,0.9181190167270082,0.8486321794378042,22.47220505424423,4.329448747423072
qata_test_sub-S09314_ses-E25542_run-1_bp-chest_vp-ap_cr,sub-S09314,probabilities/qata_test_sub-S09314_ses-E25542_run-1_bp-chest_vp-ap_cr.npy,masks/qata_test_sub-S09314_ses-E25542_run-1_bp-chest_vp-ap_cr.png,0.8761841888104434,0.779651060331436,23.021728866442675,4.559553638149522
qata_test_sub-S09314_ses-E25840_acq-1_run-1_bp-chest_vp-ap_cr,sub-S09314,probabilities/qata_test_sub-S09314_ses-E25840_acq-1_run-1_bp-chest_vp-ap_cr.npy,masks/qata_test_sub-S09314_ses-E25840_acq-1_run-1_bp-chest_vp-ap_cr.png,0.8509073736765469,0.740503728058824,24.166091947189145,5.906844513230847
qata_test_sub-S09314_ses-E26336_acq-1_run-1_bp-chest_vp-ap_cr,sub-S09314,probabilities/qata_test_sub-S09314_ses-E26336_acq-1_run-1_bp-chest_vp-ap_cr.npy,masks/qata_test_sub-S09314_ses-E26336_acq-1_run-1_bp-chest_vp-ap_cr.png,0.9025247424766611,0.8223645465266316,12.165525060596439,3.178558140459196
qata_test_sub-S09315_ses-E17116_run-1_bp-chest_vp-ap_cr,sub-S09315,probabilities/qata_test_sub-S09315_ses-E17116_run-1_bp-chest_vp-ap_cr.npy,masks/qata_test_sub-S09315_ses-E17116_run-1_bp-chest_vp-ap_cr.png,0.6171602787539817,0.44629921261586464,213.75511615284648,49.115298627952164
qata_test_sub-S09315_ses-E21849_run-1_bp-chest_vp-ap_cr,sub-S09315,probabilities/qata_test_sub-S09315_ses-E21849_run-1_bp-chest_vp-ap_cr.npy,masks/qata_test_sub-S09315_ses-E21849_run-1_bp-chest_vp-ap_cr.png,0.7589010372869108,0.6114750395319112,144.31647217990252,35.144603647550944
qata_test_sub-S09315_ses-E23004_run-1_bp-chest_vp-ap_cr,sub-S09315,probabilities/qata_test_sub-S09315_ses-E23004_run-1_bp-chest_vp-ap_cr.npy,masks/qata_test_sub-S09315_ses-E23004_run-1_bp-chest_vp-ap_cr.png,0.5096179183264923,0.34193776522836145,145.03465077614237,28.961033590702808
qata_test_sub-S09315_ses-E23347_run-1_bp-chest_vp-ap_cr,sub-S09315,probabilities/qata_test_sub-S09315_ses-E23347_run-1_bp-chest_vp-ap_cr.npy,masks/qata_test_sub-S09315_ses-E23347_run-1_bp-chest_vp-ap_cr.png,0.5822667516095311,0.41070261438389943,68.11754546370561,14.813977721231906
qata_test_sub-S09317_ses-E19170_run-1_bp-chest_vp-ap_cr,sub-S09317,probabilities/qata_test_sub-S09317_ses-E19170_run-1_bp-chest_vp-ap_cr.npy,masks/qata_test_sub-S09317_ses-E19170_run-1_bp-chest_vp-ap_cr.png,0.11427585017928057,0.06060051264993409,155.26783287079044,59.98262273430463
qata_test_sub-S09317_ses-E21228_run-1_bp-chest_vp-pa_cr,sub-S09317,probabilities/qata_test_sub-S09317_ses-E21228_run-1_bp-chest_vp-pa_cr.npy,masks/qata_test_sub-S09317_ses-E21228_run-1_bp-chest_vp-pa_cr.png,0.46542932898589,0.3032961190917659,151.83543209518507,45.86320118302964
qata_test_sub-S09317_ses-E22213_run-1_bp-chest_vp-ap_dx,sub-S09317,probabilities/qata_test_sub-S09317_ses-E22213_run-1_bp-chest_vp-ap_dx.npy,masks/qata_test_sub-S09317_ses-E22213_run-1_bp-chest_vp-ap_dx.png,0.638535132740046,0.4690059568180472,112.72528746890045,33.26001768473488
qata_test_sub-S09317_ses-E23874_run-1_bp-chest_vp-ap_dx,sub-S09317,probabilities/qata_test_sub-S09317_ses-E23874_run-1_bp-chest_vp-ap_dx.npy,masks/qata_test_sub-S09317_ses-E23874_run-1_bp-chest_vp-ap_dx.png,0.5348796953476295,0.3650756143742311,136.57615393815934,42.132987409955554
qata_test_sub-S09317_ses-E24206_run-1_bp-chest_vp-ap_cr,sub-S09317,probabilities/qata_test_sub-S09317_ses-E24206_run-1_bp-chest_vp-ap_cr.npy,masks/qata_test_sub-S09317_ses-E24206_run-1_bp-chest_vp-ap_cr.png,0.2238890783131732,0.12605579729810526,195.2094869671209,87.79896866038705
qata_test_sub-S09317_ses-E26697_run-1_bp-chest_vp-pa_cr,sub-S09317,probabilities/qata_test_sub-S09317_ses-E26697_run-1_bp-chest_vp-pa_cr.npy,masks/qata_test_sub-S09317_ses-E26697_run-1_bp-chest_vp-pa_cr.png,0.7646829159475449,0.6190175185152698,26.944361662980537,7.250863412509158
qata_test_sub-S09318_ses-E16103_run-1_bp-chest_vp-ap_cr,sub-S09318,probabilities/qata_test_sub-S09318_ses-E16103_run-1_bp-chest_vp-ap_cr.npy,masks/qata_test_sub-S09318_ses-E16103_run-1_bp-chest_vp-ap_cr.png,0.9294929413631768,0.8682735287583823,13.0,4.01034666019592
qata_test_sub-S09318_ses-E16124_run-1_bp-chest_vp-ap_cr,sub-S09318,probabilities/qata_test_sub-S09318_ses-E16124_run-1_bp-chest_vp-ap_cr.npy,masks/qata_test_sub-S09318_ses-E16124_run-1_bp-chest_vp-ap_cr.png,0.593265993267515,0.4217328865516635,80.77747210701756,23.6811478122508
qata_test_sub-S09318_ses-E23380_run-1_bp-chest_vp-ap_cr,sub-S09318,probabilities/qata_test_sub-S09318_ses-E23380_run-1_bp-chest_vp-ap_cr.npy,masks/qata_test_sub-S09318_ses-E23380_run-1_bp-chest_vp-ap_cr.png,8.47888756987893e-12,8.47888756987893e-12,202.74036226427984,123.80232911043441
qata_test_sub-S09318_ses-E23744_run-1_bp-chest_vp-ap_cr,sub-S09318,probabilities/qata_test_sub-S09318_ses-E23744_run-1_bp-chest_vp-ap_cr.npy,masks/qata_test_sub-S09318_ses-E23744_run-1_bp-chest_vp-ap_cr.png,0.4038742690094793,0.25303411953856164,125.74747684441081,30.65181912255989
qata_test_sub-S09318_ses-E23820_run-1_bp-chest_vp-ap_cr,sub-S09318,probabilities/qata_test_sub-S09318_ses-E23820_run-1_bp-chest_vp-ap_cr.npy,masks/qata_test_sub-S09318_ses-E23820_run-1_bp-chest_vp-ap_cr.png,0.9343561818074719,0.8767997016043387,12.041594578792296,2.8483633863846154
qata_test_sub-S09318_ses-E24145_run-1_bp-chest_vp-ap_cr,sub-S09318,probabilities/qata_test_sub-S09318_ses-E24145_run-1_bp-chest_vp-ap_cr.npy,masks/qata_test_sub-S09318_ses-E24145_run-1_bp-chest_vp-ap_cr.png,0.250773233839409,0.14336233511567015,173.54999000748796,81.24921172177535
qata_test_sub-S09318_ses-E24890_run-1_bp-chest_vp-ap_cr,sub-S09318,probabilities/qata_test_sub-S09318_ses-E24890_run-1_bp-chest_vp-ap_cr.npy,masks/qata_test_sub-S09318_ses-E24890_run-1_bp-chest_vp-ap_cr.png,0.32309329549725757,0.19267219496026114,133.75825455348655,36.95155428679284
qata_test_sub-S09318_ses-E24985_run-1_bp-chest_vp-ap_cr,sub-S09318,probabilities/qata_test_sub-S09318_ses-E24985_run-1_bp-chest_vp-ap_cr.npy,masks/qata_test_sub-S09318_ses-E24985_run-1_bp-chest_vp-ap_cr.png,0.02047267801429721,0.01034220533071983,191.47843428612344,86.59242604228399
qata_test_sub-S09318_ses-E25824_run-1_bp-chest_vp-ap_cr,sub-S09318,probabilities/qata_test_sub-S09318_ses-E25824_run-1_bp-chest_vp-ap_cr.npy,masks/qata_test_sub-S09318_ses-E25824_run-1_bp-chest_vp-ap_cr.png,0.26189376443986223,0.15067765081804696,191.3859958531174,87.13146246998183
qata_test_sub-S09318_ses-E26199_run-1_bp-chest_vp-ap_cr,sub-S09318,probabilities/qata_test_sub-S09318_ses-E26199_run-1_bp-chest_vp-ap_cr.npy,masks/qata_test_sub-S09318_ses-E26199_run-1_bp-chest_vp-ap_cr.png,0.684622067769899,0.5204755614330188,31.324088735240682,10.8364049870316
qata_test_sub-S09319_ses-E16104_run-1_bp-chest_vp-pa_dx,sub-S09319,probabilities/qata_test_sub-S09319_ses-E16104_run-1_bp-chest_vp-pa_dx.npy,masks/qata_test_sub-S09319_ses-E16104_run-1_bp-chest_vp-pa_dx.png,0.5589371980782866,0.38786456589380275,146.2155558151422,24.765081552374436
qata_test_sub-S09319_ses-E20093_run-1_bp-chest_vp-ap_dx,sub-S09319,probabilities/qata_test_sub-S09319_ses-E20093_run-1_bp-chest_vp-ap_dx.npy,masks/qata_test_sub-S09319_ses-E20093_run-1_bp-chest_vp-ap_dx.png,0.585820425644304,0.41424755121256907,106.44126695485357,14.610066896310407
qata_test_sub-S09319_ses-E26763_run-1_bp-chest_vp-ap_dx,sub-S09319,probabilities/qata_test_sub-S09319_ses-E26763_run-1_bp-chest_vp-ap_dx.npy,masks/qata_test_sub-S09319_ses-E26763_run-1_bp-chest_vp-ap_dx.png,0.9451579312739584,0.8960184271145245,21.509272324808638,3.4759461255830875
qata_test_sub-S09320_ses-E19508_run-1_bp-chest_vp-ap_cr,sub-S09320,probabilities/qata_test_sub-S09320_ses-E19508_run-1_bp-chest_vp-ap_cr.npy,masks/qata_test_sub-S09320_ses-E19508_run-1_bp-chest_vp-ap_cr.png,0.9110474071540496,0.8366272445096985,13.45362404707371,4.465691509938977
qata_test_sub-S09320_ses-E20473_run-1_bp-chest_vp-ap_cr,sub-S09320,probabilities/qata_test_sub-S09320_ses-E20473_run-1_bp-chest_vp-ap_cr.npy,masks/qata_test_sub-S09320_ses-E20473_run-1_bp-chest_vp-ap_cr.png,0.8846105763225212,0.7930957184503243,10.0,3.5532391484912833
qata_test_sub-S09320_ses-E21937_run-1_bp-chest_vp-ap_cr,sub-S09320,probabilities/qata_test_sub-S09320_ses-E21937_run-1_bp-chest_vp-ap_cr.npy,masks/qata_test_sub-S09320_ses-E21937_run-1_bp-chest_vp-ap_cr.png,0.9286297809137444,0.8667683349517069,7.615773105863909,2.419223809243531
qata_test_sub-S09320_ses-E22690_run-1_bp-chest_vp-ap_cr,sub-S09320,probabilities/qata_test_sub-S09320_ses-E22690_run-1_bp-chest_vp-ap_cr.npy,masks/qata_test_sub-S09320_ses-E22690_run-1_bp-chest_vp-ap_cr.png,0.7498346925290212,0.5997884344170206,31.662206742298196,8.729485618013165
qata_test_sub-S09322_ses-E21159_run-1_bp-chest_vp-ap_dx,sub-S09322,probabilities/qata_test_sub-S09322_ses-E21159_run-1_bp-chest_vp-ap_dx.npy,masks/qata_test_sub-S09322_ses-E21159_run-1_bp-chest_vp-ap_dx.png,0.8058096194316836,0.6747748370311317,69.50501132567258,11.752611550803486
qata_test_sub-S09323_ses-E16108_run-1_bp-chest_vp-ap_cr,sub-S09323,probabilities/qata_test_sub-S09323_ses-E16108_run-1_bp-chest_vp-ap_cr.npy,masks/qata_test_sub-S09323_ses-E16108_run-1_bp-chest_vp-ap_cr.png,0.39605929140097557,0.24692888539110863,73.56302171796357,18.567176673614426
qata_test_sub-S09323_ses-E20699_run-1_bp-chest_vp-ap_cr,sub-S09323,probabilities/qata_test_sub-S09323_ses-E20699_run-1_bp-chest_vp-ap_cr.npy,masks/qata_test_sub-S09323_ses-E20699_run-1_bp-chest_vp-ap_cr.png,0.4400244798212967,0.2820714005774001,157.61608398513312,47.27052133228243
qata_test_sub-S09323_ses-E20955_run-1_bp-chest_vp-ap_dx,sub-S09323,probabilities/qata_test_sub-S09323_ses-E20955_run-1_bp-chest_vp-ap_dx.npy,masks/qata_test_sub-S09323_ses-E20955_run-1_bp-chest_vp-ap_dx.png,0.8682981505705941,0.767249917467071,16.727133323096126,3.3883490986945652
qata_test_sub-S09323_ses-E22350_run-1_bp-chest_vp-ap_dx,sub-S09323,probabilities/qata_test_sub-S09323_ses-E22350_run-1_bp-chest_vp-ap_dx.npy,masks/qata_test_sub-S09323_ses-E22350_run-1_bp-chest_vp-ap_dx.png,0.6360362053317171,0.46631458094389755,91.50672726934113,22.41741622191536
qata_test_sub-S09324_ses-E19389_run-1_bp-chest_vp-pa_cr,sub-S09324,probabilities/qata_test_sub-S09324_ses-E19389_run-1_bp-chest_vp-pa_cr.npy,masks/qata_test_sub-S09324_ses-E19389_run-1_bp-chest_vp-pa_cr.png,0.5900107097693504,0.41845049027180703,180.48363431751926,52.54644566238095
qata_test_sub-S09324_ses-E20634_run-1_bp-chest_vp-pa_cr,sub-S09324,probabilities/qata_test_sub-S09324_ses-E20634_run-1_bp-chest_vp-pa_cr.npy,masks/qata_test_sub-S09324_ses-E20634_run-1_bp-chest_vp-pa_cr.png,0.46870364878467213,0.30608291362626566,225.7432169523594,81.38733495878475
qata_test_sub-S09325_ses-E16110_run-1_bp-chest_vp-ap_dx,sub-S09325,probabilities/qata_test_sub-S09325_ses-E16110_run-1_bp-chest_vp-ap_dx.npy,masks/qata_test_sub-S09325_ses-E16110_run-1_bp-chest_vp-ap_dx.png,1.2919896639157636e-10,1.2919896639157636e-10,543.0580079512685,543.0580079512685
qata_test_sub-S09325_ses-E20192_run-1_bp-chest_vp-ap_dx,sub-S09325,probabilities/qata_test_sub-S09325_ses-E20192_run-1_bp-chest_vp-ap_dx.npy,masks/qata_test_sub-S09325_ses-E20192_run-1_bp-chest_vp-ap_dx.png,0.5303822937720245,0.36089813802407184,184.02077992954113,76.78191096291191
qata_test_sub-S09325_ses-E22792_run-1_bp-chest_vp-ap_dx,sub-S09325,probabilities/qata_test_sub-S09325_ses-E22792_run-1_bp-chest_vp-ap_dx.npy,masks/qata_test_sub-S09325_ses-E22792_run-1_bp-chest_vp-ap_dx.png,0.8831781140864867,0.7907958513587805,17.46424919657298,4.102602638724713
qata_test_sub-S09326_ses-E19220_run-1_bp-chest_vp-pa_cr,sub-S09326,probabilities/qata_test_sub-S09326_ses-E19220_run-1_bp-chest_vp-pa_cr.npy,masks/qata_test_sub-S09326_ses-E19220_run-1_bp-chest_vp-pa_cr.png,0.6878942625459914,0.5242673992782906,13.601470508735444,4.210352543783385
qata_test_sub-S09326_ses-E23374_run-1_bp-chest_vp-pa_cr,sub-S09326,probabilities/qata_test_sub-S09326_ses-E23374_run-1_bp-chest_vp-pa_cr.npy,masks/qata_test_sub-S09326_ses-E23374_run-1_bp-chest_vp-pa_cr.png,0.7465623817365137,0.59561191627223,20.074767078498855,4.844255957972754
qata_test_sub-S09327_ses-E16112_run-1_bp-chest_vp-ap_dx,sub-S09327,probabilities/qata_test_sub-S09327_ses-E16112_run-1_bp-chest_vp-ap_dx.npy,masks/qata_test_sub-S09327_ses-E16112_run-1_bp-chest_vp-ap_dx.png,0.7560407802846671,0.6077697470327575,75.0,16.22580472535492
qata_test_sub-S09328_ses-E16113_run-1_bp-chest_vp-ap_dx,sub-S09328,probabilities/qata_test_sub-S09328_ses-E16113_run-1_bp-chest_vp-ap_dx.npy,masks/qata_test_sub-S09328_ses-E16113_run-1_bp-chest_vp-ap_dx.png,0.31464395553211916,0.18669286918603745,54.48730527144654,18.898313214254298
qata_test_sub-S09328_ses-E23378_run-1_bp-chest_vp-ap_dx,sub-S09328,probabilities/qata_test_sub-S09328_ses-E23378_run-1_bp-chest_vp-ap_dx.npy,masks/qata_test_sub-S09328_ses-E23378_run-1_bp-chest_vp-ap_dx.png,0.7256524506718568,0.5694305694391723,20.826642289468886,5.361543807640105
qata_test_sub-S09331_ses-E16729_run-1_bp-chest_vp-ap_dx,sub-S09331,probabilities/qata_test_sub-S09331_ses-E16729_run-1_bp-chest_vp-ap_dx.npy,masks/qata_test_sub-S09331_ses-E16729_run-1_bp-chest_vp-ap_dx.png,0.9265783511258668,0.8632007302051297,18.788294228055936,3.5526882953914396
qata_test_sub-S09331_ses-E18504_acq-2_run-1_bp-chest_vp-ap_dx,sub-S09331,probabilities/qata_test_sub-S09331_ses-E18504_acq-2_run-1_bp-chest_vp-ap_dx.npy,masks/qata_test_sub-S09331_ses-E18504_acq-2_run-1_bp-chest_vp-ap_dx.png,0.8901383508580185,0.8020264071171486,64.02968025561205,9.85635433660382
qata_test_sub-S09331_ses-E20337_run-1_bp-chest_vp-ap_dx,sub-S09331,probabilities/qata_test_sub-S09331_ses-E20337_run-1_bp-chest_vp-ap_dx.npy,masks/qata_test_sub-S09331_ses-E20337_run-1_bp-chest_vp-ap_dx.png,0.777426026761687,0.6358928324829586,59.0,11.736703081804215
qata_test_sub-S09331_ses-E21867_run-1_bp-chest_vp-ap_dx,sub-S09331,probabilities/qata_test_sub-S09331_ses-E21867_run-1_bp-chest_vp-ap_dx.npy,masks/qata_test_sub-S09331_ses-E21867_run-1_bp-chest_vp-ap_dx.png,0.9404761904763322,0.8876404494387072,7.0,2.4579951445712376
qata_test_sub-S09331_ses-E21867_run-2_bp-chest_vp-ap_dx,sub-S09331,probabilities/qata_test_sub-S09331_ses-E21867_run-2_bp-chest_vp-ap_dx.npy,masks/qata_test_sub-S09331_ses-E21867_run-2_bp-chest_vp-ap_dx.png,0.9220602069616132,0.855391194310532,14.142135623730951,3.404799814854056
qata_test_sub-S09331_ses-E21867_run-3_bp-chest_vp-ap_dx,sub-S09331,probabilities/qata_test_sub-S09331_ses-E21867_run-3_bp-chest_vp-ap_dx.npy,masks/qata_test_sub-S09331_ses-E21867_run-3_bp-chest_vp-ap_dx.png,0.8780839186028316,0.7826645264856233,66.80749128554655,10.331127623754288
qata_test_sub-S09331_ses-E26757_run-1_bp-chest_vp-pa_dx,sub-S09331,probabilities/qata_test_sub-S09331_ses-E26757_run-1_bp-chest_vp-pa_dx.npy,masks/qata_test_sub-S09331_ses-E26757_run-1_bp-chest_vp-pa_dx.png,0.6403834261004918,0.4710029565673072,17.78338164774098,6.022972164253235
qata_test_sub-S09332_ses-E22940_run-1_bp-chest_vp-pa_cr,sub-S09332,probabilities/qata_test_sub-S09332_ses-E22940_run-1_bp-chest_vp-pa_cr.npy,masks/qata_test_sub-S09332_ses-E22940_run-1_bp-chest_vp-pa_cr.png,0.7533206831136262,0.6042617960469203,163.521863322725,40.88879546368145
qata_test_sub-S09332_ses-E23999_run-1_bp-chest_vp-pa_cr,sub-S09332,probabilities/qata_test_sub-S09332_ses-E23999_run-1_bp-chest_vp-pa_cr.npy,masks/qata_test_sub-S09332_ses-E23999_run-1_bp-chest_vp-pa_cr.png,0.8851311953357922,0.7939330543949635,165.4040379676149,25.566184388005972
qata_test_sub-S09332_ses-E24659_run-1_bp-chest_vp-pa_cr,sub-S09332,probabilities/qata_test_sub-S09332_ses-E24659_run-1_bp-chest_vp-pa_cr.npy,masks/qata_test_sub-S09332_ses-E24659_run-1_bp-chest_vp-pa_cr.png,0.9125065489113371,0.8390915347567853,14.354355476779205,3.396939234969387
qata_test_sub-S09333_ses-E23536_run-1_bp-chest_vp-ap_dx,sub-S09333,probabilities/qata_test_sub-S09333_ses-E23536_run-1_bp-chest_vp-ap_dx.npy,masks/qata_test_sub-S09333_ses-E23536_run-1_bp-chest_vp-ap_dx.png,0.8212371733628797,0.6966941566243977,29.0,5.900541774368709
qata_test_sub-S09333_ses-E23993_run-1_bp-chest_vp-ap_dx,sub-S09333,probabilities/qata_test_sub-S09333_ses-E23993_run-1_bp-chest_vp-ap_dx.npy,masks/qata_test_sub-S09333_ses-E23993_run-1_bp-chest_vp-ap_dx.png,0.9620828335568163,0.9269360452470988,6.0,1.9895859655137484
qata_test_sub-S09333_ses-E24256_run-1_bp-chest_vp-ap_cr,sub-S09333,probabilities/qata_test_sub-S09333_ses-E24256_run-1_bp-chest_vp-ap_cr.npy,masks/qata_test_sub-S09333_ses-E24256_run-1_bp-chest_vp-ap_cr.png,0.5963863992052146,0.4248935738940138,174.01221218695107,36.930324993609474
qata_test_sub-S09333_ses-E24648_run-1_bp-chest_vp-ap_dx,sub-S09333,probabilities/qata_test_sub-S09333_ses-E24648_run-1_bp-chest_vp-ap_dx.npy,masks/qata_test_sub-S09333_ses-E24648_run-1_bp-chest_vp-ap_dx.png,0.6875133209521435,0.5238249895628273,100.62305898749054,21.810550751511094
qata_test_sub-S09333_ses-E24931_run-1_bp-chest_vp-ap_cr,sub-S09333,probabilities/qata_test_sub-S09333_ses-E24931_run-1_bp-chest_vp-ap_cr.npy,masks/qata_test_sub-S09333_ses-E24931_run-1_bp-chest_vp-ap_cr.png,0.772052730697657,0.6287344334726168,22.0,6.031113563895288
qata_test_sub-S09334_ses-E20884_run-1_bp-chest_vp-ap_dx,sub-S09334,probabilities/qata_test_sub-S09334_ses-E20884_run-1_bp-chest_vp-ap_dx.npy,masks/qata_test_sub-S09334_ses-E20884_run-1_bp-chest_vp-ap_dx.png,0.8170697412825969,0.6907167478909052,40.19203623879612,10.01747613656385
qata_test_sub-S09334_ses-E21425_run-1_bp-chest_vp-ap_dx,sub-S09334,probabilities/qata_test_sub-S09334_ses-E21425_run-1_bp-chest_vp-ap_dx.npy,masks/qata_test_sub-S09334_ses-E21425_run-1_bp-chest_vp-ap_dx.png,0.797166379476174,0.6627403540069863,23.08679276123039,7.337036274281459
qata_test_sub-S09334_ses-E21582_run-1_bp-chest_vp-ap_dx,sub-S09334,probabilities/qata_test_sub-S09334_ses-E21582_run-1_bp-chest_vp-ap_dx.npy,masks/qata_test_sub-S09334_ses-E21582_run-1_bp-chest_vp-ap_dx.png,0.5084123785660319,0.3408531763479904,126.15823176721216,30.972236454359
qata_test_sub-S09334_ses-E21749_run-1_bp-chest_vp-ap_dx,sub-S09334,probabilities/qata_test_sub-S09334_ses-E21749_run-1_bp-chest_vp-ap_dx.npy,masks/qata_test_sub-S09334_ses-E21749_run-1_bp-chest_vp-ap_dx.png,0.8913007039895003,0.8039156398828183,27.880095179304647,5.097946021496169
qata_test_sub-S09334_ses-E21958_run-1_bp-chest_vp-ap_dx,sub-S09334,probabilities/qata_test_sub-S09334_ses-E21958_run-1_bp-chest_vp-ap_dx.npy,masks/qata_test_sub-S09334_ses-E21958_run-1_bp-chest_vp-ap_dx.png,0.8840510907654933,0.7921967425662743,24.0,4.98842095092034
qata_test_sub-S09334_ses-E22097_run-1_bp-chest_vp-ap_dx,sub-S09334,probabilities/qata_test_sub-S09334_ses-E22097_run-1_bp-chest_vp-ap_dx.npy,masks/qata_test_sub-S09334_ses-E22097_run-1_bp-chest_vp-ap_dx.png,0.8416395317048007,0.726578258445017,30.019158575464182,7.516734940260488
qata_test_sub-S09334_ses-E22257_run-1_bp-chest_vp-ap_dx,sub-S09334,probabilities/qata_test_sub-S09334_ses-E22257_run-1_bp-chest_vp-ap_dx.npy,masks/qata_test_sub-S09334_ses-E22257_run-1_bp-chest_vp-ap_dx.png,0.7697996348599067,0.6257514277140601,28.97234787586469,8.129628555816854
qata_test_sub-S09334_ses-E22257_run-2_bp-chest_vp-ap_dx,sub-S09334,probabilities/qata_test_sub-S09334_ses-E22257_run-2_bp-chest_vp-ap_dx.npy,masks/qata_test_sub-S09334_ses-E22257_run-2_bp-chest_vp-ap_dx.png,0.6303707465737411,0.4602491842223357,148.0,41.24008635623153
qata_test_sub-S09336_ses-E26268_run-1_bp-chest_vp-pa_cr,sub-S09336,probabilities/qata_test_sub-S09336_ses-E26268_run-1_bp-chest_vp-pa_cr.npy,masks/qata_test_sub-S09336_ses-E26268_run-1_bp-chest_vp-pa_cr.png,0.7687884084130981,0.624416155329019,24.0,6.896227862520498
qata_test_sub-S09337_ses-E20401_run-1_bp-chest_vp-ap_cr,sub-S09337,probabilities/qata_test_sub-S09337_ses-E20401_run-1_bp-chest_vp-ap_cr.npy,masks/qata_test_sub-S09337_ses-E20401_run-1_bp-chest_vp-ap_cr.png,0.8811255438756277,0.7875106443384189,11.180339887498949,3.8231485684702746
qata_test_sub-S09337_ses-E21345_run-1_bp-chest_vp-ap_cr,sub-S09337,probabilities/qata_test_sub-S09337_ses-E21345_run-1_bp-chest_vp-ap_cr.npy,masks/qata_test_sub-S09337_ses-E21345_run-1_bp-chest_vp-ap_cr.png,0.93600949179368,0.8797160168015473,11.180339887498949,2.7819090224262064
qata_test_sub-S09337_ses-E21898_run-1_bp-chest_vp-ap_cr,sub-S09337,probabilities/qata_test_sub-S09337_ses-E21898_run-1_bp-chest_vp-ap_cr.npy,masks/qata_test_sub-S09337_ses-E21898_run-1_bp-chest_vp-ap_cr.png,0.7270834417795686,0.5711948965439503,65.15645235883485,11.669411104790358
qata_test_sub-S09337_ses-E23294_run-1_bp-chest_vp-ap_cr,sub-S09337,probabilities/qata_test_sub-S09337_ses-E23294_run-1_bp-chest_vp-ap_cr.npy,masks/qata_test_sub-S09337_ses-E23294_run-1_bp-chest_vp-ap_cr.png,0.8066991216006808,0.6760232362215599,51.54670714076556,8.20709742173172
qata_test_sub-S09337_ses-E26482_run-1_bp-chest_vp-ap_dx,sub-S09337,probabilities/qata_test_sub-S09337_ses-E26482_run-1_bp-chest_vp-ap_dx.npy,masks/qata_test_sub-S09337_ses-E26482_run-1_bp-chest_vp-ap_dx.png,0.8209428167507898,0.6962705697523515,54.71950085124299,8.482300465149153
qata_test_sub-S09338_ses-E19413_run-1_bp-chest_vp-ap_dx,sub-S09338,probabilities/qata_test_sub-S09338_ses-E19413_run-1_bp-chest_vp-ap_dx.npy,masks/qata_test_sub-S09338_ses-E19413_run-1_bp-chest_vp-ap_dx.png,0.6397167306043122,0.4702819956730958,182.36993144705642,52.60750467183388
qata_test_sub-S09338_ses-E20659_run-1_bp-chest_vp-ap_cr,sub-S09338,probabilities/qata_test_sub-S09338_ses-E20659_run-1_bp-chest_vp-ap_cr.npy,masks/qata_test_sub-S09338_ses-E20659_run-1_bp-chest_vp-ap_cr.png,3.671071952875511e-11,3.671071952875511e-11,543.0580079512685,543.0580079512685
qata_test_sub-S09338_ses-E24068_run-1_bp-chest_vp-ap_dx,sub-S09338,probabilities/qata_test_sub-S09338_ses-E24068_run-1_bp-chest_vp-ap_dx.npy,masks/qata_test_sub-S09338_ses-E24068_run-1_bp-chest_vp-ap_dx.png,0.8197879858692622,0.6946107784532731,158.94505148372338,35.49279273777427
qata_test_sub-S09339_ses-E16128_acq-1_run-1_bp-chest_vp-pa_dx,sub-S09339,probabilities/qata_test_sub-S09339_ses-E16128_acq-1_run-1_bp-chest_vp-pa_dx.npy,masks/qata_test_sub-S09339_ses-E16128_acq-1_run-1_bp-chest_vp-pa_dx.png,0.6857962697324119,0.5218340611469715,190.02368273454758,43.0230108200263
qata_test_sub-S09339_ses-E16833_run-1_bp-chest_vp-ap_dx,sub-S09339,probabilities/qata_test_sub-S09339_ses-E16833_run-1_bp-chest_vp-ap_dx.npy,masks/qata_test_sub-S09339_ses-E16833_run-1_bp-chest_vp-ap_dx.png,0.46083168317258744,0.2994030465284129,33.24154027718932,10.439385578448213
qata_test_sub-S09339_ses-E17821_run-1_bp-chest_vp-pa_dx,sub-S09339,probabilities/qata_test_sub-S09339_ses-E17821_run-1_bp-chest_vp-pa_dx.npy,masks/qata_test_sub-S09339_ses-E17821_run-1_bp-chest_vp-pa_dx.png,0.30273032094359364,0.17836312325158302,161.88727720074922,46.79277095704076
qata_test_sub-S09339_ses-E20698_run-1_bp-chest_vp-pa_dx,sub-S09339,probabilities/qata_test_sub-S09339_ses-E20698_run-1_bp-chest_vp-pa_dx.npy,masks/qata_test_sub-S09339_ses-E20698_run-1_bp-chest_vp-pa_dx.png,0.7635803826750917,0.6175738171605275,143.88095536039592,28.06054396510116
qata_test_sub-S09340_ses-E16129_run-1_bp-chest_vp-ap_cr,sub-S09340,probabilities/qata_test_sub-S09340_ses-E16129_run-1_bp-chest_vp-ap_cr.npy,masks/qata_test_sub-S09340_ses-E16129_run-1_bp-chest_vp-ap_cr.png,0.9475239026728128,0.9002806857840226,8.0,2.3640649835637477
qata_test_sub-S09340_ses-E16136_run-1_bp-chest_vp-ap_cr,sub-S09340,probabilities/qata_test_sub-S09340_ses-E16136_run-1_bp-chest_vp-ap_cr.npy,masks/qata_test_sub-S09340_ses-E16136_run-1_bp-chest_vp-ap_cr.png,0.9372468823931648,0.8819046181712877,8.546919821403769,2.7106010738521844
qata_test_sub-S09340_ses-E16283_run-1_bp-chest_vp-ap_cr,sub-S09340,probabilities/qata_test_sub-S09340_ses-E16283_run-1_bp-chest_vp-ap_cr.npy,masks/qata_test_sub-S09340_ses-E16283_run-1_bp-chest_vp-ap_cr.png,0.9655194452434003,0.9333374521193212,6.0,1.7147846836663527
qata_test_sub-S09340_ses-E16372_run-1_bp-chest_vp-ap_cr,sub-S09340,probabilities/qata_test_sub-S09340_ses-E16372_run-1_bp-chest_vp-ap_cr.npy,masks/qata_test_sub-S09340_ses-E16372_run-1_bp-chest_vp-ap_cr.png,0.8666172656542205,0.7646289637144869,20.12461179749811,6.806535728864716
qata_test_sub-S09340_ses-E16560_run-1_bp-chest_vp-ap_cr,sub-S09340,probabilities/qata_test_sub-S09340_ses-E16560_run-1_bp-chest_vp-ap_cr.npy,masks/qata_test_sub-S09340_ses-E16560_run-1_bp-chest_vp-ap_cr.png,0.9411691075229667,0.8888757536356193,8.54400374531753,2.4956857243732684
qata_test_sub-S09340_ses-E16561_run-1_bp-chest_vp-ap_cr,sub-S09340,probabilities/qata_test_sub-S09340_ses-E16561_run-1_bp-chest_vp-ap_cr.npy,masks/qata_test_sub-S09340_ses-E16561_run-1_bp-chest_vp-ap_cr.png,0.9391053295282088,0.8852012887488342,8.246211251235321,3.0700346111517884
qata_test_sub-S09340_ses-E16634_run-1_bp-chest_vp-ap_cr,sub-S09340,probabilities/qata_test_sub-S09340_ses-E16634_run-1_bp-chest_vp-ap_cr.npy,masks/qata_test_sub-S09340_ses-E16634_run-1_bp-chest_vp-ap_cr.png,0.9349031713840751,0.8777635481265915,11.40175425099138,3.087253042090876
qata_test_sub-S09340_ses-E16717_run-1_bp-chest_vp-ap_cr,sub-S09340,probabilities/qata_test_sub-S09340_ses-E16717_run-1_bp-chest_vp-ap_cr.npy,masks/qata_test_sub-S09340_ses-E16717_run-1_bp-chest_vp-ap_cr.png,0.943062611334822,0.8922596754061912,7.211102550927978,2.48599960918696
qata_test_sub-S09340_ses-E17139_run-1_bp-chest_vp-pa_cr,sub-S09340,probabilities/qata_test_sub-S09340_ses-E17139_run-1_bp-chest_vp-pa_cr.npy,masks/qata_test_sub-S09340_ses-E17139_run-1_bp-chest_vp-pa_cr.png,0.796270018244889,0.6615021892904631,36.0,9.77188433450555
qata_test_sub-S09340_ses-E17282_run-1_bp-chest_vp-ap_cr,sub-S09340,probabilities/qata_test_sub-S09340_ses-E17282_run-1_bp-chest_vp-ap_cr.npy,masks/qata_test_sub-S09340_ses-E17282_run-1_bp-chest_vp-ap_cr.png,0.7588011943828702,0.61134541134772,83.60141228163133,14.291322050724107
qata_test_sub-S09340_ses-E17441_run-1_bp-chest_vp-ap_cr,sub-S09340,probabilities/qata_test_sub-S09340_ses-E17441_run-1_bp-chest_vp-ap_cr.npy,masks/qata_test_sub-S09340_ses-E17441_run-1_bp-chest_vp-ap_cr.png,0.9310327259142179,0.8709646670060023,13.416407864998739,3.666881535669732
qata_test_sub-S09340_ses-E17520_run-1_bp-chest_vp-ap_cr,sub-S09340,probabilities/qata_test_sub-S09340_ses-E17520_run-1_bp-chest_vp-ap_cr.npy,masks/qata_test_sub-S09340_ses-E17520_run-1_bp-chest_vp-ap_cr.png,0.7463817601062972,0.5953820201040438,62.232570551990065,11.63729548409763
qata_test_sub-S09340_ses-E17621_run-1_bp-chest_vp-ap_cr,sub-S09340,probabilities/qata_test_sub-S09340_ses-E17621_run-1_bp-chest_vp-ap_cr.npy,masks/qata_test_sub-S09340_ses-E17621_run-1_bp-chest_vp-ap_cr.png,0.4265867847554633,0.27112190276877035,123.09040607281052,26.525984818660756
qata_test_sub-S09340_ses-E17823_run-1_bp-chest_vp-ap_cr,sub-S09340,probabilities/qata_test_sub-S09340_ses-E17823_run-1_bp-chest_vp-ap_cr.npy,masks/qata_test_sub-S09340_ses-E17823_run-1_bp-chest_vp-ap_cr.png,0.9419940332637655,0.8903485073622506,8.246211251235321,2.676449593761425
qata_test_sub-S09340_ses-E17825_run-1_bp-chest_vp-ap_cr,sub-S09340,probabilities/qata_test_sub-S09340_ses-E17825_run-1_bp-chest_vp-ap_cr.npy,masks/qata_test_sub-S09340_ses-E17825_run-1_bp-chest_vp-ap_cr.png,0.9694958865152699,0.9407976871018437,3.605551275463989,1.394056743696657
qata_test_sub-S09340_ses-E17940_run-1_bp-chest_vp-ap_cr,sub-S09340,probabilities/qata_test_sub-S09340_ses-E17940_run-1_bp-chest_vp-ap_cr.npy,masks/qata_test_sub-S09340_ses-E17940_run-1_bp-chest_vp-ap_cr.png,0.9607211595114483,0.9244113534150028,6.0,1.769913232979
qata_test_sub-S09340_ses-E18102_run-1_bp-chest_vp-ap_cr,sub-S09340,probabilities/qata_test_sub-S09340_ses-E18102_run-1_bp-chest_vp-ap_cr.npy,masks/qata_test_sub-S09340_ses-E18102_run-1_bp-chest_vp-ap_cr.png,0.8994943212112065,0.8173463695357546,24.486565839879535,4.8513323852907195
qata_test_sub-S09340_ses-E18484_run-1_bp-chest_vp-ap_cr,sub-S09340,probabilities/qata_test_sub-S09340_ses-E18484_run-1_bp-chest_vp-ap_cr.npy,masks/qata_test_sub-S09340_ses-E18484_run-1_bp-chest_vp-ap_cr.png,0.9209630611588245,0.8535046651397765,19.68498281385226,3.811282128896231
qata_test_sub-S09340_ses-E18996_run-1_bp-chest_vp-ap_cr,sub-S09340,probabilities/qata_test_sub-S09340_ses-E18996_run-1_bp-chest_vp-ap_cr.npy,masks/qata_test_sub-S09340_ses-E18996_run-1_bp-chest_vp-ap_cr.png,0.9190971341619523,0.8503050211173483,13.416407864998739,3.902411588975875
qata_test_sub-S09340_ses-E19161_run-1_bp-chest_vp-ap_cr,sub-S09340,probabilities/qata_test_sub-S09340_ses-E19161_run-1_bp-chest_vp-ap_cr.npy,masks/qata_test_sub-S09340_ses-E19161_run-1_bp-chest_vp-ap_cr.png,0.9447772573794564,0.895334434352084,9.0,2.9087611259203086
qata_test_sub-S09340_ses-E19480_run-1_bp-chest_vp-ap_cr,sub-S09340,probabilities/qata_test_sub-S09340_ses-E19480_run-1_bp-chest_vp-ap_cr.npy,masks/qata_test_sub-S09340_ses-E19480_run-1_bp-chest_vp-ap_cr.png,0.9153814556183663,0.8439662592534207,12.806248474865697,4.155794332880187
qata_test_sub-S09340_ses-E19710_run-1_bp-chest_vp-ap_cr,sub-S09340,probabilities/qata_test_sub-S09340_ses-E19710_run-1_bp-chest_vp-ap_cr.npy,masks/qata_test_sub-S09340_ses-E19710_run-1_bp-chest_vp-ap_cr.png,0.7731370678955334,0.6301739564093104,33.52983683698453,10.456711961434753
qata_test_sub-S09340_ses-E19860_run-1_bp-chest_vp-ap_cr,sub-S09340,probabilities/qata_test_sub-S09340_ses-E19860_run-1_bp-chest_vp-ap_cr.npy,masks/qata_test_sub-S09340_ses-E19860_run-1_bp-chest_vp-ap_cr.png,0.8732451528402729,0.7750090048797439,26.0,7.582751464901849
qata_test_sub-S09340_ses-E20710_run-1_bp-chest_vp-ap_cr,sub-S09340,probabilities/qata_test_sub-S09340_ses-E20710_run-1_bp-chest_vp-ap_cr.npy,masks/qata_test_sub-S09340_ses-E20710_run-1_bp-chest_vp-ap_cr.png,0.9563797133283259,0.916405828386626,8.089850773739082,2.3075855494074826
qata_test_sub-S09340_ses-E20837_run-1_bp-chest_vp-ap_cr,sub-S09340,probabilities/qata_test_sub-S09340_ses-E20837_run-1_bp-chest_vp-ap_cr.npy,masks/qata_test_sub-S09340_ses-E20837_run-1_bp-chest_vp-ap_cr.png,0.9431861511478027,0.8924808774718069,11.40175425099138,3.0929160019940913
qata_test_sub-S09340_ses-E21534_run-1_bp-chest_vp-ap_cr,sub-S09340,probabilities/qata_test_sub-S09340_ses-E21534_run-1_bp-chest_vp-ap_cr.npy,masks/qata_test_sub-S09340_ses-E21534_run-1_bp-chest_vp-ap_cr.png,0.8948870808010274,0.8097698119845027,19.08137049931208,5.558062987207183
qata_test_sub-S09340_ses-E21862_run-1_bp-chest_vp-ap_cr,sub-S09340,probabilities/qata_test_sub-S09340_ses-E21862_run-1_bp-chest_vp-ap_cr.npy,masks/qata_test_sub-S09340_ses-E21862_run-1_bp-chest_vp-ap_cr.png,0.8684843186540584,0.7675406827960426,29.290381135451597,6.672172488365667
qata_test_sub-S09340_ses-E21921_run-1_bp-chest_vp-ap_cr,sub-S09340,probabilities/qata_test_sub-S09340_ses-E21921_run-1_bp-chest_vp-ap_cr.npy,masks/qata_test_sub-S09340_ses-E21921_run-1_bp-chest_vp-ap_cr.png,0.9588164860096439,0.920890960264138,7.0,2.016686578100024
qata_test_sub-S09340_ses-E22056_run-1_bp-chest_vp-ap_cr,sub-S09340,probabilities/qata_test_sub-S09340_ses-E22056_run-1_bp-chest_vp-ap_cr.npy,masks/qata_test_sub-S09340_ses-E22056_run-1_bp-chest_vp-ap_cr.png,0.8788220905073882,0.7838382143165904,13.601470508735444,5.074329800465629
qata_test_sub-S09340_ses-E22201_run-1_bp-chest_vp-ap_cr,sub-S09340,probabilities/qata_test_sub-S09340_ses-E22201_run-1_bp-chest_vp-ap_cr.npy,masks/qata_test_sub-S09340_ses-E22201_run-1_bp-chest_vp-ap_cr.png,0.9457918718458025,0.8971585843319101,10.770329614269007,2.663483809283046
qata_test_sub-S09340_ses-E23149_run-1_bp-chest_vp-ap_cr,sub-S09340,probabilities/qata_test_sub-S09340_ses-E23149_run-1_bp-chest_vp-ap_cr.npy,masks/qata_test_sub-S09340_ses-E23149_run-1_bp-chest_vp-ap_cr.png,0.9218179379016473,0.854974285240682,14.422205101855956,3.8583366553914327
qata_test_sub-S09341_ses-E16130_run-1_bp-chest_vp-ap_dx,sub-S09341,probabilities/qata_test_sub-S09341_ses-E16130_run-1_bp-chest_vp-ap_dx.npy,masks/qata_test_sub-S09341_ses-E16130_run-1_bp-chest_vp-ap_dx.png,0.5016422812928742,0.33479473896632944,144.0,49.68292736622517
qata_test_sub-S09341_ses-E21404_run-1_bp-chest_vp-ap_cr,sub-S09341,probabilities/qata_test_sub-S09341_ses-E21404_run-1_bp-chest_vp-ap_cr.npy,masks/qata_test_sub-S09341_ses-E21404_run-1_bp-chest_vp-ap_cr.png,0.6975237213642961,0.5355366027090345,18.027756377319946,5.53058123370237
qata_test_sub-S09341_ses-E22065_run-1_bp-chest_vp-ap_cr,sub-S09341,probabilities/qata_test_sub-S09341_ses-E22065_run-1_bp-chest_vp-ap_cr.npy,masks/qata_test_sub-S09341_ses-E22065_run-1_bp-chest_vp-ap_cr.png,0.839213025782008,0.722969023967992,26.144781833794866,4.550069677312204
qata_test_sub-S09341_ses-E23187_run-1_bp-chest_vp-ap_cr,sub-S09341,probabilities/qata_test_sub-S09341_ses-E23187_run-1_bp-chest_vp-ap_cr.npy,masks/qata_test_sub-S09341_ses-E23187_run-1_bp-chest_vp-ap_cr.png,0.8378554373796628,0.7209562943645693,11.280366346113308,3.1722320089276104
qata_test_sub-S09343_ses-E16132_run-1_bp-chest_vp-pa_cr,sub-S09343,probabilities/qata_test_sub-S09343_ses-E16132_run-1_bp-chest_vp-pa_cr.npy,masks/qata_test_sub-S09343_ses-E16132_run-1_bp-chest_vp-pa_cr.png,0.21816583849096383,0.12243891334374547,216.21285774814146,81.724065471232
qata_test_sub-S09343_ses-E16287_run-1_bp-chest_vp-pa_cr,sub-S09343,probabilities/qata_test_sub-S09343_ses-E16287_run-1_bp-chest_vp-pa_cr.npy,masks/qata_test_sub-S09343_ses-E16287_run-1_bp-chest_vp-pa_cr.png,0.9660347186986392,0.9343009249622749,5.0,1.6800042920498863
qata_test_sub-S09343_ses-E19246_run-1_bp-chest_vp-ap_dx,sub-S09343,probabilities/qata_test_sub-S09343_ses-E19246_run-1_bp-chest_vp-ap_dx.npy,masks/qata_test_sub-S09343_ses-E19246_run-1_bp-chest_vp-ap_dx.png,0.953044729091114,0.9103012856164405,6.766563145999442,2.178839472320379
qata_test_sub-S09343_ses-E19502_run-1_bp-chest_vp-ap_dx,sub-S09343,probabilities/qata_test_sub-S09343_ses-E19502_run-1_bp-chest_vp-ap_dx.npy,masks/qata_test_sub-S09343_ses-E19502_run-1_bp-chest_vp-ap_dx.png,0.968751739106282,0.9393972100052902,4.0,1.5430054971393499
qata_test_sub-S09343_ses-E19736_run-1_bp-chest_vp-ap_dx,sub-S09343,probabilities/qata_test_sub-S09343_ses-E19736_run-1_bp-chest_vp-ap_dx.npy,masks/qata_test_sub-S09343_ses-E19736_run-1_bp-chest_vp-ap_dx.png,0.9588677719369852,0.9209855828985801,7.0,1.9022443959427915
qata_test_sub-S09343_ses-E19885_run-1_bp-chest_vp-ap_dx,sub-S09343,probabilities/qata_test_sub-S09343_ses-E19885_run-1_bp-chest_vp-ap_dx.npy,masks/qata_test_sub-S09343_ses-E19885_run-1_bp-chest_vp-ap_dx.png,0.9634076535385212,0.929398771684276,5.830951894845301,1.8006262584249904
qata_test_sub-S09343_ses-E20470_acq-1_run-1_bp-chest_vp-ap_dx,sub-S09343,probabilities/qata_test_sub-S09343_ses-E20470_acq-1_run-1_bp-chest_vp-ap_dx.npy,masks/qata_test_sub-S09343_ses-E20470_acq-1_run-1_bp-chest_vp-ap_dx.png,0.9728153420324687,0.9470695794439192,3.605551275463989,1.2496525872286726
qata_test_sub-S09343_ses-E20470_acq-2_run-1_bp-chest_vp-ap_dx,sub-S09343,probabilities/qata_test_sub-S09343_ses-E20470_acq-2_run-1_bp-chest_vp-ap_dx.npy,masks/qata_test_sub-S09343_ses-E20470_acq-2_run-1_bp-chest_vp-ap_dx.png,0.9658766633625215,0.9340052865485404,5.0,1.5878714756233743
qata_test_sub-S09343_ses-E20998_run-1_bp-chest_vp-ap_dx,sub-S09343,probabilities/qata_test_sub-S09343_ses-E20998_run-1_bp-chest_vp-ap_dx.npy,masks/qata_test_sub-S09343_ses-E20998_run-1_bp-chest_vp-ap_dx.png,0.9623763625751883,0.9274811481393594,5.0990195135927845,1.7529363931356812
qata_test_sub-S09343_ses-E21221_run-1_bp-chest_vp-ap_dx,sub-S09343,probabilities/qata_test_sub-S09343_ses-E21221_run-1_bp-chest_vp-ap_dx.npy,masks/qata_test_sub-S09343_ses-E21221_run-1_bp-chest_vp-ap_dx.png,0.9667435812914941,0.9356279465459019,5.059411708155662,1.460370477959993
qata_test_sub-S09343_ses-E21405_acq-1_run-1_bp-chest_vp-ap_dx,sub-S09343,probabilities/qata_test_sub-S09343_ses-E21405_acq-1_run-1_bp-chest_vp-ap_dx.npy,masks/qata_test_sub-S09343_ses-E21405_acq-1_run-1_bp-chest_vp-ap_dx.png,0.974015435349412,0.9493470651590289,3.605551275463989,1.1652040372949368
qata_test_sub-S09343_ses-E22412_run-1_bp-chest_vp-ap_dx,sub-S09343,probabilities/qata_test_sub-S09343_ses-E22412_run-1_bp-chest_vp-ap_dx.npy,masks/qata_test_sub-S09343_ses-E22412_run-1_bp-chest_vp-ap_dx.png,0.6204048473368529,0.4497006575736916,85.070789539882,16.26899262957792
qata_test_sub-S09343_ses-E23417_run-1_bp-chest_vp-ap_dx,sub-S09343,probabilities/qata_test_sub-S09343_ses-E23417_run-1_bp-chest_vp-ap_dx.npy,masks/qata_test_sub-S09343_ses-E23417_run-1_bp-chest_vp-ap_dx.png,0.9633164792075595,0.9292290847560613,6.0,1.8806087911780245
qata_test_sub-S09343_ses-E24578_run-1_bp-chest_vp-ap_dx,sub-S09343,probabilities/qata_test_sub-S09343_ses-E24578_run-1_bp-chest_vp-ap_dx.npy,masks/qata_test_sub-S09343_ses-E24578_run-1_bp-chest_vp-ap_dx.png,0.9459597480653852,0.8974607433912307,13.0,2.982991127538081
qata_test_sub-S09343_ses-E25885_run-1_bp-chest_vp-ap_dx,sub-S09343,probabilities/qata_test_sub-S09343_ses-E25885_run-1_bp-chest_vp-ap_dx.npy,masks/qata_test_sub-S09343_ses-E25885_run-1_bp-chest_vp-ap_dx.png,0.9723192019950556,0.9461295801991443,3.1622776601683795,1.2374416577420668
qata_test_sub-S09343_ses-E26378_run-1_bp-chest_vp-ap_dx,sub-S09343,probabilities/qata_test_sub-S09343_ses-E26378_run-1_bp-chest_vp-ap_dx.npy,masks/qata_test_sub-S09343_ses-E26378_run-1_bp-chest_vp-ap_dx.png,0.9690606500614751,0.9399783315277899,5.0,1.4972045409385146
qata_test_sub-S09345_ses-E16134_run-1_bp-chest_vp-ap_dx,sub-S09345,probabilities/qata_test_sub-S09345_ses-E16134_run-1_bp-chest_vp-ap_dx.npy,masks/qata_test_sub-S09345_ses-E16134_run-1_bp-chest_vp-ap_dx.png,0.9610810810811562,0.925078043704753,5.0,1.8243587040984544
qata_test_sub-S09345_ses-E16570_run-1_bp-chest_vp-ap_dx,sub-S09345,probabilities/qata_test_sub-S09345_ses-E16570_run-1_bp-chest_vp-ap_dx.npy,masks/qata_test_sub-S09345_ses-E16570_run-1_bp-chest_vp-ap_dx.png,0.9637497430275618,0.9300357095625357,4.0,1.4937305672399925
qata_test_sub-S09345_ses-E16638_run-1_bp-chest_vp-ap_dx,sub-S09345,probabilities/qata_test_sub-S09345_ses-E16638_run-1_bp-chest_vp-ap_dx.npy,masks/qata_test_sub-S09345_ses-E16638_run-1_bp-chest_vp-ap_dx.png,0.5787188421357345,0.4071811118699013,112.35100396478406,26.232406415581984
qata_test_sub-S09345_ses-E16721_run-1_bp-chest_vp-ap_dx,sub-S09345,probabilities/qata_test_sub-S09345_ses-E16721_run-1_bp-chest_vp-ap_dx.npy,masks/qata_test_sub-S09345_ses-E16721_run-1_bp-chest_vp-ap_dx.png,0.9620817843866977,0.9269340974215026,5.0,1.6392791798179736
qata_test_sub-S09345_ses-E16849_run-1_bp-chest_vp-ap_dx,sub-S09345,probabilities/qata_test_sub-S09345_ses-E16849_run-1_bp-chest_vp-ap_dx.npy,masks/qata_test_sub-S09345_ses-E16849_run-1_bp-chest_vp-ap_dx.png,0.8712597636693946,0.7718868661067749,52.91832652160591,9.856288065138177
qata_test_sub-S09345_ses-E17143_run-1_bp-chest_vp-ap_dx,sub-S09345,probabilities/qata_test_sub-S09345_ses-E17143_run-1_bp-chest_vp-ap_dx.npy,masks/qata_test_sub-S09345_ses-E17143_run-1_bp-chest_vp-ap_dx.png,0.9304221963999543,0.8698966950029737,31.52290584625024,5.353126560708264
qata_test_sub-S09345_ses-E17487_run-1_bp-chest_vp-ap_dx,sub-S09345,probabilities/qata_test_sub-S09345_ses-E17487_run-1_bp-chest_vp-ap_dx.npy,masks/qata_test_sub-S09345_ses-E17487_run-1_bp-chest_vp-ap_dx.png,0.2572547213351306,0.14761464253802545,240.63182596143756,88.88536474384769
qata_test_sub-S09345_ses-E17554_run-1_bp-chest_vp-ap_dx,sub-S09345,probabilities/qata_test_sub-S09345_ses-E17554_run-1_bp-chest_vp-ap_dx.npy,masks/qata_test_sub-S09345_ses-E17554_run-1_bp-chest_vp-ap_dx.png,0.19864995179257847,0.11027837260159078,258.1126680747423,76.05706068697347
qata_test_sub-S09345_ses-E17826_run-1_bp-chest_vp-ap_dx,sub-S09345,probabilities/qata_test_sub-S09345_ses-E17826_run-1_bp-chest_vp-ap_dx.npy,masks/qata_test_sub-S09345_ses-E17826_run-1_bp-chest_vp-ap_dx.png,0.39477049879496584,0.2459277620441104,128.81954728624876,30.941201820869082
qata_test_sub-S09345_ses-E18501_run-1_bp-chest_vp-ap_dx,sub-S09345,probabilities/qata_test_sub-S09345_ses-E18501_run-1_bp-chest_vp-ap_dx.npy,masks/qata_test_sub-S09345_ses-E18501_run-1_bp-chest_vp-ap_dx.png,0.9672904800651527,0.9366530097701556,5.830951894845301,1.5078099634037632
qata_test_sub-S09345_ses-E22211_run-1_bp-chest_vp-pa_cr,sub-S09345,probabilities/qata_test_sub-S09345_ses-E22211_run-1_bp-chest_vp-pa_cr.npy,masks/qata_test_sub-S09345_ses-E22211_run-1_bp-chest_vp-pa_cr.png,0.9653858784894026,0.9330878618590948,4.123105625617661,1.5610581532844103
qata_test_sub-S09346_ses-E16135_run-1_bp-chest_vp-ap_dx,sub-S09346,probabilities/qata_test_sub-S09346_ses-E16135_run-1_bp-chest_vp-ap_dx.npy,masks/qata_test_sub-S09346_ses-E16135_run-1_bp-chest_vp-ap_dx.png,0.9612067894331852,0.9253110047848677,7.0,2.24903153255263
qata_test_sub-S09346_ses-E17546_run-1_bp-chest_vp-ap_cr,sub-S09346,probabilities/qata_test_sub-S09346_ses-E17546_run-1_bp-chest_vp-ap_cr.npy,masks/qata_test_sub-S09346_ses-E17546_run-1_bp-chest_vp-ap_cr.png,0.9673924532290886,0.9368442601977153,5.0,1.6998380158679254
qata_test_sub-S09346_ses-E17630_run-1_bp-chest_vp-ap_cr,sub-S09346,probabilities/qata_test_sub-S09346_ses-E17630_run-1_bp-chest_vp-ap_cr.npy,masks/qata_test_sub-S09346_ses-E17630_run-1_bp-chest_vp-ap_cr.png,0.8938766047470167,0.8081165343608475,21.16593130524944,4.31542831023181
qata_test_sub-S09346_ses-E18497_run-1_bp-chest_vp-ap_cr,sub-S09346,probabilities/qata_test_sub-S09346_ses-E18497_run-1_bp-chest_vp-ap_cr.npy,masks/qata_test_sub-S09346_ses-E18497_run-1_bp-chest_vp-ap_cr.png,0.9628452269362421,0.9283525004586269,8.687811927781759,2.0522667253061226
qata_test_sub-S09346_ses-E20318_run-1_bp-chest_vp-ap_cr,sub-S09346,probabilities/qata_test_sub-S09346_ses-E20318_run-1_bp-chest_vp-ap_cr.npy,masks/qata_test_sub-S09346_ses-E20318_run-1_bp-chest_vp-ap_cr.png,0.6457151463444665,0.47679418742973906,136.02367203197807,25.17916434309763
qata_test_sub-S09346_ses-E20846_run-1_bp-chest_vp-ap_cr,sub-S09346,probabilities/qata_test_sub-S09346_ses-E20846_run-1_bp-chest_vp-ap_cr.npy,masks/qata_test_sub-S09346_ses-E20846_run-1_bp-chest_vp-ap_cr.png,0.9680451914359886,0.9380693644745274,4.0,1.5129614572911392
qata_test_sub-S09346_ses-E22383_run-1_bp-chest_vp-ap_dx,sub-S09346,probabilities/qata_test_sub-S09346_ses-E22383_run-1_bp-chest_vp-ap_dx.npy,masks/qata_test_sub-S09346_ses-E22383_run-1_bp-chest_vp-ap_dx.png,0.9092422560792185,0.8335877156472097,20.024984394500787,4.304501423662809
qata_test_sub-S09346_ses-E23030_run-1_bp-chest_vp-ap_cr,sub-S09346,probabilities/qata_test_sub-S09346_ses-E23030_run-1_bp-chest_vp-ap_cr.npy,masks/qata_test_sub-S09346_ses-E23030_run-1_bp-chest_vp-ap_cr.png,0.9675849098352036,0.9372053150451747,5.385164807134504,1.6559797811408583
qata_test_sub-S09346_ses-E23164_run-1_bp-chest_vp-ap_dx,sub-S09346,probabilities/qata_test_sub-S09346_ses-E23164_run-1_bp-chest_vp-ap_dx.npy,masks/qata_test_sub-S09346_ses-E23164_run-1_bp-chest_vp-ap_dx.png,0.9569820134296887,0.9175124741391809,7.0,2.416944663230779
qata_test_sub-S09346_ses-E23809_run-1_bp-chest_vp-ap_dx,sub-S09346,probabilities/qata_test_sub-S09346_ses-E23809_run-1_bp-chest_vp-ap_dx.npy,masks/qata_test_sub-S09346_ses-E23809_run-1_bp-chest_vp-ap_dx.png,0.6999432785033629,0.5383944153596842,31.717408939158346,9.35649977115453
qata_test_sub-S09346_ses-E24900_run-2_bp-chest_vp-ap_dx,sub-S09346,probabilities/qata_test_sub-S09346_ses-E24900_run-2_bp-chest_vp-ap_dx.npy,masks/qata_test_sub-S09346_ses-E24900_run-2_bp-chest_vp-ap_dx.png,0.7463889029348125,0.5953911102756315,77.3589010524932,20.63856097372097
qata_test_sub-S09346_ses-E25008_run-1_bp-chest_vp-ap_dx,sub-S09346,probabilities/qata_test_sub-S09346_ses-E25008_run-1_bp-chest_vp-ap_dx.npy,masks/qata_test_sub-S09346_ses-E25008_run-1_bp-chest_vp-ap_dx.png,0.42478797798160695,0.2696703504332215,47.249314623182826,17.714761972813797
qata_test_sub-S09346_ses-E25008_run-2_bp-chest_vp-ap_dx,sub-S09346,probabilities/qata_test_sub-S09346_ses-E25008_run-2_bp-chest_vp-ap_dx.npy,masks/qata_test_sub-S09346_ses-E25008_run-2_bp-chest_vp-ap_dx.png,0.8251456952319606,0.7023387426711362,66.18572187578036,12.93498899956746
qata_test_sub-S09346_ses-E26158_run-1_bp-chest_vp-ap_dx,sub-S09346,probabilities/qata_test_sub-S09346_ses-E26158_run-1_bp-chest_vp-ap_dx.npy,masks/qata_test_sub-S09346_ses-E26158_run-1_bp-chest_vp-ap_dx.png,0.7068558507076836,0.5466179861662313,164.17673251444253,41.96477931112141
qata_test_sub-S09348_ses-E16138_run-1_bp-chest_vp-ap_dx,sub-S09348,probabilities/qata_test_sub-S09348_ses-E16138_run-1_bp-chest_vp-ap_dx.npy,masks/qata_test_sub-S09348_ses-E16138_run-1_bp-chest_vp-ap_dx.png,0.8114070233329922,0.6826618020317153,27.073972741361768,6.164866054543933
qata_test_sub-S09348_ses-E16556_run-1_bp-chest_vp-ap_dx,sub-S09348,probabilities/qata_test_sub-S09348_ses-E16556_run-1_bp-chest_vp-ap_dx.npy,masks/qata_test_sub-S09348_ses-E16556_run-1_bp-chest_vp-ap_dx.png,0.8376197953330128,0.7206074156893342,27.18638749609449,5.428900825012997
qata_test_sub-S09348_ses-E16624_run-1_bp-chest_vp-ap_dx,sub-S09348,probabilities/qata_test_sub-S09348_ses-E16624_run-1_bp-chest_vp-ap_dx.npy,masks/qata_test_sub-S09348_ses-E16624_run-1_bp-chest_vp-ap_dx.png,0.8129249654016099,0.6848134630997323,32.91501472543762,6.3444470230138705
qata_test_sub-S09348_ses-E16712_run-1_bp-chest_vp-ap_dx,sub-S09348,probabilities/qata_test_sub-S09348_ses-E16712_run-1_bp-chest_vp-ap_dx.npy,masks/qata_test_sub-S09348_ses-E16712_run-1_bp-chest_vp-ap_dx.png,0.9214107387744949,0.854273977962742,12.765898891593034,2.6924835499130735
qata_test_sub-S09348_ses-E16831_run-1_bp-chest_vp-ap_dx,sub-S09348,probabilities/qata_test_sub-S09348_ses-E16831_run-1_bp-chest_vp-ap_dx.npy,masks/qata_test_sub-S09348_ses-E16831_run-1_bp-chest_vp-ap_dx.png,0.9102173835191236,0.8352283930337324,16.499967226201733,3.8525174898817807
qata_test_sub-S09348_ses-E17140_run-1_bp-chest_vp-ap_dx,sub-S09348,probabilities/qata_test_sub-S09348_ses-E17140_run-1_bp-chest_vp-ap_dx.npy,masks/qata_test_sub-S09348_ses-E17140_run-1_bp-chest_vp-ap_dx.png,0.9431513808073724,0.8924186148136665,13.892443989449804,2.971154522877628
qata_test_sub-S09348_ses-E17343_run-1_bp-chest_vp-ap_dx,sub-S09348,probabilities/qata_test_sub-S09348_ses-E17343_run-1_bp-chest_vp-ap_dx.npy,masks/qata_test_sub-S09348_ses-E17343_run-1_bp-chest_vp-ap_dx.png,0.8520488489857792,0.7422344132275022,26.01249538063499,5.070963280288326
qata_test_sub-S09348_ses-E17822_run-1_bp-chest_vp-ap_dx,sub-S09348,probabilities/qata_test_sub-S09348_ses-E17822_run-1_bp-chest_vp-ap_dx.npy,masks/qata_test_sub-S09348_ses-E17822_run-1_bp-chest_vp-ap_dx.png,0.708080434898886,0.5480839937940347,109.88994236539904,17.762992710851027
qata_test_sub-S09348_ses-E18478_run-1_bp-chest_vp-ap_dx,sub-S09348,probabilities/qata_test_sub-S09348_ses-E18478_run-1_bp-chest_vp-ap_dx.npy,masks/qata_test_sub-S09348_ses-E18478_run-1_bp-chest_vp-ap_dx.png,0.6840180950629979,0.5197777359246583,51.22499389946279,10.251862069160154
qata_test_sub-S09348_ses-E18751_run-1_bp-chest_cr,sub-S09348,probabilities/qata_test_sub-S09348_ses-E18751_run-1_bp-chest_cr.npy,masks/qata_test_sub-S09348_ses-E18751_run-1_bp-chest_cr.png,0.8648540503773986,0.7618879763130111,18.207032396508687,4.567774764698506
qata_test_sub-S09348_ses-E19000_run-1_bp-chest_cr,sub-S09348,probabilities/qata_test_sub-S09348_ses-E19000_run-1_bp-chest_cr.npy,masks/qata_test_sub-S09348_ses-E19000_run-1_bp-chest_cr.png,0.9074321793570885,0.8305499779625322,19.235384061671343,3.8203672834404534
qata_test_sub-S09348_ses-E19460_run-1_bp-chest_cr,sub-S09348,probabilities/qata_test_sub-S09348_ses-E19460_run-1_bp-chest_cr.npy,masks/qata_test_sub-S09348_ses-E19460_run-1_bp-chest_cr.png,0.8372834859171352,0.7201097393705344,103.81233067415451,17.327644496230665
qata_test_sub-S09348_ses-E19717_run-1_bp-chest_cr,sub-S09348,probabilities/qata_test_sub-S09348_ses-E19717_run-1_bp-chest_cr.npy,masks/qata_test_sub-S09348_ses-E19717_run-1_bp-chest_cr.png,0.8969312675722411,0.8131236442526404,16.492422502470642,4.9950624737646985
qata_test_sub-S09348_ses-E20223_run-1_bp-chest_vp-ap_dx,sub-S09348,probabilities/qata_test_sub-S09348_ses-E20223_run-1_bp-chest_vp-ap_dx.npy,masks/qata_test_sub-S09348_ses-E20223_run-1_bp-chest_vp-ap_dx.png,0.9302340361303322,0.8695678003865451,23.08679276123039,3.5005305577288595
qata_test_sub-S09348_ses-E20308_run-1_bp-chest_vp-ap_dx,sub-S09348,probabilities/qata_test_sub-S09348_ses-E20308_run-1_bp-chest_vp-ap_dx.npy,masks/qata_test_sub-S09348_ses-E20308_run-1_bp-chest_vp-ap_dx.png,0.833471065624492,0.7144881203236413,26.92582403567252,5.350516944809832
qata_test_sub-S09348_ses-E20693_run-1_bp-chest_vp-ap_dx,sub-S09348,probabilities/qata_test_sub-S09348_ses-E20693_run-1_bp-chest_vp-ap_dx.npy,masks/qata_test_sub-S09348_ses-E20693_run-1_bp-chest_vp-ap_dx.png,0.9042101197377204,0.8251674303854412,12.529964086141668,2.851798227950673
qata_test_sub-S09348_ses-E21526_run-1_bp-chest_vp-ap_dx,sub-S09348,probabilities/qata_test_sub-S09348_ses-E21526_run-1_bp-chest_vp-ap_dx.npy,masks/qata_test_sub-S09348_ses-E21526_run-1_bp-chest_vp-ap_dx.png,0.8505611340819325,0.7399794450166888,81.41777448307323,11.847424914958387
qata_test_sub-S09348_ses-E21857_run-1_bp-chest_vp-ap_dx,sub-S09348,probabilities/qata_test_sub-S09348_ses-E21857_run-1_bp-chest_vp-ap_dx.npy,masks/qata_test_sub-S09348_ses-E21857_run-1_bp-chest_vp-ap_dx.png,0.8694852941179326,0.7691056910578045,24.014577009250036,5.750846565565317
qata_test_sub-S09348_ses-E21916_run-1_bp-chest_vp-ap_dx,sub-S09348,probabilities/qata_test_sub-S09348_ses-E21916_run-1_bp-chest_vp-ap_dx.npy,masks/qata_test_sub-S09348_ses-E21916_run-1_bp-chest_vp-ap_dx.png,0.9258402127735628,0.8619203807327679,17.204650534085253,3.3343885969419627
qata_test_sub-S09348_ses-E22051_run-1_bp-chest_vp-ap_dx,sub-S09348,probabilities/qata_test_sub-S09348_ses-E22051_run-1_bp-chest_vp-ap_dx.npy,masks/qata_test_sub-S09348_ses-E22051_run-1_bp-chest_vp-ap_dx.png,0.7274421242384959,0.5716377526672874,27.76233107438513,6.883078272120228
qata_test_sub-S09348_ses-E22658_run-1_bp-chest_vp-ap_dx,sub-S09348,probabilities/qata_test_sub-S09348_ses-E22658_run-1_bp-chest_vp-ap_dx.npy,masks/qata_test_sub-S09348_ses-E22658_run-1_bp-chest_vp-ap_dx.png,0.7456056142213486,0.59439489101284,56.12304105611255,13.53825999242226
qata_test_sub-S09348_ses-E22840_run-1_bp-chest_vp-ap_dx,sub-S09348,probabilities/qata_test_sub-S09348_ses-E22840_run-1_bp-chest_vp-ap_dx.npy,masks/qata_test_sub-S09348_ses-E22840_run-1_bp-chest_vp-ap_dx.png,0.9221965383099673,0.8556258827229397,10.816653826391969,2.9567200072287982
qata_test_sub-S09348_ses-E23148_run-1_bp-chest_vp-ap_dx,sub-S09348,probabilities/qata_test_sub-S09348_ses-E23148_run-1_bp-chest_vp-ap_dx.npy,masks/qata_test_sub-S09348_ses-E23148_run-1_bp-chest_vp-ap_dx.png,0.7663964302287075,0.6212663849308028,73.2550291249476,11.160374023494223
qata_test_sub-S09348_ses-E23369_run-1_bp-chest_vp-ap_dx,sub-S09348,probabilities/qata_test_sub-S09348_ses-E23369_run-1_bp-chest_vp-ap_dx.npy,masks/qata_test_sub-S09348_ses-E23369_run-1_bp-chest_vp-ap_dx.png,0.8493495326509939,0.7381472973354235,45.19070246012826,7.033394595078486
qata_test_sub-S09348_ses-E23386_run-1_bp-chest_cr,sub-S09348,probabilities/qata_test_sub-S09348_ses-E23386_run-1_bp-chest_cr.npy,masks/qata_test_sub-S09348_ses-E23386_run-1_bp-chest_cr.png,0.8678441574249345,0.7665412523521459,28.10245899013376,5.31706349368045
qata_test_sub-S09348_ses-E23855_run-1_bp-chest_vp-ap_dx,sub-S09348,probabilities/qata_test_sub-S09348_ses-E23855_run-1_bp-chest_vp-ap_dx.npy,masks/qata_test_sub-S09348_ses-E23855_run-1_bp-chest_vp-ap_dx.png,0.6686907815532138,0.5022805913822421,101.18447582596298,20.325810177673624
qata_test_sub-S09348_ses-E24302_run-1_bp-chest_vp-pa_cr,sub-S09348,probabilities/qata_test_sub-S09348_ses-E24302_run-1_bp-chest_vp-pa_cr.npy,masks/qata_test_sub-S09348_ses-E24302_run-1_bp-chest_vp-pa_cr.png,0.8737043299276862,0.7757326545279307,20.8806130178211,4.907670508032914
qata_test_sub-S09348_ses-E24559_run-1_bp-chest_vp-ap_dx,sub-S09348,probabilities/qata_test_sub-S09348_ses-E24559_run-1_bp-chest_vp-ap_dx.npy,masks/qata_test_sub-S09348_ses-E24559_run-1_bp-chest_vp-ap_dx.png,0.9271374369176573,0.8641716738202089,20.2435150682846,4.127925160322838
qata_test_sub-S09348_ses-E26335_run-1_bp-chest_vp-ap_dx,sub-S09348,probabilities/qata_test_sub-S09348_ses-E26335_run-1_bp-chest_vp-ap_dx.npy,masks/qata_test_sub-S09348_ses-E26335_run-1_bp-chest_vp-ap_dx.png,0.9709505576827439,0.9435412116801651,4.0,1.4380768970981637
qata_test_sub-S09349_ses-E16548_acq-1_run-1_bp-chest_vp-ap_cr,sub-S09349,probabilities/qata_test_sub-S09349_ses-E16548_acq-1_run-1_bp-chest_vp-ap_cr.npy,masks/qata_test_sub-S09349_ses-E16548_acq-1_run-1_bp-chest_vp-ap_cr.png,0.7855231469107203,0.6467996033970826,153.21159559904243,28.890570612689647
qata_test_sub-S09350_ses-E16140_run-1_bp-chest_vp-ap_dx,sub-S09350,probabilities/qata_test_sub-S09350_ses-E16140_run-1_bp-chest_vp-ap_dx.npy,masks/qata_test_sub-S09350_ses-E16140_run-1_bp-chest_vp-ap_dx.png,0.9455359869695424,0.8966982042872067,8.06225774829855,1.9186456465800155
qata_test_sub-S09350_ses-E20736_run-1_bp-chest_vp-ap_dx,sub-S09350,probabilities/qata_test_sub-S09350_ses-E20736_run-1_bp-chest_vp-ap_dx.npy,masks/qata_test_sub-S09350_ses-E20736_run-1_bp-chest_vp-ap_dx.png,0.5558448677569148,0.3848927690322177,100.59209354087776,21.226858249971496
qata_test_sub-S09352_ses-E16142_acq-1_run-1_bp-chest_vp-ap_dx,sub-S09352,probabilities/qata_test_sub-S09352_ses-E16142_acq-1_run-1_bp-chest_vp-ap_dx.npy,masks/qata_test_sub-S09352_ses-E16142_acq-1_run-1_bp-chest_vp-ap_dx.png,0.9116818205989481,0.8376978698464056,12.149029243196043,3.3639108883915716
qata_test_sub-S09352_ses-E16142_acq-2_run-1_bp-chest_vp-ap_dx,sub-S09352,probabilities/qata_test_sub-S09352_ses-E16142_acq-2_run-1_bp-chest_vp-ap_dx.npy,masks/qata_test_sub-S09352_ses-E16142_acq-2_run-1_bp-chest_vp-ap_dx.png,0.8222870361066967,0.6982066609761041,20.0,5.347567510304761
qata_test_sub-S09352_ses-E16757_run-1_bp-chest_vp-ap_dx,sub-S09352,probabilities/qata_test_sub-S09352_ses-E16757_run-1_bp-chest_vp-ap_dx.npy,masks/qata_test_sub-S09352_ses-E16757_run-1_bp-chest_vp-ap_dx.png,0.4967234600309237,0.33042720140328274,168.87747027976067,51.953129170968005
qata_test_sub-S09352_ses-E17381_acq-1_run-1_bp-chest_vp-ap_dx,sub-S09352,probabilities/qata_test_sub-S09352_ses-E17381_acq-1_run-1_bp-chest_vp-ap_dx.npy,masks/qata_test_sub-S09352_ses-E17381_acq-1_run-1_bp-chest_vp-ap_dx.png,0.3635796694829501,0.2221798780636018,184.68376158710137,64.28489780956967
qata_test_sub-S09352_ses-E17497_run-1_bp-chest_vp-ap_dx,sub-S09352,probabilities/qata_test_sub-S09352_ses-E17497_run-1_bp-chest_vp-ap_dx.npy,masks/qata_test_sub-S09352_ses-E17497_run-1_bp-chest_vp-ap_dx.png,0.5556599342440368,0.3847154471594738,193.3144245785805,65.20957470932005
qata_test_sub-S09353_ses-E16143_run-1_bp-chest_vp-ap_dx,sub-S09353,probabilities/qata_test_sub-S09353_ses-E16143_run-1_bp-chest_vp-ap_dx.npy,masks/qata_test_sub-S09353_ses-E16143_run-1_bp-chest_vp-ap_dx.png,0.823561054331867,0.7000457247416545,15.126108652900484,3.8180112226296283
qata_test_sub-S09353_ses-E22089_run-1_bp-chest_vp-ap_dx,sub-S09353,probabilities/qata_test_sub-S09353_ses-E22089_run-1_bp-chest_vp-ap_dx.npy,masks/qata_test_sub-S09353_ses-E22089_run-1_bp-chest_vp-ap_dx.png,0.5813734713154962,0.4098143236230819,45.60640597662304,10.26800323725795
qata_test_sub-S09356_ses-E16147_run-1_bp-chest_vp-ap_dx,sub-S09356,probabilities/qata_test_sub-S09356_ses-E16147_run-1_bp-chest_vp-ap_dx.npy,masks/qata_test_sub-S09356_ses-E16147_run-1_bp-chest_vp-ap_dx.png,0.9607769529784076,0.9245146705821051,7.211102550927978,2.2748760405257187
qata_test_sub-S09356_ses-E17160_run-1_bp-chest_vp-ap_dx,sub-S09356,probabilities/qata_test_sub-S09356_ses-E17160_run-1_bp-chest_vp-ap_dx.npy,masks/qata_test_sub-S09356_ses-E17160_run-1_bp-chest_vp-ap_dx.png,0.9504787398332769,0.9056307631942672,10.295630140987,3.1721057658177427
qata_test_sub-S09356_ses-E17161_run-1_bp-chest_vp-ap_dx,sub-S09356,probabilities/qata_test_sub-S09356_ses-E17161_run-1_bp-chest_vp-ap_dx.npy,masks/qata_test_sub-S09356_ses-E17161_run-1_bp-chest_vp-ap_dx.png,0.9494105586879172,0.9036932233987811,11.40175425099138,2.9531070629191314
qata_test_sub-S09356_ses-E18871_run-1_bp-chest_vp-ap_dx,sub-S09356,probabilities/qata_test_sub-S09356_ses-E18871_run-1_bp-chest_vp-ap_dx.npy,masks/qata_test_sub-S09356_ses-E18871_run-1_bp-chest_vp-ap_dx.png,0.9596239961511915,0.9223819009677424,6.0,2.3190974054890487
qata_test_sub-S09356_ses-E19589_run-1_bp-chest_vp-ap_dx,sub-S09356,probabilities/qata_test_sub-S09356_ses-E19589_run-1_bp-chest_vp-ap_dx.npy,masks/qata_test_sub-S09356_ses-E19589_run-1_bp-chest_vp-ap_dx.png,0.9586531185818308,0.9205896091765179,7.211102550927978,2.2981061856922516
qata_test_sub-S09356_ses-E19770_run-1_bp-chest_cr,sub-S09356,probabilities/qata_test_sub-S09356_ses-E19770_run-1_bp-chest_cr.npy,masks/qata_test_sub-S09356_ses-E19770_run-1_bp-chest_cr.png,0.716128637809623,0.55778846611954,25.553864678361276,8.228183671891182
qata_test_sub-S09356_ses-E19941_run-1_bp-chest_vp-ap_dx,sub-S09356,probabilities/qata_test_sub-S09356_ses-E19941_run-1_bp-chest_vp-ap_dx.npy,masks/qata_test_sub-S09356_ses-E19941_run-1_bp-chest_vp-ap_dx.png,0.9648980315135566,0.9321767911663419,7.211102550927978,1.9941707277771061
qata_test_sub-S09356_ses-E19941_run-2_bp-chest_vp-ap_dx,sub-S09356,probabilities/qata_test_sub-S09356_ses-E19941_run-2_bp-chest_vp-ap_dx.npy,masks/qata_test_sub-S09356_ses-E19941_run-2_bp-chest_vp-ap_dx.png,0.7591321469981062,0.6117751742559342,31.953090617340916,9.121111823096886
qata_test_sub-S09356_ses-E20575_run-1_bp-chest_vp-ap_dx,sub-S09356,probabilities/qata_test_sub-S09356_ses-E20575_run-1_bp-chest_vp-ap_dx.npy,masks/qata_test_sub-S09356_ses-E20575_run-1_bp-chest_vp-ap_dx.png,0.6713059513101852,0.5052374186316452,80.4353748754778,20.55458017170233
qata_test_sub-S09356_ses-E20900_run-1_bp-chest_vp-ap_dx,sub-S09356,probabilities/qata_test_sub-S09356_ses-E20900_run-1_bp-chest_vp-ap_dx.npy,masks/qata_test_sub-S09356_ses-E20900_run-1_bp-chest_vp-ap_dx.png,0.9610975380568084,0.9251085383504106,9.433981132056603,2.2622470011219913
qata_test_sub-S09356_ses-E21463_run-1_bp-chest_vp-ap_dx,sub-S09356,probabilities/qata_test_sub-S09356_ses-E21463_run-1_bp-chest_vp-ap_dx.npy,masks/qata_test_sub-S09356_ses-E21463_run-1_bp-chest_vp-ap_dx.png,0.8612722736468086,0.7563460989971832,29.534368783553735,5.229011792662987
qata_test_sub-S09356_ses-E21620_run-1_bp-chest_vp-ap_dx,sub-S09356,probabilities/qata_test_sub-S09356_ses-E21620_run-1_bp-chest_vp-ap_dx.npy,masks/qata_test_sub-S09356_ses-E21620_run-1_bp-chest_vp-ap_dx.png,0.9711939215855377,0.9440009560230784,5.0,1.6559136140672208
qata_test_sub-S09356_ses-E21996_run-1_bp-chest_vp-ap_dx,sub-S09356,probabilities/qata_test_sub-S09356_ses-E21996_run-1_bp-chest_vp-ap_dx.npy,masks/qata_test_sub-S09356_ses-E21996_run-1_bp-chest_vp-ap_dx.png,0.9540524931015304,0.9121418491934715,7.211102550927978,2.370371721978633
qata_test_sub-S09356_ses-E22295_run-1_bp-chest_vp-ap_dx,sub-S09356,probabilities/qata_test_sub-S09356_ses-E22295_run-1_bp-chest_vp-ap_dx.npy,masks/qata_test_sub-S09356_ses-E22295_run-1_bp-chest_vp-ap_dx.png,0.9552080737603489,0.9142567527281789,7.0710678118654755,2.35543334983594
qata_test_sub-S09356_ses-E23083_run-1_bp-chest_vp-ap_dx,sub-S09356,probabilities/qata_test_sub-S09356_ses-E23083_run-1_bp-chest_vp-ap_dx.npy,masks/qata_test_sub-S09356_ses-E23083_run-1_bp-chest_vp-ap_dx.png,0.9710194437327825,0.9436713238347111,4.47213595499958,1.5203925656592134
qata_test_sub-S09356_ses-E26012_run-1_bp-chest_vp-ap_dx,sub-S09356,probabilities/qata_test_sub-S09356_ses-E26012_run-1_bp-chest_vp-ap_dx.npy,masks/qata_test_sub-S09356_ses-E26012_run-1_bp-chest_vp-ap_dx.png,0.637095219738731,0.46745394760291537,74.60795071262291,17.308826476449806
qata_test_sub-S09356_ses-E26012_run-2_bp-chest_vp-ap_dx,sub-S09356,probabilities/qata_test_sub-S09356_ses-E26012_run-2_bp-chest_vp-ap_dx.npy,masks/qata_test_sub-S09356_ses-E26012_run-2_bp-chest_vp-ap_dx.png,0.5526335357552296,0.38182005000725483,110.19981402675785,30.117978459759367
qata_test_sub-S09356_ses-E26447_acq-1_run-1_bp-chest_dx,sub-S09356,probabilities/qata_test_sub-S09356_ses-E26447_acq-1_run-1_bp-chest_dx.npy,masks/qata_test_sub-S09356_ses-E26447_acq-1_run-1_bp-chest_dx.png,0.866031592910006,0.763717566993774,27.94129474363337,7.808945321232017
qata_test_sub-S09357_ses-E16148_run-1_bp-chest_vp-ap_dx,sub-S09357,probabilities/qata_test_sub-S09357_ses-E16148_run-1_bp-chest_vp-ap_dx.npy,masks/qata_test_sub-S09357_ses-E16148_run-1_bp-chest_vp-ap_dx.png,0.46555372678423723,0.30340177751070024,214.96962001566965,64.84766086495688
qata_test_sub-S09357_ses-E17835_run-1_bp-chest_cr,sub-S09357,probabilities/qata_test_sub-S09357_ses-E17835_run-1_bp-chest_cr.npy,masks/qata_test_sub-S09357_ses-E17835_run-1_bp-chest_cr.png,0.6901902275293533,0.526939286940119,195.4075015069881,52.57917615507396
qata_test_sub-S09357_ses-E18805_run-1_bp-chest_vp-pa_cr,sub-S09357,probabilities/qata_test_sub-S09357_ses-E18805_run-1_bp-chest_vp-pa_cr.npy,masks/qata_test_sub-S09357_ses-E18805_run-1_bp-chest_vp-pa_cr.png,0.26765335236030974,0.15450334535095725,226.2766006355189,82.60348205040982
qata_test_sub-S09357_ses-E20339_run-1_bp-chest_vp-pa_cr,sub-S09357,probabilities/qata_test_sub-S09357_ses-E20339_run-1_bp-chest_vp-pa_cr.npy,masks/qata_test_sub-S09357_ses-E20339_run-1_bp-chest_vp-pa_cr.png,0.0929777777858402,0.04875547684302455,218.77796639213958,104.42606801524502
qata_test_sub-S09358_ses-E16150_run-1_bp-chest_dx,sub-S09358,probabilities/qata_test_sub-S09358_ses-E16150_run-1_bp-chest_dx.npy,masks/qata_test_sub-S09358_ses-E16150_run-1_bp-chest_dx.png,0.07115976737289131,0.036892515087656466,187.87096589066624,89.25467850112986
qata_test_sub-S09359_ses-E16151_run-1_bp-chest_vp-ap_cr,sub-S09359,probabilities/qata_test_sub-S09359_ses-E16151_run-1_bp-chest_vp-ap_cr.npy,masks/qata_test_sub-S09359_ses-E16151_run-1_bp-chest_vp-ap_cr.png,0.7123378051478318,0.5532023911225175,29.09894022585249,8.307441410961491
qata_test_sub-S09359_ses-E18678_run-1_bp-chest_vp-ap_dx,sub-S09359,probabilities/qata_test_sub-S09359_ses-E18678_run-1_bp-chest_vp-ap_dx.npy,masks/qata_test_sub-S09359_ses-E18678_run-1_bp-chest_vp-ap_dx.png,0.624444784809125,0.4539583565365331,147.80054127099805,28.620646333831388
qata_test_sub-S09360_ses-E16152_run-1_bp-chest_vp-pa_cr,sub-S09360,probabilities/qata_test_sub-S09360_ses-E16152_run-1_bp-chest_vp-pa_cr.npy,masks/qata_test_sub-S09360_ses-E16152_run-1_bp-chest_vp-pa_cr.png,0.46679139383847545,0.30445393534763715,169.62590660442808,23.283827553473515
qata_test_sub-S09360_ses-E23550_acq-1_run-1_bp-chest_dx,sub-S09360,probabilities/qata_test_sub-S09360_ses-E23550_acq-1_run-1_bp-chest_dx.npy,masks/qata_test_sub-S09360_ses-E23550_acq-1_run-1_bp-chest_dx.png,0.7771791832788645,0.6355626046379808,57.0,10.33264976425917
qata_test_sub-S09360_ses-E24444_run-1_bp-chest_vp-pa_dx,sub-S09360,probabilities/qata_test_sub-S09360_ses-E24444_run-1_bp-chest_vp-pa_dx.npy,masks/qata_test_sub-S09360_ses-E24444_run-1_bp-chest_vp-pa_dx.png,0.4232591926409656,0.26843929621662743,149.3251485852266,53.87315368587927
qata_test_sub-S09361_ses-E16154_run-1_bp-chest_vp-ap_dx,sub-S09361,probabilities/qata_test_sub-S09361_ses-E16154_run-1_bp-chest_vp-ap_dx.npy,masks/qata_test_sub-S09361_ses-E16154_run-1_bp-chest_vp-ap_dx.png,0.8736962813308923,0.7757199650947763,15.0,3.4785227179562805
qata_test_sub-S09361_ses-E16589_run-1_bp-chest_vp-ap_dx,sub-S09361,probabilities/qata_test_sub-S09361_ses-E16589_run-1_bp-chest_vp-ap_dx.npy,masks/qata_test_sub-S09361_ses-E16589_run-1_bp-chest_vp-ap_dx.png,0.7816047965315627,0.6415035074898805,17.256570266582752,6.087530767746013
qata_test_sub-S09361_ses-E16787_run-1_bp-chest_vp-ap_dx,sub-S09361,probabilities/qata_test_sub-S09361_ses-E16787_run-1_bp-chest_vp-ap_dx.npy,masks/qata_test_sub-S09361_ses-E16787_run-1_bp-chest_vp-ap_dx.png,0.38609279185823153,0.2392286185444173,66.68579634400633,18.72575407779804
qata_test_sub-S09361_ses-E16908_run-1_bp-chest_vp-ap_dx,sub-S09361,probabilities/qata_test_sub-S09361_ses-E16908_run-1_bp-chest_vp-ap_dx.npy,masks/qata_test_sub-S09361_ses-E16908_run-1_bp-chest_vp-ap_dx.png,0.8422826040008541,0.7275373134348692,25.27744445776234,5.29525221417015
qata_test_sub-S09361_ses-E17169_run-1_bp-chest_vp-ap_dx,sub-S09361,probabilities/qata_test_sub-S09361_ses-E17169_run-1_bp-chest_vp-ap_dx.npy,masks/qata_test_sub-S09361_ses-E17169_run-1_bp-chest_vp-ap_dx.png,0.8748235294125011,0.7774989544147062,13.634162285580281,3.5401428390951613
qata_test_sub-S09361_ses-E17408_run-1_bp-chest_vp-ap_dx,sub-S09361,probabilities/qata_test_sub-S09361_ses-E17408_run-1_bp-chest_vp-ap_dx.npy,masks/qata_test_sub-S09361_ses-E17408_run-1_bp-chest_vp-ap_dx.png,0.8941568884394893,0.8085748141785136,14.747692162314504,4.1363588453002995
qata_test_sub-S09361_ses-E18568_run-1_bp-chest_vp-ap_dx,sub-S09361,probabilities/qata_test_sub-S09361_ses-E18568_run-1_bp-chest_vp-ap_dx.npy,masks/qata_test_sub-S09361_ses-E18568_run-1_bp-chest_vp-ap_dx.png,0.8096321202541059,0.6801528620114633,75.61772013346773,15.739089021235644
qata_test_sub-S09361_ses-E19948_run-1_bp-chest_cr,sub-S09361,probabilities/qata_test_sub-S09361_ses-E19948_run-1_bp-chest_cr.npy,masks/qata_test_sub-S09361_ses-E19948_run-1_bp-chest_cr.png,0.8354638817877738,0.7174220436130281,21.11275015860909,4.70972836890292
qata_test_sub-S09361_ses-E20256_run-1_bp-chest_vp-ap_dx,sub-S09361,probabilities/qata_test_sub-S09361_ses-E20256_run-1_bp-chest_vp-ap_dx.npy,masks/qata_test_sub-S09361_ses-E20256_run-1_bp-chest_vp-ap_dx.png,0.9621348570482948,0.927032633846936,8.395107498276426,1.8725457457845724
qata_test_sub-S09361_ses-E20371_run-1_bp-chest_vp-ap_dx,sub-S09361,probabilities/qata_test_sub-S09361_ses-E20371_run-1_bp-chest_vp-ap_dx.npy,masks/qata_test_sub-S09361_ses-E20371_run-1_bp-chest_vp-ap_dx.png,0.9532830787543313,0.9107362835216966,22.14166151627325,3.6417953508020804
qata_test_sub-S09361_ses-E20568_run-1_bp-chest_cr,sub-S09361,probabilities/qata_test_sub-S09361_ses-E20568_run-1_bp-chest_cr.npy,masks/qata_test_sub-S09361_ses-E20568_run-1_bp-chest_cr.png,0.7839851024215502,0.644716692191769,89.06177578195019,17.19173659858759
qata_test_sub-S09361_ses-E20765_run-1_bp-chest_vp-ap_dx,sub-S09361,probabilities/qata_test_sub-S09361_ses-E20765_run-1_bp-chest_vp-ap_dx.npy,masks/qata_test_sub-S09361_ses-E20765_run-1_bp-chest_vp-ap_dx.png,0.7307507383758131,0.5757346176764125,47.567717104138126,10.271739238079842
qata_test_sub-S09361_ses-E21624_run-1_bp-chest_vp-ap_dx,sub-S09361,probabilities/qata_test_sub-S09361_ses-E21624_run-1_bp-chest_vp-ap_dx.npy,masks/qata_test_sub-S09361_ses-E21624_run-1_bp-chest_vp-ap_dx.png,0.965504343127955,0.933309228235373,4.47213595499958,1.576702178677936
qata_test_sub-S09361_ses-E21885_run-1_bp-chest_vp-ap_dx,sub-S09361,probabilities/qata_test_sub-S09361_ses-E21885_run-1_bp-chest_vp-ap_dx.npy,masks/qata_test_sub-S09361_ses-E21885_run-1_bp-chest_vp-ap_dx.png,0.943867484769109,0.8937017572676396,8.94427190999916,2.918804993547464
qata_test_sub-S09361_ses-E22128_run-1_bp-chest_vp-ap_dx,sub-S09361,probabilities/qata_test_sub-S09361_ses-E22128_run-1_bp-chest_vp-ap_dx.npy,masks/qata_test_sub-S09361_ses-E22128_run-1_bp-chest_vp-ap_dx.png,0.9583008849558506,0.9199401930138194,6.324555320336759,1.9028554842711272
qata_test_sub-S09361_ses-E22748_run-1_bp-chest_vp-ap_dx,sub-S09361,probabilities/qata_test_sub-S09361_ses-E22748_run-1_bp-chest_vp-ap_dx.npy,masks/qata_test_sub-S09361_ses-E22748_run-1_bp-chest_vp-ap_dx.png,0.947291853178254,0.8998618050391557,8.06225774829855,2.514500681855838
qata_test_sub-S09361_ses-E22749_run-1_bp-chest_vp-ap_dx,sub-S09361,probabilities/qata_test_sub-S09361_ses-E22749_run-1_bp-chest_vp-ap_dx.npy,masks/qata_test_sub-S09361_ses-E22749_run-1_bp-chest_vp-ap_dx.png,0.9421807186787704,0.8906821186906329,8.06225774829855,2.590324134993529
qata_test_sub-S09361_ses-E22942_run-1_bp-chest_vp-ap_dx,sub-S09361,probabilities/qata_test_sub-S09361_ses-E22942_run-1_bp-chest_vp-ap_dx.npy,masks/qata_test_sub-S09361_ses-E22942_run-1_bp-chest_vp-ap_dx.png,0.9724168946520774,0.9463145993655994,4.0,1.2634103352985764
qata_test_sub-S09361_ses-E23085_run-1_bp-chest_vp-ap_dx,sub-S09361,probabilities/qata_test_sub-S09361_ses-E23085_run-1_bp-chest_vp-ap_dx.npy,masks/qata_test_sub-S09361_ses-E23085_run-1_bp-chest_vp-ap_dx.png,0.9610714578719315,0.9250602124218223,6.0,1.895041557538684
qata_test_sub-S09361_ses-E23269_run-1_bp-chest_vp-ap_dx,sub-S09361,probabilities/qata_test_sub-S09361_ses-E23269_run-1_bp-chest_vp-ap_dx.npy,masks/qata_test_sub-S09361_ses-E23269_run-1_bp-chest_vp-ap_dx.png,0.9585584853533528,0.9204150899234564,5.7526079544364395,1.8437671146941863
qata_test_sub-S09362_ses-E17797_run-1_bp-chest_vp-ap_dx,sub-S09362,probabilities/qata_test_sub-S09362_ses-E17797_run-1_bp-chest_vp-ap_dx.npy,masks/qata_test_sub-S09362_ses-E17797_run-1_bp-chest_vp-ap_dx.png,0.778426336680544,0.6372324159038741,25.34555106641858,6.814779834198988
qata_test_sub-S09362_ses-E26714_run-1_bp-chest_vp-pa_dx,sub-S09362,probabilities/qata_test_sub-S09362_ses-E26714_run-1_bp-chest_vp-pa_dx.npy,masks/qata_test_sub-S09362_ses-E26714_run-1_bp-chest_vp-pa_dx.png,0.6270587350558242,0.4567265556588877,199.77111384936964,61.506943750678786
qata_test_sub-S09363_ses-E16521_acq-2_run-1_bp-chest_vp-ap_dx,sub-S09363,probabilities/qata_test_sub-S09363_ses-E16521_acq-2_run-1_bp-chest_vp-ap_dx.npy,masks/qata_test_sub-S09363_ses-E16521_acq-2_run-1_bp-chest_vp-ap_dx.png,0.8863565235002736,0.7959068967804143,28.0,5.911835726798676
qata_test_sub-S09363_ses-E16917_acq-2_run-1_bp-chest_vp-ap_dx,sub-S09363,probabilities/qata_test_sub-S09363_ses-E16917_acq-2_run-1_bp-chest_vp-ap_dx.npy,masks/qata_test_sub-S09363_ses-E16917_acq-2_run-1_bp-chest_vp-ap_dx.png,0.49504641547833933,0.3289446402677139,129.36004318302844,43.47740421138846
qata_test_sub-S09363_ses-E17174_run-1_bp-chest_vp-ap_dx,sub-S09363,probabilities/qata_test_sub-S09363_ses-E17174_run-1_bp-chest_vp-ap_dx.npy,masks/qata_test_sub-S09363_ses-E17174_run-1_bp-chest_vp-ap_dx.png,0.5675197884986741,0.39617984523837907,77.55963016889052,20.09860393044944
qata_test_sub-S09363_ses-E17466_run-1_bp-chest_vp-ap_dx,sub-S09363,probabilities/qata_test_sub-S09363_ses-E17466_run-1_bp-chest_vp-ap_dx.npy,masks/qata_test_sub-S09363_ses-E17466_run-1_bp-chest_vp-ap_dx.png,0.41159541625549895,0.2591250494185062,195.99438614717633,41.436884254067174
qata_test_sub-S09363_ses-E17952_run-1_bp-chest_vp-ap_dx,sub-S09363,probabilities/qata_test_sub-S09363_ses-E17952_run-1_bp-chest_vp-ap_dx.npy,masks/qata_test_sub-S09363_ses-E17952_run-1_bp-chest_vp-ap_dx.png,0.7110930102331431,0.5517023461580649,41.25286523616163,11.035700176558915
qata_test_sub-S09363_ses-E18000_acq-2_run-1_bp-chest_vp-ap_dx,sub-S09363,probabilities/qata_test_sub-S09363_ses-E18000_acq-2_run-1_bp-chest_vp-ap_dx.npy,masks/qata_test_sub-S09363_ses-E18000_acq-2_run-1_bp-chest_vp-ap_dx.png,0.5272370855089118,0.3579918263306288,78.93443320668933,22.449471995798294
qata_test_sub-S09363_ses-E26711_run-1_bp-chest_vp-ap_dx,sub-S09363,probabilities/qata_test_sub-S09363_ses-E26711_run-1_bp-chest_vp-ap_dx.npy,masks/qata_test_sub-S09363_ses-E26711_run-1_bp-chest_vp-ap_dx.png,0.7865320651224992,0.6481688081871814,43.78973817461648,7.737807442465106
qata_test_sub-S09363_ses-E26971_run-1_bp-chest_vp-ap_dx,sub-S09363,probabilities/qata_test_sub-S09363_ses-E26971_run-1_bp-chest_vp-ap_dx.npy,masks/qata_test_sub-S09363_ses-E26971_run-1_bp-chest_vp-ap_dx.png,0.9640538577574568,0.9306022952801566,7.211102550927978,2.0424927159867443
qata_test_sub-S09365_ses-E16162_run-1_bp-chest_vp-ap_dx,sub-S09365,probabilities/qata_test_sub-S09365_ses-E16162_run-1_bp-chest_vp-ap_dx.npy,masks/qata_test_sub-S09365_ses-E16162_run-1_bp-chest_vp-ap_dx.png,0.6700783510987857,0.5038479910859092,179.03086182873884,28.970269364142887
qata_test_sub-S09365_ses-E16695_run-1_bp-chest_vp-ap_dx,sub-S09365,probabilities/qata_test_sub-S09365_ses-E16695_run-1_bp-chest_vp-ap_dx.npy,masks/qata_test_sub-S09365_ses-E16695_run-1_bp-chest_vp-ap_dx.png,0.8635412075808078,0.7598526346417187,145.97019444149566,28.869019788914116
qata_test_sub-S09365_ses-E17903_run-1_bp-chest_vp-ap_dx,sub-S09365,probabilities/qata_test_sub-S09365_ses-E17903_run-1_bp-chest_vp-ap_dx.npy,masks/qata_test_sub-S09365_ses-E17903_run-1_bp-chest_vp-ap_dx.png,0.9201223293913041,0.8520616310854673,11.065607847734027,3.18875344026816
qata_test_sub-S09365_ses-E18705_run-1_bp-chest_vp-ap_cr,sub-S09365,probabilities/qata_test_sub-S09365_ses-E18705_run-1_bp-chest_vp-ap_cr.npy,masks/qata_test_sub-S09365_ses-E18705_run-1_bp-chest_vp-ap_cr.png,0.7914442551588436,0.654867811053409,68.04011131905294,12.686100122581365
qata_test_sub-S09365_ses-E20937_run-1_bp-chest_vp-ap_dx,sub-S09365,probabilities/qata_test_sub-S09365_ses-E20937_run-1_bp-chest_vp-ap_dx.npy,masks/qata_test_sub-S09365_ses-E20937_run-1_bp-chest_vp-ap_dx.png,0.7579189744235549,0.6102009118712851,75.25256839148061,16.74022698283389
qata_test_sub-S09366_ses-E16163_run-1_bp-chest_vp-ap_cr,sub-S09366,probabilities/qata_test_sub-S09366_ses-E16163_run-1_bp-chest_vp-ap_cr.npy,masks/qata_test_sub-S09366_ses-E16163_run-1_bp-chest_vp-ap_cr.png,0.9426993608218469,0.891609562966677,10.816653826391969,2.9577679053064325
qata_test_sub-S09366_ses-E16600_run-1_bp-chest_vp-ap_cr,sub-S09366,probabilities/qata_test_sub-S09366_ses-E16600_run-1_bp-chest_vp-ap_cr.npy,masks/qata_test_sub-S09366_ses-E16600_run-1_bp-chest_vp-ap_cr.png,0.9540571688744731,0.9121503972142992,10.283342414993651,2.4397146822389715
qata_test_sub-S09366_ses-E17172_run-1_bp-chest_vp-ap_cr,sub-S09366,probabilities/qata_test_sub-S09366_ses-E17172_run-1_bp-chest_vp-ap_cr.npy,masks/qata_test_sub-S09366_ses-E17172_run-1_bp-chest_vp-ap_cr.png,0.9453718994752279,0.896403100775515,11.40175425099138,2.733008941462538
qata_test_sub-S09366_ses-E18600_run-1_bp-chest_vp-ap_cr,sub-S09366,probabilities/qata_test_sub-S09366_ses-E18600_run-1_bp-chest_vp-ap_cr.npy,masks/qata_test_sub-S09366_ses-E18600_run-1_bp-chest_vp-ap_cr.png,0.9484255904036792,0.901910109022066,6.324555320336759,2.4740538215411347
qata_test_sub-S09366_ses-E19205_run-1_bp-chest_vp-ap_cr,sub-S09366,probabilities/qata_test_sub-S09366_ses-E19205_run-1_bp-chest_vp-ap_cr.npy,masks/qata_test_sub-S09366_ses-E19205_run-1_bp-chest_vp-ap_cr.png,0.9643960282662623,0.9312401792471302,6.324555320336759,1.809483007472656
qata_test_sub-S09366_ses-E19820_run-1_bp-chest_vp-ap_cr,sub-S09366,probabilities/qata_test_sub-S09366_ses-E19820_run-1_bp-chest_vp-ap_cr.npy,masks/qata_test_sub-S09366_ses-E19820_run-1_bp-chest_vp-ap_cr.png,0.7641517162290375,0.6183216226982265,72.39913039114839,14.218369170425103
qata_test_sub-S09366_ses-E19984_run-1_bp-chest_vp-ap_cr,sub-S09366,probabilities/qata_test_sub-S09366_ses-E19984_run-1_bp-chest_vp-ap_cr.npy,masks/qata_test_sub-S09366_ses-E19984_run-1_bp-chest_vp-ap_cr.png,0.9721553202918369,0.9458192852328192,3.1622776601683795,1.2789451143542836
qata_test_sub-S09366_ses-E20187_run-1_bp-chest_vp-ap_cr,sub-S09366,probabilities/qata_test_sub-S09366_ses-E20187_run-1_bp-chest_vp-ap_cr.npy,masks/qata_test_sub-S09366_ses-E20187_run-1_bp-chest_vp-ap_cr.png,0.9655556794114795,0.9334051724139526,6.0,2.428588093590809
qata_test_sub-S09366_ses-E20399_run-1_bp-chest_vp-ap_cr,sub-S09366,probabilities/qata_test_sub-S09366_ses-E20399_run-1_bp-chest_vp-ap_cr.npy,masks/qata_test_sub-S09366_ses-E20399_run-1_bp-chest_vp-ap_cr.png,0.9576251387185947,0.9186955425435837,7.0,2.18986960725087
qata_test_sub-S09366_ses-E21128_run-1_bp-chest_vp-ap_cr,sub-S09366,probabilities/qata_test_sub-S09366_ses-E21128_run-1_bp-chest_vp-ap_cr.npy,masks/qata_test_sub-S09366_ses-E21128_run-1_bp-chest_vp-ap_cr.png,0.8485256100383604,0.7369035885089734,23.17724756574986,4.506698521926457
qata_test_sub-S09366_ses-E21487_run-1_bp-chest_vp-ap_cr,sub-S09366,probabilities/qata_test_sub-S09366_ses-E21487_run-1_bp-chest_vp-ap_cr.npy,masks/qata_test_sub-S09366_ses-E21487_run-1_bp-chest_vp-ap_cr.png,0.955473770523149,0.9147436833652887,10.770329614269007,3.437642428087599
qata_test_sub-S09366_ses-E21900_run-1_bp-chest_vp-ap_cr,sub-S09366,probabilities/qata_test_sub-S09366_ses-E21900_run-1_bp-chest_vp-ap_cr.npy,masks/qata_test_sub-S09366_ses-E21900_run-1_bp-chest_vp-ap_cr.png,0.9585523809524599,0.9204038334921341,6.4031242374328485,1.9012966902187454
qata_test_sub-S09366_ses-E22157_run-1_bp-chest_vp-ap_cr,sub-S09366,probabilities/qata_test_sub-S09366_ses-E22157_run-1_bp-chest_vp-ap_cr.npy,masks/qata_test_sub-S09366_ses-E22157_run-1_bp-chest_vp-ap_cr.png,0.9574732572214376,0.9184160155639699,5.656854249492381,2.0183061412509202
qata_test_sub-S09366_ses-E22573_run-1_bp-chest_vp-ap_cr,sub-S09366,probabilities/qata_test_sub-S09366_ses-E22573_run-1_bp-chest_vp-ap_cr.npy,masks/qata_test_sub-S09366_ses-E22573_run-1_bp-chest_vp-ap_cr.png,0.9124338456998915,0.8389685924783289,10.770329614269007,3.7778631708937627
qata_test_sub-S09366_ses-E22977_run-1_bp-chest_vp-ap_cr,sub-S09366,probabilities/qata_test_sub-S09366_ses-E22977_run-1_bp-chest_vp-ap_cr.npy,masks/qata_test_sub-S09366_ses-E22977_run-1_bp-chest_vp-ap_cr.png,0.9503102602338571,0.9053249014758643,18.1864047993157,2.9608050387744522
qata_test_sub-S09366_ses-E23300_run-1_bp-chest_vp-ap_cr,sub-S09366,probabilities/qata_test_sub-S09366_ses-E23300_run-1_bp-chest_vp-ap_cr.npy,masks/qata_test_sub-S09366_ses-E23300_run-1_bp-chest_vp-ap_cr.png,0.905430978613214,0.8272031830996679,26.1725046566048,5.091897199681306
qata_test_sub-S09366_ses-E24177_acq-1_run-1_bp-chest_vp-pa_dx,sub-S09366,probabilities/qata_test_sub-S09366_ses-E24177_acq-1_run-1_bp-chest_vp-pa_dx.npy,masks/qata_test_sub-S09366_ses-E24177_acq-1_run-1_bp-chest_vp-pa_dx.png,0.7562435988349632,0.6080319250040664,30.7212654057559,9.134301661693113
qata_test_sub-S09366_ses-E24258_run-1_bp-chest_vp-ap_cr,sub-S09366,probabilities/qata_test_sub-S09366_ses-E24258_run-1_bp-chest_vp-ap_cr.npy,masks/qata_test_sub-S09366_ses-E24258_run-1_bp-chest_vp-ap_cr.png,0.9673071846387293,0.9366843365714913,4.242640687119285,1.5049702079075236
qata_test_sub-S09366_ses-E26083_run-1_bp-chest_vp-ap_cr,sub-S09366,probabilities/qata_test_sub-S09366_ses-E26083_run-1_bp-chest_vp-ap_cr.npy,masks/qata_test_sub-S09366_ses-E26083_run-1_bp-chest_vp-ap_cr.png,0.9078607615626479,0.8312683306408615,15.303313098541713,3.6542998792550483
qata_test_sub-S09368_ses-E18602_run-1_bp-chest_vp-ap_dx,sub-S09368,probabilities/qata_test_sub-S09368_ses-E18602_run-1_bp-chest_vp-ap_dx.npy,masks/qata_test_sub-S09368_ses-E18602_run-1_bp-chest_vp-ap_dx.png,0.9712765957447472,0.9441571871770866,3.605551275463989,1.1429298896050883
qata_test_sub-S09368_ses-E19120_run-1_bp-chest_vp-ap_dx,sub-S09368,probabilities/qata_test_sub-S09368_ses-E19120_run-1_bp-chest_vp-ap_dx.npy,masks/qata_test_sub-S09368_ses-E19120_run-1_bp-chest_vp-ap_dx.png,0.9373668648460602,0.882117104987936,18.384776310850235,4.968094676083582
qata_test_sub-S09368_ses-E19120_run-2_bp-chest_vp-ap_dx,sub-S09368,probabilities/qata_test_sub-S09368_ses-E19120_run-2_bp-chest_vp-ap_dx.npy,masks/qata_test_sub-S09368_ses-E19120_run-2_bp-chest_vp-ap_dx.png,0.9617703408152817,0.9263560641974458,8.484445246501007,2.295667506217298
qata_test_sub-S09368_ses-E19401_run-1_bp-chest_vp-ap_cr,sub-S09368,probabilities/qata_test_sub-S09368_ses-E19401_run-1_bp-chest_vp-ap_cr.npy,masks/qata_test_sub-S09368_ses-E19401_run-1_bp-chest_vp-ap_cr.png,0.9583671215860206,0.9200622805276616,5.0,1.9674254443334347
qata_test_sub-S09368_ses-E20395_run-1_bp-chest_vp-ap_dx,sub-S09368,probabilities/qata_test_sub-S09368_ses-E20395_run-1_bp-chest_vp-ap_dx.npy,masks/qata_test_sub-S09368_ses-E20395_run-1_bp-chest_vp-ap_dx.png,0.8520893011416085,0.7422958092381277,92.0,16.683658573842013
qata_test_sub-S09368_ses-E20395_run-2_bp-chest_vp-ap_dx,sub-S09368,probabilities/qata_test_sub-S09368_ses-E20395_run-2_bp-chest_vp-ap_dx.npy,masks/qata_test_sub-S09368_ses-E20395_run-2_bp-chest_vp-ap_dx.png,0.9504986919556276,0.9056669912369789,9.0,2.126677939587502
qata_test_sub-S09368_ses-E21331_run-1_bp-chest_vp-ap_dx,sub-S09368,probabilities/qata_test_sub-S09368_ses-E21331_run-1_bp-chest_vp-ap_dx.npy,masks/qata_test_sub-S09368_ses-E21331_run-1_bp-chest_vp-ap_dx.png,0.9568003606679492,0.9171785769411416,5.356550277780358,2.1310952995468284
qata_test_sub-S09368_ses-E21658_run-1_bp-chest_vp-ap_dx,sub-S09368,probabilities/qata_test_sub-S09368_ses-E21658_run-1_bp-chest_vp-ap_dx.npy,masks/qata_test_sub-S09368_ses-E21658_run-1_bp-chest_vp-ap_dx.png,0.9040788276518108,0.8249487741121142,18.269343417595096,4.585680870296845
qata_test_sub-S09368_ses-E22594_run-1_bp-chest_vp-ap_dx,sub-S09368,probabilities/qata_test_sub-S09368_ses-E22594_run-1_bp-chest_vp-ap_dx.npy,masks/qata_test_sub-S09368_ses-E22594_run-1_bp-chest_vp-ap_dx.png,0.9603876232574796,0.9237939493052993,5.0,1.6044160715040594
qata_test_sub-S09368_ses-E24685_run-1_bp-chest_vp-pa_dx,sub-S09368,probabilities/qata_test_sub-S09368_ses-E24685_run-1_bp-chest_vp-pa_dx.npy,masks/qata_test_sub-S09368_ses-E24685_run-1_bp-chest_vp-pa_dx.png,0.9409051011452757,0.8884049032461321,10.0,2.763792257972873
qata_test_sub-S09369_ses-E16167_run-1_bp-chest_vp-ap_dx,sub-S09369,probabilities/qata_test_sub-S09369_ses-E16167_run-1_bp-chest_vp-ap_dx.npy,masks/qata_test_sub-S09369_ses-E16167_run-1_bp-chest_vp-ap_dx.png,0.5499975646605134,0.37930802822049503,140.02392206140172,31.523953258651286
qata_test_sub-S09370_ses-E16168_run-1_bp-chest_vp-ap_dx,sub-S09370,probabilities/qata_test_sub-S09370_ses-E16168_run-1_bp-chest_vp-ap_dx.npy,masks/qata_test_sub-S09370_ses-E16168_run-1_bp-chest_vp-ap_dx.png,0.69124423963457,0.5281690140920587,101.16817536572867,23.53071002047541
qata_test_sub-S09370_ses-E17909_run-1_bp-chest_vp-ap_dx,sub-S09370,probabilities/qata_test_sub-S09370_ses-E17909_run-1_bp-chest_vp-ap_dx.npy,masks/qata_test_sub-S09370_ses-E17909_run-1_bp-chest_vp-ap_dx.png,0.885702800482686,0.7948532948542816,20.0,4.4235123950731605
qata_test_sub-S09371_ses-E16169_run-1_bp-chest_vp-ap_dx,sub-S09371,probabilities/qata_test_sub-S09371_ses-E16169_run-1_bp-chest_vp-ap_dx.npy,masks/qata_test_sub-S09371_ses-E16169_run-1_bp-chest_vp-ap_dx.png,0.687461632904821,0.5237649810024919,64.01914072299448,13.622055812204183
qata_test_sub-S09371_ses-E16353_run-1_bp-chest_vp-ap_dx,sub-S09371,probabilities/qata_test_sub-S09371_ses-E16353_run-1_bp-chest_vp-ap_dx.npy,masks/qata_test_sub-S09371_ses-E16353_run-1_bp-chest_vp-ap_dx.png,0.7881412391750603,0.6503573392005647,33.28900205901372,6.591066738652971
qata_test_sub-S09371_ses-E16592_run-1_bp-chest_vp-ap_dx,sub-S09371,probabilities/qata_test_sub-S09371_ses-E16592_run-1_bp-chest_vp-ap_dx.npy,masks/qata_test_sub-S09371_ses-E16592_run-1_bp-chest_vp-ap_dx.png,0.6601057043934386,0.49265505985042085,54.07168807892906,13.753222601770688
qata_test_sub-S09371_ses-E16689_run-1_bp-chest_vp-ap_dx,sub-S09371,probabilities/qata_test_sub-S09371_ses-E16689_run-1_bp-chest_vp-ap_dx.npy,masks/qata_test_sub-S09371_ses-E16689_run-1_bp-chest_vp-ap_dx.png,0.7973282093518854,0.662964090080833,68.94345503080875,14.764927865175057
qata_test_sub-S09371_ses-E16810_run-1_bp-chest_vp-ap_dx,sub-S09371,probabilities/qata_test_sub-S09371_ses-E16810_run-1_bp-chest_vp-ap_dx.npy,masks/qata_test_sub-S09371_ses-E16810_run-1_bp-chest_vp-ap_dx.png,0.7612176667261614,0.6144886363658267,53.17604535918857,12.101753936691992
qata_test_sub-S09371_ses-E16936_run-1_bp-chest_vp-ap_dx,sub-S09371,probabilities/qata_test_sub-S09371_ses-E16936_run-1_bp-chest_vp-ap_dx.npy,masks/qata_test_sub-S09371_ses-E16936_run-1_bp-chest_vp-ap_dx.png,0.7689819307742087,0.6246715218888454,33.83784863137726,8.082471719009844
qata_test_sub-S09371_ses-E17184_run-1_bp-chest_vp-ap_dx,sub-S09371,probabilities/qata_test_sub-S09371_ses-E17184_run-1_bp-chest_vp-ap_dx.npy,masks/qata_test_sub-S09371_ses-E17184_run-1_bp-chest_vp-ap_dx.png,0.7845713323239315,0.6455099778303259,25.49803592348379,6.398753451335822
qata_test_sub-S09371_ses-E17422_run-1_bp-chest_vp-ap_dx,sub-S09371,probabilities/qata_test_sub-S09371_ses-E17422_run-1_bp-chest_vp-ap_dx.npy,masks/qata_test_sub-S09371_ses-E17422_run-1_bp-chest_vp-ap_dx.png,0.8625722205528419,0.758353397147464,15.811388300841896,4.474581659809458
qata_test_sub-S09371_ses-E17519_run-1_bp-chest_vp-ap_dx,sub-S09371,probabilities/qata_test_sub-S09371_ses-E17519_run-1_bp-chest_vp-ap_dx.npy,masks/qata_test_sub-S09371_ses-E17519_run-1_bp-chest_vp-ap_dx.png,0.5876660455623379,0.4160956717903729,75.52307502397963,20.826661041877003
qata_test_sub-S09371_ses-E17614_run-1_bp-chest_vp-ap_dx,sub-S09371,probabilities/qata_test_sub-S09371_ses-E17614_run-1_bp-chest_vp-ap_dx.npy,masks/qata_test_sub-S09371_ses-E17614_run-1_bp-chest_vp-ap_dx.png,0.8590537876659425,0.7529310132065103,18.867962264113206,4.849157193632211
qata_test_sub-S09371_ses-E18434_run-1_bp-chest_cr,sub-S09371,probabilities/qata_test_sub-S09371_ses-E18434_run-1_bp-chest_cr.npy,masks/qata_test_sub-S09371_ses-E18434_run-1_bp-chest_cr.png,0.4652245000662481,0.30312218307544764,63.95620569054048,16.366171839435033
qata_test_sub-S09371_ses-E18616_run-1_bp-chest_vp-ap_dx,sub-S09371,probabilities/qata_test_sub-S09371_ses-E18616_run-1_bp-chest_vp-ap_dx.npy,masks/qata_test_sub-S09371_ses-E18616_run-1_bp-chest_vp-ap_dx.png,0.8165666995679274,0.6899980753211651,43.148372104097724,8.612196748484163
qata_test_sub-S09371_ses-E18951_run-1_bp-chest_vp-ap_dx,sub-S09371,probabilities/qata_test_sub-S09371_ses-E18951_run-1_bp-chest_vp-ap_dx.npy,masks/qata_test_sub-S09371_ses-E18951_run-1_bp-chest_vp-ap_dx.png,0.888692224144397,0.799681459495404,30.77961325807287,5.207938485386628
qata_test_sub-S09371_ses-E19129_run-1_bp-chest_vp-ap_dx,sub-S09371,probabilities/qata_test_sub-S09371_ses-E19129_run-1_bp-chest_vp-ap_dx.npy,masks/qata_test_sub-S09371_ses-E19129_run-1_bp-chest_vp-ap_dx.png,0.9495708379678295,0.9039836976069685,8.51170644122409,2.1240641688925255
qata_test_sub-S09371_ses-E20202_run-1_bp-chest_vp-ap_dx,sub-S09371,probabilities/qata_test_sub-S09371_ses-E20202_run-1_bp-chest_vp-ap_dx.npy,masks/qata_test_sub-S09371_ses-E20202_run-1_bp-chest_vp-ap_dx.png,0.9711896827118944,0.9439929464082497,4.0,1.2270423614798012
qata_test_sub-S09371_ses-E20280_run-1_bp-chest_vp-ap_dx,sub-S09371,probabilities/qata_test_sub-S09371_ses-E20280_run-1_bp-chest_vp-ap_dx.npy,masks/qata_test_sub-S09371_ses-E20280_run-1_bp-chest_vp-ap_dx.png,0.7862424130962433,0.6477754879400668,36.05551275463989,8.137600091706355
qata_test_sub-S09371_ses-E20406_run-1_bp-chest_vp-ap_dx,sub-S09371,probabilities/qata_test_sub-S09371_ses-E20406_run-1_bp-chest_vp-ap_dx.npy,masks/qata_test_sub-S09371_ses-E20406_run-1_bp-chest_vp-ap_dx.png,0.8485253412241146,0.7369031830253265,28.129134385760068,5.945150992151116
qata_test_sub-S09371_ses-E20807_run-1_bp-chest_vp-ap_dx,sub-S09371,probabilities/qata_test_sub-S09371_ses-E20807_run-1_bp-chest_vp-ap_dx.npy,masks/qata_test_sub-S09371_ses-E20807_run-1_bp-chest_vp-ap_dx.png,0.6855029406433911,0.5214944649490637,60.84486277268396,11.488715118773289
qata_test_sub-S09371_ses-E21160_run-1_bp-chest_cr,sub-S09371,probabilities/qata_test_sub-S09371_ses-E21160_run-1_bp-chest_cr.npy,masks/qata_test_sub-S09371_ses-E21160_run-1_bp-chest_cr.png,0.7577159121236375,0.6099377103185726,68.63963350046505,12.137005895197856
qata_test_sub-S09371_ses-E21357_run-1_bp-chest_vp-ap_dx,sub-S09371,probabilities/qata_test_sub-S09371_ses-E21357_run-1_bp-chest_vp-ap_dx.npy,masks/qata_test_sub-S09371_ses-E21357_run-1_bp-chest_vp-ap_dx.png,0.9397719173201478,0.8863865546222731,24.32383627737799,5.175637268897137
qata_test_sub-S09371_ses-E21497_run-1_bp-chest_vp-ap_dx,sub-S09371,probabilities/qata_test_sub-S09371_ses-E21497_run-1_bp-chest_vp-ap_dx.npy,masks/qata_test_sub-S09371_ses-E21497_run-1_bp-chest_vp-ap_dx.png,0.9335382251250062,0.8753602305480787,12.0,2.8655690047321034
qata_test_sub-S09371_ses-E21840_run-1_bp-chest_vp-ap_dx,sub-S09371,probabilities/qata_test_sub-S09371_ses-E21840_run-1_bp-chest_vp-ap_dx.npy,masks/qata_test_sub-S09371_ses-E21840_run-1_bp-chest_vp-ap_dx.png,0.9681546672322339,0.9382749880114466,5.0,1.4407476975660956
qata_test_sub-S09371_ses-E21897_run-1_bp-chest_vp-ap_dx,sub-S09371,probabilities/qata_test_sub-S09371_ses-E21897_run-1_bp-chest_vp-ap_dx.npy,masks/qata_test_sub-S09371_ses-E21897_run-1_bp-chest_vp-ap_dx.png,0.8865744043376852,0.7962583290633248,18.968380776165404,4.059504961853184
qata_test_sub-S09371_ses-E22017_run-1_bp-chest_vp-ap_dx,sub-S09371,probabilities/qata_test_sub-S09371_ses-E22017_run-1_bp-chest_vp-ap_dx.npy,masks/qata_test_sub-S09371_ses-E22017_run-1_bp-chest_vp-ap_dx.png,0.8331124753229491,0.7139612496536851,27.831615552954226,6.222304722703115
qata_test_sub-S09371_ses-E22181_run-1_bp-chest_vp-ap_dx,sub-S09371,probabilities/qata_test_sub-S09371_ses-E22181_run-1_bp-chest_vp-ap_dx.npy,masks/qata_test_sub-S09371_ses-E22181_run-1_bp-chest_vp-ap_dx.png,0.9669415915680452,0.9359989557956143,4.0,1.3330029092458942
qata_test_sub-S09371_ses-E22335_run-1_bp-chest_vp-ap_dx,sub-S09371,probabilities/qata_test_sub-S09371_ses-E22335_run-1_bp-chest_vp-ap_dx.npy,masks/qata_test_sub-S09371_ses-E22335_run-1_bp-chest_vp-ap_dx.png,0.8466122554740038,0.7340222396959788,20.0,5.522478281602254
qata_test_sub-S09371_ses-E22786_run-1_bp-chest_vp-ap_dx,sub-S09371,probabilities/qata_test_sub-S09371_ses-E22786_run-1_bp-chest_vp-ap_dx.npy,masks/qata_test_sub-S09371_ses-E22786_run-1_bp-chest_vp-ap_dx.png,0.8362225605268472,0.7185416490854986,49.0,9.003988548463864
qata_test_sub-S09371_ses-E22991_run-1_bp-chest_vp-ap_dx,sub-S09371,probabilities/qata_test_sub-S09371_ses-E22991_run-1_bp-chest_vp-ap_dx.npy,masks/qata_test_sub-S09371_ses-E22991_run-1_bp-chest_vp-ap_dx.png,0.8832881611671651,0.7909723264785519,21.0,4.358361266226001
qata_test_sub-S09371_ses-E23116_run-1_bp-chest_vp-ap_dx,sub-S09371,probabilities/qata_test_sub-S09371_ses-E23116_run-1_bp-chest_vp-ap_dx.npy,masks/qata_test_sub-S09371_ses-E23116_run-1_bp-chest_vp-ap_dx.png,0.895137082249612,0.8101793153422832,19.0,4.52658468571695
qata_test_sub-S09371_ses-E23322_run-1_bp-chest_vp-ap_dx,sub-S09371,probabilities/qata_test_sub-S09371_ses-E23322_run-1_bp-chest_vp-ap_dx.npy,masks/qata_test_sub-S09371_ses-E23322_run-1_bp-chest_vp-ap_dx.png,0.9061681246949106,0.8284345566749414,17.758047047312314,4.070909496839823
qata_test_sub-S09371_ses-E23628_run-1_bp-chest_cr,sub-S09371,probabilities/qata_test_sub-S09371_ses-E23628_run-1_bp-chest_cr.npy,masks/qata_test_sub-S09371_ses-E23628_run-1_bp-chest_cr.png,0.8018005006744613,0.6691711197731159,48.643593625937456,9.811378274073515
qata_test_sub-S09371_ses-E24064_run-1_bp-chest_cr,sub-S09371,probabilities/qata_test_sub-S09371_ses-E24064_run-1_bp-chest_cr.npy,masks/qata_test_sub-S09371_ses-E24064_run-1_bp-chest_cr.png,0.9078162830197163,0.8311937533091874,24.041630560342615,4.3608382890054775
qata_test_sub-S09371_ses-E24083_run-1_bp-chest_vp-ap_dx,sub-S09371,probabilities/qata_test_sub-S09371_ses-E24083_run-1_bp-chest_vp-ap_dx.npy,masks/qata_test_sub-S09371_ses-E24083_run-1_bp-chest_vp-ap_dx.png,0.5900869936245998,0.4185272360476849,126.9052776986272,29.289053500617317
qata_test_sub-S09371_ses-E24510_run-1_bp-chest_vp-ap_dx,sub-S09371,probabilities/qata_test_sub-S09371_ses-E24510_run-1_bp-chest_vp-ap_dx.npy,masks/qata_test_sub-S09371_ses-E24510_run-1_bp-chest_vp-ap_dx.png,0.8041278971415864,0.6724196469009031,29.068883707497267,8.020677282125947
qata_test_sub-S09371_ses-E26504_run-1_bp-chest_cr,sub-S09371,probabilities/qata_test_sub-S09371_ses-E26504_run-1_bp-chest_cr.npy,masks/qata_test_sub-S09371_ses-E26504_run-1_bp-chest_cr.png,0.6648526542774801,0.49796200876913804,122.52263320083226,26.35423194435751
qata_test_sub-S09372_ses-E16170_run-1_bp-chest_vp-ap_dx,sub-S09372,probabilities/qata_test_sub-S09372_ses-E16170_run-1_bp-chest_vp-ap_dx.npy,masks/qata_test_sub-S09372_ses-E16170_run-1_bp-chest_vp-ap_dx.png,0.9722743912144763,0.9460447252682522,3.0,0.9594420735221079
qata_test_sub-S09373_ses-E16171_run-1_bp-chest_vp-pa_dx,sub-S09373,probabilities/qata_test_sub-S09373_ses-E16171_run-1_bp-chest_vp-pa_dx.npy,masks/qata_test_sub-S09373_ses-E16171_run-1_bp-chest_vp-pa_dx.png,0.6804116952940854,0.5156242237591753,66.20573159941802,14.569852881794063
qata_test_sub-S09373_ses-E22331_run-1_bp-chest_vp-ap_dx,sub-S09373,probabilities/qata_test_sub-S09373_ses-E22331_run-1_bp-chest_vp-ap_dx.npy,masks/qata_test_sub-S09373_ses-E22331_run-1_bp-chest_vp-ap_dx.png,0.9500204034562567,0.9047989185538872,8.06225774829855,2.961182545576847
qata_test_sub-S09374_ses-E16172_run-1_bp-chest_vp-ap_dx,sub-S09374,probabilities/qata_test_sub-S09374_ses-E16172_run-1_bp-chest_vp-ap_dx.npy,masks/qata_test_sub-S09374_ses-E16172_run-1_bp-chest_vp-ap_dx.png,0.8742753309687883,0.7766333589563672,16.492422502470642,3.5241070775035515
qata_test_sub-S09374_ses-E17342_run-1_bp-chest_vp-ap_dx,sub-S09374,probabilities/qata_test_sub-S09374_ses-E17342_run-1_bp-chest_vp-ap_dx.npy,masks/qata_test_sub-S09374_ses-E17342_run-1_bp-chest_vp-ap_dx.png,0.8928357413944124,0.8064166942303683,81.64555459803162,10.205974777566901
qata_test_sub-S09374_ses-E18958_run-1_bp-chest_vp-ap_dx,sub-S09374,probabilities/qata_test_sub-S09374_ses-E18958_run-1_bp-chest_vp-ap_dx.npy,masks/qata_test_sub-S09374_ses-E18958_run-1_bp-chest_vp-ap_dx.png,0.9057640629248898,0.8277593818994053,21.580077057465164,4.003446954449933
qata_test_sub-S09374_ses-E22603_run-1_bp-chest_dx,sub-S09374,probabilities/qata_test_sub-S09374_ses-E22603_run-1_bp-chest_dx.npy,masks/qata_test_sub-S09374_ses-E22603_run-1_bp-chest_dx.png,0.8527389594197412,0.7432824172162823,35.88574117848151,7.485734693720356
qata_test_sub-S09374_ses-E25195_acq-1_run-1_bp-chest_vp-ap_dx,sub-S09374,probabilities/qata_test_sub-S09374_ses-E25195_acq-1_run-1_bp-chest_vp-ap_dx.npy,masks/qata_test_sub-S09374_ses-E25195_acq-1_run-1_bp-chest_vp-ap_dx.png,0.6618930041161539,0.49464878829091463,163.3502288275758,37.18441233846779
qata_test_sub-S09375_ses-E16173_acq-1_run-1_bp-chest_vp-ll_dx,sub-S09375,probabilities/qata_test_sub-S09375_ses-E16173_acq-1_run-1_bp-chest_vp-ll_dx.npy,masks/qata_test_sub-S09375_ses-E16173_acq-1_run-1_bp-chest_vp-ll_dx.png,0.695862363147335,0.5335804622815788,181.63409607020716,48.86836308580042
qata_test_sub-S09375_ses-E16595_run-1_bp-chest_vp-ap_dx,sub-S09375,probabilities/qata_test_sub-S09375_ses-E16595_run-1_bp-chest_vp-ap_dx.npy,masks/qata_test_sub-S09375_ses-E16595_run-1_bp-chest_vp-ap_dx.png,0.9058737214625787,0.8279425686349957,149.772454064548,17.583716561213556
qata_test_sub-S09375_ses-E18944_run-1_bp-chest_vp-ap_dx,sub-S09375,probabilities/qata_test_sub-S09375_ses-E18944_run-1_bp-chest_vp-ap_dx.npy,masks/qata_test_sub-S09375_ses-E18944_run-1_bp-chest_vp-ap_dx.png,0.8489301129587248,0.7375139620253909,96.17301797589681,15.387188358234825
qata_test_sub-S09375_ses-E19417_run-1_bp-chest_vp-ap_cr,sub-S09375,probabilities/qata_test_sub-S09375_ses-E19417_run-1_bp-chest_vp-ap_cr.npy,masks/qata_test_sub-S09375_ses-E19417_run-1_bp-chest_vp-ap_cr.png,0.8888612939280738,0.7999552972742515,32.042722187415976,5.135990026396694
qata_test_sub-S09375_ses-E20663_run-1_bp-chest_vp-ap_cr,sub-S09375,probabilities/qata_test_sub-S09375_ses-E20663_run-1_bp-chest_vp-ap_cr.npy,masks/qata_test_sub-S09375_ses-E20663_run-1_bp-chest_vp-ap_cr.png,0.2741700109515307,0.15886269951211432,192.73401056126536,66.37549236781649
qata_test_sub-S09375_ses-E21490_run-1_bp-chest_vp-ap_dx,sub-S09375,probabilities/qata_test_sub-S09375_ses-E21490_run-1_bp-chest_vp-ap_dx.npy,masks/qata_test_sub-S09375_ses-E21490_run-1_bp-chest_vp-ap_dx.png,0.8980951952091769,0.8150388230501427,116.99399769476926,20.14713848721373
qata_test_sub-S09375_ses-E21827_run-1_bp-chest_vp-ap_cr,sub-S09375,probabilities/qata_test_sub-S09375_ses-E21827_run-1_bp-chest_vp-ap_cr.npy,masks/qata_test_sub-S09375_ses-E21827_run-1_bp-chest_vp-ap_cr.png,0.9004841713225308,0.8189824537645215,11.704699910719626,2.8493968858417404
qata_test_sub-S09375_ses-E22333_run-1_bp-chest_vp-ap_cr,sub-S09375,probabilities/qata_test_sub-S09375_ses-E22333_run-1_bp-chest_vp-ap_cr.npy,masks/qata_test_sub-S09375_ses-E22333_run-1_bp-chest_vp-ap_cr.png,0.8564010846370714,0.7488648975910718,18.788294228055936,4.798723236538248
qata_test_sub-S09375_ses-E22596_run-1_bp-chest_vp-ap_cr,sub-S09375,probabilities/qata_test_sub-S09375_ses-E22596_run-1_bp-chest_vp-ap_cr.npy,masks/qata_test_sub-S09375_ses-E22596_run-1_bp-chest_vp-ap_cr.png,0.36445783133327736,0.2228360957761996,128.9903093203883,41.94259050771611
qata_test_sub-S09375_ses-E22795_run-1_bp-chest_vp-ap_cr,sub-S09375,probabilities/qata_test_sub-S09375_ses-E22795_run-1_bp-chest_vp-ap_cr.npy,masks/qata_test_sub-S09375_ses-E22795_run-1_bp-chest_vp-ap_cr.png,0.831089411649499,0.7109948527574804,112.58795984940618,20.227934963702076
qata_test_sub-S09376_ses-E16176_run-1_bp-chest_vp-ap_dx,sub-S09376,probabilities/qata_test_sub-S09376_ses-E16176_run-1_bp-chest_vp-ap_dx.npy,masks/qata_test_sub-S09376_ses-E16176_run-1_bp-chest_vp-ap_dx.png,0.9685043931641044,0.9389321551597314,4.0,1.384304617046043
qata_test_sub-S09376_ses-E16481_run-1_bp-chest_vp-ap_dx,sub-S09376,probabilities/qata_test_sub-S09376_ses-E16481_run-1_bp-chest_vp-ap_dx.npy,masks/qata_test_sub-S09376_ses-E16481_run-1_bp-chest_vp-ap_dx.png,0.8481606652244204,0.7363532739488481,24.596747752497688,4.621873588291079
qata_test_sub-S09376_ses-E16617_run-1_bp-chest_vp-ap_dx,sub-S09376,probabilities/qata_test_sub-S09376_ses-E16617_run-1_bp-chest_vp-ap_dx.npy,masks/qata_test_sub-S09376_ses-E16617_run-1_bp-chest_vp-ap_dx.png,0.9705499199146385,0.9427848311345831,3.0,1.2290886885990864
qata_test_sub-S09376_ses-E16703_run-1_bp-chest_vp-ap_dx,sub-S09376,probabilities/qata_test_sub-S09376_ses-E16703_run-1_bp-chest_vp-ap_dx.npy,masks/qata_test_sub-S09376_ses-E16703_run-1_bp-chest_vp-ap_dx.png,0.9637418562744535,0.9300210204474297,4.0,1.5733306024657356
qata_test_sub-S09376_ses-E16820_run-1_bp-chest_vp-ap_dx,sub-S09376,probabilities/qata_test_sub-S09376_ses-E16820_run-1_bp-chest_vp-ap_dx.npy,masks/qata_test_sub-S09376_ses-E16820_run-1_bp-chest_vp-ap_dx.png,0.9657390280814576,0.93374791692097,4.123105625617661,1.4718998865495758
qata_test_sub-S09376_ses-E17178_run-1_bp-chest_vp-ap_dx,sub-S09376,probabilities/qata_test_sub-S09376_ses-E17178_run-1_bp-chest_vp-ap_dx.npy,masks/qata_test_sub-S09376_ses-E17178_run-1_bp-chest_vp-ap_dx.png,0.9702757977086943,0.9422676436562195,3.0,1.2519681392119937
qata_test_sub-S09376_ses-E17915_run-1_bp-chest_vp-ap_dx,sub-S09376,probabilities/qata_test_sub-S09376_ses-E17915_run-1_bp-chest_vp-ap_dx.npy,masks/qata_test_sub-S09376_ses-E17915_run-1_bp-chest_vp-ap_dx.png,0.951458184555497,0.9074108161841202,8.48528137423857,2.2266074612729354
qata_test_sub-S09376_ses-E18458_run-1_bp-chest_cr,sub-S09376,probabilities/qata_test_sub-S09376_ses-E18458_run-1_bp-chest_cr.npy,masks/qata_test_sub-S09376_ses-E18458_run-1_bp-chest_cr.png,0.8938826126655485,0.8081263552143502,46.0,6.027876215707032
qata_test_sub-S09376_ses-E18625_run-1_bp-chest_vp-ap_dx,sub-S09376,probabilities/qata_test_sub-S09376_ses-E18625_run-1_bp-chest_vp-ap_dx.npy,masks/qata_test_sub-S09376_ses-E18625_run-1_bp-chest_vp-ap_dx.png,0.9720203720673131,0.9455638474297448,3.605551275463989,1.179293990698923
qata_test_sub-S09376_ses-E18732_run-1_bp-chest_cr,sub-S09376,probabilities/qata_test_sub-S09376_ses-E18732_run-1_bp-chest_cr.npy,masks/qata_test_sub-S09376_ses-E18732_run-1_bp-chest_cr.png,0.9739349485071143,0.94919415400627,3.0,1.2518679213043176
qata_test_sub-S09376_ses-E18978_run-1_bp-chest_cr,sub-S09376,probabilities/qata_test_sub-S09376_ses-E18978_run-1_bp-chest_cr.npy,masks/qata_test_sub-S09376_ses-E18978_run-1_bp-chest_cr.png,0.9785830001635204,0.9580641406205749,3.0,0.9883849564902539
qata_test_sub-S09376_ses-E19213_run-1_bp-chest_cr,sub-S09376,probabilities/qata_test_sub-S09376_ses-E19213_run-1_bp-chest_cr.npy,masks/qata_test_sub-S09376_ses-E19213_run-1_bp-chest_cr.png,0.9642486344965372,0.9309653519288256,89.12709530738279,6.425248736404525
qata_test_sub-S09376_ses-E19844_run-1_bp-chest_cr,sub-S09376,probabilities/qata_test_sub-S09376_ses-E19844_run-1_bp-chest_cr.npy,masks/qata_test_sub-S09376_ses-E19844_run-1_bp-chest_cr.png,0.9751473990596684,0.9515001456453496,3.605551275463989,1.1605696933604062
qata_test_sub-S09376_ses-E21166_run-1_bp-chest_cr,sub-S09376,probabilities/qata_test_sub-S09376_ses-E21166_run-1_bp-chest_cr.npy,masks/qata_test_sub-S09376_ses-E21166_run-1_bp-chest_cr.png,0.9350117415761905,0.8779549766681761,20.396078054371138,3.320609198206761
qata_test_sub-S09376_ses-E21514_run-1_bp-chest_cr,sub-S09376,probabilities/qata_test_sub-S09376_ses-E21514_run-1_bp-chest_cr.npy,masks/qata_test_sub-S09376_ses-E21514_run-1_bp-chest_cr.png,0.9664189568144167,0.9350200094962524,4.0,1.59016697414851
qata_test_sub-S09376_ses-E21843_run-1_bp-chest_cr,sub-S09376,probabilities/qata_test_sub-S09376_ses-E21843_run-1_bp-chest_cr.npy,masks/qata_test_sub-S09376_ses-E21843_run-1_bp-chest_cr.png,0.9721275559883579,0.9457667258734583,3.605551275463989,1.324899205508248
qata_test_sub-S09376_ses-E21908_run-1_bp-chest_cr,sub-S09376,probabilities/qata_test_sub-S09376_ses-E21908_run-1_bp-chest_cr.npy,masks/qata_test_sub-S09376_ses-E21908_run-1_bp-chest_cr.png,0.9650889000130428,0.9325331422431654,5.1991703663323605,1.6440732086249312
qata_test_sub-S09376_ses-E22030_acq-1_run-1_bp-chest_cr,sub-S09376,probabilities/qata_test_sub-S09376_ses-E22030_acq-1_run-1_bp-chest_cr.npy,masks/qata_test_sub-S09376_ses-E22030_acq-1_run-1_bp-chest_cr.png,0.9653666765903238,0.9330519854213196,4.0,1.4596703540292377
qata_test_sub-S09376_ses-E22821_run-1_bp-chest_cr,sub-S09376,probabilities/qata_test_sub-S09376_ses-E22821_run-1_bp-chest_cr.npy,masks/qata_test_sub-S09376_ses-E22821_run-1_bp-chest_cr.png,0.9750755046892782,0.9513632556842602,3.1622776601683795,1.1463403024896694
qata_test_sub-S09376_ses-E23127_run-1_bp-chest_cr,sub-S09376,probabilities/qata_test_sub-S09376_ses-E23127_run-1_bp-chest_cr.npy,masks/qata_test_sub-S09376_ses-E23127_run-1_bp-chest_cr.png,0.9659731403521769,0.9341857335130813,4.47213595499958,1.4125540533604217
qata_test_sub-S09376_ses-E26132_run-1_bp-chest_vp-ap_cr,sub-S09376,probabilities/qata_test_sub-S09376_ses-E26132_run-1_bp-chest_vp-ap_cr.npy,masks/qata_test_sub-S09376_ses-E26132_run-1_bp-chest_vp-ap_cr.png,0.912477239226719,0.8390419696394978,22.452331755115146,3.9330731883731005
qata_test_sub-S09377_ses-E16177_run-1_bp-chest_vp-ap_cr,sub-S09377,probabilities/qata_test_sub-S09377_ses-E16177_run-1_bp-chest_vp-ap_cr.npy,masks/qata_test_sub-S09377_ses-E16177_run-1_bp-chest_vp-ap_cr.png,0.8103359704109199,0.6811469038804633,100.23970933928815,17.169870866359858
qata_test_sub-S09377_ses-E16266_run-1_bp-chest_vp-ap_cr,sub-S09377,probabilities/qata_test_sub-S09377_ses-E16266_run-1_bp-chest_vp-ap_cr.npy,masks/qata_test_sub-S09377_ses-E16266_run-1_bp-chest_vp-ap_cr.png,0.8001788109084579,0.6669150521637115,14.0,4.684558040178845
qata_test_sub-S09377_ses-E16465_run-1_bp-chest_vp-ap_cr,sub-S09377,probabilities/qata_test_sub-S09377_ses-E16465_run-1_bp-chest_vp-ap_cr.npy,masks/qata_test_sub-S09377_ses-E16465_run-1_bp-chest_vp-ap_cr.png,0.9096319153630723,0.8342429755424071,12.529964086141668,5.730817898338753
qata_test_sub-S09377_ses-E16686_run-1_bp-chest_vp-ap_cr,sub-S09377,probabilities/qata_test_sub-S09377_ses-E16686_run-1_bp-chest_vp-ap_cr.npy,masks/qata_test_sub-S09377_ses-E16686_run-1_bp-chest_vp-ap_cr.png,0.7395581956586267,0.5867452135554235,38.606280694072595,6.331793558910285
qata_test_sub-S09377_ses-E16818_run-1_bp-chest_vp-ap_cr,sub-S09377,probabilities/qata_test_sub-S09377_ses-E16818_run-1_bp-chest_vp-ap_cr.npy,masks/qata_test_sub-S09377_ses-E16818_run-1_bp-chest_vp-ap_cr.png,0.883754463059998,0.7917204896365152,72.27309251952808,10.569647104840902
qata_test_sub-S09377_ses-E17033_run-1_bp-chest_vp-ap_cr,sub-S09377,probabilities/qata_test_sub-S09377_ses-E17033_run-1_bp-chest_vp-ap_cr.npy,masks/qata_test_sub-S09377_ses-E17033_run-1_bp-chest_vp-ap_cr.png,0.7508886847475701,0.6011383257683627,130.17680284904833,22.00012676337408
qata_test_sub-S09377_ses-E17133_run-1_bp-chest_vp-ap_cr,sub-S09377,probabilities/qata_test_sub-S09377_ses-E17133_run-1_bp-chest_vp-ap_cr.npy,masks/qata_test_sub-S09377_ses-E17133_run-1_bp-chest_vp-ap_cr.png,0.74947504442033,0.5993283389330966,23.259406699226016,6.289171693303463
qata_test_sub-S09377_ses-E17181_run-1_bp-chest_vp-ap_cr,sub-S09377,probabilities/qata_test_sub-S09377_ses-E17181_run-1_bp-chest_vp-ap_cr.npy,masks/qata_test_sub-S09377_ses-E17181_run-1_bp-chest_vp-ap_cr.png,0.9421079088474275,0.8905519917645478,5.0,1.6813642467085643
qata_test_sub-S09377_ses-E18164_run-2_bp-chest_vp-ap_cr,sub-S09377,probabilities/qata_test_sub-S09377_ses-E18164_run-2_bp-chest_vp-ap_cr.npy,masks/qata_test_sub-S09377_ses-E18164_run-2_bp-chest_vp-ap_cr.png,0.7259004292207147,0.5697360283840454,45.12702773513429,8.968333494176283
qata_test_sub-S09377_ses-E18972_run-1_bp-chest_vp-ap_cr,sub-S09377,probabilities/qata_test_sub-S09377_ses-E18972_run-1_bp-chest_vp-ap_cr.npy,masks/qata_test_sub-S09377_ses-E18972_run-1_bp-chest_vp-ap_cr.png,0.6644744568448094,0.4975378121790795,240.15202824453047,85.3373182097681
qata_test_sub-S09377_ses-E20007_run-1_bp-chest_vp-ap_cr,sub-S09377,probabilities/qata_test_sub-S09377_ses-E20007_run-1_bp-chest_vp-ap_cr.npy,masks/qata_test_sub-S09377_ses-E20007_run-1_bp-chest_vp-ap_cr.png,0.629695235500682,0.4595293337770649,53.457181362156284,19.807883837372284
qata_test_sub-S09377_ses-E20007_run-2_bp-chest_vp-ap_cr,sub-S09377,probabilities/qata_test_sub-S09377_ses-E20007_run-2_bp-chest_vp-ap_cr.npy,masks/qata_test_sub-S09377_ses-E20007_run-2_bp-chest_vp-ap_cr.png,0.8201618865281213,0.6951478149110053,50.1482386830915,10.714733800861476
qata_test_sub-S09377_ses-E20288_run-1_bp-chest_vp-ap_cr,sub-S09377,probabilities/qata_test_sub-S09377_ses-E20288_run-1_bp-chest_vp-ap_cr.npy,masks/qata_test_sub-S09377_ses-E20288_run-1_bp-chest_vp-ap_cr.png,0.8920139027610083,0.8050768010398422,12.083045973594572,3.5835765888134787
qata_test_sub-S09377_ses-E20815_run-1_bp-chest_vp-ap_cr,sub-S09377,probabilities/qata_test_sub-S09377_ses-E20815_run-1_bp-chest_vp-ap_cr.npy,masks/qata_test_sub-S09377_ses-E20815_run-1_bp-chest_vp-ap_cr.png,0.9121180359593964,0.8384347439425003,14.0,4.322396684595293
qata_test_sub-S09377_ses-E20946_run-1_bp-chest_vp-pa_cr,sub-S09377,probabilities/qata_test_sub-S09377_ses-E20946_run-1_bp-chest_vp-pa_cr.npy,masks/qata_test_sub-S09377_ses-E20946_run-1_bp-chest_vp-pa_cr.png,0.790863654735471,0.6540731802771098,33.24154027718932,8.721759459014837
qata_test_sub-S09377_ses-E21154_run-1_bp-chest_vp-ap_cr,sub-S09377,probabilities/qata_test_sub-S09377_ses-E21154_run-1_bp-chest_vp-ap_cr.npy,masks/qata_test_sub-S09377_ses-E21154_run-1_bp-chest_vp-ap_cr.png,0.9310857709472138,0.8710575139155768,8.08985077373904,2.3885693440684577
qata_test_sub-S09377_ses-E22026_run-1_bp-chest_vp-ap_cr,sub-S09377,probabilities/qata_test_sub-S09377_ses-E22026_run-1_bp-chest_vp-ap_cr.npy,masks/qata_test_sub-S09377_ses-E22026_run-1_bp-chest_vp-ap_cr.png,0.9085034597131912,0.8323466233570894,17.804493814764857,3.5362326937906654
qata_test_sub-S09377_ses-E22343_run-1_bp-chest_vp-ap_cr,sub-S09377,probabilities/qata_test_sub-S09377_ses-E22343_run-1_bp-chest_vp-ap_cr.npy,masks/qata_test_sub-S09377_ses-E22343_run-1_bp-chest_vp-ap_cr.png,0.8373527051575903,0.7202121476335352,102.74068476547602,16.13706087440477
qata_test_sub-S09377_ses-E22803_run-1_bp-chest_vp-ap_cr,sub-S09377,probabilities/qata_test_sub-S09377_ses-E22803_run-1_bp-chest_vp-ap_cr.npy,masks/qata_test_sub-S09377_ses-E22803_run-1_bp-chest_vp-ap_cr.png,0.7371997320330309,0.5837817355090278,24.32486945882423,7.145030392196197
qata_test_sub-S09377_ses-E22805_run-1_bp-chest_vp-ap_cr,sub-S09377,probabilities/qata_test_sub-S09377_ses-E22805_run-1_bp-chest_vp-ap_cr.npy,masks/qata_test_sub-S09377_ses-E22805_run-1_bp-chest_vp-ap_cr.png,0.9284370842700848,0.8664326383840643,14.866068747318506,3.6809464356606743
qata_test_sub-S09377_ses-E23332_run-1_bp-chest_vp-ap_cr,sub-S09377,probabilities/qata_test_sub-S09377_ses-E23332_run-1_bp-chest_vp-ap_cr.npy,masks/qata_test_sub-S09377_ses-E23332_run-1_bp-chest_vp-ap_cr.png,0.5501967847405097,0.37949756143020613,103.92635539217525,24.285886400483115
qata_test_sub-S09377_ses-E26807_run-1_bp-chest_vp-ap_cr,sub-S09377,probabilities/qata_test_sub-S09377_ses-E26807_run-1_bp-chest_vp-ap_cr.npy,masks/qata_test_sub-S09377_ses-E26807_run-1_bp-chest_vp-ap_cr.png,0.8949069838371766,0.8098024064487271,16.18623753639812,3.440038346363356
qata_test_sub-S09378_ses-E18629_run-1_bp-chest_vp-pa_dx,sub-S09378,probabilities/qata_test_sub-S09378_ses-E18629_run-1_bp-chest_vp-pa_dx.npy,masks/qata_test_sub-S09378_ses-E18629_run-1_bp-chest_vp-pa_dx.png,0.32734102497109363,0.19570099457184148,138.12058749769022,23.939775310320485
qata_test_sub-S09379_ses-E16179_run-1_bp-chest_vp-ap_cr,sub-S09379,probabilities/qata_test_sub-S09379_ses-E16179_run-1_bp-chest_vp-ap_cr.npy,masks/qata_test_sub-S09379_ses-E16179_run-1_bp-chest_vp-ap_cr.png,0.8357426789146247,0.7178333034967959,38.84708761556116,9.529376795002582
qata_test_sub-S09379_ses-E16621_run-1_bp-chest_vp-ap_cr,sub-S09379,probabilities/qata_test_sub-S09379_ses-E16621_run-1_bp-chest_vp-ap_cr.npy,masks/qata_test_sub-S09379_ses-E16621_run-1_bp-chest_vp-ap_cr.png,0.8727942718477594,0.7742990033228591,24.199167888494145,7.334115223264351
qata_test_sub-S09379_ses-E16705_run-1_bp-chest_vp-ap_cr,sub-S09379,probabilities/qata_test_sub-S09379_ses-E16705_run-1_bp-chest_vp-ap_cr.npy,masks/qata_test_sub-S09379_ses-E16705_run-1_bp-chest_vp-ap_cr.png,0.9539970366189774,0.9120404721755772,9.055385138137417,2.645765954473385
qata_test_sub-S09379_ses-E16946_run-1_bp-chest_vp-ap_cr,sub-S09379,probabilities/qata_test_sub-S09379_ses-E16946_run-1_bp-chest_vp-ap_cr.npy,masks/qata_test_sub-S09379_ses-E16946_run-1_bp-chest_vp-ap_cr.png,0.9474807052770942,0.9002026946467147,10.037406715840667,3.28721927884881
qata_test_sub-S09379_ses-E16950_run-1_bp-chest_vp-ap_cr,sub-S09379,probabilities/qata_test_sub-S09379_ses-E16950_run-1_bp-chest_vp-ap_cr.npy,masks/qata_test_sub-S09379_ses-E16950_run-1_bp-chest_vp-ap_cr.png,0.9406984276545072,0.8880364687571981,12.883749084919348,3.2355510967320966
qata_test_sub-S09379_ses-E17190_run-1_bp-chest_vp-ap_cr,sub-S09379,probabilities/qata_test_sub-S09379_ses-E17190_run-1_bp-chest_vp-ap_cr.npy,masks/qata_test_sub-S09379_ses-E17190_run-1_bp-chest_vp-ap_cr.png,0.8816618260486433,0.7883678180579079,24.166091947189145,6.846865042680065
qata_test_sub-S09379_ses-E17430_run-1_bp-chest_vp-ap_cr,sub-S09379,probabilities/qata_test_sub-S09379_ses-E17430_run-1_bp-chest_vp-ap_cr.npy,masks/qata_test_sub-S09379_ses-E17430_run-1_bp-chest_vp-ap_cr.png,0.9360229142544506,0.8797397301077285,28.74395252178885,5.470458089339631
qata_test_sub-S09379_ses-E17431_run-1_bp-chest_vp-ap_cr,sub-S09379,probabilities/qata_test_sub-S09379_ses-E17431_run-1_bp-chest_vp-ap_cr.npy,masks/qata_test_sub-S09379_ses-E17431_run-1_bp-chest_vp-ap_cr.png,0.925401834138737,0.8611608167013968,15.297058540778355,4.8364870459282665
qata_test_sub-S09379_ses-E17911_run-1_bp-chest_vp-ap_cr,sub-S09379,probabilities/qata_test_sub-S09379_ses-E17911_run-1_bp-chest_vp-ap_cr.npy,masks/qata_test_sub-S09379_ses-E17911_run-1_bp-chest_vp-ap_cr.png,0.9441908060454133,0.8942816670397021,9.486832980505138,3.187373986019874
qata_test_sub-S09379_ses-E17912_run-1_bp-chest_vp-ap_cr,sub-S09379,probabilities/qata_test_sub-S09379_ses-E17912_run-1_bp-chest_vp-ap_cr.npy,masks/qata_test_sub-S09379_ses-E17912_run-1_bp-chest_vp-ap_cr.png,0.9638496756963423,0.9302218539999765,7.211102550927978,2.774000753795681
qata_test_sub-S09379_ses-E17914_run-1_bp-chest_vp-ap_cr,sub-S09379,probabilities/qata_test_sub-S09379_ses-E17914_run-1_bp-chest_vp-ap_cr.npy,masks/qata_test_sub-S09379_ses-E17914_run-1_bp-chest_vp-ap_cr.png,0.9581794660708477,0.9197164337481776,7.810249675906654,2.5281310116819196
qata_test_sub-S09379_ses-E18623_run-1_bp-chest_vp-ap_cr,sub-S09379,probabilities/qata_test_sub-S09379_ses-E18623_run-1_bp-chest_vp-ap_cr.npy,masks/qata_test_sub-S09379_ses-E18623_run-1_bp-chest_vp-ap_cr.png,0.8360301287398273,0.7182575334489516,41.408928482610314,12.426305713483957
qata_test_sub-S09379_ses-E18624_run-1_bp-chest_vp-ap_cr,sub-S09379,probabilities/qata_test_sub-S09379_ses-E18624_run-1_bp-chest_vp-ap_cr.npy,masks/qata_test_sub-S09379_ses-E18624_run-1_bp-chest_vp-ap_cr.png,0.9348111620619688,0.8776013498899372,15.811388300841896,4.529127725384697
qata_test_sub-S09379_ses-E18624_run-2_bp-chest_vp-ap_cr,sub-S09379,probabilities/qata_test_sub-S09379_ses-E18624_run-2_bp-chest_vp-ap_cr.npy,masks/qata_test_sub-S09379_ses-E18624_run-2_bp-chest_vp-ap_cr.png,0.9243391395291494,0.859322090723642,14.0,4.022170987411538
qata_test_sub-S09379_ses-E18975_run-1_bp-chest_vp-ap_cr,sub-S09379,probabilities/qata_test_sub-S09379_ses-E18975_run-1_bp-chest_vp-ap_cr.npy,masks/qata_test_sub-S09379_ses-E18975_run-1_bp-chest_vp-ap_cr.png,0.9624525099022285,0.9276226091700214,8.0,2.2752912524715856
qata_test_sub-S09379_ses-E19206_run-1_bp-chest_vp-ap_cr,sub-S09379,probabilities/qata_test_sub-S09379_ses-E19206_run-1_bp-chest_vp-ap_cr.npy,masks/qata_test_sub-S09379_ses-E19206_run-1_bp-chest_vp-ap_cr.png,0.6193771626306599,0.4486215538866048,56.766167281119365,13.42026058280326
qata_test_sub-S09379_ses-E20285_run-1_bp-chest_vp-ap_cr,sub-S09379,probabilities/qata_test_sub-S09379_ses-E20285_run-1_bp-chest_vp-ap_cr.npy,masks/qata_test_sub-S09379_ses-E20285_run-1_bp-chest_vp-ap_cr.png,0.8536809862238715,0.7447150190871535,40.71301288627911,9.426342043169113
qata_test_sub-S09379_ses-E20416_run-1_bp-chest_vp-ap_cr,sub-S09379,probabilities/qata_test_sub-S09379_ses-E20416_run-1_bp-chest_vp-ap_cr.npy,masks/qata_test_sub-S09379_ses-E20416_run-1_bp-chest_vp-ap_cr.png,0.7832966721071041,0.64378608503049,32.69549048435431,9.443628270605616
qata_test_sub-S09379_ses-E20823_run-1_bp-chest_vp-ap_cr,sub-S09379,probabilities/qata_test_sub-S09379_ses-E20823_run-1_bp-chest_vp-ap_cr.npy,masks/qata_test_sub-S09379_ses-E20823_run-1_bp-chest_vp-ap_cr.png,0.8628628077327437,0.7588027316322982,28.852189693526274,8.25103821788245
qata_test_sub-S09379_ses-E21909_run-2_bp-chest_vp-ap_cr,sub-S09379,probabilities/qata_test_sub-S09379_ses-E21909_run-2_bp-chest_vp-ap_cr.npy,masks/qata_test_sub-S09379_ses-E21909_run-2_bp-chest_vp-ap_cr.png,0.6021309771322696,0.4307492098929599,48.680387494029866,17.152511643896606
qata_test_sub-S09379_ses-E22174_run-1_bp-chest_vp-ap_cr,sub-S09379,probabilities/qata_test_sub-S09379_ses-E22174_run-1_bp-chest_vp-ap_cr.npy,masks/qata_test_sub-S09379_ses-E22174_run-1_bp-chest_vp-ap_cr.png,0.9247795030015261,0.8600835880484476,16.1245154965971,5.168284934484683
qata_test_sub-S09379_ses-E22175_run-1_bp-chest_vp-ap_cr,sub-S09379,probabilities/qata_test_sub-S09379_ses-E22175_run-1_bp-chest_vp-ap_cr.npy,masks/qata_test_sub-S09379_ses-E22175_run-1_bp-chest_vp-ap_cr.png,0.9231929288063976,0.8573429293914465,16.004682931282197,4.682926089894635
qata_test_sub-S09379_ses-E22352_run-1_bp-chest_vp-ap_cr,sub-S09379,probabilities/qata_test_sub-S09379_ses-E22352_run-1_bp-chest_vp-ap_cr.npy,masks/qata_test_sub-S09379_ses-E22352_run-1_bp-chest_vp-ap_cr.png,0.9086042564304428,0.8325158511787045,25.39380427854855,6.062168418926187
qata_test_sub-S09379_ses-E22818_run-1_bp-chest_vp-ap_cr,sub-S09379,probabilities/qata_test_sub-S09379_ses-E22818_run-1_bp-chest_vp-ap_cr.npy,masks/qata_test_sub-S09379_ses-E22818_run-1_bp-chest_vp-ap_cr.png,0.9231511290088243,0.8572708333336306,21.39625931251254,5.059494258986393
qata_test_sub-S09379_ses-E23008_run-1_bp-chest_vp-ap_cr,sub-S09379,probabilities/qata_test_sub-S09379_ses-E23008_run-1_bp-chest_vp-ap_cr.npy,masks/qata_test_sub-S09379_ses-E23008_run-1_bp-chest_vp-ap_cr.png,0.8147355772755964,0.6873871869057998,37.45129828855501,11.13822276988851
qata_test_sub-S09379_ses-E23128_run-1_bp-chest_vp-ap_cr,sub-S09379,probabilities/qata_test_sub-S09379_ses-E23128_run-1_bp-chest_vp-ap_cr.npy,masks/qata_test_sub-S09379_ses-E23128_run-1_bp-chest_vp-ap_cr.png,0.8885276210514078,0.7994149363316901,31.143216773165527,7.334218482174597
qata_test_sub-S09380_ses-E23119_run-2_bp-chest_cr,sub-S09380,probabilities/qata_test_sub-S09380_ses-E23119_run-2_bp-chest_cr.npy,masks/qata_test_sub-S09380_ses-E23119_run-2_bp-chest_cr.png,0.7705263157923155,0.6267123287746432,20.941990865491118,7.526891886922275
qata_test_sub-S09382_ses-E16183_run-1_bp-chest_vp-ap_cr,sub-S09382,probabilities/qata_test_sub-S09382_ses-E16183_run-1_bp-chest_vp-ap_cr.npy,masks/qata_test_sub-S09382_ses-E16183_run-1_bp-chest_vp-ap_cr.png,0.48382705037564516,0.31911072579069166,164.85505401979088,56.307604700856714
qata_test_sub-S09382_ses-E16291_run-1_bp-chest_vp-ap_cr,sub-S09382,probabilities/qata_test_sub-S09382_ses-E16291_run-1_bp-chest_vp-ap_cr.npy,masks/qata_test_sub-S09382_ses-E16291_run-1_bp-chest_vp-ap_cr.png,0.9418968692450247,0.8901749195025377,10.0,3.0509495379229397
qata_test_sub-S09382_ses-E16381_run-1_bp-chest_vp-ap_cr,sub-S09382,probabilities/qata_test_sub-S09382_ses-E16381_run-1_bp-chest_vp-ap_cr.npy,masks/qata_test_sub-S09382_ses-E16381_run-1_bp-chest_vp-ap_cr.png,0.948722188539292,0.9024466969594462,7.751906704893795,2.1637842434282852
qata_test_sub-S09382_ses-E16495_run-1_bp-chest_vp-ap_cr,sub-S09382,probabilities/qata_test_sub-S09382_ses-E16495_run-1_bp-chest_vp-ap_cr.npy,masks/qata_test_sub-S09382_ses-E16495_run-1_bp-chest_vp-ap_cr.png,0.8836355058302157,0.7915295680267107,40.16025071441972,7.4584743687623565
qata_test_sub-S09382_ses-E16569_run-1_bp-chest_vp-ap_cr,sub-S09382,probabilities/qata_test_sub-S09382_ses-E16569_run-1_bp-chest_vp-ap_cr.npy,masks/qata_test_sub-S09382_ses-E16569_run-1_bp-chest_vp-ap_cr.png,0.9680212535669052,0.9380244088483763,4.242640687119285,1.6078466147419792
qata_test_sub-S09382_ses-E16637_run-1_bp-chest_vp-ap_cr,sub-S09382,probabilities/qata_test_sub-S09382_ses-E16637_run-1_bp-chest_vp-ap_cr.npy,masks/qata_test_sub-S09382_ses-E16637_run-1_bp-chest_vp-ap_cr.png,0.9727952167414438,0.9470314318977021,4.123105625617661,1.3595029493578505
qata_test_sub-S09382_ses-E16838_run-1_bp-chest_vp-ap_cr,sub-S09382,probabilities/qata_test_sub-S09382_ses-E16838_run-1_bp-chest_vp-ap_cr.npy,masks/qata_test_sub-S09382_ses-E16838_run-1_bp-chest_vp-ap_cr.png,0.9726226858889665,0.9467044605035301,4.0,1.2700296030207128
qata_test_sub-S09382_ses-E17142_run-1_bp-chest_vp-pa_cr,sub-S09382,probabilities/qata_test_sub-S09382_ses-E17142_run-1_bp-chest_vp-pa_cr.npy,masks/qata_test_sub-S09382_ses-E17142_run-1_bp-chest_vp-pa_cr.png,0.9634727209893417,0.9295198886700409,5.385164807134504,1.7877196124686878
qata_test_sub-S09382_ses-E17280_run-1_bp-chest_vp-ap_cr,sub-S09382,probabilities/qata_test_sub-S09382_ses-E17280_run-1_bp-chest_vp-ap_cr.npy,masks/qata_test_sub-S09382_ses-E17280_run-1_bp-chest_vp-ap_cr.png,0.936402015525098,0.8804097311143393,19.223614858587734,3.764493967977168
qata_test_sub-S09382_ses-E17362_run-1_bp-chest_vp-ap_cr,sub-S09382,probabilities/qata_test_sub-S09382_ses-E17362_run-1_bp-chest_vp-ap_cr.npy,masks/qata_test_sub-S09382_ses-E17362_run-1_bp-chest_vp-ap_cr.png,0.9521724632849324,0.9087110520783975,7.120079970537339,2.4052349266810853
qata_test_sub-S09382_ses-E17692_run-1_bp-chest_vp-ap_cr,sub-S09382,probabilities/qata_test_sub-S09382_ses-E17692_run-1_bp-chest_vp-ap_cr.npy,masks/qata_test_sub-S09382_ses-E17692_run-1_bp-chest_vp-ap_cr.png,0.9624352738114508,0.9275905873815027,5.656854249492381,1.8039312627735968
qata_test_sub-S09382_ses-E17827_run-1_bp-chest_vp-ap_cr,sub-S09382,probabilities/qata_test_sub-S09382_ses-E17827_run-1_bp-chest_vp-ap_cr.npy,masks/qata_test_sub-S09382_ses-E17827_run-1_bp-chest_vp-ap_cr.png,0.963743893031686,0.9300248138959987,6.0,1.6894661978559873
qata_test_sub-S09382_ses-E18223_run-1_bp-chest_vp-ap_cr,sub-S09382,probabilities/qata_test_sub-S09382_ses-E18223_run-1_bp-chest_vp-ap_cr.npy,masks/qata_test_sub-S09382_ses-E18223_run-1_bp-chest_vp-ap_cr.png,0.852909389928964,0.7435414277138469,40.0,7.4128365039103405
qata_test_sub-S09382_ses-E18643_run-1_bp-chest_vp-ap_cr,sub-S09382,probabilities/qata_test_sub-S09382_ses-E18643_run-1_bp-chest_vp-ap_cr.npy,masks/qata_test_sub-S09382_ses-E18643_run-1_bp-chest_vp-ap_cr.png,0.9640183909489478,0.9305362011513767,5.830951894845301,1.7490430153865228
qata_test_sub-S09382_ses-E18774_run-1_bp-chest_vp-ap_cr,sub-S09382,probabilities/qata_test_sub-S09382_ses-E18774_run-1_bp-chest_vp-ap_cr.npy,masks/qata_test_sub-S09382_ses-E18774_run-1_bp-chest_vp-ap_cr.png,0.9664146493723155,0.9350119453468579,5.656854249492381,2.1833551013344374
qata_test_sub-S09382_ses-E18775_run-1_bp-chest_vp-ap_cr,sub-S09382,probabilities/qata_test_sub-S09382_ses-E18775_run-1_bp-chest_vp-ap_cr.npy,masks/qata_test_sub-S09382_ses-E18775_run-1_bp-chest_vp-ap_cr.png,0.9638093595493219,0.9301467528506391,4.0,1.7352864036719267
qata_test_sub-S09382_ses-E19016_run-1_bp-chest_vp-ap_cr,sub-S09382,probabilities/qata_test_sub-S09382_ses-E19016_run-1_bp-chest_vp-ap_cr.npy,masks/qata_test_sub-S09382_ses-E19016_run-1_bp-chest_vp-ap_cr.png,0.9738689869758325,0.9490688563303036,4.00615528128085,1.3295772056864497
qata_test_sub-S09382_ses-E19160_run-1_bp-chest_vp-ap_cr,sub-S09382,probabilities/qata_test_sub-S09382_ses-E19160_run-1_bp-chest_vp-ap_cr.npy,masks/qata_test_sub-S09382_ses-E19160_run-1_bp-chest_vp-ap_cr.png,0.9658829018621377,0.9340169537874378,5.0,1.7957690707905047
qata_test_sub-S09382_ses-E19241_run-1_bp-chest_vp-ap_cr,sub-S09382,probabilities/qata_test_sub-S09382_ses-E19241_run-1_bp-chest_vp-ap_cr.npy,masks/qata_test_sub-S09382_ses-E19241_run-1_bp-chest_vp-ap_cr.png,0.9631843541169101,0.9289832362595601,5.830951894845301,1.7183130190762717
qata_test_sub-S09382_ses-E19494_run-1_bp-chest_vp-ap_cr,sub-S09382,probabilities/qata_test_sub-S09382_ses-E19494_run-1_bp-chest_vp-ap_cr.npy,masks/qata_test_sub-S09382_ses-E19494_run-1_bp-chest_vp-ap_cr.png,0.9664281067014209,0.9350371396199955,5.0,1.7179735770537483
qata_test_sub-S09382_ses-E20464_run-1_bp-chest_vp-ap_cr,sub-S09382,probabilities/qata_test_sub-S09382_ses-E20464_run-1_bp-chest_vp-ap_cr.npy,masks/qata_test_sub-S09382_ses-E20464_run-1_bp-chest_vp-ap_cr.png,0.8977757020259534,0.814512711864898,19.026297590440446,4.449582087140782
qata_test_sub-S09382_ses-E21864_run-1_bp-chest_vp-ap_cr,sub-S09382,probabilities/qata_test_sub-S09382_ses-E21864_run-1_bp-chest_vp-ap_cr.npy,masks/qata_test_sub-S09382_ses-E21864_run-1_bp-chest_vp-ap_cr.png,0.9647964147773023,0.9319871265417334,5.385164807134504,1.792794448364282
qata_test_sub-S09382_ses-E21934_run-1_bp-chest_vp-ap_cr,sub-S09382,probabilities/qata_test_sub-S09382_ses-E21934_run-1_bp-chest_vp-ap_cr.npy,masks/qata_test_sub-S09382_ses-E21934_run-1_bp-chest_vp-ap_cr.png,0.9781065899438579,0.9571512843890246,2.8284271247461903,1.0944588432655744
qata_test_sub-S09382_ses-E22062_run-1_bp-chest_vp-ap_cr,sub-S09382,probabilities/qata_test_sub-S09382_ses-E22062_run-1_bp-chest_vp-ap_cr.npy,masks/qata_test_sub-S09382_ses-E22062_run-1_bp-chest_vp-ap_cr.png,0.9637393680246311,0.9300163861166989,4.242640687119285,1.6812534278977558
qata_test_sub-S09382_ses-E22219_run-1_bp-chest_vp-ap_cr,sub-S09382,probabilities/qata_test_sub-S09382_ses-E22219_run-1_bp-chest_vp-ap_cr.npy,masks/qata_test_sub-S09382_ses-E22219_run-1_bp-chest_vp-ap_cr.png,0.9644151808833847,0.9312758965568473,5.0,1.7174815823081637
qata_test_sub-S09382_ses-E22396_run-1_bp-chest_vp-ap_cr,sub-S09382,probabilities/qata_test_sub-S09382_ses-E22396_run-1_bp-chest_vp-ap_cr.npy,masks/qata_test_sub-S09382_ses-E22396_run-1_bp-chest_vp-ap_cr.png,0.9763511962162276,0.9537950834381429,3.1622776601683795,1.1602783436177895
qata_test_sub-S09382_ses-E22668_run-1_bp-chest_vp-ap_cr,sub-S09382,probabilities/qata_test_sub-S09382_ses-E22668_run-1_bp-chest_vp-ap_cr.npy,masks/qata_test_sub-S09382_ses-E22668_run-1_bp-chest_vp-ap_cr.png,0.9457875131710582,0.8971507404699106,11.0,3.0620354006079813
qata_test_sub-S09382_ses-E22855_run-1_bp-chest_vp-ap_cr,sub-S09382,probabilities/qata_test_sub-S09382_ses-E22855_run-1_bp-chest_vp-ap_cr.npy,masks/qata_test_sub-S09382_ses-E22855_run-1_bp-chest_vp-ap_cr.png,0.9422363884733913,0.8907816247466614,11.518821543405982,2.7635024023448733
qata_test_sub-S09382_ses-E22859_run-1_bp-chest_vp-ap_cr,sub-S09382,probabilities/qata_test_sub-S09382_ses-E22859_run-1_bp-chest_vp-ap_cr.npy,masks/qata_test_sub-S09382_ses-E22859_run-1_bp-chest_vp-ap_cr.png,0.9546415044189586,0.913219252968768,8.06225774829855,2.425424530323502
qata_test_sub-S09382_ses-E23033_run-1_bp-chest_vp-ap_cr,sub-S09382,probabilities/qata_test_sub-S09382_ses-E23033_run-1_bp-chest_vp-ap_cr.npy,masks/qata_test_sub-S09382_ses-E23033_run-1_bp-chest_vp-ap_cr.png,0.9636396908740781,0.9298307571108368,5.0,1.817451231985322
qata_test_sub-S09382_ses-E23166_run-1_bp-chest_vp-ap_cr,sub-S09382,probabilities/qata_test_sub-S09382_ses-E23166_run-1_bp-chest_vp-ap_cr.npy,masks/qata_test_sub-S09382_ses-E23166_run-1_bp-chest_vp-ap_cr.png,0.9715528128214512,0.9446793427350313,3.1622776601683795,1.5211515481519338
qata_test_sub-S09382_ses-E23413_run-1_bp-chest_vp-ap_cr,sub-S09382,probabilities/qata_test_sub-S09382_ses-E23413_run-1_bp-chest_vp-ap_cr.npy,masks/qata_test_sub-S09382_ses-E23413_run-1_bp-chest_vp-ap_cr.png,0.9674695650839474,0.9369889083828333,5.0,1.5841225971326518
qata_test_sub-S09382_ses-E23421_run-1_bp-chest_vp-ap_dx,sub-S09382,probabilities/qata_test_sub-S09382_ses-E23421_run-1_bp-chest_vp-ap_dx.npy,masks/qata_test_sub-S09382_ses-E23421_run-1_bp-chest_vp-ap_dx.png,0.9617423232951915,0.9263040812254334,5.385164807134504,1.9138530512065441
qata_test_sub-S09382_ses-E24331_run-1_bp-chest_vp-ap_cr,sub-S09382,probabilities/qata_test_sub-S09382_ses-E24331_run-1_bp-chest_vp-ap_cr.npy,masks/qata_test_sub-S09382_ses-E24331_run-1_bp-chest_vp-ap_cr.png,0.8522303246107548,0.7425098805841549,19.1049731745428,5.21990405546273
qata_test_sub-S09382_ses-E24751_run-1_bp-chest_vp-ap_cr,sub-S09382,probabilities/qata_test_sub-S09382_ses-E24751_run-1_bp-chest_vp-ap_cr.npy,masks/qata_test_sub-S09382_ses-E24751_run-1_bp-chest_vp-ap_cr.png,0.7027938342991106,0.5417749721556904,124.78841529460986,31.00027233949821
qata_test_sub-S09382_ses-E26946_run-1_bp-chest_vp-ap_cr,sub-S09382,probabilities/qata_test_sub-S09382_ses-E26946_run-1_bp-chest_vp-ap_cr.npy,masks/qata_test_sub-S09382_ses-E26946_run-1_bp-chest_vp-ap_cr.png,0.8794797857945051,0.7848852476246789,77.0,10.611682162451158
qata_test_sub-S09383_ses-E16184_acq-1_run-1_bp-chest_vp-ap_dx,sub-S09383,probabilities/qata_test_sub-S09383_ses-E16184_acq-1_run-1_bp-chest_vp-ap_dx.npy,masks/qata_test_sub-S09383_ses-E16184_acq-1_run-1_bp-chest_vp-ap_dx.png,0.5405237873928325,0.3703546400643374,107.07357281753183,29.201712679902744
qata_test_sub-S09384_ses-E19154_run-1_bp-chest_dx,sub-S09384,probabilities/qata_test_sub-S09384_ses-E19154_run-1_bp-chest_dx.npy,masks/qata_test_sub-S09384_ses-E19154_run-1_bp-chest_dx.png,0.8653235870926536,0.7626170573831775,16.146200743961582,4.661939258971781
qata_test_sub-S09384_ses-E20827_run-1_bp-chest_vp-ap_dx,sub-S09384,probabilities/qata_test_sub-S09384_ses-E20827_run-1_bp-chest_vp-ap_dx.npy,masks/qata_test_sub-S09384_ses-E20827_run-1_bp-chest_vp-ap_dx.png,0.9058467420744892,0.8278974956327514,23.750771808284405,4.8744399971715735
qata_test_sub-S09385_ses-E16186_run-1_bp-chest_vp-ap_cr,sub-S09385,probabilities/qata_test_sub-S09385_ses-E16186_run-1_bp-chest_vp-ap_cr.npy,masks/qata_test_sub-S09385_ses-E16186_run-1_bp-chest_vp-ap_cr.png,0.9677337559429988,0.937484647506947,4.0,1.4884823638154792
qata_test_sub-S09385_ses-E19899_run-1_bp-chest_vp-ap_dx,sub-S09385,probabilities/qata_test_sub-S09385_ses-E19899_run-1_bp-chest_vp-ap_dx.npy,masks/qata_test_sub-S09385_ses-E19899_run-1_bp-chest_vp-ap_dx.png,0.9618892386557815,0.9265766953521908,6.0,2.019402679902766
qata_test_sub-S09385_ses-E20875_run-1_bp-chest_vp-ap_dx,sub-S09385,probabilities/qata_test_sub-S09385_ses-E20875_run-1_bp-chest_vp-ap_dx.npy,masks/qata_test_sub-S09385_ses-E20875_run-1_bp-chest_vp-ap_dx.png,0.9636361017901642,0.9298240738169317,5.0,1.8118771331699066
qata_test_sub-S09385_ses-E23455_run-1_bp-chest_vp-pa_dx,sub-S09385,probabilities/qata_test_sub-S09385_ses-E23455_run-1_bp-chest_vp-pa_dx.npy,masks/qata_test_sub-S09385_ses-E23455_run-1_bp-chest_vp-pa_dx.png,0.7923094813556806,0.6560534086547009,56.33985655400099,11.171405120253429
qata_test_sub-S09386_ses-E24916_acq-1_run-1_bp-chest_vp-pa_dx,sub-S09386,probabilities/qata_test_sub-S09386_ses-E24916_acq-1_run-1_bp-chest_vp-pa_dx.npy,masks/qata_test_sub-S09386_ses-E24916_acq-1_run-1_bp-chest_vp-pa_dx.png,0.8731383307897473,0.7748407410135839,169.15640779038893,36.9600695948199
qata_test_sub-S09387_ses-E20400_run-1_bp-chest_cr,sub-S09387,probabilities/qata_test_sub-S09387_ses-E20400_run-1_bp-chest_cr.npy,masks/qata_test_sub-S09387_ses-E20400_run-1_bp-chest_cr.png,0.9168937329702969,0.8465408805040638,13.45362404707371,3.3172331479833823
qata_test_sub-S09387_ses-E21902_run-1_bp-chest_cr,sub-S09387,probabilities/qata_test_sub-S09387_ses-E21902_run-1_bp-chest_cr.npy,masks/qata_test_sub-S09387_ses-E21902_run-1_bp-chest_cr.png,0.7126550256079925,0.5535851227036658,134.68758378218473,21.140811265264976
qata_test_sub-S09387_ses-E22310_run-1_bp-chest_cr,sub-S09387,probabilities/qata_test_sub-S09387_ses-E22310_run-1_bp-chest_cr.npy,masks/qata_test_sub-S09387_ses-E22310_run-1_bp-chest_cr.png,0.7419823660523013,0.5898028342638663,174.022268578771,41.9511559649571
qata_test_sub-S09387_ses-E22956_run-1_bp-chest_cr,sub-S09387,probabilities/qata_test_sub-S09387_ses-E22956_run-1_bp-chest_cr.npy,masks/qata_test_sub-S09387_ses-E22956_run-1_bp-chest_cr.png,0.8900000000001708,0.8018018018023564,30.668221363536396,4.614309142973564
qata_test_sub-S09387_ses-E22957_run-1_bp-chest_vp-ap_dx,sub-S09387,probabilities/qata_test_sub-S09387_ses-E22957_run-1_bp-chest_vp-ap_dx.npy,masks/qata_test_sub-S09387_ses-E22957_run-1_bp-chest_vp-ap_dx.png,0.9624693312228533,0.927653861410528,6.0,1.8179167033956254
qata_test_sub-S09391_ses-E16194_run-1_bp-chest_vp-pa_cr,sub-S09391,probabilities/qata_test_sub-S09391_ses-E16194_run-1_bp-chest_vp-pa_cr.npy,masks/qata_test_sub-S09391_ses-E16194_run-1_bp-chest_vp-pa_cr.png,0.8382491933649309,0.7215395836855661,64.26115176355884,11.04232104147533
qata_test_sub-S09391_ses-E18175_run-1_bp-chest_vp-ap_cr,sub-S09391,probabilities/qata_test_sub-S09391_ses-E18175_run-1_bp-chest_vp-ap_cr.npy,masks/qata_test_sub-S09391_ses-E18175_run-1_bp-chest_vp-ap_cr.png,0.784994691518733,0.6460833430438228,64.91528424112161,14.87221532088672
qata_test_sub-S09391_ses-E20036_run-1_bp-chest_vp-ap_dx,sub-S09391,probabilities/qata_test_sub-S09391_ses-E20036_run-1_bp-chest_vp-ap_dx.npy,masks/qata_test_sub-S09391_ses-E20036_run-1_bp-chest_vp-ap_dx.png,0.9340653539567226,0.8762876386691881,11.0,2.925821910035163
qata_test_sub-S09391_ses-E20436_run-1_bp-chest_vp-ap_dx,sub-S09391,probabilities/qata_test_sub-S09391_ses-E20436_run-1_bp-chest_vp-ap_dx.npy,masks/qata_test_sub-S09391_ses-E20436_run-1_bp-chest_vp-ap_dx.png,0.8886635169567649,0.7996349715108635,74.66860019215821,13.935445135078252
qata_test_sub-S09391_ses-E21185_run-1_bp-chest_vp-ap_dx,sub-S09391,probabilities/qata_test_sub-S09391_ses-E21185_run-1_bp-chest_vp-ap_dx.npy,masks/qata_test_sub-S09391_ses-E21185_run-1_bp-chest_vp-ap_dx.png,0.9497580674501587,0.9043231259529433,5.830951894845301,2.22432840182787
qata_test_sub-S09391_ses-E22345_run-1_bp-chest_vp-ap_dx,sub-S09391,probabilities/qata_test_sub-S09391_ses-E22345_run-1_bp-chest_vp-ap_dx.npy,masks/qata_test_sub-S09391_ses-E22345_run-1_bp-chest_vp-ap_dx.png,0.9155753895677892,0.8442960264459142,15.623697000881828,4.067740600532116
qata_test_sub-S09391_ses-E23123_run-1_bp-chest_vp-ap_dx,sub-S09391,probabilities/qata_test_sub-S09391_ses-E23123_run-1_bp-chest_vp-ap_dx.npy,masks/qata_test_sub-S09391_ses-E23123_run-1_bp-chest_vp-ap_dx.png,0.9557075832421393,0.915172386494418,5.0,1.9192916733039203
qata_test_sub-S09392_ses-E16195_run-1_bp-chest_vp-ap_dx,sub-S09392,probabilities/qata_test_sub-S09392_ses-E16195_run-1_bp-chest_vp-ap_dx.npy,masks/qata_test_sub-S09392_ses-E16195_run-1_bp-chest_vp-ap_dx.png,0.08892076013996747,0.046529080687347985,138.0,64.89558596610787
qata_test_sub-S09395_ses-E16198_run-1_bp-chest_vp-pa_cr,sub-S09395,probabilities/qata_test_sub-S09395_ses-E16198_run-1_bp-chest_vp-pa_cr.npy,masks/qata_test_sub-S09395_ses-E16198_run-1_bp-chest_vp-pa_cr.png,0.02413473015483179,0.012214765113930003,84.81769704952485,45.57610303675618
qata_test_sub-S09395_ses-E19850_run-1_bp-chest_vp-ap_cr,sub-S09395,probabilities/qata_test_sub-S09395_ses-E19850_run-1_bp-chest_vp-ap_cr.npy,masks/qata_test_sub-S09395_ses-E19850_run-1_bp-chest_vp-ap_cr.png,0.6606219057703698,0.4932303347496201,55.46169849544819,8.214377395293527
qata_test_sub-S09395_ses-E22364_run-1_bp-chest_vp-ap_cr,sub-S09395,probabilities/qata_test_sub-S09395_ses-E22364_run-1_bp-chest_vp-ap_cr.npy,masks/qata_test_sub-S09395_ses-E22364_run-1_bp-chest_vp-ap_cr.png,0.7045580878286232,0.5438747050038202,23.08679276123039,6.498801159290621
qata_test_sub-S09395_ses-E22643_run-1_bp-chest_vp-ap_cr,sub-S09395,probabilities/qata_test_sub-S09395_ses-E22643_run-1_bp-chest_vp-ap_cr.npy,masks/qata_test_sub-S09395_ses-E22643_run-1_bp-chest_vp-ap_cr.png,0.7958515283865081,0.660924750686112,16.39630164460371,4.3081018807831235
qata_test_sub-S09395_ses-E25833_run-1_bp-chest_vp-ap_cr,sub-S09395,probabilities/qata_test_sub-S09395_ses-E25833_run-1_bp-chest_vp-ap_cr.npy,masks/qata_test_sub-S09395_ses-E25833_run-1_bp-chest_vp-ap_cr.png,0.7690855546335079,0.6248082939719968,24.86931687685298,5.730563835342459
qata_test_sub-S09395_ses-E26750_run-1_bp-chest_vp-pa_cr,sub-S09395,probabilities/qata_test_sub-S09395_ses-E26750_run-1_bp-chest_vp-pa_cr.npy,masks/qata_test_sub-S09395_ses-E26750_run-1_bp-chest_vp-pa_cr.png,0.010565071250030974,0.005310589008604594,189.21083529759304,79.66095456082286
qata_test_sub-S09397_ses-E16200_acq-1_run-1_bp-chest_vp-ll_dx,sub-S09397,probabilities/qata_test_sub-S09397_ses-E16200_acq-1_run-1_bp-chest_vp-ll_dx.npy,masks/qata_test_sub-S09397_ses-E16200_acq-1_run-1_bp-chest_vp-ll_dx.png,0.5550157187895108,0.384098101290186,159.81639019949887,38.430832699873804
qata_test_sub-S09397_ses-E18638_acq-1_run-1_bp-chest_vp-pa_dx,sub-S09397,probabilities/qata_test_sub-S09397_ses-E18638_acq-1_run-1_bp-chest_vp-pa_dx.npy,masks/qata_test_sub-S09397_ses-E18638_acq-1_run-1_bp-chest_vp-pa_dx.png,0.3907156673310537,0.24278846156879855,176.13787204628164,74.41381727392799
qata_test_sub-S09397_ses-E22055_run-1_bp-chest_vp-ap_cr,sub-S09397,probabilities/qata_test_sub-S09397_ses-E22055_run-1_bp-chest_vp-ap_cr.npy,masks/qata_test_sub-S09397_ses-E22055_run-1_bp-chest_vp-ap_cr.png,0.8466168156146887,0.7340290955175829,9.219544457292887,3.647142099753507
qata_test_sub-S09397_ses-E23382_acq-1_run-1_bp-chest_vp-pa_dx,sub-S09397,probabilities/qata_test_sub-S09397_ses-E23382_acq-1_run-1_bp-chest_vp-pa_dx.npy,masks/qata_test_sub-S09397_ses-E23382_acq-1_run-1_bp-chest_vp-pa_dx.png,0.5334261838521339,0.36372269707113675,168.6210193598019,52.92648065586534
qata_test_sub-S09398_ses-E17446_run-1_bp-chest_vp-ap_cr,sub-S09398,probabilities/qata_test_sub-S09398_ses-E17446_run-1_bp-chest_vp-ap_cr.npy,masks/qata_test_sub-S09398_ses-E17446_run-1_bp-chest_vp-ap_cr.png,0.8460450357462781,0.7331698913349247,25.0,7.8669060215490845
qata_test_sub-S09398_ses-E17512_run-1_bp-chest_vp-ap_cr,sub-S09398,probabilities/qata_test_sub-S09398_ses-E17512_run-1_bp-chest_vp-ap_cr.npy,masks/qata_test_sub-S09398_ses-E17512_run-1_bp-chest_vp-ap_cr.png,0.9420297962000671,0.8904124074730687,17.988854381999843,3.7413031784681174
qata_test_sub-S09398_ses-E17923_run-1_bp-chest_vp-ap_cr,sub-S09398,probabilities/qata_test_sub-S09398_ses-E17923_run-1_bp-chest_vp-ap_cr.npy,masks/qata_test_sub-S09398_ses-E17923_run-1_bp-chest_vp-ap_cr.png,0.8036995816870565,0.6718208648808429,119.86826087210069,19.048413797142313
qata_test_sub-S09398_ses-E18631_run-1_bp-chest_vp-ap_cr,sub-S09398,probabilities/qata_test_sub-S09398_ses-E18631_run-1_bp-chest_vp-ap_cr.npy,masks/qata_test_sub-S09398_ses-E18631_run-1_bp-chest_vp-ap_cr.png,0.5585775528880556,0.38751828376999004,160.41429684804123,44.626995241373535
qata_test_sub-S09398_ses-E18734_run-1_bp-chest_vp-ap_cr,sub-S09398,probabilities/qata_test_sub-S09398_ses-E18734_run-1_bp-chest_vp-ap_cr.npy,masks/qata_test_sub-S09398_ses-E18734_run-1_bp-chest_vp-ap_cr.png,0.7865970339663001,0.6482570555585365,39.50919763868784,7.45539077198756
qata_test_sub-S09398_ses-E22184_run-1_bp-chest_vp-ap_cr,sub-S09398,probabilities/qata_test_sub-S09398_ses-E22184_run-1_bp-chest_vp-ap_cr.npy,masks/qata_test_sub-S09398_ses-E22184_run-1_bp-chest_vp-ap_cr.png,0.9496997139231387,0.9042173238576275,13.564457979988052,3.3104028449696954
qata_test_sub-S09398_ses-E23350_run-1_bp-chest_vp-ap_cr,sub-S09398,probabilities/qata_test_sub-S09398_ses-E23350_run-1_bp-chest_vp-ap_cr.npy,masks/qata_test_sub-S09398_ses-E23350_run-1_bp-chest_vp-ap_cr.png,0.43102291247789254,0.27471587438256484,182.07937599411602,90.1152528328716
qata_test_sub-S09399_ses-E17281_run-1_bp-chest_vp-ap_cr,sub-S09399,probabilities/qata_test_sub-S09399_ses-E17281_run-1_bp-chest_vp-ap_cr.npy,masks/qata_test_sub-S09399_ses-E17281_run-1_bp-chest_vp-ap_cr.png,0.6742390497425818,0.5085675887612434,30.33128768686921,8.150599289335265
qata_test_sub-S09400_ses-E16204_acq-1_run-1_bp-chest_vp-pa_dx,sub-S09400,probabilities/qata_test_sub-S09400_ses-E16204_acq-1_run-1_bp-chest_vp-pa_dx.npy,masks/qata_test_sub-S09400_ses-E16204_acq-1_run-1_bp-chest_vp-pa_dx.png,0.14428907314510223,0.07775406776370027,277.2183255125822,132.07397079043346
qata_test_sub-S09403_ses-E18508_run-1_bp-chest_vp-ap_dx,sub-S09403,probabilities/qata_test_sub-S09403_ses-E18508_run-1_bp-chest_vp-ap_dx.npy,masks/qata_test_sub-S09403_ses-E18508_run-1_bp-chest_vp-ap_dx.png,0.7027655124366399,0.5417413113661458,140.92155375816142,32.36407631629181
qata_test_sub-S09404_ses-E16209_run-1_bp-chest_vp-ap_dx,sub-S09404,probabilities/qata_test_sub-S09404_ses-E16209_run-1_bp-chest_vp-ap_dx.npy,masks/qata_test_sub-S09404_ses-E16209_run-1_bp-chest_vp-ap_dx.png,0.7627975563538781,0.6165503150073803,152.57702491707445,35.13379317288736
qata_test_sub-S09404_ses-E17555_run-1_bp-chest_vp-ap_dx,sub-S09404,probabilities/qata_test_sub-S09404_ses-E17555_run-1_bp-chest_vp-ap_dx.npy,masks/qata_test_sub-S09404_ses-E17555_run-1_bp-chest_vp-ap_dx.png,0.8591258312355248,0.7530417067525718,53.51072781161816,8.513232189454234
qata_test_sub-S09406_ses-E18791_run-1_bp-chest_vp-ap_dx,sub-S09406,probabilities/qata_test_sub-S09406_ses-E18791_run-1_bp-chest_vp-ap_dx.npy,masks/qata_test_sub-S09406_ses-E18791_run-1_bp-chest_vp-ap_dx.png,0.963454663293718,0.9294862744308487,18.0,3.208722056130388
qata_test_sub-S09408_ses-E16213_run-1_bp-chest_cr,sub-S09408,probabilities/qata_test_sub-S09408_ses-E16213_run-1_bp-chest_cr.npy,masks/qata_test_sub-S09408_ses-E16213_run-1_bp-chest_cr.png,0.6260695290246968,0.4556777378876158,31.38470965295043,7.559936241414829
qata_test_sub-S09408_ses-E16296_run-1_bp-chest_cr,sub-S09408,probabilities/qata_test_sub-S09408_ses-E16296_run-1_bp-chest_cr.npy,masks/qata_test_sub-S09408_ses-E16296_run-1_bp-chest_cr.png,0.8103573153077598,0.6811770674816724,14.560219778561036,3.9185421348021334
qata_test_sub-S09408_ses-E16387_run-1_bp-chest_cr,sub-S09408,probabilities/qata_test_sub-S09408_ses-E16387_run-1_bp-chest_cr.npy,masks/qata_test_sub-S09408_ses-E16387_run-1_bp-chest_cr.png,0.7834237129283543,0.6439577371800355,22.173156450676363,5.774380717268044
qata_test_sub-S09408_ses-E16650_run-1_bp-chest_cr,sub-S09408,probabilities/qata_test_sub-S09408_ses-E16650_run-1_bp-chest_cr.npy,masks/qata_test_sub-S09408_ses-E16650_run-1_bp-chest_cr.png,0.8898005698018255,0.8014781359104604,7.280109889280518,2.675891361261238
qata_test_sub-S09408_ses-E16737_run-1_bp-chest_cr,sub-S09408,probabilities/qata_test_sub-S09408_ses-E16737_run-1_bp-chest_cr.npy,masks/qata_test_sub-S09408_ses-E16737_run-1_bp-chest_cr.png,0.700727428329476,0.539322882366759,47.53314465299084,10.014910895061224
qata_test_sub-S09408_ses-E16974_run-1_bp-chest_cr,sub-S09408,probabilities/qata_test_sub-S09408_ses-E16974_run-1_bp-chest_cr.npy,masks/qata_test_sub-S09408_ses-E16974_run-1_bp-chest_cr.png,0.7761121267547091,0.6341366261773723,110.18418728932156,17.384365465994843
qata_test_sub-S09408_ses-E17145_run-1_bp-chest_cr,sub-S09408,probabilities/qata_test_sub-S09408_ses-E17145_run-1_bp-chest_cr.npy,masks/qata_test_sub-S09408_ses-E17145_run-1_bp-chest_cr.png,0.37641723356480405,0.23184357542614667,78.6417806392233,21.529727063789398
qata_test_sub-S09408_ses-E17450_run-1_bp-chest_cr,sub-S09408,probabilities/qata_test_sub-S09408_ses-E17450_run-1_bp-chest_cr.npy,masks/qata_test_sub-S09408_ses-E17450_run-1_bp-chest_cr.png,0.650966451903455,0.48254281950786326,35.46399498418879,9.243221951509495
qata_test_sub-S09408_ses-E17561_run-1_bp-chest_cr,sub-S09408,probabilities/qata_test_sub-S09408_ses-E17561_run-1_bp-chest_cr.npy,masks/qata_test_sub-S09408_ses-E17561_run-1_bp-chest_cr.png,0.885288681092284,0.7941865001970914,9.848857801796104,2.8565121230630175
qata_test_sub-S09408_ses-E17937_run-1_bp-chest_cr,sub-S09408,probabilities/qata_test_sub-S09408_ses-E17937_run-1_bp-chest_cr.npy,masks/qata_test_sub-S09408_ses-E17937_run-1_bp-chest_cr.png,0.5688363275274495,0.39746420236297564,68.59512085293832,16.549600624806892
qata_test_sub-S09408_ses-E18111_run-1_bp-chest_cr,sub-S09408,probabilities/qata_test_sub-S09408_ses-E18111_run-1_bp-chest_cr.npy,masks/qata_test_sub-S09408_ses-E18111_run-1_bp-chest_cr.png,0.6927216585809761,0.5298960723476184,48.29906747018934,10.860211248903548
qata_test_sub-S09408_ses-E18510_run-1_bp-chest_cr,sub-S09408,probabilities/qata_test_sub-S09408_ses-E18510_run-1_bp-chest_cr.npy,masks/qata_test_sub-S09408_ses-E18510_run-1_bp-chest_cr.png,0.671827481342662,0.5058284762800619,118.02647618864589,32.513744786057295
qata_test_sub-S09408_ses-E18794_run-1_bp-chest_cr,sub-S09408,probabilities/qata_test_sub-S09408_ses-E18794_run-1_bp-chest_cr.npy,masks/qata_test_sub-S09408_ses-E18794_run-1_bp-chest_cr.png,0.8765082492004648,0.7801643835640529,11.40175425099138,3.0586507026136283
qata_test_sub-S09408_ses-E20235_run-1_bp-chest_vp-ap_dx,sub-S09408,probabilities/qata_test_sub-S09408_ses-E20235_run-1_bp-chest_vp-ap_dx.npy,masks/qata_test_sub-S09408_ses-E20235_run-1_bp-chest_vp-ap_dx.png,0.8863675434079058,0.7959246681095407,14.04974746830582,3.1097447725995937
qata_test_sub-S09408_ses-E20726_run-1_bp-chest_cr,sub-S09408,probabilities/qata_test_sub-S09408_ses-E20726_run-1_bp-chest_cr.npy,masks/qata_test_sub-S09408_ses-E20726_run-1_bp-chest_cr.png,0.866648060285422,0.7646769109558246,18.48565579015166,4.7551214989024135
qata_test_sub-S09408_ses-E21947_run-1_bp-chest_cr,sub-S09408,probabilities/qata_test_sub-S09408_ses-E21947_run-1_bp-chest_cr.npy,masks/qata_test_sub-S09408_ses-E21947_run-1_bp-chest_cr.png,0.6445843384147522,0.4755621147714596,78.10249675906654,14.570396766128177
qata_test_sub-S09408_ses-E22074_run-1_bp-chest_cr,sub-S09408,probabilities/qata_test_sub-S09408_ses-E22074_run-1_bp-chest_cr.npy,masks/qata_test_sub-S09408_ses-E22074_run-1_bp-chest_cr.png,0.6945550787581403,0.5320447208899612,59.095244727691984,11.843552114825485
qata_test_sub-S09408_ses-E22229_run-1_bp-chest_cr,sub-S09408,probabilities/qata_test_sub-S09408_ses-E22229_run-1_bp-chest_cr.npy,masks/qata_test_sub-S09408_ses-E22229_run-1_bp-chest_cr.png,0.852776569523408,0.7433395682738824,27.312084945516176,4.8071718413423445
qata_test_sub-S09408_ses-E22878_run-1_bp-chest_cr,sub-S09408,probabilities/qata_test_sub-S09408_ses-E22878_run-1_bp-chest_cr.npy,masks/qata_test_sub-S09408_ses-E22878_run-1_bp-chest_cr.png,0.881481777175037,0.7880799428994427,63.07416153905894,8.030162908746476
qata_test_sub-S09408_ses-E23183_run-1_bp-chest_cr,sub-S09408,probabilities/qata_test_sub-S09408_ses-E23183_run-1_bp-chest_cr.npy,masks/qata_test_sub-S09408_ses-E23183_run-1_bp-chest_cr.png,0.8742914609623592,0.7766588158874632,22.227164780748005,4.726598930467241
qata_test_sub-S09409_ses-E16214_run-1_bp-chest_vp-ap_cr,sub-S09409,probabilities/qata_test_sub-S09409_ses-E16214_run-1_bp-chest_vp-ap_cr.npy,masks/qata_test_sub-S09409_ses-E16214_run-1_bp-chest_vp-ap_cr.png,0.7338687344240716,0.579615048122663,68.11497540556864,12.671752082828338
qata_test_sub-S09409_ses-E16392_run-1_bp-chest_vp-ap_cr,sub-S09409,probabilities/qata_test_sub-S09409_ses-E16392_run-1_bp-chest_vp-ap_cr.npy,masks/qata_test_sub-S09409_ses-E16392_run-1_bp-chest_vp-ap_cr.png,0.7610217970221882,0.6142334023265179,61.26981326294135,10.54774721157574
qata_test_sub-S09409_ses-E17557_run-1_bp-chest_vp-ap_cr,sub-S09409,probabilities/qata_test_sub-S09409_ses-E17557_run-1_bp-chest_vp-ap_cr.npy,masks/qata_test_sub-S09409_ses-E17557_run-1_bp-chest_vp-ap_cr.png,0.8917617456947995,0.8046660925404786,10.770329614269007,3.408697775247485
qata_test_sub-S09409_ses-E18124_run-1_bp-chest_vp-ap_cr,sub-S09409,probabilities/qata_test_sub-S09409_ses-E18124_run-1_bp-chest_vp-ap_cr.npy,masks/qata_test_sub-S09409_ses-E18124_run-1_bp-chest_vp-ap_cr.png,0.9392599488016661,0.8854760860032609,7.933587386567303,2.451728189759469
qata_test_sub-S09411_ses-E17301_run-1_bp-chest_vp-pa_dx,sub-S09411,probabilities/qata_test_sub-S09411_ses-E17301_run-1_bp-chest_vp-pa_dx.npy,masks/qata_test_sub-S09411_ses-E17301_run-1_bp-chest_vp-pa_dx.png,0.6080938034393933,0.43687843688502537,214.22183902991873,51.56240761867138
qata_test_sub-S09414_ses-E16220_run-1_bp-chest_vp-ap_dx,sub-S09414,probabilities/qata_test_sub-S09414_ses-E16220_run-1_bp-chest_vp-ap_dx.npy,masks/qata_test_sub-S09414_ses-E16220_run-1_bp-chest_vp-ap_dx.png,0.706436165898008,0.5461162002817653,121.11893519844303,28.558176458000773
qata_test_sub-S09416_ses-E21269_run-1_bp-chest_vp-ap_cr,sub-S09416,probabilities/qata_test_sub-S09416_ses-E21269_run-1_bp-chest_vp-ap_cr.npy,masks/qata_test_sub-S09416_ses-E21269_run-1_bp-chest_vp-ap_cr.png,0.7573392496344942,0.6094497226320892,180.02360951453664,41.15434866859303
qata_test_sub-S09416_ses-E21963_run-1_bp-chest_vp-ap_cr,sub-S09416,probabilities/qata_test_sub-S09416_ses-E21963_run-1_bp-chest_vp-ap_cr.npy,masks/qata_test_sub-S09416_ses-E21963_run-1_bp-chest_vp-ap_cr.png,0.67017189080101,0.5039537712945665,37.154814413114195,9.007893317046056
qata_test_sub-S09416_ses-E23227_run-1_bp-chest_vp-ap_dx,sub-S09416,probabilities/qata_test_sub-S09416_ses-E23227_run-1_bp-chest_vp-ap_dx.npy,masks/qata_test_sub-S09416_ses-E23227_run-1_bp-chest_vp-ap_dx.png,0.5069637883020842,0.3395522388082105,173.13910559283752,33.91996521318045
qata_test_sub-S09416_ses-E26830_run-1_bp-chest_vp-ap_cr,sub-S09416,probabilities/qata_test_sub-S09416_ses-E26830_run-1_bp-chest_vp-ap_cr.npy,masks/qata_test_sub-S09416_ses-E26830_run-1_bp-chest_vp-ap_cr.png,0.5075885328859491,0.3401129943544249,179.2149231258925,41.33985183863842
qata_test_sub-S09417_ses-E16224_run-1_bp-chest_vp-ap_cr,sub-S09417,probabilities/qata_test_sub-S09417_ses-E16224_run-1_bp-chest_vp-ap_cr.npy,masks/qata_test_sub-S09417_ses-E16224_run-1_bp-chest_vp-ap_cr.png,0.5593503702039802,0.38826259948977915,111.64943163415468,17.181261396449784
qata_test_sub-S09417_ses-E17150_run-1_bp-chest_vp-ap_cr,sub-S09417,probabilities/qata_test_sub-S09417_ses-E17150_run-1_bp-chest_vp-ap_cr.npy,masks/qata_test_sub-S09417_ses-E17150_run-1_bp-chest_vp-ap_cr.png,0.7907389337364022,0.6539025821621632,40.3459971213026,9.700011451065148
qata_test_sub-S09417_ses-E17850_run-2_bp-chest_vp-ap_dx,sub-S09417,probabilities/qata_test_sub-S09417_ses-E17850_run-2_bp-chest_vp-ap_dx.npy,masks/qata_test_sub-S09417_ses-E17850_run-2_bp-chest_vp-ap_dx.png,0.6373852974570843,0.46776634383372023,44.22102596853984,9.946832949268813
qata_test_sub-S09417_ses-E20106_run-1_bp-chest_vp-ap_cr,sub-S09417,probabilities/qata_test_sub-S09417_ses-E20106_run-1_bp-chest_vp-ap_cr.npy,masks/qata_test_sub-S09417_ses-E20106_run-1_bp-chest_vp-ap_cr.png,0.7905963302776307,0.6537075668565577,16.278820596099706,6.110643829678206
qata_test_sub-S09417_ses-E23219_run-1_bp-chest_vp-ap_cr,sub-S09417,probabilities/qata_test_sub-S09417_ses-E23219_run-1_bp-chest_vp-ap_cr.npy,masks/qata_test_sub-S09417_ses-E23219_run-1_bp-chest_vp-ap_cr.png,0.6213592233070977,0.450704225365007,117.12984068955522,29.71234360014091
qata_test_sub-S09419_ses-E16227_run-1_bp-chest_vp-ap_cr,sub-S09419,probabilities/qata_test_sub-S09419_ses-E16227_run-1_bp-chest_vp-ap_cr.npy,masks/qata_test_sub-S09419_ses-E16227_run-1_bp-chest_vp-ap_cr.png,0.7381723914466506,0.5850025680569679,41.71503312420258,8.003085189634728
qata_test_sub-S09419_ses-E19070_run-1_bp-chest_vp-ap_dx,sub-S09419,probabilities/qata_test_sub-S09419_ses-E19070_run-1_bp-chest_vp-ap_dx.npy,masks/qata_test_sub-S09419_ses-E19070_run-1_bp-chest_vp-ap_dx.png,0.4563476171460117,0.2956284861941156,238.4992369851431,101.08495064215244
qata_test_sub-S09420_ses-E16229_run-1_bp-chest_vp-ap_dx,sub-S09420,probabilities/qata_test_sub-S09420_ses-E16229_run-1_bp-chest_vp-ap_dx.npy,masks/qata_test_sub-S09420_ses-E16229_run-1_bp-chest_vp-ap_dx.png,0.9468333419784563,0.8990346729713404,5.0,1.9476967708280364
qata_test_sub-S09420_ses-E16988_run-1_bp-chest_vp-ap_dx,sub-S09420,probabilities/qata_test_sub-S09420_ses-E16988_run-1_bp-chest_vp-ap_dx.npy,masks/qata_test_sub-S09420_ses-E16988_run-1_bp-chest_vp-ap_dx.png,0.9232228515680012,0.8573945434417729,9.904520189781078,3.3007614517987287
qata_test_sub-S09420_ses-E16988_run-2_bp-chest_vp-ap_dx,sub-S09420,probabilities/qata_test_sub-S09420_ses-E16988_run-2_bp-chest_vp-ap_dx.npy,masks/qata_test_sub-S09420_ses-E16988_run-2_bp-chest_vp-ap_dx.png,0.8968961640041396,0.8130659460493384,22.30570301265973,4.472480882619842
qata_test_sub-S09420_ses-E16993_run-1_bp-chest_vp-ap_dx,sub-S09420,probabilities/qata_test_sub-S09420_ses-E16993_run-1_bp-chest_vp-ap_dx.npy,masks/qata_test_sub-S09420_ses-E16993_run-1_bp-chest_vp-ap_dx.png,0.9387775677380245,0.8846190385717052,9.0,2.427023115468374
qata_test_sub-S09420_ses-E17457_run-1_bp-chest_vp-ap_dx,sub-S09420,probabilities/qata_test_sub-S09420_ses-E17457_run-1_bp-chest_vp-ap_dx.npy,masks/qata_test_sub-S09420_ses-E17457_run-1_bp-chest_vp-ap_dx.png,0.9381095273819906,0.8834334157546652,25.55240830026589,4.562378808187332
qata_test_sub-S09420_ses-E18672_run-1_bp-chest_vp-ap_dx,sub-S09420,probabilities/qata_test_sub-S09420_ses-E18672_run-1_bp-chest_vp-ap_dx.npy,masks/qata_test_sub-S09420_ses-E18672_run-1_bp-chest_vp-ap_dx.png,0.8916249947474647,0.8044434334250665,34.23448553724738,5.464705738838857
qata_test_sub-S09420_ses-E19314_run-1_bp-chest_vp-ap_cr,sub-S09420,probabilities/qata_test_sub-S09420_ses-E19314_run-1_bp-chest_vp-ap_cr.npy,masks/qata_test_sub-S09420_ses-E19314_run-1_bp-chest_vp-ap_cr.png,0.9536181381090986,0.9113481156735884,5.830951894845301,1.8355738566592945
qata_test_sub-S09420_ses-E21045_run-1_bp-chest_vp-ap_cr,sub-S09420,probabilities/qata_test_sub-S09420_ses-E21045_run-1_bp-chest_vp-ap_cr.npy,masks/qata_test_sub-S09420_ses-E21045_run-1_bp-chest_vp-ap_cr.png,0.8928802779580328,0.806489361703157,30.37679283890624,5.921358090971298
qata_test_sub-S09420_ses-E21970_run-1_bp-chest_vp-ap_dx,sub-S09420,probabilities/qata_test_sub-S09420_ses-E21970_run-1_bp-chest_vp-ap_dx.npy,masks/qata_test_sub-S09420_ses-E21970_run-1_bp-chest_vp-ap_dx.png,0.958200173548735,0.9197545912566237,5.089117562233515,1.6931359575606222
qata_test_sub-S09420_ses-E22489_run-1_bp-chest_vp-ap_cr,sub-S09420,probabilities/qata_test_sub-S09420_ses-E22489_run-1_bp-chest_vp-ap_cr.npy,masks/qata_test_sub-S09420_ses-E22489_run-1_bp-chest_vp-ap_cr.png,0.7774454003976772,0.6359187562269459,43.67360170424334,8.740160411413266
qata_test_sub-S09420_ses-E22717_run-1_bp-chest_vp-ap_cr,sub-S09420,probabilities/qata_test_sub-S09420_ses-E22717_run-1_bp-chest_vp-ap_cr.npy,masks/qata_test_sub-S09420_ses-E22717_run-1_bp-chest_vp-ap_cr.png,0.9336635004160615,0.8755805515243992,15.982623792124864,2.9452518980651385
qata_test_sub-S09420_ses-E24404_run-1_bp-chest_vp-ap_dx,sub-S09420,probabilities/qata_test_sub-S09420_ses-E24404_run-1_bp-chest_vp-ap_dx.npy,masks/qata_test_sub-S09420_ses-E24404_run-1_bp-chest_vp-ap_dx.png,0.9198959405996425,0.8516734407152808,53.375905542335595,6.414431029807257
qata_test_sub-S09420_ses-E25968_run-1_bp-chest_vp-ap_cr,sub-S09420,probabilities/qata_test_sub-S09420_ses-E25968_run-1_bp-chest_vp-ap_cr.npy,masks/qata_test_sub-S09420_ses-E25968_run-1_bp-chest_vp-ap_cr.png,0.9570054866276224,0.9175556288723283,6.352054441320384,1.9047920069238764
qata_test_sub-S09421_ses-E16230_run-1_bp-chest_vp-ap_cr,sub-S09421,probabilities/qata_test_sub-S09421_ses-E16230_run-1_bp-chest_vp-ap_cr.npy,masks/qata_test_sub-S09421_ses-E16230_run-1_bp-chest_vp-ap_cr.png,0.2878912377733032,0.16815008726729364,46.34586425909652,12.704073149734842
qata_test_sub-S09424_ses-E25680_run-1_bp-chest_vp-ap_dx,sub-S09424,probabilities/qata_test_sub-S09424_ses-E25680_run-1_bp-chest_vp-ap_dx.npy,masks/qata_test_sub-S09424_ses-E25680_run-1_bp-chest_vp-ap_dx.png,0.9738439981317524,0.94902139280852,4.0,1.3137423610856012
qata_test_sub-S09425_ses-E16236_run-1_bp-chest_vp-ap_dx,sub-S09425,probabilities/qata_test_sub-S09425_ses-E16236_run-1_bp-chest_vp-ap_dx.npy,masks/qata_test_sub-S09425_ses-E16236_run-1_bp-chest_vp-ap_dx.png,0.5653298835733161,0.39404869252124386,41.53910365975308,10.882830043135126
qata_test_sub-S09425_ses-E21769_run-1_bp-chest_vp-ap_dx,sub-S09425,probabilities/qata_test_sub-S09425_ses-E21769_run-1_bp-chest_vp-ap_dx.npy,masks/qata_test_sub-S09425_ses-E21769_run-1_bp-chest_vp-ap_dx.png,0.9574434374802626,0.9183611440384233,8.0,2.446202216905715
qata_test_sub-S09426_ses-E16237_run-1_bp-chest_vp-ap_dx,sub-S09426,probabilities/qata_test_sub-S09426_ses-E16237_run-1_bp-chest_vp-ap_dx.npy,masks/qata_test_sub-S09426_ses-E16237_run-1_bp-chest_vp-ap_dx.png,0.9721569698625655,0.9458224080506491,3.1622776601683795,1.159928886242221
qata_test_sub-S09426_ses-E16330_run-1_bp-chest_vp-ap_dx,sub-S09426,probabilities/qata_test_sub-S09426_ses-E16330_run-1_bp-chest_vp-ap_dx.npy,masks/qata_test_sub-S09426_ses-E16330_run-1_bp-chest_vp-ap_dx.png,0.9608627515672202,0.9246735722509637,6.324555320336759,1.8005173163047263
qata_test_sub-S09426_ses-E16421_run-1_bp-chest_vp-ap_dx,sub-S09426,probabilities/qata_test_sub-S09426_ses-E16421_run-1_bp-chest_vp-ap_dx.npy,masks/qata_test_sub-S09426_ses-E16421_run-1_bp-chest_vp-ap_dx.png,0.9401359277536073,0.8870344342942418,9.219544457292887,3.0811424580565117
qata_test_sub-S09426_ses-E16596_run-1_bp-chest_vp-ap_dx,sub-S09426,probabilities/qata_test_sub-S09426_ses-E16596_run-1_bp-chest_vp-ap_dx.npy,masks/qata_test_sub-S09426_ses-E16596_run-1_bp-chest_vp-ap_dx.png,0.9590560185747422,0.9213329782278403,5.385164807134504,1.8865534840848999
qata_test_sub-S09426_ses-E16684_run-1_bp-chest_vp-ap_dx,sub-S09426,probabilities/qata_test_sub-S09426_ses-E16684_run-1_bp-chest_vp-ap_dx.npy,masks/qata_test_sub-S09426_ses-E16684_run-1_bp-chest_vp-ap_dx.png,0.9633984028394643,0.9293815536060726,5.0,2.4134395012946226
qata_test_sub-S09426_ses-E16891_run-1_bp-chest_vp-ap_dx,sub-S09426,probabilities/qata_test_sub-S09426_ses-E16891_run-1_bp-chest_vp-ap_dx.npy,masks/qata_test_sub-S09426_ses-E16891_run-1_bp-chest_vp-ap_dx.png,0.9716277718602182,0.9448210922788925,4.123105625617661,1.3263036118909581
qata_test_sub-S09426_ses-E17865_run-1_bp-chest_vp-ap_dx,sub-S09426,probabilities/qata_test_sub-S09426_ses-E17865_run-1_bp-chest_vp-ap_dx.npy,masks/qata_test_sub-S09426_ses-E17865_run-1_bp-chest_vp-ap_dx.png,0.9587628865980221,0.9207920792082308,4.47213595499958,1.6918405408197037
qata_test_sub-S09426_ses-E18321_run-1_bp-chest_vp-pa_dx,sub-S09426,probabilities/qata_test_sub-S09426_ses-E18321_run-1_bp-chest_vp-pa_dx.npy,masks/qata_test_sub-S09426_ses-E18321_run-1_bp-chest_vp-pa_dx.png,0.9623967135054825,0.9275189526017873,12.041594578792296,2.517377503492785
qata_test_sub-S09426_ses-E19083_run-2_bp-chest_vp-ap_dx,sub-S09426,probabilities/qata_test_sub-S09426_ses-E19083_run-2_bp-chest_vp-ap_dx.npy,masks/qata_test_sub-S09426_ses-E19083_run-2_bp-chest_vp-ap_dx.png,0.9667087231890086,0.9355626480972592,5.0,1.9803009201733754
qata_test_sub-S09426_ses-E19187_run-1_bp-chest_vp-ap_dx,sub-S09426,probabilities/qata_test_sub-S09426_ses-E19187_run-1_bp-chest_vp-ap_dx.npy,masks/qata_test_sub-S09426_ses-E19187_run-1_bp-chest_vp-ap_dx.png,0.9333234296468511,0.8749825913380299,143.94547469814495,16.96431885189973
qata_test_sub-S09426_ses-E19600_run-1_bp-chest_vp-ap_dx,sub-S09426,probabilities/qata_test_sub-S09426_ses-E19600_run-1_bp-chest_vp-ap_dx.npy,masks/qata_test_sub-S09426_ses-E19600_run-1_bp-chest_vp-ap_dx.png,0.9670754805690702,0.9362499024632969,6.324555320336759,1.6332170718222476
qata_test_sub-S09426_ses-E19939_run-1_bp-chest_vp-ap_dx,sub-S09426,probabilities/qata_test_sub-S09426_ses-E19939_run-1_bp-chest_vp-ap_dx.npy,masks/qata_test_sub-S09426_ses-E19939_run-1_bp-chest_vp-ap_dx.png,0.9745071045774442,0.9502816732591387,3.605551275463989,1.293234861962294
qata_test_sub-S09426_ses-E20741_run-1_bp-chest_vp-ap_dx,sub-S09426,probabilities/qata_test_sub-S09426_ses-E20741_run-1_bp-chest_vp-ap_dx.npy,masks/qata_test_sub-S09426_ses-E20741_run-1_bp-chest_vp-ap_dx.png,0.9679564308783991,0.9379026814753086,4.242640687119285,1.4674825173944157
qata_test_sub-S09426_ses-E20899_run-1_bp-chest_vp-ap_dx,sub-S09426,probabilities/qata_test_sub-S09426_ses-E20899_run-1_bp-chest_vp-ap_dx.npy,masks/qata_test_sub-S09426_ses-E20899_run-1_bp-chest_vp-ap_dx.png,0.9668039063588384,0.9357409617682373,6.0,1.4641989236971895
qata_test_sub-S09426_ses-E21469_run-1_bp-chest_vp-ap_dx,sub-S09426,probabilities/qata_test_sub-S09426_ses-E21469_run-1_bp-chest_vp-ap_dx.npy,masks/qata_test_sub-S09426_ses-E21469_run-1_bp-chest_vp-ap_dx.png,0.9543180890159831,0.9126275198908756,10.057283791424084,2.563124602756962
qata_test_sub-S09426_ses-E21978_run-1_bp-chest_vp-ap_dx,sub-S09426,probabilities/qata_test_sub-S09426_ses-E21978_run-1_bp-chest_vp-ap_dx.npy,masks/qata_test_sub-S09426_ses-E21978_run-1_bp-chest_vp-ap_dx.png,0.977008517495429,0.9550504908442659,3.0,1.0976288412673196
qata_test_sub-S09426_ses-E21980_run-1_bp-chest_vp-ap_dx,sub-S09426,probabilities/qata_test_sub-S09426_ses-E21980_run-1_bp-chest_vp-ap_dx.npy,masks/qata_test_sub-S09426_ses-E21980_run-1_bp-chest_vp-ap_dx.png,0.9711575349632561,0.9439322033900206,3.605551275463989,2.051259574389722
qata_test_sub-S09426_ses-E22292_run-1_bp-chest_vp-ap_dx,sub-S09426,probabilities/qata_test_sub-S09426_ses-E22292_run-1_bp-chest_vp-ap_dx.npy,masks/qata_test_sub-S09426_ses-E22292_run-1_bp-chest_vp-ap_dx.png,0.9696997790448405,0.941181763647447,5.0,1.4307590286725138
qata_test_sub-S09426_ses-E24799_run-2_bp-chest_vp-ap_dx,sub-S09426,probabilities/qata_test_sub-S09426_ses-E24799_run-2_bp-chest_vp-ap_dx.npy,masks/qata_test_sub-S09426_ses-E24799_run-2_bp-chest_vp-ap_dx.png,0.9627572513349395,0.9281889437878568,11.0,2.3105423383663335
qata_test_sub-S09426_ses-E25493_run-1_bp-chest_vp-ap_dx,sub-S09426,probabilities/qata_test_sub-S09426_ses-E25493_run-1_bp-chest_vp-ap_dx.npy,masks/qata_test_sub-S09426_ses-E25493_run-1_bp-chest_vp-ap_dx.png,0.9723928347032552,0.946269029199036,3.605551275463989,1.3909417985946995
qata_test_sub-S09426_ses-E26002_run-1_bp-chest_vp-ap_dx,sub-S09426,probabilities/qata_test_sub-S09426_ses-E26002_run-1_bp-chest_vp-ap_dx.npy,masks/qata_test_sub-S09426_ses-E26002_run-1_bp-chest_vp-ap_dx.png,0.9768661525811941,0.9547784535187777,3.605551275463989,1.3346852510421243
qata_test_sub-S09426_ses-E26002_run-2_bp-chest_vp-ap_dx,sub-S09426,probabilities/qata_test_sub-S09426_ses-E26002_run-2_bp-chest_vp-ap_dx.npy,masks/qata_test_sub-S09426_ses-E26002_run-2_bp-chest_vp-ap_dx.png,0.9078839342263753,0.8313071867351877,30.0,5.690407915762638
qata_test_sub-S09426_ses-E26194_run-1_bp-chest_vp-ap_cr,sub-S09426,probabilities/qata_test_sub-S09426_ses-E26194_run-1_bp-chest_vp-ap_cr.npy,masks/qata_test_sub-S09426_ses-E26194_run-1_bp-chest_vp-ap_cr.png,0.6530022112611562,0.48478343225317344,37.27921971153144,7.893462245241349
qata_test_sub-S09426_ses-E26436_run-1_bp-chest_vp-ap_dx,sub-S09426,probabilities/qata_test_sub-S09426_ses-E26436_run-1_bp-chest_vp-ap_dx.npy,masks/qata_test_sub-S09426_ses-E26436_run-1_bp-chest_vp-ap_dx.png,0.9681127890112106,0.9381963248518196,6.4031242374328485,2.1119123941988254
qata_test_sub-S09426_ses-E26547_run-1_bp-chest_vp-pa_dx,sub-S09426,probabilities/qata_test_sub-S09426_ses-E26547_run-1_bp-chest_vp-pa_dx.npy,masks/qata_test_sub-S09426_ses-E26547_run-1_bp-chest_vp-pa_dx.png,0.8429416737114356,0.7285213325556487,19.137575896324936,4.69538199171184
qata_test_sub-S09429_ses-E25116_run-1_bp-chest_vp-ap_dx,sub-S09429,probabilities/qata_test_sub-S09429_ses-E25116_run-1_bp-chest_vp-ap_dx.npy,masks/qata_test_sub-S09429_ses-E25116_run-1_bp-chest_vp-ap_dx.png,0.899755501224722,0.8177777777851404,5.0,2.0062380008446667
qata_test_sub-S09429_ses-E25351_run-1_bp-chest_vp-ap_dx,sub-S09429,probabilities/qata_test_sub-S09429_ses-E25351_run-1_bp-chest_vp-ap_dx.npy,masks/qata_test_sub-S09429_ses-E25351_run-1_bp-chest_vp-ap_dx.png,0.8107763430581515,0.6817694369990254,39.11521443121589,6.405731399014048
qata_test_sub-S09431_ses-E16242_acq-1_run-1_bp-chest_vp-pa_cr,sub-S09431,probabilities/qata_test_sub-S09431_ses-E16242_acq-1_run-1_bp-chest_vp-pa_cr.npy,masks/qata_test_sub-S09431_ses-E16242_acq-1_run-1_bp-chest_vp-pa_cr.png,0.7811758323741699,0.640925781688651,33.424437623484174,6.907084946526451
qata_test_sub-S09432_ses-E16243_run-1_bp-chest_vp-pa_dx,sub-S09432,probabilities/qata_test_sub-S09432_ses-E16243_run-1_bp-chest_vp-pa_dx.npy,masks/qata_test_sub-S09432_ses-E16243_run-1_bp-chest_vp-pa_dx.png,0.8826066759580423,0.7898800332606024,139.00359707575916,24.720430753942544
qata_test_sub-S09432_ses-E24878_run-1_bp-chest_vp-pa_dx,sub-S09432,probabilities/qata_test_sub-S09432_ses-E24878_run-1_bp-chest_vp-pa_dx.npy,masks/qata_test_sub-S09432_ses-E24878_run-1_bp-chest_vp-pa_dx.png,0.8243914764606722,0.7012465969379389,18.75391052434004,4.833014925381714
qata_test_sub-S09433_ses-E26193_run-1_bp-chest_vp-pa_dx,sub-S09433,probabilities/qata_test_sub-S09433_ses-E26193_run-1_bp-chest_vp-pa_dx.npy,masks/qata_test_sub-S09433_ses-E26193_run-1_bp-chest_vp-pa_dx.png,0.8597336355916139,0.7539761431435986,17.386369597826643,5.7374031352883765
qata_test_sub-S09434_ses-E24009_run-1_bp-chest_vp-ap_cr,sub-S09434,probabilities/qata_test_sub-S09434_ses-E24009_run-1_bp-chest_vp-ap_cr.npy,masks/qata_test_sub-S09434_ses-E24009_run-1_bp-chest_vp-ap_cr.png,0.9725996286054365,0.9466607718715628,4.0,1.36435970128119
qata_test_sub-S09434_ses-E26278_run-1_bp-chest_vp-pa_dx,sub-S09434,probabilities/qata_test_sub-S09434_ses-E26278_run-1_bp-chest_vp-pa_dx.npy,masks/qata_test_sub-S09434_ses-E26278_run-1_bp-chest_vp-pa_dx.png,0.6753407204367579,0.5098222092712922,31.38470965295043,10.196659305574949
qata_test_sub-S09436_ses-E16248_run-1_bp-chest_vp-ap_dx,sub-S09436,probabilities/qata_test_sub-S09436_ses-E16248_run-1_bp-chest_vp-ap_dx.npy,masks/qata_test_sub-S09436_ses-E16248_run-1_bp-chest_vp-ap_dx.png,0.6575008135400463,0.4897588171192611,124.38240411091199,29.26156889937012
qata_test_sub-S09436_ses-E16516_run-1_bp-chest_vp-ap_dx,sub-S09436,probabilities/qata_test_sub-S09436_ses-E16516_run-1_bp-chest_vp-ap_dx.npy,masks/qata_test_sub-S09436_ses-E16516_run-1_bp-chest_vp-ap_dx.png,0.6882760845075265,0.5247110892666655,51.0,14.855808915908662
qata_test_sub-S09436_ses-E17012_run-1_bp-chest_vp-ap_dx,sub-S09436,probabilities/qata_test_sub-S09436_ses-E17012_run-1_bp-chest_vp-ap_dx.npy,masks/qata_test_sub-S09436_ses-E17012_run-1_bp-chest_vp-ap_dx.png,0.3879823089921003,0.2406811731458717,168.50240379692198,55.664179635187544
qata_test_sub-S09436_ses-E19623_run-1_bp-chest_vp-ap_dx,sub-S09436,probabilities/qata_test_sub-S09436_ses-E19623_run-1_bp-chest_vp-ap_dx.npy,masks/qata_test_sub-S09436_ses-E19623_run-1_bp-chest_vp-ap_dx.png,0.7353993889154483,0.581526991583853,191.0586289162607,47.11731084945507
qata_test_sub-S09436_ses-E22139_run-1_bp-chest_vp-ap_dx,sub-S09436,probabilities/qata_test_sub-S09436_ses-E22139_run-1_bp-chest_vp-ap_dx.npy,masks/qata_test_sub-S09436_ses-E22139_run-1_bp-chest_vp-ap_dx.png,0.21913236931369798,0.12304809495892051,48.99131112314673,14.957749729632047
qata_test_sub-S09436_ses-E22545_run-1_bp-chest_vp-ap_dx,sub-S09436,probabilities/qata_test_sub-S09436_ses-E22545_run-1_bp-chest_vp-ap_dx.npy,masks/qata_test_sub-S09436_ses-E22545_run-1_bp-chest_vp-ap_dx.png,0.8645400917646433,0.7614008081631441,19.344046328037102,4.460360095455945
qata_test_sub-S09436_ses-E26718_run-1_bp-chest_vp-ap_dx,sub-S09436,probabilities/qata_test_sub-S09436_ses-E26718_run-1_bp-chest_vp-ap_dx.npy,masks/qata_test_sub-S09436_ses-E26718_run-1_bp-chest_vp-ap_dx.png,0.3617349433872711,0.22080367394158068,92.78736292681815,32.59897355740172
qata_test_sub-S09437_ses-E20592_run-1_bp-chest_vp-ap_cr,sub-S09437,probabilities/qata_test_sub-S09437_ses-E20592_run-1_bp-chest_vp-ap_cr.npy,masks/qata_test_sub-S09437_ses-E20592_run-1_bp-chest_vp-ap_cr.png,0.8113464726475913,0.682576086284742,71.20533405490784,11.341544803681307
qata_test_sub-S09439_ses-E22575_run-1_bp-chest_vp-pa_dx,sub-S09439,probabilities/qata_test_sub-S09439_ses-E22575_run-1_bp-chest_vp-pa_dx.npy,masks/qata_test_sub-S09439_ses-E22575_run-1_bp-chest_vp-pa_dx.png,0.6110621419170221,0.43994923053403223,19.924858845171276,7.107318304355814
qata_test_sub-S09440_ses-E19667_run-1_bp-chest_vp-ap_cr,sub-S09440,probabilities/qata_test_sub-S09440_ses-E19667_run-1_bp-chest_vp-ap_cr.npy,masks/qata_test_sub-S09440_ses-E19667_run-1_bp-chest_vp-ap_cr.png,0.974266334912603,0.9498238851599436,3.605551275463989,1.5003243866389155
qata_test_sub-S09440_ses-E19833_run-1_bp-chest_vp-ap_dx,sub-S09440,probabilities/qata_test_sub-S09440_ses-E19833_run-1_bp-chest_vp-ap_dx.npy,masks/qata_test_sub-S09440_ses-E19833_run-1_bp-chest_vp-ap_dx.png,0.967033628709377,0.9361714529982198,6.0,2.216388716872359
qata_test_sub-S09440_ses-E19987_run-1_bp-chest_vp-ap_dx,sub-S09440,probabilities/qata_test_sub-S09440_ses-E19987_run-1_bp-chest_vp-ap_dx.npy,masks/qata_test_sub-S09440_ses-E19987_run-1_bp-chest_vp-ap_dx.png,0.9644974855513403,0.9314293998261786,6.0,2.0874088113311386
qata_test_sub-S09440_ses-E20661_run-1_bp-chest_vp-ap_dx,sub-S09440,probabilities/qata_test_sub-S09440_ses-E20661_run-1_bp-chest_vp-ap_dx.npy,masks/qata_test_sub-S09440_ses-E20661_run-1_bp-chest_vp-ap_dx.png,0.9781180379866536,0.957173210161742,4.0,1.3689666223677188
qata_test_sub-S09440_ses-E22583_run-1_bp-chest_vp-ap_dx,sub-S09440,probabilities/qata_test_sub-S09440_ses-E22583_run-1_bp-chest_vp-ap_dx.npy,masks/qata_test_sub-S09440_ses-E22583_run-1_bp-chest_vp-ap_dx.png,0.9725132399979314,0.9464971013310474,5.0,1.6888141716100264
qata_test_sub-S09440_ses-E23311_run-1_bp-chest_vp-ap_dx,sub-S09440,probabilities/qata_test_sub-S09440_ses-E23311_run-1_bp-chest_vp-ap_dx.npy,masks/qata_test_sub-S09440_ses-E23311_run-1_bp-chest_vp-ap_dx.png,0.9682685296262693,0.9384888969952613,6.324555320336759,1.8026508186258539
qata_test_sub-S09440_ses-E24067_run-1_bp-chest_vp-ap_cr,sub-S09440,probabilities/qata_test_sub-S09440_ses-E24067_run-1_bp-chest_vp-ap_cr.npy,masks/qata_test_sub-S09440_ses-E24067_run-1_bp-chest_vp-ap_cr.png,0.9688527712526585,0.939587232785096,5.0,1.626050856775949
qata_test_sub-S09440_ses-E24069_run-1_bp-chest_vp-ap_cr,sub-S09440,probabilities/qata_test_sub-S09440_ses-E24069_run-1_bp-chest_vp-ap_cr.npy,masks/qata_test_sub-S09440_ses-E24069_run-1_bp-chest_vp-ap_cr.png,0.9743014671526325,0.94989067055405,3.605551275463989,1.4477334947164284
qata_test_sub-S09440_ses-E24503_run-1_bp-chest_vp-ap_dx,sub-S09440,probabilities/qata_test_sub-S09440_ses-E24503_run-1_bp-chest_vp-ap_dx.npy,masks/qata_test_sub-S09440_ses-E24503_run-1_bp-chest_vp-ap_dx.png,0.9732408565841422,0.9478764935527082,5.0,1.4450786886570635
qata_test_sub-S09440_ses-E24830_run-1_bp-chest_vp-ap_dx,sub-S09440,probabilities/qata_test_sub-S09440_ses-E24830_run-1_bp-chest_vp-ap_dx.npy,masks/qata_test_sub-S09440_ses-E24830_run-1_bp-chest_vp-ap_dx.png,0.6909321764925306,0.5278047203438764,284.3965306519482,87.2996963891159
qata_test_sub-S09440_ses-E25759_run-1_bp-chest_vp-ap_dx,sub-S09440,probabilities/qata_test_sub-S09440_ses-E25759_run-1_bp-chest_vp-ap_dx.npy,masks/qata_test_sub-S09440_ses-E25759_run-1_bp-chest_vp-ap_dx.png,0.9010595542565756,0.8199348360931247,43.05864825724995,8.942137248495628
qata_test_sub-S09440_ses-E26490_run-1_bp-chest_vp-ap_dx,sub-S09440,probabilities/qata_test_sub-S09440_ses-E26490_run-1_bp-chest_vp-ap_dx.npy,masks/qata_test_sub-S09440_ses-E26490_run-1_bp-chest_vp-ap_dx.png,0.9634575535309416,0.9294916545029098,6.708203932499369,2.1348630508354947
qata_test_sub-S09443_ses-E21660_run-1_bp-chest_vp-ap_dx,sub-S09443,probabilities/qata_test_sub-S09443_ses-E21660_run-1_bp-chest_vp-ap_dx.npy,masks/qata_test_sub-S09443_ses-E21660_run-1_bp-chest_vp-ap_dx.png,0.8392070484625769,0.722960151815799,7.0,2.6203549455355852
qata_test_sub-S09446_ses-E16261_run-1_bp-chest_vp-pa_cr,sub-S09446,probabilities/qata_test_sub-S09446_ses-E16261_run-1_bp-chest_vp-pa_cr.npy,masks/qata_test_sub-S09446_ses-E16261_run-1_bp-chest_vp-pa_cr.png,0.659221817330913,0.491671050333304,146.95336516311605,33.16635343284537
qata_test_sub-S09447_ses-E16262_run-1_bp-chest_vp-pa_cr,sub-S09447,probabilities/qata_test_sub-S09447_ses-E16262_run-1_bp-chest_vp-pa_cr.npy,masks/qata_test_sub-S09447_ses-E16262_run-1_bp-chest_vp-pa_cr.png,0.5641344956684847,0.39288811800582063,15.771660186256055,4.644924127900388
qata_test_sub-S09448_ses-E20419_run-1_bp-chest_vp-pa_cr,sub-S09448,probabilities/qata_test_sub-S09448_ses-E20419_run-1_bp-chest_vp-pa_cr.npy,masks/qata_test_sub-S09448_ses-E20419_run-1_bp-chest_vp-pa_cr.png,0.3990476190619275,0.2492563950253047,159.055800683386,51.443245775111464
qata_test_sub-S09448_ses-E21381_run-1_bp-chest_vp-ap_dx,sub-S09448,probabilities/qata_test_sub-S09448_ses-E21381_run-1_bp-chest_vp-ap_dx.npy,masks/qata_test_sub-S09448_ses-E21381_run-1_bp-chest_vp-ap_dx.png,0.7764167650547785,0.6345434808872928,19.0,6.114275451960792
qata_test_sub-S09449_ses-E16265_run-1_bp-chest_vp-ap_dx,sub-S09449,probabilities/qata_test_sub-S09449_ses-E16265_run-1_bp-chest_vp-ap_dx.npy,masks/qata_test_sub-S09449_ses-E16265_run-1_bp-chest_vp-ap_dx.png,0.9678287959672999,0.9376630467756547,4.604101966249685,1.613719763677643
qata_test_sub-S09449_ses-E18173_run-1_bp-chest_vp-ap_dx,sub-S09449,probabilities/qata_test_sub-S09449_ses-E18173_run-1_bp-chest_vp-ap_dx.npy,masks/qata_test_sub-S09449_ses-E18173_run-1_bp-chest_vp-ap_dx.png,0.9389195148843684,0.8848711554452,80.54592998174962,9.901781929107722
qata_test_sub-S09450_ses-E24850_run-1_bp-chest_vp-pa_dx,sub-S09450,probabilities/qata_test_sub-S09450_ses-E24850_run-1_bp-chest_vp-pa_dx.npy,masks/qata_test_sub-S09450_ses-E24850_run-1_bp-chest_vp-pa_dx.png,0.759317467450397,0.6120159247335499,11.661903789690601,4.52776561595926
qata_test_sub-S09451_ses-E16269_acq-2_run-1_bp-chest_vp-ap_cr,sub-S09451,probabilities/qata_test_sub-S09451_ses-E16269_acq-2_run-1_bp-chest_vp-ap_cr.npy,masks/qata_test_sub-S09451_ses-E16269_acq-2_run-1_bp-chest_vp-ap_cr.png,0.4766622213854703,0.3129064532437993,192.9986782650363,54.35385751264337
qata_test_sub-S09452_ses-E16270_run-1_bp-chest_cr,sub-S09452,probabilities/qata_test_sub-S09452_ses-E16270_run-1_bp-chest_cr.npy,masks/qata_test_sub-S09452_ses-E16270_run-1_bp-chest_cr.png,0.7131968385756862,0.5542392651470648,74.66523957749492,13.475208451950852
qata_test_sub-S09452_ses-E16359_run-1_bp-chest_cr,sub-S09452,probabilities/qata_test_sub-S09452_ses-E16359_run-1_bp-chest_cr.npy,masks/qata_test_sub-S09452_ses-E16359_run-1_bp-chest_cr.png,0.7935599809300856,0.657769941636322,80.19371406685217,13.109990589546165
qata_test_sub-S09452_ses-E16704_run-1_bp-chest_cr,sub-S09452,probabilities/qata_test_sub-S09452_ses-E16704_run-1_bp-chest_cr.npy,masks/qata_test_sub-S09452_ses-E16704_run-1_bp-chest_cr.png,0.9641200416548895,0.9307256443065536,5.830951894845301,1.602151936466486
qata_test_sub-S09452_ses-E16823_run-1_bp-chest_cr,sub-S09452,probabilities/qata_test_sub-S09452_ses-E16823_run-1_bp-chest_cr.npy,masks/qata_test_sub-S09452_ses-E16823_run-1_bp-chest_cr.png,0.924228368370691,0.8591306381365748,21.400934559032695,3.932194723509843
qata_test_sub-S09452_ses-E16825_run-1_bp-chest_vp-ap_cr,sub-S09452,probabilities/qata_test_sub-S09452_ses-E16825_run-1_bp-chest_vp-ap_cr.npy,masks/qata_test_sub-S09452_ses-E16825_run-1_bp-chest_vp-ap_cr.png,0.8582088213666872,0.7516337815767512,20.211188221619075,5.676393725067471
qata_test_sub-S09452_ses-E16953_run-1_bp-chest_cr,sub-S09452,probabilities/qata_test_sub-S09452_ses-E16953_run-1_bp-chest_cr.npy,masks/qata_test_sub-S09452_ses-E16953_run-1_bp-chest_cr.png,0.7547146504163824,0.6060576001071122,27.0,7.8112866273787676
qata_test_sub-S09452_ses-E17117_acq-1_run-1_bp-chest_cr,sub-S09452,probabilities/qata_test_sub-S09452_ses-E17117_acq-1_run-1_bp-chest_cr.npy,masks/qata_test_sub-S09452_ses-E17117_acq-1_run-1_bp-chest_cr.png,0.5878229433039683,0.4162530049033241,150.38017962456132,31.50220814897534
qata_test_sub-S09452_ses-E17189_run-1_bp-chest_cr,sub-S09452,probabilities/qata_test_sub-S09452_ses-E17189_run-1_bp-chest_cr.npy,masks/qata_test_sub-S09452_ses-E17189_run-1_bp-chest_cr.png,0.7866154231774308,0.6482820353945584,171.75621684846556,43.06919460273028
qata_test_sub-S09452_ses-E17479_run-1_bp-chest_cr,sub-S09452,probabilities/qata_test_sub-S09452_ses-E17479_run-1_bp-chest_cr.npy,masks/qata_test_sub-S09452_ses-E17479_run-1_bp-chest_cr.png,0.7590332992212888,0.6116467901564254,54.9240324085981,11.717131378483716
qata_test_sub-S09452_ses-E17513_run-1_bp-chest_cr,sub-S09452,probabilities/qata_test_sub-S09452_ses-E17513_run-1_bp-chest_cr.npy,masks/qata_test_sub-S09452_ses-E17513_run-1_bp-chest_cr.png,0.9522321358814441,0.9088197572108784,8.06225774829855,2.4724095971425415
qata_test_sub-S09452_ses-E17919_run-1_bp-chest_cr,sub-S09452,probabilities/qata_test_sub-S09452_ses-E17919_run-1_bp-chest_cr.npy,masks/qata_test_sub-S09452_ses-E17919_run-1_bp-chest_cr.png,0.9059159554637399,0.8280131311557667,15.187086094139973,4.013006514752501
qata_test_sub-S09452_ses-E17957_run-1_bp-chest_cr,sub-S09452,probabilities/qata_test_sub-S09452_ses-E17957_run-1_bp-chest_cr.npy,masks/qata_test_sub-S09452_ses-E17957_run-1_bp-chest_cr.png,0.817666657175107,0.6915703275544722,64.64298125145113,11.385640074968663
qata_test_sub-S09452_ses-E18170_run-1_bp-chest_cr,sub-S09452,probabilities/qata_test_sub-S09452_ses-E18170_run-1_bp-chest_cr.npy,masks/qata_test_sub-S09452_ses-E18170_run-1_bp-chest_cr.png,0.9522062599968418,0.908772617780772,13.0,3.110194583083809
qata_test_sub-S09452_ses-E19207_run-1_bp-chest_cr,sub-S09452,probabilities/qata_test_sub-S09452_ses-E19207_run-1_bp-chest_cr.npy,masks/qata_test_sub-S09452_ses-E19207_run-1_bp-chest_cr.png,0.8596087920957467,0.7537841278840446,20.591260281974,5.39138019575916
qata_test_sub-S09452_ses-E21690_run-1_bp-chest_cr,sub-S09452,probabilities/qata_test_sub-S09452_ses-E21690_run-1_bp-chest_cr.npy,masks/qata_test_sub-S09452_ses-E21690_run-1_bp-chest_cr.png,0.885117885568835,0.7939116379324225,13.0,3.6833006429518513
qata_test_sub-S09452_ses-E22036_run-1_bp-chest_cr,sub-S09452,probabilities/qata_test_sub-S09452_ses-E22036_run-1_bp-chest_cr.npy,masks/qata_test_sub-S09452_ses-E22036_run-1_bp-chest_cr.png,0.6971613472580631,0.5351095055343469,62.18038086627841,13.073923386429724
qata_test_sub-S09452_ses-E22824_run-1_bp-chest_vp-ap_dx,sub-S09452,probabilities/qata_test_sub-S09452_ses-E22824_run-1_bp-chest_vp-ap_dx.npy,masks/qata_test_sub-S09452_ses-E22824_run-1_bp-chest_vp-ap_dx.png,0.8168151082131938,0.6903528889557952,23.71285812883439,5.094475357762777
qata_test_sub-S09452_ses-E22828_run-1_bp-chest_cr,sub-S09452,probabilities/qata_test_sub-S09452_ses-E22828_run-1_bp-chest_cr.npy,masks/qata_test_sub-S09452_ses-E22828_run-1_bp-chest_cr.png,0.9547025310545562,0.9133309506794437,5.0,1.9183530285426362
qata_test_sub-S09454_ses-E25547_run-1_bp-chest_vp-ap_dx,sub-S09454,probabilities/qata_test_sub-S09454_ses-E25547_run-1_bp-chest_vp-ap_dx.npy,masks/qata_test_sub-S09454_ses-E25547_run-1_bp-chest_vp-ap_dx.png,0.4822671343495225,0.3177549523160839,95.77577981932593,26.74665731708745
qata_test_sub-S09455_ses-E16273_run-1_bp-chest_vp-ap_cr,sub-S09455,probabilities/qata_test_sub-S09455_ses-E16273_run-1_bp-chest_vp-ap_cr.npy,masks/qata_test_sub-S09455_ses-E16273_run-1_bp-chest_vp-ap_cr.png,0.95849319846538,0.9202947086406356,5.0,1.7782886121240504
qata_test_sub-S09455_ses-E16541_run-1_bp-chest_vp-ap_cr,sub-S09455,probabilities/qata_test_sub-S09455_ses-E16541_run-1_bp-chest_vp-ap_cr.npy,masks/qata_test_sub-S09455_ses-E16541_run-1_bp-chest_vp-ap_cr.png,0.9648449039882524,0.9320776255710347,4.242640687119285,1.5387986725979168
qata_test_sub-S09455_ses-E17099_run-1_bp-chest_vp-ap_cr,sub-S09455,probabilities/qata_test_sub-S09455_ses-E17099_run-1_bp-chest_vp-ap_cr.npy,masks/qata_test_sub-S09455_ses-E17099_run-1_bp-chest_vp-ap_cr.png,0.9576615114621811,0.9187624960541627,5.0,1.9264881731110914
qata_test_sub-S09455_ses-E17339_run-1_bp-chest_vp-ap_cr,sub-S09455,probabilities/qata_test_sub-S09455_ses-E17339_run-1_bp-chest_vp-ap_cr.npy,masks/qata_test_sub-S09455_ses-E17339_run-1_bp-chest_vp-ap_cr.png,0.9667518274076241,0.9356433943475544,4.242640687119285,1.5519195087689666
qata_test_sub-S09455_ses-E18009_run-1_bp-chest_vp-ap_cr,sub-S09455,probabilities/qata_test_sub-S09455_ses-E18009_run-1_bp-chest_vp-ap_cr.npy,masks/qata_test_sub-S09455_ses-E18009_run-1_bp-chest_vp-ap_cr.png,0.9697860063366731,0.9413442375096511,4.0,1.3882829837017994
qata_test_sub-S09455_ses-E26736_run-1_bp-chest_vp-ap_cr,sub-S09455,probabilities/qata_test_sub-S09455_ses-E26736_run-1_bp-chest_vp-ap_cr.npy,masks/qata_test_sub-S09455_ses-E26736_run-1_bp-chest_vp-ap_cr.png,0.7579801802705095,0.6102802614185066,130.61180614211884,21.03008046060913
qata_test_sub-S09458_ses-E16276_run-1_bp-chest_vp-ap_dx,sub-S09458,probabilities/qata_test_sub-S09458_ses-E16276_run-1_bp-chest_vp-ap_dx.npy,masks/qata_test_sub-S09458_ses-E16276_run-1_bp-chest_vp-ap_dx.png,0.1550967129514946,0.08406766579350314,208.14176993907404,95.76398200626656
qata_test_sub-S09458_ses-E16368_run-1_bp-chest_vp-ap_dx,sub-S09458,probabilities/qata_test_sub-S09458_ses-E16368_run-1_bp-chest_vp-ap_dx.npy,masks/qata_test_sub-S09458_ses-E16368_run-1_bp-chest_vp-ap_dx.png,0.5321642264330323,0.36255024984272255,157.66039267744327,73.0147604238876
qata_test_sub-S09458_ses-E16829_run-1_bp-chest_vp-ap_dx,sub-S09458,probabilities/qata_test_sub-S09458_ses-E16829_run-1_bp-chest_vp-ap_dx.npy,masks/qata_test_sub-S09458_ses-E16829_run-1_bp-chest_vp-ap_dx.png,0.9002065215333747,0.818523240189441,21.213203435596427,4.68090798909653
qata_test_sub-S09458_ses-E17334_run-1_bp-chest_vp-ap_dx,sub-S09458,probabilities/qata_test_sub-S09458_ses-E17334_run-1_bp-chest_vp-ap_dx.npy,masks/qata_test_sub-S09458_ses-E17334_run-1_bp-chest_vp-ap_dx.png,0.9026321420931344,0.8225429017169338,19.0,4.56863081498431
qata_test_sub-S09458_ses-E17447_run-1_bp-chest_vp-ap_dx,sub-S09458,probabilities/qata_test_sub-S09458_ses-E17447_run-1_bp-chest_vp-ap_dx.npy,masks/qata_test_sub-S09458_ses-E17447_run-1_bp-chest_vp-ap_dx.png,0.8491434339839995,0.7378360249742643,24.186773244895647,6.32304763346703
qata_test_sub-S09458_ses-E18180_run-1_bp-chest_vp-ap_dx,sub-S09458,probabilities/qata_test_sub-S09458_ses-E18180_run-1_bp-chest_vp-ap_dx.npy,masks/qata_test_sub-S09458_ses-E18180_run-1_bp-chest_vp-ap_dx.png,0.8614789973292702,0.7566650024986853,39.56008088970496,7.6228798223424
qata_test_sub-S09458_ses-E18738_run-1_bp-chest_vp-ap_dx,sub-S09458,probabilities/qata_test_sub-S09458_ses-E18738_run-1_bp-chest_vp-ap_dx.npy,masks/qata_test_sub-S09458_ses-E18738_run-1_bp-chest_vp-ap_dx.png,0.7374167410570026,0.5840539511634086,75.60423181784469,17.296779352124627
qata_test_sub-S09458_ses-E19468_acq-1_run-1_bp-chest_vp-ap_dx,sub-S09458,probabilities/qata_test_sub-S09458_ses-E19468_acq-1_run-1_bp-chest_vp-ap_dx.npy,masks/qata_test_sub-S09458_ses-E19468_acq-1_run-1_bp-chest_vp-ap_dx.png,0.8919163223147475,0.8049178417456598,98.99545350148239,13.258811511294377
qata_test_sub-S09458_ses-E19855_run-1_bp-chest_vp-ap_dx,sub-S09458,probabilities/qata_test_sub-S09458_ses-E19855_run-1_bp-chest_vp-ap_dx.npy,masks/qata_test_sub-S09458_ses-E19855_run-1_bp-chest_vp-ap_dx.png,0.9148702405761892,0.8430975490549326,9.848857801796104,2.9967147804523577
qata_test_sub-S09458_ses-E20042_run-1_bp-chest_vp-ap_dx,sub-S09458,probabilities/qata_test_sub-S09458_ses-E20042_run-1_bp-chest_vp-ap_dx.npy,masks/qata_test_sub-S09458_ses-E20042_run-1_bp-chest_vp-ap_dx.png,0.884607176610821,0.7930902531034106,21.456336537141432,4.740845456865922
qata_test_sub-S09458_ses-E20224_run-1_bp-chest_vp-ap_dx,sub-S09458,probabilities/qata_test_sub-S09458_ses-E20224_run-1_bp-chest_vp-ap_dx.npy,masks/qata_test_sub-S09458_ses-E20224_run-1_bp-chest_vp-ap_dx.png,0.6973273805901943,0.5353051643236121,108.47257948828235,18.505992080510914
qata_test_sub-S09458_ses-E21702_run-1_bp-chest_vp-ap_dx,sub-S09458,probabilities/qata_test_sub-S09458_ses-E21702_run-1_bp-chest_vp-ap_dx.npy,masks/qata_test_sub-S09458_ses-E21702_run-1_bp-chest_vp-ap_dx.png,0.9194383860415768,0.8508893654602911,21.132861906004237,3.9792592470368335
qata_test_sub-S09458_ses-E22358_run-1_bp-chest_vp-ap_dx,sub-S09458,probabilities/qata_test_sub-S09458_ses-E22358_run-1_bp-chest_vp-ap_dx.npy,masks/qata_test_sub-S09458_ses-E22358_run-1_bp-chest_vp-ap_dx.png,0.9286701208987161,0.8668386264732091,6.708203932499369,2.151734905088126
qata_test_sub-S09458_ses-E22645_run-1_bp-chest_vp-ap_dx,sub-S09458,probabilities/qata_test_sub-S09458_ses-E22645_run-1_bp-chest_vp-ap_dx.npy,masks/qata_test_sub-S09458_ses-E22645_run-1_bp-chest_vp-ap_dx.png,0.7560419516650411,0.607771260998759,56.67220996770638,12.289829077501672
qata_test_sub-S09458_ses-E23122_run-1_bp-chest_vp-ap_dx,sub-S09458,probabilities/qata_test_sub-S09458_ses-E23122_run-1_bp-chest_vp-ap_dx.npy,masks/qata_test_sub-S09458_ses-E23122_run-1_bp-chest_vp-ap_dx.png,0.3105194288029213,0.18379579741929014,163.61784359847536,47.88241511687699
qata_test_sub-S09458_ses-E26325_run-1_bp-chest_vp-ap_cr,sub-S09458,probabilities/qata_test_sub-S09458_ses-E26325_run-1_bp-chest_vp-ap_cr.npy,masks/qata_test_sub-S09458_ses-E26325_run-1_bp-chest_vp-ap_cr.png,0.4244117647087039,0.2693671831294296,170.7240412731804,71.68156368537042
qata_test_sub-S09458_ses-E27160_run-1_bp-chest_vp-ap_dx,sub-S09458,probabilities/qata_test_sub-S09458_ses-E27160_run-1_bp-chest_vp-ap_dx.npy,masks/qata_test_sub-S09458_ses-E27160_run-1_bp-chest_vp-ap_dx.png,0.39455252919073214,0.24575860398698082,208.00119190456138,55.07405674255364
qata_test_sub-S09459_ses-E16279_run-1_bp-chest_vp-ap_cr,sub-S09459,probabilities/qata_test_sub-S09459_ses-E16279_run-1_bp-chest_vp-ap_cr.npy,masks/qata_test_sub-S09459_ses-E16279_run-1_bp-chest_vp-ap_cr.png,0.575883037911917,0.4043790315308042,212.1207180096109,51.72754533759697
qata_test_sub-S09459_ses-E22841_run-1_bp-chest_vp-pa_dx,sub-S09459,probabilities/qata_test_sub-S09459_ses-E22841_run-1_bp-chest_vp-pa_dx.npy,masks/qata_test_sub-S09459_ses-E22841_run-1_bp-chest_vp-pa_dx.png,0.5028355387628054,0.3358585858772206,43.11263628839199,20.998777564257395
qata_test_sub-S09461_ses-E20709_run-1_bp-chest_vp-ap_cr,sub-S09461,probabilities/qata_test_sub-S09461_ses-E20709_run-1_bp-chest_vp-ap_cr.npy,masks/qata_test_sub-S09461_ses-E20709_run-1_bp-chest_vp-ap_cr.png,0.6812296972850561,0.5165643295764917,76.00821677800288,17.57488550907793
qata_test_sub-S09465_ses-E18212_run-1_bp-chest_vp-ap_dx,sub-S09465,probabilities/qata_test_sub-S09465_ses-E18212_run-1_bp-chest_vp-ap_dx.npy,masks/qata_test_sub-S09465_ses-E18212_run-1_bp-chest_vp-ap_dx.png,0.972030377111226,0.9455827832535572,6.0,2.071331999930667
qata_test_sub-S09465_ses-E19875_run-1_bp-chest_vp-ap_dx,sub-S09465,probabilities/qata_test_sub-S09465_ses-E19875_run-1_bp-chest_vp-ap_dx.npy,masks/qata_test_sub-S09465_ses-E19875_run-1_bp-chest_vp-ap_dx.png,0.9718321366000927,0.9452076564487477,6.4031242374328485,1.969832605994598
qata_test_sub-S09465_ses-E23867_run-1_bp-chest_vp-ap_dx,sub-S09465,probabilities/qata_test_sub-S09465_ses-E23867_run-1_bp-chest_vp-ap_dx.npy,masks/qata_test_sub-S09465_ses-E23867_run-1_bp-chest_vp-ap_dx.png,0.9710253394633048,0.9436824605154952,4.47213595499958,1.7196826676976094
qata_test_sub-S09465_ses-E25441_run-1_bp-chest_vp-ap_cr,sub-S09465,probabilities/qata_test_sub-S09465_ses-E25441_run-1_bp-chest_vp-ap_cr.npy,masks/qata_test_sub-S09465_ses-E25441_run-1_bp-chest_vp-ap_cr.png,0.28733705773475476,0.1677720996067438,245.17106233931284,81.90123889808281
qata_test_sub-S09465_ses-E25868_run-1_bp-chest_vp-ap_dx,sub-S09465,probabilities/qata_test_sub-S09465_ses-E25868_run-1_bp-chest_vp-ap_dx.npy,masks/qata_test_sub-S09465_ses-E25868_run-1_bp-chest_vp-ap_dx.png,0.9657661325045869,0.9337985951315039,8.473327868088363,2.4939822509278513
qata_test_sub-S09465_ses-E26340_run-1_bp-chest_vp-ap_dx,sub-S09465,probabilities/qata_test_sub-S09465_ses-E26340_run-1_bp-chest_vp-ap_dx.npy,masks/qata_test_sub-S09465_ses-E26340_run-1_bp-chest_vp-ap_dx.png,0.8035999007903677,0.6716815731807703,36.76955262170047,10.195244883661106
qata_test_sub-S09466_ses-E16293_run-1_bp-chest_vp-pa_dx,sub-S09466,probabilities/qata_test_sub-S09466_ses-E16293_run-1_bp-chest_vp-pa_dx.npy,masks/qata_test_sub-S09466_ses-E16293_run-1_bp-chest_vp-pa_dx.png,0.2297856337113617,0.12980667093414475,232.28537428346812,110.95773129356748
qata_test_sub-S09466_ses-E17059_run-1_bp-chest_vp-pa_dx,sub-S09466,probabilities/qata_test_sub-S09466_ses-E17059_run-1_bp-chest_vp-pa_dx.npy,masks/qata_test_sub-S09466_ses-E17059_run-1_bp-chest_vp-pa_dx.png,0.5451567618262715,0.37471855904230567,30.0,9.891568189259122
qata_test_sub-S09466_ses-E18114_run-1_bp-chest_vp-ap_dx,sub-S09466,probabilities/qata_test_sub-S09466_ses-E18114_run-1_bp-chest_vp-ap_dx.npy,masks/qata_test_sub-S09466_ses-E18114_run-1_bp-chest_vp-ap_dx.png,0.5881271073915588,0.4165581126151895,21.885997160744978,7.838750454867878
qata_test_sub-S09467_ses-E20862_run-1_bp-chest_vp-ap_cr,sub-S09467,probabilities/qata_test_sub-S09467_ses-E20862_run-1_bp-chest_vp-ap_cr.npy,masks/qata_test_sub-S09467_ses-E20862_run-1_bp-chest_vp-ap_cr.png,0.8952914610692678,0.8104322810219514,12.165525060596439,3.1488798001088885
qata_test_sub-S09467_ses-E21865_run-1_bp-chest_vp-ap_dx,sub-S09467,probabilities/qata_test_sub-S09467_ses-E21865_run-1_bp-chest_vp-ap_dx.npy,masks/qata_test_sub-S09467_ses-E21865_run-1_bp-chest_vp-ap_dx.png,0.6848287928096769,0.5207145572208015,59.14473114908541,12.129326833463624
qata_test_sub-S09467_ses-E22682_run-1_bp-chest_vp-ap_dx,sub-S09467,probabilities/qata_test_sub-S09467_ses-E22682_run-1_bp-chest_vp-ap_dx.npy,masks/qata_test_sub-S09467_ses-E22682_run-1_bp-chest_vp-ap_dx.png,0.16097278522518976,0.08753148620355594,30.7646736885496,12.502008201242283
qata_test_sub-S09467_ses-E23192_run-1_bp-chest_vp-pa_dx,sub-S09467,probabilities/qata_test_sub-S09467_ses-E23192_run-1_bp-chest_vp-pa_dx.npy,masks/qata_test_sub-S09467_ses-E23192_run-1_bp-chest_vp-pa_dx.png,0.39559877176572167,0.2465709729107952,51.86227491709804,17.119597463999867
qata_test_sub-S09468_ses-E19517_run-1_bp-chest_vp-ap_dx,sub-S09468,probabilities/qata_test_sub-S09468_ses-E19517_run-1_bp-chest_vp-ap_dx.npy,masks/qata_test_sub-S09468_ses-E19517_run-1_bp-chest_vp-ap_dx.png,0.6543670683624361,0.4862894278096958,167.56968389665224,50.37410627122347
qata_test_sub-S09468_ses-E19729_run-1_bp-chest_vp-ap_dx,sub-S09468,probabilities/qata_test_sub-S09468_ses-E19729_run-1_bp-chest_vp-ap_dx.npy,masks/qata_test_sub-S09468_ses-E19729_run-1_bp-chest_vp-ap_dx.png,0.9714104299297017,0.9444101497776263,3.605551275463989,1.3893639760654488
qata_test_sub-S09468_ses-E19891_run-1_bp-chest_vp-pa_cr,sub-S09468,probabilities/qata_test_sub-S09468_ses-E19891_run-1_bp-chest_vp-pa_cr.npy,masks/qata_test_sub-S09468_ses-E19891_run-1_bp-chest_vp-pa_cr.png,0.8761413199319719,0.7795831766670795,30.4138126514911,8.777191885932826
qata_test_sub-S09468_ses-E21004_acq-2_run-1_bp-chest_vp-ap_dx,sub-S09468,probabilities/qata_test_sub-S09468_ses-E21004_acq-2_run-1_bp-chest_vp-ap_dx.npy,masks/qata_test_sub-S09468_ses-E21004_acq-2_run-1_bp-chest_vp-ap_dx.png,0.9707921289452575,0.9432420371508249,4.0,1.4785920782644966
qata_test_sub-S09468_ses-E21230_run-1_bp-chest_vp-ap_dx,sub-S09468,probabilities/qata_test_sub-S09468_ses-E21230_run-1_bp-chest_vp-ap_dx.npy,masks/qata_test_sub-S09468_ses-E21230_run-1_bp-chest_vp-ap_dx.png,0.36205664009149263,0.22104344323359265,187.90472258820057,58.51653586034761
qata_test_sub-S09469_ses-E16297_run-1_bp-chest_vp-pa_cr,sub-S09469,probabilities/qata_test_sub-S09469_ses-E16297_run-1_bp-chest_vp-pa_cr.npy,masks/qata_test_sub-S09469_ses-E16297_run-1_bp-chest_vp-pa_cr.png,0.5827751196238792,0.411208642822165,162.73566179328265,34.554827023542266
qata_test_sub-S09469_ses-E18246_run-1_bp-chest_vp-ap_dx,sub-S09469,probabilities/qata_test_sub-S09469_ses-E18246_run-1_bp-chest_vp-ap_dx.npy,masks/qata_test_sub-S09469_ses-E18246_run-1_bp-chest_vp-ap_dx.png,0.8710872101878592,0.7716160345158043,98.90764143631813,13.322439138989534
qata_test_sub-S09469_ses-E19259_run-1_bp-chest_vp-ap_dx,sub-S09469,probabilities/qata_test_sub-S09469_ses-E19259_run-1_bp-chest_vp-ap_dx.npy,masks/qata_test_sub-S09469_ses-E19259_run-1_bp-chest_vp-ap_dx.png,0.9494636830679705,0.9037894909154371,8.06225774829855,2.4206100551757164
qata_test_sub-S09469_ses-E19886_run-1_bp-chest_vp-ap_dx,sub-S09469,probabilities/qata_test_sub-S09469_ses-E19886_run-1_bp-chest_vp-ap_dx.npy,masks/qata_test_sub-S09469_ses-E19886_run-1_bp-chest_vp-ap_dx.png,0.6555835661262139,0.487634299620032,62.62464697719006,12.276799990404136
qata_test_sub-S09469_ses-E20490_run-1_bp-chest_vp-ap_cr,sub-S09469,probabilities/qata_test_sub-S09469_ses-E20490_run-1_bp-chest_vp-ap_cr.npy,masks/qata_test_sub-S09469_ses-E20490_run-1_bp-chest_vp-ap_cr.png,0.6025383530635334,0.4311662895270554,138.24975258024935,29.328746840952647
qata_test_sub-S09469_ses-E23439_run-1_bp-chest_vp-ap_dx,sub-S09469,probabilities/qata_test_sub-S09469_ses-E23439_run-1_bp-chest_vp-ap_dx.npy,masks/qata_test_sub-S09469_ses-E23439_run-1_bp-chest_vp-ap_dx.png,0.9496118221876598,0.9040579875580615,10.0,2.4477678088530745
qata_test_sub-S09469_ses-E23896_acq-1_run-1_bp-chest_vp-ap_dx,sub-S09469,probabilities/qata_test_sub-S09469_ses-E23896_acq-1_run-1_bp-chest_vp-ap_dx.npy,masks/qata_test_sub-S09469_ses-E23896_acq-1_run-1_bp-chest_vp-ap_dx.png,0.9540818800408041,0.912195574236889,8.988854381999817,2.29665788082238
qata_test_sub-S09469_ses-E23896_acq-2_run-1_bp-chest_vp-ap_dx,sub-S09469,probabilities/qata_test_sub-S09469_ses-E23896_acq-2_run-1_bp-chest_vp-ap_dx.npy,masks/qata_test_sub-S09469_ses-E23896_acq-2_run-1_bp-chest_vp-ap_dx.png,0.9624720170630476,0.9276588515123083,5.385164807134504,1.7355489502599004
qata_test_sub-S09469_ses-E24596_run-1_bp-chest_cr,sub-S09469,probabilities/qata_test_sub-S09469_ses-E24596_run-1_bp-chest_cr.npy,masks/qata_test_sub-S09469_ses-E24596_run-1_bp-chest_cr.png,0.9719149120246008,0.9453642732418628,5.0,1.8347887184874148
qata_test_sub-S09469_ses-E25913_run-1_bp-chest_vp-ap_dx,sub-S09469,probabilities/qata_test_sub-S09469_ses-E25913_run-1_bp-chest_vp-ap_dx.npy,masks/qata_test_sub-S09469_ses-E25913_run-1_bp-chest_vp-ap_dx.png,0.7194635737592437,0.5618454571201463,64.89220186385539,11.760884205017767
qata_test_sub-S09469_ses-E26366_run-1_bp-chest_vp-ap_dx,sub-S09469,probabilities/qata_test_sub-S09469_ses-E26366_run-1_bp-chest_vp-ap_dx.npy,masks/qata_test_sub-S09469_ses-E26366_run-1_bp-chest_vp-ap_dx.png,0.9569427214137236,0.9174402413555424,6.082762530298219,2.164395709934722
qata_test_sub-S09471_ses-E16301_run-1_bp-chest_vp-ap_cr,sub-S09471,probabilities/qata_test_sub-S09471_ses-E16301_run-1_bp-chest_vp-ap_cr.npy,masks/qata_test_sub-S09471_ses-E16301_run-1_bp-chest_vp-ap_cr.png,0.7611471634942312,0.614396755667212,17.69180601295413,5.675933327367719
qata_test_sub-S09471_ses-E23208_run-1_bp-chest_vp-ap_cr,sub-S09471,probabilities/qata_test_sub-S09471_ses-E23208_run-1_bp-chest_vp-ap_cr.npy,masks/qata_test_sub-S09471_ses-E23208_run-1_bp-chest_vp-ap_cr.png,0.8420031740447717,0.7271204507426965,124.93557369425861,20.05488857419875
qata_test_sub-S09471_ses-E27037_run-1_bp-chest_vp-ap_cr,sub-S09471,probabilities/qata_test_sub-S09471_ses-E27037_run-1_bp-chest_vp-ap_cr.npy,masks/qata_test_sub-S09471_ses-E27037_run-1_bp-chest_vp-ap_cr.png,0.7376730943479012,0.5843756407712861,18.0,5.513681519815975
qata_test_sub-S09472_ses-E22444_run-1_bp-chest_vp-ap_dx,sub-S09472,probabilities/qata_test_sub-S09472_ses-E22444_run-1_bp-chest_vp-ap_dx.npy,masks/qata_test_sub-S09472_ses-E22444_run-1_bp-chest_vp-ap_dx.png,0.843210635089967,0.7289232254975477,143.54694428300385,20.86009030700534
qata_test_sub-S09472_ses-E23463_run-1_bp-chest_vp-ap_dx,sub-S09472,probabilities/qata_test_sub-S09472_ses-E23463_run-1_bp-chest_vp-ap_dx.npy,masks/qata_test_sub-S09472_ses-E23463_run-1_bp-chest_vp-ap_dx.png,0.8449352967431023,0.7315047324722715,57.12846481843336,9.863324469649646
qata_test_sub-S09474_ses-E18830_run-1_bp-chest_vp-ap_cr,sub-S09474,probabilities/qata_test_sub-S09474_ses-E18830_run-1_bp-chest_vp-ap_cr.npy,masks/qata_test_sub-S09474_ses-E18830_run-1_bp-chest_vp-ap_cr.png,0.8337028824886379,0.7148288973538931,11.0,2.7531169485465137
qata_test_sub-S09474_ses-E20874_run-1_bp-chest_vp-ap_cr,sub-S09474,probabilities/qata_test_sub-S09474_ses-E20874_run-1_bp-chest_vp-ap_cr.npy,masks/qata_test_sub-S09474_ses-E20874_run-1_bp-chest_vp-ap_cr.png,0.9080194238842675,0.8315344098106249,8.602325267042627,2.9895484445227223
qata_test_sub-S09474_ses-E21416_run-1_bp-chest_vp-pa_dx,sub-S09474,probabilities/qata_test_sub-S09474_ses-E21416_run-1_bp-chest_vp-pa_dx.npy,masks/qata_test_sub-S09474_ses-E21416_run-1_bp-chest_vp-pa_dx.png,0.6565566458562947,0.48871181939881025,41.14599488606897,9.826102760841092
qata_test_sub-S09475_ses-E18285_run-1_bp-chest_vp-ap_dx,sub-S09475,probabilities/qata_test_sub-S09475_ses-E18285_run-1_bp-chest_vp-ap_dx.npy,masks/qata_test_sub-S09475_ses-E18285_run-1_bp-chest_vp-ap_dx.png,0.976402530381271,0.9538930676968738,2.8284271247461903,0.9749604850801432
qata_test_sub-S09475_ses-E19304_run-1_bp-chest_vp-ap_dx,sub-S09475,probabilities/qata_test_sub-S09475_ses-E19304_run-1_bp-chest_vp-ap_dx.npy,masks/qata_test_sub-S09475_ses-E19304_run-1_bp-chest_vp-ap_dx.png,0.9778877710227974,0.9567322876093739,2.8284271247461903,0.969030862812956
qata_test_sub-S09475_ses-E19914_run-1_bp-chest_vp-ap_dx,sub-S09475,probabilities/qata_test_sub-S09475_ses-E19914_run-1_bp-chest_vp-ap_dx.npy,masks/qata_test_sub-S09475_ses-E19914_run-1_bp-chest_vp-ap_dx.png,0.922981811082675,0.8569788519641783,23.264226644345175,4.577842257701943
qata_test_sub-S09475_ses-E24600_run-1_bp-chest_cr,sub-S09475,probabilities/qata_test_sub-S09475_ses-E24600_run-1_bp-chest_cr.npy,masks/qata_test_sub-S09475_ses-E24600_run-1_bp-chest_cr.png,0.9693278847530341,0.9404813329221213,4.242640687119285,1.493181794061974
qata_test_sub-S09475_ses-E24606_run-1_bp-chest_vp-pa_cr,sub-S09475,probabilities/qata_test_sub-S09475_ses-E24606_run-1_bp-chest_vp-pa_cr.npy,masks/qata_test_sub-S09475_ses-E24606_run-1_bp-chest_vp-pa_cr.png,0.9388153147004372,0.8846860755775449,13.001920240520255,2.6452176180557663
qata_test_sub-S09475_ses-E25949_run-1_bp-chest_vp-ap_dx,sub-S09475,probabilities/qata_test_sub-S09475_ses-E25949_run-1_bp-chest_vp-ap_dx.npy,masks/qata_test_sub-S09475_ses-E25949_run-1_bp-chest_vp-ap_dx.png,0.953553594637222,0.9112302261737428,7.245606220104248,2.076451786320234
qata_test_sub-S09476_ses-E16307_run-1_bp-chest_vp-ap_cr,sub-S09476,probabilities/qata_test_sub-S09476_ses-E16307_run-1_bp-chest_vp-ap_cr.npy,masks/qata_test_sub-S09476_ses-E16307_run-1_bp-chest_vp-ap_cr.png,0.595268758899239,0.4237598919183192,46.89553462339613,15.868127708471711
qata_test_sub-S09477_ses-E16308_run-1_bp-chest_vp-ap_dx,sub-S09477,probabilities/qata_test_sub-S09477_ses-E16308_run-1_bp-chest_vp-ap_dx.npy,masks/qata_test_sub-S09477_ses-E16308_run-1_bp-chest_vp-ap_dx.png,0.8882852292024167,0.7990226023225472,17.0,4.058221335342141
qata_test_sub-S09478_ses-E18281_run-1_bp-chest_cr,sub-S09478,probabilities/qata_test_sub-S09478_ses-E18281_run-1_bp-chest_cr.npy,masks/qata_test_sub-S09478_ses-E18281_run-1_bp-chest_cr.png,0.8221375469641553,0.6979911320256177,36.02508531884487,5.885894857364605
qata_test_sub-S09478_ses-E19299_run-1_bp-chest_vp-ap_dx,sub-S09478,probabilities/qata_test_sub-S09478_ses-E19299_run-1_bp-chest_vp-ap_dx.npy,masks/qata_test_sub-S09478_ses-E19299_run-1_bp-chest_vp-ap_dx.png,0.9304998865615575,0.8700325272247912,10.0,2.5354702388546033
qata_test_sub-S09478_ses-E19756_run-1_bp-chest_vp-ap_dx,sub-S09478,probabilities/qata_test_sub-S09478_ses-E19756_run-1_bp-chest_vp-ap_dx.npy,masks/qata_test_sub-S09478_ses-E19756_run-1_bp-chest_vp-ap_dx.png,0.7849088803572566,0.6459670947066014,48.17466573118906,7.89852624624521
qata_test_sub-S09478_ses-E19911_run-1_bp-chest_vp-ap_dx,sub-S09478,probabilities/qata_test_sub-S09478_ses-E19911_run-1_bp-chest_vp-ap_dx.npy,masks/qata_test_sub-S09478_ses-E19911_run-1_bp-chest_vp-ap_dx.png,0.5752933340186746,0.4037977414989297,77.85689403635415,18.46939203817824
qata_test_sub-S09478_ses-E20530_run-1_bp-chest_vp-ap_cr,sub-S09478,probabilities/qata_test_sub-S09478_ses-E20530_run-1_bp-chest_vp-ap_cr.npy,masks/qata_test_sub-S09478_ses-E20530_run-1_bp-chest_vp-ap_cr.png,0.8985379883362685,0.8157684775526527,19.72794404323296,5.570803348224985
qata_test_sub-S09478_ses-E23491_run-1_bp-chest_vp-pa_cr,sub-S09478,probabilities/qata_test_sub-S09478_ses-E23491_run-1_bp-chest_vp-pa_cr.npy,masks/qata_test_sub-S09478_ses-E23491_run-1_bp-chest_vp-pa_cr.png,0.5172506017780891,0.3488455988690893,118.36447599801932,25.177200007087517
qata_test_sub-S09478_ses-E25948_run-1_bp-chest_vp-ap_dx,sub-S09478,probabilities/qata_test_sub-S09478_ses-E25948_run-1_bp-chest_vp-ap_dx.npy,masks/qata_test_sub-S09478_ses-E25948_run-1_bp-chest_vp-ap_dx.png,0.597112640594283,0.425631207377939,52.82280416950961,13.2381298738033
qata_test_sub-S09481_ses-E16313_run-1_bp-chest_vp-ap_cr,sub-S09481,probabilities/qata_test_sub-S09481_ses-E16313_run-1_bp-chest_vp-ap_cr.npy,masks/qata_test_sub-S09481_ses-E16313_run-1_bp-chest_vp-ap_cr.png,0.02419133144403834,0.01224376217877635,235.07324085614988,129.82949741426185
qata_test_sub-S09481_ses-E16761_run-1_bp-chest_vp-ap_cr,sub-S09481,probabilities/qata_test_sub-S09481_ses-E16761_run-1_bp-chest_vp-ap_cr.npy,masks/qata_test_sub-S09481_ses-E16761_run-1_bp-chest_vp-ap_cr.png,0.751876728570686,0.602405824640633,23.600847442411894,7.0214956033958
qata_test_sub-S09481_ses-E20350_run-1_bp-chest_vp-ap_cr,sub-S09481,probabilities/qata_test_sub-S09481_ses-E20350_run-1_bp-chest_vp-ap_cr.npy,masks/qata_test_sub-S09481_ses-E20350_run-1_bp-chest_vp-ap_cr.png,0.8892777291738186,0.8006301417853907,7.010660171779811,2.409983505525845
qata_test_sub-S09483_ses-E24820_acq-1_run-1_bp-chest_vp-ll_dx,sub-S09483,probabilities/qata_test_sub-S09483_ses-E24820_acq-1_run-1_bp-chest_vp-ll_dx.npy,masks/qata_test_sub-S09483_ses-E24820_acq-1_run-1_bp-chest_vp-ll_dx.png,0.760052219322715,0.6129711518255109,30.141142588749403,7.17509739991095
qata_test_sub-S09484_ses-E21303_run-1_bp-chest_vp-pa_cr,sub-S09484,probabilities/qata_test_sub-S09484_ses-E21303_run-1_bp-chest_vp-pa_cr.npy,masks/qata_test_sub-S09484_ses-E21303_run-1_bp-chest_vp-pa_cr.png,0.7570431418740472,0.6090663058239639,196.9811868120074,48.23993764408769
qata_test_sub-S09485_ses-E16317_run-1_bp-chest_vp-pa_dx,sub-S09485,probabilities/qata_test_sub-S09485_ses-E16317_run-1_bp-chest_vp-pa_dx.npy,masks/qata_test_sub-S09485_ses-E16317_run-1_bp-chest_vp-pa_dx.png,0.2975237386092437,0.17475940509241558,264.92781862341593,79.73533458951981
qata_test_sub-S09485_ses-E23553_run-1_bp-chest_vp-ap_dx,sub-S09485,probabilities/qata_test_sub-S09485_ses-E23553_run-1_bp-chest_vp-ap_dx.npy,masks/qata_test_sub-S09485_ses-E23553_run-1_bp-chest_vp-ap_dx.png,0.9604380267325846,0.923887225033826,5.0,1.8312036862234966
qata_test_sub-S09485_ses-E25698_run-1_bp-chest_vp-ap_cr,sub-S09485,probabilities/qata_test_sub-S09485_ses-E25698_run-1_bp-chest_vp-ap_cr.npy,masks/qata_test_sub-S09485_ses-E25698_run-1_bp-chest_vp-ap_cr.png,0.9546883596636904,0.9133050114669224,10.418605053722006,2.0654919833080205
qata_test_sub-S09490_ses-E16322_run-1_bp-chest_vp-pa_cr,sub-S09490,probabilities/qata_test_sub-S09490_ses-E16322_run-1_bp-chest_vp-pa_cr.npy,masks/qata_test_sub-S09490_ses-E16322_run-1_bp-chest_vp-pa_cr.png,0.8648326546840318,0.7618547681581478,10.5352261608226,3.8219406174315917
qata_test_sub-S09490_ses-E18365_run-1_bp-chest_vp-ap_dx,sub-S09490,probabilities/qata_test_sub-S09490_ses-E18365_run-1_bp-chest_vp-ap_dx.npy,masks/qata_test_sub-S09490_ses-E18365_run-1_bp-chest_vp-ap_dx.png,0.8613239049306096,0.7564257374514558,60.16431069027474,10.493196215985096
qata_test_sub-S09490_ses-E19381_run-1_bp-chest_vp-pa_cr,sub-S09490,probabilities/qata_test_sub-S09490_ses-E19381_run-1_bp-chest_vp-pa_cr.npy,masks/qata_test_sub-S09490_ses-E19381_run-1_bp-chest_vp-pa_cr.png,0.8141034562755087,0.6864877552641696,47.22710060784862,9.93383147990576
qata_test_sub-S09490_ses-E19975_run-1_bp-chest_vp-ap_dx,sub-S09490,probabilities/qata_test_sub-S09490_ses-E19975_run-1_bp-chest_vp-ap_dx.npy,masks/qata_test_sub-S09490_ses-E19975_run-1_bp-chest_vp-ap_dx.png,0.9654975219215188,0.933296480560367,4.0,1.6235860700620874
qata_test_sub-S09490_ses-E20616_run-1_bp-chest_vp-ap_dx,sub-S09490,probabilities/qata_test_sub-S09490_ses-E20616_run-1_bp-chest_vp-ap_dx.npy,masks/qata_test_sub-S09490_ses-E20616_run-1_bp-chest_vp-ap_dx.png,0.8505065952976235,0.7398968900725932,85.93599435190515,13.421757878678054
qata_test_sub-S09492_ses-E18359_run-1_bp-chest_vp-ap_dx,sub-S09492,probabilities/qata_test_sub-S09492_ses-E18359_run-1_bp-chest_vp-ap_dx.npy,masks/qata_test_sub-S09492_ses-E18359_run-1_bp-chest_vp-ap_dx.png,0.6066057624764117,0.43534395804483206,114.02521602981521,31.625098068807
qata_test_sub-S09492_ses-E19799_run-1_bp-chest_vp-ap_dx,sub-S09492,probabilities/qata_test_sub-S09492_ses-E19799_run-1_bp-chest_vp-ap_dx.npy,masks/qata_test_sub-S09492_ses-E19799_run-1_bp-chest_vp-ap_dx.png,0.5582021262339093,0.3871569908645294,214.60521821205216,62.45914037421493
qata_test_sub-S09492_ses-E19961_run-1_bp-chest_vp-ap_dx,sub-S09492,probabilities/qata_test_sub-S09492_ses-E19961_run-1_bp-chest_vp-ap_dx.npy,masks/qata_test_sub-S09492_ses-E19961_run-1_bp-chest_vp-ap_dx.png,0.7012071853537735,0.5398914880410931,19.849433241279208,7.15075390090917
qata_test_sub-S09492_ses-E20611_run-1_bp-chest_vp-ap_dx,sub-S09492,probabilities/qata_test_sub-S09492_ses-E20611_run-1_bp-chest_vp-ap_dx.npy,masks/qata_test_sub-S09492_ses-E20611_run-1_bp-chest_vp-ap_dx.png,0.6338364779897243,0.46395359543813686,193.6686455210468,51.169189901694814
qata_test_sub-S09492_ses-E21091_run-1_bp-chest_vp-ap_dx,sub-S09492,probabilities/qata_test_sub-S09492_ses-E21091_run-1_bp-chest_vp-ap_dx.npy,masks/qata_test_sub-S09492_ses-E21091_run-1_bp-chest_vp-ap_dx.png,0.49285576985011303,0.327013009103588,73.86744567547781,16.060325382432246
qata_test_sub-S09492_ses-E21310_run-1_bp-chest_vp-ap_dx,sub-S09492,probabilities/qata_test_sub-S09492_ses-E21310_run-1_bp-chest_vp-ap_dx.npy,masks/qata_test_sub-S09492_ses-E21310_run-1_bp-chest_vp-ap_dx.png,0.6607996939035623,0.4934285714430449,205.24045410623992,47.03294413442514
qata_test_sub-S09492_ses-E22550_run-1_bp-chest_vp-ap_dx,sub-S09492,probabilities/qata_test_sub-S09492_ses-E22550_run-1_bp-chest_vp-ap_dx.npy,masks/qata_test_sub-S09492_ses-E22550_run-1_bp-chest_vp-ap_dx.png,0.28156621207035715,0.16385048645253839,237.8942057142648,100.82438081188799
qata_test_sub-S09492_ses-E23563_run-1_bp-chest_vp-pa_cr,sub-S09492,probabilities/qata_test_sub-S09492_ses-E23563_run-1_bp-chest_vp-pa_cr.npy,masks/qata_test_sub-S09492_ses-E23563_run-1_bp-chest_vp-pa_cr.png,0.45651491366630276,0.29576891783369064,218.73453674018305,67.44938054693905
qata_test_sub-S09493_ses-E16325_run-1_bp-chest_vp-pa_dx,sub-S09493,probabilities/qata_test_sub-S09493_ses-E16325_run-1_bp-chest_vp-pa_dx.npy,masks/qata_test_sub-S09493_ses-E16325_run-1_bp-chest_vp-pa_dx.png,0.7191640796554374,0.5614802553812506,65.35937978513732,15.015274705551082
qata_test_sub-S09495_ses-E16327_acq-1_run-1_bp-chest_vp-ap_dx,sub-S09495,probabilities/qata_test_sub-S09495_ses-E16327_acq-1_run-1_bp-chest_vp-ap_dx.npy,masks/qata_test_sub-S09495_ses-E16327_acq-1_run-1_bp-chest_vp-ap_dx.png,0.5805985069239199,0.4090445936244035,69.9706223820658,16.56005981157479
qata_test_sub-S09495_ses-E16327_run-2_bp-chest_vp-ap_dx,sub-S09495,probabilities/qata_test_sub-S09495_ses-E16327_run-2_bp-chest_vp-ap_dx.npy,masks/qata_test_sub-S09495_ses-E16327_run-2_bp-chest_vp-ap_dx.png,0.4552942938472603,0.29474500679145016,74.2478104027649,23.023654806913626
qata_test_sub-S09495_ses-E16416_acq-2_run-1_bp-chest_vp-ap_dx,sub-S09495,probabilities/qata_test_sub-S09495_ses-E16416_acq-2_run-1_bp-chest_vp-ap_dx.npy,masks/qata_test_sub-S09495_ses-E16416_acq-2_run-1_bp-chest_vp-ap_dx.png,0.7890809715362512,0.6516380971718652,72.46753855402407,11.50976477782023
qata_test_sub-S09495_ses-E17395_run-1_bp-chest_vp-pa_dx,sub-S09495,probabilities/qata_test_sub-S09495_ses-E17395_run-1_bp-chest_vp-pa_dx.npy,masks/qata_test_sub-S09495_ses-E17395_run-1_bp-chest_vp-pa_dx.png,0.9066382187965634,0.829220697470545,13.601470508735444,3.6487723419666924
qata_test_sub-S09495_ses-E17454_run-2_bp-chest_vp-ap_dx,sub-S09495,probabilities/qata_test_sub-S09495_ses-E17454_run-2_bp-chest_vp-ap_dx.npy,masks/qata_test_sub-S09495_ses-E17454_run-2_bp-chest_vp-ap_dx.png,0.7734677848443754,0.6306135096069795,56.82645235991421,11.78858984043978
qata_test_sub-S09495_ses-E17458_acq-2_run-1_bp-chest_vp-ap_dx,sub-S09495,probabilities/qata_test_sub-S09495_ses-E17458_acq-2_run-1_bp-chest_vp-ap_dx.npy,masks/qata_test_sub-S09495_ses-E17458_acq-2_run-1_bp-chest_vp-ap_dx.png,0.9337635529191459,0.8757565505060871,10.63014581273465,2.982731210116471
qata_test_sub-S09495_ses-E17786_acq-2_run-1_bp-chest_vp-ap_dx,sub-S09495,probabilities/qata_test_sub-S09495_ses-E17786_acq-2_run-1_bp-chest_vp-ap_dx.npy,masks/qata_test_sub-S09495_ses-E17786_acq-2_run-1_bp-chest_vp-ap_dx.png,0.5202426155147684,0.3515729138917903,117.14046788512765,24.858539440420564
qata_test_sub-S09495_ses-E17935_acq-1_run-1_bp-chest_vp-ap_dx,sub-S09495,probabilities/qata_test_sub-S09495_ses-E17935_acq-1_run-1_bp-chest_vp-ap_dx.npy,masks/qata_test_sub-S09495_ses-E17935_acq-1_run-1_bp-chest_vp-ap_dx.png,0.8594028826357938,0.753467521136825,33.24154027718932,6.728678294859046
qata_test_sub-S09495_ses-E17987_acq-1_run-1_bp-chest_vp-ap_dx,sub-S09495,probabilities/qata_test_sub-S09495_ses-E17987_acq-1_run-1_bp-chest_vp-ap_dx.npy,masks/qata_test_sub-S09495_ses-E17987_acq-1_run-1_bp-chest_vp-ap_dx.png,0.821485209956971,0.6970512520489233,31.827660925679098,9.373466665847978
qata_test_sub-S09495_ses-E26654_acq-3_run-1_bp-chest_vp-ap_dx,sub-S09495,probabilities/qata_test_sub-S09495_ses-E26654_acq-3_run-1_bp-chest_vp-ap_dx.npy,masks/qata_test_sub-S09495_ses-E26654_acq-3_run-1_bp-chest_vp-ap_dx.png,0.5980245993298583,0.42655855376996793,91.706052144883,22.64576818672726
qata_test_sub-S09495_ses-E26779_acq-1_run-1_bp-chest_vp-ap_dx,sub-S09495,probabilities/qata_test_sub-S09495_ses-E26779_acq-1_run-1_bp-chest_vp-ap_dx.npy,masks/qata_test_sub-S09495_ses-E26779_acq-1_run-1_bp-chest_vp-ap_dx.png,0.6906469120164377,0.5274718625225253,75.5883270963998,21.08072327019197
qata_test_sub-S09495_ses-E27044_run-1_bp-chest_vp-ap_dx,sub-S09495,probabilities/qata_test_sub-S09495_ses-E27044_run-1_bp-chest_vp-ap_dx.npy,masks/qata_test_sub-S09495_ses-E27044_run-1_bp-chest_vp-ap_dx.png,0.8334509931124507,0.7144586195625958,36.20483077704836,8.148940891731332
qata_test_sub-S09496_ses-E16328_run-1_bp-chest_vp-pa_dx,sub-S09496,probabilities/qata_test_sub-S09496_ses-E16328_run-1_bp-chest_vp-pa_dx.npy,masks/qata_test_sub-S09496_ses-E16328_run-1_bp-chest_vp-pa_dx.png,0.7255076450147601,0.5692522534014314,109.39513659838386,15.916779848764198
qata_test_sub-S09496_ses-E20545_run-1_bp-chest_vp-ap_dx,sub-S09496,probabilities/qata_test_sub-S09496_ses-E20545_run-1_bp-chest_vp-ap_dx.npy,masks/qata_test_sub-S09496_ses-E20545_run-1_bp-chest_vp-ap_dx.png,0.9305699930701434,0.870155117249726,14.742472960385467,6.2719423398672
qata_test_sub-S09496_ses-E25100_run-1_bp-chest_vp-ap_dx,sub-S09496,probabilities/qata_test_sub-S09496_ses-E25100_run-1_bp-chest_vp-ap_dx.npy,masks/qata_test_sub-S09496_ses-E25100_run-1_bp-chest_vp-ap_dx.png,0.9103836237207432,0.8355083895028381,58.93193013776975,10.08670876847996
qata_test_sub-S09496_ses-E25324_run-1_bp-chest_vp-pa_dx,sub-S09496,probabilities/qata_test_sub-S09496_ses-E25324_run-1_bp-chest_vp-pa_dx.npy,masks/qata_test_sub-S09496_ses-E25324_run-1_bp-chest_vp-pa_dx.png,0.790517600811302,0.6535999212089667,14.265245733414124,5.175745643472805
qata_test_sub-S09496_ses-E25982_run-1_bp-chest_vp-ap_cr,sub-S09496,probabilities/qata_test_sub-S09496_ses-E25982_run-1_bp-chest_vp-ap_cr.npy,masks/qata_test_sub-S09496_ses-E25982_run-1_bp-chest_vp-ap_cr.png,0.9552835148329624,0.9143949850474051,8.0,2.6537342341341006
qata_test_sub-S09498_ses-E18844_run-1_bp-chest_vp-ap_cr,sub-S09498,probabilities/qata_test_sub-S09498_ses-E18844_run-1_bp-chest_vp-ap_cr.npy,masks/qata_test_sub-S09498_ses-E18844_run-1_bp-chest_vp-ap_cr.png,0.5460938694458631,0.375604626721859,31.240592419430882,9.003766374607345
qata_test_sub-S09498_ses-E22712_run-2_bp-chest_vp-ap_dx,sub-S09498,probabilities/qata_test_sub-S09498_ses-E22712_run-2_bp-chest_vp-ap_dx.npy,masks/qata_test_sub-S09498_ses-E22712_run-2_bp-chest_vp-ap_dx.png,1.6260162598982088e-10,1.6260162598982088e-10,543.0580079512685,543.0580079512685
qata_test_sub-S09499_ses-E16332_run-1_bp-chest_vp-ap_dx,sub-S09499,probabilities/qata_test_sub-S09499_ses-E16332_run-1_bp-chest_vp-ap_dx.npy,masks/qata_test_sub-S09499_ses-E16332_run-1_bp-chest_vp-ap_dx.png,0.8178860319042481,0.6918842463408698,64.29714452904699,12.971861300788598
qata_test_sub-S09499_ses-E16585_run-1_bp-chest_vp-ap_dx,sub-S09499,probabilities/qata_test_sub-S09499_ses-E16585_run-1_bp-chest_vp-ap_dx.npy,masks/qata_test_sub-S09499_ses-E16585_run-1_bp-chest_vp-ap_dx.png,0.8880345320547294,0.7986170053427565,29.120439557122072,5.138684126886709
qata_test_sub-S09499_ses-E16881_run-1_bp-chest_vp-ap_dx,sub-S09499,probabilities/qata_test_sub-S09499_ses-E16881_run-1_bp-chest_vp-ap_dx.npy,masks/qata_test_sub-S09499_ses-E16881_run-1_bp-chest_vp-ap_dx.png,0.8433296582143238,0.7291011343068864,54.12876505314341,8.394023434905627
qata_test_sub-S09499_ses-E18301_run-1_bp-chest_vp-ap_dx,sub-S09499,probabilities/qata_test_sub-S09499_ses-E18301_run-1_bp-chest_vp-ap_dx.npy,masks/qata_test_sub-S09499_ses-E18301_run-1_bp-chest_vp-ap_dx.png,0.9182634586756012,0.8488790233077717,27.294688127912362,4.342849457178183
qata_test_sub-S09499_ses-E19066_run-1_bp-chest_vp-ap_dx,sub-S09499,probabilities/qata_test_sub-S09499_ses-E19066_run-1_bp-chest_vp-ap_dx.npy,masks/qata_test_sub-S09499_ses-E19066_run-1_bp-chest_vp-ap_dx.png,0.9748328073553657,0.9509012913694941,4.0,1.3473834885446216
qata_test_sub-S09499_ses-E19184_run-1_bp-chest_vp-ap_dx,sub-S09499,probabilities/qata_test_sub-S09499_ses-E19184_run-1_bp-chest_vp-ap_dx.npy,masks/qata_test_sub-S09499_ses-E19184_run-1_bp-chest_vp-ap_dx.png,0.9697705525260112,0.9413151166508044,5.0990195135927845,1.745918564933086
qata_test_sub-S09499_ses-E19184_run-2_bp-chest_vp-ap_dx,sub-S09499,probabilities/qata_test_sub-S09499_ses-E19184_run-2_bp-chest_vp-ap_dx.npy,masks/qata_test_sub-S09499_ses-E19184_run-2_bp-chest_vp-ap_dx.png,0.9658280563637889,0.9339143865844718,5.0,1.6619067747898963
qata_test_sub-S09499_ses-E19570_run-1_bp-chest_vp-ap_dx,sub-S09499,probabilities/qata_test_sub-S09499_ses-E19570_run-1_bp-chest_vp-ap_dx.npy,masks/qata_test_sub-S09499_ses-E19570_run-1_bp-chest_vp-ap_dx.png,0.9715708764382177,0.9447134996268904,6.0,1.8276698744589148
qata_test_sub-S09499_ses-E20116_run-1_bp-chest_vp-ap_dx,sub-S09499,probabilities/qata_test_sub-S09499_ses-E20116_run-1_bp-chest_vp-ap_dx.npy,masks/qata_test_sub-S09499_ses-E20116_run-1_bp-chest_vp-ap_dx.png,0.9779506541800472,0.9568526785715249,3.605551275463989,1.226421323119632
qata_test_sub-S09499_ses-E20750_run-1_bp-chest_vp-ap_dx,sub-S09499,probabilities/qata_test_sub-S09499_ses-E20750_run-1_bp-chest_vp-ap_dx.npy,masks/qata_test_sub-S09499_ses-E20750_run-1_bp-chest_vp-ap_dx.png,0.9627703795517288,0.9282133488780874,7.211102550927978,1.86764288880024
qata_test_sub-S09499_ses-E20892_run-1_bp-chest_vp-ap_dx,sub-S09499,probabilities/qata_test_sub-S09499_ses-E20892_run-1_bp-chest_vp-ap_dx.npy,masks/qata_test_sub-S09499_ses-E20892_run-1_bp-chest_vp-ap_dx.png,0.9641878575206073,0.9308520512346673,5.385164807134504,1.7090844947680492
qata_test_sub-S09499_ses-E21434_run-1_bp-chest_vp-ap_dx,sub-S09499,probabilities/qata_test_sub-S09499_ses-E21434_run-1_bp-chest_vp-ap_dx.npy,masks/qata_test_sub-S09499_ses-E21434_run-1_bp-chest_vp-ap_dx.png,0.9694584929462087,0.9407272645600235,4.47213595499958,1.6639276798529332
qata_test_sub-S09499_ses-E21982_run-1_bp-chest_vp-ap_dx,sub-S09499,probabilities/qata_test_sub-S09499_ses-E21982_run-1_bp-chest_vp-ap_dx.npy,masks/qata_test_sub-S09499_ses-E21982_run-1_bp-chest_vp-ap_dx.png,0.9702618730581872,0.9422413793105054,5.0,1.4950617122763696
qata_test_sub-S09499_ses-E21985_run-1_bp-chest_vp-ap_dx,sub-S09499,probabilities/qata_test_sub-S09499_ses-E21985_run-1_bp-chest_vp-ap_dx.npy,masks/qata_test_sub-S09499_ses-E21985_run-1_bp-chest_vp-ap_dx.png,0.9409743955516952,0.888528465789129,10.007481343168138,3.0815314553668673
qata_test_sub-S09499_ses-E22280_run-1_bp-chest_vp-ap_dx,sub-S09499,probabilities/qata_test_sub-S09499_ses-E22280_run-1_bp-chest_vp-ap_dx.npy,masks/qata_test_sub-S09499_ses-E22280_run-1_bp-chest_vp-ap_dx.png,0.8915630329394455,0.8043425647415402,51.7405617715471,8.578030952609693
qata_test_sub-S09499_ses-E23231_run-1_bp-chest_vp-ap_dx,sub-S09499,probabilities/qata_test_sub-S09499_ses-E23231_run-1_bp-chest_vp-ap_dx.npy,masks/qata_test_sub-S09499_ses-E23231_run-1_bp-chest_vp-ap_dx.png,0.9678946394097693,0.9377866605172374,5.0990195135927845,1.7198556534253149
qata_test_sub-S09499_ses-E23710_run-1_bp-chest_vp-ap_cr,sub-S09499,probabilities/qata_test_sub-S09499_ses-E23710_run-1_bp-chest_vp-ap_cr.npy,masks/qata_test_sub-S09499_ses-E23710_run-1_bp-chest_vp-ap_cr.png,0.8425562299181675,0.727945712523973,26.405490580477583,5.76545368489108
qata_test_sub-S09499_ses-E24400_run-1_bp-chest_vp-ap_dx,sub-S09499,probabilities/qata_test_sub-S09499_ses-E24400_run-1_bp-chest_vp-ap_dx.npy,masks/qata_test_sub-S09499_ses-E24400_run-1_bp-chest_vp-ap_dx.png,0.9322929597447156,0.8731730002660263,25.826081903255286,4.426918847027134
qata_test_sub-S09499_ses-E24779_run-1_bp-chest_vp-ap_dx,sub-S09499,probabilities/qata_test_sub-S09499_ses-E24779_run-1_bp-chest_vp-ap_dx.npy,masks/qata_test_sub-S09499_ses-E24779_run-1_bp-chest_vp-ap_dx.png,0.9711486971854357,0.9439155051160436,3.605551275463989,1.502719984751423
qata_test_sub-S09499_ses-E25501_run-1_bp-chest_vp-ap_dx,sub-S09499,probabilities/qata_test_sub-S09499_ses-E25501_run-1_bp-chest_vp-ap_dx.npy,masks/qata_test_sub-S09499_ses-E25501_run-1_bp-chest_vp-ap_dx.png,0.9687319799941527,0.9393600511230159,5.0,1.7452840508397294
qata_test_sub-S09499_ses-E25990_run-1_bp-chest_vp-ap_dx,sub-S09499,probabilities/qata_test_sub-S09499_ses-E25990_run-1_bp-chest_vp-ap_dx.npy,masks/qata_test_sub-S09499_ses-E25990_run-1_bp-chest_vp-ap_dx.png,0.9488644755229447,0.9027042216988334,10.44030650891055,2.877106684536627
qata_test_sub-S09499_ses-E26416_run-1_bp-chest_vp-ap_dx,sub-S09499,probabilities/qata_test_sub-S09499_ses-E26416_run-1_bp-chest_vp-ap_dx.npy,masks/qata_test_sub-S09499_ses-E26416_run-1_bp-chest_vp-ap_dx.png,0.9623423784062349,0.9274180214936577,7.0,2.2708228723080737
qata_test_sub-S09499_ses-E26529_run-1_bp-chest_vp-pa_dx,sub-S09499,probabilities/qata_test_sub-S09499_ses-E26529_run-1_bp-chest_vp-pa_dx.npy,masks/qata_test_sub-S09499_ses-E26529_run-1_bp-chest_vp-pa_dx.png,2.1294718909256925e-11,2.1294718909256925e-11,177.01553345619757,151.31510403256482
qata_test_sub-S09500_ses-E19082_run-1_bp-chest_vp-pa_dx,sub-S09500,probabilities/qata_test_sub-S09500_ses-E19082_run-1_bp-chest_vp-pa_dx.npy,masks/qata_test_sub-S09500_ses-E19082_run-1_bp-chest_vp-pa_dx.png,0.8442589694554903,0.730491474425973,15.524174696260024,4.311948306619524
qata_test_sub-S09500_ses-E19336_run-1_bp-chest_vp-ap_dx,sub-S09500,probabilities/qata_test_sub-S09500_ses-E19336_run-1_bp-chest_vp-ap_dx.npy,masks/qata_test_sub-S09500_ses-E19336_run-1_bp-chest_vp-ap_dx.png,0.838994057224452,0.7226440677984906,23.323807579381203,4.927529786478855
qata_test_sub-S09501_ses-E16335_acq-1_run-1_bp-chest_vp-pa_dx,sub-S09501,probabilities/qata_test_sub-S09501_ses-E16335_acq-1_run-1_bp-chest_vp-pa_dx.npy,masks/qata_test_sub-S09501_ses-E16335_acq-1_run-1_bp-chest_vp-pa_dx.png,0.8245900715623791,0.7015340364362268,21.118659174902483,6.938240203689022
qata_test_sub-S09502_ses-E18422_run-1_bp-chest_vp-ap_dx,sub-S09502,probabilities/qata_test_sub-S09502_ses-E18422_run-1_bp-chest_vp-ap_dx.npy,masks/qata_test_sub-S09502_ses-E18422_run-1_bp-chest_vp-ap_dx.png,0.6913604188917738,0.5283046828759883,182.21182145285817,27.43446896415529
qata_test_sub-S09502_ses-E19402_run-1_bp-chest_vp-pa_cr,sub-S09502,probabilities/qata_test_sub-S09502_ses-E19402_run-1_bp-chest_vp-pa_cr.npy,masks/qata_test_sub-S09502_ses-E19402_run-1_bp-chest_vp-pa_cr.png,0.7721412769870155,0.6288518886726038,28.359069525492203,7.273390035768794
qata_test_sub-S09502_ses-E19818_run-1_bp-chest_vp-ap_dx,sub-S09502,probabilities/qata_test_sub-S09502_ses-E19818_run-1_bp-chest_vp-ap_dx.npy,masks/qata_test_sub-S09502_ses-E19818_run-1_bp-chest_vp-ap_dx.png,0.68715628880749,0.5234105803694115,51.04897351303865,12.679205353596238
qata_test_sub-S09502_ses-E21131_run-1_bp-chest_vp-ap_dx,sub-S09502,probabilities/qata_test_sub-S09502_ses-E21131_run-1_bp-chest_vp-ap_dx.npy,masks/qata_test_sub-S09502_ses-E21131_run-1_bp-chest_vp-ap_dx.png,0.6832621752682303,0.5189052539072443,156.23219661769906,43.98669525610355
qata_test_sub-S09502_ses-E21134_run-1_bp-chest_vp-ap_dx,sub-S09502,probabilities/qata_test_sub-S09502_ses-E21134_run-1_bp-chest_vp-ap_dx.npy,masks/qata_test_sub-S09502_ses-E21134_run-1_bp-chest_vp-ap_dx.png,0.7176047904214163,0.559581621223265,153.95518734862625,45.291118623512325
qata_test_sub-S09502_ses-E21334_run-1_bp-chest_vp-ap_dx,sub-S09502,probabilities/qata_test_sub-S09502_ses-E21334_run-1_bp-chest_vp-ap_dx.npy,masks/qata_test_sub-S09502_ses-E21334_run-1_bp-chest_vp-ap_dx.png,0.8686791975199755,0.7678451555183726,12.719822666060006,3.76803526895139
qata_test_sub-S09503_ses-E16337_run-1_bp-chest_vp-ap_dx,sub-S09503,probabilities/qata_test_sub-S09503_ses-E16337_run-1_bp-chest_vp-ap_dx.npy,masks/qata_test_sub-S09503_ses-E16337_run-1_bp-chest_vp-ap_dx.png,0.5979335130323682,0.42646587633088007,51.94466186044879,11.082166557391238
qata_test_sub-S09504_ses-E16338_run-1_bp-chest_vp-ap_dx,sub-S09504,probabilities/qata_test_sub-S09504_ses-E16338_run-1_bp-chest_vp-ap_dx.npy,masks/qata_test_sub-S09504_ses-E16338_run-1_bp-chest_vp-ap_dx.png,0.6667137509718984,0.5000529717148707,41.133898916986446,9.44656331102607
qata_test_sub-S09504_ses-E16450_acq-1_run-1_bp-chest_vp-ap_dx,sub-S09504,probabilities/qata_test_sub-S09504_ses-E16450_acq-1_run-1_bp-chest_vp-ap_dx.npy,masks/qata_test_sub-S09504_ses-E16450_acq-1_run-1_bp-chest_vp-ap_dx.png,0.9288616677569743,0.8671724648413502,19.0,4.1970833647278685
qata_test_sub-S09504_ses-E16697_acq-1_run-1_bp-chest_vp-ap_dx,sub-S09504,probabilities/qata_test_sub-S09504_ses-E16697_acq-1_run-1_bp-chest_vp-ap_dx.npy,masks/qata_test_sub-S09504_ses-E16697_acq-1_run-1_bp-chest_vp-ap_dx.png,0.9420579812483973,0.8904627706915957,8.48528137423857,2.545343190289742
qata_test_sub-S09504_ses-E16804_run-1_bp-chest_vp-pa_dx,sub-S09504,probabilities/qata_test_sub-S09504_ses-E16804_run-1_bp-chest_vp-pa_dx.npy,masks/qata_test_sub-S09504_ses-E16804_run-1_bp-chest_vp-pa_dx.png,0.9130918743044929,0.8400819284707732,19.924858845171276,3.734163387393992
qata_test_sub-S09504_ses-E24549_run-1_bp-chest_vp-ap_dx,sub-S09504,probabilities/qata_test_sub-S09504_ses-E24549_run-1_bp-chest_vp-ap_dx.npy,masks/qata_test_sub-S09504_ses-E24549_run-1_bp-chest_vp-ap_dx.png,0.7803231597861378,0.6397786151714581,28.27693968716793,5.687627840115475
qata_test_sub-S09505_ses-E16339_run-1_bp-chest_cr,sub-S09505,probabilities/qata_test_sub-S09505_ses-E16339_run-1_bp-chest_cr.npy,masks/qata_test_sub-S09505_ses-E16339_run-1_bp-chest_cr.png,0.9362219362220883,0.8800914101363082,43.09175118770625,5.233239279877422
qata_test_sub-S09505_ses-E17029_run-1_bp-chest_cr,sub-S09505,probabilities/qata_test_sub-S09505_ses-E17029_run-1_bp-chest_cr.npy,masks/qata_test_sub-S09505_ses-E17029_run-1_bp-chest_cr.png,0.9247633283509284,0.8600556070440992,46.135653904462615,6.539150934516983
qata_test_sub-S09505_ses-E17030_run-1_bp-chest_cr,sub-S09505,probabilities/qata_test_sub-S09505_ses-E17030_run-1_bp-chest_cr.npy,masks/qata_test_sub-S09505_ses-E17030_run-1_bp-chest_cr.png,0.9744184218799622,0.9501130311508099,3.0,1.1050242521580602
qata_test_sub-S09505_ses-E17105_acq-1_run-1_bp-chest_cr,sub-S09505,probabilities/qata_test_sub-S09505_ses-E17105_acq-1_run-1_bp-chest_cr.npy,masks/qata_test_sub-S09505_ses-E17105_acq-1_run-1_bp-chest_cr.png,0.6576363020714928,0.4899091826566623,32.283121189104854,6.499961388953729
qata_test_sub-S09505_ses-E17135_run-1_bp-chest_cr,sub-S09505,probabilities/qata_test_sub-S09505_ses-E17135_run-1_bp-chest_cr.npy,masks/qata_test_sub-S09505_ses-E17135_run-1_bp-chest_cr.png,0.8156800182336296,0.6887328009266935,68.1670512785746,8.502811885786699
qata_test_sub-S09505_ses-E17698_run-1_bp-chest_cr,sub-S09505,probabilities/qata_test_sub-S09505_ses-E17698_run-1_bp-chest_cr.npy,masks/qata_test_sub-S09505_ses-E17698_run-1_bp-chest_cr.png,0.9056716280992003,0.827604996228403,12.083045973594572,3.5385203284066327
qata_test_sub-S09508_ses-E17598_run-1_bp-chest_vp-pa_dx,sub-S09508,probabilities/qata_test_sub-S09508_ses-E17598_run-1_bp-chest_vp-pa_dx.npy,masks/qata_test_sub-S09508_ses-E17598_run-1_bp-chest_vp-pa_dx.png,0.6494860718035939,0.4809177145435592,168.02913645182582,43.356650718072245
qata_test_sub-S09509_ses-E16343_run-1_bp-chest_vp-pa_cr,sub-S09509,probabilities/qata_test_sub-S09509_ses-E16343_run-1_bp-chest_vp-pa_cr.npy,masks/qata_test_sub-S09509_ses-E16343_run-1_bp-chest_vp-pa_cr.png,0.6471514590120689,0.47836209258451984,173.33983477699866,40.81876645507735
qata_test_sub-S09509_ses-E22006_run-1_bp-chest_vp-ap_cr,sub-S09509,probabilities/qata_test_sub-S09509_ses-E22006_run-1_bp-chest_vp-ap_cr.npy,masks/qata_test_sub-S09509_ses-E22006_run-1_bp-chest_vp-ap_cr.png,0.7901023890793512,0.6530324400587478,45.11097291291632,9.047668725706925
qata_test_sub-S09509_ses-E22315_run-1_bp-chest_vp-pa_cr,sub-S09509,probabilities/qata_test_sub-S09509_ses-E22315_run-1_bp-chest_vp-pa_cr.npy,masks/qata_test_sub-S09509_ses-E22315_run-1_bp-chest_vp-pa_cr.png,0.4507960014849996,0.29098556544029264,51.3298018473796,14.853844989039112
qata_test_sub-S09509_ses-E22760_run-1_bp-chest_vp-pa_cr,sub-S09509,probabilities/qata_test_sub-S09509_ses-E22760_run-1_bp-chest_vp-pa_cr.npy,masks/qata_test_sub-S09509_ses-E22760_run-1_bp-chest_vp-pa_cr.png,0.8018156095272234,0.6691921676702824,36.038862137079214,5.925150481881719
qata_test_sub-S09510_ses-E23748_run-1_bp-chest_vp-pa_dx,sub-S09510,probabilities/qata_test_sub-S09510_ses-E23748_run-1_bp-chest_vp-pa_dx.npy,masks/qata_test_sub-S09510_ses-E23748_run-1_bp-chest_vp-pa_dx.png,0.6906242429161704,0.5274454175462262,27.256128313862334,8.363414043925081
qata_test_sub-S09510_ses-E24663_run-1_bp-chest_vp-ap_dx,sub-S09510,probabilities/qata_test_sub-S09510_ses-E24663_run-1_bp-chest_vp-ap_dx.npy,masks/qata_test_sub-S09510_ses-E24663_run-1_bp-chest_vp-ap_dx.png,0.7696886719461296,0.6256047996939654,139.70543519510838,23.088432643018884
qata_test_sub-S09510_ses-E26286_run-2_bp-chest_vp-pa_dx,sub-S09510,probabilities/qata_test_sub-S09510_ses-E26286_run-2_bp-chest_vp-pa_dx.npy,masks/qata_test_sub-S09510_ses-E26286_run-2_bp-chest_vp-pa_dx.png,0.7825213991346163,0.6427393455460225,21.02379604162864,6.900351525709314
qata_test_sub-S09511_ses-E16345_run-1_bp-chest_dx,sub-S09511,probabilities/qata_test_sub-S09511_ses-E16345_run-1_bp-chest_dx.npy,masks/qata_test_sub-S09511_ses-E16345_run-1_bp-chest_dx.png,0.6798540737764098,0.5149840334129823,145.29426468194353,32.75268457487299
qata_test_sub-S09512_ses-E16346_run-1_bp-chest_vp-pa_dx,sub-S09512,probabilities/qata_test_sub-S09512_ses-E16346_run-1_bp-chest_vp-pa_dx.npy,masks/qata_test_sub-S09512_ses-E16346_run-1_bp-chest_vp-pa_dx.png,0.6081958488599446,0.4369837870994649,187.6832437912346,52.96511896241045
qata_test_sub-S09512_ses-E18948_run-1_bp-chest_vp-ap_cr,sub-S09512,probabilities/qata_test_sub-S09512_ses-E18948_run-1_bp-chest_vp-ap_cr.npy,masks/qata_test_sub-S09512_ses-E18948_run-1_bp-chest_vp-ap_cr.png,0.8676933377975639,0.7663059547054207,31.714974547481642,5.577792814707078
qata_test_sub-S09512_ses-E20933_run-1_bp-chest_vp-ap_dx,sub-S09512,probabilities/qata_test_sub-S09512_ses-E20933_run-1_bp-chest_vp-ap_dx.npy,masks/qata_test_sub-S09512_ses-E20933_run-1_bp-chest_vp-ap_dx.png,0.805483970725336,0.6743182602711177,19.6468827043885,6.530662582119891
qata_test_sub-S09512_ses-E21506_run-1_bp-chest_vp-pa_dx,sub-S09512,probabilities/qata_test_sub-S09512_ses-E21506_run-1_bp-chest_vp-pa_dx.npy,masks/qata_test_sub-S09512_ses-E21506_run-1_bp-chest_vp-pa_dx.png,0.8568052664157519,0.7494832168532853,19.0,5.528179328553946
qata_test_sub-S09512_ses-E22796_run-1_bp-chest_vp-ap_dx,sub-S09512,probabilities/qata_test_sub-S09512_ses-E22796_run-1_bp-chest_vp-ap_dx.npy,masks/qata_test_sub-S09512_ses-E22796_run-1_bp-chest_vp-ap_dx.png,0.5627538193789876,0.39155005382458796,95.06834750674382,22.40138797516722
qata_test_sub-S09512_ses-E27152_run-1_bp-chest_vp-pa_dx,sub-S09512,probabilities/qata_test_sub-S09512_ses-E27152_run-1_bp-chest_vp-pa_dx.npy,masks/qata_test_sub-S09512_ses-E27152_run-1_bp-chest_vp-pa_dx.png,0.6128517976261173,0.44180700849349436,205.8436571623964,43.20381952662776
qata_test_sub-S09513_ses-E16347_acq-1_run-1_bp-chest_vp-ll_cr,sub-S09513,probabilities/qata_test_sub-S09513_ses-E16347_acq-1_run-1_bp-chest_vp-ll_cr.npy,masks/qata_test_sub-S09513_ses-E16347_acq-1_run-1_bp-chest_vp-ll_cr.png,0.782695035462534,0.6429736658163251,32.46611343612942,6.197370580908747
qata_test_sub-S09514_ses-E19827_run-1_bp-chest_vp-ap_dx,sub-S09514,probabilities/qata_test_sub-S09514_ses-E19827_run-1_bp-chest_vp-ap_dx.npy,masks/qata_test_sub-S09514_ses-E19827_run-1_bp-chest_vp-ap_dx.png,0.9304933211579551,0.8700210476157817,10.686219333348406,3.096594476495165
qata_test_sub-S09514_ses-E19991_run-1_bp-chest_vp-ap_dx,sub-S09514,probabilities/qata_test_sub-S09514_ses-E19991_run-1_bp-chest_vp-ap_dx.npy,masks/qata_test_sub-S09514_ses-E19991_run-1_bp-chest_vp-ap_dx.png,0.7515937568705519,0.6020426131384514,177.4995740429913,35.28866298690786
qata_test_sub-S09514_ses-E20658_run-1_bp-chest_vp-ap_dx,sub-S09514,probabilities/qata_test_sub-S09514_ses-E20658_run-1_bp-chest_vp-ap_dx.npy,masks/qata_test_sub-S09514_ses-E20658_run-1_bp-chest_vp-ap_dx.png,0.7043078690424796,0.5435765582095613,206.196508214858,32.72601753472544
qata_test_sub-S09514_ses-E21147_run-1_bp-chest_vp-ap_dx,sub-S09514,probabilities/qata_test_sub-S09514_ses-E21147_run-1_bp-chest_vp-ap_dx.npy,masks/qata_test_sub-S09514_ses-E21147_run-1_bp-chest_vp-ap_dx.png,0.7930899096988441,0.6571242680578387,31.25277699317875,7.096549427816255
qata_test_sub-S09514_ses-E22589_run-1_bp-chest_dx,sub-S09514,probabilities/qata_test_sub-S09514_ses-E22589_run-1_bp-chest_dx.npy,masks/qata_test_sub-S09514_ses-E22589_run-1_bp-chest_dx.png,0.7562983287613025,0.6081026875276903,29.0,7.483753753515946
qata_test_sub-S09515_ses-E18411_run-1_bp-chest_vp-pa_cr,sub-S09515,probabilities/qata_test_sub-S09515_ses-E18411_run-1_bp-chest_vp-pa_cr.npy,masks/qata_test_sub-S09515_ses-E18411_run-1_bp-chest_vp-pa_cr.png,0.5199599549523216,0.3513147882019843,38.62641583165593,10.83365458834038
qata_test_sub-S09515_ses-E19825_run-1_bp-chest_vp-ap_dx,sub-S09515,probabilities/qata_test_sub-S09515_ses-E19825_run-1_bp-chest_vp-ap_dx.npy,masks/qata_test_sub-S09515_ses-E19825_run-1_bp-chest_vp-ap_dx.png,0.8624004591439042,0.7580879107034239,21.213203435596427,4.874138737004421
qata_test_sub-S09515_ses-E19999_run-1_bp-chest_vp-ap_dx,sub-S09515,probabilities/qata_test_sub-S09515_ses-E19999_run-1_bp-chest_vp-ap_dx.npy,masks/qata_test_sub-S09515_ses-E19999_run-1_bp-chest_vp-ap_dx.png,0.8848371188446036,0.7934599813155188,16.76305461424021,3.7621284000029855
qata_test_sub-S09515_ses-E20650_run-1_bp-chest_vp-ap_dx,sub-S09515,probabilities/qata_test_sub-S09515_ses-E20650_run-1_bp-chest_vp-ap_dx.npy,masks/qata_test_sub-S09515_ses-E20650_run-1_bp-chest_vp-ap_dx.png,0.9186255619784245,0.8494981291212835,9.219544457292887,2.9501871488270752
qata_test_sub-S09516_ses-E16351_run-1_bp-chest_vp-pa_cr,sub-S09516,probabilities/qata_test_sub-S09516_ses-E16351_run-1_bp-chest_vp-pa_cr.npy,masks/qata_test_sub-S09516_ses-E16351_run-1_bp-chest_vp-pa_cr.png,0.9127537264081174,0.8395096387804627,17.0,4.104031709311488
qata_test_sub-S09516_ses-E17333_run-1_bp-chest_vp-pa_cr,sub-S09516,probabilities/qata_test_sub-S09516_ses-E17333_run-1_bp-chest_vp-pa_cr.npy,masks/qata_test_sub-S09516_ses-E17333_run-1_bp-chest_vp-pa_cr.png,0.70632294025559,0.5459808805739464,61.82796194962559,11.132773417652903
qata_test_sub-S09516_ses-E17533_run-1_bp-chest_vp-pa_cr,sub-S09516,probabilities/qata_test_sub-S09516_ses-E17533_run-1_bp-chest_vp-pa_cr.npy,masks/qata_test_sub-S09516_ses-E17533_run-1_bp-chest_vp-pa_cr.png,0.7980945687407829,0.6640244298637904,44.48802065384631,8.626490094611063
qata_test_sub-S09516_ses-E18425_run-1_bp-chest_vp-ap_dx,sub-S09516,probabilities/qata_test_sub-S09516_ses-E18425_run-1_bp-chest_vp-ap_dx.npy,masks/qata_test_sub-S09516_ses-E18425_run-1_bp-chest_vp-ap_dx.png,0.9271350788521939,0.86416757653013,14.905929224093338,3.520974362203462
qata_test_sub-S09516_ses-E19404_run-1_bp-chest_vp-ap_dx,sub-S09516,probabilities/qata_test_sub-S09516_ses-E19404_run-1_bp-chest_vp-ap_dx.npy,masks/qata_test_sub-S09516_ses-E19404_run-1_bp-chest_vp-ap_dx.png,0.8241961705206282,0.7009640127522335,65.99848450049413,12.254433995977104
qata_test_sub-S09516_ses-E19824_run-1_bp-chest_vp-ap_dx,sub-S09516,probabilities/qata_test_sub-S09516_ses-E19824_run-1_bp-chest_vp-ap_dx.npy,masks/qata_test_sub-S09516_ses-E19824_run-1_bp-chest_vp-ap_dx.png,0.9112372195486166,0.836947437871841,13.659665204878262,3.7440990699272083
qata_test_sub-S09516_ses-E19997_run-1_bp-chest_vp-ap_dx,sub-S09516,probabilities/qata_test_sub-S09516_ses-E19997_run-1_bp-chest_vp-ap_dx.npy,masks/qata_test_sub-S09516_ses-E19997_run-1_bp-chest_vp-ap_dx.png,0.9328131227320856,0.8740860130518355,11.180339887498949,3.1243126742665863
qata_test_sub-S09516_ses-E20645_run-1_bp-chest_vp-ap_dx,sub-S09516,probabilities/qata_test_sub-S09516_ses-E20645_run-1_bp-chest_vp-ap_dx.npy,masks/qata_test_sub-S09516_ses-E20645_run-1_bp-chest_vp-ap_dx.png,0.9386720729854652,0.8844317096471903,9.848857801796104,2.5771486342081147
qata_test_sub-S09516_ses-E23613_run-1_bp-chest_vp-ap_dx,sub-S09516,probabilities/qata_test_sub-S09516_ses-E23613_run-1_bp-chest_vp-ap_dx.npy,masks/qata_test_sub-S09516_ses-E23613_run-1_bp-chest_vp-ap_dx.png,0.931238364123793,0.8713246554369398,13.892443989449804,3.3451505821557173
qata_test_sub-S09516_ses-E24264_run-1_bp-chest_vp-ap_cr,sub-S09516,probabilities/qata_test_sub-S09516_ses-E24264_run-1_bp-chest_vp-ap_cr.npy,masks/qata_test_sub-S09516_ses-E24264_run-1_bp-chest_vp-ap_cr.png,0.9284903022891654,0.8665253373563271,11.180339887498949,3.1012090830069
qata_test_sub-S09516_ses-E24690_run-1_bp-chest_vp-ap_dx,sub-S09516,probabilities/qata_test_sub-S09516_ses-E24690_run-1_bp-chest_vp-ap_dx.npy,masks/qata_test_sub-S09516_ses-E24690_run-1_bp-chest_vp-ap_dx.png,0.7195295153133173,0.5619258888972007,61.33921381982931,12.502974213338886
qata_test_sub-S09516_ses-E25183_run-1_bp-chest_cr,sub-S09516,probabilities/qata_test_sub-S09516_ses-E25183_run-1_bp-chest_cr.npy,masks/qata_test_sub-S09516_ses-E25183_run-1_bp-chest_cr.png,0.9057154438593201,0.8276781745456536,14.0,5.848329106448684
qata_test_sub-S09516_ses-E26091_run-1_bp-chest_vp-ap_dx,sub-S09516,probabilities/qata_test_sub-S09516_ses-E26091_run-1_bp-chest_vp-ap_dx.npy,masks/qata_test_sub-S09516_ses-E26091_run-1_bp-chest_vp-ap_dx.png,0.9366296626188076,0.8808122905945869,13.960613552451253,2.8164860885171863
qata_test_sub-S09516_ses-E26485_run-1_bp-chest_vp-ap_dx,sub-S09516,probabilities/qata_test_sub-S09516_ses-E26485_run-1_bp-chest_vp-ap_dx.npy,masks/qata_test_sub-S09516_ses-E26485_run-1_bp-chest_vp-ap_dx.png,0.9105747439597882,0.8358303967265299,18.384776310850235,4.7136760437298095
qata_test_sub-S09517_ses-E16352_run-1_bp-chest_vp-pa_cr,sub-S09517,probabilities/qata_test_sub-S09517_ses-E16352_run-1_bp-chest_vp-pa_cr.npy,masks/qata_test_sub-S09517_ses-E16352_run-1_bp-chest_vp-pa_cr.png,0.5163643343937386,0.3480398499243364,227.12606572148513,65.07020316448248
qata_test_sub-S09517_ses-E18424_run-1_bp-chest_vp-ap_dx,sub-S09517,probabilities/qata_test_sub-S09517_ses-E18424_run-1_bp-chest_vp-ap_dx.npy,masks/qata_test_sub-S09517_ses-E18424_run-1_bp-chest_vp-ap_dx.png,0.9448717432449868,0.895504159988186,10.331799232967889,2.9031035298386336
qata_test_sub-S09517_ses-E19659_run-1_bp-chest_vp-ap_dx,sub-S09517,probabilities/qata_test_sub-S09517_ses-E19659_run-1_bp-chest_vp-ap_dx.npy,masks/qata_test_sub-S09517_ses-E19659_run-1_bp-chest_vp-ap_dx.png,0.776885379799036,0.6351697273246701,44.91102314577124,8.875551624208914
qata_test_sub-S09517_ses-E19816_run-1_bp-chest_vp-ap_dx,sub-S09517,probabilities/qata_test_sub-S09517_ses-E19816_run-1_bp-chest_vp-ap_dx.npy,masks/qata_test_sub-S09517_ses-E19816_run-1_bp-chest_vp-ap_dx.png,0.8272402145846054,0.7053790766649269,13.038404810405298,3.6426911916684195
qata_test_sub-S09517_ses-E19993_run-1_bp-chest_vp-ap_dx,sub-S09517,probabilities/qata_test_sub-S09517_ses-E19993_run-1_bp-chest_vp-ap_dx.npy,masks/qata_test_sub-S09517_ses-E19993_run-1_bp-chest_vp-ap_dx.png,0.7525066415298975,0.6032149481376436,47.106219802819666,9.500847844520054
qata_test_sub-S09517_ses-E20646_run-1_bp-chest_vp-ap_dx,sub-S09517,probabilities/qata_test_sub-S09517_ses-E20646_run-1_bp-chest_vp-ap_dx.npy,masks/qata_test_sub-S09517_ses-E20646_run-1_bp-chest_vp-ap_dx.png,0.7286336554355164,0.5731106998008384,31.144823004794873,9.448684622720283
qata_test_sub-S09517_ses-E21347_run-1_bp-chest_vp-ap_dx,sub-S09517,probabilities/qata_test_sub-S09517_ses-E21347_run-1_bp-chest_vp-ap_dx.npy,masks/qata_test_sub-S09517_ses-E21347_run-1_bp-chest_vp-ap_dx.png,0.7943813222115289,0.6588993160503464,33.108910636266636,6.3273492810088445
qata_test_sub-S09517_ses-E23607_run-1_bp-chest_vp-ap_dx,sub-S09517,probabilities/qata_test_sub-S09517_ses-E23607_run-1_bp-chest_vp-ap_dx.npy,masks/qata_test_sub-S09517_ses-E23607_run-1_bp-chest_vp-ap_dx.png,0.9607542765438218,0.9244726775000018,5.0,1.7286459498508142
qata_test_sub-S09517_ses-E25763_run-1_bp-chest_vp-ap_dx,sub-S09517,probabilities/qata_test_sub-S09517_ses-E25763_run-1_bp-chest_vp-ap_dx.npy,masks/qata_test_sub-S09517_ses-E25763_run-1_bp-chest_vp-ap_dx.png,0.7045362984461182,0.543848737407987,60.2108792853294,15.248979318623094
qata_test_sub-S09517_ses-E26089_run-1_bp-chest_vp-ap_dx,sub-S09517,probabilities/qata_test_sub-S09517_ses-E26089_run-1_bp-chest_vp-ap_dx.npy,masks/qata_test_sub-S09517_ses-E26089_run-1_bp-chest_vp-ap_dx.png,0.872685234741554,0.7741273880520562,24.74057005834435,5.901534861853151
qata_test_sub-S09517_ses-E26487_run-1_bp-chest_vp-ap_dx,sub-S09517,probabilities/qata_test_sub-S09517_ses-E26487_run-1_bp-chest_vp-ap_dx.npy,masks/qata_test_sub-S09517_ses-E26487_run-1_bp-chest_vp-ap_dx.png,0.9544758645534166,0.9129161462599039,5.385164807134504,3.261844119353668
qata_test_sub-S09518_ses-E16354_run-1_bp-chest_vp-ap_dx,sub-S09518,probabilities/qata_test_sub-S09518_ses-E16354_run-1_bp-chest_vp-ap_dx.npy,masks/qata_test_sub-S09518_ses-E16354_run-1_bp-chest_vp-ap_dx.png,0.5781341351409159,0.4066024436159938,157.16930477042027,40.405499228406214
qata_test_sub-S09518_ses-E17537_run-1_bp-chest_vp-ap_dx,sub-S09518,probabilities/qata_test_sub-S09518_ses-E17537_run-1_bp-chest_vp-ap_dx.npy,masks/qata_test_sub-S09518_ses-E17537_run-1_bp-chest_vp-ap_dx.png,0.6876382403577336,0.5239700374620979,19.258500638767366,5.683094428720364
qata_test_sub-S09518_ses-E18161_run-1_bp-chest_vp-ap_dx,sub-S09518,probabilities/qata_test_sub-S09518_ses-E18161_run-1_bp-chest_vp-ap_dx.npy,masks/qata_test_sub-S09518_ses-E18161_run-1_bp-chest_vp-ap_dx.png,0.8977565724477752,0.8144812207607255,21.23203871154558,4.7611751437679635
qata_test_sub-S09520_ses-E18447_run-1_bp-chest_vp-ap_dx,sub-S09520,probabilities/qata_test_sub-S09520_ses-E18447_run-1_bp-chest_vp-ap_dx.npy,masks/qata_test_sub-S09520_ses-E18447_run-1_bp-chest_vp-ap_dx.png,0.8289228258340262,0.7078293763391179,55.46272338548096,9.59521945007265
qata_test_sub-S09520_ses-E19442_run-1_bp-chest_vp-ap_dx,sub-S09520,probabilities/qata_test_sub-S09520_ses-E19442_run-1_bp-chest_vp-ap_dx.npy,masks/qata_test_sub-S09520_ses-E19442_run-1_bp-chest_vp-ap_dx.png,0.9693064504954634,0.9404409787579975,4.0,1.216951078029505
qata_test_sub-S09520_ses-E19841_run-1_bp-chest_vp-ap_dx,sub-S09520,probabilities/qata_test_sub-S09520_ses-E19841_run-1_bp-chest_vp-ap_dx.npy,masks/qata_test_sub-S09520_ses-E19841_run-1_bp-chest_vp-ap_dx.png,0.7217824206328174,0.5646788405084621,31.064449134018133,7.30305337739821
qata_test_sub-S09520_ses-E20016_run-1_bp-chest_vp-ap_dx,sub-S09520,probabilities/qata_test_sub-S09520_ses-E20016_run-1_bp-chest_vp-ap_dx.npy,masks/qata_test_sub-S09520_ses-E20016_run-1_bp-chest_vp-ap_dx.png,0.8883889852561568,0.7991905203111173,26.92582403567252,4.933132746678137
qata_test_sub-S09520_ses-E20681_run-1_bp-chest_vp-ap_dx,sub-S09520,probabilities/qata_test_sub-S09520_ses-E20681_run-1_bp-chest_vp-ap_dx.npy,masks/qata_test_sub-S09520_ses-E20681_run-1_bp-chest_vp-ap_dx.png,0.7918296719839308,0.6553957282542163,29.667190063399943,6.908343985075762
qata_test_sub-S09520_ses-E22605_run-1_bp-chest_vp-ap_dx,sub-S09520,probabilities/qata_test_sub-S09520_ses-E22605_run-1_bp-chest_vp-ap_dx.npy,masks/qata_test_sub-S09520_ses-E22605_run-1_bp-chest_vp-ap_dx.png,0.865635880349423,0.7631023102325868,14.0,3.9715936218176564
qata_test_sub-S09520_ses-E23633_run-1_bp-chest_vp-ap_dx,sub-S09520,probabilities/qata_test_sub-S09520_ses-E23633_run-1_bp-chest_vp-ap_dx.npy,masks/qata_test_sub-S09520_ses-E23633_run-1_bp-chest_vp-ap_dx.png,0.9114051336334708,0.8372307841905915,15.641284070758704,3.6746209408352386
qata_test_sub-S09520_ses-E24107_run-1_bp-chest_vp-pa_cr,sub-S09520,probabilities/qata_test_sub-S09520_ses-E24107_run-1_bp-chest_vp-pa_cr.npy,masks/qata_test_sub-S09520_ses-E24107_run-1_bp-chest_vp-pa_cr.png,0.8729644268779725,0.7745668794292307,15.238097444632865,4.521787174864699
qata_test_sub-S09520_ses-E24702_run-1_bp-chest_vp-ap_dx,sub-S09520,probabilities/qata_test_sub-S09520_ses-E24702_run-1_bp-chest_vp-ap_dx.npy,masks/qata_test_sub-S09520_ses-E24702_run-1_bp-chest_vp-ap_dx.png,0.9774626839736964,0.9559188390036505,3.0,0.9907266932392768
qata_test_sub-S09520_ses-E26133_run-1_bp-chest_vp-ap_dx,sub-S09520,probabilities/qata_test_sub-S09520_ses-E26133_run-1_bp-chest_vp-ap_dx.npy,masks/qata_test_sub-S09520_ses-E26133_run-1_bp-chest_vp-ap_dx.png,0.9562469949860195,0.9161621479340346,7.0710678118654755,1.8233099112790614
qata_test_sub-S09520_ses-E26498_run-1_bp-chest_vp-ap_dx,sub-S09520,probabilities/qata_test_sub-S09520_ses-E26498_run-1_bp-chest_vp-ap_dx.npy,masks/qata_test_sub-S09520_ses-E26498_run-1_bp-chest_vp-ap_dx.png,0.9599047805156066,0.9229008676644022,6.0,1.9272405650149074
qata_test_sub-S09522_ses-E16360_run-1_bp-chest_vp-ap_cr,sub-S09522,probabilities/qata_test_sub-S09522_ses-E16360_run-1_bp-chest_vp-ap_cr.npy,masks/qata_test_sub-S09522_ses-E16360_run-1_bp-chest_vp-ap_cr.png,0.5108982368491538,0.343091553241254,107.48296318682246,21.057081552581483
qata_test_sub-S09522_ses-E18974_run-1_bp-chest_vp-pa_dx,sub-S09522,probabilities/qata_test_sub-S09522_ses-E18974_run-1_bp-chest_vp-pa_dx.npy,masks/qata_test_sub-S09522_ses-E18974_run-1_bp-chest_vp-pa_dx.png,0.8966247421553155,0.8126199457355151,24.698178070456937,5.624215483964678
qata_test_sub-S09522_ses-E20023_run-1_bp-chest_vp-ap_dx,sub-S09522,probabilities/qata_test_sub-S09522_ses-E20023_run-1_bp-chest_vp-ap_dx.npy,masks/qata_test_sub-S09522_ses-E20023_run-1_bp-chest_vp-ap_dx.png,0.5535074244865973,0.38265486727849013,168.3547924020625,33.11551168232199
qata_test_sub-S09522_ses-E20281_run-1_bp-chest_vp-ap_cr,sub-S09522,probabilities/qata_test_sub-S09522_ses-E20281_run-1_bp-chest_vp-ap_cr.npy,masks/qata_test_sub-S09522_ses-E20281_run-1_bp-chest_vp-ap_cr.png,0.7997209499839252,0.6662791873058411,28.460498941515414,6.899366073650477
qata_test_sub-S09522_ses-E21498_run-1_bp-chest_vp-ap_dx,sub-S09522,probabilities/qata_test_sub-S09522_ses-E21498_run-1_bp-chest_vp-ap_dx.npy,masks/qata_test_sub-S09522_ses-E21498_run-1_bp-chest_vp-ap_dx.png,0.9061937579566033,0.8284774058927002,12.083045973594572,2.7425179258823658
qata_test_sub-S09524_ses-E16362_run-1_bp-chest_vp-ap_cr,sub-S09524,probabilities/qata_test_sub-S09524_ses-E16362_run-1_bp-chest_vp-ap_cr.npy,masks/qata_test_sub-S09524_ses-E16362_run-1_bp-chest_vp-ap_cr.png,0.8786610878683162,0.7835820895592608,207.35065577122836,31.796677497708046
qata_test_sub-S09524_ses-E16944_run-1_bp-chest_vp-ap_dx,sub-S09524,probabilities/qata_test_sub-S09524_ses-E16944_run-1_bp-chest_vp-ap_dx.npy,masks/qata_test_sub-S09524_ses-E16944_run-1_bp-chest_vp-ap_dx.png,0.26208638545459917,0.1508051857499517,182.32347511233888,76.56418031872035
qata_test_sub-S09524_ses-E18727_run-1_bp-chest_vp-ap_cr,sub-S09524,probabilities/qata_test_sub-S09524_ses-E18727_run-1_bp-chest_vp-ap_cr.npy,masks/qata_test_sub-S09524_ses-E18727_run-1_bp-chest_vp-ap_cr.png,0.7350412118523723,0.5810791772359744,57.21887800367987,9.548414767458262
qata_test_sub-S09524_ses-E19142_run-1_bp-chest_vp-ap_cr,sub-S09524,probabilities/qata_test_sub-S09524_ses-E19142_run-1_bp-chest_vp-ap_cr.npy,masks/qata_test_sub-S09524_ses-E19142_run-1_bp-chest_vp-ap_cr.png,0.48368044763805784,0.31898318985982027,58.582797406979864,15.941132034203441
qata_test_sub-S09524_ses-E19696_run-1_bp-chest_vp-ap_cr,sub-S09524,probabilities/qata_test_sub-S09524_ses-E19696_run-1_bp-chest_vp-ap_cr.npy,masks/qata_test_sub-S09524_ses-E19696_run-1_bp-chest_vp-ap_cr.png,0.6779883040943205,0.5128459197412667,46.687256735504576,11.883848802559692
qata_test_sub-S09524_ses-E21684_run-1_bp-chest_vp-ap_cr,sub-S09524,probabilities/qata_test_sub-S09524_ses-E21684_run-1_bp-chest_vp-ap_cr.npy,masks/qata_test_sub-S09524_ses-E21684_run-1_bp-chest_vp-ap_cr.png,0.7163991751123787,0.558116792406285,21.93171219946131,5.728124129672253
qata_test_sub-S09524_ses-E22176_run-1_bp-chest_vp-ap_cr,sub-S09524,probabilities/qata_test_sub-S09524_ses-E22176_run-1_bp-chest_vp-ap_cr.npy,masks/qata_test_sub-S09524_ses-E22176_run-1_bp-chest_vp-ap_cr.png,0.5293783853519248,0.3599691314763577,123.18210551222761,27.197694141285456
qata_test_sub-S09524_ses-E22355_run-1_bp-chest_vp-ap_dx,sub-S09524,probabilities/qata_test_sub-S09524_ses-E22355_run-1_bp-chest_vp-ap_dx.npy,masks/qata_test_sub-S09524_ses-E22355_run-1_bp-chest_vp-ap_dx.png,0.5269237766075727,0.3577029947554325,37.257840577523034,10.157682725244154
qata_test_sub-S09526_ses-E16708_run-1_bp-chest_vp-ap_dx,sub-S09526,probabilities/qata_test_sub-S09526_ses-E16708_run-1_bp-chest_vp-ap_dx.npy,masks/qata_test_sub-S09526_ses-E16708_run-1_bp-chest_vp-ap_dx.png,0.9240034413538715,0.8587420042653335,12.529964086141668,2.740737811398251
qata_test_sub-S09526_ses-E21522_run-1_bp-chest_vp-ap_dx,sub-S09526,probabilities/qata_test_sub-S09526_ses-E21522_run-1_bp-chest_vp-ap_dx.npy,masks/qata_test_sub-S09526_ses-E21522_run-1_bp-chest_vp-ap_dx.png,0.9618837177186788,0.9265664493818906,4.0,1.3357974164008777
qata_test_sub-S09526_ses-E21915_run-1_bp-chest_vp-ap_cr,sub-S09526,probabilities/qata_test_sub-S09526_ses-E21915_run-1_bp-chest_vp-ap_cr.npy,masks/qata_test_sub-S09526_ses-E21915_run-1_bp-chest_vp-ap_cr.png,0.9057347471273366,0.8277104155049073,14.317821063276353,3.746895249098094
qata_test_sub-S09526_ses-E22193_run-1_bp-chest_vp-ap_cr,sub-S09526,probabilities/qata_test_sub-S09526_ses-E22193_run-1_bp-chest_vp-ap_cr.npy,masks/qata_test_sub-S09526_ses-E22193_run-1_bp-chest_vp-ap_cr.png,0.8078723511360152,0.6776726904266367,33.748898230003626,7.145096606216891
qata_test_sub-S09526_ses-E26557_acq-1_run-1_bp-chest_dx,sub-S09526,probabilities/qata_test_sub-S09526_ses-E26557_acq-1_run-1_bp-chest_dx.npy,masks/qata_test_sub-S09526_ses-E26557_acq-1_run-1_bp-chest_dx.png,0.4538782740765919,0.2935592110705167,146.22773187500067,50.219828001616044
qata_test_sub-S09527_ses-E21700_run-1_bp-chest_vp-ap_cr,sub-S09527,probabilities/qata_test_sub-S09527_ses-E21700_run-1_bp-chest_vp-ap_cr.npy,masks/qata_test_sub-S09527_ses-E21700_run-1_bp-chest_vp-ap_cr.png,0.6522769149867786,0.4839843750201569,20.40460088818363,6.766102206583398
qata_test_sub-S09528_ses-E17036_run-1_bp-chest_vp-ap_cr,sub-S09528,probabilities/qata_test_sub-S09528_ses-E17036_run-1_bp-chest_vp-ap_cr.npy,masks/qata_test_sub-S09528_ses-E17036_run-1_bp-chest_vp-ap_cr.png,0.7795087647260747,0.638684442950588,19.0,4.398116783477857
qata_test_sub-S09529_ses-E17353_run-1_bp-chest_vp-ap_dx,sub-S09529,probabilities/qata_test_sub-S09529_ses-E17353_run-1_bp-chest_vp-ap_dx.npy,masks/qata_test_sub-S09529_ses-E17353_run-1_bp-chest_vp-ap_dx.png,0.07301289775930284,0.03788966603808472,281.0356737792263,155.02852943296352
qata_test_sub-S09531_ses-E20431_run-1_bp-chest_vp-pa_dx,sub-S09531,probabilities/qata_test_sub-S09531_ses-E20431_run-1_bp-chest_vp-pa_dx.npy,masks/qata_test_sub-S09531_ses-E20431_run-1_bp-chest_vp-pa_dx.png,0.9661291698661102,0.9344776365739084,5.0,1.5943861468289169
qata_test_sub-S09531_ses-E20968_run-1_bp-chest_vp-pa_dx,sub-S09531,probabilities/qata_test_sub-S09531_ses-E20968_run-1_bp-chest_vp-pa_dx.npy,masks/qata_test_sub-S09531_ses-E20968_run-1_bp-chest_vp-pa_dx.png,0.5166908563159167,0.34833659491633484,107.78099775093605,24.57094762841734
qata_test_sub-S09531_ses-E25557_run-1_bp-chest_vp-pa_dx,sub-S09531,probabilities/qata_test_sub-S09531_ses-E25557_run-1_bp-chest_vp-pa_dx.npy,masks/qata_test_sub-S09531_ses-E25557_run-1_bp-chest_vp-pa_dx.png,0.7949153244180576,0.659634414515808,76.53757247260981,16.334714556706533
qata_test_sub-S09531_ses-E25852_run-1_bp-chest_vp-ap_cr,sub-S09531,probabilities/qata_test_sub-S09531_ses-E25852_run-1_bp-chest_vp-ap_cr.npy,masks/qata_test_sub-S09531_ses-E25852_run-1_bp-chest_vp-ap_cr.png,0.9697840028328092,0.9413404620968442,4.0,1.2582699924440846
qata_test_sub-S09532_ses-E16373_run-1_bp-chest_vp-pa_cr,sub-S09532,probabilities/qata_test_sub-S09532_ses-E16373_run-1_bp-chest_vp-pa_cr.npy,masks/qata_test_sub-S09532_ses-E16373_run-1_bp-chest_vp-pa_cr.png,0.6044688357558543,0.43314606742634554,182.0,51.91145650248059
qata_test_sub-S09534_ses-E16376_run-2_bp-chest_vp-pa_dx,sub-S09534,probabilities/qata_test_sub-S09534_ses-E16376_run-2_bp-chest_vp-pa_dx.npy,masks/qata_test_sub-S09534_ses-E16376_run-2_bp-chest_vp-pa_dx.png,0.8597080630221287,0.753936807886275,21.22026666407735,4.006948887692356
qata_test_sub-S09534_ses-E22374_run-1_bp-chest_vp-pa_cr,sub-S09534,probabilities/qata_test_sub-S09534_ses-E22374_run-1_bp-chest_vp-pa_cr.npy,masks/qata_test_sub-S09534_ses-E22374_run-1_bp-chest_vp-pa_cr.png,0.9699249212181497,0.9416060452265786,3.605551275463989,1.375904125896865
qata_test_sub-S09534_ses-E26347_run-1_bp-chest_vp-pa_cr,sub-S09534,probabilities/qata_test_sub-S09534_ses-E26347_run-1_bp-chest_vp-pa_cr.npy,masks/qata_test_sub-S09534_ses-E26347_run-1_bp-chest_vp-pa_cr.png,0.8998812821529588,0.8179856115114805,20.581492868296525,4.462217530853441
qata_test_sub-S09536_ses-E24323_run-1_bp-chest_vp-pa_dx,sub-S09536,probabilities/qata_test_sub-S09536_ses-E24323_run-1_bp-chest_vp-pa_dx.npy,masks/qata_test_sub-S09536_ses-E24323_run-1_bp-chest_vp-pa_dx.png,0.7390718387444654,0.5861331846294617,56.34269702274135,13.842288792323632
qata_test_sub-S09536_ses-E24999_run-1_bp-chest_vp-ap_dx,sub-S09536,probabilities/qata_test_sub-S09536_ses-E24999_run-1_bp-chest_vp-ap_dx.npy,masks/qata_test_sub-S09536_ses-E24999_run-1_bp-chest_vp-ap_dx.png,0.9694622253027899,0.940734293401089,3.0,1.1359433173863949
qata_test_sub-S09538_ses-E22210_run-2_bp-chest_vp-ap_cr,sub-S09538,probabilities/qata_test_sub-S09538_ses-E22210_run-2_bp-chest_vp-ap_cr.npy,masks/qata_test_sub-S09538_ses-E22210_run-2_bp-chest_vp-ap_cr.png,0.7378901285147728,0.5846480922056098,250.59867915274035,77.37635847501292
qata_test_sub-S09538_ses-E24320_run-1_bp-chest_vp-pa_dx,sub-S09538,probabilities/qata_test_sub-S09538_ses-E24320_run-1_bp-chest_vp-pa_dx.npy,masks/qata_test_sub-S09538_ses-E24320_run-1_bp-chest_vp-pa_dx.png,0.5947347427284656,0.42321884758946304,41.24375029463692,15.001853555643466
qata_test_sub-S09539_ses-E16383_run-1_bp-chest_vp-ap_cr,sub-S09539,probabilities/qata_test_sub-S09539_ses-E16383_run-1_bp-chest_vp-ap_cr.npy,masks/qata_test_sub-S09539_ses-E16383_run-1_bp-chest_vp-ap_cr.png,0.797497643328911,0.6631984036500028,25.002998800959045,5.0051627066997355
qata_test_sub-S09540_ses-E17365_acq-1_run-1_bp-chest_vp-ap_dx,sub-S09540,probabilities/qata_test_sub-S09540_ses-E17365_acq-1_run-1_bp-chest_vp-ap_dx.npy,masks/qata_test_sub-S09540_ses-E17365_acq-1_run-1_bp-chest_vp-ap_dx.png,0.38226394819618736,0.23629562299246154,124.07719250847137,37.948637509191975
qata_test_sub-S09540_ses-E17445_run-1_bp-chest_vp-ap_dx,sub-S09540,probabilities/qata_test_sub-S09540_ses-E17445_run-1_bp-chest_vp-ap_dx.npy,masks/qata_test_sub-S09540_ses-E17445_run-1_bp-chest_vp-ap_dx.png,6.497725795549205e-11,6.497725795549205e-11,215.66095951905672,192.7142412348687
qata_test_sub-S09540_ses-E27021_run-1_bp-chest_vp-pa_dx,sub-S09540,probabilities/qata_test_sub-S09540_ses-E27021_run-1_bp-chest_vp-pa_dx.npy,masks/qata_test_sub-S09540_ses-E27021_run-1_bp-chest_vp-pa_dx.png,0.48352220920302824,0.3188455591939728,98.88804002582947,28.907241181896893
qata_test_sub-S09542_ses-E18224_run-1_bp-chest_vp-ap_cr,sub-S09542,probabilities/qata_test_sub-S09542_ses-E18224_run-1_bp-chest_vp-ap_cr.npy,masks/qata_test_sub-S09542_ses-E18224_run-1_bp-chest_vp-ap_cr.png,0.7667265249390794,0.6217003287964142,21.0,5.8720212866237596
qata_test_sub-S09543_ses-E20330_run-2_bp-chest_vp-ap_dx,sub-S09543,probabilities/qata_test_sub-S09543_ses-E20330_run-2_bp-chest_vp-ap_dx.npy,masks/qata_test_sub-S09543_ses-E20330_run-2_bp-chest_vp-ap_dx.png,0.6171011058489622,0.4462373268678247,179.12007146045917,37.75512004286057
qata_test_sub-S09544_ses-E19898_run-1_bp-chest_vp-pa_cr,sub-S09544,probabilities/qata_test_sub-S09544_ses-E19898_run-1_bp-chest_vp-pa_cr.npy,masks/qata_test_sub-S09544_ses-E19898_run-1_bp-chest_vp-pa_cr.png,0.564353741508453,0.39310083398813117,178.84050529459327,35.35801002871833
qata_test_sub-S09544_ses-E25892_run-1_bp-chest_vp-pa_cr,sub-S09544,probabilities/qata_test_sub-S09544_ses-E25892_run-1_bp-chest_vp-pa_cr.npy,masks/qata_test_sub-S09544_ses-E25892_run-1_bp-chest_vp-pa_cr.png,0.6318705534242154,0.46184997699528896,47.38143096192854,10.04615811551479
qata_test_sub-S09547_ses-E23462_run-1_bp-chest_vp-ap_dx,sub-S09547,probabilities/qata_test_sub-S09547_ses-E23462_run-1_bp-chest_vp-ap_dx.npy,masks/qata_test_sub-S09547_ses-E23462_run-1_bp-chest_vp-ap_dx.png,0.7417980400522293,0.5895699288886586,149.6118248667643,34.972454253543
qata_test_sub-S09547_ses-E24365_run-1_bp-chest_vp-ap_cr,sub-S09547,probabilities/qata_test_sub-S09547_ses-E24365_run-1_bp-chest_vp-ap_cr.npy,masks/qata_test_sub-S09547_ses-E24365_run-1_bp-chest_vp-ap_cr.png,0.33271135352854375,0.19955234160468702,200.24984394500785,72.11868507807228
qata_test_sub-S09548_ses-E23051_run-1_bp-chest_vp-pa_dx,sub-S09548,probabilities/qata_test_sub-S09548_ses-E23051_run-1_bp-chest_vp-pa_dx.npy,masks/qata_test_sub-S09548_ses-E23051_run-1_bp-chest_vp-pa_dx.png,0.23763213532267166,0.13483685222805095,223.06108243157706,77.12216333486458
qata_test_sub-S09549_ses-E16744_run-1_bp-chest_vp-ap_dx,sub-S09549,probabilities/qata_test_sub-S09549_ses-E16744_run-1_bp-chest_vp-ap_dx.npy,masks/qata_test_sub-S09549_ses-E16744_run-1_bp-chest_vp-ap_dx.png,0.5381059305304702,0.36808818215814804,165.72717886081762,57.284671811898235
qata_test_sub-S09549_ses-E17493_run-1_bp-chest_vp-ap_dx,sub-S09549,probabilities/qata_test_sub-S09549_ses-E17493_run-1_bp-chest_vp-ap_dx.npy,masks/qata_test_sub-S09549_ses-E17493_run-1_bp-chest_vp-ap_dx.png,0.2385535141662714,0.13543046360478708,225.16482775507214,98.13148003137142
qata_test_sub-S09549_ses-E18113_run-1_bp-chest_vp-ap_dx,sub-S09549,probabilities/qata_test_sub-S09549_ses-E18113_run-1_bp-chest_vp-ap_dx.npy,masks/qata_test_sub-S09549_ses-E18113_run-1_bp-chest_vp-ap_dx.png,0.5076835515175928,0.34019832190846183,197.07879086100448,64.30899912667
qata_test_sub-S09549_ses-E18661_run-1_bp-chest_vp-ap_dx,sub-S09549,probabilities/qata_test_sub-S09549_ses-E18661_run-1_bp-chest_vp-ap_dx.npy,masks/qata_test_sub-S09549_ses-E18661_run-1_bp-chest_vp-ap_dx.png,0.3473814688598937,0.21020063754478277,164.50227422973123,68.3531278583089
qata_test_sub-S09549_ses-E18799_run-1_bp-chest_vp-ap_cr,sub-S09549,probabilities/qata_test_sub-S09549_ses-E18799_run-1_bp-chest_vp-ap_cr.npy,masks/qata_test_sub-S09549_ses-E18799_run-1_bp-chest_vp-ap_cr.png,0.8813581979822114,0.787882409180355,10.0,2.901155191714788
qata_test_sub-S09549_ses-E19035_run-1_bp-chest_vp-ap_dx,sub-S09549,probabilities/qata_test_sub-S09549_ses-E19035_run-1_bp-chest_vp-ap_dx.npy,masks/qata_test_sub-S09549_ses-E19035_run-1_bp-chest_vp-ap_dx.png,0.5652413034541095,0.3939626257844373,165.3679709522193,42.474028878738594
qata_test_sub-S09549_ses-E19265_run-1_bp-chest_vp-ap_dx,sub-S09549,probabilities/qata_test_sub-S09549_ses-E19265_run-1_bp-chest_vp-ap_dx.npy,masks/qata_test_sub-S09549_ses-E19265_run-1_bp-chest_vp-ap_dx.png,0.9114767756735789,0.8373517030295694,5.0,1.759315201290653
qata_test_sub-S09549_ses-E20863_run-1_bp-chest_vp-ap_dx,sub-S09549,probabilities/qata_test_sub-S09549_ses-E20863_run-1_bp-chest_vp-ap_dx.npy,masks/qata_test_sub-S09549_ses-E20863_run-1_bp-chest_vp-ap_dx.png,0.8575508746886287,0.7506250000031172,13.313356420202252,3.8296443182818543
qata_test_sub-S09549_ses-E22083_run-1_bp-chest_vp-ap_dx,sub-S09549,probabilities/qata_test_sub-S09549_ses-E22083_run-1_bp-chest_vp-ap_dx.npy,masks/qata_test_sub-S09549_ses-E22083_run-1_bp-chest_vp-ap_dx.png,0.4918032786948842,0.3260869565329226,174.75927038572888,54.87318593167989
qata_test_sub-S09549_ses-E22235_run-1_bp-chest_vp-ap_dx,sub-S09549,probabilities/qata_test_sub-S09549_ses-E22235_run-1_bp-chest_vp-ap_dx.npy,masks/qata_test_sub-S09549_ses-E22235_run-1_bp-chest_vp-ap_dx.png,0.8973844553429284,0.8138688590887939,17.895504447864393,3.934025846092524
qata_test_sub-S09549_ses-E22692_run-1_bp-chest_vp-ap_dx,sub-S09549,probabilities/qata_test_sub-S09549_ses-E22692_run-1_bp-chest_vp-ap_dx.npy,masks/qata_test_sub-S09549_ses-E22692_run-1_bp-chest_vp-ap_dx.png,0.5983047724378265,0.4268436966027758,24.662677459171185,8.365094700174392
qata_test_sub-S09549_ses-E23443_run-1_bp-chest_vp-ap_dx,sub-S09549,probabilities/qata_test_sub-S09549_ses-E23443_run-1_bp-chest_vp-ap_dx.npy,masks/qata_test_sub-S09549_ses-E23443_run-1_bp-chest_vp-ap_dx.png,0.8997267918392157,0.8177303465784262,11.362133662588397,3.0224011111267006
qata_test_sub-S09550_ses-E16397_run-1_bp-chest_vp-ap_dx,sub-S09550,probabilities/qata_test_sub-S09550_ses-E16397_run-1_bp-chest_vp-ap_dx.npy,masks/qata_test_sub-S09550_ses-E16397_run-1_bp-chest_vp-ap_dx.png,0.7958552782242051,0.6609299229850629,27.030174885646126,5.80513795620687
qata_test_sub-S09550_ses-E16654_run-1_bp-chest_vp-ap_dx,sub-S09550,probabilities/qata_test_sub-S09550_ses-E16654_run-1_bp-chest_vp-ap_dx.npy,masks/qata_test_sub-S09550_ses-E16654_run-1_bp-chest_vp-ap_dx.png,0.44860874503364084,0.2891654465633001,170.903464593456,34.16603267999066
qata_test_sub-S09550_ses-E16752_run-1_bp-chest_vp-ap_dx,sub-S09550,probabilities/qata_test_sub-S09550_ses-E16752_run-1_bp-chest_vp-ap_dx.npy,masks/qata_test_sub-S09550_ses-E16752_run-1_bp-chest_vp-ap_dx.png,0.8707451508396711,0.77107939938235,189.20068598213427,39.10211541110922
qata_test_sub-S09550_ses-E16866_run-1_bp-chest_vp-ap_dx,sub-S09550,probabilities/qata_test_sub-S09550_ses-E16866_run-1_bp-chest_vp-ap_dx.npy,masks/qata_test_sub-S09550_ses-E16866_run-1_bp-chest_vp-ap_dx.png,0.80566406250073,0.6745707277207713,21.0,8.01639095854029
qata_test_sub-S09550_ses-E17838_run-1_bp-chest_vp-ap_dx,sub-S09550,probabilities/qata_test_sub-S09550_ses-E17838_run-1_bp-chest_vp-ap_dx.npy,masks/qata_test_sub-S09550_ses-E17838_run-1_bp-chest_vp-ap_dx.png,0.3885696292238504,0.2411333659050262,177.03883639383332,51.78853537521411
qata_test_sub-S09550_ses-E26569_run-1_bp-chest_vp-pa_cr,sub-S09550,probabilities/qata_test_sub-S09550_ses-E26569_run-1_bp-chest_vp-pa_cr.npy,masks/qata_test_sub-S09550_ses-E26569_run-1_bp-chest_vp-pa_cr.png,0.5196007819783969,0.35098693356476246,193.74309688217943,65.54509737083411
qata_test_sub-S09551_ses-E16398_acq-2_run-2_bp-chest_vp-ap_dx,sub-S09551,probabilities/qata_test_sub-S09551_ses-E16398_acq-2_run-2_bp-chest_vp-ap_dx.npy,masks/qata_test_sub-S09551_ses-E16398_acq-2_run-2_bp-chest_vp-ap_dx.png,0.6779742571894745,0.5128298453183545,43.01162633521314,11.629791520607943
qata_test_sub-S09551_ses-E16578_run-1_bp-chest_vp-ap_dx,sub-S09551,probabilities/qata_test_sub-S09551_ses-E16578_run-1_bp-chest_vp-ap_dx.npy,masks/qata_test_sub-S09551_ses-E16578_run-1_bp-chest_vp-ap_dx.png,0.7480156512031972,0.5974640592946024,21.591660595709,6.904880276141972
qata_test_sub-S09551_ses-E16755_run-1_bp-chest_vp-ap_dx,sub-S09551,probabilities/qata_test_sub-S09551_ses-E16755_run-1_bp-chest_vp-ap_dx.npy,masks/qata_test_sub-S09551_ses-E16755_run-1_bp-chest_vp-ap_dx.png,0.6416984376181443,0.47242707760334385,41.17157373287036,9.899905178476128
qata_test_sub-S09551_ses-E16982_acq-2_run-1_bp-chest_vp-ap_dx,sub-S09551,probabilities/qata_test_sub-S09551_ses-E16982_acq-2_run-1_bp-chest_vp-ap_dx.npy,masks/qata_test_sub-S09551_ses-E16982_acq-2_run-1_bp-chest_vp-ap_dx.png,0.8435415038778413,0.729417879420692,21.452240108153497,5.013277213923445
qata_test_sub-S09551_ses-E17148_run-1_bp-chest_vp-ap_dx,sub-S09551,probabilities/qata_test_sub-S09551_ses-E17148_run-1_bp-chest_vp-ap_dx.npy,masks/qata_test_sub-S09551_ses-E17148_run-1_bp-chest_vp-ap_dx.png,0.6360123647621908,0.4662889518451396,30.126383730729653,8.212975638316845
qata_test_sub-S09551_ses-E17378_acq-2_run-1_bp-chest_vp-ap_dx,sub-S09551,probabilities/qata_test_sub-S09551_ses-E17378_acq-2_run-1_bp-chest_vp-ap_dx.npy,masks/qata_test_sub-S09551_ses-E17378_acq-2_run-1_bp-chest_vp-ap_dx.png,0.7431573337403664,0.5912890719675837,28.0,8.112174420476242
qata_test_sub-S09551_ses-E17451_run-1_bp-chest_vp-ap_dx,sub-S09551,probabilities/qata_test_sub-S09551_ses-E17451_run-1_bp-chest_vp-ap_dx.npy,masks/qata_test_sub-S09551_ses-E17451_run-1_bp-chest_vp-ap_dx.png,0.6864463282232287,0.5225871945506302,57.01929352353285,12.201552382389389
qata_test_sub-S09551_ses-E20735_run-1_bp-chest_vp-ap_dx,sub-S09551,probabilities/qata_test_sub-S09551_ses-E20735_run-1_bp-chest_vp-ap_dx.npy,masks/qata_test_sub-S09551_ses-E20735_run-1_bp-chest_vp-ap_dx.png,0.6425245732038174,0.47332317073505253,69.66776394274639,17.110800622068428
qata_test_sub-S09551_ses-E23065_run-1_bp-chest_vp-ap_dx,sub-S09551,probabilities/qata_test_sub-S09551_ses-E23065_run-1_bp-chest_vp-ap_dx.npy,masks/qata_test_sub-S09551_ses-E23065_run-1_bp-chest_vp-ap_dx.png,0.8993500577057684,0.817108167772438,7.615773105863909,2.7823075683956575
qata_test_sub-S09551_ses-E26702_run-1_bp-chest_vp-pa_dx,sub-S09551,probabilities/qata_test_sub-S09551_ses-E26702_run-1_bp-chest_vp-pa_dx.npy,masks/qata_test_sub-S09551_ses-E26702_run-1_bp-chest_vp-pa_dx.png,0.5438174812119194,0.37345420247655914,223.178724231893,54.74907680820892
qata_test_sub-S09552_ses-E16399_run-1_bp-chest_vp-pa_dx,sub-S09552,probabilities/qata_test_sub-S09552_ses-E16399_run-1_bp-chest_vp-pa_dx.npy,masks/qata_test_sub-S09552_ses-E16399_run-1_bp-chest_vp-pa_dx.png,0.4481715288952666,0.2888022337796611,54.433440950125465,22.072551275931346
qata_test_sub-S09552_ses-E19540_run-1_bp-chest_vp-pa_cr,sub-S09552,probabilities/qata_test_sub-S09552_ses-E19540_run-1_bp-chest_vp-pa_cr.npy,masks/qata_test_sub-S09552_ses-E19540_run-1_bp-chest_vp-pa_cr.png,0.9604401100275728,0.9238910805352196,5.923928352680339,1.8939998811023129
qata_test_sub-S09552_ses-E20517_run-1_bp-chest_vp-pa_cr,sub-S09552,probabilities/qata_test_sub-S09552_ses-E20517_run-1_bp-chest_vp-pa_cr.npy,masks/qata_test_sub-S09552_ses-E20517_run-1_bp-chest_vp-pa_cr.png,0.9280342646547337,0.8657312767147812,11.685441656256554,3.0460811905820937
qata_test_sub-S09552_ses-E24369_run-1_bp-chest_vp-pa_cr,sub-S09552,probabilities/qata_test_sub-S09552_ses-E24369_run-1_bp-chest_vp-pa_cr.npy,masks/qata_test_sub-S09552_ses-E24369_run-1_bp-chest_vp-pa_cr.png,0.9686690670204525,0.9392417467999655,4.0,1.501830530358313
qata_test_sub-S09552_ses-E25924_run-1_bp-chest_vp-pa_cr,sub-S09552,probabilities/qata_test_sub-S09552_ses-E25924_run-1_bp-chest_vp-pa_cr.npy,masks/qata_test_sub-S09552_ses-E25924_run-1_bp-chest_vp-pa_cr.png,0.9601029228946195,0.9232672579167526,7.0710678118654755,2.091497438976791
qata_test_sub-S09552_ses-E26393_run-1_bp-chest_vp-pa_cr,sub-S09552,probabilities/qata_test_sub-S09552_ses-E26393_run-1_bp-chest_vp-pa_cr.npy,masks/qata_test_sub-S09552_ses-E26393_run-1_bp-chest_vp-pa_cr.png,0.9120793858218065,0.838369430577537,26.58475886122681,6.651232840014341
qata_test_sub-S09555_ses-E18291_run-1_bp-chest_cr,sub-S09555,probabilities/qata_test_sub-S09555_ses-E18291_run-1_bp-chest_cr.npy,masks/qata_test_sub-S09555_ses-E18291_run-1_bp-chest_cr.png,0.9668941698873993,0.9359100894650071,5.0,1.5848701141510233
qata_test_sub-S09555_ses-E19050_run-1_bp-chest_cr,sub-S09555,probabilities/qata_test_sub-S09555_ses-E19050_run-1_bp-chest_cr.npy,masks/qata_test_sub-S09555_ses-E19050_run-1_bp-chest_cr.png,0.9613892556109244,0.9256492490616175,5.0,1.6366754539292756
qata_test_sub-S09555_ses-E20249_run-1_bp-chest_vp-ap_dx,sub-S09555,probabilities/qata_test_sub-S09555_ses-E20249_run-1_bp-chest_vp-ap_dx.npy,masks/qata_test_sub-S09555_ses-E20249_run-1_bp-chest_vp-ap_dx.png,0.657512034457417,0.48977126896848433,76.39038547237084,15.019463366454618
qata_test_sub-S09555_ses-E21021_run-1_bp-chest_cr,sub-S09555,probabilities/qata_test_sub-S09555_ses-E21021_run-1_bp-chest_cr.npy,masks/qata_test_sub-S09555_ses-E21021_run-1_bp-chest_cr.png,0.9773826134925895,0.955765691438866,3.0,1.0074307654642403
qata_test_sub-S09555_ses-E21589_run-1_bp-chest_vp-ap_dx,sub-S09555,probabilities/qata_test_sub-S09555_ses-E21589_run-1_bp-chest_vp-ap_dx.npy,masks/qata_test_sub-S09555_ses-E21589_run-1_bp-chest_vp-ap_dx.png,0.7489168557876604,0.5986147757270646,43.6663326106729,9.312794067258352
qata_test_sub-S09555_ses-E22093_run-1_bp-chest_vp-ap_dx,sub-S09555,probabilities/qata_test_sub-S09555_ses-E22093_run-1_bp-chest_vp-ap_dx.npy,masks/qata_test_sub-S09555_ses-E22093_run-1_bp-chest_vp-ap_dx.png,0.7311196137384278,0.5761926984256158,63.857591698854925,11.498310909318926
qata_test_sub-S09555_ses-E22714_run-1_bp-chest_cr,sub-S09555,probabilities/qata_test_sub-S09555_ses-E22714_run-1_bp-chest_cr.npy,masks/qata_test_sub-S09555_ses-E22714_run-1_bp-chest_cr.png,0.7836061507943216,0.6442043021732888,67.54514105264946,10.074869399149382
qata_test_sub-S09555_ses-E22891_run-1_bp-chest_vp-ap_dx,sub-S09555,probabilities/qata_test_sub-S09555_ses-E22891_run-1_bp-chest_vp-ap_dx.npy,masks/qata_test_sub-S09555_ses-E22891_run-1_bp-chest_vp-ap_dx.png,0.45726673124183725,0.29640038268777563,117.20452526264235,28.48501665607348
qata_test_sub-S09555_ses-E23054_run-1_bp-chest_vp-ap_dx,sub-S09555,probabilities/qata_test_sub-S09555_ses-E23054_run-1_bp-chest_vp-ap_dx.npy,masks/qata_test_sub-S09555_ses-E23054_run-1_bp-chest_vp-ap_dx.png,0.41494036411126994,0.26178217824705813,202.52826425339111,74.80387999346055
qata_test_sub-S09555_ses-E23930_run-1_bp-chest_cr,sub-S09555,probabilities/qata_test_sub-S09555_ses-E23930_run-1_bp-chest_cr.npy,masks/qata_test_sub-S09555_ses-E23930_run-1_bp-chest_cr.png,0.967555697233791,0.9371505025903559,4.242640687119285,1.420152965997793
qata_test_sub-S09555_ses-E24383_acq-2_run-1_bp-chest_vp-ap_dx,sub-S09555,probabilities/qata_test_sub-S09555_ses-E24383_acq-2_run-1_bp-chest_vp-ap_dx.npy,masks/qata_test_sub-S09555_ses-E24383_acq-2_run-1_bp-chest_vp-ap_dx.png,0.9180655875469336,0.8485408884127361,19.849433241279208,3.466417819765775
qata_test_sub-S09555_ses-E26402_run-1_bp-chest_cr,sub-S09555,probabilities/qata_test_sub-S09555_ses-E26402_run-1_bp-chest_cr.npy,masks/qata_test_sub-S09555_ses-E26402_run-1_bp-chest_cr.png,0.9636436276468898,0.9298380878953886,5.0,1.7241090394911534
qata_test_sub-S09556_ses-E22258_run-1_bp-chest_vp-ap_cr,sub-S09556,probabilities/qata_test_sub-S09556_ses-E22258_run-1_bp-chest_vp-ap_cr.npy,masks/qata_test_sub-S09556_ses-E22258_run-1_bp-chest_vp-ap_cr.png,0.916127327963068,0.8452351937644349,11.08585467828076,5.047556168092763
qata_test_sub-S09556_ses-E22890_run-1_bp-chest_vp-ap_cr,sub-S09556,probabilities/qata_test_sub-S09556_ses-E22890_run-1_bp-chest_vp-ap_cr.npy,masks/qata_test_sub-S09556_ses-E22890_run-1_bp-chest_vp-ap_cr.png,0.7500995222942372,0.6001273986814226,35.38567965687171,8.177963160108185
qata_test_sub-S09558_ses-E16405_acq-1_run-1_bp-chest_vp-pa_dx,sub-S09558,probabilities/qata_test_sub-S09558_ses-E16405_acq-1_run-1_bp-chest_vp-pa_dx.npy,masks/qata_test_sub-S09558_ses-E16405_acq-1_run-1_bp-chest_vp-pa_dx.png,0.7914960015617223,0.6549386701134609,22.10195771588399,6.531968992276808
qata_test_sub-S09558_ses-E16575_run-1_bp-chest_vp-ap_dx,sub-S09558,probabilities/qata_test_sub-S09558_ses-E16575_run-1_bp-chest_vp-ap_dx.npy,masks/qata_test_sub-S09558_ses-E16575_run-1_bp-chest_vp-ap_dx.png,0.8072509883334708,0.6767987065498421,48.79754010468718,9.147439604505077
qata_test_sub-S09558_ses-E16759_run-1_bp-chest_vp-ap_dx,sub-S09558,probabilities/qata_test_sub-S09558_ses-E16759_run-1_bp-chest_vp-ap_dx.npy,masks/qata_test_sub-S09558_ses-E16759_run-1_bp-chest_vp-ap_dx.png,0.7772878698815535,0.6357079894251485,27.784887978899608,6.7798350328327786
qata_test_sub-S09558_ses-E16990_acq-1_run-1_bp-chest_vp-ap_dx,sub-S09558,probabilities/qata_test_sub-S09558_ses-E16990_acq-1_run-1_bp-chest_vp-ap_dx.npy,masks/qata_test_sub-S09558_ses-E16990_acq-1_run-1_bp-chest_vp-ap_dx.png,0.6921879055301571,0.5292716808937361,38.41793972056619,7.744013729701858
qata_test_sub-S09558_ses-E17153_run-1_bp-chest_vp-pa_dx,sub-S09558,probabilities/qata_test_sub-S09558_ses-E17153_run-1_bp-chest_vp-pa_dx.npy,masks/qata_test_sub-S09558_ses-E17153_run-1_bp-chest_vp-pa_dx.png,0.9206323035388375,0.852936683724689,24.704243944039227,5.4942166426290795
qata_test_sub-S09558_ses-E17380_acq-2_run-1_bp-chest_vp-ap_dx,sub-S09558,probabilities/qata_test_sub-S09558_ses-E17380_acq-2_run-1_bp-chest_vp-ap_dx.npy,masks/qata_test_sub-S09558_ses-E17380_acq-2_run-1_bp-chest_vp-ap_dx.png,0.6844254011896826,0.5202482639985236,19.697715603592208,6.563320416635468
qata_test_sub-S09558_ses-E17456_run-1_bp-chest_vp-ap_dx,sub-S09558,probabilities/qata_test_sub-S09558_ses-E17456_run-1_bp-chest_vp-ap_dx.npy,masks/qata_test_sub-S09558_ses-E17456_run-1_bp-chest_vp-ap_dx.png,0.15832659194316046,0.0859688755134793,236.16434911458276,101.05405066023508
qata_test_sub-S09558_ses-E20749_run-1_bp-chest_vp-pa_dx,sub-S09558,probabilities/qata_test_sub-S09558_ses-E20749_run-1_bp-chest_vp-pa_dx.npy,masks/qata_test_sub-S09558_ses-E20749_run-1_bp-chest_vp-pa_dx.png,0.4539047402554626,0.29358135431737675,82.54115557582656,21.197933889668466
qata_test_sub-S09558_ses-E23045_run-1_bp-chest_vp-pa_dx,sub-S09558,probabilities/qata_test_sub-S09558_ses-E23045_run-1_bp-chest_vp-pa_dx.npy,masks/qata_test_sub-S09558_ses-E23045_run-1_bp-chest_vp-pa_dx.png,0.3961432182997463,0.24699413490288125,232.92486315608693,70.57495194847967
qata_test_sub-S09558_ses-E26889_run-1_bp-chest_vp-pa_dx,sub-S09558,probabilities/qata_test_sub-S09558_ses-E26889_run-1_bp-chest_vp-pa_dx.npy,masks/qata_test_sub-S09558_ses-E26889_run-1_bp-chest_vp-pa_dx.png,0.8452466907377798,0.7319716548673627,12.606230194781201,3.029522702974027
qata_test_sub-S09559_ses-E16406_run-1_bp-chest_vp-ap_cr,sub-S09559,probabilities/qata_test_sub-S09559_ses-E16406_run-1_bp-chest_vp-ap_cr.npy,masks/qata_test_sub-S09559_ses-E16406_run-1_bp-chest_vp-ap_cr.png,0.9549516008935982,0.9137869611687865,9.055385138137417,2.1843367464633805
qata_test_sub-S09559_ses-E16664_run-2_bp-chest_vp-ap_dx,sub-S09559,probabilities/qata_test_sub-S09559_ses-E16664_run-2_bp-chest_vp-ap_dx.npy,masks/qata_test_sub-S09559_ses-E16664_run-2_bp-chest_vp-ap_dx.png,0.8123266723691462,0.6839647346382509,78.96510445437107,16.12973015035489
qata_test_sub-S09559_ses-E16876_run-1_bp-chest_vp-ap_dx,sub-S09559,probabilities/qata_test_sub-S09559_ses-E16876_run-1_bp-chest_vp-ap_dx.npy,masks/qata_test_sub-S09559_ses-E16876_run-1_bp-chest_vp-ap_dx.png,0.9624842556297601,0.9276815902336616,7.810249675906654,2.252498525816912
qata_test_sub-S09559_ses-E17065_run-1_bp-chest_vp-ap_cr,sub-S09559,probabilities/qata_test_sub-S09559_ses-E17065_run-1_bp-chest_vp-ap_cr.npy,masks/qata_test_sub-S09559_ses-E17065_run-1_bp-chest_vp-ap_cr.png,0.8875416461855506,0.7978201099784188,47.52882213038786,5.694277830823143
qata_test_sub-S09559_ses-E17453_run-1_bp-chest_vp-ap_cr,sub-S09559,probabilities/qata_test_sub-S09559_ses-E17453_run-1_bp-chest_vp-ap_cr.npy,masks/qata_test_sub-S09559_ses-E17453_run-1_bp-chest_vp-ap_cr.png,0.7953136340076821,0.66018314514025,34.17893850906897,7.533678282148776
qata_test_sub-S09559_ses-E17500_run-1_bp-chest_vp-ap_cr,sub-S09559,probabilities/qata_test_sub-S09559_ses-E17500_run-1_bp-chest_vp-ap_cr.npy,masks/qata_test_sub-S09559_ses-E17500_run-1_bp-chest_vp-ap_cr.png,0.9678969005497531,0.937790905836297,5.0,2.031139762487309
qata_test_sub-S09559_ses-E17569_run-1_bp-chest_vp-ap_cr,sub-S09559,probabilities/qata_test_sub-S09559_ses-E17569_run-1_bp-chest_vp-ap_cr.npy,masks/qata_test_sub-S09559_ses-E17569_run-1_bp-chest_vp-ap_cr.png,0.4521793995492608,0.2921394116472174,113.0767429586005,27.062257616847056
qata_test_sub-S09559_ses-E17781_run-1_bp-chest_vp-ap_cr,sub-S09559,probabilities/qata_test_sub-S09559_ses-E17781_run-1_bp-chest_vp-ap_cr.npy,masks/qata_test_sub-S09559_ses-E17781_run-1_bp-chest_vp-ap_cr.png,0.759138130052336,0.611782945742453,14.790134482004676,4.997056060312413
qata_test_sub-S09559_ses-E18542_run-1_bp-chest_vp-ap_cr,sub-S09559,probabilities/qata_test_sub-S09559_ses-E18542_run-1_bp-chest_vp-ap_cr.npy,masks/qata_test_sub-S09559_ses-E18542_run-1_bp-chest_vp-ap_cr.png,0.6861029383680941,0.5221892630749596,49.39635614091387,9.48477992548129
qata_test_sub-S09559_ses-E20246_acq-1_run-1_bp-chest_vp-ll_dx,sub-S09559,probabilities/qata_test_sub-S09559_ses-E20246_acq-1_run-1_bp-chest_vp-ll_dx.npy,masks/qata_test_sub-S09559_ses-E20246_acq-1_run-1_bp-chest_vp-ll_dx.png,0.7893049932541388,0.6519437090754919,19.170178618107073,6.108565301546556
qata_test_sub-S09559_ses-E21969_run-1_bp-chest_vp-ap_cr,sub-S09559,probabilities/qata_test_sub-S09559_ses-E21969_run-1_bp-chest_vp-ap_cr.npy,masks/qata_test_sub-S09559_ses-E21969_run-1_bp-chest_vp-ap_cr.png,0.7044946105363815,0.5437990580883532,24.70727688083037,8.790328414494738
qata_test_sub-S09560_ses-E16408_run-1_bp-chest_vp-pa_cr,sub-S09560,probabilities/qata_test_sub-S09560_ses-E16408_run-1_bp-chest_vp-pa_cr.npy,masks/qata_test_sub-S09560_ses-E16408_run-1_bp-chest_vp-pa_cr.png,0.7270199289376872,0.5711165048595738,17.72004514666935,6.402011338457666
qata_test_sub-S09562_ses-E16411_run-2_bp-chest_vp-ap_cr,sub-S09562,probabilities/qata_test_sub-S09562_ses-E16411_run-2_bp-chest_vp-ap_cr.npy,masks/qata_test_sub-S09562_ses-E16411_run-2_bp-chest_vp-ap_cr.png,0.7719977233930109,0.6286614757160508,53.40363472367109,9.059952576693812
qata_test_sub-S09562_ses-E17983_run-1_bp-chest_vp-ap_dx,sub-S09562,probabilities/qata_test_sub-S09562_ses-E17983_run-1_bp-chest_vp-ap_dx.npy,masks/qata_test_sub-S09562_ses-E17983_run-1_bp-chest_vp-ap_dx.png,0.947553258456921,0.900333690109549,7.0,1.8782805838734788
qata_test_sub-S09563_ses-E16412_acq-2_run-1_bp-chest_vp-ap_dx,sub-S09563,probabilities/qata_test_sub-S09563_ses-E16412_acq-2_run-1_bp-chest_vp-ap_dx.npy,masks/qata_test_sub-S09563_ses-E16412_acq-2_run-1_bp-chest_vp-ap_dx.png,0.5682169743264079,0.39685969462119186,127.43213444396206,39.22341720174164
qata_test_sub-S09563_ses-E16507_run-1_bp-chest_vp-ap_dx,sub-S09563,probabilities/qata_test_sub-S09563_ses-E16507_run-1_bp-chest_vp-ap_dx.npy,masks/qata_test_sub-S09563_ses-E16507_run-1_bp-chest_vp-ap_dx.png,0.46396123562289576,0.3020504731998807,48.83646178829912,12.26683959921102
qata_test_sub-S09563_ses-E16573_run-1_bp-chest_vp-ap_dx,sub-S09563,probabilities/qata_test_sub-S09563_ses-E16573_run-1_bp-chest_vp-ap_dx.npy,masks/qata_test_sub-S09563_ses-E16573_run-1_bp-chest_vp-ap_dx.png,0.769401041668168,0.6252248439358244,85.42950266747543,18.848267293337447
qata_test_sub-S09563_ses-E17155_run-1_bp-chest_vp-ap_dx,sub-S09563,probabilities/qata_test_sub-S09563_ses-E17155_run-1_bp-chest_vp-ap_dx.npy,masks/qata_test_sub-S09563_ses-E17155_run-1_bp-chest_vp-ap_dx.png,0.7428686219391033,0.5909236177757922,142.42119129814853,22.7476388587336
qata_test_sub-S09563_ses-E17452_run-1_bp-chest_vp-ap_dx,sub-S09563,probabilities/qata_test_sub-S09563_ses-E17452_run-1_bp-chest_vp-ap_dx.npy,masks/qata_test_sub-S09563_ses-E17452_run-1_bp-chest_vp-ap_dx.png,0.5117201775018966,0.3438333099526881,121.33424908079334,29.382878706599456
qata_test_sub-S09563_ses-E21881_run-1_bp-chest_vp-ap_dx,sub-S09563,probabilities/qata_test_sub-S09563_ses-E21881_run-1_bp-chest_vp-ap_dx.npy,masks/qata_test_sub-S09563_ses-E21881_run-1_bp-chest_vp-ap_dx.png,0.718673817654499,0.5608828006199674,168.14574737953117,50.776564151021965
qata_test_sub-S09563_ses-E22269_run-1_bp-chest_vp-ap_dx,sub-S09563,probabilities/qata_test_sub-S09563_ses-E22269_run-1_bp-chest_vp-ap_dx.npy,masks/qata_test_sub-S09563_ses-E22269_run-1_bp-chest_vp-ap_dx.png,0.28433021597736435,0.16572549020262173,67.26440273742034,21.923312747757585
qata_test_sub-S09564_ses-E16414_run-1_bp-chest_vp-pa_dx,sub-S09564,probabilities/qata_test_sub-S09564_ses-E16414_run-1_bp-chest_vp-pa_dx.npy,masks/qata_test_sub-S09564_ses-E16414_run-1_bp-chest_vp-pa_dx.png,0.730337078653447,0.575221238942424,162.0,38.503647144438
qata_test_sub-S09566_ses-E16417_run-1_bp-chest_cr,sub-S09566,probabilities/qata_test_sub-S09566_ses-E16417_run-1_bp-chest_cr.npy,masks/qata_test_sub-S09566_ses-E16417_run-1_bp-chest_cr.png,0.8111955994190972,0.6823625476363315,147.51404106788777,25.216118008184555
qata_test_sub-S09567_ses-E19587_run-1_bp-chest_vp-pa_cr,sub-S09567,probabilities/qata_test_sub-S09567_ses-E19587_run-1_bp-chest_vp-pa_cr.npy,masks/qata_test_sub-S09567_ses-E19587_run-1_bp-chest_vp-pa_cr.png,0.7425103305801749,0.5904703224523468,30.436785130182358,7.251944481706094
qata_test_sub-S09568_ses-E16895_run-1_bp-chest_vp-pa_dx,sub-S09568,probabilities/qata_test_sub-S09568_ses-E16895_run-1_bp-chest_vp-pa_dx.npy,masks/qata_test_sub-S09568_ses-E16895_run-1_bp-chest_vp-pa_dx.png,0.6998612075000024,0.5382973045225968,15.739877694587374,6.736524623139378
qata_test_sub-S09569_ses-E16420_run-1_bp-chest_vp-ap_dx,sub-S09569,probabilities/qata_test_sub-S09569_ses-E16420_run-1_bp-chest_vp-ap_dx.npy,masks/qata_test_sub-S09569_ses-E16420_run-1_bp-chest_vp-ap_dx.png,0.9285353362923475,0.8666037880143093,19.868289642252225,4.038777185440319
qata_test_sub-S09569_ses-E17159_run-1_bp-chest_vp-ap_dx,sub-S09569,probabilities/qata_test_sub-S09569_ses-E17159_run-1_bp-chest_vp-ap_dx.npy,masks/qata_test_sub-S09569_ses-E17159_run-1_bp-chest_vp-ap_dx.png,0.7154487210380296,0.5569639241014253,39.921076976565885,10.389967998463602
qata_test_sub-S09569_ses-E17316_run-1_bp-chest_vp-ap_cr,sub-S09569,probabilities/qata_test_sub-S09569_ses-E17316_run-1_bp-chest_vp-ap_cr.npy,masks/qata_test_sub-S09569_ses-E17316_run-1_bp-chest_vp-ap_cr.png,0.9471972563860762,0.8996910980064597,11.180339887498949,2.9368543801209723
qata_test_sub-S09569_ses-E17406_run-1_bp-chest_vp-ap_cr,sub-S09569,probabilities/qata_test_sub-S09569_ses-E17406_run-1_bp-chest_vp-ap_cr.npy,masks/qata_test_sub-S09569_ses-E17406_run-1_bp-chest_vp-ap_cr.png,0.9687433927691015,0.9393815137538377,5.0,1.4566925415147713
qata_test_sub-S09570_ses-E16423_run-1_bp-chest_vp-ap_dx,sub-S09570,probabilities/qata_test_sub-S09570_ses-E16423_run-1_bp-chest_vp-ap_dx.npy,masks/qata_test_sub-S09570_ses-E16423_run-1_bp-chest_vp-ap_dx.png,0.7844803171967012,0.6453867660929458,61.330997587812334,11.312652034661266
qata_test_sub-S09570_ses-E18546_run-1_bp-chest_vp-ap_dx,sub-S09570,probabilities/qata_test_sub-S09570_ses-E18546_run-1_bp-chest_vp-ap_dx.npy,masks/qata_test_sub-S09570_ses-E18546_run-1_bp-chest_vp-ap_dx.png,0.1463714637671358,0.07896483085076543,27.730849247724095,16.63963455935469
qata_test_sub-S09571_ses-E16424_run-1_bp-chest_vp-ap_dx,sub-S09571,probabilities/qata_test_sub-S09571_ses-E16424_run-1_bp-chest_vp-ap_dx.npy,masks/qata_test_sub-S09571_ses-E16424_run-1_bp-chest_vp-ap_dx.png,0.8547689762775766,0.7463725297099785,23.329154651798113,7.2307407552874094
qata_test_sub-S09571_ses-E16890_run-1_bp-chest_vp-ap_dx,sub-S09571,probabilities/qata_test_sub-S09571_ses-E16890_run-1_bp-chest_vp-ap_dx.npy,masks/qata_test_sub-S09571_ses-E16890_run-1_bp-chest_vp-ap_dx.png,0.6230882787149508,0.45252594562610404,40.792156108742276,11.703584256895777
qata_test_sub-S09571_ses-E18065_run-1_bp-chest_vp-ap_dx,sub-S09571,probabilities/qata_test_sub-S09571_ses-E18065_run-1_bp-chest_vp-ap_dx.npy,masks/qata_test_sub-S09571_ses-E18065_run-1_bp-chest_vp-ap_dx.png,0.8643485375335154,0.7611037066396704,30.00583171386254,6.709313315663279
qata_test_sub-S09571_ses-E20742_run-1_bp-chest_vp-pa_dx,sub-S09571,probabilities/qata_test_sub-S09571_ses-E20742_run-1_bp-chest_vp-pa_dx.npy,masks/qata_test_sub-S09571_ses-E20742_run-1_bp-chest_vp-pa_dx.png,0.4728635845087583,0.3096406972656731,165.19316389132476,60.006316439053336
qata_test_sub-S09571_ses-E26783_run-1_bp-chest_vp-ap_dx,sub-S09571,probabilities/qata_test_sub-S09571_ses-E26783_run-1_bp-chest_vp-ap_dx.npy,masks/qata_test_sub-S09571_ses-E26783_run-1_bp-chest_vp-ap_dx.png,0.8967663239653064,0.8128525655498314,13.601470508735444,3.985233704206039
qata_test_sub-S09572_ses-E17162_run-1_bp-chest_vp-ap_dx,sub-S09572,probabilities/qata_test_sub-S09572_ses-E17162_run-1_bp-chest_vp-ap_dx.npy,masks/qata_test_sub-S09572_ses-E17162_run-1_bp-chest_vp-ap_dx.png,0.5163549857958345,0.3480313557870298,135.07109226225296,31.742294439529854
qata_test_sub-S09572_ses-E17936_run-1_bp-chest_vp-ap_cr,sub-S09572,probabilities/qata_test_sub-S09572_ses-E17936_run-1_bp-chest_vp-ap_cr.npy,masks/qata_test_sub-S09572_ses-E17936_run-1_bp-chest_vp-ap_cr.png,0.7619786185134771,0.6154809843434855,41.98034862193048,9.736828291727416
qata_test_sub-S09572_ses-E22285_run-1_bp-chest_vp-ap_dx,sub-S09572,probabilities/qata_test_sub-S09572_ses-E22285_run-1_bp-chest_vp-ap_dx.npy,masks/qata_test_sub-S09572_ses-E22285_run-1_bp-chest_vp-ap_dx.png,0.356432947587771,0.21686547383021149,132.92479076530458,52.63420660836203
qata_test_sub-S09575_ses-E17866_run-1_bp-chest_vp-pa_dx,sub-S09575,probabilities/qata_test_sub-S09575_ses-E17866_run-1_bp-chest_vp-pa_dx.npy,masks/qata_test_sub-S09575_ses-E17866_run-1_bp-chest_vp-pa_dx.png,0.600483481070097,0.429064947042168,16.0312195418814,7.130876357060083
qata_test_sub-S09576_ses-E19386_run-1_bp-chest_vp-pa_dx,sub-S09576,probabilities/qata_test_sub-S09576_ses-E19386_run-1_bp-chest_vp-pa_dx.npy,masks/qata_test_sub-S09576_ses-E19386_run-1_bp-chest_vp-pa_dx.png,0.8756175889335746,0.7787542568408353,14.0,3.498108892769716
qata_test_sub-S09577_ses-E18351_run-1_bp-chest_vp-pa_cr,sub-S09577,probabilities/qata_test_sub-S09577_ses-E18351_run-1_bp-chest_vp-pa_cr.npy,masks/qata_test_sub-S09577_ses-E18351_run-1_bp-chest_vp-pa_cr.png,0.9567120498791746,0.9170162942728144,11.038556864609168,2.457506820028811
qata_test_sub-S09577_ses-E22544_run-1_bp-chest_vp-ap_cr,sub-S09577,probabilities/qata_test_sub-S09577_ses-E22544_run-1_bp-chest_vp-ap_cr.npy,masks/qata_test_sub-S09577_ses-E22544_run-1_bp-chest_vp-ap_cr.png,0.9537534642728597,0.9115953379096338,9.0,2.556553567517044
qata_test_sub-S09577_ses-E23566_run-1_bp-chest_vp-pa_cr,sub-S09577,probabilities/qata_test_sub-S09577_ses-E23566_run-1_bp-chest_vp-pa_cr.npy,masks/qata_test_sub-S09577_ses-E23566_run-1_bp-chest_vp-pa_cr.png,0.9752160559960298,0.951630889322666,4.123105625617661,1.3449101214751347
qata_test_sub-S09577_ses-E25722_run-1_bp-chest_vp-pa_cr,sub-S09577,probabilities/qata_test_sub-S09577_ses-E25722_run-1_bp-chest_vp-pa_cr.npy,masks/qata_test_sub-S09577_ses-E25722_run-1_bp-chest_vp-pa_cr.png,0.4023020005513713,0.25180102916465313,171.31724221788235,40.779107507381674
qata_test_sub-S09580_ses-E19608_run-1_bp-chest_vp-pa_cr,sub-S09580,probabilities/qata_test_sub-S09580_ses-E19608_run-1_bp-chest_vp-pa_cr.npy,masks/qata_test_sub-S09580_ses-E19608_run-1_bp-chest_vp-pa_cr.png,0.4618044959875719,0.30022483799364863,165.90222950430928,47.51392905053549
qata_test_sub-S09580_ses-E20601_run-1_bp-chest_vp-pa_cr,sub-S09580,probabilities/qata_test_sub-S09580_ses-E20601_run-1_bp-chest_vp-pa_cr.npy,masks/qata_test_sub-S09580_ses-E20601_run-1_bp-chest_vp-pa_cr.png,0.9804371395798613,0.9616250038530295,2.23606797749979,0.9284887981650589
qata_test_sub-S09580_ses-E24448_run-1_bp-chest_vp-pa_cr,sub-S09580,probabilities/qata_test_sub-S09580_ses-E24448_run-1_bp-chest_vp-pa_cr.npy,masks/qata_test_sub-S09580_ses-E24448_run-1_bp-chest_vp-pa_cr.png,0.3758122743738645,0.2313847521756903,56.34555614697765,15.426256718852466
qata_test_sub-S09580_ses-E26037_run-1_bp-chest_vp-pa_cr,sub-S09580,probabilities/qata_test_sub-S09580_ses-E26037_run-1_bp-chest_vp-pa_cr.npy,masks/qata_test_sub-S09580_ses-E26037_run-1_bp-chest_vp-pa_cr.png,0.9690607734807092,0.9399785637729499,4.123105625617661,1.4784963857098623
qata_test_sub-S09581_ses-E16438_run-1_bp-chest_vp-pa_dx,sub-S09581,probabilities/qata_test_sub-S09581_ses-E16438_run-1_bp-chest_vp-pa_dx.npy,masks/qata_test_sub-S09581_ses-E16438_run-1_bp-chest_vp-pa_dx.png,0.8663919952919096,0.7642782969903258,15.241383604951595,4.105568628470974
qata_test_sub-S09581_ses-E25701_run-1_bp-chest_vp-pa_cr,sub-S09581,probabilities/qata_test_sub-S09581_ses-E25701_run-1_bp-chest_vp-pa_cr.npy,masks/qata_test_sub-S09581_ses-E25701_run-1_bp-chest_vp-pa_cr.png,0.759380706629997,0.6120980954341284,76.46567270217558,13.946177619987255
qata_test_sub-S09581_ses-E26029_run-1_bp-chest_vp-pa_cr,sub-S09581,probabilities/qata_test_sub-S09581_ses-E26029_run-1_bp-chest_vp-pa_cr.npy,masks/qata_test_sub-S09581_ses-E26029_run-1_bp-chest_vp-pa_cr.png,0.9044571108206306,0.8255789159459868,18.110770276274835,4.120533612822065
qata_test_sub-S09581_ses-E26451_run-1_bp-chest_vp-pa_cr,sub-S09581,probabilities/qata_test_sub-S09581_ses-E26451_run-1_bp-chest_vp-pa_cr.npy,masks/qata_test_sub-S09581_ses-E26451_run-1_bp-chest_vp-pa_cr.png,0.8009377398813283,0.6679701017382934,38.32557797570758,6.765064782297988
qata_test_sub-S09583_ses-E16442_run-1_bp-chest_vp-ap_cr,sub-S09583,probabilities/qata_test_sub-S09583_ses-E16442_run-1_bp-chest_vp-ap_cr.npy,masks/qata_test_sub-S09583_ses-E16442_run-1_bp-chest_vp-ap_cr.png,0.530222167062615,0.3607498733376055,160.822883943797,40.22074440236661
qata_test_sub-S09583_ses-E20623_run-1_bp-chest_vp-ap_cr,sub-S09583,probabilities/qata_test_sub-S09583_ses-E20623_run-1_bp-chest_vp-ap_cr.npy,masks/qata_test_sub-S09583_ses-E20623_run-1_bp-chest_vp-ap_cr.png,0.5200626642421668,0.3514085709429694,97.68695784935372,21.605406080317216
qata_test_sub-S09583_ses-E20786_run-1_bp-chest_vp-ap_cr,sub-S09583,probabilities/qata_test_sub-S09583_ses-E20786_run-1_bp-chest_vp-ap_cr.npy,masks/qata_test_sub-S09583_ses-E20786_run-1_bp-chest_vp-ap_cr.png,0.9492024454875402,0.903316191983441,9.899494936611665,2.6879006892401947
qata_test_sub-S09585_ses-E16444_run-1_bp-chest_vp-ap_dx,sub-S09585,probabilities/qata_test_sub-S09585_ses-E16444_run-1_bp-chest_vp-ap_dx.npy,masks/qata_test_sub-S09585_ses-E16444_run-1_bp-chest_vp-ap_dx.png,0.9442061744137703,0.8943092406225277,11.955704986607916,4.52321255086803
qata_test_sub-S09587_ses-E16446_run-1_bp-chest_vp-ap_cr,sub-S09587,probabilities/qata_test_sub-S09587_ses-E16446_run-1_bp-chest_vp-ap_cr.npy,masks/qata_test_sub-S09587_ses-E16446_run-1_bp-chest_vp-ap_cr.png,0.8810566530006498,0.7874005912487513,28.442925306655784,5.360668909913823
qata_test_sub-S09587_ses-E16933_run-1_bp-chest_vp-ap_cr,sub-S09587,probabilities/qata_test_sub-S09587_ses-E16933_run-1_bp-chest_vp-ap_cr.npy,masks/qata_test_sub-S09587_ses-E16933_run-1_bp-chest_vp-ap_cr.png,0.9440979396374687,0.8941150652869533,9.460407056280872,2.385506167778297
qata_test_sub-S09587_ses-E19674_run-1_bp-chest_vp-ap_cr,sub-S09587,probabilities/qata_test_sub-S09587_ses-E19674_run-1_bp-chest_vp-ap_cr.npy,masks/qata_test_sub-S09587_ses-E19674_run-1_bp-chest_vp-ap_cr.png,0.9096012162322311,0.8341913341920455,19.954915307102773,4.101730334731601
qata_test_sub-S09587_ses-E19990_run-1_bp-chest_vp-ap_cr,sub-S09587,probabilities/qata_test_sub-S09587_ses-E19990_run-1_bp-chest_vp-ap_cr.npy,masks/qata_test_sub-S09587_ses-E19990_run-1_bp-chest_vp-ap_cr.png,0.689779503536981,0.5264606265893083,93.32396897842864,18.53842476357965
qata_test_sub-S09587_ses-E21825_run-1_bp-chest_vp-ap_cr,sub-S09587,probabilities/qata_test_sub-S09587_ses-E21825_run-1_bp-chest_vp-ap_cr.npy,masks/qata_test_sub-S09587_ses-E21825_run-1_bp-chest_vp-ap_cr.png,0.9697812813973726,0.9413353338336344,4.0,1.33867632604755
qata_test_sub-S09587_ses-E22159_run-1_bp-chest_vp-ap_cr,sub-S09587,probabilities/qata_test_sub-S09587_ses-E22159_run-1_bp-chest_vp-ap_cr.npy,masks/qata_test_sub-S09587_ses-E22159_run-1_bp-chest_vp-ap_cr.png,0.9499224496691443,0.904621234279308,8.0,2.398012428394296
qata_test_sub-S09587_ses-E24699_run-1_bp-chest_vp-ap_cr,sub-S09587,probabilities/qata_test_sub-S09587_ses-E24699_run-1_bp-chest_vp-ap_cr.npy,masks/qata_test_sub-S09587_ses-E24699_run-1_bp-chest_vp-ap_cr.png,0.8365142857147528,0.7189725455541527,52.75175274682424,8.521637568028291
qata_test_sub-S09592_ses-E16452_acq-1_run-1_bp-chest_vp-pa_cr,sub-S09592,probabilities/qata_test_sub-S09592_ses-E16452_acq-1_run-1_bp-chest_vp-pa_cr.npy,masks/qata_test_sub-S09592_ses-E16452_acq-1_run-1_bp-chest_vp-pa_cr.png,0.7975266323896981,0.6632384998062533,17.46424919657298,6.812281974906948
qata_test_sub-S09594_ses-E16809_run-1_bp-chest_vp-ap_dx,sub-S09594,probabilities/qata_test_sub-S09594_ses-E16809_run-1_bp-chest_vp-ap_dx.npy,masks/qata_test_sub-S09594_ses-E16809_run-1_bp-chest_vp-ap_dx.png,0.5053191489418903,0.33807829182518834,93.44617383643138,17.679715686868914
qata_test_sub-S09594_ses-E17025_acq-1_run-1_bp-chest_vp-ap_dx,sub-S09594,probabilities/qata_test_sub-S09594_ses-E17025_acq-1_run-1_bp-chest_vp-ap_dx.npy,masks/qata_test_sub-S09594_ses-E17025_acq-1_run-1_bp-chest_vp-ap_dx.png,0.7817153778786198,0.6416525035999261,24.367962325820894,5.0850413388240305
qata_test_sub-S09594_ses-E17182_run-1_bp-chest_vp-ap_dx,sub-S09594,probabilities/qata_test_sub-S09594_ses-E17182_run-1_bp-chest_vp-ap_dx.npy,masks/qata_test_sub-S09594_ses-E17182_run-1_bp-chest_vp-ap_dx.png,0.10279991825973021,0.05418506949203722,74.84909774750727,28.890507495608183
qata_test_sub-S09594_ses-E17429_acq-1_run-1_bp-chest_vp-ap_dx,sub-S09594,probabilities/qata_test_sub-S09594_ses-E17429_acq-1_run-1_bp-chest_vp-ap_dx.npy,masks/qata_test_sub-S09594_ses-E17429_acq-1_run-1_bp-chest_vp-ap_dx.png,0.7136909135474688,0.5548362528645309,28.06643879599831,6.787042585964363
qata_test_sub-S09594_ses-E18157_run-1_bp-chest_vp-ap_dx,sub-S09594,probabilities/qata_test_sub-S09594_ses-E18157_run-1_bp-chest_vp-ap_dx.npy,masks/qata_test_sub-S09594_ses-E18157_run-1_bp-chest_vp-ap_dx.png,0.48342632097992405,0.3187621727046362,173.37660776790185,50.45059916824035
qata_test_sub-S09597_ses-E26985_run-1_bp-chest_vp-ap_cr,sub-S09597,probabilities/qata_test_sub-S09597_ses-E26985_run-1_bp-chest_vp-ap_cr.npy,masks/qata_test_sub-S09597_ses-E26985_run-1_bp-chest_vp-ap_cr.png,0.5708545089283671,0.3994376447337175,121.00575324358154,28.997023544139452
qata_test_sub-S09598_ses-E17426_run-1_bp-chest_vp-ap_cr,sub-S09598,probabilities/qata_test_sub-S09598_ses-E17426_run-1_bp-chest_vp-ap_cr.npy,masks/qata_test_sub-S09598_ses-E17426_run-1_bp-chest_vp-ap_cr.png,0.8746582586660121,0.7772379060867597,20.0,4.851898382761578
qata_test_sub-S09599_ses-E16461_run-1_bp-chest_vp-ap_cr,sub-S09599,probabilities/qata_test_sub-S09599_ses-E16461_run-1_bp-chest_vp-ap_cr.npy,masks/qata_test_sub-S09599_ses-E16461_run-1_bp-chest_vp-ap_cr.png,0.7577229810270628,0.609946871316264,208.1680802157603,49.9485216756496
qata_test_sub-S09599_ses-E17261_run-1_bp-chest_vp-ap_cr,sub-S09599,probabilities/qata_test_sub-S09599_ses-E17261_run-1_bp-chest_vp-ap_cr.npy,masks/qata_test_sub-S09599_ses-E17261_run-1_bp-chest_vp-ap_cr.png,0.852388128154017,0.7427494861869975,12.07890083411434,3.749967081859556
qata_test_sub-S09600_ses-E19138_run-1_bp-chest_vp-pa_cr,sub-S09600,probabilities/qata_test_sub-S09600_ses-E19138_run-1_bp-chest_vp-pa_cr.npy,masks/qata_test_sub-S09600_ses-E19138_run-1_bp-chest_vp-pa_cr.png,0.6705698672976079,0.504403992968162,167.30152276617196,18.691887679566797
qata_test_sub-S09601_ses-E16463_run-1_bp-chest_vp-ap_cr,sub-S09601,probabilities/qata_test_sub-S09601_ses-E16463_run-1_bp-chest_vp-ap_cr.npy,masks/qata_test_sub-S09601_ses-E16463_run-1_bp-chest_vp-ap_cr.png,0.9429053682164479,0.8919782012569267,9.0,2.7164511702644694
qata_test_sub-S09601_ses-E19211_run-1_bp-chest_vp-ap_cr,sub-S09601,probabilities/qata_test_sub-S09601_ses-E19211_run-1_bp-chest_vp-ap_cr.npy,masks/qata_test_sub-S09601_ses-E19211_run-1_bp-chest_vp-ap_cr.png,0.9600231453905614,0.9231197224588495,5.0990195135927845,2.322290187898987
qata_test_sub-S09601_ses-E25208_run-1_bp-chest_vp-ap_cr,sub-S09601,probabilities/qata_test_sub-S09601_ses-E25208_run-1_bp-chest_vp-ap_cr.npy,masks/qata_test_sub-S09601_ses-E25208_run-1_bp-chest_vp-ap_cr.png,0.9706687524443184,0.9430091185412138,5.0,1.4622608602276905
qata_test_sub-S09601_ses-E25407_run-1_bp-chest_vp-ap_cr,sub-S09601,probabilities/qata_test_sub-S09601_ses-E25407_run-1_bp-chest_vp-ap_cr.npy,masks/qata_test_sub-S09601_ses-E25407_run-1_bp-chest_vp-ap_cr.png,0.7430454154035286,0.5911473847265842,76.50587874170594,18.310539641021393
qata_test_sub-S09603_ses-E16466_run-1_bp-chest_vp-ap_dx,sub-S09603,probabilities/qata_test_sub-S09603_ses-E16466_run-1_bp-chest_vp-ap_dx.npy,masks/qata_test_sub-S09603_ses-E16466_run-1_bp-chest_vp-ap_dx.png,0.966798193629744,0.9357302587635822,5.656854249492381,1.6415689821655302
qata_test_sub-S09603_ses-E16688_run-1_bp-chest_vp-ap_dx,sub-S09603,probabilities/qata_test_sub-S09603_ses-E16688_run-1_bp-chest_vp-ap_dx.npy,masks/qata_test_sub-S09603_ses-E16688_run-1_bp-chest_vp-ap_dx.png,0.9676071428572007,0.9372470335906969,3.1622776601683795,1.3606213420947977
qata_test_sub-S09603_ses-E16811_run-1_bp-chest_vp-ap_cr,sub-S09603,probabilities/qata_test_sub-S09603_ses-E16811_run-1_bp-chest_vp-ap_cr.npy,masks/qata_test_sub-S09603_ses-E16811_run-1_bp-chest_vp-ap_cr.png,0.9710999705102272,0.9438234451134142,3.0,1.2273901558557283
qata_test_sub-S09603_ses-E16941_run-1_bp-chest_vp-ap_dx,sub-S09603,probabilities/qata_test_sub-S09603_ses-E16941_run-1_bp-chest_vp-ap_dx.npy,masks/qata_test_sub-S09603_ses-E16941_run-1_bp-chest_vp-ap_dx.png,0.9460505666957907,0.8976242472373379,15.524174696260024,3.319502456540323
qata_test_sub-S09603_ses-E17094_run-1_bp-chest_vp-ap_dx,sub-S09603,probabilities/qata_test_sub-S09603_ses-E17094_run-1_bp-chest_vp-ap_dx.npy,masks/qata_test_sub-S09603_ses-E17094_run-1_bp-chest_vp-ap_dx.png,0.9714329129312197,0.9444526517951527,4.0,1.1996483108767013
qata_test_sub-S09603_ses-E17179_run-1_bp-chest_vp-ap_dx,sub-S09603,probabilities/qata_test_sub-S09603_ses-E17179_run-1_bp-chest_vp-ap_dx.npy,masks/qata_test_sub-S09603_ses-E17179_run-1_bp-chest_vp-ap_dx.png,0.9192273135670571,0.850527890930666,22.783717441311722,4.737642765893923
qata_test_sub-S09603_ses-E17471_run-1_bp-chest_vp-ap_dx,sub-S09603,probabilities/qata_test_sub-S09603_ses-E17471_run-1_bp-chest_vp-ap_dx.npy,masks/qata_test_sub-S09603_ses-E17471_run-1_bp-chest_vp-ap_dx.png,0.9358589238744014,0.8794500511923959,17.10845712835397,3.222658579754825
qata_test_sub-S09603_ses-E17892_run-1_bp-chest_vp-ap_dx,sub-S09603,probabilities/qata_test_sub-S09603_ses-E17892_run-1_bp-chest_vp-ap_dx.npy,masks/qata_test_sub-S09603_ses-E17892_run-1_bp-chest_vp-ap_dx.png,0.9651652848232745,0.9326757893491716,4.0,1.6682815305601213
qata_test_sub-S09603_ses-E18619_run-1_bp-chest_vp-ap_dx,sub-S09603,probabilities/qata_test_sub-S09603_ses-E18619_run-1_bp-chest_vp-ap_dx.npy,masks/qata_test_sub-S09603_ses-E18619_run-1_bp-chest_vp-ap_dx.png,0.6040134803931678,0.4326785910258873,124.22157270467434,26.330731189080186
qata_test_sub-S09603_ses-E18961_run-1_bp-chest_vp-pa_dx,sub-S09603,probabilities/qata_test_sub-S09603_ses-E18961_run-1_bp-chest_vp-pa_dx.npy,masks/qata_test_sub-S09603_ses-E18961_run-1_bp-chest_vp-pa_dx.png,0.9020138970680602,0.8215166791824356,6.324555320336759,2.343301286285937
qata_test_sub-S09603_ses-E19210_run-1_bp-chest_vp-ap_dx,sub-S09603,probabilities/qata_test_sub-S09603_ses-E19210_run-1_bp-chest_vp-ap_dx.npy,masks/qata_test_sub-S09603_ses-E19210_run-1_bp-chest_vp-ap_dx.png,0.9580235420928724,0.9194291625525005,8.0,2.3031685791783105
qata_test_sub-S09603_ses-E20289_run-1_bp-chest_vp-ap_dx,sub-S09603,probabilities/qata_test_sub-S09603_ses-E20289_run-1_bp-chest_vp-ap_dx.npy,masks/qata_test_sub-S09603_ses-E20289_run-1_bp-chest_vp-ap_dx.png,0.9618260755928475,0.9264594813843003,5.0990195135927845,1.822797819914042
qata_test_sub-S09603_ses-E20411_run-1_bp-chest_vp-pa_cr,sub-S09603,probabilities/qata_test_sub-S09603_ses-E20411_run-1_bp-chest_vp-pa_cr.npy,masks/qata_test_sub-S09603_ses-E20411_run-1_bp-chest_vp-pa_cr.png,0.7716246088485872,0.6281667757332515,83.20816611643754,13.123970015697727
qata_test_sub-S09603_ses-E20811_run-1_bp-chest_vp-ap_dx,sub-S09603,probabilities/qata_test_sub-S09603_ses-E20811_run-1_bp-chest_vp-ap_dx.npy,masks/qata_test_sub-S09603_ses-E20811_run-1_bp-chest_vp-ap_dx.png,0.9642759485934531,0.9310162753139178,6.0,1.7266512646487424
qata_test_sub-S09603_ses-E20944_run-1_bp-chest_vp-ap_dx,sub-S09603,probabilities/qata_test_sub-S09603_ses-E20944_run-1_bp-chest_vp-ap_dx.npy,masks/qata_test_sub-S09603_ses-E20944_run-1_bp-chest_vp-ap_dx.png,0.9678254201546939,0.9376567094878884,5.0,1.4833180703853002
qata_test_sub-S09603_ses-E21502_run-1_bp-chest_vp-pa_dx,sub-S09603,probabilities/qata_test_sub-S09603_ses-E21502_run-1_bp-chest_vp-pa_dx.npy,masks/qata_test_sub-S09603_ses-E21502_run-1_bp-chest_vp-pa_dx.png,0.7181996086133248,0.5603053435181633,124.71085966095383,29.83635625712921
qata_test_sub-S09603_ses-E21673_run-1_bp-chest_vp-ap_dx,sub-S09603,probabilities/qata_test_sub-S09603_ses-E21673_run-1_bp-chest_vp-ap_dx.npy,masks/qata_test_sub-S09603_ses-E21673_run-1_bp-chest_vp-ap_dx.png,0.9751992783093876,0.9515989378897726,4.311489267483311,1.1384498529923737
qata_test_sub-S09603_ses-E22179_run-1_bp-chest_vp-ap_dx,sub-S09603,probabilities/qata_test_sub-S09603_ses-E22179_run-1_bp-chest_vp-ap_dx.npy,masks/qata_test_sub-S09603_ses-E22179_run-1_bp-chest_vp-ap_dx.png,0.962804898066441,0.9282775210485273,6.0,1.8041080680666706
qata_test_sub-S09603_ses-E22342_run-1_bp-chest_vp-ap_dx,sub-S09603,probabilities/qata_test_sub-S09603_ses-E22342_run-1_bp-chest_vp-ap_dx.npy,masks/qata_test_sub-S09603_ses-E22342_run-1_bp-chest_vp-ap_dx.png,0.9679840341803913,0.9379545145037779,5.0,1.639145001816742
qata_test_sub-S09603_ses-E26803_run-1_bp-chest_vp-pa_dx,sub-S09603,probabilities/qata_test_sub-S09603_ses-E26803_run-1_bp-chest_vp-pa_dx.npy,masks/qata_test_sub-S09603_ses-E26803_run-1_bp-chest_vp-pa_dx.png,0.7052412029892671,0.544689253798122,45.182407745619344,8.880407816208965
qata_test_sub-S09605_ses-E16470_acq-2_run-1_bp-chest_vp-pa_dx,sub-S09605,probabilities/qata_test_sub-S09605_ses-E16470_acq-2_run-1_bp-chest_vp-pa_dx.npy,masks/qata_test_sub-S09605_ses-E16470_acq-2_run-1_bp-chest_vp-pa_dx.png,0.3490771861586822,0.21144367455381494,137.58995503567292,53.885319851293126
qata_test_sub-S09605_ses-E16610_run-1_bp-chest_vp-pa_dx,sub-S09605,probabilities/qata_test_sub-S09605_ses-E16610_run-1_bp-chest_vp-pa_dx.npy,masks/qata_test_sub-S09605_ses-E16610_run-1_bp-chest_vp-pa_dx.png,0.8351134326037456,0.716905367422588,27.886083991982588,6.166436531845347
qata_test_sub-S09605_ses-E16817_run-1_bp-chest_vp-pa_dx,sub-S09605,probabilities/qata_test_sub-S09605_ses-E16817_run-1_bp-chest_vp-pa_dx.npy,masks/qata_test_sub-S09605_ses-E16817_run-1_bp-chest_vp-pa_dx.png,0.7290205907556425,0.5735896155787639,74.33034373659252,12.753065657062768
qata_test_sub-S09605_ses-E16943_acq-2_run-1_bp-chest_vp-pa_dx,sub-S09605,probabilities/qata_test_sub-S09605_ses-E16943_acq-2_run-1_bp-chest_vp-pa_dx.npy,masks/qata_test_sub-S09605_ses-E16943_acq-2_run-1_bp-chest_vp-pa_dx.png,0.8533424803725386,0.7441999601160394,20.0,4.784422661636865
qata_test_sub-S09605_ses-E17180_run-1_bp-chest_vp-ap_dx,sub-S09605,probabilities/qata_test_sub-S09605_ses-E17180_run-1_bp-chest_vp-ap_dx.npy,masks/qata_test_sub-S09605_ses-E17180_run-1_bp-chest_vp-ap_dx.png,0.9188773125878471,0.8499288039063775,12.247245931013522,4.172032965867854
qata_test_sub-S09605_ses-E17435_acq-2_run-1_bp-chest_vp-ap_dx,sub-S09605,probabilities/qata_test_sub-S09605_ses-E17435_acq-2_run-1_bp-chest_vp-ap_dx.npy,masks/qata_test_sub-S09605_ses-E17435_acq-2_run-1_bp-chest_vp-ap_dx.png,0.8578127465792146,0.7510263698099202,23.45736291875988,4.415526803370729
qata_test_sub-S09605_ses-E17476_run-1_bp-chest_vp-ap_dx,sub-S09605,probabilities/qata_test_sub-S09605_ses-E17476_run-1_bp-chest_vp-ap_dx.npy,masks/qata_test_sub-S09605_ses-E17476_run-1_bp-chest_vp-ap_dx.png,0.6902647882889773,0.5270262127175233,68.40796646279338,12.79593978001589
qata_test_sub-S09605_ses-E26865_run-1_bp-chest_vp-pa_dx,sub-S09605,probabilities/qata_test_sub-S09605_ses-E26865_run-1_bp-chest_vp-pa_dx.npy,masks/qata_test_sub-S09605_ses-E26865_run-1_bp-chest_vp-pa_dx.png,0.8729184151249043,0.7744944348661664,17.08800749063506,3.7192313967029995
qata_test_sub-S09606_ses-E16471_run-1_bp-chest_vp-ap_cr,sub-S09606,probabilities/qata_test_sub-S09606_ses-E16471_run-1_bp-chest_vp-ap_cr.npy,masks/qata_test_sub-S09606_ses-E16471_run-1_bp-chest_vp-ap_cr.png,0.7365880824214572,0.583014986778416,30.4138126514911,8.571457187414651
qata_test_sub-S09606_ses-E17751_run-1_bp-chest_vp-ap_cr,sub-S09606,probabilities/qata_test_sub-S09606_ses-E17751_run-1_bp-chest_vp-ap_cr.npy,masks/qata_test_sub-S09606_ses-E17751_run-1_bp-chest_vp-ap_cr.png,0.9511767608870357,0.9068990134997829,7.615773105863909,2.412441286023365
qata_test_sub-S09609_ses-E16474_run-2_bp-chest_vp-pa_dx,sub-S09609,probabilities/qata_test_sub-S09609_ses-E16474_run-2_bp-chest_vp-pa_dx.npy,masks/qata_test_sub-S09609_ses-E16474_run-2_bp-chest_vp-pa_dx.png,0.4979321753584514,0.3314977973690988,188.32153355365392,57.610302276010394
qata_test_sub-S09609_ses-E19449_run-1_bp-chest_vp-ap_cr,sub-S09609,probabilities/qata_test_sub-S09609_ses-E19449_run-1_bp-chest_vp-ap_cr.npy,masks/qata_test_sub-S09609_ses-E19449_run-1_bp-chest_vp-ap_cr.png,0.9544511287652662,0.9128708901366765,7.615773105863909,1.9595156283859527
qata_test_sub-S09609_ses-E19845_run-1_bp-chest_vp-pa_cr,sub-S09609,probabilities/qata_test_sub-S09609_ses-E19845_run-1_bp-chest_vp-pa_cr.npy,masks/qata_test_sub-S09609_ses-E19845_run-1_bp-chest_vp-pa_cr.png,0.9531347221186363,0.9104655033050713,6.0786244037832935,1.8369483001142244
qata_test_sub-S09609_ses-E21382_run-1_bp-chest_vp-pa_cr,sub-S09609,probabilities/qata_test_sub-S09609_ses-E21382_run-1_bp-chest_vp-pa_cr.npy,masks/qata_test_sub-S09609_ses-E21382_run-1_bp-chest_vp-pa_cr.png,0.6994035376403774,0.537755989566397,59.03261784233906,11.892843215558896
qata_test_sub-S09609_ses-E23666_run-1_bp-chest_vp-ap_cr,sub-S09609,probabilities/qata_test_sub-S09609_ses-E23666_run-1_bp-chest_vp-ap_cr.npy,masks/qata_test_sub-S09609_ses-E23666_run-1_bp-chest_vp-ap_cr.png,0.9448099337889603,0.8953931277819839,7.0,2.1667956499735657
qata_test_sub-S09609_ses-E25797_run-1_bp-chest_vp-ap_cr,sub-S09609,probabilities/qata_test_sub-S09609_ses-E25797_run-1_bp-chest_vp-ap_cr.npy,masks/qata_test_sub-S09609_ses-E25797_run-1_bp-chest_vp-ap_cr.png,0.7753282275717305,0.6330906329582656,28.792360097775937,8.326368989797063
qata_test_sub-S09610_ses-E19688_run-1_bp-chest_vp-pa_cr,sub-S09610,probabilities/qata_test_sub-S09610_ses-E19688_run-1_bp-chest_vp-pa_cr.npy,masks/qata_test_sub-S09610_ses-E19688_run-1_bp-chest_vp-pa_cr.png,0.3919064361096943,0.24370872747417713,228.20609778962375,86.48769969372367
qata_test_sub-S09610_ses-E20704_run-1_bp-chest_vp-pa_cr,sub-S09610,probabilities/qata_test_sub-S09610_ses-E20704_run-1_bp-chest_vp-pa_cr.npy,masks/qata_test_sub-S09610_ses-E20704_run-1_bp-chest_vp-pa_cr.png,0.5862637362694194,0.4146910221645027,224.6713101994685,67.10398370776053
qata_test_sub-S09610_ses-E23665_run-1_bp-chest_vp-pa_cr,sub-S09610,probabilities/qata_test_sub-S09610_ses-E23665_run-1_bp-chest_vp-pa_cr.npy,masks/qata_test_sub-S09610_ses-E23665_run-1_bp-chest_vp-pa_cr.png,0.7289032373790292,0.5734443347003425,172.60540445909692,36.771286177857235
qata_test_sub-S09611_ses-E17966_acq-1_run-1_bp-chest_vp-ll_dx,sub-S09611,probabilities/qata_test_sub-S09611_ses-E17966_acq-1_run-1_bp-chest_vp-ll_dx.npy,masks/qata_test_sub-S09611_ses-E17966_acq-1_run-1_bp-chest_vp-ll_dx.png,0.25878630354549903,0.14862409139215182,89.11451435637842,29.893875848004065
qata_test_sub-S09612_ses-E16477_run-1_bp-chest_vp-ap_cr,sub-S09612,probabilities/qata_test_sub-S09612_ses-E16477_run-1_bp-chest_vp-ap_cr.npy,masks/qata_test_sub-S09612_ses-E16477_run-1_bp-chest_vp-ap_cr.png,0.8651949271961304,0.7624172185438658,34.40054017815538,5.508763674926747
qata_test_sub-S09613_ses-E16479_run-1_bp-chest_vp-pa_cr,sub-S09613,probabilities/qata_test_sub-S09613_ses-E16479_run-1_bp-chest_vp-pa_cr.npy,masks/qata_test_sub-S09613_ses-E16479_run-1_bp-chest_vp-pa_cr.png,0.5358218825811167,0.36595402991703346,30.191800523302472,9.521723353601486
qata_test_sub-S09613_ses-E17619_run-1_bp-chest_vp-ap_dx,sub-S09613,probabilities/qata_test_sub-S09613_ses-E17619_run-1_bp-chest_vp-ap_dx.npy,masks/qata_test_sub-S09613_ses-E17619_run-1_bp-chest_vp-ap_dx.png,0.9156713282517742,0.8444592051372949,18.39835446178412,4.247564159339775
qata_test_sub-S09615_ses-E23637_run-1_bp-chest_vp-ap_dx,sub-S09615,probabilities/qata_test_sub-S09615_ses-E23637_run-1_bp-chest_vp-ap_dx.npy,masks/qata_test_sub-S09615_ses-E23637_run-1_bp-chest_vp-ap_dx.png,0.8335537502372092,0.7146096533882451,18.867962264113206,4.430942111092549
qata_test_sub-S09615_ses-E23807_run-1_bp-chest_vp-ap_dx,sub-S09615,probabilities/qata_test_sub-S09615_ses-E23807_run-1_bp-chest_vp-ap_dx.npy,masks/qata_test_sub-S09615_ses-E23807_run-1_bp-chest_vp-ap_dx.png,0.915000099695103,0.8433181417235985,41.0,6.916110103775769
qata_test_sub-S09615_ses-E24190_run-1_bp-chest_vp-ap_dx,sub-S09615,probabilities/qata_test_sub-S09615_ses-E24190_run-1_bp-chest_vp-ap_dx.npy,masks/qata_test_sub-S09615_ses-E24190_run-1_bp-chest_vp-ap_dx.png,0.8897300112858934,0.8013636505807983,18.812194638873095,4.859317602246296
qata_test_sub-S09615_ses-E24891_run-1_bp-chest_vp-pa_dx,sub-S09615,probabilities/qata_test_sub-S09615_ses-E24891_run-1_bp-chest_vp-pa_dx.npy,masks/qata_test_sub-S09615_ses-E24891_run-1_bp-chest_vp-pa_dx.png,0.6879634911609814,0.52434782609385,63.04600579293802,14.18980203048137
qata_test_sub-S09615_ses-E25783_run-1_bp-chest_vp-ap_dx,sub-S09615,probabilities/qata_test_sub-S09615_ses-E25783_run-1_bp-chest_vp-ap_dx.npy,masks/qata_test_sub-S09615_ses-E25783_run-1_bp-chest_vp-ap_dx.png,0.5484282565853821,0.3778168451384224,206.16675471739566,56.14987530514292
qata_test_sub-S09615_ses-E26546_run-1_bp-chest_vp-ap_dx,sub-S09615,probabilities/qata_test_sub-S09615_ses-E26546_run-1_bp-chest_vp-ap_dx.npy,masks/qata_test_sub-S09615_ses-E26546_run-1_bp-chest_vp-ap_dx.png,0.9614415399095828,0.9257461923000387,5.385164807134504,1.9003576036141607
qata_test_sub-S09616_ses-E22845_run-1_bp-chest_vp-ap_dx,sub-S09616,probabilities/qata_test_sub-S09616_ses-E22845_run-1_bp-chest_vp-ap_dx.npy,masks/qata_test_sub-S09616_ses-E22845_run-1_bp-chest_vp-ap_dx.png,0.19402374131267536,0.10743427018574442,122.52042345164548,47.89763915171867
qata_test_sub-S09617_ses-E23757_run-1_bp-chest_vp-ap_dx,sub-S09617,probabilities/qata_test_sub-S09617_ses-E23757_run-1_bp-chest_vp-ap_dx.npy,masks/qata_test_sub-S09617_ses-E23757_run-1_bp-chest_vp-ap_dx.png,0.7201946472055296,0.5627376425943018,25.041949720598332,14.917503663359975
qata_test_sub-S09617_ses-E24856_run-1_bp-chest_vp-ap_dx,sub-S09617,probabilities/qata_test_sub-S09617_ses-E24856_run-1_bp-chest_vp-ap_dx.npy,masks/qata_test_sub-S09617_ses-E24856_run-1_bp-chest_vp-ap_dx.png,0.5557448880287762,0.3847968987125434,236.2849944603456,41.85440008730284
qata_test_sub-S09617_ses-E25206_run-1_bp-chest_vp-ap_dx,sub-S09617,probabilities/qata_test_sub-S09617_ses-E25206_run-1_bp-chest_vp-ap_dx.npy,masks/qata_test_sub-S09617_ses-E25206_run-1_bp-chest_vp-ap_dx.png,0.8514379002897687,0.7413076754893799,15.241373061085389,3.91435412732939
qata_test_sub-S09617_ses-E26139_run-1_bp-chest_vp-ap_dx,sub-S09617,probabilities/qata_test_sub-S09617_ses-E26139_run-1_bp-chest_vp-ap_dx.npy,masks/qata_test_sub-S09617_ses-E26139_run-1_bp-chest_vp-ap_dx.png,0.5272664913738736,0.35801894116817234,65.66034326074413,14.75823774017291
qata_test_sub-S09618_ses-E16486_run-1_bp-chest_vp-pa_cr,sub-S09618,probabilities/qata_test_sub-S09618_ses-E16486_run-1_bp-chest_vp-pa_cr.npy,masks/qata_test_sub-S09618_ses-E16486_run-1_bp-chest_vp-pa_cr.png,0.14970187394431747,0.08090689378431457,223.96081970972904,111.74399087641228
qata_test_sub-S09619_ses-E16489_run-1_bp-chest_vp-ap_cr,sub-S09619,probabilities/qata_test_sub-S09619_ses-E16489_run-1_bp-chest_vp-ap_cr.npy,masks/qata_test_sub-S09619_ses-E16489_run-1_bp-chest_vp-ap_cr.png,0.818588025023152,0.692889561273125,22.219310957556843,6.516622909097288
qata_test_sub-S09619_ses-E26690_run-1_bp-chest_vp-ap_cr,sub-S09619,probabilities/qata_test_sub-S09619_ses-E26690_run-1_bp-chest_vp-ap_cr.npy,masks/qata_test_sub-S09619_ses-E26690_run-1_bp-chest_vp-ap_cr.png,0.7378662744684028,0.5846181427109247,161.10526836019193,38.590819204248554
qata_test_sub-S09620_ses-E23680_run-1_bp-chest_vp-ap_dx,sub-S09620,probabilities/qata_test_sub-S09620_ses-E23680_run-1_bp-chest_vp-ap_dx.npy,masks/qata_test_sub-S09620_ses-E23680_run-1_bp-chest_vp-ap_dx.png,0.5470550866725923,0.3765146783338349,43.97933107904994,13.88314916211745
qata_test_sub-S09620_ses-E24749_run-1_bp-chest_vp-ap_dx,sub-S09620,probabilities/qata_test_sub-S09620_ses-E24749_run-1_bp-chest_vp-ap_dx.npy,masks/qata_test_sub-S09620_ses-E24749_run-1_bp-chest_vp-ap_dx.png,0.5618309339293487,0.3906570841993385,58.76797074877753,14.011108607025738
qata_test_sub-S09624_ses-E20495_run-1_bp-chest_vp-ap_cr,sub-S09624,probabilities/qata_test_sub-S09624_ses-E20495_run-1_bp-chest_vp-ap_cr.npy,masks/qata_test_sub-S09624_ses-E20495_run-1_bp-chest_vp-ap_cr.png,0.7314086866881595,0.5765518642733256,87.86721620800454,13.253833901605338
qata_test_sub-S09624_ses-E21018_run-1_bp-chest_vp-ap_dx,sub-S09624,probabilities/qata_test_sub-S09624_ses-E21018_run-1_bp-chest_vp-ap_dx.npy,masks/qata_test_sub-S09624_ses-E21018_run-1_bp-chest_vp-ap_dx.png,0.6676366541148362,0.5010920303220372,65.33946100099666,15.4039601054009
qata_test_sub-S09624_ses-E23883_acq-1_run-1_bp-chest_vp-ll_dx,sub-S09624,probabilities/qata_test_sub-S09624_ses-E23883_acq-1_run-1_bp-chest_vp-ll_dx.npy,masks/qata_test_sub-S09624_ses-E23883_acq-1_run-1_bp-chest_vp-ll_dx.png,0.6513537505586844,0.48296857002660903,87.20636443768554,16.64237045474333
qata_test_sub-S09624_ses-E25044_run-1_bp-chest_vp-ap_dx,sub-S09624,probabilities/qata_test_sub-S09624_ses-E25044_run-1_bp-chest_vp-ap_dx.npy,masks/qata_test_sub-S09624_ses-E25044_run-1_bp-chest_vp-ap_dx.png,0.8593416470063494,0.7533733871774186,31.001612483854164,6.701018156926639
qata_test_sub-S09624_ses-E25904_run-1_bp-chest_vp-ap_cr,sub-S09624,probabilities/qata_test_sub-S09624_ses-E25904_run-1_bp-chest_vp-ap_cr.npy,masks/qata_test_sub-S09624_ses-E25904_run-1_bp-chest_vp-ap_cr.png,0.6694686756568639,0.5031588985635574,42.02141879808525,12.19445612841462
qata_test_sub-S09626_ses-E25311_acq-1_run-1_bp-chest_vp-ll_cr,sub-S09626,probabilities/qata_test_sub-S09626_ses-E25311_acq-1_run-1_bp-chest_vp-ll_cr.npy,masks/qata_test_sub-S09626_ses-E25311_acq-1_run-1_bp-chest_vp-ll_cr.png,0.7168567110905776,0.5586723768831119,166.43299952544973,54.86511295718969
qata_test_sub-S09626_ses-E25939_run-1_bp-chest_vp-ap_cr,sub-S09626,probabilities/qata_test_sub-S09626_ses-E25939_run-1_bp-chest_vp-ap_cr.npy,masks/qata_test_sub-S09626_ses-E25939_run-1_bp-chest_vp-ap_cr.png,0.4968553459145435,0.3305439330589852,206.15770570969477,61.61190388846035
qata_test_sub-S09628_ses-E16501_run-1_bp-chest_vp-pa_dx,sub-S09628,probabilities/qata_test_sub-S09628_ses-E16501_run-1_bp-chest_vp-pa_dx.npy,masks/qata_test_sub-S09628_ses-E16501_run-1_bp-chest_vp-pa_dx.png,0.7767129422321835,0.6349392297608004,171.34639835036057,35.91742383739598
qata_test_sub-S09629_ses-E16505_run-1_bp-chest_vp-ap_dx,sub-S09629,probabilities/qata_test_sub-S09629_ses-E16505_run-1_bp-chest_vp-ap_dx.npy,masks/qata_test_sub-S09629_ses-E16505_run-1_bp-chest_vp-ap_dx.png,0.36031589339650677,0.21974714029259992,45.68367937403636,14.398068569192777
qata_test_sub-S09629_ses-E22281_run-1_bp-chest_vp-ap_dx,sub-S09629,probabilities/qata_test_sub-S09629_ses-E22281_run-1_bp-chest_vp-ap_dx.npy,masks/qata_test_sub-S09629_ses-E22281_run-1_bp-chest_vp-ap_dx.png,0.8714697406358578,0.7722165475032631,16.290537878752883,3.822030864450056
qata_test_sub-S09629_ses-E23074_run-1_bp-chest_vp-ap_dx,sub-S09629,probabilities/qata_test_sub-S09629_ses-E23074_run-1_bp-chest_vp-ap_dx.npy,masks/qata_test_sub-S09629_ses-E23074_run-1_bp-chest_vp-ap_dx.png,0.5134569023455186,0.34540330728268515,40.796445504854695,12.814015072239489
qata_test_sub-S09631_ses-E25079_run-1_bp-chest_vp-ap_cr,sub-S09631,probabilities/qata_test_sub-S09631_ses-E25079_run-1_bp-chest_vp-ap_cr.npy,masks/qata_test_sub-S09631_ses-E25079_run-1_bp-chest_vp-ap_cr.png,0.8907833043709932,0.8030741945030856,20.518284528683193,4.501486346633889
qata_test_sub-S09631_ses-E25972_run-1_bp-chest_vp-ap_cr,sub-S09631,probabilities/qata_test_sub-S09631_ses-E25972_run-1_bp-chest_vp-ap_cr.npy,masks/qata_test_sub-S09631_ses-E25972_run-1_bp-chest_vp-ap_cr.png,0.9648725733738801,0.9321292708076505,4.380337847847441,1.5006762614923719
qata_test_sub-S09631_ses-E26175_run-1_bp-chest_vp-ap_dx,sub-S09631,probabilities/qata_test_sub-S09631_ses-E26175_run-1_bp-chest_vp-ap_dx.npy,masks/qata_test_sub-S09631_ses-E26175_run-1_bp-chest_vp-ap_dx.png,0.8598194515419526,0.7541081565595811,23.021728866442675,5.572001190531062
qata_test_sub-S09632_ses-E21267_run-1_bp-chest_vp-ap_dx,sub-S09632,probabilities/qata_test_sub-S09632_ses-E21267_run-1_bp-chest_vp-ap_dx.npy,masks/qata_test_sub-S09632_ses-E21267_run-1_bp-chest_vp-ap_dx.png,0.5832200342108539,0.41165180782929883,79.620746763091,16.927271353053296
qata_test_sub-S09632_ses-E22469_run-1_bp-chest_vp-ap_dx,sub-S09632,probabilities/qata_test_sub-S09632_ses-E22469_run-1_bp-chest_vp-ap_dx.npy,masks/qata_test_sub-S09632_ses-E22469_run-1_bp-chest_vp-ap_dx.png,0.9630498533725017,0.9287330316744601,5.0,1.6210441075195996
qata_test_sub-S09634_ses-E16518_run-1_bp-chest_vp-pa_cr,sub-S09634,probabilities/qata_test_sub-S09634_ses-E16518_run-1_bp-chest_vp-pa_cr.npy,masks/qata_test_sub-S09634_ses-E16518_run-1_bp-chest_vp-pa_cr.png,0.6396628424340982,0.47022375216969975,144.21940296360853,38.359072274500086
qata_test_sub-S09634_ses-E18890_run-1_bp-chest_vp-ap_dx,sub-S09634,probabilities/qata_test_sub-S09634_ses-E18890_run-1_bp-chest_vp-ap_dx.npy,masks/qata_test_sub-S09634_ses-E18890_run-1_bp-chest_vp-ap_dx.png,0.8263468117562082,0.704080915925377,18.439088914585774,5.4066619205052255
qata_test_sub-S09634_ses-E22954_run-1_bp-chest_cr,sub-S09634,probabilities/qata_test_sub-S09634_ses-E22954_run-1_bp-chest_cr.npy,masks/qata_test_sub-S09634_ses-E22954_run-1_bp-chest_cr.png,0.849129347964881,0.7378147548244897,37.07086656710865,8.672777952700944
qata_test_sub-S09639_ses-E16526_run-1_bp-chest_vp-ap_cr,sub-S09639,probabilities/qata_test_sub-S09639_ses-E16526_run-1_bp-chest_vp-ap_cr.npy,masks/qata_test_sub-S09639_ses-E16526_run-1_bp-chest_vp-ap_cr.png,0.777070063695422,0.6354166666697542,19.77242244075576,5.459457209913843
qata_test_sub-S09639_ses-E18079_run-1_bp-chest_vp-ap_dx,sub-S09639,probabilities/qata_test_sub-S09639_ses-E18079_run-1_bp-chest_vp-ap_dx.npy,masks/qata_test_sub-S09639_ses-E18079_run-1_bp-chest_vp-ap_dx.png,0.8306986231517617,0.7104230266036059,55.344371983102306,10.807710766525929
qata_test_sub-S09640_ses-E16527_run-2_bp-chest_cr,sub-S09640,probabilities/qata_test_sub-S09640_ses-E16527_run-2_bp-chest_cr.npy,masks/qata_test_sub-S09640_ses-E16527_run-2_bp-chest_cr.png,0.7167601246141214,0.5585550592433762,156.0,39.80405570779264
qata_test_sub-S09640_ses-E21642_run-1_bp-chest_vp-pa_dx,sub-S09640,probabilities/qata_test_sub-S09640_ses-E21642_run-1_bp-chest_vp-pa_dx.npy,masks/qata_test_sub-S09640_ses-E21642_run-1_bp-chest_vp-pa_dx.png,0.5547963924630391,0.3838880484231489,194.6574629640283,69.59278104086042
qata_test_sub-S09642_ses-E18595_run-1_bp-chest_vp-pa_dx,sub-S09642,probabilities/qata_test_sub-S09642_ses-E18595_run-1_bp-chest_vp-pa_dx.npy,masks/qata_test_sub-S09642_ses-E18595_run-1_bp-chest_vp-pa_dx.png,0.8727126483014643,0.7741705315753284,155.07546472740057,33.45521607294113
qata_test_sub-S09642_ses-E19110_run-1_bp-chest_vp-ap_dx,sub-S09642,probabilities/qata_test_sub-S09642_ses-E19110_run-1_bp-chest_vp-ap_dx.npy,masks/qata_test_sub-S09642_ses-E19110_run-1_bp-chest_vp-ap_dx.png,0.5414993306636295,0.37127122534714846,212.0728597488183,53.02947393924077
qata_test_sub-S09642_ses-E22563_run-1_bp-chest_vp-ap_dx,sub-S09642,probabilities/qata_test_sub-S09642_ses-E22563_run-1_bp-chest_vp-ap_dx.npy,masks/qata_test_sub-S09642_ses-E22563_run-1_bp-chest_vp-ap_dx.png,0.9407665505227473,0.8881578947371959,9.848857801796104,2.6814745690609003
qata_test_sub-S09642_ses-E24472_run-1_bp-chest_vp-ap_dx,sub-S09642,probabilities/qata_test_sub-S09642_ses-E24472_run-1_bp-chest_vp-ap_dx.npy,masks/qata_test_sub-S09642_ses-E24472_run-1_bp-chest_vp-ap_dx.png,0.9084053096896522,0.8321818691073094,79.39615116943196,9.883504094132128
qata_test_sub-S09642_ses-E24842_run-1_bp-chest_vp-pa_dx,sub-S09642,probabilities/qata_test_sub-S09642_ses-E24842_run-1_bp-chest_vp-pa_dx.npy,masks/qata_test_sub-S09642_ses-E24842_run-1_bp-chest_vp-pa_dx.png,0.5493209435351204,0.37866469574552025,178.05420465367047,36.13446836701191
qata_test_sub-S09642_ses-E25504_run-1_bp-chest_vp-ap_dx,sub-S09642,probabilities/qata_test_sub-S09642_ses-E25504_run-1_bp-chest_vp-ap_dx.npy,masks/qata_test_sub-S09642_ses-E25504_run-1_bp-chest_vp-ap_dx.png,0.7082369506214599,0.5482715664972241,220.15551117209012,36.00299618720346
qata_test_sub-S09644_ses-E18384_run-1_bp-chest_vp-ap_dx,sub-S09644,probabilities/qata_test_sub-S09644_ses-E18384_run-1_bp-chest_vp-ap_dx.npy,masks/qata_test_sub-S09644_ses-E18384_run-1_bp-chest_vp-ap_dx.png,0.8756109096648504,0.7787436904114905,15.899320797257667,4.392641438746322
qata_test_sub-S09644_ses-E25741_run-1_bp-chest_vp-pa_cr,sub-S09644,probabilities/qata_test_sub-S09644_ses-E25741_run-1_bp-chest_vp-pa_cr.npy,masks/qata_test_sub-S09644_ses-E25741_run-1_bp-chest_vp-pa_cr.png,0.8995508370770413,0.8174397031562469,7.498290980059676,2.6283435888036055
qata_test_sub-S09644_ses-E26051_run-1_bp-chest_vp-ap_dx,sub-S09644,probabilities/qata_test_sub-S09644_ses-E26051_run-1_bp-chest_vp-ap_dx.npy,masks/qata_test_sub-S09644_ses-E26051_run-1_bp-chest_vp-ap_dx.png,0.8961215080015544,0.8117936117951532,12.198349504706247,3.280810918920716
qata_test_sub-S09645_ses-E16533_run-1_bp-chest_vp-ap_dx,sub-S09645,probabilities/qata_test_sub-S09645_ses-E16533_run-1_bp-chest_vp-ap_dx.npy,masks/qata_test_sub-S09645_ses-E16533_run-1_bp-chest_vp-ap_dx.png,0.4516920058986834,0.29173265760875094,168.91697228424357,39.184723238006924
qata_test_sub-S09645_ses-E16927_run-1_bp-chest_cr,sub-S09645,probabilities/qata_test_sub-S09645_ses-E16927_run-1_bp-chest_cr.npy,masks/qata_test_sub-S09645_ses-E16927_run-1_bp-chest_cr.png,0.5286320254631859,0.3592792793023683,206.06720271073954,51.894951755318466
qata_test_sub-S09645_ses-E20801_run-1_bp-chest_vp-ap_dx,sub-S09645,probabilities/qata_test_sub-S09645_ses-E20801_run-1_bp-chest_vp-ap_dx.npy,masks/qata_test_sub-S09645_ses-E20801_run-1_bp-chest_vp-ap_dx.png,0.22549019608533427,0.12707182321318863,219.07338920234517,95.42763763333174
qata_test_sub-S09645_ses-E26858_run-1_bp-chest_vp-ap_cr,sub-S09645,probabilities/qata_test_sub-S09645_ses-E26858_run-1_bp-chest_vp-ap_cr.npy,masks/qata_test_sub-S09645_ses-E26858_run-1_bp-chest_vp-ap_cr.png,0.45527783516927745,0.29473121157275395,202.39935572754013,82.22949350820178
qata_test_sub-S09647_ses-E26113_run-1_bp-chest_vp-ap_cr,sub-S09647,probabilities/qata_test_sub-S09647_ses-E26113_run-1_bp-chest_vp-ap_cr.npy,masks/qata_test_sub-S09647_ses-E26113_run-1_bp-chest_vp-ap_cr.png,0.8182795698973581,0.6924476797228186,12.0,3.2641104136297305
qata_test_sub-S09650_ses-E16538_run-1_bp-chest_vp-ap_cr,sub-S09650,probabilities/qata_test_sub-S09650_ses-E16538_run-1_bp-chest_vp-ap_cr.npy,masks/qata_test_sub-S09650_ses-E16538_run-1_bp-chest_vp-ap_cr.png,0.8315944261618122,0.7117343881132477,14.078255558063285,3.7112373517309645
qata_test_sub-S09651_ses-E16807_run-1_bp-chest_vp-ap_dx,sub-S09651,probabilities/qata_test_sub-S09651_ses-E16807_run-1_bp-chest_vp-ap_dx.npy,masks/qata_test_sub-S09651_ses-E16807_run-1_bp-chest_vp-ap_dx.png,0.7587619047630535,0.6112944065095427,26.019223662515376,8.11634897227986
qata_test_sub-S09651_ses-E19416_run-1_bp-chest_vp-ap_dx,sub-S09651,probabilities/qata_test_sub-S09651_ses-E19416_run-1_bp-chest_vp-ap_dx.npy,masks/qata_test_sub-S09651_ses-E19416_run-1_bp-chest_vp-ap_dx.png,0.8356959087936453,0.7177642980960333,31.0,7.763852184349515
qata_test_sub-S09651_ses-E19665_run-1_bp-chest_vp-ap_dx,sub-S09651,probabilities/qata_test_sub-S09651_ses-E19665_run-1_bp-chest_vp-ap_dx.npy,masks/qata_test_sub-S09651_ses-E19665_run-1_bp-chest_vp-ap_dx.png,0.853698976235351,0.7447424005889212,21.337645238929127,5.930587588068737
qata_test_sub-S09651_ses-E20193_run-1_bp-chest_vp-ap_dx,sub-S09651,probabilities/qata_test_sub-S09651_ses-E20193_run-1_bp-chest_vp-ap_dx.npy,masks/qata_test_sub-S09651_ses-E20193_run-1_bp-chest_vp-ap_dx.png,0.8669012726574747,0.765071261434737,68.00416323186181,10.672433253384341
qata_test_sub-S09651_ses-E22019_run-1_bp-chest_vp-ap_dx,sub-S09651,probabilities/qata_test_sub-S09651_ses-E22019_run-1_bp-chest_vp-ap_dx.npy,masks/qata_test_sub-S09651_ses-E22019_run-1_bp-chest_vp-ap_dx.png,0.7842069435014271,0.6450167973190553,15.48334627019647,5.92050074964617
qata_test_sub-S09651_ses-E23114_run-1_bp-chest_vp-ap_dx,sub-S09651,probabilities/qata_test_sub-S09651_ses-E23114_run-1_bp-chest_vp-ap_dx.npy,masks/qata_test_sub-S09651_ses-E23114_run-1_bp-chest_vp-ap_dx.png,0.8980187011284508,0.8149128320493072,20.591260281974,5.134819792120539
qata_test_sub-S09651_ses-E23644_run-1_bp-chest_vp-ap_dx,sub-S09651,probabilities/qata_test_sub-S09651_ses-E23644_run-1_bp-chest_vp-ap_dx.npy,masks/qata_test_sub-S09651_ses-E23644_run-1_bp-chest_vp-ap_dx.png,0.2675415875250818,0.15442886571098124,140.47411909067048,57.252468469403894
qata_test_sub-S09651_ses-E27113_run-1_bp-chest_vp-ap_dx,sub-S09651,probabilities/qata_test_sub-S09651_ses-E27113_run-1_bp-chest_vp-ap_dx.npy,masks/qata_test_sub-S09651_ses-E27113_run-1_bp-chest_vp-ap_dx.png,0.8056690123522325,0.6745776679041015,54.0,10.192693301510108
qata_test_sub-S09653_ses-E16543_run-1_bp-chest_vp-ap_cr,sub-S09653,probabilities/qata_test_sub-S09653_ses-E16543_run-1_bp-chest_vp-ap_cr.npy,masks/qata_test_sub-S09653_ses-E16543_run-1_bp-chest_vp-ap_cr.png,0.8517673144650718,0.7418072357599715,19.916924876994756,4.652265932696342
qata_test_sub-S09653_ses-E16948_run-2_bp-chest_vp-ap_dx,sub-S09653,probabilities/qata_test_sub-S09653_ses-E16948_run-2_bp-chest_vp-ap_dx.npy,masks/qata_test_sub-S09653_ses-E16948_run-2_bp-chest_vp-ap_dx.png,0.9482606101751769,0.9016117674677192,10.198039027185569,2.428457782430649
qata_test_sub-S09653_ses-E21504_run-1_bp-chest_vp-ap_cr,sub-S09653,probabilities/qata_test_sub-S09653_ses-E21504_run-1_bp-chest_vp-ap_cr.npy,masks/qata_test_sub-S09653_ses-E21504_run-1_bp-chest_vp-ap_cr.png,0.6758636815348225,0.5104185060943386,94.05866899104424,19.22016450424787
qata_test_sub-S09653_ses-E21911_run-1_bp-chest_vp-pa_cr,sub-S09653,probabilities/qata_test_sub-S09653_ses-E21911_run-1_bp-chest_vp-pa_cr.npy,masks/qata_test_sub-S09653_ses-E21911_run-1_bp-chest_vp-pa_cr.png,0.7764543016186184,0.6345936262510155,60.41522986797286,8.887253094532458
qata_test_sub-S09653_ses-E22819_run-1_bp-chest_vp-ap_dx,sub-S09653,probabilities/qata_test_sub-S09653_ses-E22819_run-1_bp-chest_vp-ap_dx.npy,masks/qata_test_sub-S09653_ses-E22819_run-1_bp-chest_vp-ap_dx.png,0.6912963342220303,0.5282298447701037,60.829096625604514,12.437199595563488
qata_test_sub-S09653_ses-E23000_run-1_bp-chest_vp-ap_dx,sub-S09653,probabilities/qata_test_sub-S09653_ses-E23000_run-1_bp-chest_vp-ap_dx.npy,masks/qata_test_sub-S09653_ses-E23000_run-1_bp-chest_vp-ap_dx.png,0.871852739967859,0.7728182045520846,51.75710858641872,9.143142298578981
qata_test_sub-S09653_ses-E27070_run-1_bp-chest_vp-ap_cr,sub-S09653,probabilities/qata_test_sub-S09653_ses-E27070_run-1_bp-chest_vp-ap_cr.npy,masks/qata_test_sub-S09653_ses-E27070_run-1_bp-chest_vp-ap_cr.png,0.8438042084627656,0.7298108284427279,50.62351041424155,8.11832409861406
qata_test_sub-S09654_ses-E24109_run-1_bp-chest_vp-ap_dx,sub-S09654,probabilities/qata_test_sub-S09654_ses-E24109_run-1_bp-chest_vp-ap_dx.npy,masks/qata_test_sub-S09654_ses-E24109_run-1_bp-chest_vp-ap_dx.png,0.7939120302949537,0.6582538340800733,58.24345424528523,7.880478725775921
qata_test_sub-S09654_ses-E26317_acq-1_run-1_bp-chest_vp-pa_dx,sub-S09654,probabilities/qata_test_sub-S09654_ses-E26317_acq-1_run-1_bp-chest_vp-pa_dx.npy,masks/qata_test_sub-S09654_ses-E26317_acq-1_run-1_bp-chest_vp-pa_dx.png,0.6813559322050264,0.5167095115718882,163.68872899500442,47.79228451577251
qata_test_sub-S09655_ses-E16547_run-1_bp-chest_vp-pa_cr,sub-S09655,probabilities/qata_test_sub-S09655_ses-E16547_run-1_bp-chest_vp-pa_cr.npy,masks/qata_test_sub-S09655_ses-E16547_run-1_bp-chest_vp-pa_cr.png,0.7796234772985381,0.6388384755008175,88.3911760301898,13.408873005048195
qata_test_sub-S09656_ses-E27060_run-1_bp-chest_vp-ap_cr,sub-S09656,probabilities/qata_test_sub-S09656_ses-E27060_run-1_bp-chest_vp-ap_cr.npy,masks/qata_test_sub-S09656_ses-E27060_run-1_bp-chest_vp-ap_cr.png,0.34240125556706247,0.20656462049539903,184.39048239227665,84.56611831786951
qata_test_sub-S09656_ses-E27157_run-1_bp-chest_vp-ap_dx,sub-S09656,probabilities/qata_test_sub-S09656_ses-E27157_run-1_bp-chest_vp-ap_dx.npy,masks/qata_test_sub-S09656_ses-E27157_run-1_bp-chest_vp-ap_dx.png,0.9636673289810466,0.929882224048446,4.242640687119285,1.5789398384754707
qata_test_sub-S09660_ses-E16558_run-1_bp-chest_vp-ap_dx,sub-S09660,probabilities/qata_test_sub-S09660_ses-E16558_run-1_bp-chest_vp-ap_dx.npy,masks/qata_test_sub-S09660_ses-E16558_run-1_bp-chest_vp-ap_dx.png,0.693390191899289,0.530678851178764,198.05049783854633,44.131706904345606
qata_test_sub-S09662_ses-E16562_run-1_bp-chest_vp-ap_dx,sub-S09662,probabilities/qata_test_sub-S09662_ses-E16562_run-1_bp-chest_vp-ap_dx.npy,masks/qata_test_sub-S09662_ses-E16562_run-1_bp-chest_vp-ap_dx.png,0.9516410658705072,0.9077435550839638,7.0,1.9820518681708064
qata_test_sub-S09662_ses-E16854_run-1_bp-chest_vp-ap_dx,sub-S09662,probabilities/qata_test_sub-S09662_ses-E16854_run-1_bp-chest_vp-ap_dx.npy,masks/qata_test_sub-S09662_ses-E16854_run-1_bp-chest_vp-ap_dx.png,0.54849246231723,0.3778777912518975,153.53809498675483,54.55769444328565
qata_test_sub-S09662_ses-E17946_run-1_bp-chest_vp-ap_cr,sub-S09662,probabilities/qata_test_sub-S09662_ses-E17946_run-1_bp-chest_vp-ap_cr.npy,masks/qata_test_sub-S09662_ses-E17946_run-1_bp-chest_vp-ap_cr.png,0.7721288231765824,0.6288353678776366,28.90178514522436,5.496262096508053
qata_test_sub-S09662_ses-E18646_run-1_bp-chest_vp-ap_dx,sub-S09662,probabilities/qata_test_sub-S09662_ses-E18646_run-1_bp-chest_vp-ap_dx.npy,masks/qata_test_sub-S09662_ses-E18646_run-1_bp-chest_vp-ap_dx.png,0.9544819423668823,0.9129272664384361,8.0,2.076050357966946
qata_test_sub-S09662_ses-E19021_run-1_bp-chest_vp-ap_cr,sub-S09662,probabilities/qata_test_sub-S09662_ses-E19021_run-1_bp-chest_vp-ap_cr.npy,masks/qata_test_sub-S09662_ses-E19021_run-1_bp-chest_vp-ap_cr.png,0.969205014404794,0.9402500283266977,4.0,1.3636757189360575
qata_test_sub-S09662_ses-E19169_run-1_bp-chest_vp-ap_dx,sub-S09662,probabilities/qata_test_sub-S09662_ses-E19169_run-1_bp-chest_vp-ap_dx.npy,masks/qata_test_sub-S09662_ses-E19169_run-1_bp-chest_vp-ap_dx.png,0.9620017802394184,0.9267855781693468,5.0,1.6594193605740781
qata_test_sub-S09662_ses-E19249_run-1_bp-chest_vp-ap_dx,sub-S09662,probabilities/qata_test_sub-S09662_ses-E19249_run-1_bp-chest_vp-ap_dx.npy,masks/qata_test_sub-S09662_ses-E19249_run-1_bp-chest_vp-ap_dx.png,0.9546305403090919,0.9131991866220122,7.280109889280518,2.0709002972571455
qata_test_sub-S09662_ses-E19505_run-1_bp-chest_vp-ap_cr,sub-S09662,probabilities/qata_test_sub-S09662_ses-E19505_run-1_bp-chest_vp-ap_cr.npy,masks/qata_test_sub-S09662_ses-E19505_run-1_bp-chest_vp-ap_cr.png,0.39500631225424315,0.24611081979992816,162.1410615833769,73.7193971022166
qata_test_sub-S09662_ses-E20072_run-1_bp-chest_vp-ap_dx,sub-S09662,probabilities/qata_test_sub-S09662_ses-E20072_run-1_bp-chest_vp-ap_dx.npy,masks/qata_test_sub-S09662_ses-E20072_run-1_bp-chest_vp-ap_dx.png,0.9541609955280134,0.9123402277484902,5.656854249492381,1.810233183591924
qata_test_sub-S09662_ses-E20481_run-1_bp-chest_vp-ap_cr,sub-S09662,probabilities/qata_test_sub-S09662_ses-E20481_run-1_bp-chest_vp-ap_cr.npy,masks/qata_test_sub-S09662_ses-E20481_run-1_bp-chest_vp-ap_cr.png,0.638523644754798,0.4689935615105727,48.66890806345379,13.521939960202632
qata_test_sub-S09662_ses-E20718_run-1_bp-chest_vp-ap_dx,sub-S09662,probabilities/qata_test_sub-S09662_ses-E20718_run-1_bp-chest_vp-ap_dx.npy,masks/qata_test_sub-S09662_ses-E20718_run-1_bp-chest_vp-ap_dx.png,0.964887813281995,0.9321577174561833,5.385164807134504,1.508999725611212
qata_test_sub-S09662_ses-E20860_run-1_bp-chest_vp-ap_dx,sub-S09662,probabilities/qata_test_sub-S09662_ses-E20860_run-1_bp-chest_vp-ap_dx.npy,masks/qata_test_sub-S09662_ses-E20860_run-1_bp-chest_vp-ap_dx.png,0.9652983413652958,0.9329243200780633,5.830951894845301,1.5418525387085984
qata_test_sub-S09662_ses-E21005_run-1_bp-chest_vp-ap_dx,sub-S09662,probabilities/qata_test_sub-S09662_ses-E21005_run-1_bp-chest_vp-ap_dx.npy,masks/qata_test_sub-S09662_ses-E21005_run-1_bp-chest_vp-ap_dx.png,0.9331474381318697,0.8746732880296828,14.7648230602334,3.148643365558152
qata_test_sub-S09662_ses-E21938_run-1_bp-chest_vp-ap_dx,sub-S09662,probabilities/qata_test_sub-S09662_ses-E21938_run-1_bp-chest_vp-ap_dx.npy,masks/qata_test_sub-S09662_ses-E21938_run-1_bp-chest_vp-ap_dx.png,0.5972656552875267,0.4257867197309095,78.46969896784299,16.187696635055463
qata_test_sub-S09662_ses-E22686_run-1_bp-chest_vp-ap_dx,sub-S09662,probabilities/qata_test_sub-S09662_ses-E22686_run-1_bp-chest_vp-ap_dx.npy,masks/qata_test_sub-S09662_ses-E22686_run-1_bp-chest_vp-ap_dx.png,0.7878092667571125,0.6499053698012769,55.128926051961805,9.617483275851502
qata_test_sub-S09662_ses-E23871_run-1_bp-chest_vp-ap_cr,sub-S09662,probabilities/qata_test_sub-S09662_ses-E23871_run-1_bp-chest_vp-ap_cr.npy,masks/qata_test_sub-S09662_ses-E23871_run-1_bp-chest_vp-ap_cr.png,0.930461403892564,0.8699652422822737,17.0,3.6961475596460325
qata_test_sub-S09662_ses-E25590_run-1_bp-chest_vp-pa_dx,sub-S09662,probabilities/qata_test_sub-S09662_ses-E25590_run-1_bp-chest_vp-pa_dx.npy,masks/qata_test_sub-S09662_ses-E25590_run-1_bp-chest_vp-pa_dx.png,0.9039850771580397,0.8247926723609829,18.24828759089466,4.783321845176919
qata_test_sub-S09662_ses-E25888_run-1_bp-chest_vp-pa_dx,sub-S09662,probabilities/qata_test_sub-S09662_ses-E25888_run-1_bp-chest_vp-pa_dx.npy,masks/qata_test_sub-S09662_ses-E25888_run-1_bp-chest_vp-pa_dx.png,0.9664591683011192,0.9350952944090232,5.656854249492381,1.6106791178050275
qata_test_sub-S09663_ses-E16565_run-1_bp-chest_vp-pa_cr,sub-S09663,probabilities/qata_test_sub-S09663_ses-E16565_run-1_bp-chest_vp-pa_cr.npy,masks/qata_test_sub-S09663_ses-E16565_run-1_bp-chest_vp-pa_cr.png,0.6513441078563197,0.48295796700610666,25.538062107244127,7.528734150381686
qata_test_sub-S09663_ses-E24207_run-1_bp-chest_vp-pa_cr,sub-S09663,probabilities/qata_test_sub-S09663_ses-E24207_run-1_bp-chest_vp-pa_cr.npy,masks/qata_test_sub-S09663_ses-E24207_run-1_bp-chest_vp-pa_cr.png,0.9364607812709252,0.8805136329530538,19.849433241279208,2.827766539317566
qata_test_sub-S09665_ses-E25263_run-1_bp-chest_vp-pa_dx,sub-S09665,probabilities/qata_test_sub-S09665_ses-E25263_run-1_bp-chest_vp-pa_dx.npy,masks/qata_test_sub-S09665_ses-E25263_run-1_bp-chest_vp-pa_dx.png,0.528388982927706,0.35905478880470404,213.11675190181828,61.58125676019373
qata_test_sub-S09668_ses-E16574_run-1_bp-chest_vp-ap_cr,sub-S09668,probabilities/qata_test_sub-S09668_ses-E16574_run-1_bp-chest_vp-ap_cr.npy,masks/qata_test_sub-S09668_ses-E16574_run-1_bp-chest_vp-ap_cr.png,1.6191709844297415e-11,1.6191709844297415e-11,191.7429353081691,142.81680366480546
qata_test_sub-S09669_ses-E16870_run-1_bp-chest_vp-ap_dx,sub-S09669,probabilities/qata_test_sub-S09669_ses-E16870_run-1_bp-chest_vp-ap_dx.npy,masks/qata_test_sub-S09669_ses-E16870_run-1_bp-chest_vp-ap_dx.png,0.03487738424878052,0.017748197503175363,140.59175170417836,76.24590987476975
qata_test_sub-S09669_ses-E18824_run-1_bp-chest_cr,sub-S09669,probabilities/qata_test_sub-S09669_ses-E18824_run-1_bp-chest_cr.npy,masks/qata_test_sub-S09669_ses-E18824_run-1_bp-chest_cr.png,0.8222539076166305,0.6981588925958329,24.73863375370596,7.0343329851846255
qata_test_sub-S09669_ses-E19046_run-1_bp-chest_cr,sub-S09669,probabilities/qata_test_sub-S09669_ses-E19046_run-1_bp-chest_cr.npy,masks/qata_test_sub-S09669_ses-E19046_run-1_bp-chest_cr.png,0.9617051384099193,0.9262350936970773,4.0,1.5656677482450232
qata_test_sub-S09669_ses-E19549_run-1_bp-chest_vp-ap_dx,sub-S09669,probabilities/qata_test_sub-S09669_ses-E19549_run-1_bp-chest_vp-ap_dx.npy,masks/qata_test_sub-S09669_ses-E19549_run-1_bp-chest_vp-ap_dx.png,0.9476600985222915,0.9005266237570305,6.4031242374328485,2.0774557704813286
qata_test_sub-S09669_ses-E20245_run-1_bp-chest_vp-ap_dx,sub-S09669,probabilities/qata_test_sub-S09669_ses-E20245_run-1_bp-chest_vp-ap_dx.npy,masks/qata_test_sub-S09669_ses-E20245_run-1_bp-chest_vp-ap_dx.png,0.9219328955103827,0.8551720868500277,11.40175425099138,3.275855670610267
qata_test_sub-S09669_ses-E21584_run-1_bp-chest_vp-ap_dx,sub-S09669,probabilities/qata_test_sub-S09669_ses-E21584_run-1_bp-chest_vp-ap_dx.npy,masks/qata_test_sub-S09669_ses-E21584_run-1_bp-chest_vp-ap_dx.png,0.9569867570584311,0.9175211949942773,5.830951894845301,1.80868812762588
qata_test_sub-S09669_ses-E21879_acq-1_run-1_bp-chest_vp-ap_dx,sub-S09669,probabilities/qata_test_sub-S09669_ses-E21879_acq-1_run-1_bp-chest_vp-ap_dx.npy,masks/qata_test_sub-S09669_ses-E21879_acq-1_run-1_bp-chest_vp-ap_dx.png,0.7328540693722367,0.5783501739309396,142.32181579096368,46.99105308430245
qata_test_sub-S09669_ses-E22091_run-1_bp-chest_vp-ap_dx,sub-S09669,probabilities/qata_test_sub-S09669_ses-E22091_run-1_bp-chest_vp-ap_dx.npy,masks/qata_test_sub-S09669_ses-E22091_run-1_bp-chest_vp-ap_dx.png,0.15066724064929451,0.0814711359546637,218.9285271294725,86.38899497053696
qata_test_sub-S09669_ses-E22250_run-1_bp-chest_vp-ap_dx,sub-S09669,probabilities/qata_test_sub-S09669_ses-E22250_run-1_bp-chest_vp-ap_dx.npy,masks/qata_test_sub-S09669_ses-E22250_run-1_bp-chest_vp-ap_dx.png,0.8443893366417311,0.7306866952847492,17.243590333458407,3.9071221866837575
qata_test_sub-S09669_ses-E22709_run-1_bp-chest_cr,sub-S09669,probabilities/qata_test_sub-S09669_ses-E22709_run-1_bp-chest_cr.npy,masks/qata_test_sub-S09669_ses-E22709_run-1_bp-chest_cr.png,0.9606213380570326,0.9242265338230421,6.0,1.7773546709646133
qata_test_sub-S09669_ses-E22898_run-1_bp-chest_vp-ap_dx,sub-S09669,probabilities/qata_test_sub-S09669_ses-E22898_run-1_bp-chest_vp-ap_dx.npy,masks/qata_test_sub-S09669_ses-E22898_run-1_bp-chest_vp-ap_dx.png,0.9015110820470805,0.8206829102359116,22.01930468827297,4.4869298049307975
qata_test_sub-S09670_ses-E16577_run-1_bp-chest_vp-ap_cr,sub-S09670,probabilities/qata_test_sub-S09670_ses-E16577_run-1_bp-chest_vp-ap_cr.npy,masks/qata_test_sub-S09670_ses-E16577_run-1_bp-chest_vp-ap_cr.png,0.9483969465650824,0.9018583042980411,6.4031242374328485,1.7128477762750665
qata_test_sub-S09670_ses-E17050_run-1_bp-chest_vp-ap_cr,sub-S09670,probabilities/qata_test_sub-S09670_ses-E17050_run-1_bp-chest_vp-ap_cr.npy,masks/qata_test_sub-S09670_ses-E17050_run-1_bp-chest_vp-ap_cr.png,0.7119667799278231,0.5527549824412218,185.0705268823853,36.67479042905564
qata_test_sub-S09670_ses-E17147_run-1_bp-chest_vp-pa_cr,sub-S09670,probabilities/qata_test_sub-S09670_ses-E17147_run-1_bp-chest_vp-pa_cr.npy,masks/qata_test_sub-S09670_ses-E17147_run-1_bp-chest_vp-pa_cr.png,0.5005602689330834,0.3338315362513736,148.93287078412206,31.5025913918047
qata_test_sub-S09670_ses-E17925_run-1_bp-chest_vp-ap_cr,sub-S09670,probabilities/qata_test_sub-S09670_ses-E17925_run-1_bp-chest_vp-ap_cr.npy,masks/qata_test_sub-S09670_ses-E17925_run-1_bp-chest_vp-ap_cr.png,0.7208562337367412,0.5635459068492291,19.0728085330244,4.468528103030206
qata_test_sub-S09670_ses-E18811_run-1_bp-chest_vp-ap_cr,sub-S09670,probabilities/qata_test_sub-S09670_ses-E18811_run-1_bp-chest_vp-ap_cr.npy,masks/qata_test_sub-S09670_ses-E18811_run-1_bp-chest_vp-ap_cr.png,0.9463111011722735,0.8980934526550243,9.436623724479016,2.2771023185088546
qata_test_sub-S09670_ses-E19746_run-1_bp-chest_vp-ap_cr,sub-S09670,probabilities/qata_test_sub-S09670_ses-E19746_run-1_bp-chest_vp-ap_cr.npy,masks/qata_test_sub-S09670_ses-E19746_run-1_bp-chest_vp-ap_cr.png,0.7046169989515431,0.5439449169724857,123.33288108339025,20.99039379059787
qata_test_sub-S09670_ses-E20338_run-1_bp-chest_vp-ap_cr,sub-S09670,probabilities/qata_test_sub-S09670_ses-E20338_run-1_bp-chest_vp-ap_cr.npy,masks/qata_test_sub-S09670_ses-E20338_run-1_bp-chest_vp-ap_cr.png,0.9559472839176546,0.915612084708565,6.324555320336759,3.0289560036482714
qata_test_sub-S09670_ses-E20877_run-1_bp-chest_vp-ap_cr,sub-S09670,probabilities/qata_test_sub-S09670_ses-E20877_run-1_bp-chest_vp-ap_cr.npy,masks/qata_test_sub-S09670_ses-E20877_run-1_bp-chest_vp-ap_cr.png,0.9629302364723493,0.9285105692379255,5.0,1.533910692959654
qata_test_sub-S09670_ses-E21243_run-1_bp-chest_vp-ap_cr,sub-S09670,probabilities/qata_test_sub-S09670_ses-E21243_run-1_bp-chest_vp-ap_cr.npy,masks/qata_test_sub-S09670_ses-E21243_run-1_bp-chest_vp-ap_cr.png,0.943398119122399,0.8928605335616973,10.770329614269007,2.241545355507166
qata_test_sub-S09670_ses-E21871_run-1_bp-chest_vp-ap_cr,sub-S09670,probabilities/qata_test_sub-S09670_ses-E21871_run-1_bp-chest_vp-ap_cr.npy,masks/qata_test_sub-S09670_ses-E21871_run-1_bp-chest_vp-ap_cr.png,0.8569686499677,0.7497332859197214,22.686390315987424,4.39794554981124
qata_test_sub-S09670_ses-E22086_run-1_bp-chest_vp-ap_cr,sub-S09670,probabilities/qata_test_sub-S09670_ses-E22086_run-1_bp-chest_vp-ap_cr.npy,masks/qata_test_sub-S09670_ses-E22086_run-1_bp-chest_vp-ap_cr.png,0.9680197646090519,0.938021612635285,4.0,1.4323121402227272
qata_test_sub-S09670_ses-E22447_run-1_bp-chest_vp-ap_cr,sub-S09670,probabilities/qata_test_sub-S09670_ses-E22447_run-1_bp-chest_vp-ap_cr.npy,masks/qata_test_sub-S09670_ses-E22447_run-1_bp-chest_vp-ap_cr.png,0.831311870151094,0.7113205387473337,20.248456731316587,4.743228183548913
qata_test_sub-S09670_ses-E22700_run-1_bp-chest_vp-ap_cr,sub-S09670,probabilities/qata_test_sub-S09670_ses-E22700_run-1_bp-chest_vp-ap_cr.npy,masks/qata_test_sub-S09670_ses-E22700_run-1_bp-chest_vp-ap_cr.png,0.9579423010080756,0.9192795196800857,6.0,1.8546473737052236
qata_test_sub-S09670_ses-E23064_run-1_bp-chest_vp-ap_cr,sub-S09670,probabilities/qata_test_sub-S09670_ses-E23064_run-1_bp-chest_vp-ap_cr.npy,masks/qata_test_sub-S09670_ses-E23064_run-1_bp-chest_vp-ap_cr.png,0.7953317901244438,0.6602081665359472,18.777618974477267,5.949537028321077
qata_test_sub-S09670_ses-E23205_run-1_bp-chest_vp-ap_cr,sub-S09670,probabilities/qata_test_sub-S09670_ses-E23205_run-1_bp-chest_vp-ap_cr.npy,masks/qata_test_sub-S09670_ses-E23205_run-1_bp-chest_vp-ap_cr.png,0.9270321645682965,0.8639887738997931,12.008318915758451,3.5526632718714724
qata_test_sub-S09670_ses-E24775_run-1_bp-chest_vp-ap_cr,sub-S09670,probabilities/qata_test_sub-S09670_ses-E24775_run-1_bp-chest_vp-ap_cr.npy,masks/qata_test_sub-S09670_ses-E24775_run-1_bp-chest_vp-ap_cr.png,0.8800111261782274,0.7857320253335047,25.7486321457089,4.35206341432359
qata_test_sub-S09670_ses-E25931_run-1_bp-chest_vp-pa_cr,sub-S09670,probabilities/qata_test_sub-S09670_ses-E25931_run-1_bp-chest_vp-pa_cr.npy,masks/qata_test_sub-S09670_ses-E25931_run-1_bp-chest_vp-pa_cr.png,0.9518212578255156,0.9080715144547334,11.0,2.4732310211102906
qata_test_sub-S09672_ses-E16580_acq-1_run-1_bp-chest_cr,sub-S09672,probabilities/qata_test_sub-S09672_ses-E16580_acq-1_run-1_bp-chest_cr.npy,masks/qata_test_sub-S09672_ses-E16580_acq-1_run-1_bp-chest_cr.png,0.728747988634569,0.5732521814091713,85.4347702407588,22.033946184279948
qata_test_sub-S09673_ses-E16581_run-1_bp-chest_vp-ap_dx,sub-S09673,probabilities/qata_test_sub-S09673_ses-E16581_run-1_bp-chest_vp-ap_dx.npy,masks/qata_test_sub-S09673_ses-E16581_run-1_bp-chest_vp-ap_dx.png,0.7760789020519956,0.6340922657147259,153.75873339498176,24.76061350100511
qata_test_sub-S09673_ses-E16742_run-1_bp-chest_vp-pa_cr,sub-S09673,probabilities/qata_test_sub-S09673_ses-E16742_run-1_bp-chest_vp-pa_cr.npy,masks/qata_test_sub-S09673_ses-E16742_run-1_bp-chest_vp-pa_cr.png,0.9028768330799628,0.8229493828075163,11.0,3.1058706745880236
qata_test_sub-S09673_ses-E18520_run-1_bp-chest_vp-ap_dx,sub-S09673,probabilities/qata_test_sub-S09673_ses-E18520_run-1_bp-chest_vp-ap_dx.npy,masks/qata_test_sub-S09673_ses-E18520_run-1_bp-chest_vp-ap_dx.png,0.7360276442314302,0.5823130868909928,120.9509740224453,18.393441266472877
qata_test_sub-S09673_ses-E18802_run-1_bp-chest_cr,sub-S09673,probabilities/qata_test_sub-S09673_ses-E18802_run-1_bp-chest_cr.npy,masks/qata_test_sub-S09673_ses-E18802_run-1_bp-chest_cr.png,0.9544023323616224,0.9127816194516494,6.0,2.58280464705536
qata_test_sub-S09673_ses-E19171_run-1_bp-chest_vp-ap_dx,sub-S09673,probabilities/qata_test_sub-S09673_ses-E19171_run-1_bp-chest_vp-ap_dx.npy,masks/qata_test_sub-S09673_ses-E19171_run-1_bp-chest_vp-ap_dx.png,0.9673130681693837,0.9366953704495835,5.0,1.3292133065339704
qata_test_sub-S09673_ses-E19256_run-1_bp-chest_cr,sub-S09673,probabilities/qata_test_sub-S09673_ses-E19256_run-1_bp-chest_cr.npy,masks/qata_test_sub-S09673_ses-E19256_run-1_bp-chest_cr.png,0.8725179222972214,0.7738641168251411,50.80481065996244,9.551272941923905
qata_test_sub-S09673_ses-E19520_run-1_bp-chest_cr,sub-S09673,probabilities/qata_test_sub-S09673_ses-E19520_run-1_bp-chest_cr.npy,masks/qata_test_sub-S09673_ses-E19520_run-1_bp-chest_cr.png,0.8580603725116194,0.7514060742418851,63.56492731476705,10.513773569048956
qata_test_sub-S09673_ses-E19739_run-1_bp-chest_cr,sub-S09673,probabilities/qata_test_sub-S09673_ses-E19739_run-1_bp-chest_cr.npy,masks/qata_test_sub-S09673_ses-E19739_run-1_bp-chest_cr.png,0.9753608136661974,0.9519066093462238,3.0,1.0440390793531322
qata_test_sub-S09673_ses-E20324_run-1_bp-chest_vp-ap_dx,sub-S09673,probabilities/qata_test_sub-S09673_ses-E20324_run-1_bp-chest_vp-ap_dx.npy,masks/qata_test_sub-S09673_ses-E20324_run-1_bp-chest_vp-ap_dx.png,0.7543466375075059,0.605583110215487,34.03673771762135,7.4014934193715325
qata_test_sub-S09673_ses-E20498_run-1_bp-chest_cr,sub-S09673,probabilities/qata_test_sub-S09673_ses-E20498_run-1_bp-chest_cr.npy,masks/qata_test_sub-S09673_ses-E20498_run-1_bp-chest_cr.png,0.7401113531838778,0.5874418783399783,116.46630345626446,22.68069104964307
qata_test_sub-S09673_ses-E21409_run-1_bp-chest_cr,sub-S09673,probabilities/qata_test_sub-S09673_ses-E21409_run-1_bp-chest_cr.npy,masks/qata_test_sub-S09673_ses-E21409_run-1_bp-chest_cr.png,0.9517122067878906,0.9078730220371426,7.0,2.284364928267033
qata_test_sub-S09673_ses-E21736_run-1_bp-chest_cr,sub-S09673,probabilities/qata_test_sub-S09673_ses-E21736_run-1_bp-chest_cr.npy,masks/qata_test_sub-S09673_ses-E21736_run-1_bp-chest_cr.png,0.92919423081435,0.8677523576673605,14.291533398345239,3.3232209953473557
qata_test_sub-S09673_ses-E21873_run-1_bp-chest_vp-ap_dx,sub-S09673,probabilities/qata_test_sub-S09673_ses-E21873_run-1_bp-chest_vp-ap_dx.npy,masks/qata_test_sub-S09673_ses-E21873_run-1_bp-chest_vp-ap_dx.png,0.9596718280565066,0.9224702876823144,4.0,1.4845805348682264
qata_test_sub-S09673_ses-E22080_run-1_bp-chest_vp-ap_dx,sub-S09673,probabilities/qata_test_sub-S09673_ses-E22080_run-1_bp-chest_vp-ap_dx.npy,masks/qata_test_sub-S09673_ses-E22080_run-1_bp-chest_vp-ap_dx.png,0.9236977676018211,0.8582141147696739,39.514522180591676,5.566095308067606
qata_test_sub-S09673_ses-E22232_run-1_bp-chest_vp-ap_dx,sub-S09673,probabilities/qata_test_sub-S09673_ses-E22232_run-1_bp-chest_vp-ap_dx.npy,masks/qata_test_sub-S09673_ses-E22232_run-1_bp-chest_vp-ap_dx.png,0.6258621141803009,0.455458015269254,82.38931969618392,17.47809608855385
qata_test_sub-S09673_ses-E22399_run-1_bp-chest_cr,sub-S09673,probabilities/qata_test_sub-S09673_ses-E22399_run-1_bp-chest_cr.npy,masks/qata_test_sub-S09673_ses-E22399_run-1_bp-chest_cr.png,0.9771496276235999,0.9553202051962425,3.1622776601683795,1.0252274537918165
qata_test_sub-S09673_ses-E22684_run-1_bp-chest_cr,sub-S09673,probabilities/qata_test_sub-S09673_ses-E22684_run-1_bp-chest_cr.npy,masks/qata_test_sub-S09673_ses-E22684_run-1_bp-chest_cr.png,0.8656972276412316,0.7631976653303288,35.910018702684496,6.374036075403286
qata_test_sub-S09673_ses-E22871_run-1_bp-chest_cr,sub-S09673,probabilities/qata_test_sub-S09673_ses-E22871_run-1_bp-chest_cr.npy,masks/qata_test_sub-S09673_ses-E22871_run-1_bp-chest_cr.png,0.7714774250201685,0.6279717123095547,65.75104387758687,13.51470106117188
qata_test_sub-S09673_ses-E23052_run-1_bp-chest_vp-ap_dx,sub-S09673,probabilities/qata_test_sub-S09673_ses-E23052_run-1_bp-chest_vp-ap_dx.npy,masks/qata_test_sub-S09673_ses-E23052_run-1_bp-chest_vp-ap_dx.png,0.853510843891546,0.7444560982937934,27.29010077239027,5.48575396949636
qata_test_sub-S09673_ses-E23879_run-1_bp-chest_vp-pa_cr,sub-S09673,probabilities/qata_test_sub-S09673_ses-E23879_run-1_bp-chest_vp-pa_cr.npy,masks/qata_test_sub-S09673_ses-E23879_run-1_bp-chest_vp-pa_cr.png,0.13677094797772724,0.07340533244898068,237.76910925777895,60.693334674571354
qata_test_sub-S09673_ses-E25042_run-1_bp-chest_vp-ap_dx,sub-S09673,probabilities/qata_test_sub-S09673_ses-E25042_run-1_bp-chest_vp-ap_dx.npy,masks/qata_test_sub-S09673_ses-E25042_run-1_bp-chest_vp-ap_dx.png,0.8878622706730661,0.7983384137242344,51.53247106386332,8.59730407031432
qata_test_sub-S09673_ses-E26368_run-1_bp-chest_vp-ap_dx,sub-S09673,probabilities/qata_test_sub-S09673_ses-E26368_run-1_bp-chest_vp-ap_dx.npy,masks/qata_test_sub-S09673_ses-E26368_run-1_bp-chest_vp-ap_dx.png,0.9221243533666444,0.8555016121266891,11.661903789690601,2.6543205019243157
qata_test_sub-S09674_ses-E16582_run-1_bp-chest_vp-ap_dx,sub-S09674,probabilities/qata_test_sub-S09674_ses-E16582_run-1_bp-chest_vp-ap_dx.npy,masks/qata_test_sub-S09674_ses-E16582_run-1_bp-chest_vp-ap_dx.png,0.9492541039885942,0.9034097659501502,8.54400374531753,2.2714728586024044
qata_test_sub-S09675_ses-E16583_run-1_bp-chest_vp-ap_cr,sub-S09675,probabilities/qata_test_sub-S09675_ses-E16583_run-1_bp-chest_vp-ap_cr.npy,masks/qata_test_sub-S09675_ses-E16583_run-1_bp-chest_vp-ap_cr.png,0.7508377102072054,0.6010729881482194,31.827660925679098,9.98218939090728
qata_test_sub-S09675_ses-E23080_acq-1_run-1_bp-chest_cr,sub-S09675,probabilities/qata_test_sub-S09675_ses-E23080_acq-1_run-1_bp-chest_cr.npy,masks/qata_test_sub-S09675_ses-E23080_acq-1_run-1_bp-chest_cr.png,0.6602305191623474,0.49279411765078823,168.90526141463667,47.70775905411975
qata_test_sub-S09675_ses-E24164_acq-1_run-1_bp-chest_cr,sub-S09675,probabilities/qata_test_sub-S09675_ses-E24164_acq-1_run-1_bp-chest_cr.npy,masks/qata_test_sub-S09675_ses-E24164_acq-1_run-1_bp-chest_cr.png,0.9002421307512092,0.8185821224150309,155.84158209283976,19.219676621478808
qata_test_sub-S09676_ses-E16584_run-1_bp-chest_vp-ap_cr,sub-S09676,probabilities/qata_test_sub-S09676_ses-E16584_run-1_bp-chest_vp-ap_cr.npy,masks/qata_test_sub-S09676_ses-E16584_run-1_bp-chest_vp-ap_cr.png,0.9430824592298551,0.8922952102231396,15.297058540778355,3.4511010983011987
qata_test_sub-S09676_ses-E17166_run-1_bp-chest_vp-ap_cr,sub-S09676,probabilities/qata_test_sub-S09676_ses-E17166_run-1_bp-chest_vp-ap_cr.npy,masks/qata_test_sub-S09676_ses-E17166_run-1_bp-chest_vp-ap_cr.png,0.969266918755786,0.940366556961441,4.47213595499958,1.5303858920397433
qata_test_sub-S09676_ses-E17392_run-1_bp-chest_vp-ap_cr,sub-S09676,probabilities/qata_test_sub-S09676_ses-E17392_run-1_bp-chest_vp-ap_cr.npy,masks/qata_test_sub-S09676_ses-E17392_run-1_bp-chest_vp-ap_cr.png,0.8360165691595081,0.7182375169691521,69.39083438926023,10.290661681544199
qata_test_sub-S09676_ses-E17490_run-1_bp-chest_vp-ap_cr,sub-S09676,probabilities/qata_test_sub-S09676_ses-E17490_run-1_bp-chest_vp-ap_cr.npy,masks/qata_test_sub-S09676_ses-E17490_run-1_bp-chest_vp-ap_cr.png,0.8511111111120302,0.7408123791130365,85.42569865983579,10.70026185958964
qata_test_sub-S09676_ses-E18847_run-1_bp-chest_vp-ap_cr,sub-S09676,probabilities/qata_test_sub-S09676_ses-E18847_run-1_bp-chest_vp-ap_cr.npy,masks/qata_test_sub-S09676_ses-E18847_run-1_bp-chest_vp-ap_cr.png,0.9581924924391354,0.9197404371587191,6.0,2.150136648980093
qata_test_sub-S09676_ses-E19073_run-1_bp-chest_vp-ap_cr,sub-S09676,probabilities/qata_test_sub-S09676_ses-E19073_run-1_bp-chest_vp-ap_cr.npy,masks/qata_test_sub-S09676_ses-E19073_run-1_bp-chest_vp-ap_cr.png,0.9785381817026823,0.957978227060784,3.0,1.0759369549127429
qata_test_sub-S09676_ses-E19188_run-1_bp-chest_vp-ap_cr,sub-S09676,probabilities/qata_test_sub-S09676_ses-E19188_run-1_bp-chest_vp-ap_cr.npy,masks/qata_test_sub-S09676_ses-E19188_run-1_bp-chest_vp-ap_cr.png,0.9617342699600245,0.9262891397976769,5.830951894845301,2.0555976741155653
qata_test_sub-S09676_ses-E19918_run-1_bp-chest_vp-ap_cr,sub-S09676,probabilities/qata_test_sub-S09676_ses-E19918_run-1_bp-chest_vp-ap_cr.npy,masks/qata_test_sub-S09676_ses-E19918_run-1_bp-chest_vp-ap_cr.png,0.9238187605011491,0.8584230300572238,17.72004514666935,4.445721778062984
qata_test_sub-S09676_ses-E20258_run-1_bp-chest_vp-ap_cr,sub-S09676,probabilities/qata_test_sub-S09676_ses-E20258_run-1_bp-chest_vp-ap_cr.npy,masks/qata_test_sub-S09676_ses-E20258_run-1_bp-chest_vp-ap_cr.png,0.9726915032106532,0.9468348663042206,4.0,1.4232885432009865
qata_test_sub-S09676_ses-E21057_run-1_bp-chest_vp-ap_cr,sub-S09676,probabilities/qata_test_sub-S09676_ses-E21057_run-1_bp-chest_vp-ap_cr.npy,masks/qata_test_sub-S09676_ses-E21057_run-1_bp-chest_vp-ap_cr.png,0.9738915647771101,0.949111742333183,4.0,1.5589928876172294
qata_test_sub-S09676_ses-E21888_run-1_bp-chest_vp-ap_cr,sub-S09676,probabilities/qata_test_sub-S09676_ses-E21888_run-1_bp-chest_vp-ap_cr.npy,masks/qata_test_sub-S09676_ses-E21888_run-1_bp-chest_vp-ap_cr.png,0.97310021216302,0.9476097119591386,4.0,1.3329220972273772
qata_test_sub-S09676_ses-E21981_run-1_bp-chest_vp-ap_cr,sub-S09676,probabilities/qata_test_sub-S09676_ses-E21981_run-1_bp-chest_vp-ap_cr.npy,masks/qata_test_sub-S09676_ses-E21981_run-1_bp-chest_vp-ap_cr.png,0.9695021287688338,0.9408094435077549,4.242640687119285,1.6381579837154439
qata_test_sub-S09676_ses-E22108_run-1_bp-chest_vp-ap_cr,sub-S09676,probabilities/qata_test_sub-S09676_ses-E22108_run-1_bp-chest_vp-ap_cr.npy,masks/qata_test_sub-S09676_ses-E22108_run-1_bp-chest_vp-ap_cr.png,0.9759820851272241,0.9530908306897677,3.0,1.1684661770138567
qata_test_sub-S09676_ses-E22286_run-1_bp-chest_vp-ap_cr,sub-S09676,probabilities/qata_test_sub-S09676_ses-E22286_run-1_bp-chest_vp-ap_cr.npy,masks/qata_test_sub-S09676_ses-E22286_run-1_bp-chest_vp-ap_cr.png,0.9712325231886034,0.9440738991856213,4.0,1.4364041782267518
qata_test_sub-S09676_ses-E22287_run-1_bp-chest_vp-ap_cr,sub-S09676,probabilities/qata_test_sub-S09676_ses-E22287_run-1_bp-chest_vp-ap_cr.npy,masks/qata_test_sub-S09676_ses-E22287_run-1_bp-chest_vp-ap_cr.png,0.9701627876851762,0.9420545073376881,4.47213595499958,1.5396044107099003
qata_test_sub-S09676_ses-E22917_run-1_bp-chest_vp-ap_cr,sub-S09676,probabilities/qata_test_sub-S09676_ses-E22917_run-1_bp-chest_vp-ap_cr.npy,masks/qata_test_sub-S09676_ses-E22917_run-1_bp-chest_vp-ap_cr.png,0.9690889581259853,0.9400316019163301,5.43950269560603,1.8073623324793788
qata_test_sub-S09676_ses-E23071_run-1_bp-chest_vp-ap_cr,sub-S09676,probabilities/qata_test_sub-S09676_ses-E23071_run-1_bp-chest_vp-ap_cr.npy,masks/qata_test_sub-S09676_ses-E23071_run-1_bp-chest_vp-ap_cr.png,0.9787572714381114,0.9583982769859767,3.1622776601683795,1.124899955061802
qata_test_sub-S09676_ses-E25670_run-1_bp-chest_vp-ap_dx,sub-S09676,probabilities/qata_test_sub-S09676_ses-E25670_run-1_bp-chest_vp-ap_dx.npy,masks/qata_test_sub-S09676_ses-E25670_run-1_bp-chest_vp-ap_dx.png,0.9661296625994048,0.9344785585285629,4.110795063055906,1.464174651584875
qata_test_sub-S09676_ses-E25985_run-1_bp-chest_vp-ap_cr,sub-S09676,probabilities/qata_test_sub-S09676_ses-E25985_run-1_bp-chest_vp-ap_cr.npy,masks/qata_test_sub-S09676_ses-E25985_run-1_bp-chest_vp-ap_cr.png,0.9684306017539032,0.9387934572318145,5.242092160363644,1.5992901656574012
qata_test_sub-S09677_ses-E18555_run-1_bp-chest_vp-pa_dx,sub-S09677,probabilities/qata_test_sub-S09677_ses-E18555_run-1_bp-chest_vp-pa_dx.npy,masks/qata_test_sub-S09677_ses-E18555_run-1_bp-chest_vp-pa_dx.png,0.3517011834379465,0.21337222347752555,50.15575596880069,18.987243287166386
qata_test_sub-S09678_ses-E16587_run-1_bp-chest_vp-ap_dx,sub-S09678,probabilities/qata_test_sub-S09678_ses-E16587_run-1_bp-chest_vp-ap_dx.npy,masks/qata_test_sub-S09678_ses-E16587_run-1_bp-chest_vp-ap_dx.png,0.9557474971256124,0.9152455890648676,9.433981132056603,2.2525632892840157
qata_test_sub-S09678_ses-E16889_run-1_bp-chest_vp-ap_dx,sub-S09678,probabilities/qata_test_sub-S09678_ses-E16889_run-1_bp-chest_vp-ap_dx.npy,masks/qata_test_sub-S09678_ses-E16889_run-1_bp-chest_vp-ap_dx.png,0.40560764790505605,0.2543963832831907,105.11898020814318,27.088987060371583
qata_test_sub-S09678_ses-E18317_run-1_bp-chest_vp-ap_cr,sub-S09678,probabilities/qata_test_sub-S09678_ses-E18317_run-1_bp-chest_vp-ap_cr.npy,masks/qata_test_sub-S09678_ses-E18317_run-1_bp-chest_vp-ap_cr.png,0.6981515677173481,0.5362771505543691,98.26189191983286,26.56925790540209
qata_test_sub-S09678_ses-E18547_run-1_bp-chest_vp-ap_dx,sub-S09678,probabilities/qata_test_sub-S09678_ses-E18547_run-1_bp-chest_vp-ap_dx.npy,masks/qata_test_sub-S09678_ses-E18547_run-1_bp-chest_vp-ap_dx.png,0.9563559826854158,0.9163622526638348,7.0,2.15323759778995
qata_test_sub-S09678_ses-E18683_run-1_bp-chest_vp-ap_cr,sub-S09678,probabilities/qata_test_sub-S09678_ses-E18683_run-1_bp-chest_vp-ap_cr.npy,masks/qata_test_sub-S09678_ses-E18683_run-1_bp-chest_vp-ap_cr.png,0.9367155040455766,0.880964132938793,19.006574397610112,3.877203277294497
qata_test_sub-S09678_ses-E18865_run-1_bp-chest_vp-ap_dx,sub-S09678,probabilities/qata_test_sub-S09678_ses-E18865_run-1_bp-chest_vp-ap_dx.npy,masks/qata_test_sub-S09678_ses-E18865_run-1_bp-chest_vp-ap_dx.png,0.9689550901557072,0.9397797136713524,5.830951894845301,1.7242844361376237
qata_test_sub-S09678_ses-E19086_run-1_bp-chest_vp-ap_dx,sub-S09678,probabilities/qata_test_sub-S09678_ses-E19086_run-1_bp-chest_vp-ap_dx.npy,masks/qata_test_sub-S09678_ses-E19086_run-1_bp-chest_vp-ap_dx.png,0.9695114289304788,0.9408269593172801,5.385164807134504,1.7153379296979683
qata_test_sub-S09678_ses-E19191_run-1_bp-chest_vp-ap_dx,sub-S09678,probabilities/qata_test_sub-S09678_ses-E19191_run-1_bp-chest_vp-ap_dx.npy,masks/qata_test_sub-S09678_ses-E19191_run-1_bp-chest_vp-ap_dx.png,0.9662123348478169,0.9346332592444568,6.0,1.8063241933306555
qata_test_sub-S09678_ses-E19595_run-1_bp-chest_vp-ap_dx,sub-S09678,probabilities/qata_test_sub-S09678_ses-E19595_run-1_bp-chest_vp-ap_dx.npy,masks/qata_test_sub-S09678_ses-E19595_run-1_bp-chest_vp-ap_dx.png,0.9809489499671735,0.9626102146066324,3.0,1.0399232486514864
qata_test_sub-S09678_ses-E19776_run-1_bp-chest_vp-ap_dx,sub-S09678,probabilities/qata_test_sub-S09678_ses-E19776_run-1_bp-chest_vp-ap_dx.npy,masks/qata_test_sub-S09678_ses-E19776_run-1_bp-chest_vp-ap_dx.png,0.9665413061122226,0.9352490930007626,6.0,1.8478954908923069
qata_test_sub-S09678_ses-E19930_run-1_bp-chest_vp-ap_dx,sub-S09678,probabilities/qata_test_sub-S09678_ses-E19930_run-1_bp-chest_vp-ap_dx.npy,masks/qata_test_sub-S09678_ses-E19930_run-1_bp-chest_vp-ap_dx.png,0.9739988612640278,0.9493155752868356,4.47213595499958,1.4043770631754544
qata_test_sub-S09678_ses-E20137_run-1_bp-chest_vp-ap_dx,sub-S09678,probabilities/qata_test_sub-S09678_ses-E20137_run-1_bp-chest_vp-ap_dx.npy,masks/qata_test_sub-S09678_ses-E20137_run-1_bp-chest_vp-ap_dx.png,0.966971231660871,0.9360545042860746,6.927050983124842,1.8782380211756395
qata_test_sub-S09678_ses-E20356_run-1_bp-chest_vp-ap_cr,sub-S09678,probabilities/qata_test_sub-S09678_ses-E20356_run-1_bp-chest_vp-ap_cr.npy,masks/qata_test_sub-S09678_ses-E20356_run-1_bp-chest_vp-ap_cr.png,0.966741330037898,0.9356237292191855,6.0,1.5693292779772074
qata_test_sub-S09678_ses-E20363_run-1_bp-chest_vp-ap_cr,sub-S09678,probabilities/qata_test_sub-S09678_ses-E20363_run-1_bp-chest_vp-ap_cr.npy,masks/qata_test_sub-S09678_ses-E20363_run-1_bp-chest_vp-ap_cr.png,0.955799878660596,0.9153416659583501,7.810249675906654,2.144005728072009
qata_test_sub-S09678_ses-E20565_run-1_bp-chest_vp-ap_dx,sub-S09678,probabilities/qata_test_sub-S09678_ses-E20565_run-1_bp-chest_vp-ap_dx.npy,masks/qata_test_sub-S09678_ses-E20565_run-1_bp-chest_vp-ap_dx.png,0.6459323254145334,0.47703105061799467,112.44131651977757,25.48266171513445
qata_test_sub-S09678_ses-E20745_run-1_bp-chest_vp-ap_dx,sub-S09678,probabilities/qata_test_sub-S09678_ses-E20745_run-1_bp-chest_vp-ap_dx.npy,masks/qata_test_sub-S09678_ses-E20745_run-1_bp-chest_vp-ap_dx.png,0.9488331324641875,0.9026474880135954,8.94427190999916,2.4277674491291954
qata_test_sub-S09678_ses-E20898_run-1_bp-chest_vp-ap_dx,sub-S09678,probabilities/qata_test_sub-S09678_ses-E20898_run-1_bp-chest_vp-ap_dx.npy,masks/qata_test_sub-S09678_ses-E20898_run-1_bp-chest_vp-ap_dx.png,0.9612549902754104,0.9254003449127238,7.810249675906654,2.101518024063791
qata_test_sub-S09678_ses-E21065_run-1_bp-chest_vp-ap_dx,sub-S09678,probabilities/qata_test_sub-S09678_ses-E21065_run-1_bp-chest_vp-ap_dx.npy,masks/qata_test_sub-S09678_ses-E21065_run-1_bp-chest_vp-ap_dx.png,0.6298191206340541,0.45966129736561123,101.91560609986836,22.737358152035217
qata_test_sub-S09678_ses-E21613_run-1_bp-chest_vp-ap_dx,sub-S09678,probabilities/qata_test_sub-S09678_ses-E21613_run-1_bp-chest_vp-ap_dx.npy,masks/qata_test_sub-S09678_ses-E21613_run-1_bp-chest_vp-ap_dx.png,0.951799582270795,0.9080320577746531,11.596866405015795,3.0580645746037285
qata_test_sub-S09678_ses-E22133_run-1_bp-chest_vp-ap_dx,sub-S09678,probabilities/qata_test_sub-S09678_ses-E22133_run-1_bp-chest_vp-ap_dx.npy,masks/qata_test_sub-S09678_ses-E22133_run-1_bp-chest_vp-ap_dx.png,0.9637529982708052,0.9300417725336333,8.0,2.0333125701905503
qata_test_sub-S09678_ses-E22514_run-1_bp-chest_vp-ap_dx,sub-S09678,probabilities/qata_test_sub-S09678_ses-E22514_run-1_bp-chest_vp-ap_dx.npy,masks/qata_test_sub-S09678_ses-E22514_run-1_bp-chest_vp-ap_dx.png,0.9710167080154134,0.943666156272268,5.0,1.54736184502851
qata_test_sub-S09678_ses-E22732_run-1_bp-chest_vp-ap_cr,sub-S09678,probabilities/qata_test_sub-S09678_ses-E22732_run-1_bp-chest_vp-ap_cr.npy,masks/qata_test_sub-S09678_ses-E22732_run-1_bp-chest_vp-ap_cr.png,0.9606402254882883,0.9242615012108982,7.0,1.8131447193281625
qata_test_sub-S09678_ses-E23254_run-1_bp-chest_vp-ap_dx,sub-S09678,probabilities/qata_test_sub-S09678_ses-E23254_run-1_bp-chest_vp-ap_dx.npy,masks/qata_test_sub-S09678_ses-E23254_run-1_bp-chest_vp-ap_dx.png,0.9724982400258831,0.9464686854165997,5.0,1.512944966372846
qata_test_sub-S09678_ses-E23520_run-1_bp-chest_vp-ap_dx,sub-S09678,probabilities/qata_test_sub-S09678_ses-E23520_run-1_bp-chest_vp-ap_dx.npy,masks/qata_test_sub-S09678_ses-E23520_run-1_bp-chest_vp-ap_dx.png,0.976467202408651,0.954016524635649,4.0,1.2743832805129498
qata_test_sub-S09678_ses-E25107_run-1_bp-chest_vp-ap_dx,sub-S09678,probabilities/qata_test_sub-S09678_ses-E25107_run-1_bp-chest_vp-ap_dx.npy,masks/qata_test_sub-S09678_ses-E25107_run-1_bp-chest_vp-ap_dx.png,0.9631479757499113,0.9289155571129798,5.385164807134504,2.0824076314094238
qata_test_sub-S09678_ses-E25318_run-1_bp-chest_vp-ap_cr,sub-S09678,probabilities/qata_test_sub-S09678_ses-E25318_run-1_bp-chest_vp-ap_cr.npy,masks/qata_test_sub-S09678_ses-E25318_run-1_bp-chest_vp-ap_cr.png,0.9705608021453151,0.9428053683675667,5.0,1.5258762756664666
qata_test_sub-S09678_ses-E25686_run-1_bp-chest_vp-ap_dx,sub-S09678,probabilities/qata_test_sub-S09678_ses-E25686_run-1_bp-chest_vp-ap_dx.npy,masks/qata_test_sub-S09678_ses-E25686_run-1_bp-chest_vp-ap_dx.png,0.8670689595034508,0.7653325123157526,36.54099179678811,8.072970273715557
qata_test_sub-S09678_ses-E26437_acq-2_run-1_bp-chest_vp-ap_dx,sub-S09678,probabilities/qata_test_sub-S09678_ses-E26437_acq-2_run-1_bp-chest_vp-ap_dx.npy,masks/qata_test_sub-S09678_ses-E26437_acq-2_run-1_bp-chest_vp-ap_dx.png,0.9307976433957784,0.8705533032606815,22.627416997969522,4.657736918102435
qata_test_sub-S09679_ses-E16588_run-1_bp-chest_vp-ap_cr,sub-S09679,probabilities/qata_test_sub-S09679_ses-E16588_run-1_bp-chest_vp-ap_cr.npy,masks/qata_test_sub-S09679_ses-E16588_run-1_bp-chest_vp-ap_cr.png,0.920136999456099,0.8520867915588565,12.970937271229836,2.9267483901901636
qata_test_sub-S09679_ses-E17874_run-1_bp-chest_vp-ap_cr,sub-S09679,probabilities/qata_test_sub-S09679_ses-E17874_run-1_bp-chest_vp-ap_cr.npy,masks/qata_test_sub-S09679_ses-E17874_run-1_bp-chest_vp-ap_cr.png,0.9339718713017533,0.8761231023449545,10.0,2.4076199904557125
qata_test_sub-S09679_ses-E18686_run-1_bp-chest_vp-ap_cr,sub-S09679,probabilities/qata_test_sub-S09679_ses-E18686_run-1_bp-chest_vp-ap_cr.npy,masks/qata_test_sub-S09679_ses-E18686_run-1_bp-chest_vp-ap_cr.png,0.8414746801784804,0.7263325762348314,24.0,6.484601814440706
qata_test_sub-S09679_ses-E19951_run-1_bp-chest_vp-ap_cr,sub-S09679,probabilities/qata_test_sub-S09679_ses-E19951_run-1_bp-chest_vp-ap_cr.npy,masks/qata_test_sub-S09679_ses-E19951_run-1_bp-chest_vp-ap_cr.png,0.8494682946045701,0.7383267150498045,26.0,5.946644495963621
qata_test_sub-S09679_ses-E20585_run-1_bp-chest_vp-ap_cr,sub-S09679,probabilities/qata_test_sub-S09679_ses-E20585_run-1_bp-chest_vp-ap_cr.npy,masks/qata_test_sub-S09679_ses-E20585_run-1_bp-chest_vp-ap_cr.png,0.4880590534104499,0.322802986792443,93.50052219469215,23.765948375218205
qata_test_sub-S09679_ses-E20766_run-1_bp-chest_vp-ap_cr,sub-S09679,probabilities/qata_test_sub-S09679_ses-E20766_run-1_bp-chest_vp-ap_cr.npy,masks/qata_test_sub-S09679_ses-E20766_run-1_bp-chest_vp-ap_cr.png,0.7573719969189697,0.6094921368603264,21.93171219946131,7.353761384635729
qata_test_sub-S09679_ses-E21081_run-2_bp-chest_vp-ap_cr,sub-S09679,probabilities/qata_test_sub-S09679_ses-E21081_run-2_bp-chest_vp-ap_cr.npy,masks/qata_test_sub-S09679_ses-E21081_run-2_bp-chest_vp-ap_cr.png,0.977396409619561,0.9557920770217914,2.8284271247461903,0.897575159852682
qata_test_sub-S09679_ses-E21464_run-1_bp-chest_vp-ap_cr,sub-S09679,probabilities/qata_test_sub-S09679_ses-E21464_run-1_bp-chest_vp-ap_cr.npy,masks/qata_test_sub-S09679_ses-E21464_run-1_bp-chest_vp-ap_cr.png,0.9303190818516511,0.8697164416679259,7.615773105863909,2.782629310666107
qata_test_sub-S09679_ses-E21989_run-1_bp-chest_vp-ap_cr,sub-S09679,probabilities/qata_test_sub-S09679_ses-E21989_run-1_bp-chest_vp-ap_cr.npy,masks/qata_test_sub-S09679_ses-E21989_run-1_bp-chest_vp-ap_cr.png,0.9112999760596382,0.8370533260041944,10.770329614269007,2.9566540687992173
qata_test_sub-S09679_ses-E22137_run-1_bp-chest_vp-ap_cr,sub-S09679,probabilities/qata_test_sub-S09679_ses-E22137_run-1_bp-chest_vp-ap_cr.npy,masks/qata_test_sub-S09679_ses-E22137_run-1_bp-chest_vp-ap_cr.png,0.8716375472338223,0.7724801061023046,21.933990819525192,5.545528140774305
qata_test_sub-S09679_ses-E22304_run-1_bp-chest_vp-ap_cr,sub-S09679,probabilities/qata_test_sub-S09679_ses-E22304_run-1_bp-chest_vp-ap_cr.npy,masks/qata_test_sub-S09679_ses-E22304_run-1_bp-chest_vp-ap_cr.png,0.9431032649156038,0.8923324612603525,7.713011390885281,2.153423244717633
qata_test_sub-S09679_ses-E22740_run-1_bp-chest_vp-ap_cr,sub-S09679,probabilities/qata_test_sub-S09679_ses-E22740_run-1_bp-chest_vp-ap_cr.npy,masks/qata_test_sub-S09679_ses-E22740_run-1_bp-chest_vp-ap_cr.png,0.8871541925803682,0.797194172513704,19.753416451889322,8.324961597103314
qata_test_sub-S09679_ses-E24004_run-1_bp-chest_vp-ap_cr,sub-S09679,probabilities/qata_test_sub-S09679_ses-E24004_run-1_bp-chest_vp-ap_cr.npy,masks/qata_test_sub-S09679_ses-E24004_run-1_bp-chest_vp-ap_cr.png,0.9643120846665654,0.931083650190348,5.804837248042347,2.4244246542894032
qata_test_sub-S09679_ses-E24254_run-1_bp-chest_vp-ap_cr,sub-S09679,probabilities/qata_test_sub-S09679_ses-E24254_run-1_bp-chest_vp-ap_cr.npy,masks/qata_test_sub-S09679_ses-E24254_run-1_bp-chest_vp-ap_cr.png,0.9219911546063753,0.8552723463693468,12.0,3.0561835631255643
qata_test_sub-S09679_ses-E25345_run-1_bp-chest_vp-ap_cr,sub-S09679,probabilities/qata_test_sub-S09679_ses-E25345_run-1_bp-chest_vp-ap_cr.npy,masks/qata_test_sub-S09679_ses-E25345_run-1_bp-chest_vp-ap_cr.png,0.9677141289868197,0.9374478099144559,4.0,1.417192213127365
qata_test_sub-S09680_ses-E16590_run-1_bp-chest_vp-ap_cr,sub-S09680,probabilities/qata_test_sub-S09680_ses-E16590_run-1_bp-chest_vp-ap_cr.npy,masks/qata_test_sub-S09680_ses-E16590_run-1_bp-chest_vp-ap_cr.png,0.8996706265500919,0.817637562223748,214.36038327360595,22.689158667640385
qata_test_sub-S09680_ses-E16777_run-1_bp-chest_vp-ap_cr,sub-S09680,probabilities/qata_test_sub-S09680_ses-E16777_run-1_bp-chest_vp-ap_cr.npy,masks/qata_test_sub-S09680_ses-E16777_run-1_bp-chest_vp-ap_cr.png,0.6631126469727694,0.4960123569665668,130.88369877610495,22.010558293704683
qata_test_sub-S09680_ses-E16899_run-1_bp-chest_vp-ap_cr,sub-S09680,probabilities/qata_test_sub-S09680_ses-E16899_run-1_bp-chest_vp-ap_cr.npy,masks/qata_test_sub-S09680_ses-E16899_run-1_bp-chest_vp-ap_cr.png,0.6955751252243259,0.5332427636699201,43.12480453422305,8.794329709261243
qata_test_sub-S09680_ses-E17170_run-1_bp-chest_vp-ap_cr,sub-S09680,probabilities/qata_test_sub-S09680_ses-E17170_run-1_bp-chest_vp-ap_cr.npy,masks/qata_test_sub-S09680_ses-E17170_run-1_bp-chest_vp-ap_cr.png,0.5225773459485488,0.35370876743846286,78.24440283566793,17.682277522089596
qata_test_sub-S09680_ses-E17403_run-1_bp-chest_vp-ap_cr,sub-S09680,probabilities/qata_test_sub-S09680_ses-E17403_run-1_bp-chest_vp-ap_cr.npy,masks/qata_test_sub-S09680_ses-E17403_run-1_bp-chest_vp-ap_cr.png,0.6866720735343286,0.5228489090182387,80.77747210701756,20.05849926657588
qata_test_sub-S09680_ses-E17459_run-1_bp-chest_vp-ap_cr,sub-S09680,probabilities/qata_test_sub-S09680_ses-E17459_run-1_bp-chest_vp-ap_cr.npy,masks/qata_test_sub-S09680_ses-E17459_run-1_bp-chest_vp-ap_cr.png,0.8991802831750865,0.8168279232578779,21.459108777484982,4.713076987953995
qata_test_sub-S09680_ses-E17869_run-1_bp-chest_vp-ap_cr,sub-S09680,probabilities/qata_test_sub-S09680_ses-E17869_run-1_bp-chest_vp-ap_cr.npy,masks/qata_test_sub-S09680_ses-E17869_run-1_bp-chest_vp-ap_cr.png,0.9255926284862774,0.8614913235213862,13.0,3.3939794909208945
qata_test_sub-S09680_ses-E18330_run-1_bp-chest_vp-ap_cr,sub-S09680,probabilities/qata_test_sub-S09680_ses-E18330_run-1_bp-chest_vp-ap_cr.npy,masks/qata_test_sub-S09680_ses-E18330_run-1_bp-chest_vp-ap_cr.png,0.3733022170376352,0.22948467806946662,136.00954589505477,39.34289280606689
qata_test_sub-S09680_ses-E18564_run-1_bp-chest_vp-ap_cr,sub-S09680,probabilities/qata_test_sub-S09680_ses-E18564_run-1_bp-chest_vp-ap_cr.npy,masks/qata_test_sub-S09680_ses-E18564_run-1_bp-chest_vp-ap_cr.png,0.7666939858725234,0.62165754248403,47.29676423290026,10.736200708997389
qata_test_sub-S09680_ses-E18687_run-1_bp-chest_vp-ap_cr,sub-S09680,probabilities/qata_test_sub-S09680_ses-E18687_run-1_bp-chest_vp-ap_cr.npy,masks/qata_test_sub-S09680_ses-E18687_run-1_bp-chest_vp-ap_cr.png,0.6231872758474069,0.4526303867747175,91.00549433962765,19.244309380436842
qata_test_sub-S09680_ses-E18870_run-1_bp-chest_vp-ap_cr,sub-S09680,probabilities/qata_test_sub-S09680_ses-E18870_run-1_bp-chest_vp-ap_cr.npy,masks/qata_test_sub-S09680_ses-E18870_run-1_bp-chest_vp-ap_cr.png,0.4647951158402922,0.3027577104775537,110.60264118150447,33.45935038641497
qata_test_sub-S09680_ses-E19339_run-1_bp-chest_vp-ap_cr,sub-S09680,probabilities/qata_test_sub-S09680_ses-E19339_run-1_bp-chest_vp-ap_cr.npy,masks/qata_test_sub-S09680_ses-E19339_run-1_bp-chest_vp-ap_cr.png,0.9690117683334588,0.9398863523079956,5.0,1.6462498056494332
qata_test_sub-S09680_ses-E20367_run-1_bp-chest_vp-ap_cr,sub-S09680,probabilities/qata_test_sub-S09680_ses-E20367_run-1_bp-chest_vp-ap_cr.npy,masks/qata_test_sub-S09680_ses-E20367_run-1_bp-chest_vp-ap_cr.png,0.9603894593427701,0.9237973469716356,6.082762530298219,1.8623295719704576
qata_test_sub-S09680_ses-E20758_run-1_bp-chest_vp-ap_cr,sub-S09680,probabilities/qata_test_sub-S09680_ses-E20758_run-1_bp-chest_vp-ap_cr.npy,masks/qata_test_sub-S09680_ses-E20758_run-1_bp-chest_vp-ap_cr.png,0.6455199476793803,0.4765813616635607,100.03399030760171,24.53446075509663
qata_test_sub-S09680_ses-E20909_run-1_bp-chest_vp-ap_cr,sub-S09680,probabilities/qata_test_sub-S09680_ses-E20909_run-1_bp-chest_vp-ap_cr.npy,masks/qata_test_sub-S09680_ses-E20909_run-1_bp-chest_vp-ap_cr.png,0.3795030467610283,0.23418929977308112,131.51416970438493,40.63129558972152
qata_test_sub-S09680_ses-E22528_run-1_bp-chest_vp-pa_cr,sub-S09680,probabilities/qata_test_sub-S09680_ses-E22528_run-1_bp-chest_vp-pa_cr.npy,masks/qata_test_sub-S09680_ses-E22528_run-1_bp-chest_vp-pa_cr.png,0.9273768483433611,0.864587760306352,13.0,3.879121300758142
qata_test_sub-S09681_ses-E16591_run-1_bp-chest_vp-ap_dx,sub-S09681,probabilities/qata_test_sub-S09681_ses-E16591_run-1_bp-chest_vp-ap_dx.npy,masks/qata_test_sub-S09681_ses-E16591_run-1_bp-chest_vp-ap_dx.png,0.9585150432168419,0.920334986092876,11.313708498984761,2.1988756496333557
qata_test_sub-S09681_ses-E16901_run-1_bp-chest_vp-ap_dx,sub-S09681,probabilities/qata_test_sub-S09681_ses-E16901_run-1_bp-chest_vp-ap_dx.npy,masks/qata_test_sub-S09681_ses-E16901_run-1_bp-chest_vp-ap_dx.png,0.9594649646931703,0.922088091354251,6.941640786499795,1.931006344205088
qata_test_sub-S09681_ses-E17859_run-1_bp-chest_vp-ap_dx,sub-S09681,probabilities/qata_test_sub-S09681_ses-E17859_run-1_bp-chest_vp-ap_dx.npy,masks/qata_test_sub-S09681_ses-E17859_run-1_bp-chest_vp-ap_dx.png,0.9595452557936869,0.9222364174289865,7.0710678118654755,1.9015353657273406
qata_test_sub-S09681_ses-E17943_run-1_bp-chest_vp-ap_dx,sub-S09681,probabilities/qata_test_sub-S09681_ses-E17943_run-1_bp-chest_vp-ap_dx.npy,masks/qata_test_sub-S09681_ses-E17943_run-1_bp-chest_vp-ap_dx.png,0.9363806238322945,0.8803719119958897,12.529964086141668,3.1812223835576723
qata_test_sub-S09681_ses-E18333_run-1_bp-chest_vp-ap_dx,sub-S09681,probabilities/qata_test_sub-S09681_ses-E18333_run-1_bp-chest_vp-ap_dx.npy,masks/qata_test_sub-S09681_ses-E18333_run-1_bp-chest_vp-ap_dx.png,0.9643874643875262,0.9312242090786351,5.709083543098209,1.5961393407109186
qata_test_sub-S09681_ses-E19189_run-1_bp-chest_vp-ap_dx,sub-S09681,probabilities/qata_test_sub-S09681_ses-E19189_run-1_bp-chest_vp-ap_dx.npy,masks/qata_test_sub-S09681_ses-E19189_run-1_bp-chest_vp-ap_dx.png,0.961982683835476,0.9267501310962023,5.385164807134504,1.7594722196934445
qata_test_sub-S09681_ses-E19613_run-1_bp-chest_vp-ap_dx,sub-S09681,probabilities/qata_test_sub-S09681_ses-E19613_run-1_bp-chest_vp-ap_dx.npy,masks/qata_test_sub-S09681_ses-E19613_run-1_bp-chest_vp-ap_dx.png,0.8902777777779954,0.8022528160207322,57.42821606144492,9.298150944055275
qata_test_sub-S09681_ses-E19946_run-1_bp-chest_vp-ap_dx,sub-S09681,probabilities/qata_test_sub-S09681_ses-E19946_run-1_bp-chest_vp-ap_dx.npy,masks/qata_test_sub-S09681_ses-E19946_run-1_bp-chest_vp-ap_dx.png,0.9736553033829688,0.948663062801768,3.0,1.1163364984337942
qata_test_sub-S09681_ses-E20151_run-1_bp-chest_vp-ap_dx,sub-S09681,probabilities/qata_test_sub-S09681_ses-E20151_run-1_bp-chest_vp-ap_dx.npy,masks/qata_test_sub-S09681_ses-E20151_run-1_bp-chest_vp-ap_dx.png,0.629427121817572,0.45924381828831495,57.84113189966633,14.021480189986113
qata_test_sub-S09681_ses-E20761_run-1_bp-chest_vp-ap_dx,sub-S09681,probabilities/qata_test_sub-S09681_ses-E20761_run-1_bp-chest_vp-ap_dx.npy,masks/qata_test_sub-S09681_ses-E20761_run-1_bp-chest_vp-ap_dx.png,0.9739379723742885,0.9491998983999401,4.0,1.246668163153809
qata_test_sub-S09681_ses-E21457_run-1_bp-chest_vp-ap_dx,sub-S09681,probabilities/qata_test_sub-S09681_ses-E21457_run-1_bp-chest_vp-ap_dx.npy,masks/qata_test_sub-S09681_ses-E21457_run-1_bp-chest_vp-ap_dx.png,0.9102534021587865,0.8352890515669599,17.073352209457894,4.0553026511561425
qata_test_sub-S09681_ses-E21622_run-1_bp-chest_vp-ap_dx,sub-S09681,probabilities/qata_test_sub-S09681_ses-E21622_run-1_bp-chest_vp-ap_dx.npy,masks/qata_test_sub-S09681_ses-E21622_run-1_bp-chest_vp-ap_dx.png,0.9533376978125983,0.9108359934435734,6.4031242374328485,1.9251508098997328
qata_test_sub-S09681_ses-E21995_run-1_bp-chest_vp-ap_dx,sub-S09681,probabilities/qata_test_sub-S09681_ses-E21995_run-1_bp-chest_vp-ap_dx.npy,masks/qata_test_sub-S09681_ses-E21995_run-1_bp-chest_vp-ap_dx.png,0.970824682724324,0.9433035037162345,4.0,1.3886213151489406
qata_test_sub-S09681_ses-E22289_run-1_bp-chest_vp-ap_dx,sub-S09681,probabilities/qata_test_sub-S09681_ses-E22289_run-1_bp-chest_vp-ap_dx.npy,masks/qata_test_sub-S09681_ses-E22289_run-1_bp-chest_vp-ap_dx.png,0.9688944530046725,0.9396656393015794,4.242640687119285,1.4770350507635555
qata_test_sub-S09681_ses-E22929_run-1_bp-chest_vp-ap_dx,sub-S09681,probabilities/qata_test_sub-S09681_ses-E22929_run-1_bp-chest_vp-ap_dx.npy,masks/qata_test_sub-S09681_ses-E22929_run-1_bp-chest_vp-ap_dx.png,0.9680093063836557,0.9380019726647245,4.242640687119285,1.3850706554429237
qata_test_sub-S09681_ses-E23258_run-1_bp-chest_vp-ap_dx,sub-S09681,probabilities/qata_test_sub-S09681_ses-E23258_run-1_bp-chest_vp-ap_dx.npy,masks/qata_test_sub-S09681_ses-E23258_run-1_bp-chest_vp-ap_dx.png,0.8475925345046903,0.7354972610672128,22.57315235318818,4.165241108285385
qata_test_sub-S09681_ses-E24429_run-1_bp-chest_vp-ap_dx,sub-S09681,probabilities/qata_test_sub-S09681_ses-E24429_run-1_bp-chest_vp-ap_dx.npy,masks/qata_test_sub-S09681_ses-E24429_run-1_bp-chest_vp-ap_dx.png,0.9639107306255309,0.9303355985991368,6.985410196624915,1.6756058574099288
qata_test_sub-S09681_ses-E24806_run-1_bp-chest_vp-ap_dx,sub-S09681,probabilities/qata_test_sub-S09681_ses-E24806_run-1_bp-chest_vp-ap_dx.npy,masks/qata_test_sub-S09681_ses-E24806_run-1_bp-chest_vp-ap_dx.png,0.5950956615489351,0.4235844713869603,154.16628965963466,25.230595934780403
qata_test_sub-S09681_ses-E26032_run-1_bp-chest_vp-ap_dx,sub-S09681,probabilities/qata_test_sub-S09681_ses-E26032_run-1_bp-chest_vp-ap_dx.npy,masks/qata_test_sub-S09681_ses-E26032_run-1_bp-chest_vp-ap_dx.png,0.9636536869563068,0.9298568198947103,8.0,1.8335076926864933
qata_test_sub-S09683_ses-E16594_run-1_bp-chest_vp-ap_cr,sub-S09683,probabilities/qata_test_sub-S09683_ses-E16594_run-1_bp-chest_vp-ap_cr.npy,masks/qata_test_sub-S09683_ses-E16594_run-1_bp-chest_vp-ap_cr.png,0.938841280304807,0.884732192159426,9.433981132056603,2.772331338139746
qata_test_sub-S09683_ses-E16692_run-1_bp-chest_vp-ap_cr,sub-S09683,probabilities/qata_test_sub-S09683_ses-E16692_run-1_bp-chest_vp-ap_cr.npy,masks/qata_test_sub-S09683_ses-E16692_run-1_bp-chest_vp-ap_cr.png,0.956412717085168,0.9164664352884326,7.211102550927978,2.0685229080250065
qata_test_sub-S09683_ses-E16929_run-1_bp-chest_vp-ap_cr,sub-S09683,probabilities/qata_test_sub-S09683_ses-E16929_run-1_bp-chest_vp-ap_cr.npy,masks/qata_test_sub-S09683_ses-E16929_run-1_bp-chest_vp-ap_cr.png,0.9462675924826472,0.8980150802349101,9.0,2.5518053596915595
qata_test_sub-S09683_ses-E17252_run-1_bp-chest_vp-ap_cr,sub-S09683,probabilities/qata_test_sub-S09683_ses-E17252_run-1_bp-chest_vp-ap_cr.npy,masks/qata_test_sub-S09683_ses-E17252_run-1_bp-chest_vp-ap_cr.png,0.9638002506508151,0.9301297855517974,3.605551275463989,1.429755569463431
qata_test_sub-S09683_ses-E17515_run-1_bp-chest_vp-ap_cr,sub-S09683,probabilities/qata_test_sub-S09683_ses-E17515_run-1_bp-chest_vp-ap_cr.npy,masks/qata_test_sub-S09683_ses-E17515_run-1_bp-chest_vp-ap_cr.png,0.9422123592892564,0.8907386728931387,9.486832980505138,2.673739848225601
qata_test_sub-S09683_ses-E18426_run-1_bp-chest_vp-ap_cr,sub-S09683,probabilities/qata_test_sub-S09683_ses-E18426_run-1_bp-chest_vp-ap_cr.npy,masks/qata_test_sub-S09683_ses-E18426_run-1_bp-chest_vp-ap_cr.png,0.9709454073738791,0.9435314844629764,4.0,1.3294703784196447
qata_test_sub-S09683_ses-E19661_run-1_bp-chest_vp-ap_cr,sub-S09683,probabilities/qata_test_sub-S09683_ses-E19661_run-1_bp-chest_vp-ap_cr.npy,masks/qata_test_sub-S09683_ses-E19661_run-1_bp-chest_vp-ap_cr.png,0.9702712746191468,0.9422591122340243,3.605551275463989,1.3452458265335736
qata_test_sub-S09683_ses-E20273_run-1_bp-chest_vp-ap_cr,sub-S09683,probabilities/qata_test_sub-S09683_ses-E20273_run-1_bp-chest_vp-ap_cr.npy,masks/qata_test_sub-S09683_ses-E20273_run-1_bp-chest_vp-ap_cr.png,0.9590585115200413,0.9213375796180849,5.656854249492381,1.8233480256221533
qata_test_sub-S09683_ses-E20396_run-1_bp-chest_vp-ap_cr,sub-S09683,probabilities/qata_test_sub-S09683_ses-E20396_run-1_bp-chest_vp-ap_cr.npy,masks/qata_test_sub-S09683_ses-E20396_run-1_bp-chest_vp-ap_cr.png,0.9530977019218547,0.9103979460849796,6.4031242374328485,2.310905897372925
qata_test_sub-S09683_ses-E20627_run-1_bp-chest_vp-ap_cr,sub-S09683,probabilities/qata_test_sub-S09683_ses-E20627_run-1_bp-chest_vp-ap_cr.npy,masks/qata_test_sub-S09683_ses-E20627_run-1_bp-chest_vp-ap_cr.png,0.9587470189267142,0.920762808226111,5.830951894845301,2.1271568020009894
qata_test_sub-S09683_ses-E20643_run-1_bp-chest_vp-ap_cr,sub-S09683,probabilities/qata_test_sub-S09683_ses-E20643_run-1_bp-chest_vp-ap_cr.npy,masks/qata_test_sub-S09683_ses-E20643_run-1_bp-chest_vp-ap_cr.png,0.9678031826739484,0.9376149649261493,3.1622776601683795,1.4601091851596901
qata_test_sub-S09683_ses-E20797_run-1_bp-chest_vp-ap_cr,sub-S09683,probabilities/qata_test_sub-S09683_ses-E20797_run-1_bp-chest_vp-ap_cr.npy,masks/qata_test_sub-S09683_ses-E20797_run-1_bp-chest_vp-ap_cr.png,0.9653241203746425,0.9329724789992163,4.0,1.5183508839468893
qata_test_sub-S09683_ses-E21135_run-1_bp-chest_vp-pa_cr,sub-S09683,probabilities/qata_test_sub-S09683_ses-E21135_run-1_bp-chest_vp-pa_cr.npy,masks/qata_test_sub-S09683_ses-E21135_run-1_bp-chest_vp-pa_cr.png,0.9435809076912831,0.8931880487216116,8.602325267042627,3.753006944108983
qata_test_sub-S09683_ses-E21348_run-1_bp-chest_vp-ap_cr,sub-S09683,probabilities/qata_test_sub-S09683_ses-E21348_run-1_bp-chest_vp-ap_cr.npy,masks/qata_test_sub-S09683_ses-E21348_run-1_bp-chest_vp-ap_cr.png,0.9548375927810373,0.9135782019962997,7.0,2.2785568223475963
qata_test_sub-S09683_ses-E21483_run-1_bp-chest_vp-pa_cr,sub-S09683,probabilities/qata_test_sub-S09683_ses-E21483_run-1_bp-chest_vp-pa_cr.npy,masks/qata_test_sub-S09683_ses-E21483_run-1_bp-chest_vp-pa_cr.png,0.9702850007593772,0.9422850026221083,4.123105625617661,1.4861120153774756
qata_test_sub-S09683_ses-E22571_run-1_bp-chest_vp-ap_cr,sub-S09683,probabilities/qata_test_sub-S09683_ses-E22571_run-1_bp-chest_vp-ap_cr.npy,masks/qata_test_sub-S09683_ses-E22571_run-1_bp-chest_vp-ap_cr.png,0.8486657036420424,0.7371149338008481,24.088368361950117,4.674471990558619
qata_test_sub-S09683_ses-E22974_run-1_bp-chest_vp-ap_cr,sub-S09683,probabilities/qata_test_sub-S09683_ses-E22974_run-1_bp-chest_vp-ap_cr.npy,masks/qata_test_sub-S09683_ses-E22974_run-1_bp-chest_vp-ap_cr.png,0.949433909842416,0.9037355371904009,6.616680023979358,2.2644361415921765
qata_test_sub-S09683_ses-E24266_run-1_bp-chest_vp-ap_cr,sub-S09683,probabilities/qata_test_sub-S09683_ses-E24266_run-1_bp-chest_vp-ap_cr.npy,masks/qata_test_sub-S09683_ses-E24266_run-1_bp-chest_vp-ap_cr.png,0.8932533977161564,0.8070983871767876,28.0445945737401,5.9104818399692345
qata_test_sub-S09683_ses-E24267_run-1_bp-chest_vp-ap_cr,sub-S09683,probabilities/qata_test_sub-S09683_ses-E24267_run-1_bp-chest_vp-ap_cr.npy,masks/qata_test_sub-S09683_ses-E24267_run-1_bp-chest_vp-ap_cr.png,0.9707736035591158,0.9432070600950255,4.212756921743878,2.335767386395924
qata_test_sub-S09683_ses-E25533_run-1_bp-chest_vp-ap_cr,sub-S09683,probabilities/qata_test_sub-S09683_ses-E25533_run-1_bp-chest_vp-ap_cr.npy,masks/qata_test_sub-S09683_ses-E25533_run-1_bp-chest_vp-ap_cr.png,0.8847035825725171,0.7932452474060049,19.05757099245687,4.237454372397568
qata_test_sub-S09683_ses-E26307_run-1_bp-chest_vp-ap_cr,sub-S09683,probabilities/qata_test_sub-S09683_ses-E26307_run-1_bp-chest_vp-ap_cr.npy,masks/qata_test_sub-S09683_ses-E26307_run-1_bp-chest_vp-ap_cr.png,0.7982030731543305,0.6641746665562469,25.5509263228414,6.177525254865525
qata_test_sub-S09683_ses-E26484_run-1_bp-chest_vp-ap_cr,sub-S09683,probabilities/qata_test_sub-S09683_ses-E26484_run-1_bp-chest_vp-ap_cr.npy,masks/qata_test_sub-S09683_ses-E26484_run-1_bp-chest_vp-ap_cr.png,0.8915428877295212,0.8043097724403675,72.99623154396546,7.894609997520372
qata_test_sub-S09684_ses-E16597_run-1_bp-chest_vp-pa_dx,sub-S09684,probabilities/qata_test_sub-S09684_ses-E16597_run-1_bp-chest_vp-pa_dx.npy,masks/qata_test_sub-S09684_ses-E16597_run-1_bp-chest_vp-pa_dx.png,0.9111323335830701,0.8367704925812508,20.01124297752535,4.033955822032366
qata_test_sub-S09684_ses-E25099_run-1_bp-chest_dx,sub-S09684,probabilities/qata_test_sub-S09684_ses-E25099_run-1_bp-chest_dx.npy,masks/qata_test_sub-S09684_ses-E25099_run-1_bp-chest_dx.png,0.9113234070633981,0.8370928639199057,15.132745950421556,4.488306668273933
qata_test_sub-S09685_ses-E16598_run-1_bp-chest_vp-ap_dx,sub-S09685,probabilities/qata_test_sub-S09685_ses-E16598_run-1_bp-chest_vp-ap_dx.npy,masks/qata_test_sub-S09685_ses-E16598_run-1_bp-chest_vp-ap_dx.png,0.8135252492770444,0.6856658759763764,23.706539182259394,6.3719543722207685
qata_test_sub-S09687_ses-E16601_run-1_bp-chest_cr,sub-S09687,probabilities/qata_test_sub-S09687_ses-E16601_run-1_bp-chest_cr.npy,masks/qata_test_sub-S09687_ses-E16601_run-1_bp-chest_cr.png,0.969764996732162,0.9413046476349709,4.47213595499958,1.6031867564501578
qata_test_sub-S09687_ses-E17027_run-1_bp-chest_cr,sub-S09687,probabilities/qata_test_sub-S09687_ses-E17027_run-1_bp-chest_cr.npy,masks/qata_test_sub-S09687_ses-E17027_run-1_bp-chest_cr.png,0.9693106300448229,0.9404488474418451,5.0,1.657720545592976
qata_test_sub-S09687_ses-E17093_run-1_bp-chest_cr,sub-S09687,probabilities/qata_test_sub-S09687_ses-E17093_run-1_bp-chest_cr.npy,masks/qata_test_sub-S09687_ses-E17093_run-1_bp-chest_cr.png,0.9743831526010109,0.9500459699664279,3.605551275463989,1.3189915695861212
qata_test_sub-S09687_ses-E17468_run-1_bp-chest_cr,sub-S09687,probabilities/qata_test_sub-S09687_ses-E17468_run-1_bp-chest_cr.npy,masks/qata_test_sub-S09687_ses-E17468_run-1_bp-chest_cr.png,0.9736953321966603,0.9487390662275681,4.0,1.3395477842068324
qata_test_sub-S09687_ses-E17521_run-1_bp-chest_cr,sub-S09687,probabilities/qata_test_sub-S09687_ses-E17521_run-1_bp-chest_cr.npy,masks/qata_test_sub-S09687_ses-E17521_run-1_bp-chest_cr.png,0.957590640693177,0.918632044257607,8.06225774829855,2.3547049406877667
qata_test_sub-S09687_ses-E17602_run-1_bp-chest_cr,sub-S09687,probabilities/qata_test_sub-S09687_ses-E17602_run-1_bp-chest_cr.npy,masks/qata_test_sub-S09687_ses-E17602_run-1_bp-chest_cr.png,0.6248478275313202,0.4543844965250632,108.33841655035245,26.662304438946975
qata_test_sub-S09687_ses-E17960_run-1_bp-chest_cr,sub-S09687,probabilities/qata_test_sub-S09687_ses-E17960_run-1_bp-chest_cr.npy,masks/qata_test_sub-S09687_ses-E17960_run-1_bp-chest_cr.png,0.944206263258698,0.8943094000283988,14.0,3.069791113279628
qata_test_sub-S09687_ses-E18005_run-1_bp-chest_cr,sub-S09687,probabilities/qata_test_sub-S09687_ses-E18005_run-1_bp-chest_cr.npy,masks/qata_test_sub-S09687_ses-E18005_run-1_bp-chest_cr.png,0.9781730889311638,0.9572786529061453,3.0,1.1278217770119474
qata_test_sub-S09687_ses-E18404_run-1_bp-chest_cr,sub-S09687,probabilities/qata_test_sub-S09687_ses-E18404_run-1_bp-chest_cr.npy,masks/qata_test_sub-S09687_ses-E18404_run-1_bp-chest_cr.png,0.9766093118906709,0.9542878621408828,3.1622776601683795,1.133132507840988
qata_test_sub-S09687_ses-E18927_acq-1_run-1_bp-chest_cr,sub-S09687,probabilities/qata_test_sub-S09687_ses-E18927_acq-1_run-1_bp-chest_cr.npy,masks/qata_test_sub-S09687_ses-E18927_acq-1_run-1_bp-chest_cr.png,0.8155669284878744,0.6885715606096005,17.0,5.241557617948586
qata_test_sub-S09687_ses-E18929_run-1_bp-chest_cr,sub-S09687,probabilities/qata_test_sub-S09687_ses-E18929_run-1_bp-chest_cr.npy,masks/qata_test_sub-S09687_ses-E18929_run-1_bp-chest_cr.png,0.77519024479795,0.6329066546924702,94.67044321567352,14.292656152906915
qata_test_sub-S09687_ses-E19646_run-1_bp-chest_cr,sub-S09687,probabilities/qata_test_sub-S09687_ses-E19646_run-1_bp-chest_cr.npy,masks/qata_test_sub-S09687_ses-E19646_run-1_bp-chest_cr.png,0.6482992150250246,0.4796173992316144,135.01092181769533,21.195927042847206
qata_test_sub-S09687_ses-E19821_run-1_bp-chest_cr,sub-S09687,probabilities/qata_test_sub-S09687_ses-E19821_run-1_bp-chest_cr.npy,masks/qata_test_sub-S09687_ses-E19821_run-1_bp-chest_cr.png,0.4797217037206879,0.31554861034361475,95.15913953177984,30.324536788639314
qata_test_sub-S09687_ses-E20276_run-1_bp-chest_cr,sub-S09687,probabilities/qata_test_sub-S09687_ses-E20276_run-1_bp-chest_cr.npy,masks/qata_test_sub-S09687_ses-E20276_run-1_bp-chest_cr.png,0.9619283722166498,0.9266493240653049,5.0990195135927845,1.7698725505621673
qata_test_sub-S09687_ses-E21332_run-1_bp-chest_cr,sub-S09687,probabilities/qata_test_sub-S09687_ses-E21332_run-1_bp-chest_cr.npy,masks/qata_test_sub-S09687_ses-E21332_run-1_bp-chest_cr.png,0.6899578775983507,0.5266684679841844,35.116235193410134,9.563705845210208
qata_test_sub-S09687_ses-E21820_run-1_bp-chest_cr,sub-S09687,probabilities/qata_test_sub-S09687_ses-E21820_run-1_bp-chest_cr.npy,masks/qata_test_sub-S09687_ses-E21820_run-1_bp-chest_cr.png,0.7850006601831565,0.64609142940197,20.0,5.7938216533671065
qata_test_sub-S09687_ses-E22782_run-1_bp-chest_cr,sub-S09687,probabilities/qata_test_sub-S09687_ses-E22782_run-1_bp-chest_cr.npy,masks/qata_test_sub-S09687_ses-E22782_run-1_bp-chest_cr.png,0.6396588486152193,0.47021943573915587,99.25632339591405,18.896877519916448
qata_test_sub-S09687_ses-E23618_run-1_bp-chest_vp-pa_cr,sub-S09687,probabilities/qata_test_sub-S09687_ses-E23618_run-1_bp-chest_vp-pa_cr.npy,masks/qata_test_sub-S09687_ses-E23618_run-1_bp-chest_vp-pa_cr.png,0.5337837837969093,0.36405529956359234,120.0,26.036314933150535
qata_test_sub-S09687_ses-E26078_run-1_bp-chest_vp-ap_dx,sub-S09687,probabilities/qata_test_sub-S09687_ses-E26078_run-1_bp-chest_vp-ap_dx.npy,masks/qata_test_sub-S09687_ses-E26078_run-1_bp-chest_vp-ap_dx.png,0.9653879269110008,0.933091689166945,5.0,1.6070258970426399
qata_test_sub-S09688_ses-E16603_run-1_bp-chest_vp-ap_dx,sub-S09688,probabilities/qata_test_sub-S09688_ses-E16603_run-1_bp-chest_vp-ap_dx.npy,masks/qata_test_sub-S09688_ses-E16603_run-1_bp-chest_vp-ap_dx.png,0.8479860008430345,0.7360900140661824,18.428226393838653,5.844199854915306
qata_test_sub-S09688_ses-E18703_run-1_bp-chest_vp-ap_dx,sub-S09688,probabilities/qata_test_sub-S09688_ses-E18703_run-1_bp-chest_vp-ap_dx.npy,masks/qata_test_sub-S09688_ses-E18703_run-1_bp-chest_vp-ap_dx.png,0.20828258222484486,0.11624745072381319,235.34258512098924,103.16433283608103
qata_test_sub-S09688_ses-E22143_run-1_bp-chest_vp-ap_dx,sub-S09688,probabilities/qata_test_sub-S09688_ses-E22143_run-1_bp-chest_vp-ap_dx.npy,masks/qata_test_sub-S09688_ses-E22143_run-1_bp-chest_vp-ap_dx.png,0.41289198607294614,0.26015367729395933,50.00949905018995,18.32621366216228
qata_test_sub-S09688_ses-E23740_run-1_bp-chest_vp-ap_dx,sub-S09688,probabilities/qata_test_sub-S09688_ses-E23740_run-1_bp-chest_vp-ap_dx.npy,masks/qata_test_sub-S09688_ses-E23740_run-1_bp-chest_vp-ap_dx.png,0.7055751804649609,0.5450878025655844,20.19896426149204,5.649252914084356
qata_test_sub-S09689_ses-E16604_run-1_bp-chest_vp-ap_dx,sub-S09689,probabilities/qata_test_sub-S09689_ses-E16604_run-1_bp-chest_vp-ap_dx.npy,masks/qata_test_sub-S09689_ses-E16604_run-1_bp-chest_vp-ap_dx.png,0.9335660175307707,0.8754091044336678,14.986606874731862,3.0593574894643236
qata_test_sub-S09689_ses-E18381_run-1_bp-chest_vp-ap_cr,sub-S09689,probabilities/qata_test_sub-S09689_ses-E18381_run-1_bp-chest_vp-ap_cr.npy,masks/qata_test_sub-S09689_ses-E18381_run-1_bp-chest_vp-ap_cr.png,0.9544212688185058,0.9128162618038175,5.656854249492381,2.562181647858543
qata_test_sub-S09689_ses-E18696_run-1_bp-chest_vp-ap_cr,sub-S09689,probabilities/qata_test_sub-S09689_ses-E18696_run-1_bp-chest_vp-ap_cr.npy,masks/qata_test_sub-S09689_ses-E18696_run-1_bp-chest_vp-ap_cr.png,0.9248029401810416,0.8601241342094984,12.529964086141668,3.352955310137553
qata_test_sub-S09689_ses-E19106_run-1_bp-chest_vp-ap_dx,sub-S09689,probabilities/qata_test_sub-S09689_ses-E19106_run-1_bp-chest_vp-ap_dx.npy,masks/qata_test_sub-S09689_ses-E19106_run-1_bp-chest_vp-ap_dx.png,0.966756513926385,0.9356521739132673,4.242640687119285,1.5250879396319956
qata_test_sub-S09689_ses-E19201_run-1_bp-chest_vp-ap_dx,sub-S09689,probabilities/qata_test_sub-S09689_ses-E19201_run-1_bp-chest_vp-ap_dx.npy,masks/qata_test_sub-S09689_ses-E19201_run-1_bp-chest_vp-ap_dx.png,0.9435866536116149,0.8931983459293698,10.295630140987,2.7757067908591586
qata_test_sub-S09689_ses-E19645_acq-1_run-1_bp-chest_vp-ap_dx,sub-S09689,probabilities/qata_test_sub-S09689_ses-E19645_acq-1_run-1_bp-chest_vp-ap_dx.npy,masks/qata_test_sub-S09689_ses-E19645_acq-1_run-1_bp-chest_vp-ap_dx.png,0.865723411688544,0.7632383676168447,33.8687210284233,8.070117603071909
qata_test_sub-S09689_ses-E19803_run-1_bp-chest_vp-ap_dx,sub-S09689,probabilities/qata_test_sub-S09689_ses-E19803_run-1_bp-chest_vp-ap_dx.npy,masks/qata_test_sub-S09689_ses-E19803_run-1_bp-chest_vp-ap_dx.png,0.94038765365508,0.8874827260168467,7.615773105863909,2.7783979216826764
qata_test_sub-S09689_ses-E19967_run-1_bp-chest_vp-ap_dx,sub-S09689,probabilities/qata_test_sub-S09689_ses-E19967_run-1_bp-chest_vp-ap_dx.npy,masks/qata_test_sub-S09689_ses-E19967_run-1_bp-chest_vp-ap_dx.png,0.9595042593966072,0.9221606797162772,9.0,2.138300588105348
qata_test_sub-S09689_ses-E20159_run-1_bp-chest_vp-ap_dx,sub-S09689,probabilities/qata_test_sub-S09689_ses-E20159_run-1_bp-chest_vp-ap_dx.npy,masks/qata_test_sub-S09689_ses-E20159_run-1_bp-chest_vp-ap_dx.png,0.9459105655581667,0.8973722102235516,7.0710678118654755,2.515552776663186
qata_test_sub-S09689_ses-E20397_run-1_bp-chest_vp-ap_cr,sub-S09689,probabilities/qata_test_sub-S09689_ses-E20397_run-1_bp-chest_vp-ap_cr.npy,masks/qata_test_sub-S09689_ses-E20397_run-1_bp-chest_vp-ap_cr.png,0.9357149634691724,0.8791958275759854,11.180339887498949,2.7915752022867664
qata_test_sub-S09689_ses-E20626_run-1_bp-chest_vp-ap_dx,sub-S09689,probabilities/qata_test_sub-S09689_ses-E20626_run-1_bp-chest_vp-ap_dx.npy,masks/qata_test_sub-S09689_ses-E20626_run-1_bp-chest_vp-ap_dx.png,0.959330557292483,0.9218398445491873,7.211102550927978,2.2662703157805515
qata_test_sub-S09689_ses-E20924_run-1_bp-chest_vp-ap_dx,sub-S09689,probabilities/qata_test_sub-S09689_ses-E20924_run-1_bp-chest_vp-ap_dx.npy,masks/qata_test_sub-S09689_ses-E20924_run-1_bp-chest_vp-ap_dx.png,0.9635107195411114,0.9295906264603759,4.242640687119285,1.6574341617346071
qata_test_sub-S09689_ses-E21117_run-1_bp-chest_vp-ap_dx,sub-S09689,probabilities/qata_test_sub-S09689_ses-E21117_run-1_bp-chest_vp-ap_dx.npy,masks/qata_test_sub-S09689_ses-E21117_run-1_bp-chest_vp-ap_dx.png,0.888536903984506,0.799429965034527,18.601075237738275,5.868096079731916
qata_test_sub-S09689_ses-E21326_run-1_bp-chest_vp-ap_dx,sub-S09689,probabilities/qata_test_sub-S09689_ses-E21326_run-1_bp-chest_vp-ap_dx.npy,masks/qata_test_sub-S09689_ses-E21326_run-1_bp-chest_vp-ap_dx.png,0.9408536835065441,0.8883132281681403,13.0,3.1727647249145643
qata_test_sub-S09689_ses-E21327_run-1_bp-chest_vp-ap_dx,sub-S09689,probabilities/qata_test_sub-S09689_ses-E21327_run-1_bp-chest_vp-ap_dx.npy,masks/qata_test_sub-S09689_ses-E21327_run-1_bp-chest_vp-ap_dx.png,0.9639064378991482,0.9303276008633677,4.242640687119285,1.7185539183995897
qata_test_sub-S09689_ses-E21475_run-1_bp-chest_vp-ap_dx,sub-S09689,probabilities/qata_test_sub-S09689_ses-E21475_run-1_bp-chest_vp-ap_dx.npy,masks/qata_test_sub-S09689_ses-E21475_run-1_bp-chest_vp-ap_dx.png,0.9624903116495206,0.9276928422518148,7.0710678118654755,1.8784621334185425
qata_test_sub-S09689_ses-E21646_run-1_bp-chest_vp-ap_dx,sub-S09689,probabilities/qata_test_sub-S09689_ses-E21646_run-1_bp-chest_vp-ap_dx.npy,masks/qata_test_sub-S09689_ses-E21646_run-1_bp-chest_vp-ap_dx.png,0.9676621311186356,0.9373502225267704,4.123105625617661,1.611106198902427
qata_test_sub-S09689_ses-E22007_run-1_bp-chest_vp-ap_dx,sub-S09689,probabilities/qata_test_sub-S09689_ses-E22007_run-1_bp-chest_vp-ap_dx.npy,masks/qata_test_sub-S09689_ses-E22007_run-1_bp-chest_vp-ap_dx.png,0.955447656583395,0.914695814532773,5.561762944667149,2.0934996750201935
qata_test_sub-S09689_ses-E22308_run-1_bp-chest_vp-ap_dx,sub-S09689,probabilities/qata_test_sub-S09689_ses-E22308_run-1_bp-chest_vp-ap_dx.npy,masks/qata_test_sub-S09689_ses-E22308_run-1_bp-chest_vp-ap_dx.png,0.9642027437215509,0.9308798009235753,5.385164807134504,1.7461361466860683
qata_test_sub-S09689_ses-E22565_run-1_bp-chest_vp-ap_dx,sub-S09689,probabilities/qata_test_sub-S09689_ses-E22565_run-1_bp-chest_vp-ap_dx.npy,masks/qata_test_sub-S09689_ses-E22565_run-1_bp-chest_vp-ap_dx.png,0.9129177377893303,0.8397871711502976,16.492422502470642,4.676447045107307
qata_test_sub-S09689_ses-E22774_run-1_bp-chest_vp-ap_dx,sub-S09689,probabilities/qata_test_sub-S09689_ses-E22774_run-1_bp-chest_vp-ap_dx.npy,masks/qata_test_sub-S09689_ses-E22774_run-1_bp-chest_vp-ap_dx.png,0.9622940064066182,0.9273281761383244,4.47213595499958,1.6583243081838133
qata_test_sub-S09689_ses-E22961_run-1_bp-chest_vp-ap_dx,sub-S09689,probabilities/qata_test_sub-S09689_ses-E22961_run-1_bp-chest_vp-ap_dx.npy,masks/qata_test_sub-S09689_ses-E22961_run-1_bp-chest_vp-ap_dx.png,0.959290584144496,0.9217660276053524,5.656854249492381,1.9984633072425935
qata_test_sub-S09689_ses-E23102_run-1_bp-chest_vp-ap_dx,sub-S09689,probabilities/qata_test_sub-S09689_ses-E23102_run-1_bp-chest_vp-ap_dx.npy,masks/qata_test_sub-S09689_ses-E23102_run-1_bp-chest_vp-ap_dx.png,0.9551508454845896,0.9141519054276763,7.0,2.3123233289381036
qata_test_sub-S09689_ses-E23273_run-1_bp-chest_vp-ap_dx,sub-S09689,probabilities/qata_test_sub-S09689_ses-E23273_run-1_bp-chest_vp-ap_dx.npy,masks/qata_test_sub-S09689_ses-E23273_run-1_bp-chest_vp-ap_dx.png,0.9668323359367749,0.9357942273711534,5.0,1.452831260803279
qata_test_sub-S09689_ses-E23583_run-1_bp-chest_vp-ap_dx,sub-S09689,probabilities/qata_test_sub-S09689_ses-E23583_run-1_bp-chest_vp-ap_dx.npy,masks/qata_test_sub-S09689_ses-E23583_run-1_bp-chest_vp-ap_dx.png,0.9516183918170594,0.9077022950322385,8.48528137423857,2.7136501073713855
qata_test_sub-S09689_ses-E24033_run-1_bp-chest_vp-ap_cr,sub-S09689,probabilities/qata_test_sub-S09689_ses-E24033_run-1_bp-chest_vp-ap_cr.npy,masks/qata_test_sub-S09689_ses-E24033_run-1_bp-chest_vp-ap_cr.png,0.96244669631812,0.9276118083793193,4.47213595499958,1.9093746068183575
qata_test_sub-S09689_ses-E25744_run-1_bp-chest_vp-ap_dx,sub-S09689,probabilities/qata_test_sub-S09689_ses-E25744_run-1_bp-chest_vp-ap_dx.npy,masks/qata_test_sub-S09689_ses-E25744_run-1_bp-chest_vp-ap_dx.png,0.9557149409950467,0.9151858802862469,5.0,1.8119642643916407
qata_test_sub-S09689_ses-E25745_run-1_bp-chest_vp-ap_dx,sub-S09689,probabilities/qata_test_sub-S09689_ses-E25745_run-1_bp-chest_vp-ap_dx.npy,masks/qata_test_sub-S09689_ses-E25745_run-1_bp-chest_vp-ap_dx.png,0.9611661007153364,0.925235594811958,10.295630140987,3.79726363634305
qata_test_sub-S09689_ses-E26065_run-1_bp-chest_vp-ap_dx,sub-S09689,probabilities/qata_test_sub-S09689_ses-E26065_run-1_bp-chest_vp-ap_dx.npy,masks/qata_test_sub-S09689_ses-E26065_run-1_bp-chest_vp-ap_dx.png,0.8752262232974051,0.7781353383465319,54.0,10.185279573840413
qata_test_sub-S09690_ses-E16605_run-1_bp-chest_vp-ap_cr,sub-S09690,probabilities/qata_test_sub-S09690_ses-E16605_run-1_bp-chest_vp-ap_cr.npy,masks/qata_test_sub-S09690_ses-E16605_run-1_bp-chest_vp-ap_cr.png,0.32954028221826265,0.19727520438154564,203.0800090039383,54.540575891675616
qata_test_sub-S09692_ses-E17183_acq-2_run-1_bp-chest_vp-ap_dx,sub-S09692,probabilities/qata_test_sub-S09692_ses-E17183_acq-2_run-1_bp-chest_vp-ap_dx.npy,masks/qata_test_sub-S09692_ses-E17183_acq-2_run-1_bp-chest_vp-ap_dx.png,0.9156043597621277,0.8443452977749932,9.219544457292887,2.495757633354055
qata_test_sub-S09692_ses-E18439_run-1_bp-chest_cr,sub-S09692,probabilities/qata_test_sub-S09692_ses-E18439_run-1_bp-chest_cr.npy,masks/qata_test_sub-S09692_ses-E18439_run-1_bp-chest_cr.png,0.9356397070282779,0.8790629575405164,21.193157600693983,4.518430989502373
qata_test_sub-S09692_ses-E20201_run-1_bp-chest_cr,sub-S09692,probabilities/qata_test_sub-S09692_ses-E20201_run-1_bp-chest_cr.npy,masks/qata_test_sub-S09692_ses-E20201_run-1_bp-chest_cr.png,0.9779087628158174,0.9567724751363371,3.605551275463989,1.1380666487329352
qata_test_sub-S09692_ses-E21356_run-1_bp-chest_cr,sub-S09692,probabilities/qata_test_sub-S09692_ses-E21356_run-1_bp-chest_cr.npy,masks/qata_test_sub-S09692_ses-E21356_run-1_bp-chest_cr.png,0.9741997291137158,0.9496972819787786,3.0,1.1415646011407659
qata_test_sub-S09692_ses-E21505_run-1_bp-chest_cr,sub-S09692,probabilities/qata_test_sub-S09692_ses-E21505_run-1_bp-chest_cr.npy,masks/qata_test_sub-S09692_ses-E21505_run-1_bp-chest_cr.png,0.9770097715964615,0.9550528875737494,4.0,1.128790964273075
qata_test_sub-S09692_ses-E21668_run-1_bp-chest_cr,sub-S09692,probabilities/qata_test_sub-S09692_ses-E21668_run-1_bp-chest_cr.npy,masks/qata_test_sub-S09692_ses-E21668_run-1_bp-chest_cr.png,0.9714230916763019,0.9444340854001354,4.0,1.337755706931666
qata_test_sub-S09692_ses-E21914_run-1_bp-chest_vp-ap_dx,sub-S09692,probabilities/qata_test_sub-S09692_ses-E21914_run-1_bp-chest_vp-ap_dx.npy,masks/qata_test_sub-S09692_ses-E21914_run-1_bp-chest_vp-ap_dx.png,0.9683429597385316,0.938628751559931,3.605551275463989,1.3237734926228941
qata_test_sub-S09692_ses-E22025_run-1_bp-chest_vp-ap_dx,sub-S09692,probabilities/qata_test_sub-S09692_ses-E22025_run-1_bp-chest_vp-ap_dx.npy,masks/qata_test_sub-S09692_ses-E22025_run-1_bp-chest_vp-ap_dx.png,0.9670808899803818,0.9362600426302006,4.0,1.22334095779927
qata_test_sub-S09692_ses-E22600_run-1_bp-chest_cr,sub-S09692,probabilities/qata_test_sub-S09692_ses-E22600_run-1_bp-chest_cr.npy,masks/qata_test_sub-S09692_ses-E22600_run-1_bp-chest_cr.png,0.9742604878535762,0.9498127705102616,4.123105625617661,1.4057973545700087
qata_test_sub-S09692_ses-E24090_run-1_bp-chest_vp-pa_cr,sub-S09692,probabilities/qata_test_sub-S09692_ses-E24090_run-1_bp-chest_vp-pa_cr.npy,masks/qata_test_sub-S09692_ses-E24090_run-1_bp-chest_vp-pa_cr.png,0.8602975971399472,0.7548440671718187,43.00523185084591,7.309202017465793
qata_test_sub-S09692_ses-E24092_run-1_bp-chest_cr,sub-S09692,probabilities/qata_test_sub-S09692_ses-E24092_run-1_bp-chest_cr.npy,masks/qata_test_sub-S09692_ses-E24092_run-1_bp-chest_cr.png,0.9702451103725384,0.9422097628724289,4.242640687119285,1.560946495468448
qata_test_sub-S09693_ses-E16608_run-1_bp-chest_vp-ap_dx,sub-S09693,probabilities/qata_test_sub-S09693_ses-E16608_run-1_bp-chest_vp-ap_dx.npy,masks/qata_test_sub-S09693_ses-E16608_run-1_bp-chest_vp-ap_dx.png,3.5075412134862316e-11,3.5075412134862316e-11,543.0580079512685,543.0580079512685
qata_test_sub-S09693_ses-E19186_run-1_bp-chest_vp-pa_cr,sub-S09693,probabilities/qata_test_sub-S09693_ses-E19186_run-1_bp-chest_vp-pa_cr.npy,masks/qata_test_sub-S09693_ses-E19186_run-1_bp-chest_vp-pa_cr.png,0.8126048853265423,0.6843592964857165,19.6468827043885,5.160059520565425
qata_test_sub-S09694_ses-E16609_run-1_bp-chest_vp-ap_dx,sub-S09694,probabilities/qata_test_sub-S09694_ses-E16609_run-1_bp-chest_vp-ap_dx.npy,masks/qata_test_sub-S09694_ses-E16609_run-1_bp-chest_vp-ap_dx.png,0.7383064727820972,0.5851710077424883,74.91038937124901,12.20466316812828
qata_test_sub-S09694_ses-E17185_run-1_bp-chest_vp-ap_dx,sub-S09694,probabilities/qata_test_sub-S09694_ses-E17185_run-1_bp-chest_vp-ap_dx.npy,masks/qata_test_sub-S09694_ses-E17185_run-1_bp-chest_vp-ap_dx.png,0.8391346492777602,0.7228526967027636,114.36695205230313,19.638690146975442
qata_test_sub-S09694_ses-E17337_run-1_bp-chest_vp-pa_dx,sub-S09694,probabilities/qata_test_sub-S09694_ses-E17337_run-1_bp-chest_vp-pa_dx.npy,masks/qata_test_sub-S09694_ses-E17337_run-1_bp-chest_vp-pa_dx.png,0.56897784132036,0.3976023976124275,175.86536481464756,36.997738189837555
qata_test_sub-S09694_ses-E20413_run-1_bp-chest_vp-ap_dx,sub-S09694,probabilities/qata_test_sub-S09694_ses-E20413_run-1_bp-chest_vp-ap_dx.npy,masks/qata_test_sub-S09694_ses-E20413_run-1_bp-chest_vp-ap_dx.png,0.5483510908214271,0.3777436040909025,73.97425561139761,15.282196402238908
qata_test_sub-S09694_ses-E26910_run-1_bp-chest_vp-pa_dx,sub-S09694,probabilities/qata_test_sub-S09694_ses-E26910_run-1_bp-chest_vp-pa_dx.npy,masks/qata_test_sub-S09694_ses-E26910_run-1_bp-chest_vp-pa_dx.png,0.4357032034367463,0.27852975496757837,191.35722940889917,56.45669556483177
qata_test_sub-S09695_ses-E17191_run-1_bp-chest_vp-ap_dx,sub-S09695,probabilities/qata_test_sub-S09695_ses-E17191_run-1_bp-chest_vp-ap_dx.npy,masks/qata_test_sub-S09695_ses-E17191_run-1_bp-chest_vp-ap_dx.png,0.5943828652421502,0.4228625637445409,30.01666203960727,8.24372578732001
qata_test_sub-S09695_ses-E18620_run-1_bp-chest_vp-pa_cr,sub-S09695,probabilities/qata_test_sub-S09695_ses-E18620_run-1_bp-chest_vp-pa_cr.npy,masks/qata_test_sub-S09695_ses-E18620_run-1_bp-chest_vp-pa_cr.png,0.5418699187084985,0.3716197379600887,34.83879069638913,12.922003400440488
qata_test_sub-S09697_ses-E16614_run-1_bp-chest_vp-ap_dx,sub-S09697,probabilities/qata_test_sub-S09697_ses-E16614_run-1_bp-chest_vp-ap_dx.npy,masks/qata_test_sub-S09697_ses-E16614_run-1_bp-chest_vp-ap_dx.png,0.5773907666963243,0.4058674393378785,130.90638492646758,37.6621216589039
qata_test_sub-S09698_ses-E16616_run-1_bp-chest_vp-pa_dx,sub-S09698,probabilities/qata_test_sub-S09698_ses-E16616_run-1_bp-chest_vp-pa_dx.npy,masks/qata_test_sub-S09698_ses-E16616_run-1_bp-chest_vp-pa_dx.png,0.46651172618353565,0.3042160374854751,27.202941017470888,11.393177754945974
qata_test_sub-S09699_ses-E16619_run-1_bp-chest_vp-ap_cr,sub-S09699,probabilities/qata_test_sub-S09699_ses-E16619_run-1_bp-chest_vp-ap_cr.npy,masks/qata_test_sub-S09699_ses-E16619_run-1_bp-chest_vp-ap_cr.png,0.4542809006056933,0.2938961553845839,147.17977313537776,56.59831307546827
qata_test_sub-S09699_ses-E17473_run-1_bp-chest_vp-ap_dx,sub-S09699,probabilities/qata_test_sub-S09699_ses-E17473_run-1_bp-chest_vp-ap_dx.npy,masks/qata_test_sub-S09699_ses-E17473_run-1_bp-chest_vp-ap_dx.png,0.10509138382661404,0.05545986911719842,234.59293904348579,109.80303882873672
qata_test_sub-S09699_ses-E17617_run-1_bp-chest_vp-ap_dx,sub-S09699,probabilities/qata_test_sub-S09699_ses-E17617_run-1_bp-chest_vp-ap_dx.npy,masks/qata_test_sub-S09699_ses-E17617_run-1_bp-chest_vp-ap_dx.png,0.6981461809968196,0.5362707938537783,54.20332093147061,13.051666516618722
qata_test_sub-S09700_ses-E18733_run-1_bp-chest_vp-pa_dx,sub-S09700,probabilities/qata_test_sub-S09700_ses-E18733_run-1_bp-chest_vp-pa_dx.npy,masks/qata_test_sub-S09700_ses-E18733_run-1_bp-chest_vp-pa_dx.png,0.5114848236359416,0.34362083220326206,140.55496132025803,40.790368746767726
qata_test_sub-S09700_ses-E20216_run-1_bp-chest_vp-ap_dx,sub-S09700,probabilities/qata_test_sub-S09700_ses-E20216_run-1_bp-chest_vp-ap_dx.npy,masks/qata_test_sub-S09700_ses-E20216_run-1_bp-chest_vp-ap_dx.png,0.3837860543308332,0.23745993243318494,80.48414225207769,24.160185519504903
qata_test_sub-S09700_ses-E20952_run-1_bp-chest_vp-ap_cr,sub-S09700,probabilities/qata_test_sub-S09700_ses-E20952_run-1_bp-chest_vp-ap_cr.npy,masks/qata_test_sub-S09700_ses-E20952_run-1_bp-chest_vp-ap_cr.png,0.9380892666390874,0.8833974807567933,8.0,1.9273633961661296
qata_test_sub-S09700_ses-E22825_run-1_bp-chest_vp-ap_dx,sub-S09700,probabilities/qata_test_sub-S09700_ses-E22825_run-1_bp-chest_vp-ap_dx.npy,masks/qata_test_sub-S09700_ses-E22825_run-1_bp-chest_vp-ap_dx.png,0.7364117811043722,0.5827941176531942,136.4234047019291,29.055260742308825
qata_test_sub-S09703_ses-E16625_run-1_bp-chest_vp-ap_cr,sub-S09703,probabilities/qata_test_sub-S09703_ses-E16625_run-1_bp-chest_vp-ap_cr.npy,masks/qata_test_sub-S09703_ses-E16625_run-1_bp-chest_vp-ap_cr.png,0.9302781946209352,0.8696449767998646,12.815936051122359,3.0255149266176447
qata_test_sub-S09703_ses-E19461_run-1_bp-chest_vp-ap_cr,sub-S09703,probabilities/qata_test_sub-S09703_ses-E19461_run-1_bp-chest_vp-ap_cr.npy,masks/qata_test_sub-S09703_ses-E19461_run-1_bp-chest_vp-ap_cr.png,0.9670432703577468,0.9361895252793072,4.47213595499958,1.4513358107487795
qata_test_sub-S09703_ses-E20301_run-1_bp-chest_vp-ap_cr,sub-S09703,probabilities/qata_test_sub-S09703_ses-E20301_run-1_bp-chest_vp-ap_cr.npy,masks/qata_test_sub-S09703_ses-E20301_run-1_bp-chest_vp-ap_cr.png,0.96518658122885,0.932715563714973,5.830951894845301,1.7890742243672109
qata_test_sub-S09703_ses-E20706_run-1_bp-chest_vp-ap_cr,sub-S09703,probabilities/qata_test_sub-S09703_ses-E20706_run-1_bp-chest_vp-ap_cr.npy,masks/qata_test_sub-S09703_ses-E20706_run-1_bp-chest_vp-ap_cr.png,0.9022452504319257,0.8219005663944458,20.024984394500787,4.880194296548104
qata_test_sub-S09703_ses-E23854_run-1_bp-chest_vp-ap_cr,sub-S09703,probabilities/qata_test_sub-S09703_ses-E23854_run-1_bp-chest_vp-ap_cr.npy,masks/qata_test_sub-S09703_ses-E23854_run-1_bp-chest_vp-ap_cr.png,0.9482346101385295,0.901564758908489,8.94427190999916,2.1821112091701913
qata_test_sub-S09704_ses-E19852_acq-1_run-1_bp-chest_vp-ap_dx,sub-S09704,probabilities/qata_test_sub-S09704_ses-E19852_acq-1_run-1_bp-chest_vp-ap_dx.npy,masks/qata_test_sub-S09704_ses-E19852_acq-1_run-1_bp-chest_vp-ap_dx.png,0.5709556389365377,0.39953667954595307,182.64678579658977,53.13518941725411
qata_test_sub-S09704_ses-E19852_acq-2_run-1_bp-chest_vp-ap_dx,sub-S09704,probabilities/qata_test_sub-S09704_ses-E19852_acq-2_run-1_bp-chest_vp-ap_dx.npy,masks/qata_test_sub-S09704_ses-E19852_acq-2_run-1_bp-chest_vp-ap_dx.png,0.7154947236453332,0.5570196844012959,33.7131528702185,11.07427337001101
qata_test_sub-S09708_ses-E16636_run-1_bp-chest_vp-ap_dx,sub-S09708,probabilities/qata_test_sub-S09708_ses-E16636_run-1_bp-chest_vp-ap_dx.npy,masks/qata_test_sub-S09708_ses-E16636_run-1_bp-chest_vp-ap_dx.png,0.8450654742896119,0.7316998976805628,42.44997055358225,8.168864686962692
qata_test_sub-S09708_ses-E17141_run-1_bp-chest_vp-ap_dx,sub-S09708,probabilities/qata_test_sub-S09708_ses-E17141_run-1_bp-chest_vp-ap_dx.npy,masks/qata_test_sub-S09708_ses-E17141_run-1_bp-chest_vp-ap_dx.png,0.8998272047544534,0.8178962510647392,19.4164878389476,5.273092290347421
qata_test_sub-S09708_ses-E22670_run-1_bp-chest_vp-ap_dx,sub-S09708,probabilities/qata_test_sub-S09708_ses-E22670_run-1_bp-chest_vp-ap_dx.npy,masks/qata_test_sub-S09708_ses-E22670_run-1_bp-chest_vp-ap_dx.png,0.7933167174379366,0.6574357405153862,33.61547262794322,8.54731358941187
qata_test_sub-S09708_ses-E24162_run-1_bp-chest_vp-pa_dx,sub-S09708,probabilities/qata_test_sub-S09708_ses-E24162_run-1_bp-chest_vp-pa_dx.npy,masks/qata_test_sub-S09708_ses-E24162_run-1_bp-chest_vp-pa_dx.png,0.5051272313013656,0.337906504076255,162.6972072164629,48.683432645599225
qata_test_sub-S09709_ses-E16639_run-1_bp-chest_vp-pa_cr,sub-S09709,probabilities/qata_test_sub-S09709_ses-E16639_run-1_bp-chest_vp-pa_cr.npy,masks/qata_test_sub-S09709_ses-E16639_run-1_bp-chest_vp-pa_cr.png,0.7167360940980552,0.5585258736001809,171.04677700291464,41.492877060576106
qata_test_sub-S09709_ses-E24157_run-1_bp-chest_vp-pa_cr,sub-S09709,probabilities/qata_test_sub-S09709_ses-E24157_run-1_bp-chest_vp-pa_cr.npy,masks/qata_test_sub-S09709_ses-E24157_run-1_bp-chest_vp-pa_cr.png,0.9003682272498646,0.8187906620777116,147.55353323894806,22.454128134540113
qata_test_sub-S09710_ses-E16640_run-1_bp-chest_vp-ap_dx,sub-S09710,probabilities/qata_test_sub-S09710_ses-E16640_run-1_bp-chest_vp-ap_dx.npy,masks/qata_test_sub-S09710_ses-E16640_run-1_bp-chest_vp-ap_dx.png,0.7801742015768693,0.6395783747045247,193.89958207468393,44.97129702349433
qata_test_sub-S09710_ses-E17123_run-1_bp-chest_vp-ap_cr,sub-S09710,probabilities/qata_test_sub-S09710_ses-E17123_run-1_bp-chest_vp-ap_cr.npy,masks/qata_test_sub-S09710_ses-E17123_run-1_bp-chest_vp-ap_cr.png,0.7623242419118994,0.6159321105966608,77.13912005304333,12.379959535451539
qata_test_sub-S09711_ses-E18225_run-1_bp-chest_vp-pa_cr,sub-S09711,probabilities/qata_test_sub-S09711_ses-E18225_run-1_bp-chest_vp-pa_cr.npy,masks/qata_test_sub-S09711_ses-E18225_run-1_bp-chest_vp-pa_cr.png,0.8203563117540527,0.6954272039334602,97.71897144293818,13.50907316138136
qata_test_sub-S09711_ses-E20994_run-1_bp-chest_vp-pa_cr,sub-S09711,probabilities/qata_test_sub-S09711_ses-E20994_run-1_bp-chest_vp-pa_cr.npy,masks/qata_test_sub-S09711_ses-E20994_run-1_bp-chest_vp-pa_cr.png,0.292319305531571,0.17117913581916536,144.8602700211993,41.873240187270945
qata_test_sub-S09711_ses-E23411_run-1_bp-chest_vp-pa_cr,sub-S09711,probabilities/qata_test_sub-S09711_ses-E23411_run-1_bp-chest_vp-pa_cr.npy,masks/qata_test_sub-S09711_ses-E23411_run-1_bp-chest_vp-pa_cr.png,0.5998686658662588,0.428437426722204,54.0,13.440957588077927
qata_test_sub-S09712_ses-E19280_run-1_bp-chest_cr,sub-S09712,probabilities/qata_test_sub-S09712_ses-E19280_run-1_bp-chest_cr.npy,masks/qata_test_sub-S09712_ses-E19280_run-1_bp-chest_cr.png,0.8881773931857476,0.7988481145666855,16.697198913809356,3.685096561020767
qata_test_sub-S09712_ses-E26390_run-1_bp-chest_vp-ap_dx,sub-S09712,probabilities/qata_test_sub-S09712_ses-E26390_run-1_bp-chest_vp-ap_dx.npy,masks/qata_test_sub-S09712_ses-E26390_run-1_bp-chest_vp-ap_dx.png,0.6657077323808821,0.4989219742468451,87.76671631169565,18.05774663839345
qata_test_sub-S09715_ses-E16646_run-1_bp-chest_vp-ap_dx,sub-S09715,probabilities/qata_test_sub-S09715_ses-E16646_run-1_bp-chest_vp-ap_dx.npy,masks/qata_test_sub-S09715_ses-E16646_run-1_bp-chest_vp-ap_dx.png,0.5151097178713786,0.3469008613465048,57.054794056612835,15.243067681840895
qata_test_sub-S09716_ses-E16647_run-1_bp-chest_dx,sub-S09716,probabilities/qata_test_sub-S09716_ses-E16647_run-1_bp-chest_dx.npy,masks/qata_test_sub-S09716_ses-E16647_run-1_bp-chest_dx.png,0.7997740219396461,0.6663528673439527,50.24686812063078,11.391479734794439
qata_test_sub-S09717_ses-E19511_run-1_bp-chest_vp-ap_dx,sub-S09717,probabilities/qata_test_sub-S09717_ses-E19511_run-1_bp-chest_vp-ap_dx.npy,masks/qata_test_sub-S09717_ses-E19511_run-1_bp-chest_vp-ap_dx.png,0.7519327159979954,0.6024777074426351,67.85895771764642,13.258044786370771
qata_test_sub-S09717_ses-E21410_run-1_bp-chest_vp-ap_dx,sub-S09717,probabilities/qata_test_sub-S09717_ses-E21410_run-1_bp-chest_vp-ap_dx.npy,masks/qata_test_sub-S09717_ses-E21410_run-1_bp-chest_vp-ap_dx.png,0.8250302135092654,0.7021714285727901,26.0,5.311034932605079
qata_test_sub-S09717_ses-E22401_run-1_bp-chest_vp-pa_cr,sub-S09717,probabilities/qata_test_sub-S09717_ses-E22401_run-1_bp-chest_vp-pa_cr.npy,masks/qata_test_sub-S09717_ses-E22401_run-1_bp-chest_vp-pa_cr.png,0.8383734485370749,0.7217237308179253,11.045361017187261,3.169339649014455
qata_test_sub-S09718_ses-E23427_run-1_bp-chest_vp-ap_dx,sub-S09718,probabilities/qata_test_sub-S09718_ses-E23427_run-1_bp-chest_vp-ap_dx.npy,masks/qata_test_sub-S09718_ses-E23427_run-1_bp-chest_vp-ap_dx.png,0.8510456679491956,0.7407132243749204,13.490585662489144,4.002887233383096
qata_test_sub-S09718_ses-E24346_run-1_bp-chest_vp-pa_dx,sub-S09718,probabilities/qata_test_sub-S09718_ses-E24346_run-1_bp-chest_vp-pa_dx.npy,masks/qata_test_sub-S09718_ses-E24346_run-1_bp-chest_vp-pa_dx.png,0.6813267813306962,0.5166759828672131,141.65097952361643,35.689198623771524
qata_test_sub-S09719_ses-E19486_run-1_bp-chest_vp-ap_dx,sub-S09719,probabilities/qata_test_sub-S09719_ses-E19486_run-1_bp-chest_vp-ap_dx.npy,masks/qata_test_sub-S09719_ses-E19486_run-1_bp-chest_vp-ap_dx.png,0.7308604701344525,0.5758708581210558,19.37517586969974,6.211698745662483
qata_test_sub-S09719_ses-E20451_run-1_bp-chest_vp-pa_dx,sub-S09719,probabilities/qata_test_sub-S09719_ses-E20451_run-1_bp-chest_vp-pa_dx.npy,masks/qata_test_sub-S09719_ses-E20451_run-1_bp-chest_vp-pa_dx.png,0.2955717970840974,0.17341404970143254,49.039269843092136,26.930021803043026
qata_test_sub-S09720_ses-E16867_acq-1_run-1_bp-chest_vp-ap_dx,sub-S09720,probabilities/qata_test_sub-S09720_ses-E16867_acq-1_run-1_bp-chest_vp-ap_dx.npy,masks/qata_test_sub-S09720_ses-E16867_acq-1_run-1_bp-chest_vp-ap_dx.png,0.6143499110305084,0.4433658366731527,36.052359216911896,12.164672821691477
qata_test_sub-S09720_ses-E16981_run-1_bp-chest_vp-pa_dx,sub-S09720,probabilities/qata_test_sub-S09720_ses-E16981_run-1_bp-chest_vp-pa_dx.npy,masks/qata_test_sub-S09720_ses-E16981_run-1_bp-chest_vp-pa_dx.png,0.671713695805555,0.5056994818738221,23.345235059857504,5.959683887636947
qata_test_sub-S09720_ses-E17496_run-1_bp-chest_vp-ap_dx,sub-S09720,probabilities/qata_test_sub-S09720_ses-E17496_run-1_bp-chest_vp-ap_dx.npy,masks/qata_test_sub-S09720_ses-E17496_run-1_bp-chest_vp-ap_dx.png,0.38500851790066,0.2383966244926583,172.24938157329186,62.711710782763554
qata_test_sub-S09720_ses-E17848_run-1_bp-chest_vp-ap_dx,sub-S09720,probabilities/qata_test_sub-S09720_ses-E17848_run-1_bp-chest_vp-ap_dx.npy,masks/qata_test_sub-S09720_ses-E17848_run-1_bp-chest_vp-ap_dx.png,0.8512049167075012,0.740954526257727,20.808652046684813,6.33938927795076
qata_test_sub-S09720_ses-E23823_run-1_bp-chest_vp-pa_dx,sub-S09720,probabilities/qata_test_sub-S09720_ses-E23823_run-1_bp-chest_vp-pa_dx.npy,masks/qata_test_sub-S09720_ses-E23823_run-1_bp-chest_vp-pa_dx.png,0.7273792780153846,0.57156013999684,19.0,4.766088365395641
qata_test_sub-S09721_ses-E18282_run-1_bp-chest_cr,sub-S09721,probabilities/qata_test_sub-S09721_ses-E18282_run-1_bp-chest_cr.npy,masks/qata_test_sub-S09721_ses-E18282_run-1_bp-chest_cr.png,0.8678479143600301,0.7665471144456045,23.0,5.143114724548972
qata_test_sub-S09721_ses-E20524_run-1_bp-chest_vp-ap_dx,sub-S09721,probabilities/qata_test_sub-S09721_ses-E20524_run-1_bp-chest_vp-ap_dx.npy,masks/qata_test_sub-S09721_ses-E20524_run-1_bp-chest_vp-ap_dx.png,0.7283032235224518,0.5727019498641249,20.615528128088304,6.66035172578669
qata_test_sub-S09721_ses-E22463_run-1_bp-chest_vp-ap_dx,sub-S09721,probabilities/qata_test_sub-S09721_ses-E22463_run-1_bp-chest_vp-ap_dx.npy,masks/qata_test_sub-S09721_ses-E22463_run-1_bp-chest_vp-ap_dx.png,0.7957637334269351,0.6608036608085113,23.95785771582181,5.039005082128051
qata_test_sub-S09721_ses-E23931_run-1_bp-chest_vp-pa_cr,sub-S09721,probabilities/qata_test_sub-S09721_ses-E23931_run-1_bp-chest_vp-pa_cr.npy,masks/qata_test_sub-S09721_ses-E23931_run-1_bp-chest_vp-pa_cr.png,0.49281609196616816,0.3269780743779162,18.027756377319946,7.49882562863759
qata_test_sub-S09721_ses-E24599_run-1_bp-chest_vp-ap_dx,sub-S09721,probabilities/qata_test_sub-S09721_ses-E24599_run-1_bp-chest_vp-ap_dx.npy,masks/qata_test_sub-S09721_ses-E24599_run-1_bp-chest_vp-ap_dx.png,0.9104299209565822,0.8355863826184756,10.63014581273465,3.082981137363069
qata_test_sub-S09721_ses-E25059_run-1_bp-chest_vp-ap_dx,sub-S09721,probabilities/qata_test_sub-S09721_ses-E25059_run-1_bp-chest_vp-ap_dx.npy,masks/qata_test_sub-S09721_ses-E25059_run-1_bp-chest_vp-ap_dx.png,0.13143412108415414,0.07033957035030791,166.18062388739256,80.45033597929326
qata_test_sub-S09721_ses-E25952_run-1_bp-chest_vp-ap_dx,sub-S09721,probabilities/qata_test_sub-S09721_ses-E25952_run-1_bp-chest_vp-ap_dx.npy,masks/qata_test_sub-S09721_ses-E25952_run-1_bp-chest_vp-ap_dx.png,0.8374090886911827,0.7202955747777287,22.47220505424423,5.758475766783808
qata_test_sub-S09722_ses-E16656_run-1_bp-chest_vp-pa_cr,sub-S09722,probabilities/qata_test_sub-S09722_ses-E16656_run-1_bp-chest_vp-pa_cr.npy,masks/qata_test_sub-S09722_ses-E16656_run-1_bp-chest_vp-pa_cr.png,0.5275288092290327,0.3582608695838186,49.3172737436034,13.79401897852269
qata_test_sub-S09723_ses-E16657_run-1_bp-chest_vp-pa_cr,sub-S09723,probabilities/qata_test_sub-S09723_ses-E16657_run-1_bp-chest_vp-pa_cr.npy,masks/qata_test_sub-S09723_ses-E16657_run-1_bp-chest_vp-pa_cr.png,0.1913959613743553,0.10582524272423414,218.05159720058816,105.67029301428533
qata_test_sub-S09723_ses-E18270_run-1_bp-chest_vp-ap_dx,sub-S09723,probabilities/qata_test_sub-S09723_ses-E18270_run-1_bp-chest_vp-ap_dx.npy,masks/qata_test_sub-S09723_ses-E18270_run-1_bp-chest_vp-ap_dx.png,0.7911579283381391,0.654475838395648,63.590085302912655,11.56679130781453
qata_test_sub-S09723_ses-E19045_run-1_bp-chest_vp-ap_dx,sub-S09723,probabilities/qata_test_sub-S09723_ses-E19045_run-1_bp-chest_vp-ap_dx.npy,masks/qata_test_sub-S09723_ses-E19045_run-1_bp-chest_vp-ap_dx.png,0.9102844638951696,0.8353413654625291,17.750827355067333,4.039998601565888
qata_test_sub-S09723_ses-E22458_run-1_bp-chest_vp-ap_dx,sub-S09723,probabilities/qata_test_sub-S09723_ses-E22458_run-1_bp-chest_vp-ap_dx.npy,masks/qata_test_sub-S09723_ses-E22458_run-1_bp-chest_vp-ap_dx.png,0.9364973692689005,0.8805783288240354,12.222831741845615,4.169113880645654
qata_test_sub-S09723_ses-E22893_run-1_bp-chest_vp-pa_cr,sub-S09723,probabilities/qata_test_sub-S09723_ses-E22893_run-1_bp-chest_vp-pa_cr.npy,masks/qata_test_sub-S09723_ses-E22893_run-1_bp-chest_vp-pa_cr.png,0.9176769489936272,0.8478771177799149,17.055743286735566,3.6621542531582354
qata_test_sub-S09723_ses-E25934_run-1_bp-chest_vp-ap_dx,sub-S09723,probabilities/qata_test_sub-S09723_ses-E25934_run-1_bp-chest_vp-ap_dx.npy,masks/qata_test_sub-S09723_ses-E25934_run-1_bp-chest_vp-ap_dx.png,0.8765814791856064,0.7802804234976075,24.166091947189145,5.993243872784752
qata_test_sub-S09723_ses-E26396_run-1_bp-chest_vp-ap_dx,sub-S09723,probabilities/qata_test_sub-S09723_ses-E26396_run-1_bp-chest_vp-ap_dx.npy,masks/qata_test_sub-S09723_ses-E26396_run-1_bp-chest_vp-ap_dx.png,0.9241604235106843,0.8590132243756469,25.396078054371003,5.90948919383102
qata_test_sub-S09725_ses-E16659_run-1_bp-chest_vp-pa_dx,sub-S09725,probabilities/qata_test_sub-S09725_ses-E16659_run-1_bp-chest_vp-pa_dx.npy,masks/qata_test_sub-S09725_ses-E16659_run-1_bp-chest_vp-pa_dx.png,0.3637640449549901,0.2223175965832121,205.0,50.64184349872928
qata_test_sub-S09726_ses-E17568_run-1_bp-chest_vp-ap_cr,sub-S09726,probabilities/qata_test_sub-S09726_ses-E17568_run-1_bp-chest_vp-ap_cr.npy,masks/qata_test_sub-S09726_ses-E17568_run-1_bp-chest_vp-ap_cr.png,0.148873653322778,0.08042328047193527,178.735278052171,72.13161436018711
qata_test_sub-S09728_ses-E16665_run-1_bp-chest_vp-ap_dx,sub-S09728,probabilities/qata_test_sub-S09728_ses-E16665_run-1_bp-chest_vp-ap_dx.npy,masks/qata_test_sub-S09728_ses-E16665_run-1_bp-chest_vp-ap_dx.png,0.7184066262903828,0.5605573819502371,139.47759552334608,34.59785098192034
qata_test_sub-S09728_ses-E23225_run-1_bp-chest_vp-ap_cr,sub-S09728,probabilities/qata_test_sub-S09728_ses-E23225_run-1_bp-chest_vp-ap_cr.npy,masks/qata_test_sub-S09728_ses-E23225_run-1_bp-chest_vp-ap_cr.png,0.3221614227318002,0.19200978397097393,156.40012787718558,62.196413146420696
qata_test_sub-S09729_ses-E16668_run-1_bp-chest_vp-ap_dx,sub-S09729,probabilities/qata_test_sub-S09729_ses-E16668_run-1_bp-chest_vp-ap_dx.npy,masks/qata_test_sub-S09729_ses-E16668_run-1_bp-chest_vp-ap_dx.png,0.7774917249002238,0.6359807460926997,17.24813312833121,4.921374673833123
qata_test_sub-S09729_ses-E17168_run-1_bp-chest_vp-ap_cr,sub-S09729,probabilities/qata_test_sub-S09729_ses-E17168_run-1_bp-chest_vp-ap_cr.npy,masks/qata_test_sub-S09729_ses-E17168_run-1_bp-chest_vp-ap_cr.png,0.8994385807325423,0.8172543258258468,12.0,3.0880793321556235
qata_test_sub-S09729_ses-E18550_run-1_bp-chest_vp-ap_cr,sub-S09729,probabilities/qata_test_sub-S09729_ses-E18550_run-1_bp-chest_vp-ap_cr.npy,masks/qata_test_sub-S09729_ses-E18550_run-1_bp-chest_vp-ap_cr.png,0.7066769587088638,0.5464040585035391,20.036199421661934,6.462826131191864
qata_test_sub-S09732_ses-E17013_run-1_bp-chest_vp-ap_dx,sub-S09732,probabilities/qata_test_sub-S09732_ses-E17013_run-1_bp-chest_vp-ap_dx.npy,masks/qata_test_sub-S09732_ses-E17013_run-1_bp-chest_vp-ap_dx.png,0.920924178327735,0.8534378769614558,11.0,2.686537230576742
qata_test_sub-S09732_ses-E20780_run-1_bp-chest_vp-ap_dx,sub-S09732,probabilities/qata_test_sub-S09732_ses-E20780_run-1_bp-chest_vp-ap_dx.npy,masks/qata_test_sub-S09732_ses-E20780_run-1_bp-chest_vp-ap_dx.png,0.857728044760427,0.7508965275977355,21.93285150949325,4.499477647787011
qata_test_sub-S09732_ses-E22320_run-1_bp-chest_vp-ap_dx,sub-S09732,probabilities/qata_test_sub-S09732_ses-E22320_run-1_bp-chest_vp-ap_dx.npy,masks/qata_test_sub-S09732_ses-E22320_run-1_bp-chest_vp-ap_dx.png,0.8760470478362197,0.7794339132704262,21.034480101843698,4.958751293924004
qata_test_sub-S09734_ses-E18704_run-1_bp-chest_vp-ap_dx,sub-S09734,probabilities/qata_test_sub-S09734_ses-E18704_run-1_bp-chest_vp-ap_dx.npy,masks/qata_test_sub-S09734_ses-E18704_run-1_bp-chest_vp-ap_dx.png,0.8459501415399371,0.7330273777507001,34.60407432506431,7.241691200814992
qata_test_sub-S09734_ses-E18897_run-1_bp-chest_vp-ap_cr,sub-S09734,probabilities/qata_test_sub-S09734_ses-E18897_run-1_bp-chest_vp-ap_cr.npy,masks/qata_test_sub-S09734_ses-E18897_run-1_bp-chest_vp-ap_cr.png,0.9395906416596979,0.8860640791878819,6.082762530298219,2.2138995548077087
qata_test_sub-S09734_ses-E20389_run-1_bp-chest_vp-pa_dx,sub-S09734,probabilities/qata_test_sub-S09734_ses-E20389_run-1_bp-chest_vp-pa_dx.npy,masks/qata_test_sub-S09734_ses-E20389_run-1_bp-chest_vp-pa_dx.png,0.7240563099573433,0.5674672915530664,20.0,5.643088107788175
qata_test_sub-S09734_ses-E20918_run-1_bp-chest_vp-ap_dx,sub-S09734,probabilities/qata_test_sub-S09734_ses-E20918_run-1_bp-chest_vp-ap_dx.npy,masks/qata_test_sub-S09734_ses-E20918_run-1_bp-chest_vp-ap_dx.png,0.722942386832701,0.5661000563959873,19.6468827043885,6.490145939974506
qata_test_sub-S09734_ses-E21476_acq-1_run-1_bp-chest_vp-pa_dx,sub-S09734,probabilities/qata_test_sub-S09734_ses-E21476_acq-1_run-1_bp-chest_vp-pa_dx.npy,masks/qata_test_sub-S09734_ses-E21476_acq-1_run-1_bp-chest_vp-pa_dx.png,0.7402463003221554,0.5876119280408476,28.471832829640295,7.239903837924413
qata_test_sub-S09734_ses-E22766_run-1_bp-chest_vp-ap_dx,sub-S09734,probabilities/qata_test_sub-S09734_ses-E22766_run-1_bp-chest_vp-ap_dx.npy,masks/qata_test_sub-S09734_ses-E22766_run-1_bp-chest_vp-ap_dx.png,0.6043904988686788,0.4330656235719152,60.33232707836829,15.68918884407226
qata_test_sub-S09736_ses-E24647_run-1_bp-chest_vp-ap_dx,sub-S09736,probabilities/qata_test_sub-S09736_ses-E24647_run-1_bp-chest_vp-ap_dx.npy,masks/qata_test_sub-S09736_ses-E24647_run-1_bp-chest_vp-ap_dx.png,0.7947391116904972,0.6593917710318644,19.0,4.545552381577002
qata_test_sub-S09736_ses-E25124_run-1_bp-chest_vp-pa_dx,sub-S09736,probabilities/qata_test_sub-S09736_ses-E25124_run-1_bp-chest_vp-pa_dx.npy,masks/qata_test_sub-S09736_ses-E25124_run-1_bp-chest_vp-pa_dx.png,0.92051649928302,0.8527379053707892,7.0071067811865415,2.314443212604038
qata_test_sub-S09737_ses-E16680_acq-1_run-1_bp-chest_vp-pa_cr,sub-S09737,probabilities/qata_test_sub-S09737_ses-E16680_acq-1_run-1_bp-chest_vp-pa_cr.npy,masks/qata_test_sub-S09737_ses-E16680_acq-1_run-1_bp-chest_vp-pa_cr.png,0.5711292200282755,0.39970669709304696,162.0,23.201803771594065
qata_test_sub-S09739_ses-E18557_run-1_bp-chest_vp-ap_dx,sub-S09739,probabilities/qata_test_sub-S09739_ses-E18557_run-1_bp-chest_vp-ap_dx.npy,masks/qata_test_sub-S09739_ses-E18557_run-1_bp-chest_vp-ap_dx.png,0.16347226448046104,0.08901159580845383,143.53674837264268,49.95213485987794
qata_test_sub-S09741_ses-E16691_run-1_bp-chest_cr,sub-S09741,probabilities/qata_test_sub-S09741_ses-E16691_run-1_bp-chest_cr.npy,masks/qata_test_sub-S09741_ses-E16691_run-1_bp-chest_cr.png,0.6390642002195916,0.46957703686359975,73.99493173818168,17.923705682969874
qata_test_sub-S09741_ses-E16806_run-1_bp-chest_vp-ap_dx,sub-S09741,probabilities/qata_test_sub-S09741_ses-E16806_run-1_bp-chest_vp-ap_dx.npy,masks/qata_test_sub-S09741_ses-E16806_run-1_bp-chest_vp-ap_dx.png,0.729163496171414,0.573766565547072,32.54369793313795,7.805837453014857
qata_test_sub-S09741_ses-E17469_run-1_bp-chest_vp-pa_cr,sub-S09741,probabilities/qata_test_sub-S09741_ses-E17469_run-1_bp-chest_vp-pa_cr.npy,masks/qata_test_sub-S09741_ses-E17469_run-1_bp-chest_vp-pa_cr.png,0.5666255104989397,0.39530877286780663,30.943411459703952,8.682877811472773
qata_test_sub-S09745_ses-E19438_run-1_bp-chest_vp-ap_dx,sub-S09745,probabilities/qata_test_sub-S09745_ses-E19438_run-1_bp-chest_vp-ap_dx.npy,masks/qata_test_sub-S09745_ses-E19438_run-1_bp-chest_vp-ap_dx.png,0.7266229592499637,0.5706267162026707,157.19860017313775,40.93075091806936
qata_test_sub-S09745_ses-E20677_run-1_bp-chest_vp-ap_dx,sub-S09745,probabilities/qata_test_sub-S09745_ses-E20677_run-1_bp-chest_vp-ap_dx.npy,masks/qata_test_sub-S09745_ses-E20677_run-1_bp-chest_vp-ap_dx.png,0.8136803398671462,0.6858862473687277,180.7823259270408,23.135619945481082
qata_test_sub-S09745_ses-E22607_run-1_bp-chest_vp-ap_dx,sub-S09745,probabilities/qata_test_sub-S09745_ses-E22607_run-1_bp-chest_vp-ap_dx.npy,masks/qata_test_sub-S09745_ses-E22607_run-1_bp-chest_vp-ap_dx.png,0.7602912915956299,0.6132822060878955,161.68238771286093,27.852376413198698
qata_test_sub-S09746_ses-E16702_run-1_bp-chest_vp-ap_dx,sub-S09746,probabilities/qata_test_sub-S09746_ses-E16702_run-1_bp-chest_vp-ap_dx.npy,masks/qata_test_sub-S09746_ses-E16702_run-1_bp-chest_vp-ap_dx.png,0.7294848835998657,0.5741646629668007,37.84548501794723,9.872895267674254
qata_test_sub-S09746_ses-E17106_run-1_bp-chest_vp-ap_dx,sub-S09746,probabilities/qata_test_sub-S09746_ses-E17106_run-1_bp-chest_vp-ap_dx.npy,masks/qata_test_sub-S09746_ses-E17106_run-1_bp-chest_vp-ap_dx.png,0.6374204869515433,0.4678042498447327,72.31462736552,13.607676242176888
qata_test_sub-S09747_ses-E16706_run-1_bp-chest_vp-pa_cr,sub-S09747,probabilities/qata_test_sub-S09747_ses-E16706_run-1_bp-chest_vp-pa_cr.npy,masks/qata_test_sub-S09747_ses-E16706_run-1_bp-chest_vp-pa_cr.png,0.6812350204471841,0.516570451154232,18.645173775616865,8.767712240765167
qata_test_sub-S09747_ses-E18456_run-1_bp-chest_vp-ap_dx,sub-S09747,probabilities/qata_test_sub-S09747_ses-E18456_run-1_bp-chest_vp-ap_dx.npy,masks/qata_test_sub-S09747_ses-E18456_run-1_bp-chest_vp-ap_dx.png,0.8716414603076194,0.7724862529480313,113.85255052559715,11.639783109670802
qata_test_sub-S09747_ses-E22637_run-1_bp-chest_vp-ap_dx,sub-S09747,probabilities/qata_test_sub-S09747_ses-E22637_run-1_bp-chest_vp-ap_dx.npy,masks/qata_test_sub-S09747_ses-E22637_run-1_bp-chest_vp-ap_dx.png,0.7986100386115937,0.6647383982560131,20.01873829587559,6.062491373076515
qata_test_sub-S09747_ses-E23655_run-1_bp-chest_cr,sub-S09747,probabilities/qata_test_sub-S09747_ses-E23655_run-1_bp-chest_cr.npy,masks/qata_test_sub-S09747_ses-E23655_run-1_bp-chest_cr.png,0.7640959504783901,0.6182486017228629,34.21402958825611,8.365824819724642
qata_test_sub-S09747_ses-E25227_run-1_bp-chest_vp-pa_cr,sub-S09747,probabilities/qata_test_sub-S09747_ses-E25227_run-1_bp-chest_vp-pa_cr.npy,masks/qata_test_sub-S09747_ses-E25227_run-1_bp-chest_vp-pa_cr.png,0.5650999459774981,0.3938253012093838,47.13453280757608,12.578656794493646
qata_test_sub-S09747_ses-E26509_run-1_bp-chest_vp-ap_dx,sub-S09747,probabilities/qata_test_sub-S09747_ses-E26509_run-1_bp-chest_vp-ap_dx.npy,masks/qata_test_sub-S09747_ses-E26509_run-1_bp-chest_vp-ap_dx.png,0.9446888058061274,0.895175575701104,20.248456731316587,4.722193845835379
qata_test_sub-S09748_ses-E16709_run-1_bp-chest_vp-ap_cr,sub-S09748,probabilities/qata_test_sub-S09748_ses-E16709_run-1_bp-chest_vp-ap_cr.npy,masks/qata_test_sub-S09748_ses-E16709_run-1_bp-chest_vp-ap_cr.png,0.763601348101064,0.6176012461133644,124.36393530831906,19.367878593679414
qata_test_sub-S09748_ses-E22191_run-1_bp-chest_vp-ap_cr,sub-S09748,probabilities/qata_test_sub-S09748_ses-E22191_run-1_bp-chest_vp-ap_cr.npy,masks/qata_test_sub-S09748_ses-E22191_run-1_bp-chest_vp-ap_cr.png,0.4248300679785602,0.269704277201806,77.44738109925616,23.166427522969514
qata_test_sub-S09750_ses-E19151_run-1_bp-chest_vp-ap_cr,sub-S09750,probabilities/qata_test_sub-S09750_ses-E19151_run-1_bp-chest_vp-ap_cr.npy,masks/qata_test_sub-S09750_ses-E19151_run-1_bp-chest_vp-ap_cr.png,0.8660453732479898,0.7637390005020133,13.0,2.974097082126349
qata_test_sub-S09751_ses-E16715_run-1_bp-chest_vp-pa_cr,sub-S09751,probabilities/qata_test_sub-S09751_ses-E16715_run-1_bp-chest_vp-pa_cr.npy,masks/qata_test_sub-S09751_ses-E16715_run-1_bp-chest_vp-pa_cr.png,0.615730531415161,0.44480539764200155,49.96946962610506,12.269638775617475
qata_test_sub-S09751_ses-E18178_run-1_bp-chest_vp-pa_cr,sub-S09751,probabilities/qata_test_sub-S09751_ses-E18178_run-1_bp-chest_vp-pa_cr.npy,masks/qata_test_sub-S09751_ses-E18178_run-1_bp-chest_vp-pa_cr.png,0.9625157464590246,0.927740101282531,5.0,1.68810669829664
qata_test_sub-S09751_ses-E20961_run-1_bp-chest_vp-ap_cr,sub-S09751,probabilities/qata_test_sub-S09751_ses-E20961_run-1_bp-chest_vp-ap_cr.npy,masks/qata_test_sub-S09751_ses-E20961_run-1_bp-chest_vp-ap_cr.png,0.9664288905665546,0.9350386071611513,4.123105625617661,1.5301382351802122
qata_test_sub-S09751_ses-E23836_run-1_bp-chest_vp-pa_cr,sub-S09751,probabilities/qata_test_sub-S09751_ses-E23836_run-1_bp-chest_vp-pa_cr.npy,masks/qata_test_sub-S09751_ses-E23836_run-1_bp-chest_vp-pa_cr.png,0.9771676001596389,0.9553545627927084,3.0,1.0984489573294869
qata_test_sub-S09751_ses-E25837_run-1_bp-chest_vp-pa_cr,sub-S09751,probabilities/qata_test_sub-S09751_ses-E25837_run-1_bp-chest_vp-pa_cr.npy,masks/qata_test_sub-S09751_ses-E25837_run-1_bp-chest_vp-pa_cr.png,0.9670648302814979,0.9362299383659723,4.242640687119285,1.473075325440771
qata_test_sub-S09752_ses-E25241_run-1_bp-chest_vp-ap_cr,sub-S09752,probabilities/qata_test_sub-S09752_ses-E25241_run-1_bp-chest_vp-ap_cr.npy,masks/qata_test_sub-S09752_ses-E25241_run-1_bp-chest_vp-ap_cr.png,0.8115618013424275,0.6828809459851036,25.0,6.447439260588917
qata_test_sub-S09753_ses-E16720_run-1_bp-chest_vp-ap_dx,sub-S09753,probabilities/qata_test_sub-S09753_ses-E16720_run-1_bp-chest_vp-ap_dx.npy,masks/qata_test_sub-S09753_ses-E16720_run-1_bp-chest_vp-ap_dx.png,0.643692564752638,0.4745919310294244,18.0,5.363164379142137
qata_test_sub-S09753_ses-E20312_run-1_bp-chest_vp-ap_dx,sub-S09753,probabilities/qata_test_sub-S09753_ses-E20312_run-1_bp-chest_vp-ap_dx.npy,masks/qata_test_sub-S09753_ses-E20312_run-1_bp-chest_vp-ap_dx.png,0.4589503613380055,0.29781672817807786,72.35182047168936,18.888341393750384
qata_test_sub-S09755_ses-E16724_run-1_bp-chest_vp-pa_cr,sub-S09755,probabilities/qata_test_sub-S09755_ses-E16724_run-1_bp-chest_vp-pa_cr.npy,masks/qata_test_sub-S09755_ses-E16724_run-1_bp-chest_vp-pa_cr.png,0.8573592527157616,0.7503314184765725,10.0,3.6055145434388485
qata_test_sub-S09757_ses-E26679_run-1_bp-chest_vp-ap_dx,sub-S09757,probabilities/qata_test_sub-S09757_ses-E26679_run-1_bp-chest_vp-ap_dx.npy,masks/qata_test_sub-S09757_ses-E26679_run-1_bp-chest_vp-ap_dx.png,3.211303789235347e-11,3.211303789235347e-11,81.21796640518782,37.32072742382238
qata_test_sub-S09759_ses-E16728_run-1_bp-chest_vp-pa_cr,sub-S09759,probabilities/qata_test_sub-S09759_ses-E16728_run-1_bp-chest_vp-pa_cr.npy,masks/qata_test_sub-S09759_ses-E16728_run-1_bp-chest_vp-pa_cr.png,0.8392603129453703,0.7230392156887886,20.41363885986379,5.322377043266178
qata_test_sub-S09759_ses-E22410_run-1_bp-chest_vp-pa_cr,sub-S09759,probabilities/qata_test_sub-S09759_ses-E22410_run-1_bp-chest_vp-pa_cr.npy,masks/qata_test_sub-S09759_ses-E22410_run-1_bp-chest_vp-pa_cr.png,0.9375998837718379,0.8825299145307177,9.219544457292887,2.2101002980529088
qata_test_sub-S09759_ses-E24342_run-1_bp-chest_vp-pa_cr,sub-S09759,probabilities/qata_test_sub-S09759_ses-E24342_run-1_bp-chest_vp-pa_cr.npy,masks/qata_test_sub-S09759_ses-E24342_run-1_bp-chest_vp-pa_cr.png,0.8988608149558243,0.8163008157051774,25.0,4.567189383410245
qata_test_sub-S09759_ses-E25899_run-1_bp-chest_vp-pa_cr,sub-S09759,probabilities/qata_test_sub-S09759_ses-E25899_run-1_bp-chest_vp-pa_cr.npy,masks/qata_test_sub-S09759_ses-E25899_run-1_bp-chest_vp-pa_cr.png,0.97032859244733,0.942367230293123,4.0,1.2925369526930952
qata_test_sub-S09760_ses-E16731_run-1_bp-chest_cr,sub-S09760,probabilities/qata_test_sub-S09760_ses-E16731_run-1_bp-chest_cr.npy,masks/qata_test_sub-S09760_ses-E16731_run-1_bp-chest_cr.png,0.7313829787353111,0.5765199161721509,10.605318061589779,4.215607310056912
qata_test_sub-S09760_ses-E18240_run-1_bp-chest_vp-ap_dx,sub-S09760,probabilities/qata_test_sub-S09760_ses-E18240_run-1_bp-chest_vp-ap_dx.npy,masks/qata_test_sub-S09760_ses-E18240_run-1_bp-chest_vp-ap_dx.png,0.9294205669634658,0.8681472278314323,5.830951894845301,2.280580828597123
qata_test_sub-S09760_ses-E20482_run-1_bp-chest_cr,sub-S09760,probabilities/qata_test_sub-S09760_ses-E20482_run-1_bp-chest_cr.npy,masks/qata_test_sub-S09760_ses-E20482_run-1_bp-chest_cr.png,0.8240362959825569,0.7007327634079009,21.095023109728988,4.996891102185908
qata_test_sub-S09760_ses-E20858_run-1_bp-chest_vp-ap_dx,sub-S09760,probabilities/qata_test_sub-S09760_ses-E20858_run-1_bp-chest_vp-ap_dx.npy,masks/qata_test_sub-S09760_ses-E20858_run-1_bp-chest_vp-ap_dx.png,0.8157233456993196,0.688794584220584,12.041594578792296,3.46000825724194
qata_test_sub-S09760_ses-E21226_run-1_bp-chest_vp-ap_dx,sub-S09760,probabilities/qata_test_sub-S09760_ses-E21226_run-1_bp-chest_vp-ap_dx.npy,masks/qata_test_sub-S09760_ses-E21226_run-1_bp-chest_vp-ap_dx.png,0.8549914821129302,0.7467118966866232,23.8157829184075,5.800920813737496
qata_test_sub-S09760_ses-E21721_run-1_bp-chest_vp-ap_dx,sub-S09760,probabilities/qata_test_sub-S09760_ses-E21721_run-1_bp-chest_vp-ap_dx.npy,masks/qata_test_sub-S09760_ses-E21721_run-1_bp-chest_vp-ap_dx.png,0.833187098586203,0.7140708656697704,159.25952162792052,30.69881044281609
qata_test_sub-S09760_ses-E22406_run-1_bp-chest_vp-ap_dx,sub-S09760,probabilities/qata_test_sub-S09760_ses-E22406_run-1_bp-chest_vp-ap_dx.npy,masks/qata_test_sub-S09760_ses-E22406_run-1_bp-chest_vp-ap_dx.png,0.9177899728277538,0.8480701063418271,34.20526275297414,5.758533118370162
qata_test_sub-S09760_ses-E23185_run-1_bp-chest_vp-ap_dx,sub-S09760,probabilities/qata_test_sub-S09760_ses-E23185_run-1_bp-chest_vp-ap_dx.npy,masks/qata_test_sub-S09760_ses-E23185_run-1_bp-chest_vp-ap_dx.png,0.8538173530860018,0.7449225962257503,25.922790320451135,8.954529213092366
qata_test_sub-S09760_ses-E25900_run-1_bp-chest_vp-pa_cr,sub-S09760,probabilities/qata_test_sub-S09760_ses-E25900_run-1_bp-chest_vp-pa_cr.npy,masks/qata_test_sub-S09760_ses-E25900_run-1_bp-chest_vp-pa_cr.png,0.459863256527477,0.2985859914617135,185.6199067767647,52.684610868813685
qata_test_sub-S09762_ses-E16733_run-1_bp-chest_vp-pa_cr,sub-S09762,probabilities/qata_test_sub-S09762_ses-E16733_run-1_bp-chest_vp-pa_cr.npy,masks/qata_test_sub-S09762_ses-E16733_run-1_bp-chest_vp-pa_cr.png,0.9757044963172419,0.9525615340585555,3.0,1.0114661434837988
qata_test_sub-S09762_ses-E18234_run-1_bp-chest_vp-pa_cr,sub-S09762,probabilities/qata_test_sub-S09762_ses-E18234_run-1_bp-chest_vp-pa_cr.npy,masks/qata_test_sub-S09762_ses-E18234_run-1_bp-chest_vp-pa_cr.png,0.8740834135177873,0.7763305239595902,19.734468965802108,4.95913891007778
qata_test_sub-S09762_ses-E19022_run-1_bp-chest_vp-ap_cr,sub-S09762,probabilities/qata_test_sub-S09762_ses-E19022_run-1_bp-chest_vp-ap_cr.npy,masks/qata_test_sub-S09762_ses-E19022_run-1_bp-chest_vp-ap_cr.png,0.9676972373777298,0.9374161073827604,4.123105625617661,1.497007118348521
qata_test_sub-S09762_ses-E19737_run-1_bp-chest_vp-ap_cr,sub-S09762,probabilities/qata_test_sub-S09762_ses-E19737_run-1_bp-chest_vp-ap_cr.npy,masks/qata_test_sub-S09762_ses-E19737_run-1_bp-chest_vp-ap_cr.png,0.9639603643919531,0.9304280755883901,4.47213595499958,1.4943401188832448
qata_test_sub-S09762_ses-E22687_run-1_bp-chest_vp-ap_cr,sub-S09762,probabilities/qata_test_sub-S09762_ses-E22687_run-1_bp-chest_vp-ap_cr.npy,masks/qata_test_sub-S09762_ses-E22687_run-1_bp-chest_vp-ap_cr.png,0.9641282415365741,0.930740927783238,3.605551275463989,1.5426847704719462
qata_test_sub-S09762_ses-E23042_run-1_bp-chest_vp-pa_cr,sub-S09762,probabilities/qata_test_sub-S09762_ses-E23042_run-1_bp-chest_vp-pa_cr.npy,masks/qata_test_sub-S09762_ses-E23042_run-1_bp-chest_vp-pa_cr.png,0.9423559809309976,0.8909954237350205,8.06225774829855,2.6682191986355646
qata_test_sub-S09762_ses-E23423_run-1_bp-chest_vp-pa_cr,sub-S09762,probabilities/qata_test_sub-S09762_ses-E23423_run-1_bp-chest_vp-pa_cr.npy,masks/qata_test_sub-S09762_ses-E23423_run-1_bp-chest_vp-pa_cr.png,0.5175814324183924,0.34914662008669334,175.1924562139678,55.22889886937749
qata_test_sub-S09762_ses-E27134_run-2_bp-chest_vp-pa_dx,sub-S09762,probabilities/qata_test_sub-S09762_ses-E27134_run-2_bp-chest_vp-pa_dx.npy,masks/qata_test_sub-S09762_ses-E27134_run-2_bp-chest_vp-pa_dx.png,0.8770978838742984,0.7810991459359349,14.38567068835308,3.7444118099682617
qata_test_sub-S09765_ses-E18242_run-1_bp-chest_vp-ap_dx,sub-S09765,probabilities/qata_test_sub-S09765_ses-E18242_run-1_bp-chest_vp-ap_dx.npy,masks/qata_test_sub-S09765_ses-E18242_run-1_bp-chest_vp-ap_dx.png,0.7244936950724462,0.5680047932937087,43.0,7.27658220815749
qata_test_sub-S09765_ses-E20500_run-1_bp-chest_vp-ap_dx,sub-S09765,probabilities/qata_test_sub-S09765_ses-E20500_run-1_bp-chest_vp-ap_dx.npy,masks/qata_test_sub-S09765_ses-E20500_run-1_bp-chest_vp-ap_dx.png,0.691191263114735,0.5281071585471222,42.068387144116336,9.042706085247193
qata_test_sub-S09765_ses-E24350_run-1_bp-chest_vp-ap_dx,sub-S09765,probabilities/qata_test_sub-S09765_ses-E24350_run-1_bp-chest_vp-ap_dx.npy,masks/qata_test_sub-S09765_ses-E24350_run-1_bp-chest_vp-ap_dx.png,0.9395268131405737,0.8859505594132315,19.416226728453832,3.7450109631766573
qata_test_sub-S09765_ses-E24590_run-1_bp-chest_vp-ap_dx,sub-S09765,probabilities/qata_test_sub-S09765_ses-E24590_run-1_bp-chest_vp-ap_dx.npy,masks/qata_test_sub-S09765_ses-E24590_run-1_bp-chest_vp-ap_dx.png,0.7827249307349858,0.6430140158940901,30.6006525409452,8.11920367645516
qata_test_sub-S09765_ses-E25038_run-1_bp-chest_dx,sub-S09765,probabilities/qata_test_sub-S09765_ses-E25038_run-1_bp-chest_dx.npy,masks/qata_test_sub-S09765_ses-E25038_run-1_bp-chest_dx.png,0.7930770539216148,0.6571066168722633,68.57112474867259,13.194627548159412
qata_test_sub-S09766_ses-E16740_run-1_bp-chest_vp-ap_dx,sub-S09766,probabilities/qata_test_sub-S09766_ses-E16740_run-1_bp-chest_vp-ap_dx.npy,masks/qata_test_sub-S09766_ses-E16740_run-1_bp-chest_vp-ap_dx.png,0.10424883918765664,0.05499078220144856,176.0027880618594,73.44164045377946
qata_test_sub-S09766_ses-E16740_run-2_bp-chest_vp-ap_dx,sub-S09766,probabilities/qata_test_sub-S09766_ses-E16740_run-2_bp-chest_vp-ap_dx.npy,masks/qata_test_sub-S09766_ses-E16740_run-2_bp-chest_vp-ap_dx.png,0.7521062461096657,0.6027005454316792,31.78049716414141,8.771120732394618
qata_test_sub-S09766_ses-E16979_run-1_bp-chest_vp-ap_dx,sub-S09766,probabilities/qata_test_sub-S09766_ses-E16979_run-1_bp-chest_vp-ap_dx.npy,masks/qata_test_sub-S09766_ses-E16979_run-1_bp-chest_vp-ap_dx.png,0.6442226357658365,0.47516845520775997,43.0,11.74833805968152
qata_test_sub-S09766_ses-E17297_run-1_bp-chest_vp-ap_dx,sub-S09766,probabilities/qata_test_sub-S09766_ses-E17297_run-1_bp-chest_vp-ap_dx.npy,masks/qata_test_sub-S09766_ses-E17297_run-1_bp-chest_vp-ap_dx.png,0.32091794919114,0.19112702029296966,236.11429237105213,51.341121306515134
qata_test_sub-S09766_ses-E17443_run-1_bp-chest_vp-ap_dx,sub-S09766,probabilities/qata_test_sub-S09766_ses-E17443_run-1_bp-chest_vp-ap_dx.npy,masks/qata_test_sub-S09766_ses-E17443_run-1_bp-chest_vp-ap_dx.png,0.788493679527816,0.6508374460822647,39.817081286265164,8.56028958499702
qata_test_sub-S09766_ses-E17514_acq-1_run-1_bp-chest_vp-ap_dx,sub-S09766,probabilities/qata_test_sub-S09766_ses-E17514_acq-1_run-1_bp-chest_vp-ap_dx.npy,masks/qata_test_sub-S09766_ses-E17514_acq-1_run-1_bp-chest_vp-ap_dx.png,0.7466537207868323,0.5957281983223137,24.824790606096144,7.051370047873529
qata_test_sub-S09766_ses-E18112_run-1_bp-chest_vp-ap_dx,sub-S09766,probabilities/qata_test_sub-S09766_ses-E18112_run-1_bp-chest_vp-ap_dx.npy,masks/qata_test_sub-S09766_ses-E18112_run-1_bp-chest_vp-ap_dx.png,0.8680440771354406,0.7668532489671036,19.209372712298546,4.5291280837089545
qata_test_sub-S09766_ses-E20729_run-1_bp-chest_vp-ap_dx,sub-S09766,probabilities/qata_test_sub-S09766_ses-E20729_run-1_bp-chest_vp-ap_dx.npy,masks/qata_test_sub-S09766_ses-E20729_run-1_bp-chest_vp-ap_dx.png,0.8407933301088673,0.7253178850227046,25.94320686361312,6.785413134854853
qata_test_sub-S09767_ses-E18235_run-1_bp-chest_vp-ap_dx,sub-S09767,probabilities/qata_test_sub-S09767_ses-E18235_run-1_bp-chest_vp-ap_dx.npy,masks/qata_test_sub-S09767_ses-E18235_run-1_bp-chest_vp-ap_dx.png,0.7652786125186481,0.6197986203837901,39.64697192989616,10.993196552643875
qata_test_sub-S09767_ses-E19026_run-1_bp-chest_vp-ap_dx,sub-S09767,probabilities/qata_test_sub-S09767_ses-E19026_run-1_bp-chest_vp-ap_dx.npy,masks/qata_test_sub-S09767_ses-E19026_run-1_bp-chest_vp-ap_dx.png,0.9511143751198174,0.906785594691142,8.94427190999916,2.3892470567256745
qata_test_sub-S09767_ses-E19500_run-1_bp-chest_vp-ap_dx,sub-S09767,probabilities/qata_test_sub-S09767_ses-E19500_run-1_bp-chest_vp-ap_dx.npy,masks/qata_test_sub-S09767_ses-E19500_run-1_bp-chest_vp-ap_dx.png,0.9585945407030944,0.9204815781841588,7.0,2.062721827364255
qata_test_sub-S09767_ses-E19890_run-1_bp-chest_vp-ap_dx,sub-S09767,probabilities/qata_test_sub-S09767_ses-E19890_run-1_bp-chest_vp-ap_dx.npy,masks/qata_test_sub-S09767_ses-E19890_run-1_bp-chest_vp-ap_dx.png,0.9607681432611322,0.9244983561956567,5.385164807134504,2.0416904328125463
qata_test_sub-S09767_ses-E21418_run-1_bp-chest_vp-ap_dx,sub-S09767,probabilities/qata_test_sub-S09767_ses-E21418_run-1_bp-chest_vp-ap_dx.npy,masks/qata_test_sub-S09767_ses-E21418_run-1_bp-chest_vp-ap_dx.png,0.942685826218367,0.8915853486072929,14.0,3.0377395962567166
qata_test_sub-S09767_ses-E23177_run-1_bp-chest_vp-ap_dx,sub-S09767,probabilities/qata_test_sub-S09767_ses-E23177_run-1_bp-chest_vp-ap_dx.npy,masks/qata_test_sub-S09767_ses-E23177_run-1_bp-chest_vp-ap_dx.png,0.9496628896185011,0.904150562930922,12.0,2.456262972342369
qata_test_sub-S09767_ses-E23693_run-1_bp-chest_vp-ap_cr,sub-S09767,probabilities/qata_test_sub-S09767_ses-E23693_run-1_bp-chest_vp-ap_cr.npy,masks/qata_test_sub-S09767_ses-E23693_run-1_bp-chest_vp-ap_cr.png,0.8366645846351135,0.7191946308739909,36.17799998527191,7.173414526951672
qata_test_sub-S09767_ses-E24344_run-1_bp-chest_vp-ap_dx,sub-S09767,probabilities/qata_test_sub-S09767_ses-E24344_run-1_bp-chest_vp-ap_dx.npy,masks/qata_test_sub-S09767_ses-E24344_run-1_bp-chest_vp-ap_dx.png,0.970954739854203,0.9435491104800612,4.47213595499958,1.4281124124975388
qata_test_sub-S09767_ses-E24758_run-1_bp-chest_vp-ap_dx,sub-S09767,probabilities/qata_test_sub-S09767_ses-E24758_run-1_bp-chest_vp-ap_dx.npy,masks/qata_test_sub-S09767_ses-E24758_run-1_bp-chest_vp-ap_dx.png,0.8566673090739586,0.7492721198941148,33.37663853655727,7.495536804645938
qata_test_sub-S09767_ses-E25448_run-1_bp-chest_vp-ap_dx,sub-S09767,probabilities/qata_test_sub-S09767_ses-E25448_run-1_bp-chest_vp-ap_dx.npy,masks/qata_test_sub-S09767_ses-E25448_run-1_bp-chest_vp-ap_dx.png,0.9586411993746227,0.9205676264502133,5.0,2.065748763101774
qata_test_sub-S09767_ses-E25909_run-1_bp-chest_vp-ap_dx,sub-S09767,probabilities/qata_test_sub-S09767_ses-E25909_run-1_bp-chest_vp-ap_dx.npy,masks/qata_test_sub-S09767_ses-E25909_run-1_bp-chest_vp-ap_dx.png,0.6860184318175776,0.5220913659902431,46.5466908007525,11.976686565757072
qata_test_sub-S09767_ses-E26376_run-1_bp-chest_vp-ap_dx,sub-S09767,probabilities/qata_test_sub-S09767_ses-E26376_run-1_bp-chest_vp-ap_dx.npy,masks/qata_test_sub-S09767_ses-E26376_run-1_bp-chest_vp-ap_dx.png,0.9701978334944182,0.9421205985482194,4.0,1.5503928349201834
qata_test_sub-S09767_ses-E26822_run-1_bp-chest_vp-ap_cr,sub-S09767,probabilities/qata_test_sub-S09767_ses-E26822_run-1_bp-chest_vp-ap_cr.npy,masks/qata_test_sub-S09767_ses-E26822_run-1_bp-chest_vp-ap_cr.png,0.8210437354755895,0.696415770612946,20.615528128088304,5.995732637360152
qata_test_sub-S09768_ses-E16745_run-1_bp-chest_vp-ap_dx,sub-S09768,probabilities/qata_test_sub-S09768_ses-E16745_run-1_bp-chest_vp-ap_dx.npy,masks/qata_test_sub-S09768_ses-E16745_run-1_bp-chest_vp-ap_dx.png,0.884539368824453,0.7929812528601624,80.0,11.295839390968057
qata_test_sub-S09768_ses-E18658_run-1_bp-chest_vp-ap_dx,sub-S09768,probabilities/qata_test_sub-S09768_ses-E18658_run-1_bp-chest_vp-ap_dx.npy,masks/qata_test_sub-S09768_ses-E18658_run-1_bp-chest_vp-ap_dx.png,0.7386211213460672,0.5855664256374198,86.92430301878903,19.5273440966972
qata_test_sub-S09768_ses-E19272_run-1_bp-chest_vp-ap_dx,sub-S09768,probabilities/qata_test_sub-S09768_ses-E19272_run-1_bp-chest_vp-ap_dx.npy,masks/qata_test_sub-S09768_ses-E19272_run-1_bp-chest_vp-ap_dx.png,0.7821882140401606,0.6422899031360302,42.457034757364994,7.90057106881266
qata_test_sub-S09768_ses-E19523_run-1_bp-chest_vp-ap_dx,sub-S09768,probabilities/qata_test_sub-S09768_ses-E19523_run-1_bp-chest_vp-ap_dx.npy,masks/qata_test_sub-S09768_ses-E19523_run-1_bp-chest_vp-ap_dx.png,0.9574031757193491,0.9182870630554215,5.0,1.4854102880074522
qata_test_sub-S09768_ses-E20084_run-1_bp-chest_vp-ap_dx,sub-S09768,probabilities/qata_test_sub-S09768_ses-E20084_run-1_bp-chest_vp-ap_dx.npy,masks/qata_test_sub-S09768_ses-E20084_run-1_bp-chest_vp-ap_dx.png,0.6381937086710818,0.4686376562780027,91.32900969030936,19.75302728488492
qata_test_sub-S09768_ses-E20239_run-1_bp-chest_vp-ap_dx,sub-S09768,probabilities/qata_test_sub-S09768_ses-E20239_run-1_bp-chest_vp-ap_dx.npy,masks/qata_test_sub-S09768_ses-E20239_run-1_bp-chest_vp-ap_dx.png,0.7600371656327447,0.6129515696512624,86.15381109740655,16.575025053813693
qata_test_sub-S09768_ses-E20510_run-1_bp-chest_vp-ap_dx,sub-S09768,probabilities/qata_test_sub-S09768_ses-E20510_run-1_bp-chest_vp-ap_dx.npy,masks/qata_test_sub-S09768_ses-E20510_run-1_bp-chest_vp-ap_dx.png,0.5117620769531883,0.34387114387472634,29.068883707497267,9.642401599493356
qata_test_sub-S09768_ses-E20876_run-1_bp-chest_vp-ap_dx,sub-S09768,probabilities/qata_test_sub-S09768_ses-E20876_run-1_bp-chest_vp-ap_dx.npy,masks/qata_test_sub-S09768_ses-E20876_run-1_bp-chest_vp-ap_dx.png,0.7930715460536951,0.6570990545979294,51.884487084291386,9.760776995449818
qata_test_sub-S09768_ses-E20876_run-2_bp-chest_vp-ap_dx,sub-S09768,probabilities/qata_test_sub-S09768_ses-E20876_run-2_bp-chest_vp-ap_dx.npy,masks/qata_test_sub-S09768_ses-E20876_run-2_bp-chest_vp-ap_dx.png,0.6486044811437294,0.4799516293312121,56.4955364536651,13.354805550058153
qata_test_sub-S09768_ses-E21013_run-1_bp-chest_vp-ap_dx,sub-S09768,probabilities/qata_test_sub-S09768_ses-E21013_run-1_bp-chest_vp-ap_dx.npy,masks/qata_test_sub-S09768_ses-E21013_run-1_bp-chest_vp-ap_dx.png,0.7472445951681135,0.596480839186209,31.0,6.953086148408617
qata_test_sub-S09768_ses-E21563_run-1_bp-chest_vp-ap_dx,sub-S09768,probabilities/qata_test_sub-S09768_ses-E21563_run-1_bp-chest_vp-ap_dx.npy,masks/qata_test_sub-S09768_ses-E21563_run-1_bp-chest_vp-ap_dx.png,0.79653432352758,0.6618670886102701,56.531384520590805,9.60360051484909
qata_test_sub-S09768_ses-E21742_run-1_bp-chest_vp-ap_dx,sub-S09768,probabilities/qata_test_sub-S09768_ses-E21742_run-1_bp-chest_vp-ap_dx.npy,masks/qata_test_sub-S09768_ses-E21742_run-1_bp-chest_vp-ap_dx.png,0.9200149272299539,0.851877447593403,10.862490369793976,3.54346802617042
qata_test_sub-S09768_ses-E21952_run-1_bp-chest_vp-ap_dx,sub-S09768,probabilities/qata_test_sub-S09768_ses-E21952_run-1_bp-chest_vp-ap_dx.npy,masks/qata_test_sub-S09768_ses-E21952_run-1_bp-chest_vp-ap_dx.png,0.9276914116752661,0.8651347399211818,11.0,3.1782041588561634
qata_test_sub-S09768_ses-E22887_run-1_bp-chest_vp-ap_dx,sub-S09768,probabilities/qata_test_sub-S09768_ses-E22887_run-1_bp-chest_vp-ap_dx.npy,masks/qata_test_sub-S09768_ses-E22887_run-1_bp-chest_vp-ap_dx.png,0.937123874633053,0.8816868233913951,7.615773105863909,2.7209650054891275
qata_test_sub-S09768_ses-E23194_run-1_bp-chest_vp-ap_dx,sub-S09768,probabilities/qata_test_sub-S09768_ses-E23194_run-1_bp-chest_vp-ap_dx.npy,masks/qata_test_sub-S09768_ses-E23194_run-1_bp-chest_vp-ap_dx.png,0.7631308250997066,0.6169858870987047,20.0,4.557979511871437
qata_test_sub-S09768_ses-E23452_run-1_bp-chest_vp-ap_dx,sub-S09768,probabilities/qata_test_sub-S09768_ses-E23452_run-1_bp-chest_vp-ap_dx.npy,masks/qata_test_sub-S09768_ses-E23452_run-1_bp-chest_vp-ap_dx.png,0.8669461263785803,0.7651411345595585,14.682981747564437,3.7833744059093735
qata_test_sub-S09768_ses-E25292_run-1_bp-chest_vp-ap_dx,sub-S09768,probabilities/qata_test_sub-S09768_ses-E25292_run-1_bp-chest_vp-ap_dx.npy,masks/qata_test_sub-S09768_ses-E25292_run-1_bp-chest_vp-ap_dx.png,0.6797022781485326,0.5148098545503634,87.00113603533983,18.517974159668004
qata_test_sub-S09768_ses-E25614_run-1_bp-chest_vp-ap_dx,sub-S09768,probabilities/qata_test_sub-S09768_ses-E25614_run-1_bp-chest_vp-ap_dx.npy,masks/qata_test_sub-S09768_ses-E25614_run-1_bp-chest_vp-ap_dx.png,0.9630236367892029,0.9286842699167274,5.385164807134504,1.8489999613535042
qata_test_sub-S09768_ses-E26236_run-1_bp-chest_vp-ap_dx,sub-S09768,probabilities/qata_test_sub-S09768_ses-E26236_run-1_bp-chest_vp-ap_dx.npy,masks/qata_test_sub-S09768_ses-E26236_run-1_bp-chest_vp-ap_dx.png,0.8415375563839154,0.7264262739132337,43.45572148439896,7.26166430697858
qata_test_sub-S09772_ses-E23908_run-1_bp-chest_cr,sub-S09772,probabilities/qata_test_sub-S09772_ses-E23908_run-1_bp-chest_cr.npy,masks/qata_test_sub-S09772_ses-E23908_run-1_bp-chest_cr.png,0.916098688668508,0.845186438185463,21.93171219946131,4.566300733762236
qata_test_sub-S09772_ses-E25920_run-1_bp-chest_vp-ap_dx,sub-S09772,probabilities/qata_test_sub-S09772_ses-E25920_run-1_bp-chest_vp-ap_dx.npy,masks/qata_test_sub-S09772_ses-E25920_run-1_bp-chest_vp-ap_dx.png,0.815169827047783,0.6880056278592683,37.89291813483116,8.048339710526957
qata_test_sub-S09773_ses-E23910_run-1_bp-chest_vp-ap_dx,sub-S09773,probabilities/qata_test_sub-S09773_ses-E23910_run-1_bp-chest_vp-ap_dx.npy,masks/qata_test_sub-S09773_ses-E23910_run-1_bp-chest_vp-ap_dx.png,0.566964766732389,0.395639097753449,60.21627686929839,16.029278928716963
qata_test_sub-S09773_ses-E25613_run-1_bp-chest_vp-ap_dx,sub-S09773,probabilities/qata_test_sub-S09773_ses-E25613_run-1_bp-chest_vp-ap_dx.npy,masks/qata_test_sub-S09773_ses-E25613_run-1_bp-chest_vp-ap_dx.png,0.6494017870691398,0.4808252971576494,149.6635808227302,19.26143855361556
qata_test_sub-S09775_ses-E16760_run-1_bp-chest_vp-pa_dx,sub-S09775,probabilities/qata_test_sub-S09775_ses-E16760_run-1_bp-chest_vp-pa_dx.npy,masks/qata_test_sub-S09775_ses-E16760_run-1_bp-chest_vp-pa_dx.png,0.8200836820096888,0.6950354609967023,116.85135017106153,18.105183019130756
qata_test_sub-S09775_ses-E24783_run-1_bp-chest_vp-pa_dx,sub-S09775,probabilities/qata_test_sub-S09775_ses-E24783_run-1_bp-chest_vp-pa_dx.npy,masks/qata_test_sub-S09775_ses-E24783_run-1_bp-chest_vp-pa_dx.png,0.7624523634434549,0.6160994057307823,144.0076385958796,27.861009989638276
qata_test_sub-S09776_ses-E16762_run-1_bp-chest_vp-pa_cr,sub-S09776,probabilities/qata_test_sub-S09776_ses-E16762_run-1_bp-chest_vp-pa_cr.npy,masks/qata_test_sub-S09776_ses-E16762_run-1_bp-chest_vp-pa_cr.png,0.29273681305460547,0.1714655451578303,213.99497091784028,91.6744273870233
qata_test_sub-S09776_ses-E19765_run-1_bp-chest_vp-pa_cr,sub-S09776,probabilities/qata_test_sub-S09776_ses-E19765_run-1_bp-chest_vp-pa_cr.npy,masks/qata_test_sub-S09776_ses-E19765_run-1_bp-chest_vp-pa_cr.png,0.907685546622786,0.8309745822888674,19.313207915827967,4.11159028253571
qata_test_sub-S09776_ses-E25967_run-1_bp-chest_vp-ap_cr,sub-S09776,probabilities/qata_test_sub-S09776_ses-E25967_run-1_bp-chest_vp-ap_cr.npy,masks/qata_test_sub-S09776_ses-E25967_run-1_bp-chest_vp-ap_cr.png,0.8947296930184399,0.8095121051992564,25.45584412271571,5.244810375213623
qata_test_sub-S09778_ses-E16764_run-1_bp-chest_cr,sub-S09778,probabilities/qata_test_sub-S09778_ses-E16764_run-1_bp-chest_cr.npy,masks/qata_test_sub-S09778_ses-E16764_run-1_bp-chest_cr.png,0.5703883495406318,0.39898132432945826,13.483193339406055,4.601740095073488
qata_test_sub-S09778_ses-E17641_run-1_bp-chest_vp-ap_dx,sub-S09778,probabilities/qata_test_sub-S09778_ses-E17641_run-1_bp-chest_vp-ap_dx.npy,masks/qata_test_sub-S09778_ses-E17641_run-1_bp-chest_vp-ap_dx.png,0.19551282057728261,0.10834813507030655,17.029386365926403,7.379943696383977
qata_test_sub-S09778_ses-E17643_run-1_bp-chest_vp-ap_dx,sub-S09778,probabilities/qata_test_sub-S09778_ses-E17643_run-1_bp-chest_vp-ap_dx.npy,masks/qata_test_sub-S09778_ses-E17643_run-1_bp-chest_vp-ap_dx.png,0.830462829586552,0.7100781835722926,46.78703072469228,7.272396329300114
qata_test_sub-S09778_ses-E21429_run-1_bp-chest_vp-ap_dx,sub-S09778,probabilities/qata_test_sub-S09778_ses-E21429_run-1_bp-chest_vp-ap_dx.npy,masks/qata_test_sub-S09778_ses-E21429_run-1_bp-chest_vp-ap_dx.png,0.20405707410001667,0.11362113526262448,73.41113668784789,24.74190507945434
qata_test_sub-S09778_ses-E22719_run-1_bp-chest_vp-ap_dx,sub-S09778,probabilities/qata_test_sub-S09778_ses-E22719_run-1_bp-chest_vp-ap_dx.npy,masks/qata_test_sub-S09778_ses-E22719_run-1_bp-chest_vp-ap_dx.png,0.3269163458290704,0.19539748955658165,180.26279915480586,48.35446059807816
qata_test_sub-S09780_ses-E16767_acq-1_run-1_bp-chest_vp-ap_cr,sub-S09780,probabilities/qata_test_sub-S09780_ses-E16767_acq-1_run-1_bp-chest_vp-ap_cr.npy,masks/qata_test_sub-S09780_ses-E16767_acq-1_run-1_bp-chest_vp-ap_cr.png,0.848931466471745,0.7375160051264401,125.12293339764983,19.693206976220804
qata_test_sub-S09780_ses-E18304_run-1_bp-chest_vp-ap_cr,sub-S09780,probabilities/qata_test_sub-S09780_ses-E18304_run-1_bp-chest_vp-ap_cr.npy,masks/qata_test_sub-S09780_ses-E18304_run-1_bp-chest_vp-ap_cr.png,0.8068153134210904,0.676186446656257,30.4138126514911,8.000139319457812
qata_test_sub-S09780_ses-E18305_run-1_bp-chest_vp-ap_cr,sub-S09780,probabilities/qata_test_sub-S09780_ses-E18305_run-1_bp-chest_vp-ap_cr.npy,masks/qata_test_sub-S09780_ses-E18305_run-1_bp-chest_vp-ap_cr.png,0.8724198195651012,0.7737097855246841,12.58358003568098,3.891490295340249
qata_test_sub-S09780_ses-E21044_run-1_bp-chest_vp-ap_cr,sub-S09780,probabilities/qata_test_sub-S09780_ses-E21044_run-1_bp-chest_vp-ap_cr.npy,masks/qata_test_sub-S09780_ses-E21044_run-1_bp-chest_vp-ap_cr.png,0.6959697051684071,0.5337066998596379,22.825424421026653,5.98121464548792
qata_test_sub-S09780_ses-E23709_run-1_bp-chest_vp-ap_cr,sub-S09780,probabilities/qata_test_sub-S09780_ses-E23709_run-1_bp-chest_vp-ap_cr.npy,masks/qata_test_sub-S09780_ses-E23709_run-1_bp-chest_vp-ap_cr.png,0.9467073892854634,0.8988075864724715,7.810249675906654,2.603279403101878
qata_test_sub-S09780_ses-E24405_run-1_bp-chest_vp-ap_cr,sub-S09780,probabilities/qata_test_sub-S09780_ses-E24405_run-1_bp-chest_vp-ap_cr.npy,masks/qata_test_sub-S09780_ses-E24405_run-1_bp-chest_vp-ap_cr.png,0.965179202921254,0.9327017833870594,5.0,1.7329723242498596
qata_test_sub-S09781_ses-E20754_run-1_bp-chest_vp-ap_dx,sub-S09781,probabilities/qata_test_sub-S09781_ses-E20754_run-1_bp-chest_vp-ap_dx.npy,masks/qata_test_sub-S09781_ses-E20754_run-1_bp-chest_vp-ap_dx.png,0.45952633441288354,0.2983019734144882,47.263555584874474,14.139744777756869
qata_test_sub-S09783_ses-E16770_run-1_bp-chest_vp-ap_cr,sub-S09783,probabilities/qata_test_sub-S09783_ses-E16770_run-1_bp-chest_vp-ap_cr.npy,masks/qata_test_sub-S09783_ses-E16770_run-1_bp-chest_vp-ap_cr.png,0.951859615084879,0.90814134135488,8.031128874149275,2.4237426266688753
qata_test_sub-S09783_ses-E17575_run-1_bp-chest_vp-ap_dx,sub-S09783,probabilities/qata_test_sub-S09783_ses-E17575_run-1_bp-chest_vp-ap_dx.npy,masks/qata_test_sub-S09783_ses-E17575_run-1_bp-chest_vp-ap_dx.png,0.9043568277974967,0.8254118227012882,45.25429937306802,7.190446035704068
qata_test_sub-S09787_ses-E16775_run-1_bp-chest_vp-ap_dx,sub-S09787,probabilities/qata_test_sub-S09787_ses-E16775_run-1_bp-chest_vp-ap_dx.npy,masks/qata_test_sub-S09787_ses-E16775_run-1_bp-chest_vp-ap_dx.png,0.3020195838540083,0.17786988648084573,172.28745728634027,55.64871750807841
qata_test_sub-S09787_ses-E22293_run-1_bp-chest_vp-ap_cr,sub-S09787,probabilities/qata_test_sub-S09787_ses-E22293_run-1_bp-chest_vp-ap_cr.npy,masks/qata_test_sub-S09787_ses-E22293_run-1_bp-chest_vp-ap_cr.png,0.7449111721150624,0.5935127104688551,141.8440607611468,25.773698465072645
qata_test_sub-S09788_ses-E24791_run-1_bp-chest_vp-ap_dx,sub-S09788,probabilities/qata_test_sub-S09788_ses-E24791_run-1_bp-chest_vp-ap_dx.npy,masks/qata_test_sub-S09788_ses-E24791_run-1_bp-chest_vp-ap_dx.png,0.6752919513510913,0.5097666252139164,141.48983140845107,28.410078577711452
qata_test_sub-S09788_ses-E24922_run-1_bp-chest_vp-pa_dx,sub-S09788,probabilities/qata_test_sub-S09788_ses-E24922_run-1_bp-chest_vp-pa_dx.npy,masks/qata_test_sub-S09788_ses-E24922_run-1_bp-chest_vp-pa_dx.png,0.7714544904761327,0.6279413212599395,230.84865703889838,36.877800236546186
qata_test_sub-S09788_ses-E25313_run-1_bp-chest_vp-ap_dx,sub-S09788,probabilities/qata_test_sub-S09788_ses-E25313_run-1_bp-chest_vp-ap_dx.npy,masks/qata_test_sub-S09788_ses-E25313_run-1_bp-chest_vp-ap_dx.png,0.6765029998795365,0.511148117314172,109.68704374810508,29.075414267697088
qata_test_sub-S09789_ses-E16780_run-1_bp-chest_vp-ap_cr,sub-S09789,probabilities/qata_test_sub-S09789_ses-E16780_run-1_bp-chest_vp-ap_cr.npy,masks/qata_test_sub-S09789_ses-E16780_run-1_bp-chest_vp-ap_cr.png,0.5872039372564256,0.415632484227833,183.0,54.50895737377214
qata_test_sub-S09789_ses-E18888_run-2_bp-chest_vp-ap_dx,sub-S09789,probabilities/qata_test_sub-S09789_ses-E18888_run-2_bp-chest_vp-ap_dx.npy,masks/qata_test_sub-S09789_ses-E18888_run-2_bp-chest_vp-ap_dx.png,0.9276730947444339,0.8651028806589913,15.157392838975092,3.1625976466046835
qata_test_sub-S09789_ses-E21634_run-1_bp-chest_vp-ap_cr,sub-S09789,probabilities/qata_test_sub-S09789_ses-E21634_run-1_bp-chest_vp-ap_cr.npy,masks/qata_test_sub-S09789_ses-E21634_run-1_bp-chest_vp-ap_cr.png,0.5920533818746724,0.4205084015760229,64.28607926523304,13.514691463143151
qata_test_sub-S09789_ses-E27048_run-1_bp-chest_vp-ap_dx,sub-S09789,probabilities/qata_test_sub-S09789_ses-E27048_run-1_bp-chest_vp-ap_dx.npy,masks/qata_test_sub-S09789_ses-E27048_run-1_bp-chest_vp-ap_dx.png,0.8019545846564543,0.6693857965609701,9.947100230628633,2.810495095067098
qata_test_sub-S09790_ses-E16781_run-1_bp-chest_vp-ap_dx,sub-S09790,probabilities/qata_test_sub-S09790_ses-E16781_run-1_bp-chest_vp-ap_dx.npy,masks/qata_test_sub-S09790_ses-E16781_run-1_bp-chest_vp-ap_dx.png,0.47710122300626395,0.3132849209798096,132.85330255586422,38.764875318993234
qata_test_sub-S09790_ses-E18586_acq-2_run-1_bp-chest_vp-ap_dx,sub-S09790,probabilities/qata_test_sub-S09790_ses-E18586_acq-2_run-1_bp-chest_vp-ap_dx.npy,masks/qata_test_sub-S09790_ses-E18586_acq-2_run-1_bp-chest_vp-ap_dx.png,0.6937930194329427,0.5311509046863351,57.64119622914381,9.960554494119732
qata_test_sub-S09790_ses-E20383_run-2_bp-chest_vp-ap_dx,sub-S09790,probabilities/qata_test_sub-S09790_ses-E20383_run-2_bp-chest_vp-ap_dx.npy,masks/qata_test_sub-S09790_ses-E20383_run-2_bp-chest_vp-ap_dx.png,0.9078989652294238,0.8313323917147403,9.433981132056603,3.342602545421163
qata_test_sub-S09790_ses-E21891_run-1_bp-chest_vp-ap_dx,sub-S09790,probabilities/qata_test_sub-S09790_ses-E21891_run-1_bp-chest_vp-ap_dx.npy,masks/qata_test_sub-S09790_ses-E21891_run-1_bp-chest_vp-ap_dx.png,0.9285188857263936,0.8665751298437909,10.770329614269007,2.357925623629801
qata_test_sub-S09790_ses-E22140_run-1_bp-chest_vp-ap_dx,sub-S09790,probabilities/qata_test_sub-S09790_ses-E22140_run-1_bp-chest_vp-ap_dx.npy,masks/qata_test_sub-S09790_ses-E22140_run-1_bp-chest_vp-ap_dx.png,0.21210125153653803,0.11863157895664599,189.9422449223835,71.9212423036979
qata_test_sub-S09790_ses-E23097_run-1_bp-chest_vp-ap_dx,sub-S09790,probabilities/qata_test_sub-S09790_ses-E23097_run-1_bp-chest_vp-ap_dx.npy,masks/qata_test_sub-S09790_ses-E23097_run-1_bp-chest_vp-ap_dx.png,0.36473576007540526,0.22304392842444842,37.938097375968034,12.19403063557979
qata_test_sub-S09791_ses-E16782_run-1_bp-chest_vp-ap_cr,sub-S09791,probabilities/qata_test_sub-S09791_ses-E16782_run-1_bp-chest_vp-ap_cr.npy,masks/qata_test_sub-S09791_ses-E16782_run-1_bp-chest_vp-ap_cr.png,0.665024630543372,0.49815498155318244,41.04753325892946,9.566149350548443
qata_test_sub-S09794_ses-E16786_run-1_bp-chest_vp-ap_cr,sub-S09794,probabilities/qata_test_sub-S09794_ses-E16786_run-1_bp-chest_vp-ap_cr.npy,masks/qata_test_sub-S09794_ses-E16786_run-1_bp-chest_vp-ap_cr.png,0.21194280909430976,0.11853245532896625,278.09216094668665,142.50214901255595
qata_test_sub-S09795_ses-E18347_run-1_bp-chest_vp-pa_dx,sub-S09795,probabilities/qata_test_sub-S09795_ses-E18347_run-1_bp-chest_vp-pa_dx.npy,masks/qata_test_sub-S09795_ses-E18347_run-1_bp-chest_vp-pa_dx.png,0.8618596746799968,0.7572525597321406,13.0,3.756330132621354
qata_test_sub-S09795_ses-E19792_acq-1_run-1_bp-chest_vp-ap_cr,sub-S09795,probabilities/qata_test_sub-S09795_ses-E19792_acq-1_run-1_bp-chest_vp-ap_cr.npy,masks/qata_test_sub-S09795_ses-E19792_acq-1_run-1_bp-chest_vp-ap_cr.png,0.5423961551684586,0.3721149317041208,216.0504561949341,66.30699970970264
qata_test_sub-S09796_ses-E16887_run-1_bp-chest_vp-pa_dx,sub-S09796,probabilities/qata_test_sub-S09796_ses-E16887_run-1_bp-chest_vp-pa_dx.npy,masks/qata_test_sub-S09796_ses-E16887_run-1_bp-chest_vp-pa_dx.png,0.79074424296595,0.6539098436126235,18.027756377319946,6.7258687295922215
qata_test_sub-S09796_ses-E17389_acq-1_run-2_bp-chest_vp-pa_dx,sub-S09796,probabilities/qata_test_sub-S09796_ses-E17389_acq-1_run-2_bp-chest_vp-pa_dx.npy,masks/qata_test_sub-S09796_ses-E17389_acq-1_run-2_bp-chest_vp-pa_dx.png,0.6336056009406145,0.4637062340033104,35.857327462708334,9.306613777812384
qata_test_sub-S09798_ses-E26290_run-1_bp-chest_vp-pa_dx,sub-S09798,probabilities/qata_test_sub-S09798_ses-E26290_run-1_bp-chest_vp-pa_dx.npy,masks/qata_test_sub-S09798_ses-E26290_run-1_bp-chest_vp-pa_dx.png,0.8167998746287582,0.6903311258305489,20.0,5.6136940705492435
qata_test_sub-S09799_ses-E16792_run-1_bp-chest_vp-pa_cr,sub-S09799,probabilities/qata_test_sub-S09799_ses-E16792_run-1_bp-chest_vp-pa_cr.npy,masks/qata_test_sub-S09799_ses-E16792_run-1_bp-chest_vp-pa_cr.png,0.4806201550485797,0.3163265306292602,162.1342027837302,47.8584291485787
qata_test_sub-S09799_ses-E18368_run-1_bp-chest_vp-ap_dx,sub-S09799,probabilities/qata_test_sub-S09799_ses-E18368_run-1_bp-chest_vp-ap_dx.npy,masks/qata_test_sub-S09799_ses-E18368_run-1_bp-chest_vp-ap_dx.png,0.9261647443467301,0.8624830852509198,18.375250514792693,3.1480585482791525
qata_test_sub-S09799_ses-E24017_run-1_bp-chest_cr,sub-S09799,probabilities/qata_test_sub-S09799_ses-E24017_run-1_bp-chest_cr.npy,masks/qata_test_sub-S09799_ses-E24017_run-1_bp-chest_cr.png,0.7725582305740543,0.6294051985344068,69.37431772101613,10.866064447852438
qata_test_sub-S09799_ses-E24463_run-1_bp-chest_vp-ap_dx,sub-S09799,probabilities/qata_test_sub-S09799_ses-E24463_run-1_bp-chest_vp-ap_dx.npy,masks/qata_test_sub-S09799_ses-E24463_run-1_bp-chest_vp-ap_dx.png,0.8692531277647687,0.7687424560786412,21.161241003210645,4.9490627173458135
qata_test_sub-S09799_ses-E24670_run-1_bp-chest_vp-ap_dx,sub-S09799,probabilities/qata_test_sub-S09799_ses-E24670_run-1_bp-chest_vp-ap_dx.npy,masks/qata_test_sub-S09799_ses-E24670_run-1_bp-chest_vp-ap_dx.png,0.966792324158505,0.9357192622201763,4.0,1.476407032772536
qata_test_sub-S09799_ses-E26851_run-1_bp-chest_vp-pa_cr,sub-S09799,probabilities/qata_test_sub-S09799_ses-E26851_run-1_bp-chest_vp-pa_cr.npy,masks/qata_test_sub-S09799_ses-E26851_run-1_bp-chest_vp-pa_cr.png,0.21330275230177956,0.11938382542747829,166.85832049831285,51.4677039649575
qata_test_sub-S09802_ses-E19648_run-1_bp-chest_vp-ap_dx,sub-S09802,probabilities/qata_test_sub-S09802_ses-E19648_run-1_bp-chest_vp-ap_dx.npy,masks/qata_test_sub-S09802_ses-E19648_run-1_bp-chest_vp-ap_dx.png,0.6006758751940658,0.4292614302488663,105.83707212550382,18.73895838382833
qata_test_sub-S09803_ses-E17325_acq-1_run-1_bp-chest_cr,sub-S09803,probabilities/qata_test_sub-S09803_ses-E17325_acq-1_run-1_bp-chest_cr.npy,masks/qata_test_sub-S09803_ses-E17325_acq-1_run-1_bp-chest_cr.png,0.6761777686560804,0.5107768646339682,44.553338819890925,11.91875223392546
qata_test_sub-S09803_ses-E18594_run-1_bp-chest_vp-pa_dx,sub-S09803,probabilities/qata_test_sub-S09803_ses-E18594_run-1_bp-chest_vp-pa_dx.npy,masks/qata_test_sub-S09803_ses-E18594_run-1_bp-chest_vp-pa_dx.png,0.5487839771144608,0.37815457414066567,148.95838333488524,37.44653448701627
qata_test_sub-S09804_ses-E24055_run-1_bp-chest_vp-pa_cr,sub-S09804,probabilities/qata_test_sub-S09804_ses-E24055_run-1_bp-chest_vp-pa_cr.npy,masks/qata_test_sub-S09804_ses-E24055_run-1_bp-chest_vp-pa_cr.png,0.8127106403474053,0.6845093268472255,38.449959043844444,7.08515569338338
qata_test_sub-S09808_ses-E18449_run-1_bp-chest_cr,sub-S09808,probabilities/qata_test_sub-S09808_ses-E18449_run-1_bp-chest_cr.npy,masks/qata_test_sub-S09808_ses-E18449_run-1_bp-chest_cr.png,0.8703993735323493,0.7705372617004287,12.018717560456526,3.72091017915709
qata_test_sub-S09808_ses-E24722_run-1_bp-chest_vp-ap_dx,sub-S09808,probabilities/qata_test_sub-S09808_ses-E24722_run-1_bp-chest_vp-ap_dx.npy,masks/qata_test_sub-S09808_ses-E24722_run-1_bp-chest_vp-ap_dx.png,0.8519942863437864,0.7421516079681824,15.779301256742158,3.7065996716006255
qata_test_sub-S09808_ses-E25214_run-1_bp-chest_vp-ap_dx,sub-S09808,probabilities/qata_test_sub-S09808_ses-E25214_run-1_bp-chest_vp-ap_dx.npy,masks/qata_test_sub-S09808_ses-E25214_run-1_bp-chest_vp-ap_dx.png,0.5975888495513935,0.4261153010390763,84.28869726803372,20.459585341249838
qata_test_sub-S09810_ses-E16816_acq-1_run-1_bp-chest_vp-pa_dx,sub-S09810,probabilities/qata_test_sub-S09810_ses-E16816_acq-1_run-1_bp-chest_vp-pa_dx.npy,masks/qata_test_sub-S09810_ses-E16816_acq-1_run-1_bp-chest_vp-pa_dx.png,0.890497975842114,0.8026105013360866,11.0,3.766434075343575
qata_test_sub-S09810_ses-E17475_acq-1_run-1_bp-chest_vp-pa_dx,sub-S09810,probabilities/qata_test_sub-S09810_ses-E17475_acq-1_run-1_bp-chest_vp-pa_dx.npy,masks/qata_test_sub-S09810_ses-E17475_acq-1_run-1_bp-chest_vp-pa_dx.png,0.7968574635250422,0.662313432838341,24.108059994465954,6.730012214980136
qata_test_sub-S09810_ses-E22606_acq-1_run-1_bp-chest_cr,sub-S09810,probabilities/qata_test_sub-S09810_ses-E22606_acq-1_run-1_bp-chest_cr.npy,masks/qata_test_sub-S09810_ses-E22606_acq-1_run-1_bp-chest_cr.png,0.8693725975642103,0.7689293534658415,12.619324002040555,3.3704569424230795
qata_test_sub-S09811_ses-E18462_run-1_bp-chest_vp-ap_dx,sub-S09811,probabilities/qata_test_sub-S09811_ses-E18462_run-1_bp-chest_vp-ap_dx.npy,masks/qata_test_sub-S09811_ses-E18462_run-1_bp-chest_vp-ap_dx.png,0.7882509466800315,0.6505067567597085,25.0,6.573779475651695
qata_test_sub-S09811_ses-E18981_run-1_bp-chest_vp-ap_dx,sub-S09811,probabilities/qata_test_sub-S09811_ses-E18981_run-1_bp-chest_vp-ap_dx.npy,masks/qata_test_sub-S09811_ses-E18981_run-1_bp-chest_vp-ap_dx.png,0.7787050956416013,0.6376061120574057,45.044373390227264,9.31996785288593
qata_test_sub-S09811_ses-E19699_run-1_bp-chest_vp-ap_dx,sub-S09811,probabilities/qata_test_sub-S09811_ses-E19699_run-1_bp-chest_vp-ap_dx.npy,masks/qata_test_sub-S09811_ses-E19699_run-1_bp-chest_vp-ap_dx.png,0.6385855434234454,0.4690603514169799,88.43187284831745,18.897462372043545
qata_test_sub-S09811_ses-E20421_run-1_bp-chest_vp-ap_dx,sub-S09811,probabilities/qata_test_sub-S09811_ses-E20421_run-1_bp-chest_vp-ap_dx.npy,masks/qata_test_sub-S09811_ses-E20421_run-1_bp-chest_vp-ap_dx.png,0.7243031016904256,0.5677705281353222,21.095023109728988,6.0010112633540835
qata_test_sub-S09811_ses-E22629_run-1_bp-chest_vp-ap_dx,sub-S09811,probabilities/qata_test_sub-S09811_ses-E22629_run-1_bp-chest_vp-ap_dx.npy,masks/qata_test_sub-S09811_ses-E22629_run-1_bp-chest_vp-ap_dx.png,0.7889496019754557,0.6514589345442194,64.35367555700996,14.61830010899681
qata_test_sub-S09811_ses-E23674_run-1_bp-chest_vp-ap_dx,sub-S09811,probabilities/qata_test_sub-S09811_ses-E23674_run-1_bp-chest_vp-ap_dx.npy,masks/qata_test_sub-S09811_ses-E23674_run-1_bp-chest_vp-ap_dx.png,0.9082788323503886,0.831969608418586,7.615773105863909,2.074022887554754
qata_test_sub-S09811_ses-E25420_run-1_bp-chest_vp-ap_dx,sub-S09811,probabilities/qata_test_sub-S09811_ses-E25420_run-1_bp-chest_vp-ap_dx.npy,masks/qata_test_sub-S09811_ses-E25420_run-1_bp-chest_vp-ap_dx.png,0.380355761796673,0.23483907936570125,174.54064662001008,60.64570109788424
qata_test_sub-S09811_ses-E25788_run-1_bp-chest_vp-ap_dx,sub-S09811,probabilities/qata_test_sub-S09811_ses-E25788_run-1_bp-chest_vp-ap_dx.npy,masks/qata_test_sub-S09811_ses-E25788_run-1_bp-chest_vp-ap_dx.png,0.8820120537790797,0.7889280530811846,10.198039027185569,3.194271203413859
qata_test_sub-S09811_ses-E26320_run-1_bp-chest_vp-ap_dx,sub-S09811,probabilities/qata_test_sub-S09811_ses-E26320_run-1_bp-chest_vp-ap_dx.npy,masks/qata_test_sub-S09811_ses-E26320_run-1_bp-chest_vp-ap_dx.png,0.9161806365610389,0.845325953261118,28.0,5.261191499262061
qata_test_sub-S09813_ses-E16828_run-1_bp-chest_vp-ap_dx,sub-S09813,probabilities/qata_test_sub-S09813_ses-E16828_run-1_bp-chest_vp-ap_dx.npy,masks/qata_test_sub-S09813_ses-E16828_run-1_bp-chest_vp-ap_dx.png,0.963004666370773,0.9286489872626255,7.0710678118654755,2.1862948020981894
qata_test_sub-S09814_ses-E16830_run-1_bp-chest_vp-ap_cr,sub-S09814,probabilities/qata_test_sub-S09814_ses-E16830_run-1_bp-chest_vp-ap_cr.npy,masks/qata_test_sub-S09814_ses-E16830_run-1_bp-chest_vp-ap_cr.png,0.7345980126515881,0.580525414061093,165.2169765639302,39.198121438383374
qata_test_sub-S09814_ses-E18986_acq-1_run-1_bp-chest_vp-pa_dx,sub-S09814,probabilities/qata_test_sub-S09814_ses-E18986_acq-1_run-1_bp-chest_vp-pa_dx.npy,masks/qata_test_sub-S09814_ses-E18986_acq-1_run-1_bp-chest_vp-pa_dx.png,0.8545129676763522,0.7459822272665344,15.99056941504206,3.7707803956423973
qata_test_sub-S09814_ses-E20417_run-1_bp-chest_vp-ap_cr,sub-S09814,probabilities/qata_test_sub-S09814_ses-E20417_run-1_bp-chest_vp-ap_cr.npy,masks/qata_test_sub-S09814_ses-E20417_run-1_bp-chest_vp-ap_cr.png,2.699055330561429e-11,2.699055330561429e-11,215.98853300853958,182.22225449155357
qata_test_sub-S09814_ses-E20954_run-1_bp-chest_vp-ap_cr,sub-S09814,probabilities/qata_test_sub-S09814_ses-E20954_run-1_bp-chest_vp-ap_cr.npy,masks/qata_test_sub-S09814_ses-E20954_run-1_bp-chest_vp-ap_cr.png,0.7701781394376472,0.626251788282323,189.0880941097051,37.8933637229371
qata_test_sub-S09815_ses-E16834_run-1_bp-chest_vp-ap_dx,sub-S09815,probabilities/qata_test_sub-S09815_ses-E16834_run-1_bp-chest_vp-ap_dx.npy,masks/qata_test_sub-S09815_ses-E16834_run-1_bp-chest_vp-ap_dx.png,0.6551822053984364,0.48719031532253393,184.511525054975,45.05333316181629
qata_test_sub-S09815_ses-E16963_run-1_bp-chest_vp-ap_dx,sub-S09815,probabilities/qata_test_sub-S09815_ses-E16963_run-1_bp-chest_vp-ap_dx.npy,masks/qata_test_sub-S09815_ses-E16963_run-1_bp-chest_vp-ap_dx.png,0.7920943333184127,0.655758438070858,28.003570290448756,6.1695892096679925
qata_test_sub-S09815_ses-E18634_run-1_bp-chest_vp-ap_cr,sub-S09815,probabilities/qata_test_sub-S09815_ses-E18634_run-1_bp-chest_vp-ap_cr.npy,masks/qata_test_sub-S09815_ses-E18634_run-1_bp-chest_vp-ap_cr.png,0.8736099087704814,0.7755838013610666,17.204650534085253,4.960410702316819
qata_test_sub-S09815_ses-E18744_run-1_bp-chest_vp-ap_cr,sub-S09815,probabilities/qata_test_sub-S09815_ses-E18744_run-1_bp-chest_vp-ap_cr.npy,masks/qata_test_sub-S09815_ses-E18744_run-1_bp-chest_vp-ap_cr.png,0.9113687165363031,0.8371693248033887,9.848857801796104,2.509322426676172
qata_test_sub-S09815_ses-E20303_run-1_bp-chest_vp-ap_dx,sub-S09815,probabilities/qata_test_sub-S09815_ses-E20303_run-1_bp-chest_vp-ap_dx.npy,masks/qata_test_sub-S09815_ses-E20303_run-1_bp-chest_vp-ap_dx.png,0.26241596184640176,0.15102346482398843,233.29155459885584,87.50794663258841
qata_test_sub-S09815_ses-E21191_run-1_bp-chest_vp-ap_dx,sub-S09815,probabilities/qata_test_sub-S09815_ses-E21191_run-1_bp-chest_vp-ap_dx.npy,masks/qata_test_sub-S09815_ses-E21191_run-1_bp-chest_vp-ap_dx.png,0.890816813430396,0.8031286664074844,16.36426135864805,3.3889528678333436
qata_test_sub-S09815_ses-E21401_run-2_bp-chest_vp-ap_dx,sub-S09815,probabilities/qata_test_sub-S09815_ses-E21401_run-2_bp-chest_vp-ap_dx.npy,masks/qata_test_sub-S09815_ses-E21401_run-2_bp-chest_vp-ap_dx.png,0.7691587143623374,0.6249048706276169,37.94924526152337,7.531952061872763
qata_test_sub-S09815_ses-E21706_run-1_bp-chest_vp-ap_dx,sub-S09815,probabilities/qata_test_sub-S09815_ses-E21706_run-1_bp-chest_vp-ap_dx.npy,masks/qata_test_sub-S09815_ses-E21706_run-1_bp-chest_vp-ap_dx.png,0.6351408154712405,0.4653526332053654,38.59274491038471,10.53657784531399
qata_test_sub-S09815_ses-E22649_run-1_bp-chest_vp-ap_dx,sub-S09815,probabilities/qata_test_sub-S09815_ses-E22649_run-1_bp-chest_vp-ap_dx.npy,masks/qata_test_sub-S09815_ses-E22649_run-1_bp-chest_vp-ap_dx.png,0.8049407612815481,0.673557205537685,15.811388300841896,5.413775697530096
qata_test_sub-S09816_ses-E16839_run-1_bp-chest_vp-pa_cr,sub-S09816,probabilities/qata_test_sub-S09816_ses-E16839_run-1_bp-chest_vp-pa_cr.npy,masks/qata_test_sub-S09816_ses-E16839_run-1_bp-chest_vp-pa_cr.png,0.45240554498802715,0.2923282281910051,262.80086252439725,99.25437006347939
qata_test_sub-S09816_ses-E19865_run-1_bp-chest_vp-pa_cr,sub-S09816,probabilities/qata_test_sub-S09816_ses-E19865_run-1_bp-chest_vp-pa_cr.npy,masks/qata_test_sub-S09816_ses-E19865_run-1_bp-chest_vp-pa_cr.png,0.949346057172124,0.9035763522830598,10.04987562112089,2.921637077714989
qata_test_sub-S09816_ses-E21002_run-1_bp-chest_vp-ap_cr,sub-S09816,probabilities/qata_test_sub-S09816_ses-E21002_run-1_bp-chest_vp-ap_cr.npy,masks/qata_test_sub-S09816_ses-E21002_run-1_bp-chest_vp-ap_cr.png,0.9535304211630022,0.9111879030662487,7.810249675906654,2.547211617505125
qata_test_sub-S09817_ses-E16840_run-1_bp-chest_vp-ap_dx,sub-S09817,probabilities/qata_test_sub-S09817_ses-E16840_run-1_bp-chest_vp-ap_dx.npy,masks/qata_test_sub-S09817_ses-E16840_run-1_bp-chest_vp-ap_dx.png,0.9709136493287595,0.9434715062497583,4.123105625617661,1.2783056766784013
qata_test_sub-S09817_ses-E19493_run-1_bp-chest_vp-ap_cr,sub-S09817,probabilities/qata_test_sub-S09817_ses-E19493_run-1_bp-chest_vp-ap_cr.npy,masks/qata_test_sub-S09817_ses-E19493_run-1_bp-chest_vp-ap_cr.png,0.7735045926385371,0.6306624452066406,112.87405306131522,15.938977274249876
qata_test_sub-S09817_ses-E20853_run-1_bp-chest_vp-ap_cr,sub-S09817,probabilities/qata_test_sub-S09817_ses-E20853_run-1_bp-chest_vp-ap_cr.npy,masks/qata_test_sub-S09817_ses-E20853_run-1_bp-chest_vp-ap_cr.png,0.9732426959792211,0.9478799830963943,3.1622776601683795,1.1835208061597955
qata_test_sub-S09817_ses-E21940_run-1_bp-chest_vp-ap_cr,sub-S09817,probabilities/qata_test_sub-S09817_ses-E21940_run-1_bp-chest_vp-ap_cr.npy,masks/qata_test_sub-S09817_ses-E21940_run-1_bp-chest_vp-ap_cr.png,0.9599399568440568,0.9229659029409238,6.1673900068116865,1.7790282293204052
qata_test_sub-S09817_ses-E22215_run-1_bp-chest_vp-ap_cr,sub-S09817,probabilities/qata_test_sub-S09817_ses-E22215_run-1_bp-chest_vp-ap_cr.npy,masks/qata_test_sub-S09817_ses-E22215_run-1_bp-chest_vp-ap_cr.png,0.9650356710190385,0.9324337506098767,4.47213595499958,1.6081289177797689
qata_test_sub-S09818_ses-E16841_run-1_bp-chest_vp-pa_cr,sub-S09818,probabilities/qata_test_sub-S09818_ses-E16841_run-1_bp-chest_vp-pa_cr.npy,masks/qata_test_sub-S09818_ses-E16841_run-1_bp-chest_vp-pa_cr.png,0.7806702426072503,0.6402453789681148,180.3052694314608,37.68766772969991
qata_test_sub-S09818_ses-E18230_run-1_bp-chest_vp-ap_dx,sub-S09818,probabilities/qata_test_sub-S09818_ses-E18230_run-1_bp-chest_vp-ap_dx.npy,masks/qata_test_sub-S09818_ses-E18230_run-1_bp-chest_vp-ap_dx.png,0.7651893248863896,0.6196814947498926,166.5785080319182,27.318717151163018
qata_test_sub-S09818_ses-E24333_run-1_bp-chest_vp-pa_cr,sub-S09818,probabilities/qata_test_sub-S09818_ses-E24333_run-1_bp-chest_vp-pa_cr.npy,masks/qata_test_sub-S09818_ses-E24333_run-1_bp-chest_vp-pa_cr.png,0.79793316896659,0.6638010037108278,35.67065250582821,9.182204843897793
qata_test_sub-S09818_ses-E25017_run-1_bp-chest_vp-ap_dx,sub-S09818,probabilities/qata_test_sub-S09818_ses-E25017_run-1_bp-chest_vp-ap_dx.npy,masks/qata_test_sub-S09818_ses-E25017_run-1_bp-chest_vp-ap_dx.png,0.8691041468820974,0.7685094471663902,38.0,6.1853493775909865
qata_test_sub-S09818_ses-E25581_run-1_bp-chest_vp-ap_dx,sub-S09818,probabilities/qata_test_sub-S09818_ses-E25581_run-1_bp-chest_vp-ap_dx.npy,masks/qata_test_sub-S09818_ses-E25581_run-1_bp-chest_vp-ap_dx.png,0.9107907507852006,0.8361944699258413,21.0,4.716929591750183
qata_test_sub-S09818_ses-E25880_run-1_bp-chest_vp-ap_dx,sub-S09818,probabilities/qata_test_sub-S09818_ses-E25880_run-1_bp-chest_vp-ap_dx.npy,masks/qata_test_sub-S09818_ses-E25880_run-1_bp-chest_vp-ap_dx.png,0.8920222875617018,0.8050904612503149,32.0,6.837978733935299
qata_test_sub-S09819_ses-E19882_run-1_bp-chest_vp-pa_dx,sub-S09819,probabilities/qata_test_sub-S09819_ses-E19882_run-1_bp-chest_vp-pa_dx.npy,masks/qata_test_sub-S09819_ses-E19882_run-1_bp-chest_vp-pa_dx.png,0.3212986286224098,0.19139713240442158,147.69461051936113,52.701982611564304
qata_test_sub-S09819_ses-E25021_run-1_bp-chest_vp-ap_dx,sub-S09819,probabilities/qata_test_sub-S09819_ses-E25021_run-1_bp-chest_vp-ap_dx.npy,masks/qata_test_sub-S09819_ses-E25021_run-1_bp-chest_vp-ap_dx.png,0.6200806296818322,0.44936004452374917,55.20399533736886,12.233567282241887
qata_test_sub-S09819_ses-E25878_run-1_bp-chest_vp-ap_dx,sub-S09819,probabilities/qata_test_sub-S09819_ses-E25878_run-1_bp-chest_vp-ap_dx.npy,masks/qata_test_sub-S09819_ses-E25878_run-1_bp-chest_vp-ap_dx.png,0.7877701236218951,0.6498520940425058,177.13356541304225,25.887843630116173
qata_test_sub-S09819_ses-E26241_run-1_bp-chest_vp-ap_dx,sub-S09819,probabilities/qata_test_sub-S09819_ses-E26241_run-1_bp-chest_vp-ap_dx.npy,masks/qata_test_sub-S09819_ses-E26241_run-1_bp-chest_vp-ap_dx.png,0.7112540192949256,0.5518962075904205,196.44401153613796,48.99090859733859
qata_test_sub-S09822_ses-E16846_run-1_bp-chest_vp-ap_cr,sub-S09822,probabilities/qata_test_sub-S09822_ses-E16846_run-1_bp-chest_vp-ap_cr.npy,masks/qata_test_sub-S09822_ses-E16846_run-1_bp-chest_vp-ap_cr.png,0.8617987192972293,0.7571584515932727,51.64687444603926,7.431749795047006
qata_test_sub-S09822_ses-E18999_run-1_bp-chest_vp-ap_dx,sub-S09822,probabilities/qata_test_sub-S09822_ses-E18999_run-1_bp-chest_vp-ap_dx.npy,masks/qata_test_sub-S09822_ses-E18999_run-1_bp-chest_vp-ap_dx.png,0.9029978342644409,0.8231504571910925,33.300900727868076,5.907997036511921
qata_test_sub-S09822_ses-E20309_run-1_bp-chest_vp-ap_dx,sub-S09822,probabilities/qata_test_sub-S09822_ses-E20309_run-1_bp-chest_vp-ap_dx.npy,masks/qata_test_sub-S09822_ses-E20309_run-1_bp-chest_vp-ap_dx.png,0.902323610424695,0.8220306266897353,18.9907830863536,4.305205340887965
qata_test_sub-S09824_ses-E16848_run-1_bp-chest_vp-ap_cr,sub-S09824,probabilities/qata_test_sub-S09824_ses-E16848_run-1_bp-chest_vp-ap_cr.npy,masks/qata_test_sub-S09824_ses-E16848_run-1_bp-chest_vp-ap_cr.png,0.7247965797830479,0.5683772238167503,22.20360331117452,6.767607954185694
qata_test_sub-S09825_ses-E23401_run-1_bp-chest_vp-ap_dx,sub-S09825,probabilities/qata_test_sub-S09825_ses-E23401_run-1_bp-chest_vp-ap_dx.npy,masks/qata_test_sub-S09825_ses-E23401_run-1_bp-chest_vp-ap_dx.png,0.32057458176998704,0.19088348806518324,252.84075304170034,110.28853313662023
qata_test_sub-S09827_ses-E25267_acq-1_run-1_bp-chest_vp-ll_dx,sub-S09827,probabilities/qata_test_sub-S09827_ses-E25267_acq-1_run-1_bp-chest_vp-ll_dx.npy,masks/qata_test_sub-S09827_ses-E25267_acq-1_run-1_bp-chest_vp-ll_dx.png,0.6202794051408717,0.44956885289457055,37.8021163428716,8.72449701293996
qata_test_sub-S09827_ses-E25861_run-1_bp-chest_vp-ap_dx,sub-S09827,probabilities/qata_test_sub-S09827_ses-E25861_run-1_bp-chest_vp-ap_dx.npy,masks/qata_test_sub-S09827_ses-E25861_run-1_bp-chest_vp-ap_dx.png,0.1086309523942168,0.05743509049476893,76.45637777539974,27.024774742517874
qata_test_sub-S09828_ses-E16853_run-1_bp-chest_vp-ap_dx,sub-S09828,probabilities/qata_test_sub-S09828_ses-E16853_run-1_bp-chest_vp-ap_dx.npy,masks/qata_test_sub-S09828_ses-E16853_run-1_bp-chest_vp-ap_dx.png,0.9394556092599871,0.8858239385953001,12.041594578792296,2.2568932284107697
qata_test_sub-S09828_ses-E18763_run-1_bp-chest_vp-ap_cr,sub-S09828,probabilities/qata_test_sub-S09828_ses-E18763_run-1_bp-chest_vp-ap_cr.npy,masks/qata_test_sub-S09828_ses-E18763_run-1_bp-chest_vp-ap_cr.png,0.866914651788247,0.7650921028655381,29.472263734273124,5.029081334384053
qata_test_sub-S09828_ses-E20711_run-1_bp-chest_vp-ap_cr,sub-S09828,probabilities/qata_test_sub-S09828_ses-E20711_run-1_bp-chest_vp-ap_cr.npy,masks/qata_test_sub-S09828_ses-E20711_run-1_bp-chest_vp-ap_cr.png,0.9233643516691576,0.8576386571457142,8.0,2.5491846703762566
qata_test_sub-S09828_ses-E22205_run-1_bp-chest_vp-ap_cr,sub-S09828,probabilities/qata_test_sub-S09828_ses-E22205_run-1_bp-chest_vp-ap_cr.npy,masks/qata_test_sub-S09828_ses-E22205_run-1_bp-chest_vp-ap_cr.png,0.91208449829185,0.8383780696760101,10.355512890306773,2.714626234950912
qata_test_sub-S09828_ses-E22847_run-1_bp-chest_vp-ap_cr,sub-S09828,probabilities/qata_test_sub-S09828_ses-E22847_run-1_bp-chest_vp-ap_cr.npy,masks/qata_test_sub-S09828_ses-E22847_run-1_bp-chest_vp-ap_cr.png,0.9345932621202359,0.8772173376532684,7.0,1.9561781945011345
qata_test_sub-S09830_ses-E19889_run-1_bp-chest_vp-ap_cr,sub-S09830,probabilities/qata_test_sub-S09830_ses-E19889_run-1_bp-chest_vp-ap_cr.npy,masks/qata_test_sub-S09830_ses-E19889_run-1_bp-chest_vp-ap_cr.png,0.558493299545147,0.38743718596043025,210.24619481373605,32.65066502196361
qata_test_sub-S09831_ses-E18239_run-1_bp-chest_vp-ap_dx,sub-S09831,probabilities/qata_test_sub-S09831_ses-E18239_run-1_bp-chest_vp-ap_dx.npy,masks/qata_test_sub-S09831_ses-E18239_run-1_bp-chest_vp-ap_dx.png,0.06021979818172072,0.03104465038318852,227.48889939919587,110.14358245250874
qata_test_sub-S09831_ses-E18650_run-1_bp-chest_vp-ap_dx,sub-S09831,probabilities/qata_test_sub-S09831_ses-E18650_run-1_bp-chest_vp-ap_dx.npy,masks/qata_test_sub-S09831_ses-E18650_run-1_bp-chest_vp-ap_dx.png,0.8873502121511462,0.7975107907647927,23.013037319865603,5.497998710858314
qata_test_sub-S09831_ses-E19025_run-1_bp-chest_vp-ap_dx,sub-S09831,probabilities/qata_test_sub-S09831_ses-E19025_run-1_bp-chest_vp-ap_dx.npy,masks/qata_test_sub-S09831_ses-E19025_run-1_bp-chest_vp-ap_dx.png,0.5288288288394408,0.35946111453277835,160.8947261660951,29.403678871578183
qata_test_sub-S09831_ses-E19254_run-1_bp-chest_vp-ap_dx,sub-S09831,probabilities/qata_test_sub-S09831_ses-E19254_run-1_bp-chest_vp-ap_dx.npy,masks/qata_test_sub-S09831_ses-E19254_run-1_bp-chest_vp-ap_dx.png,0.8086329012440957,0.6787436904130258,87.05743637232585,14.291054741613495
qata_test_sub-S09831_ses-E19721_run-1_bp-chest_vp-ap_dx,sub-S09831,probabilities/qata_test_sub-S09831_ses-E19721_run-1_bp-chest_vp-ap_dx.npy,masks/qata_test_sub-S09831_ses-E19721_run-1_bp-chest_vp-ap_dx.png,0.8099708643578366,0.6806311207847014,172.00988075095125,42.63767579877794
qata_test_sub-S09831_ses-E20334_run-1_bp-chest_vp-ap_dx,sub-S09831,probabilities/qata_test_sub-S09831_ses-E20334_run-1_bp-chest_vp-ap_dx.npy,masks/qata_test_sub-S09831_ses-E20334_run-1_bp-chest_vp-ap_dx.png,0.7488568413658597,0.598538093902175,44.94650205076862,10.22502048465061
qata_test_sub-S09831_ses-E20856_run-1_bp-chest_vp-ap_dx,sub-S09831,probabilities/qata_test_sub-S09831_ses-E20856_run-1_bp-chest_vp-ap_dx.npy,masks/qata_test_sub-S09831_ses-E20856_run-1_bp-chest_vp-ap_dx.png,0.8717970049919472,0.7727306245860456,130.38903322986343,26.319198643908624
qata_test_sub-S09831_ses-E21556_run-1_bp-chest_vp-ap_dx,sub-S09831,probabilities/qata_test_sub-S09831_ses-E21556_run-1_bp-chest_vp-ap_dx.npy,masks/qata_test_sub-S09831_ses-E21556_run-1_bp-chest_vp-ap_dx.png,0.8555096207833014,0.7475026757057283,20.223748416156685,4.434865173611637
qata_test_sub-S09831_ses-E22072_run-1_bp-chest_vp-ap_dx,sub-S09831,probabilities/qata_test_sub-S09831_ses-E22072_run-1_bp-chest_vp-ap_dx.npy,masks/qata_test_sub-S09831_ses-E22072_run-1_bp-chest_vp-ap_dx.png,0.8898400166218786,0.801542147028741,23.08679276123039,4.513053150042338
qata_test_sub-S09831_ses-E23181_run-1_bp-chest_vp-ap_dx,sub-S09831,probabilities/qata_test_sub-S09831_ses-E23181_run-1_bp-chest_vp-ap_dx.npy,masks/qata_test_sub-S09831_ses-E23181_run-1_bp-chest_vp-ap_dx.png,0.587553816048581,0.4159831522976281,157.129239102925,30.032147267004124
qata_test_sub-S09831_ses-E23425_run-1_bp-chest_vp-ap_dx,sub-S09831,probabilities/qata_test_sub-S09831_ses-E23425_run-1_bp-chest_vp-ap_dx.npy,masks/qata_test_sub-S09831_ses-E23425_run-1_bp-chest_vp-ap_dx.png,0.8454271356794276,0.7322423398359766,137.6649216263727,24.002662537927712
qata_test_sub-S09831_ses-E24347_run-1_bp-chest_vp-ap_dx,sub-S09831,probabilities/qata_test_sub-S09831_ses-E24347_run-1_bp-chest_vp-ap_dx.npy,masks/qata_test_sub-S09831_ses-E24347_run-1_bp-chest_vp-ap_dx.png,0.6928325919943065,0.5300259077393371,169.95859839654742,39.48449806148832
qata_test_sub-S09831_ses-E24761_run-1_bp-chest_vp-pa_dx,sub-S09831,probabilities/qata_test_sub-S09831_ses-E24761_run-1_bp-chest_vp-pa_dx.npy,masks/qata_test_sub-S09831_ses-E24761_run-1_bp-chest_vp-pa_dx.png,0.23695214497077666,0.1343991567263809,68.58713505267092,22.622634956307586
qata_test_sub-S09831_ses-E25609_run-1_bp-chest_vp-ap_dx,sub-S09831,probabilities/qata_test_sub-S09831_ses-E25609_run-1_bp-chest_vp-ap_dx.npy,masks/qata_test_sub-S09831_ses-E25609_run-1_bp-chest_vp-ap_dx.png,0.9340014366558613,0.8761751364148439,9.219544457292887,3.094256332988472
qata_test_sub-S09832_ses-E16859_run-1_bp-chest_vp-pa_dx,sub-S09832,probabilities/qata_test_sub-S09832_ses-E16859_run-1_bp-chest_vp-pa_dx.npy,masks/qata_test_sub-S09832_ses-E16859_run-1_bp-chest_vp-pa_dx.png,0.7460424385357689,0.5949503089015592,110.0,23.109096401823457
qata_test_sub-S09832_ses-E19533_run-1_bp-chest_vp-ap_dx,sub-S09832,probabilities/qata_test_sub-S09832_ses-E19533_run-1_bp-chest_vp-ap_dx.npy,masks/qata_test_sub-S09832_ses-E19533_run-1_bp-chest_vp-ap_dx.png,0.8163119724192567,0.6896343913280507,77.30790379827401,16.848388645275033
qata_test_sub-S09832_ses-E22445_run-1_bp-chest_vp-ap_dx,sub-S09832,probabilities/qata_test_sub-S09832_ses-E22445_run-1_bp-chest_vp-ap_dx.npy,masks/qata_test_sub-S09832_ses-E22445_run-1_bp-chest_vp-ap_dx.png,0.7210020590277882,0.5637241749454827,210.23082552280482,45.99974369459672
qata_test_sub-S09834_ses-E21566_run-1_bp-chest_vp-ap_cr,sub-S09834,probabilities/qata_test_sub-S09834_ses-E21566_run-1_bp-chest_vp-ap_cr.npy,masks/qata_test_sub-S09834_ses-E21566_run-1_bp-chest_vp-ap_cr.png,0.8894827257114355,0.8009625300804334,83.99880678015984,9.310052676923926
qata_test_sub-S09835_ses-E20329_run-1_bp-chest_vp-pa_dx,sub-S09835,probabilities/qata_test_sub-S09835_ses-E20329_run-1_bp-chest_vp-pa_dx.npy,masks/qata_test_sub-S09835_ses-E20329_run-1_bp-chest_vp-pa_dx.png,0.7130684734656291,0.5540842374034128,173.7900549658406,36.53243962027689
qata_test_sub-S09835_ses-E23362_run-1_bp-chest_vp-ap_cr,sub-S09835,probabilities/qata_test_sub-S09835_ses-E23362_run-1_bp-chest_vp-ap_cr.npy,masks/qata_test_sub-S09835_ses-E23362_run-1_bp-chest_vp-ap_cr.png,0.6259592297932021,0.4555608853597234,165.99213342842882,37.83231357004205
qata_test_sub-S09836_ses-E23196_acq-1_run-1_bp-chest_vp-pa_cr,sub-S09836,probabilities/qata_test_sub-S09836_ses-E23196_acq-1_run-1_bp-chest_vp-pa_cr.npy,masks/qata_test_sub-S09836_ses-E23196_acq-1_run-1_bp-chest_vp-pa_cr.png,0.626559060900564,0.4561965812082009,139.33693631520956,29.809646500533223
qata_test_sub-S09837_ses-E16871_run-1_bp-chest_vp-ap_cr,sub-S09837,probabilities/qata_test_sub-S09837_ses-E16871_run-1_bp-chest_vp-ap_cr.npy,masks/qata_test_sub-S09837_ses-E16871_run-1_bp-chest_vp-ap_cr.png,0.9605571030641401,0.9241076213959192,5.0,1.7370954954295368
qata_test_sub-S09837_ses-E17455_run-1_bp-chest_vp-ap_cr,sub-S09837,probabilities/qata_test_sub-S09837_ses-E17455_run-1_bp-chest_vp-ap_cr.npy,masks/qata_test_sub-S09837_ses-E17455_run-1_bp-chest_vp-ap_cr.png,0.8985095470855542,0.8157215931455615,21.93854097951517,4.177615400357793
qata_test_sub-S09837_ses-E20516_run-1_bp-chest_vp-ap_cr,sub-S09837,probabilities/qata_test_sub-S09837_ses-E20516_run-1_bp-chest_vp-ap_cr.npy,masks/qata_test_sub-S09837_ses-E20516_run-1_bp-chest_vp-ap_cr.png,0.8679272762583006,0.7666709550162243,41.990473489452285,8.04860202139903
qata_test_sub-S09837_ses-E22253_run-1_bp-chest_vp-ap_cr,sub-S09837,probabilities/qata_test_sub-S09837_ses-E22253_run-1_bp-chest_vp-ap_cr.npy,masks/qata_test_sub-S09837_ses-E22253_run-1_bp-chest_vp-ap_cr.png,0.9658751330156035,0.9340024245159877,5.0,1.6813110886874985
qata_test_sub-S09837_ses-E22894_run-2_bp-chest_vp-ap_cr,sub-S09837,probabilities/qata_test_sub-S09837_ses-E22894_run-2_bp-chest_vp-ap_cr.npy,masks/qata_test_sub-S09837_ses-E22894_run-2_bp-chest_vp-ap_cr.png,0.670206703622053,0.5039931434823951,115.12536419411967,26.079988094412098
qata_test_sub-S09837_ses-E24226_run-1_bp-chest_vp-ap_cr,sub-S09837,probabilities/qata_test_sub-S09837_ses-E24226_run-1_bp-chest_vp-ap_cr.npy,masks/qata_test_sub-S09837_ses-E24226_run-1_bp-chest_vp-ap_cr.png,0.9079825462015273,0.8314725584684953,12.727922061357855,2.526412175012578
qata_test_sub-S09837_ses-E24618_run-1_bp-chest_vp-ap_cr,sub-S09837,probabilities/qata_test_sub-S09837_ses-E24618_run-1_bp-chest_vp-ap_cr.npy,masks/qata_test_sub-S09837_ses-E24618_run-1_bp-chest_vp-ap_cr.png,0.7164559897958311,0.5581857607543779,19.189740251176364,6.261388155479905
qata_test_sub-S09839_ses-E16873_run-1_bp-chest_vp-ap_cr,sub-S09839,probabilities/qata_test_sub-S09839_ses-E16873_run-1_bp-chest_vp-ap_cr.npy,masks/qata_test_sub-S09839_ses-E16873_run-1_bp-chest_vp-ap_cr.png,0.9154539562837581,0.8440895262937631,16.18623753639812,5.855798031094943
qata_test_sub-S09839_ses-E19177_run-1_bp-chest_vp-ap_dx,sub-S09839,probabilities/qata_test_sub-S09839_ses-E19177_run-1_bp-chest_vp-ap_dx.npy,masks/qata_test_sub-S09839_ses-E19177_run-1_bp-chest_vp-ap_dx.png,0.9451032174561765,0.895920087249911,11.058858904218418,2.935043985779244
qata_test_sub-S09840_ses-E18544_run-1_bp-chest_vp-pa_dx,sub-S09840,probabilities/qata_test_sub-S09840_ses-E18544_run-1_bp-chest_vp-pa_dx.npy,masks/qata_test_sub-S09840_ses-E18544_run-1_bp-chest_vp-pa_dx.png,0.0014582574188312704,0.0007296607442273017,70.98932002627373,43.69676695780027
qata_test_sub-S09841_ses-E23070_run-1_bp-chest_vp-ap_dx,sub-S09841,probabilities/qata_test_sub-S09841_ses-E23070_run-1_bp-chest_vp-ap_dx.npy,masks/qata_test_sub-S09841_ses-E23070_run-1_bp-chest_vp-ap_dx.png,0.6418930318894808,0.47263805205619824,46.88068494924808,13.086319685026572
qata_test_sub-S09842_ses-E16879_run-1_bp-chest_vp-ap_dx,sub-S09842,probabilities/qata_test_sub-S09842_ses-E16879_run-1_bp-chest_vp-ap_dx.npy,masks/qata_test_sub-S09842_ses-E16879_run-1_bp-chest_vp-ap_dx.png,0.9133544723842555,0.8405266015208084,136.99441529625057,20.52058819233309
qata_test_sub-S09842_ses-E19760_run-1_bp-chest_vp-ap_dx,sub-S09842,probabilities/qata_test_sub-S09842_ses-E19760_run-1_bp-chest_vp-ap_dx.npy,masks/qata_test_sub-S09842_ses-E19760_run-1_bp-chest_vp-ap_dx.png,0.5739723016094309,0.40249730230611225,207.86751174544855,35.34818513630057
qata_test_sub-S09842_ses-E21264_run-1_bp-chest_vp-ap_dx,sub-S09842,probabilities/qata_test_sub-S09842_ses-E21264_run-1_bp-chest_vp-ap_dx.npy,masks/qata_test_sub-S09842_ses-E21264_run-1_bp-chest_vp-ap_dx.png,0.7481435825195969,0.5976273093894888,65.39984294544905,14.394448672151448
qata_test_sub-S09842_ses-E22102_run-1_bp-chest_vp-ap_dx,sub-S09842,probabilities/qata_test_sub-S09842_ses-E22102_run-1_bp-chest_vp-ap_dx.npy,masks/qata_test_sub-S09842_ses-E22102_run-1_bp-chest_vp-ap_dx.png,0.7486925678466573,0.5983282354192639,41.00853531617383,12.295701179209637
qata_test_sub-S09842_ses-E22722_run-1_bp-chest_vp-ap_dx,sub-S09842,probabilities/qata_test_sub-S09842_ses-E22722_run-1_bp-chest_vp-ap_dx.npy,masks/qata_test_sub-S09842_ses-E22722_run-1_bp-chest_vp-ap_dx.png,0.4380011187794238,0.2804106482077091,90.37256177417045,20.2707439252021
qata_test_sub-S09843_ses-E19313_run-1_bp-chest_vp-ap_dx,sub-S09843,probabilities/qata_test_sub-S09843_ses-E19313_run-1_bp-chest_vp-ap_dx.npy,masks/qata_test_sub-S09843_ses-E19313_run-1_bp-chest_vp-ap_dx.png,0.8051376996088273,0.6738330428108884,15.387810266642322,4.614716471674636
qata_test_sub-S09843_ses-E23496_run-1_bp-chest_vp-ap_dx,sub-S09843,probabilities/qata_test_sub-S09843_ses-E23496_run-1_bp-chest_vp-ap_dx.npy,masks/qata_test_sub-S09843_ses-E23496_run-1_bp-chest_vp-ap_dx.png,0.8581720336782477,0.7515773470182321,27.073972741361768,4.551056113787433
qata_test_sub-S09843_ses-E24623_run-1_bp-chest_cr,sub-S09843,probabilities/qata_test_sub-S09843_ses-E24623_run-1_bp-chest_cr.npy,masks/qata_test_sub-S09843_ses-E24623_run-1_bp-chest_cr.png,0.5635062611850178,0.39227895393119855,51.05632715134836,12.966782126197716
qata_test_sub-S09843_ses-E25653_run-1_bp-chest_vp-pa_cr,sub-S09843,probabilities/qata_test_sub-S09843_ses-E25653_run-1_bp-chest_vp-pa_cr.npy,masks/qata_test_sub-S09843_ses-E25653_run-1_bp-chest_vp-pa_cr.png,0.8166459864473768,0.6901113082780278,22.02271554554524,5.614847370021916
qata_test_sub-S09843_ses-E25974_run-1_bp-chest_cr,sub-S09843,probabilities/qata_test_sub-S09843_ses-E25974_run-1_bp-chest_cr.npy,masks/qata_test_sub-S09843_ses-E25974_run-1_bp-chest_cr.png,0.8907431179582745,0.803008872318336,10.217557249945859,2.6193556132799976
qata_test_sub-S09844_ses-E16885_run-1_bp-chest_vp-ap_dx,sub-S09844,probabilities/qata_test_sub-S09844_ses-E16885_run-1_bp-chest_vp-ap_dx.npy,masks/qata_test_sub-S09844_ses-E16885_run-1_bp-chest_vp-ap_dx.png,0.4797169215248343,0.3155444721586405,128.0958623116499,41.2471665063653
qata_test_sub-S09844_ses-E21984_run-1_bp-chest_cr,sub-S09844,probabilities/qata_test_sub-S09844_ses-E21984_run-1_bp-chest_cr.npy,masks/qata_test_sub-S09844_ses-E21984_run-1_bp-chest_cr.png,0.26923588040838226,0.1555589680719355,172.31189689646544,35.520268878014264
qata_test_sub-S09845_ses-E16888_run-1_bp-chest_vp-ap_dx,sub-S09845,probabilities/qata_test_sub-S09845_ses-E16888_run-1_bp-chest_vp-ap_dx.npy,masks/qata_test_sub-S09845_ses-E16888_run-1_bp-chest_vp-ap_dx.png,0.9494841085934349,0.9038265069197371,7.810249675906654,2.6755426935604634
qata_test_sub-S09845_ses-E18676_run-1_bp-chest_vp-ap_cr,sub-S09845,probabilities/qata_test_sub-S09845_ses-E18676_run-1_bp-chest_vp-ap_cr.npy,masks/qata_test_sub-S09845_ses-E18676_run-1_bp-chest_vp-ap_cr.png,0.9565734681738236,0.9167616875716971,6.4031242374328485,1.8250906899743655
qata_test_sub-S09845_ses-E18848_run-2_bp-chest_vp-ap_dx,sub-S09845,probabilities/qata_test_sub-S09845_ses-E18848_run-2_bp-chest_vp-ap_dx.npy,masks/qata_test_sub-S09845_ses-E18848_run-2_bp-chest_vp-ap_dx.png,0.9362796799837001,0.8801934703754283,7.0710678118654755,2.6160900166025245
qata_test_sub-S09845_ses-E21278_run-1_bp-chest_vp-ap_dx,sub-S09845,probabilities/qata_test_sub-S09845_ses-E21278_run-1_bp-chest_vp-ap_dx.npy,masks/qata_test_sub-S09845_ses-E21278_run-1_bp-chest_vp-ap_dx.png,0.9070934825545032,0.8299826820275958,55.25192070878768,7.771696715892817
qata_test_sub-S09845_ses-E21976_run-1_bp-chest_vp-ap_cr,sub-S09845,probabilities/qata_test_sub-S09845_ses-E21976_run-1_bp-chest_vp-ap_cr.npy,masks/qata_test_sub-S09845_ses-E21976_run-1_bp-chest_vp-ap_cr.png,0.9332421617790274,0.8748397511994928,8.48528137423857,2.788314281836108
qata_test_sub-S09845_ses-E22296_run-1_bp-chest_vp-ap_cr,sub-S09845,probabilities/qata_test_sub-S09845_ses-E22296_run-1_bp-chest_vp-ap_cr.npy,masks/qata_test_sub-S09845_ses-E22296_run-1_bp-chest_vp-ap_cr.png,0.8495327569844109,0.7384241160651688,17.731153574362935,4.0202328811005845
qata_test_sub-S09846_ses-E19077_run-1_bp-chest_vp-ap_dx,sub-S09846,probabilities/qata_test_sub-S09846_ses-E19077_run-1_bp-chest_vp-ap_dx.npy,masks/qata_test_sub-S09846_ses-E19077_run-1_bp-chest_vp-ap_dx.png,0.7368779822857233,0.5833783054731043,19.0,4.722976669888381
qata_test_sub-S09847_ses-E16894_run-1_bp-chest_vp-ap_cr,sub-S09847,probabilities/qata_test_sub-S09847_ses-E16894_run-1_bp-chest_vp-ap_cr.npy,masks/qata_test_sub-S09847_ses-E16894_run-1_bp-chest_vp-ap_cr.png,0.8257828542100045,0.7032624733608216,17.88854381999832,4.3745527157637225
qata_test_sub-S09847_ses-E27010_run-1_bp-chest_vp-pa_dx,sub-S09847,probabilities/qata_test_sub-S09847_ses-E27010_run-1_bp-chest_vp-pa_dx.npy,masks/qata_test_sub-S09847_ses-E27010_run-1_bp-chest_vp-pa_dx.png,0.6556433721587089,0.4877004796065819,69.20819112365962,14.818747774261164
qata_test_sub-S09848_ses-E16896_run-1_bp-chest_vp-ap_dx,sub-S09848,probabilities/qata_test_sub-S09848_ses-E16896_run-1_bp-chest_vp-ap_dx.npy,masks/qata_test_sub-S09848_ses-E16896_run-1_bp-chest_vp-ap_dx.png,0.7302661617389674,0.5751332600068739,32.09970962223446,6.883218749168163
qata_test_sub-S09848_ses-E17529_run-1_bp-chest_vp-ap_cr,sub-S09848,probabilities/qata_test_sub-S09848_ses-E17529_run-1_bp-chest_vp-ap_cr.npy,masks/qata_test_sub-S09848_ses-E17529_run-1_bp-chest_vp-ap_cr.png,0.8850029253079048,0.7937266791068828,167.0,23.90258545961377
qata_test_sub-S09848_ses-E18312_run-1_bp-chest_vp-pa_cr,sub-S09848,probabilities/qata_test_sub-S09848_ses-E18312_run-1_bp-chest_vp-pa_cr.npy,masks/qata_test_sub-S09848_ses-E18312_run-1_bp-chest_vp-pa_cr.png,0.9362381098497254,0.8801199953850696,15.72548827377898,3.6637266354046245
qata_test_sub-S09848_ses-E19323_run-1_bp-chest_vp-pa_dx,sub-S09848,probabilities/qata_test_sub-S09848_ses-E19323_run-1_bp-chest_vp-pa_dx.npy,masks/qata_test_sub-S09848_ses-E19323_run-1_bp-chest_vp-pa_dx.png,0.9328757999595563,0.8741960869450648,11.08585467828073,3.4451174903803814
qata_test_sub-S09848_ses-E21072_run-1_bp-chest_vp-ap_cr,sub-S09848,probabilities/qata_test_sub-S09848_ses-E21072_run-1_bp-chest_vp-ap_cr.npy,masks/qata_test_sub-S09848_ses-E21072_run-1_bp-chest_vp-ap_cr.png,0.7747893289093682,0.6323723317072365,29.99166203188585,7.071562770627961
qata_test_sub-S09848_ses-E21433_run-1_bp-chest_vp-ap_cr,sub-S09848,probabilities/qata_test_sub-S09848_ses-E21433_run-1_bp-chest_vp-ap_cr.npy,masks/qata_test_sub-S09848_ses-E21433_run-1_bp-chest_vp-ap_cr.png,0.868066259190596,0.7668878732869001,27.75786861331185,5.048099944178231
qata_test_sub-S09848_ses-E22109_run-1_bp-chest_vp-ap_cr,sub-S09848,probabilities/qata_test_sub-S09848_ses-E22109_run-1_bp-chest_vp-ap_cr.npy,masks/qata_test_sub-S09848_ses-E22109_run-1_bp-chest_vp-ap_cr.png,0.9682758107706629,0.9385025774127158,4.0,1.3982812049385023
qata_test_sub-S09848_ses-E22508_run-1_bp-chest_vp-ap_cr,sub-S09848,probabilities/qata_test_sub-S09848_ses-E22508_run-1_bp-chest_vp-ap_cr.npy,masks/qata_test_sub-S09848_ses-E22508_run-1_bp-chest_vp-ap_cr.png,0.96757622362105,0.9371890165245494,5.0,1.588171325648141
qata_test_sub-S09848_ses-E23238_run-1_bp-chest_vp-ap_cr,sub-S09848,probabilities/qata_test_sub-S09848_ses-E23238_run-1_bp-chest_vp-ap_cr.npy,masks/qata_test_sub-S09848_ses-E23238_run-1_bp-chest_vp-ap_cr.png,0.9684451384487431,0.9388207787538179,4.47213595499958,1.609525171559168
qata_test_sub-S09848_ses-E23733_run-1_bp-chest_vp-ap_cr,sub-S09848,probabilities/qata_test_sub-S09848_ses-E23733_run-1_bp-chest_vp-ap_cr.npy,masks/qata_test_sub-S09848_ses-E23733_run-1_bp-chest_vp-ap_cr.png,0.8387035180680732,0.7222130878012076,56.0,8.958327496197073
qata_test_sub-S09848_ses-E23781_run-1_bp-chest_vp-ap_cr,sub-S09848,probabilities/qata_test_sub-S09848_ses-E23781_run-1_bp-chest_vp-ap_cr.npy,masks/qata_test_sub-S09848_ses-E23781_run-1_bp-chest_vp-ap_cr.png,0.822894508785067,0.6990830600381562,21.01903683330291,5.494096034293298
qata_test_sub-S09848_ses-E25994_run-1_bp-chest_vp-pa_cr,sub-S09848,probabilities/qata_test_sub-S09848_ses-E25994_run-1_bp-chest_vp-pa_cr.npy,masks/qata_test_sub-S09848_ses-E25994_run-1_bp-chest_vp-pa_cr.png,0.9331790489203347,0.8747288361520223,16.186325965077557,3.8494279296558047
qata_test_sub-S09848_ses-E26422_run-1_bp-chest_vp-ap_cr,sub-S09848,probabilities/qata_test_sub-S09848_ses-E26422_run-1_bp-chest_vp-ap_cr.npy,masks/qata_test_sub-S09848_ses-E26422_run-1_bp-chest_vp-ap_cr.png,0.8941695762346951,0.8085955649423261,29.53726339868148,8.305319413642831
qata_test_sub-S09848_ses-E26424_run-1_bp-chest_vp-pa_cr,sub-S09848,probabilities/qata_test_sub-S09848_ses-E26424_run-1_bp-chest_vp-pa_cr.npy,masks/qata_test_sub-S09848_ses-E26424_run-1_bp-chest_vp-pa_cr.png,0.9494994002595414,0.9038542200682671,9.848857801796104,2.836087418911965
qata_test_sub-S09849_ses-E19075_run-1_bp-chest_vp-ap_dx,sub-S09849,probabilities/qata_test_sub-S09849_ses-E19075_run-1_bp-chest_vp-ap_dx.npy,masks/qata_test_sub-S09849_ses-E19075_run-1_bp-chest_vp-ap_dx.png,0.8012432520889703,0.6683951965156005,127.11681087584684,25.765301746714346
qata_test_sub-S09850_ses-E21596_run-1_bp-chest_vp-pa_cr,sub-S09850,probabilities/qata_test_sub-S09850_ses-E21596_run-1_bp-chest_vp-pa_cr.npy,masks/qata_test_sub-S09850_ses-E21596_run-1_bp-chest_vp-pa_cr.png,0.7546946371193141,0.6060317891644338,93.83440632010617,15.498913328910339
qata_test_sub-S09852_ses-E19345_run-1_bp-chest_vp-ap_cr,sub-S09852,probabilities/qata_test_sub-S09852_ses-E19345_run-1_bp-chest_vp-ap_cr.npy,masks/qata_test_sub-S09852_ses-E19345_run-1_bp-chest_vp-ap_cr.png,0.8470523222228855,0.7346840958617226,23.689353146881302,5.772696165708656
qata_test_sub-S09852_ses-E21076_run-1_bp-chest_vp-ap_dx,sub-S09852,probabilities/qata_test_sub-S09852_ses-E21076_run-1_bp-chest_vp-ap_dx.npy,masks/qata_test_sub-S09852_ses-E21076_run-1_bp-chest_vp-ap_dx.png,0.8295534252987703,0.7087495006012202,32.75645235883485,6.643939584599373
qata_test_sub-S09855_ses-E16909_run-1_bp-chest_vp-pa_cr,sub-S09855,probabilities/qata_test_sub-S09855_ses-E16909_run-1_bp-chest_vp-pa_cr.npy,masks/qata_test_sub-S09855_ses-E16909_run-1_bp-chest_vp-pa_cr.png,0.7784111805831334,0.6372121029709888,128.90228446026396,24.8110055553819
qata_test_sub-S09855_ses-E17128_run-1_bp-chest_vp-pa_cr,sub-S09855,probabilities/qata_test_sub-S09855_ses-E17128_run-1_bp-chest_vp-pa_cr.npy,masks/qata_test_sub-S09855_ses-E17128_run-1_bp-chest_vp-pa_cr.png,0.808665353735732,0.6787894201465057,18.24828759089466,4.815660699698661
qata_test_sub-S09855_ses-E19193_run-1_bp-chest_vp-pa_cr,sub-S09855,probabilities/qata_test_sub-S09855_ses-E19193_run-1_bp-chest_vp-pa_cr.npy,masks/qata_test_sub-S09855_ses-E19193_run-1_bp-chest_vp-pa_cr.png,0.5705043036244556,0.3990948032053738,78.91767862779544,15.887408012895255
qata_test_sub-S09855_ses-E23545_run-1_bp-chest_cr,sub-S09855,probabilities/qata_test_sub-S09855_ses-E23545_run-1_bp-chest_cr.npy,masks/qata_test_sub-S09855_ses-E23545_run-1_bp-chest_cr.png,0.8748513764828059,0.7775429469475016,53.14273222854483,7.259652239789128
qata_test_sub-S09855_ses-E23792_run-1_bp-chest_vp-pa_cr,sub-S09855,probabilities/qata_test_sub-S09855_ses-E23792_run-1_bp-chest_vp-pa_cr.npy,masks/qata_test_sub-S09855_ses-E23792_run-1_bp-chest_vp-pa_cr.png,0.8625428259483358,0.7583079571047379,160.61133210331082,29.83459199588698
qata_test_sub-S09855_ses-E24007_run-1_bp-chest_vp-ap_dx,sub-S09855,probabilities/qata_test_sub-S09855_ses-E24007_run-1_bp-chest_vp-ap_dx.npy,masks/qata_test_sub-S09855_ses-E24007_run-1_bp-chest_vp-ap_dx.png,0.8975246002461994,0.814099435186479,14.861006462964232,3.4924912304775813
qata_test_sub-S09855_ses-E24446_run-1_bp-chest_vp-ap_dx,sub-S09855,probabilities/qata_test_sub-S09855_ses-E24446_run-1_bp-chest_vp-ap_dx.npy,masks/qata_test_sub-S09855_ses-E24446_run-1_bp-chest_vp-ap_dx.png,0.8446496046125109,0.7310765703505476,25.942092740338328,4.632206242378015
qata_test_sub-S09855_ses-E26448_run-1_bp-chest_vp-ap_dx,sub-S09855,probabilities/qata_test_sub-S09855_ses-E26448_run-1_bp-chest_vp-ap_dx.npy,masks/qata_test_sub-S09855_ses-E26448_run-1_bp-chest_vp-ap_dx.png,0.8482761851230834,0.7365274331974762,30.04994456755936,6.68306888923312
qata_test_sub-S09856_ses-E23543_run-1_bp-chest_vp-ap_dx,sub-S09856,probabilities/qata_test_sub-S09856_ses-E23543_run-1_bp-chest_vp-ap_dx.npy,masks/qata_test_sub-S09856_ses-E23543_run-1_bp-chest_vp-ap_dx.png,0.7168979951593545,0.5587225274876813,212.25962448322105,33.89457749437886
qata_test_sub-S09856_ses-E24014_run-1_bp-chest_vp-ap_dx,sub-S09856,probabilities/qata_test_sub-S09856_ses-E24014_run-1_bp-chest_vp-ap_dx.npy,masks/qata_test_sub-S09856_ses-E24014_run-1_bp-chest_vp-ap_dx.png,0.6805970149281774,0.5158371040788416,15.21672617253187,5.486604201504943
qata_test_sub-S09857_ses-E16912_run-1_bp-chest_vp-pa_dx,sub-S09857,probabilities/qata_test_sub-S09857_ses-E16912_run-1_bp-chest_vp-pa_dx.npy,masks/qata_test_sub-S09857_ses-E16912_run-1_bp-chest_vp-pa_dx.png,0.6752508658229708,0.5097198015885545,142.0,32.29983508767838
qata_test_sub-S09858_ses-E16913_run-1_bp-chest_vp-pa_dx,sub-S09858,probabilities/qata_test_sub-S09858_ses-E16913_run-1_bp-chest_vp-pa_dx.npy,masks/qata_test_sub-S09858_ses-E16913_run-1_bp-chest_vp-pa_dx.png,0.4892853257969184,0.32387672812033586,208.25032915534473,68.78516822929963
qata_test_sub-S09859_ses-E20380_run-1_bp-chest_vp-ap_dx,sub-S09859,probabilities/qata_test_sub-S09859_ses-E20380_run-1_bp-chest_vp-ap_dx.npy,masks/qata_test_sub-S09859_ses-E20380_run-1_bp-chest_vp-ap_dx.png,0.9057568544480924,0.8277473412840175,13.601470508735444,3.09673091063466
qata_test_sub-S09859_ses-E20902_run-1_bp-chest_vp-pa_cr,sub-S09859,probabilities/qata_test_sub-S09859_ses-E20902_run-1_bp-chest_vp-pa_cr.npy,masks/qata_test_sub-S09859_ses-E20902_run-1_bp-chest_vp-pa_cr.png,0.4425339366641961,0.2841371295966259,130.0,31.45742046207755
qata_test_sub-S09862_ses-E23580_run-1_bp-chest_vp-pa_cr,sub-S09862,probabilities/qata_test_sub-S09862_ses-E23580_run-1_bp-chest_vp-pa_cr.npy,masks/qata_test_sub-S09862_ses-E23580_run-1_bp-chest_vp-pa_cr.png,0.5306329113983465,0.36113025500756146,126.51870590898622,30.436879465499217
qata_test_sub-S09862_ses-E25723_run-1_bp-chest_vp-pa_cr,sub-S09862,probabilities/qata_test_sub-S09862_ses-E25723_run-1_bp-chest_vp-pa_cr.npy,masks/qata_test_sub-S09862_ses-E25723_run-1_bp-chest_vp-pa_cr.png,0.8458512160242682,0.7328788348352513,9.89696307987089,3.536061432981935
qata_test_sub-S09863_ses-E24684_run-1_bp-chest_vp-ap_cr,sub-S09863,probabilities/qata_test_sub-S09863_ses-E24684_run-1_bp-chest_vp-ap_cr.npy,masks/qata_test_sub-S09863_ses-E24684_run-1_bp-chest_vp-ap_cr.png,0.42666874367609103,0.2711881188190971,44.321533039193426,16.334486296121717
qata_test_sub-S09863_ses-E26073_run-1_bp-chest_vp-ap_cr,sub-S09863,probabilities/qata_test_sub-S09863_ses-E26073_run-1_bp-chest_vp-ap_cr.npy,masks/qata_test_sub-S09863_ses-E26073_run-1_bp-chest_vp-ap_cr.png,0.431731782167216,0.2752920560789994,187.88373875510337,38.03184749487957
qata_test_sub-S09864_ses-E16922_run-1_bp-chest_vp-ap_dx,sub-S09864,probabilities/qata_test_sub-S09864_ses-E16922_run-1_bp-chest_vp-ap_dx.npy,masks/qata_test_sub-S09864_ses-E16922_run-1_bp-chest_vp-ap_dx.png,0.8267912772596462,0.7047265002686699,18.110770276274835,4.69996074579757
qata_test_sub-S09864_ses-E17014_run-1_bp-chest_vp-ap_cr,sub-S09864,probabilities/qata_test_sub-S09864_ses-E17014_run-1_bp-chest_vp-ap_cr.npy,masks/qata_test_sub-S09864_ses-E17014_run-1_bp-chest_vp-ap_cr.png,0.8425093222215122,0.7278756869484958,10.770329614269007,3.0767494058666696
qata_test_sub-S09864_ses-E18393_run-1_bp-chest_vp-ap_cr,sub-S09864,probabilities/qata_test_sub-S09864_ses-E18393_run-1_bp-chest_vp-ap_cr.npy,masks/qata_test_sub-S09864_ses-E18393_run-1_bp-chest_vp-ap_cr.png,0.826000274989987,0.703577911812076,48.454057401440274,7.401477403967972
qata_test_sub-S09864_ses-E19382_run-1_bp-chest_vp-ap_cr,sub-S09864,probabilities/qata_test_sub-S09864_ses-E19382_run-1_bp-chest_vp-ap_cr.npy,masks/qata_test_sub-S09864_ses-E19382_run-1_bp-chest_vp-ap_cr.png,0.8408433583441303,0.7253923483060288,100.60182856869362,10.837783568755441
qata_test_sub-S09864_ses-E19388_run-2_bp-chest_vp-ap_dx,sub-S09864,probabilities/qata_test_sub-S09864_ses-E19388_run-2_bp-chest_vp-ap_dx.npy,masks/qata_test_sub-S09864_ses-E19388_run-2_bp-chest_vp-ap_dx.png,0.7872467222892311,0.6491400491422044,129.31277002239844,21.07207990830331
qata_test_sub-S09864_ses-E21338_run-1_bp-chest_vp-ap_cr,sub-S09864,probabilities/qata_test_sub-S09864_ses-E21338_run-1_bp-chest_vp-ap_cr.npy,masks/qata_test_sub-S09864_ses-E21338_run-1_bp-chest_vp-ap_cr.png,0.9001679865616741,0.8184595243310226,9.0,2.6414727623448955
qata_test_sub-S09864_ses-E24984_run-1_bp-chest_vp-ap_cr,sub-S09864,probabilities/qata_test_sub-S09864_ses-E24984_run-1_bp-chest_vp-ap_cr.npy,masks/qata_test_sub-S09864_ses-E24984_run-1_bp-chest_vp-ap_cr.png,0.9152961980549852,0.8438213237697213,13.601470508735444,3.8266239977194574
qata_test_sub-S09864_ses-E25753_run-1_bp-chest_vp-ap_dx,sub-S09864,probabilities/qata_test_sub-S09864_ses-E25753_run-1_bp-chest_vp-ap_dx.npy,masks/qata_test_sub-S09864_ses-E25753_run-1_bp-chest_vp-ap_dx.png,0.9607735445453536,0.9245083585994145,6.0,1.9174184377778123
qata_test_sub-S09864_ses-E26074_run-1_bp-chest_vp-ap_cr,sub-S09864,probabilities/qata_test_sub-S09864_ses-E26074_run-1_bp-chest_vp-ap_cr.npy,masks/qata_test_sub-S09864_ses-E26074_run-1_bp-chest_vp-ap_cr.png,0.7486118122173215,0.5982250907656456,54.55088367255824,10.038066282875462
qata_test_sub-S09865_ses-E16923_run-1_bp-chest_vp-ap_dx,sub-S09865,probabilities/qata_test_sub-S09865_ses-E16923_run-1_bp-chest_vp-ap_dx.npy,masks/qata_test_sub-S09865_ses-E16923_run-1_bp-chest_vp-ap_dx.png,0.36948609696193413,0.22660714286404812,70.00178562318715,21.215599447778374
qata_test_sub-S09866_ses-E16930_run-1_bp-chest_vp-ap_dx,sub-S09866,probabilities/qata_test_sub-S09866_ses-E16930_run-1_bp-chest_vp-ap_dx.npy,masks/qata_test_sub-S09866_ses-E16930_run-1_bp-chest_vp-ap_dx.png,0.7984830040275378,0.6645623879692576,26.076809620810597,6.318043703943646
qata_test_sub-S09866_ses-E18408_run-1_bp-chest_vp-ap_cr,sub-S09866,probabilities/qata_test_sub-S09866_ses-E18408_run-1_bp-chest_vp-ap_cr.npy,masks/qata_test_sub-S09866_ses-E18408_run-1_bp-chest_vp-ap_cr.png,0.8698171203647204,0.7696251076161477,53.193034484346555,9.834485501573502
qata_test_sub-S09866_ses-E18931_run-1_bp-chest_vp-ap_dx,sub-S09866,probabilities/qata_test_sub-S09866_ses-E18931_run-1_bp-chest_vp-ap_dx.npy,masks/qata_test_sub-S09866_ses-E18931_run-1_bp-chest_vp-ap_dx.png,0.9590322893436463,0.9212891807558041,4.0,1.5741479482626244
qata_test_sub-S09866_ses-E21137_run-1_bp-chest_vp-ap_cr,sub-S09866,probabilities/qata_test_sub-S09866_ses-E21137_run-1_bp-chest_vp-ap_cr.npy,masks/qata_test_sub-S09866_ses-E21137_run-1_bp-chest_vp-ap_cr.png,0.8571030834561348,0.7499390986632163,12.727922061357855,3.3240426349040164
qata_test_sub-S09866_ses-E21346_run-1_bp-chest_vp-ap_cr,sub-S09866,probabilities/qata_test_sub-S09866_ses-E21346_run-1_bp-chest_vp-ap_cr.npy,masks/qata_test_sub-S09866_ses-E21346_run-1_bp-chest_vp-ap_cr.png,0.7051607099067215,0.5445932289092396,49.82563738508408,9.3259232560148
qata_test_sub-S09866_ses-E24490_acq-1_run-1_bp-chest_vp-ll_dx,sub-S09866,probabilities/qata_test_sub-S09866_ses-E24490_acq-1_run-1_bp-chest_vp-ll_dx.npy,masks/qata_test_sub-S09866_ses-E24490_acq-1_run-1_bp-chest_vp-ll_dx.png,0.800988002823743,0.6680400235457031,15.0,5.123081174357309
qata_test_sub-S09866_ses-E26092_run-1_bp-chest_vp-ap_cr,sub-S09866,probabilities/qata_test_sub-S09866_ses-E26092_run-1_bp-chest_vp-ap_cr.npy,masks/qata_test_sub-S09866_ses-E26092_run-1_bp-chest_vp-ap_cr.png,0.8944562683695257,0.8090645740903925,20.149350111807752,4.437973256609894
qata_test_sub-S09866_ses-E26486_run-1_bp-chest_vp-ap_dx,sub-S09866,probabilities/qata_test_sub-S09866_ses-E26486_run-1_bp-chest_vp-ap_dx.npy,masks/qata_test_sub-S09866_ses-E26486_run-1_bp-chest_vp-ap_dx.png,0.9656973293769224,0.9336699563922666,5.0,1.4882912247666558
qata_test_sub-S09867_ses-E18410_run-1_bp-chest_vp-ap_dx,sub-S09867,probabilities/qata_test_sub-S09867_ses-E18410_run-1_bp-chest_vp-ap_dx.npy,masks/qata_test_sub-S09867_ses-E18410_run-1_bp-chest_vp-ap_dx.png,0.8661341853038708,0.763877148493642,33.32259923281008,7.620275502216528
qata_test_sub-S09867_ses-E18717_run-1_bp-chest_vp-ap_dx,sub-S09867,probabilities/qata_test_sub-S09867_ses-E18717_run-1_bp-chest_vp-ap_dx.npy,masks/qata_test_sub-S09867_ses-E18717_run-1_bp-chest_vp-ap_dx.png,0.5026067723445016,0.3356544981407072,159.2491750167847,49.02366502152797
qata_test_sub-S09867_ses-E19123_run-1_bp-chest_vp-ap_dx,sub-S09867,probabilities/qata_test_sub-S09867_ses-E19123_run-1_bp-chest_vp-ap_dx.npy,masks/qata_test_sub-S09867_ses-E19123_run-1_bp-chest_vp-ap_dx.png,0.5526959750269791,0.381879664186312,133.81850675293,32.35886291773774
qata_test_sub-S09867_ses-E20190_run-1_bp-chest_vp-ap_dx,sub-S09867,probabilities/qata_test_sub-S09867_ses-E20190_run-1_bp-chest_vp-ap_dx.npy,masks/qata_test_sub-S09867_ses-E20190_run-1_bp-chest_vp-ap_dx.png,0.5764396375359804,0.4049281314229473,52.736613273447844,13.16134552989665
qata_test_sub-S09867_ses-E20649_run-1_bp-chest_vp-ap_dx,sub-S09867,probabilities/qata_test_sub-S09867_ses-E20649_run-1_bp-chest_vp-ap_dx.npy,masks/qata_test_sub-S09867_ses-E20649_run-1_bp-chest_vp-ap_dx.png,0.9069901010172405,0.8298095944619819,44.1910226058624,6.971063010902755
qata_test_sub-S09867_ses-E20934_run-1_bp-chest_vp-ap_dx,sub-S09867,probabilities/qata_test_sub-S09867_ses-E20934_run-1_bp-chest_vp-ap_dx.npy,masks/qata_test_sub-S09867_ses-E20934_run-1_bp-chest_vp-ap_dx.png,0.8898320419814607,0.8015292060581408,17.0,5.031413269027961
qata_test_sub-S09867_ses-E20935_run-1_bp-chest_vp-ap_dx,sub-S09867,probabilities/qata_test_sub-S09867_ses-E20935_run-1_bp-chest_vp-ap_dx.npy,masks/qata_test_sub-S09867_ses-E20935_run-1_bp-chest_vp-ap_dx.png,0.7489721333956775,0.598685411725409,125.92691670633558,26.156584414218713
qata_test_sub-S09867_ses-E20938_run-1_bp-chest_vp-ap_dx,sub-S09867,probabilities/qata_test_sub-S09867_ses-E20938_run-1_bp-chest_vp-ap_dx.npy,masks/qata_test_sub-S09867_ses-E20938_run-1_bp-chest_vp-ap_dx.png,0.9335582994607624,0.8753955316910759,32.992422502470646,5.290619990542905
qata_test_sub-S09867_ses-E21485_run-1_bp-chest_vp-ap_dx,sub-S09867,probabilities/qata_test_sub-S09867_ses-E21485_run-1_bp-chest_vp-ap_dx.npy,masks/qata_test_sub-S09867_ses-E21485_run-1_bp-chest_vp-ap_dx.png,0.46023637517921523,0.2989006674546568,101.88396092209297,27.26810575956461
qata_test_sub-S09867_ses-E22009_run-1_bp-chest_vp-ap_dx,sub-S09867,probabilities/qata_test_sub-S09867_ses-E22009_run-1_bp-chest_vp-ap_dx.npy,masks/qata_test_sub-S09867_ses-E22009_run-1_bp-chest_vp-ap_dx.png,0.4050148221380619,0.2539301479187336,141.4762949093513,50.14437663154613
qata_test_sub-S09867_ses-E22582_run-1_bp-chest_vp-ap_dx,sub-S09867,probabilities/qata_test_sub-S09867_ses-E22582_run-1_bp-chest_vp-ap_dx.npy,masks/qata_test_sub-S09867_ses-E22582_run-1_bp-chest_vp-ap_dx.png,0.8481735159822166,0.7363726461857925,110.00454507895013,20.812026003489876
qata_test_sub-S09867_ses-E22970_run-1_bp-chest_vp-ap_dx,sub-S09867,probabilities/qata_test_sub-S09867_ses-E22970_run-1_bp-chest_vp-ap_dx.npy,masks/qata_test_sub-S09867_ses-E22970_run-1_bp-chest_vp-ap_dx.png,0.891083385519796,0.8035621198965962,22.87022141995298,4.676736031048081
qata_test_sub-S09867_ses-E23304_run-1_bp-chest_vp-ap_dx,sub-S09867,probabilities/qata_test_sub-S09867_ses-E23304_run-1_bp-chest_vp-ap_dx.npy,masks/qata_test_sub-S09867_ses-E23304_run-1_bp-chest_vp-ap_dx.png,0.19170385061656417,0.10601352587998512,199.77545733984186,78.36647936318907
qata_test_sub-S09867_ses-E24705_run-1_bp-chest_vp-ap_dx,sub-S09867,probabilities/qata_test_sub-S09867_ses-E24705_run-1_bp-chest_vp-ap_dx.npy,masks/qata_test_sub-S09867_ses-E24705_run-1_bp-chest_vp-ap_dx.png,0.94399622552502,0.8939326244308197,7.106076496631101,3.2432878493918884
qata_test_sub-S09867_ses-E24708_run-1_bp-chest_vp-ap_dx,sub-S09867,probabilities/qata_test_sub-S09867_ses-E24708_run-1_bp-chest_vp-ap_dx.npy,masks/qata_test_sub-S09867_ses-E24708_run-1_bp-chest_vp-ap_dx.png,0.9391830855246974,0.8853394706564541,9.848857801796104,2.31485549751927
qata_test_sub-S09867_ses-E26100_run-1_bp-chest_vp-ap_dx,sub-S09867,probabilities/qata_test_sub-S09867_ses-E26100_run-1_bp-chest_vp-ap_dx.npy,masks/qata_test_sub-S09867_ses-E26100_run-1_bp-chest_vp-ap_dx.png,0.9308626528896804,0.8706670432998238,13.98209706929603,2.9146458899481
qata_test_sub-S09867_ses-E26491_run-1_bp-chest_vp-ap_dx,sub-S09867,probabilities/qata_test_sub-S09867_ses-E26491_run-1_bp-chest_vp-ap_dx.npy,masks/qata_test_sub-S09867_ses-E26491_run-1_bp-chest_vp-ap_dx.png,0.9491140053877638,0.9031560133582468,6.4031242374328485,1.984974721288355
qata_test_sub-S09868_ses-E16931_run-1_bp-chest_vp-ap_dx,sub-S09868,probabilities/qata_test_sub-S09868_ses-E16931_run-1_bp-chest_vp-ap_dx.npy,masks/qata_test_sub-S09868_ses-E16931_run-1_bp-chest_vp-ap_dx.png,0.9644937659805348,0.9314224620714213,4.0,1.3950808965092525
qata_test_sub-S09869_ses-E16934_acq-1_run-1_bp-chest_vp-ll_dx,sub-S09869,probabilities/qata_test_sub-S09869_ses-E16934_acq-1_run-1_bp-chest_vp-ll_dx.npy,masks/qata_test_sub-S09869_ses-E16934_acq-1_run-1_bp-chest_vp-ll_dx.png,0.7855538922195817,0.6468412943098045,16.417169026575145,4.983965743382908
qata_test_sub-S09869_ses-E25395_acq-1_run-1_bp-chest_vp-ll_dx,sub-S09869,probabilities/qata_test_sub-S09869_ses-E25395_acq-1_run-1_bp-chest_vp-ll_dx.npy,masks/qata_test_sub-S09869_ses-E25395_acq-1_run-1_bp-chest_vp-ll_dx.png,0.8226890756321146,0.6987865810189368,158.09300967954306,41.05973620893881
qata_test_sub-S09871_ses-E23626_run-1_bp-chest_dx,sub-S09871,probabilities/qata_test_sub-S09871_ses-E23626_run-1_bp-chest_dx.npy,masks/qata_test_sub-S09871_ses-E23626_run-1_bp-chest_dx.png,0.29983412458216646,0.17635580676102572,210.07284419814295,61.84248746196414
qata_test_sub-S09871_ses-E24085_run-1_bp-chest_cr,sub-S09871,probabilities/qata_test_sub-S09871_ses-E24085_run-1_bp-chest_cr.npy,masks/qata_test_sub-S09871_ses-E24085_run-1_bp-chest_cr.png,0.8575144850422579,0.750569240323775,69.99857113690717,12.881794611158215
qata_test_sub-S09871_ses-E24509_acq-1_run-1_bp-chest_vp-ap_dx,sub-S09871,probabilities/qata_test_sub-S09871_ses-E24509_acq-1_run-1_bp-chest_vp-ap_dx.npy,masks/qata_test_sub-S09871_ses-E24509_acq-1_run-1_bp-chest_vp-ap_dx.png,0.9651920353245602,0.9327257503544611,4.242640687119285,1.5970037878623085
qata_test_sub-S09871_ses-E25198_run-1_bp-chest_vp-ap_dx,sub-S09871,probabilities/qata_test_sub-S09871_ses-E25198_run-1_bp-chest_vp-ap_dx.npy,masks/qata_test_sub-S09871_ses-E25198_run-1_bp-chest_vp-ap_dx.png,0.7584847354687024,0.6109346837198054,163.32499682699918,40.38202156695405
qata_test_sub-S09873_ses-E16940_run-1_bp-chest_vp-ap_dx,sub-S09873,probabilities/qata_test_sub-S09873_ses-E16940_run-1_bp-chest_vp-ap_dx.npy,masks/qata_test_sub-S09873_ses-E16940_run-1_bp-chest_vp-ap_dx.png,0.8990052500697775,0.81653908897206,9.219544457292887,2.5869865247186743
qata_test_sub-S09873_ses-E18618_run-1_bp-chest_vp-ap_dx,sub-S09873,probabilities/qata_test_sub-S09873_ses-E18618_run-1_bp-chest_vp-ap_dx.npy,masks/qata_test_sub-S09873_ses-E18618_run-1_bp-chest_vp-ap_dx.png,0.55341316555339,0.3825647741148389,143.3938619522577,56.247243869412415
qata_test_sub-S09873_ses-E22180_run-1_bp-chest_vp-ap_dx,sub-S09873,probabilities/qata_test_sub-S09873_ses-E22180_run-1_bp-chest_vp-ap_dx.npy,masks/qata_test_sub-S09873_ses-E22180_run-1_bp-chest_vp-ap_dx.png,0.8189586894000627,0.6934208668664872,36.0,7.896659761672738
qata_test_sub-S09875_ses-E22028_run-1_bp-chest_vp-ap_dx,sub-S09875,probabilities/qata_test_sub-S09875_ses-E22028_run-1_bp-chest_vp-ap_dx.npy,masks/qata_test_sub-S09875_ses-E22028_run-1_bp-chest_vp-ap_dx.png,0.10123928726122917,0.05331861281300611,182.05326926317164,80.70846564098865
qata_test_sub-S09875_ses-E23130_run-1_bp-chest_vp-ap_dx,sub-S09875,probabilities/qata_test_sub-S09875_ses-E23130_run-1_bp-chest_vp-ap_dx.npy,masks/qata_test_sub-S09875_ses-E23130_run-1_bp-chest_vp-ap_dx.png,0.9305529384671596,0.8701252936575171,9.186712593461749,3.277356288263411
qata_test_sub-S09876_ses-E24115_run-1_bp-chest_vp-pa_cr,sub-S09876,probabilities/qata_test_sub-S09876_ses-E24115_run-1_bp-chest_vp-pa_cr.npy,masks/qata_test_sub-S09876_ses-E24115_run-1_bp-chest_vp-pa_cr.png,0.8873481831150742,0.79750751281777,127.0,17.815724361940315
qata_test_sub-S09876_ses-E25409_run-1_bp-chest_vp-ap_cr,sub-S09876,probabilities/qata_test_sub-S09876_ses-E25409_run-1_bp-chest_vp-ap_cr.npy,masks/qata_test_sub-S09876_ses-E25409_run-1_bp-chest_vp-ap_cr.png,0.8398624846150848,0.7239335625980542,30.0,6.866365743212739
qata_test_sub-S09877_ses-E20962_run-1_bp-chest_vp-pa_cr,sub-S09877,probabilities/qata_test_sub-S09877_ses-E20962_run-1_bp-chest_vp-pa_cr.npy,masks/qata_test_sub-S09877_ses-E20962_run-1_bp-chest_vp-pa_cr.png,2.6567481402057187e-11,2.6567481402057187e-11,195.43476003907273,106.30985441015447
qata_test_sub-S09878_ses-E16956_run-1_bp-chest_vp-ap_cr,sub-S09878,probabilities/qata_test_sub-S09878_ses-E16956_run-1_bp-chest_vp-ap_cr.npy,masks/qata_test_sub-S09878_ses-E16956_run-1_bp-chest_vp-ap_cr.png,0.08316902672372883,0.04338881617648422,249.75988199386063,66.88168614000044
qata_test_sub-S09878_ses-E22650_run-1_bp-chest_vp-ap_cr,sub-S09878,probabilities/qata_test_sub-S09878_ses-E22650_run-1_bp-chest_vp-ap_cr.npy,masks/qata_test_sub-S09878_ses-E22650_run-1_bp-chest_vp-ap_cr.png,0.7955423643394872,0.660498419194437,106.31744896711565,20.036852253245453
qata_test_sub-S09879_ses-E16957_run-1_bp-chest_vp-ap_cr,sub-S09879,probabilities/qata_test_sub-S09879_ses-E16957_run-1_bp-chest_vp-ap_cr.npy,masks/qata_test_sub-S09879_ses-E16957_run-1_bp-chest_vp-ap_cr.png,0.9069015952925152,0.8296614388852699,23.44775886918914,4.734468978659094
qata_test_sub-S09879_ses-E17287_run-1_bp-chest_vp-ap_dx,sub-S09879,probabilities/qata_test_sub-S09879_ses-E17287_run-1_bp-chest_vp-ap_dx.npy,masks/qata_test_sub-S09879_ses-E17287_run-1_bp-chest_vp-ap_dx.png,0.5030539946310402,0.33605353355090495,91.41084126271176,18.815744722213118
qata_test_sub-S09879_ses-E17929_run-1_bp-chest_vp-ap_cr,sub-S09879,probabilities/qata_test_sub-S09879_ses-E17929_run-1_bp-chest_vp-ap_cr.npy,masks/qata_test_sub-S09879_ses-E17929_run-1_bp-chest_vp-ap_cr.png,0.6255203033955565,0.4550960664912847,23.345235059857504,7.2428826171963046
qata_test_sub-S09879_ses-E21183_run-1_bp-chest_vp-ap_cr,sub-S09879,probabilities/qata_test_sub-S09879_ses-E21183_run-1_bp-chest_vp-ap_cr.npy,masks/qata_test_sub-S09879_ses-E21183_run-1_bp-chest_vp-ap_cr.png,0.3462947089585732,0.20940533409471862,257.41989045137905,103.70421897742116
qata_test_sub-S09879_ses-E22363_run-1_bp-chest_vp-ap_cr,sub-S09879,probabilities/qata_test_sub-S09879_ses-E22363_run-1_bp-chest_vp-ap_cr.npy,masks/qata_test_sub-S09879_ses-E22363_run-1_bp-chest_vp-ap_cr.png,0.7849238705389109,0.6459874007137497,144.28998273786806,22.95567694471479
qata_test_sub-S09880_ses-E23349_run-1_bp-chest_vp-pa_cr,sub-S09880,probabilities/qata_test_sub-S09880_ses-E23349_run-1_bp-chest_vp-pa_cr.npy,masks/qata_test_sub-S09880_ses-E23349_run-1_bp-chest_vp-pa_cr.png,0.8144950908323555,0.6870448907762899,168.6111969230953,34.293364411627756
qata_test_sub-S09880_ses-E27123_run-2_bp-chest_dx,sub-S09880,probabilities/qata_test_sub-S09880_ses-E27123_run-2_bp-chest_dx.npy,masks/qata_test_sub-S09880_ses-E27123_run-2_bp-chest_dx.png,0.741549295776923,0.5892557358759197,163.0168593314435,43.51184391728449
qata_test_sub-S09884_ses-E23142_run-1_bp-chest_vp-ap_cr,sub-S09884,probabilities/qata_test_sub-S09884_ses-E23142_run-1_bp-chest_vp-ap_cr.npy,masks/qata_test_sub-S09884_ses-E23142_run-1_bp-chest_vp-ap_cr.png,0.6067496754973156,0.4354922190420086,118.73594567372052,25.492471257328578
qata_test_sub-S09885_ses-E23841_run-2_bp-chest_vp-pa_dx,sub-S09885,probabilities/qata_test_sub-S09885_ses-E23841_run-2_bp-chest_vp-pa_dx.npy,masks/qata_test_sub-S09885_ses-E23841_run-2_bp-chest_vp-pa_dx.png,0.8588337495935561,0.752593015512869,14.317821063276353,3.734957560167743
qata_test_sub-S09886_ses-E22216_run-1_bp-chest_vp-ap_cr,sub-S09886,probabilities/qata_test_sub-S09886_ses-E22216_run-1_bp-chest_vp-ap_cr.npy,masks/qata_test_sub-S09886_ses-E22216_run-1_bp-chest_vp-ap_cr.png,0.8516185096686826,0.7415815361364412,14.439335999774814,3.9469492385345943
qata_test_sub-S09887_ses-E25027_run-1_bp-chest_vp-ap_dx,sub-S09887,probabilities/qata_test_sub-S09887_ses-E25027_run-1_bp-chest_vp-ap_dx.npy,masks/qata_test_sub-S09887_ses-E25027_run-1_bp-chest_vp-ap_dx.png,0.7708434784843252,0.6271320738995491,163.11314746043703,33.66945083685758
qata_test_sub-S09887_ses-E25275_run-1_bp-chest_vp-ap_dx,sub-S09887,probabilities/qata_test_sub-S09887_ses-E25275_run-1_bp-chest_vp-ap_dx.npy,masks/qata_test_sub-S09887_ses-E25275_run-1_bp-chest_vp-ap_dx.png,0.8286868686873631,0.7074853397737767,47.017016464409366,9.661637176799033
qata_test_sub-S09887_ses-E26243_run-1_bp-chest_vp-ap_dx,sub-S09887,probabilities/qata_test_sub-S09887_ses-E26243_run-1_bp-chest_vp-ap_dx.npy,masks/qata_test_sub-S09887_ses-E26243_run-1_bp-chest_vp-ap_dx.png,0.7672134600706516,0.6223408799674398,39.36366374657553,8.965232907141822
qata_test_sub-S09889_ses-E16972_run-1_bp-chest_vp-ap_dx,sub-S09889,probabilities/qata_test_sub-S09889_ses-E16972_run-1_bp-chest_vp-ap_dx.npy,masks/qata_test_sub-S09889_ses-E16972_run-1_bp-chest_vp-ap_dx.png,0.6249038931997888,0.45444379495398773,115.22238265406642,25.71179410359199
qata_test_sub-S09891_ses-E25047_run-1_bp-chest_cr,sub-S09891,probabilities/qata_test_sub-S09891_ses-E25047_run-1_bp-chest_cr.npy,masks/qata_test_sub-S09891_ses-E25047_run-1_bp-chest_cr.png,0.6270664690499707,0.45673476167651994,182.80658859023217,53.14537813071604
qata_test_sub-S09892_ses-E25043_run-1_bp-chest_vp-ap_cr,sub-S09892,probabilities/qata_test_sub-S09892_ses-E25043_run-1_bp-chest_vp-ap_cr.npy,masks/qata_test_sub-S09892_ses-E25043_run-1_bp-chest_vp-ap_cr.png,7.604562737064291e-11,7.604562737064291e-11,217.70085830141312,170.74970403488297
qata_test_sub-S09893_ses-E16978_acq-1_run-1_bp-chest_vp-pa_cr,sub-S09893,probabilities/qata_test_sub-S09893_ses-E16978_acq-1_run-1_bp-chest_vp-pa_cr.npy,masks/qata_test_sub-S09893_ses-E16978_acq-1_run-1_bp-chest_vp-pa_cr.png,0.6692314574602376,0.5028909506588289,30.297623677263374,7.494983249321275
qata_test_sub-S09899_ses-E16994_run-1_bp-chest_vp-pa_dx,sub-S09899,probabilities/qata_test_sub-S09899_ses-E16994_run-1_bp-chest_vp-pa_dx.npy,masks/qata_test_sub-S09899_ses-E16994_run-1_bp-chest_vp-pa_dx.png,0.27027760195645956,0.1562549009401628,115.09038663549637,33.67736502184292
qata_test_sub-S09903_ses-E17002_acq-1_run-1_bp-chest_vp-pa_cr,sub-S09903,probabilities/qata_test_sub-S09903_ses-E17002_acq-1_run-1_bp-chest_vp-pa_cr.npy,masks/qata_test_sub-S09903_ses-E17002_acq-1_run-1_bp-chest_vp-pa_cr.png,0.6199248792770538,0.44919647487171604,143.00839119806406,19.61651587704704
qata_test_sub-S09904_ses-E17003_run-1_bp-chest_vp-pa_dx,sub-S09904,probabilities/qata_test_sub-S09904_ses-E17003_run-1_bp-chest_vp-pa_dx.npy,masks/qata_test_sub-S09904_ses-E17003_run-1_bp-chest_vp-pa_dx.png,0.8371810975880921,0.7199582805652986,37.20215047547655,6.616751035877743
qata_test_sub-S09904_ses-E21080_run-1_bp-chest_vp-ap_dx,sub-S09904,probabilities/qata_test_sub-S09904_ses-E21080_run-1_bp-chest_vp-ap_dx.npy,masks/qata_test_sub-S09904_ses-E21080_run-1_bp-chest_vp-ap_dx.png,0.967884515916754,0.9377676537588256,4.0,1.2082996758459863
qata_test_sub-S09904_ses-E26036_run-1_bp-chest_vp-pa_dx,sub-S09904,probabilities/qata_test_sub-S09904_ses-E26036_run-1_bp-chest_vp-pa_dx.npy,masks/qata_test_sub-S09904_ses-E26036_run-1_bp-chest_vp-pa_dx.png,0.9257201646093083,0.8617123156492261,11.112850452343105,2.8856370662548776
qata_test_sub-S09905_ses-E17004_run-1_bp-chest_cr,sub-S09905,probabilities/qata_test_sub-S09905_ses-E17004_run-1_bp-chest_cr.npy,masks/qata_test_sub-S09905_ses-E17004_run-1_bp-chest_cr.png,0.9549696276081632,0.9138199738852035,7.211102550927978,2.0224162356757605
qata_test_sub-S09905_ses-E17081_run-1_bp-chest_vp-ap_dx,sub-S09905,probabilities/qata_test_sub-S09905_ses-E17081_run-1_bp-chest_vp-ap_dx.npy,masks/qata_test_sub-S09905_ses-E17081_run-1_bp-chest_vp-ap_dx.png,0.9299701958275559,0.86910681571814,17.4928556845359,3.911710412007143
qata_test_sub-S09905_ses-E17164_run-1_bp-chest_cr,sub-S09905,probabilities/qata_test_sub-S09905_ses-E17164_run-1_bp-chest_cr.npy,masks/qata_test_sub-S09905_ses-E17164_run-1_bp-chest_cr.png,0.9538287600074041,0.9117329205248365,9.78592646734584,3.2793677721511783
qata_test_sub-S09905_ses-E17464_run-1_bp-chest_cr,sub-S09905,probabilities/qata_test_sub-S09905_ses-E17464_run-1_bp-chest_cr.npy,masks/qata_test_sub-S09905_ses-E17464_run-1_bp-chest_cr.png,0.8671616714543617,0.7654769878488008,56.35644082268961,8.186994751855673
qata_test_sub-S09905_ses-E17532_run-1_bp-chest_vp-ap_dx,sub-S09905,probabilities/qata_test_sub-S09905_ses-E17532_run-1_bp-chest_vp-ap_dx.npy,masks/qata_test_sub-S09905_ses-E17532_run-1_bp-chest_vp-ap_dx.png,0.9688816855754278,0.9396416221316424,4.0,1.2607873192089654
qata_test_sub-S09905_ses-E17699_run-1_bp-chest_vp-ap_dx,sub-S09905,probabilities/qata_test_sub-S09905_ses-E17699_run-1_bp-chest_vp-ap_dx.npy,masks/qata_test_sub-S09905_ses-E17699_run-1_bp-chest_vp-ap_dx.png,0.9632007609536428,0.9290137614681613,4.0,1.5561822431095573
qata_test_sub-S09905_ses-E17993_run-1_bp-chest_vp-ap_dx,sub-S09905,probabilities/qata_test_sub-S09905_ses-E17993_run-1_bp-chest_vp-ap_dx.npy,masks/qata_test_sub-S09905_ses-E17993_run-1_bp-chest_vp-ap_dx.png,0.8904652618403913,0.8025573523887909,28.160255680657446,5.3957156101594315
qata_test_sub-S09905_ses-E18575_run-1_bp-chest_cr,sub-S09905,probabilities/qata_test_sub-S09905_ses-E18575_run-1_bp-chest_cr.npy,masks/qata_test_sub-S09905_ses-E18575_run-1_bp-chest_cr.png,0.8426920462273619,0.728148496241514,43.90528149029732,6.851263029938338
qata_test_sub-S09905_ses-E18883_run-1_bp-chest_cr,sub-S09905,probabilities/qata_test_sub-S09905_ses-E18883_run-1_bp-chest_cr.npy,masks/qata_test_sub-S09905_ses-E18883_run-1_bp-chest_cr.png,0.9564169010962204,0.9164741189283285,7.0710678118654755,2.27381623453564
qata_test_sub-S09905_ses-E19793_run-1_bp-chest_cr,sub-S09905,probabilities/qata_test_sub-S09905_ses-E19793_run-1_bp-chest_cr.npy,masks/qata_test_sub-S09905_ses-E19793_run-1_bp-chest_cr.png,0.9550917320544928,0.9140436164147795,7.615773105863909,2.4655163494866095
qata_test_sub-S09905_ses-E20381_run-1_bp-chest_cr,sub-S09905,probabilities/qata_test_sub-S09905_ses-E20381_run-1_bp-chest_cr.npy,masks/qata_test_sub-S09905_ses-E20381_run-1_bp-chest_cr.png,0.8497903383310361,0.7388134238922,56.037478794842514,10.699490209510314
qata_test_sub-S09905_ses-E20588_acq-1_run-1_bp-chest_vp-ap_dx,sub-S09905,probabilities/qata_test_sub-S09905_ses-E20588_acq-1_run-1_bp-chest_vp-ap_dx.npy,masks/qata_test_sub-S09905_ses-E20588_acq-1_run-1_bp-chest_vp-ap_dx.png,0.9582244396928047,0.919799308221826,6.324555320336759,1.8122303713441978
qata_test_sub-S09905_ses-E20588_acq-3_run-1_bp-chest_vp-ap_dx,sub-S09905,probabilities/qata_test_sub-S09905_ses-E20588_acq-3_run-1_bp-chest_vp-ap_dx.npy,masks/qata_test_sub-S09905_ses-E20588_acq-3_run-1_bp-chest_vp-ap_dx.png,0.956701283833599,0.9169965121294941,5.0,1.882381401126082
qata_test_sub-S09905_ses-E21301_run-1_bp-chest_cr,sub-S09905,probabilities/qata_test_sub-S09905_ses-E21301_run-1_bp-chest_cr.npy,masks/qata_test_sub-S09905_ses-E21301_run-1_bp-chest_cr.png,0.9611005414898857,0.9251141037924012,5.0,1.9916324444703546
qata_test_sub-S09905_ses-E21788_run-1_bp-chest_cr,sub-S09905,probabilities/qata_test_sub-S09905_ses-E21788_run-1_bp-chest_cr.npy,masks/qata_test_sub-S09905_ses-E21788_run-1_bp-chest_cr.png,0.9753795546559016,0.9519423110168376,3.1622776601683795,1.3042150711185316
qata_test_sub-S09905_ses-E21791_run-1_bp-chest_cr,sub-S09905,probabilities/qata_test_sub-S09905_ses-E21791_run-1_bp-chest_cr.npy,masks/qata_test_sub-S09905_ses-E21791_run-1_bp-chest_cr.png,0.9414877532507909,0.8894443650910961,15.290507307873307,4.948734058934551
qata_test_sub-S09905_ses-E22936_run-1_bp-chest_cr,sub-S09905,probabilities/qata_test_sub-S09905_ses-E22936_run-1_bp-chest_cr.npy,masks/qata_test_sub-S09905_ses-E22936_run-1_bp-chest_cr.png,0.8848559925675961,0.793490335481769,38.9197857345908,7.157070228729337
qata_test_sub-S09905_ses-E23245_run-1_bp-chest_cr,sub-S09905,probabilities/qata_test_sub-S09905_ses-E23245_run-1_bp-chest_cr.npy,masks/qata_test_sub-S09905_ses-E23245_run-1_bp-chest_cr.png,0.9063400879576072,0.8287220533350186,71.17425907788079,9.004000209862586
qata_test_sub-S09905_ses-E26721_run-1_bp-chest_vp-ap_dx,sub-S09905,probabilities/qata_test_sub-S09905_ses-E26721_run-1_bp-chest_vp-ap_dx.npy,masks/qata_test_sub-S09905_ses-E26721_run-1_bp-chest_vp-ap_dx.png,0.7809735360584391,0.6406534715699613,74.99833296279826,14.271979004794447
qata_test_sub-S09906_ses-E20591_run-1_bp-chest_vp-ap_dx,sub-S09906,probabilities/qata_test_sub-S09906_ses-E20591_run-1_bp-chest_vp-ap_dx.npy,masks/qata_test_sub-S09906_ses-E20591_run-1_bp-chest_vp-ap_dx.png,0.891947963193742,0.8049693819119567,34.43107453745934,6.564634528085976
qata_test_sub-S09906_ses-E23548_run-1_bp-chest_vp-ap_dx,sub-S09906,probabilities/qata_test_sub-S09906_ses-E23548_run-1_bp-chest_vp-ap_dx.npy,masks/qata_test_sub-S09906_ses-E23548_run-1_bp-chest_vp-ap_dx.png,0.8779323308272972,0.7824236941743478,55.39087017861341,8.49260984764393
qata_test_sub-S09907_ses-E22937_acq-1_run-1_bp-chest_vp-pa_dx,sub-S09907,probabilities/qata_test_sub-S09907_ses-E22937_acq-1_run-1_bp-chest_vp-pa_dx.npy,masks/qata_test_sub-S09907_ses-E22937_acq-1_run-1_bp-chest_vp-pa_dx.png,0.7844555598323628,0.6453532539928418,16.77490188352819,4.149265094596421
qata_test_sub-S09909_ses-E25133_run-1_bp-chest_vp-ap_dx,sub-S09909,probabilities/qata_test_sub-S09909_ses-E25133_run-1_bp-chest_vp-ap_dx.npy,masks/qata_test_sub-S09909_ses-E25133_run-1_bp-chest_vp-ap_dx.png,0.9676532114357177,0.9373334834330094,5.0,1.4657536572234113
qata_test_sub-S09909_ses-E25370_run-1_bp-chest_vp-ap_dx,sub-S09909,probabilities/qata_test_sub-S09909_ses-E25370_run-1_bp-chest_vp-ap_dx.npy,masks/qata_test_sub-S09909_ses-E25370_run-1_bp-chest_vp-ap_dx.png,0.9655905353920883,0.9334703214052903,5.0990195135927845,1.5620951460266606
qata_test_sub-S09911_ses-E17017_acq-1_run-1_bp-chest_vp-ll_dx,sub-S09911,probabilities/qata_test_sub-S09911_ses-E17017_acq-1_run-1_bp-chest_vp-ll_dx.npy,masks/qata_test_sub-S09911_ses-E17017_acq-1_run-1_bp-chest_vp-ll_dx.png,0.650185813542036,0.4816854201621444,75.36575896165246,13.797683947821248
qata_test_sub-S09912_ses-E17018_run-1_bp-chest_vp-pa_cr,sub-S09912,probabilities/qata_test_sub-S09912_ses-E17018_run-1_bp-chest_vp-pa_cr.npy,masks/qata_test_sub-S09912_ses-E17018_run-1_bp-chest_vp-pa_cr.png,0.5444904143141747,0.37408919849968697,52.83840293772252,14.53598583494149
qata_test_sub-S09913_ses-E17020_run-1_bp-chest_vp-ap_cr,sub-S09913,probabilities/qata_test_sub-S09913_ses-E17020_run-1_bp-chest_vp-ap_cr.npy,masks/qata_test_sub-S09913_ses-E17020_run-1_bp-chest_vp-ap_cr.png,0.2568203487858493,0.1473286752800221,113.99878607282615,39.87667037009465
qata_test_sub-S09914_ses-E17021_run-1_bp-chest_vp-ap_dx,sub-S09914,probabilities/qata_test_sub-S09914_ses-E17021_run-1_bp-chest_vp-ap_dx.npy,masks/qata_test_sub-S09914_ses-E17021_run-1_bp-chest_vp-ap_dx.png,0.629591998013887,0.4594193824778086,84.77018389687939,15.36275647579751
qata_test_sub-S09914_ses-E25537_run-1_bp-chest_vp-ap_dx,sub-S09914,probabilities/qata_test_sub-S09914_ses-E25537_run-1_bp-chest_vp-ap_dx.npy,masks/qata_test_sub-S09914_ses-E25537_run-1_bp-chest_vp-ap_dx.png,0.2968815667874516,0.17431645445489766,77.84098596204748,25.60812087222656
qata_test_sub-S09916_ses-E17024_run-1_bp-chest_vp-pa_dx,sub-S09916,probabilities/qata_test_sub-S09916_ses-E17024_run-1_bp-chest_vp-pa_dx.npy,masks/qata_test_sub-S09916_ses-E17024_run-1_bp-chest_vp-pa_dx.png,0.8416191741944865,0.7265479153713187,40.496913462633174,9.759008024806446
qata_test_sub-S09917_ses-E21838_run-1_bp-chest_vp-ap_dx,sub-S09917,probabilities/qata_test_sub-S09917_ses-E21838_run-1_bp-chest_vp-ap_dx.npy,masks/qata_test_sub-S09917_ses-E21838_run-1_bp-chest_vp-ap_dx.png,0.021997929619280564,0.011121287465509338,192.73555694386283,91.3226656885807
qata_test_sub-S09918_ses-E17032_run-1_bp-chest_vp-ap_cr,sub-S09918,probabilities/qata_test_sub-S09918_ses-E17032_run-1_bp-chest_vp-ap_cr.npy,masks/qata_test_sub-S09918_ses-E17032_run-1_bp-chest_vp-ap_cr.png,0.5048377916974269,0.33764750667419785,122.70289320142373,44.14564225508541
qata_test_sub-S09918_ses-E22984_run-1_bp-chest_vp-ap_cr,sub-S09918,probabilities/qata_test_sub-S09918_ses-E22984_run-1_bp-chest_vp-ap_cr.npy,masks/qata_test_sub-S09918_ses-E22984_run-1_bp-chest_vp-ap_cr.png,0.6888008203317663,0.5253212715610192,93.99786794508515,20.263938536000285
qata_test_sub-S09919_ses-E19455_run-1_bp-chest_vp-ap_cr,sub-S09919,probabilities/qata_test_sub-S09919_ses-E19455_run-1_bp-chest_vp-ap_cr.npy,masks/qata_test_sub-S09919_ses-E19455_run-1_bp-chest_vp-ap_cr.png,0.7983870967750065,0.6644295302035944,24.341320722482358,6.459858901820253
qata_test_sub-S09919_ses-E19698_run-1_bp-chest_vp-ap_dx,sub-S09919,probabilities/qata_test_sub-S09919_ses-E19698_run-1_bp-chest_vp-ap_dx.npy,masks/qata_test_sub-S09919_ses-E19698_run-1_bp-chest_vp-ap_dx.png,0.297739541166517,0.17490833416732823,71.44614975854037,26.77075773838212
qata_test_sub-S09919_ses-E25231_acq-1_run-1_bp-chest_vp-pa_dx,sub-S09919,probabilities/qata_test_sub-S09919_ses-E25231_acq-1_run-1_bp-chest_vp-pa_dx.npy,masks/qata_test_sub-S09919_ses-E25231_acq-1_run-1_bp-chest_vp-pa_dx.png,0.6264727272754439,0.45610505136655605,53.678591336313346,12.20493859591138
qata_test_sub-S09920_ses-E17037_acq-1_run-1_bp-chest_vp-ll_dx,sub-S09920,probabilities/qata_test_sub-S09920_ses-E17037_acq-1_run-1_bp-chest_vp-ll_dx.npy,masks/qata_test_sub-S09920_ses-E17037_acq-1_run-1_bp-chest_vp-ll_dx.png,0.0004959087775726281,0.00024801589781130916,212.9110025441614,103.51455326581433
qata_test_sub-S09921_ses-E17039_run-1_bp-chest_vp-ap_cr,sub-S09921,probabilities/qata_test_sub-S09921_ses-E17039_run-1_bp-chest_vp-ap_cr.npy,masks/qata_test_sub-S09921_ses-E17039_run-1_bp-chest_vp-ap_cr.png,0.8928318235527908,0.8064103020176927,20.83024033802568,5.199543487396771
qata_test_sub-S09921_ses-E18476_run-1_bp-chest_vp-ap_cr,sub-S09921,probabilities/qata_test_sub-S09921_ses-E18476_run-1_bp-chest_vp-ap_cr.npy,masks/qata_test_sub-S09921_ses-E18476_run-1_bp-chest_vp-ap_cr.png,0.8587267787652201,0.7524287460601157,58.77054228084688,8.27997044945759
qata_test_sub-S09921_ses-E18736_run-1_bp-chest_vp-ap_cr,sub-S09921,probabilities/qata_test_sub-S09921_ses-E18736_run-1_bp-chest_vp-ap_cr.npy,masks/qata_test_sub-S09921_ses-E18736_run-1_bp-chest_vp-ap_cr.png,0.9713767868135363,0.9443465540744561,3.605551275463989,1.312957554680049
qata_test_sub-S09921_ses-E19853_run-1_bp-chest_vp-ap_cr,sub-S09921,probabilities/qata_test_sub-S09921_ses-E19853_run-1_bp-chest_vp-ap_cr.npy,masks/qata_test_sub-S09921_ses-E19853_run-1_bp-chest_vp-ap_cr.png,0.9217282166357553,0.8548199358052456,66.71053693123723,9.83450523912862
qata_test_sub-S09921_ses-E21521_run-1_bp-chest_vp-ap_cr,sub-S09921,probabilities/qata_test_sub-S09921_ses-E21521_run-1_bp-chest_vp-ap_cr.npy,masks/qata_test_sub-S09921_ses-E21521_run-1_bp-chest_vp-ap_cr.png,0.8591878074662695,0.7531369432145529,89.22874434783127,14.892538845354714
qata_test_sub-S09922_ses-E17040_run-1_bp-chest_vp-ap_cr,sub-S09922,probabilities/qata_test_sub-S09922_ses-E17040_run-1_bp-chest_vp-ap_cr.npy,masks/qata_test_sub-S09922_ses-E17040_run-1_bp-chest_vp-ap_cr.png,0.14597137221614498,0.07873199476713917,141.50123657429688,44.772294914802856
qata_test_sub-S09922_ses-E17477_acq-1_run-1_bp-chest_vp-ap_dx,sub-S09922,probabilities/qata_test_sub-S09922_ses-E17477_acq-1_run-1_bp-chest_vp-ap_dx.npy,masks/qata_test_sub-S09922_ses-E17477_acq-1_run-1_bp-chest_vp-ap_dx.png,0.9420359231586946,0.8904233553671292,8.94427190999916,2.837015837911322
qata_test_sub-S09926_ses-E17049_run-2_bp-chest_cr,sub-S09926,probabilities/qata_test_sub-S09926_ses-E17049_run-2_bp-chest_cr.npy,masks/qata_test_sub-S09926_ses-E17049_run-2_bp-chest_cr.png,0.8360583296519408,0.7182991647714686,18.777618974477267,5.601801495993304
qata_test_sub-S09928_ses-E17296_run-1_bp-chest_vp-ap_cr,sub-S09928,probabilities/qata_test_sub-S09928_ses-E17296_run-1_bp-chest_vp-ap_cr.npy,masks/qata_test_sub-S09928_ses-E17296_run-1_bp-chest_vp-ap_cr.png,6.097560975237953e-11,6.097560975237953e-11,109.03508510003107,68.36134778244231
qata_test_sub-S09930_ses-E18772_run-1_bp-chest_vp-pa_dx,sub-S09930,probabilities/qata_test_sub-S09930_ses-E18772_run-1_bp-chest_vp-pa_dx.npy,masks/qata_test_sub-S09930_ses-E18772_run-1_bp-chest_vp-pa_dx.png,0.5739728799881201,0.40249787114103747,173.7058705814692,54.93056396555567
qata_test_sub-S09932_ses-E19757_run-1_bp-chest_vp-ap_dx,sub-S09932,probabilities/qata_test_sub-S09932_ses-E19757_run-1_bp-chest_vp-ap_dx.npy,masks/qata_test_sub-S09932_ses-E19757_run-1_bp-chest_vp-ap_dx.png,0.6397877984123099,0.4703588143608368,42.08976593337759,11.568646423048186
qata_test_sub-S09932_ses-E23481_run-1_bp-chest_vp-pa_dx,sub-S09932,probabilities/qata_test_sub-S09932_ses-E23481_run-1_bp-chest_vp-pa_dx.npy,masks/qata_test_sub-S09932_ses-E23481_run-1_bp-chest_vp-pa_dx.png,0.394177477316559,0.2454676477338582,69.76100688773236,32.30061444995539
qata_test_sub-S09933_ses-E18817_run-1_bp-chest_vp-pa_dx,sub-S09933,probabilities/qata_test_sub-S09933_ses-E18817_run-1_bp-chest_vp-pa_dx.npy,masks/qata_test_sub-S09933_ses-E18817_run-1_bp-chest_vp-pa_dx.png,0.8050900966544996,0.6737663604611515,18.384776310850235,5.298192739575192
qata_test_sub-S09934_ses-E17062_run-1_bp-chest_vp-ap_dx,sub-S09934,probabilities/qata_test_sub-S09934_ses-E17062_run-1_bp-chest_vp-ap_dx.npy,masks/qata_test_sub-S09934_ses-E17062_run-1_bp-chest_vp-ap_dx.png,0.22528363050140665,0.12694063930927213,63.10783273413275,17.418380098655827
qata_test_sub-S09934_ses-E19061_run-1_bp-chest_vp-ap_dx,sub-S09934,probabilities/qata_test_sub-S09934_ses-E19061_run-1_bp-chest_vp-ap_dx.npy,masks/qata_test_sub-S09934_ses-E19061_run-1_bp-chest_vp-ap_dx.png,0.7418179113368721,0.5895950339959232,80.4586703015823,14.310325279841711
qata_test_sub-S09939_ses-E20762_run-1_bp-chest_vp-ap_dx,sub-S09939,probabilities/qata_test_sub-S09939_ses-E20762_run-1_bp-chest_vp-ap_dx.npy,masks/qata_test_sub-S09939_ses-E20762_run-1_bp-chest_vp-ap_dx.png,0.6777503743511016,0.5125736935032723,90.07358048706539,24.587385998899382
qata_test_sub-S09939_ses-E26785_run-1_bp-chest_vp-ap_dx,sub-S09939,probabilities/qata_test_sub-S09939_ses-E26785_run-1_bp-chest_vp-ap_dx.npy,masks/qata_test_sub-S09939_ses-E26785_run-1_bp-chest_vp-ap_dx.png,0.4641306461054751,0.30219409283289284,188.3025244166727,67.75165812236685
qata_test_sub-S09941_ses-E17079_run-1_bp-chest_vp-pa_cr,sub-S09941,probabilities/qata_test_sub-S09941_ses-E17079_run-1_bp-chest_vp-pa_cr.npy,masks/qata_test_sub-S09941_ses-E17079_run-1_bp-chest_vp-pa_cr.png,0.7013915005697369,0.54011004924587,37.47507421049825,8.369633884730147
qata_test_sub-S09945_ses-E17086_run-1_bp-chest_vp-pa_cr,sub-S09945,probabilities/qata_test_sub-S09945_ses-E17086_run-1_bp-chest_vp-pa_cr.npy,masks/qata_test_sub-S09945_ses-E17086_run-1_bp-chest_vp-pa_cr.png,0.5960264900721703,0.4245283018988569,148.36300944184916,27.950809821679478
qata_test_sub-S09945_ses-E22003_run-1_bp-chest_vp-pa_cr,sub-S09945,probabilities/qata_test_sub-S09945_ses-E22003_run-1_bp-chest_vp-pa_cr.npy,masks/qata_test_sub-S09945_ses-E22003_run-1_bp-chest_vp-pa_cr.png,0.8789466232481973,0.7840363728223287,32.04523891920693,6.332879943184778
qata_test_sub-S09948_ses-E17667_run-1_bp-chest_vp-ap_cr,sub-S09948,probabilities/qata_test_sub-S09948_ses-E17667_run-1_bp-chest_vp-ap_cr.npy,masks/qata_test_sub-S09948_ses-E17667_run-1_bp-chest_vp-ap_cr.png,0.9514923797864832,0.9074730230314565,8.06225774829855,2.022618477149818
qata_test_sub-S09949_ses-E18909_run-1_bp-chest_vp-ap_cr,sub-S09949,probabilities/qata_test_sub-S09949_ses-E18909_run-1_bp-chest_vp-ap_cr.npy,masks/qata_test_sub-S09949_ses-E18909_run-1_bp-chest_vp-ap_cr.png,0.9087357304196669,0.8327366301195305,13.135765193831803,3.392372940224273
qata_test_sub-S09949_ses-E21328_run-1_bp-chest_vp-ap_dx,sub-S09949,probabilities/qata_test_sub-S09949_ses-E21328_run-1_bp-chest_vp-ap_dx.npy,masks/qata_test_sub-S09949_ses-E21328_run-1_bp-chest_vp-ap_dx.png,0.595031990974877,0.4235199571544731,194.1249417071578,27.29656606927785
qata_test_sub-S09952_ses-E21674_run-1_bp-chest_vp-ap_dx,sub-S09952,probabilities/qata_test_sub-S09952_ses-E21674_run-1_bp-chest_vp-ap_dx.npy,masks/qata_test_sub-S09952_ses-E21674_run-1_bp-chest_vp-ap_dx.png,0.7020454331256287,0.5408859840299073,36.77209560109729,10.274313644743682
qata_test_sub-S09953_ses-E17096_run-1_bp-chest_vp-ap_dx,sub-S09953,probabilities/qata_test_sub-S09953_ses-E17096_run-1_bp-chest_vp-ap_dx.npy,masks/qata_test_sub-S09953_ses-E17096_run-1_bp-chest_vp-ap_dx.png,0.9121795125038037,0.838538640326565,168.2184562874964,20.841701401436794
qata_test_sub-S09953_ses-E18726_run-1_bp-chest_vp-ap_dx,sub-S09953,probabilities/qata_test_sub-S09953_ses-E18726_run-1_bp-chest_vp-ap_dx.npy,masks/qata_test_sub-S09953_ses-E18726_run-1_bp-chest_vp-ap_dx.png,0.9358786410863157,0.8794848757120127,7.060407640085648,2.4498831808698465
qata_test_sub-S09953_ses-E21362_run-1_bp-chest_vp-ap_dx,sub-S09953,probabilities/qata_test_sub-S09953_ses-E21362_run-1_bp-chest_vp-ap_dx.npy,masks/qata_test_sub-S09953_ses-E21362_run-1_bp-chest_vp-ap_dx.png,0.8204753199279678,0.695598264107299,14.788340754210038,3.9218467438040916
qata_test_sub-S09953_ses-E22182_run-1_bp-chest_vp-ap_dx,sub-S09953,probabilities/qata_test_sub-S09953_ses-E22182_run-1_bp-chest_vp-ap_dx.npy,masks/qata_test_sub-S09953_ses-E22182_run-1_bp-chest_vp-ap_dx.png,0.9650248150576716,0.9324134811131761,6.324555320336759,2.2432621181861614
qata_test_sub-S09953_ses-E26120_run-1_bp-chest_vp-pa_dx,sub-S09953,probabilities/qata_test_sub-S09953_ses-E26120_run-1_bp-chest_vp-pa_dx.npy,masks/qata_test_sub-S09953_ses-E26120_run-1_bp-chest_vp-pa_dx.png,0.850966760808978,0.7405936850090697,16.07786751923925,4.2238204218678845
qata_test_sub-S09953_ses-E27155_run-1_bp-chest_dx,sub-S09953,probabilities/qata_test_sub-S09953_ses-E27155_run-1_bp-chest_dx.npy,masks/qata_test_sub-S09953_ses-E27155_run-1_bp-chest_dx.png,0.7000697512218086,0.5385440887167559,51.0058800931049,13.67687308681957
qata_test_sub-S09955_ses-E18418_run-1_bp-chest_vp-ap_cr,sub-S09955,probabilities/qata_test_sub-S09955_ses-E18418_run-1_bp-chest_vp-ap_cr.npy,masks/qata_test_sub-S09955_ses-E18418_run-1_bp-chest_vp-ap_cr.png,0.7513295729270643,0.6017036654671953,115.25,25.56881135491283
qata_test_sub-S09955_ses-E19985_run-1_bp-chest_vp-ap_cr,sub-S09955,probabilities/qata_test_sub-S09955_ses-E19985_run-1_bp-chest_vp-ap_cr.npy,masks/qata_test_sub-S09955_ses-E19985_run-1_bp-chest_vp-ap_cr.png,0.8353143159017742,0.7172014967715477,34.950646869655344,5.42882031278414
qata_test_sub-S09955_ses-E24707_run-1_bp-chest_vp-pa_dx,sub-S09955,probabilities/qata_test_sub-S09955_ses-E24707_run-1_bp-chest_vp-pa_dx.npy,masks/qata_test_sub-S09955_ses-E24707_run-1_bp-chest_vp-pa_dx.png,0.8579234972687301,0.7511961722517798,14.317821063276353,3.845780949057713
qata_test_sub-S09955_ses-E26105_run-1_bp-chest_vp-ap_cr,sub-S09955,probabilities/qata_test_sub-S09955_ses-E26105_run-1_bp-chest_vp-ap_cr.npy,masks/qata_test_sub-S09955_ses-E26105_run-1_bp-chest_vp-ap_cr.png,0.4414723635999352,0.28326245444588,60.83420081821286,15.805539412332006
qata_test_sub-S09956_ses-E26117_run-1_bp-chest_vp-ap_cr,sub-S09956,probabilities/qata_test_sub-S09956_ses-E26117_run-1_bp-chest_vp-ap_cr.npy,masks/qata_test_sub-S09956_ses-E26117_run-1_bp-chest_vp-ap_cr.png,0.5781464388188283,0.4066146153197359,149.32615307078356,54.00045538813819
qata_test_sub-S09958_ses-E17102_run-1_bp-chest_vp-ap_cr,sub-S09958,probabilities/qata_test_sub-S09958_ses-E17102_run-1_bp-chest_vp-ap_cr.npy,masks/qata_test_sub-S09958_ses-E17102_run-1_bp-chest_vp-ap_cr.png,0.6208651399611684,0.45018450187037895,20.615528128088304,6.720119656701291
qata_test_sub-S09958_ses-E20403_run-1_bp-chest_vp-ap_cr,sub-S09958,probabilities/qata_test_sub-S09958_ses-E20403_run-1_bp-chest_vp-ap_cr.npy,masks/qata_test_sub-S09958_ses-E20403_run-1_bp-chest_vp-ap_cr.png,0.6634939520140254,0.4964391691424544,40.22054947603417,9.383103560014604
qata_test_sub-S09958_ses-E23115_run-1_bp-chest_vp-ap_cr,sub-S09958,probabilities/qata_test_sub-S09958_ses-E23115_run-1_bp-chest_vp-ap_cr.npy,masks/qata_test_sub-S09958_ses-E23115_run-1_bp-chest_vp-ap_cr.png,0.8396297222957311,0.7235877533538773,11.93137084989846,2.9205724181529322
qata_test_sub-S09960_ses-E17104_run-1_bp-chest_vp-ap_dx,sub-S09960,probabilities/qata_test_sub-S09960_ses-E17104_run-1_bp-chest_vp-ap_dx.npy,masks/qata_test_sub-S09960_ses-E17104_run-1_bp-chest_vp-ap_dx.png,0.17584830340143864,0.09640004377835211,113.92971153930932,41.720981815262405
qata_test_sub-S09960_ses-E22323_run-1_bp-chest_vp-ap_dx,sub-S09960,probabilities/qata_test_sub-S09960_ses-E22323_run-1_bp-chest_vp-ap_dx.npy,masks/qata_test_sub-S09960_ses-E22323_run-1_bp-chest_vp-ap_dx.png,0.8447733580032861,0.7312620115353737,84.75588635813578,15.744456759377224
qata_test_sub-S09962_ses-E24094_run-1_bp-chest_vp-pa_dx,sub-S09962,probabilities/qata_test_sub-S09962_ses-E24094_run-1_bp-chest_vp-pa_dx.npy,masks/qata_test_sub-S09962_ses-E24094_run-1_bp-chest_vp-pa_dx.png,0.36401004796341613,0.2225013958790829,50.57864837801348,22.331903993341797
qata_test_sub-S09967_ses-E17114_run-1_bp-chest_vp-ap_dx,sub-S09967,probabilities/qata_test_sub-S09967_ses-E17114_run-1_bp-chest_vp-ap_dx.npy,masks/qata_test_sub-S09967_ses-E17114_run-1_bp-chest_vp-ap_dx.png,0.8666893385484327,0.764741185298089,26.92582403567252,4.971219647577369
qata_test_sub-S09967_ses-E17291_run-1_bp-chest_vp-ap_dx,sub-S09967,probabilities/qata_test_sub-S09967_ses-E17291_run-1_bp-chest_vp-ap_dx.npy,masks/qata_test_sub-S09967_ses-E17291_run-1_bp-chest_vp-ap_dx.png,0.840366972477508,0.7246835443051176,52.17757589308697,8.530274688662248
qata_test_sub-S09967_ses-E17535_run-1_bp-chest_vp-ap_dx,sub-S09967,probabilities/qata_test_sub-S09967_ses-E17535_run-1_bp-chest_vp-ap_dx.npy,masks/qata_test_sub-S09967_ses-E17535_run-1_bp-chest_vp-ap_dx.png,0.8006302821950992,0.6675425186333482,49.15881448079831,8.570722386259417
qata_test_sub-S09967_ses-E18011_run-1_bp-chest_vp-ap_dx,sub-S09967,probabilities/qata_test_sub-S09967_ses-E18011_run-1_bp-chest_vp-ap_dx.npy,masks/qata_test_sub-S09967_ses-E18011_run-1_bp-chest_vp-ap_dx.png,0.9411655415868546,0.8888693922916953,11.40175425099138,3.7457007718433375
qata_test_sub-S09968_ses-E17118_run-1_bp-chest_vp-ap_dx,sub-S09968,probabilities/qata_test_sub-S09968_ses-E17118_run-1_bp-chest_vp-ap_dx.npy,masks/qata_test_sub-S09968_ses-E17118_run-1_bp-chest_vp-ap_dx.png,0.6844311860046585,0.5202549488293176,54.01619993527863,10.842236766712533
qata_test_sub-S09969_ses-E17119_acq-1_run-1_bp-chest_vp-pa_dx,sub-S09969,probabilities/qata_test_sub-S09969_ses-E17119_acq-1_run-1_bp-chest_vp-pa_dx.npy,masks/qata_test_sub-S09969_ses-E17119_acq-1_run-1_bp-chest_vp-pa_dx.png,0.6184955983646954,0.44769716089024986,34.84960412093438,8.568075382405297
qata_test_sub-S09969_ses-E26947_acq-1_run-1_bp-chest_vp-ll_dx,sub-S09969,probabilities/qata_test_sub-S09969_ses-E26947_acq-1_run-1_bp-chest_vp-ll_dx.npy,masks/qata_test_sub-S09969_ses-E26947_acq-1_run-1_bp-chest_vp-ll_dx.png,0.9087520964040701,0.8327641165774957,7.598989945034754,2.552716852859466
qata_test_sub-S09973_ses-E17693_run-1_bp-chest_vp-ap_cr,sub-S09973,probabilities/qata_test_sub-S09973_ses-E17693_run-1_bp-chest_vp-ap_cr.npy,masks/qata_test_sub-S09973_ses-E17693_run-1_bp-chest_vp-ap_cr.png,0.842423778152894,0.7277479981488469,62.297672508690084,8.557504377786014
qata_test_sub-S09973_ses-E20372_run-1_bp-chest_vp-ap_dx,sub-S09973,probabilities/qata_test_sub-S09973_ses-E20372_run-1_bp-chest_vp-ap_dx.npy,masks/qata_test_sub-S09973_ses-E20372_run-1_bp-chest_vp-ap_dx.png,0.5509712179235741,0.380234833663534,150.46286672211593,40.62657844599141
qata_test_sub-S09973_ses-E20759_run-1_bp-chest_vp-ap_dx,sub-S09973,probabilities/qata_test_sub-S09973_ses-E20759_run-1_bp-chest_vp-ap_dx.npy,masks/qata_test_sub-S09973_ses-E20759_run-1_bp-chest_vp-ap_dx.png,0.7716380114626905,0.6281845406031501,161.01009284573394,31.90826710316646
qata_test_sub-S09974_ses-E17127_run-1_bp-chest_vp-ap_dx,sub-S09974,probabilities/qata_test_sub-S09974_ses-E17127_run-1_bp-chest_vp-ap_dx.npy,masks/qata_test_sub-S09974_ses-E17127_run-1_bp-chest_vp-ap_dx.png,0.4018281208047152,0.251429853097999,247.0387619878993,75.09945789575951
qata_test_sub-S09974_ses-E19369_run-1_bp-chest_vp-ap_dx,sub-S09974,probabilities/qata_test_sub-S09974_ses-E19369_run-1_bp-chest_vp-ap_dx.npy,masks/qata_test_sub-S09974_ses-E19369_run-1_bp-chest_vp-ap_dx.png,0.7645819128501686,0.618885153782455,93.11927002220851,18.032703187220157
qata_test_sub-S09974_ses-E19952_run-1_bp-chest_vp-ap_dx,sub-S09974,probabilities/qata_test_sub-S09974_ses-E19952_run-1_bp-chest_vp-ap_dx.npy,masks/qata_test_sub-S09974_ses-E19952_run-1_bp-chest_vp-ap_dx.png,0.8975862998924704,0.8142009663028915,11.180339887498949,3.520551970921803
qata_test_sub-S09974_ses-E21086_run-1_bp-chest_vp-ap_dx,sub-S09974,probabilities/qata_test_sub-S09974_ses-E21086_run-1_bp-chest_vp-ap_dx.npy,masks/qata_test_sub-S09974_ses-E21086_run-1_bp-chest_vp-ap_dx.png,0.9340949033396742,0.8763396537527296,9.219544457292887,2.1561669146016524
qata_test_sub-S09974_ses-E21787_run-1_bp-chest_vp-ap_dx,sub-S09974,probabilities/qata_test_sub-S09974_ses-E21787_run-1_bp-chest_vp-ap_dx.npy,masks/qata_test_sub-S09974_ses-E21787_run-1_bp-chest_vp-ap_dx.png,0.7434721752992738,0.5916877928893625,188.23317076448686,55.816098155684095
qata_test_sub-S09974_ses-E22933_run-1_bp-chest_vp-ap_dx,sub-S09974,probabilities/qata_test_sub-S09974_ses-E22933_run-1_bp-chest_vp-ap_dx.npy,masks/qata_test_sub-S09974_ses-E22933_run-1_bp-chest_vp-ap_dx.png,0.43209541881576524,0.27558782849740254,189.90154394990137,55.7648406578118
qata_test_sub-S09977_ses-E17132_acq-1_run-1_bp-chest_cr,sub-S09977,probabilities/qata_test_sub-S09977_ses-E17132_acq-1_run-1_bp-chest_cr.npy,masks/qata_test_sub-S09977_ses-E17132_acq-1_run-1_bp-chest_cr.png,0.8430313694560544,0.7286553387884461,32.240364243741865,7.513668144949163
qata_test_sub-S09977_ses-E27000_acq-1_run-1_bp-chest_cr,sub-S09977,probabilities/qata_test_sub-S09977_ses-E27000_acq-1_run-1_bp-chest_cr.npy,masks/qata_test_sub-S09977_ses-E27000_acq-1_run-1_bp-chest_cr.png,0.8216550657399717,0.6972958781872237,172.97268306862722,38.737522233356
qata_test_sub-S09979_ses-E20936_run-1_bp-chest_vp-ap_cr,sub-S09979,probabilities/qata_test_sub-S09979_ses-E20936_run-1_bp-chest_vp-ap_cr.npy,masks/qata_test_sub-S09979_ses-E20936_run-1_bp-chest_vp-ap_cr.png,0.9701760429320482,0.9420795042430123,4.0,1.2704171346871673
qata_test_sub-S09979_ses-E21115_run-1_bp-chest_vp-ap_cr,sub-S09979,probabilities/qata_test_sub-S09979_ses-E21115_run-1_bp-chest_vp-ap_cr.npy,masks/qata_test_sub-S09979_ses-E21115_run-1_bp-chest_vp-ap_cr.png,0.9687624617839147,0.9394173756124664,3.1622776601683795,1.395535103187011
qata_test_sub-S09979_ses-E21817_run-1_bp-chest_vp-ap_cr,sub-S09979,probabilities/qata_test_sub-S09979_ses-E21817_run-1_bp-chest_vp-ap_cr.npy,masks/qata_test_sub-S09979_ses-E21817_run-1_bp-chest_vp-ap_cr.png,0.6751024697852336,0.5095507044056684,42.14493009106149,10.534350753340947
qata_test_sub-S09979_ses-E21899_run-1_bp-chest_vp-ap_cr,sub-S09979,probabilities/qata_test_sub-S09979_ses-E21899_run-1_bp-chest_vp-ap_cr.npy,masks/qata_test_sub-S09979_ses-E21899_run-1_bp-chest_vp-ap_cr.png,0.7669399803229456,0.6219810618191085,27.707975096012753,5.7757225888230215
qata_test_sub-S09979_ses-E23599_run-1_bp-chest_vp-ap_cr,sub-S09979,probabilities/qata_test_sub-S09979_ses-E23599_run-1_bp-chest_vp-ap_cr.npy,masks/qata_test_sub-S09979_ses-E23599_run-1_bp-chest_vp-ap_cr.png,0.9746847815463221,0.9506196377503953,3.0,1.0958379259602395
qata_test_sub-S09979_ses-E25160_run-1_bp-chest_vp-pa_dx,sub-S09979,probabilities/qata_test_sub-S09979_ses-E25160_run-1_bp-chest_vp-pa_dx.npy,masks/qata_test_sub-S09979_ses-E25160_run-1_bp-chest_vp-pa_dx.png,0.4422497274453777,0.2839028406810712,110.83230442296008,32.928846129888804
qata_test_sub-S09981_ses-E24201_acq-1_run-1_bp-chest_vp-pa_cr,sub-S09981,probabilities/qata_test_sub-S09981_ses-E24201_acq-1_run-1_bp-chest_vp-pa_cr.npy,masks/qata_test_sub-S09981_ses-E24201_acq-1_run-1_bp-chest_vp-pa_cr.png,0.9086889232812966,0.8326580226914062,15.0,3.454329490728798
qata_test_sub-S09981_ses-E27017_run-1_bp-chest_cr,sub-S09981,probabilities/qata_test_sub-S09981_ses-E27017_run-1_bp-chest_cr.npy,masks/qata_test_sub-S09981_ses-E27017_run-1_bp-chest_cr.png,0.6863240018393032,0.5224454148555031,169.70084088318058,43.40226688193152
qata_test_sub-S09983_ses-E17157_run-1_bp-chest_vp-ap_dx,sub-S09983,probabilities/qata_test_sub-S09983_ses-E17157_run-1_bp-chest_vp-ap_dx.npy,masks/qata_test_sub-S09983_ses-E17157_run-1_bp-chest_vp-ap_dx.png,0.4855706572356844,0.320629456606094,107.22266397130423,33.202057254668965
qata_test_sub-S09986_ses-E17165_run-1_bp-chest_cr,sub-S09986,probabilities/qata_test_sub-S09986_ses-E17165_run-1_bp-chest_cr.npy,masks/qata_test_sub-S09986_ses-E17165_run-1_bp-chest_cr.png,0.6549334506673912,0.4869152764189817,74.60870070401273,13.09737999698914
qata_test_sub-S09989_ses-E18086_run-1_bp-chest_vp-ap_dx,sub-S09989,probabilities/qata_test_sub-S09989_ses-E18086_run-1_bp-chest_vp-ap_dx.npy,masks/qata_test_sub-S09989_ses-E18086_run-1_bp-chest_vp-ap_dx.png,0.7227872572929193,0.5659098387656077,51.97162814192238,10.826525975856015
qata_test_sub-S09991_ses-E17177_run-1_bp-chest_vp-ap_dx,sub-S09991,probabilities/qata_test_sub-S09991_ses-E17177_run-1_bp-chest_vp-ap_dx.npy,masks/qata_test_sub-S09991_ses-E17177_run-1_bp-chest_vp-ap_dx.png,0.7339024133234913,0.5796570667624495,136.44392382705712,32.63844631268035
qata_test_sub-S09991_ses-E22950_run-1_bp-chest_vp-ap_dx,sub-S09991,probabilities/qata_test_sub-S09991_ses-E22950_run-1_bp-chest_vp-ap_dx.npy,masks/qata_test_sub-S09991_ses-E22950_run-1_bp-chest_vp-ap_dx.png,0.747029185286177,0.5962063732989954,18.511824747890852,5.896651321805699
qata_test_sub-S09992_ses-E24065_run-1_bp-chest_vp-pa_cr,sub-S09992,probabilities/qata_test_sub-S09992_ses-E24065_run-1_bp-chest_vp-pa_cr.npy,masks/qata_test_sub-S09992_ses-E24065_run-1_bp-chest_vp-pa_cr.png,0.3078014184519894,0.1818943839232629,216.5910642635707,70.88025792560195
qata_test_sub-S09992_ses-E25755_run-1_bp-chest_vp-ap_cr,sub-S09992,probabilities/qata_test_sub-S09992_ses-E25755_run-1_bp-chest_vp-ap_cr.npy,masks/qata_test_sub-S09992_ses-E25755_run-1_bp-chest_vp-ap_cr.png,0.603689708832992,0.4323463865191867,131.17046946176248,29.327611825552843
qata_test_sub-S09993_ses-E17187_run-1_bp-chest_vp-ap_dx,sub-S09993,probabilities/qata_test_sub-S09993_ses-E17187_run-1_bp-chest_vp-ap_dx.npy,masks/qata_test_sub-S09993_ses-E17187_run-1_bp-chest_vp-ap_dx.png,0.9262574057735842,0.8626438131024733,14.608372361298475,3.4278634432743047
qata_test_sub-S09993_ses-E22162_run-1_bp-chest_vp-ap_dx,sub-S09993,probabilities/qata_test_sub-S09993_ses-E22162_run-1_bp-chest_vp-ap_dx.npy,masks/qata_test_sub-S09993_ses-E22162_run-1_bp-chest_vp-ap_dx.png,0.9464234986650008,0.8982959447805312,5.385164807134504,1.824328067404951
qata_test_sub-S09993_ses-E23110_run-1_bp-chest_vp-ap_dx,sub-S09993,probabilities/qata_test_sub-S09993_ses-E23110_run-1_bp-chest_vp-ap_dx.npy,masks/qata_test_sub-S09993_ses-E23110_run-1_bp-chest_vp-ap_dx.png,0.936556101984805,0.8806821908830391,16.15549442140351,2.8728612399190174
qata_test_sub-S09993_ses-E23292_run-1_bp-chest_vp-pa_dx,sub-S09993,probabilities/qata_test_sub-S09993_ses-E23292_run-1_bp-chest_vp-pa_dx.npy,masks/qata_test_sub-S09993_ses-E23292_run-1_bp-chest_vp-pa_dx.png,0.7805020432001338,0.6400191479205359,37.12142238654117,7.556182777972969
qata_test_sub-S09994_ses-E17188_run-1_bp-chest_vp-ap_dx,sub-S09994,probabilities/qata_test_sub-S09994_ses-E17188_run-1_bp-chest_vp-ap_dx.npy,masks/qata_test_sub-S09994_ses-E17188_run-1_bp-chest_vp-ap_dx.png,0.9565096782148371,0.916644513366071,7.0710678118654755,2.2257445972006518
qata_test_sub-S09994_ses-E18945_run-1_bp-chest_vp-ap_dx,sub-S09994,probabilities/qata_test_sub-S09994_ses-E18945_run-1_bp-chest_vp-ap_dx.npy,masks/qata_test_sub-S09994_ses-E18945_run-1_bp-chest_vp-ap_dx.png,0.9716057394188887,0.9447794261997791,3.0,1.3333334061973616
qata_test_sub-S09994_ses-E18947_run-1_bp-chest_vp-ap_dx,sub-S09994,probabilities/qata_test_sub-S09994_ses-E18947_run-1_bp-chest_vp-ap_dx.npy,masks/qata_test_sub-S09994_ses-E18947_run-1_bp-chest_vp-ap_dx.png,0.9686658506732372,0.939235699026982,4.242640687119285,1.639899937565818
qata_test_sub-S09994_ses-E19119_run-1_bp-chest_vp-ap_dx,sub-S09994,probabilities/qata_test_sub-S09994_ses-E19119_run-1_bp-chest_vp-ap_dx.npy,masks/qata_test_sub-S09994_ses-E19119_run-1_bp-chest_vp-ap_dx.png,0.9627561723415157,0.9281869379883376,5.656854249492381,1.8411660705061736
qata_test_sub-S09994_ses-E19829_run-1_bp-chest_cr,sub-S09994,probabilities/qata_test_sub-S09994_ses-E19829_run-1_bp-chest_cr.npy,masks/qata_test_sub-S09994_ses-E19829_run-1_bp-chest_cr.png,0.82152074647652,0.6971024258772864,25.553864678361276,5.8979352146074815
qata_test_sub-S09994_ses-E21663_run-1_bp-chest_vp-ap_dx,sub-S09994,probabilities/qata_test_sub-S09994_ses-E21663_run-1_bp-chest_vp-ap_dx.npy,masks/qata_test_sub-S09994_ses-E21663_run-1_bp-chest_vp-ap_dx.png,0.97146569386842,0.9445146244292926,3.605551275463989,1.3326038879873388
qata_test_sub-S09994_ses-E22010_run-1_bp-chest_vp-ap_dx,sub-S09994,probabilities/qata_test_sub-S09994_ses-E22010_run-1_bp-chest_vp-ap_dx.npy,masks/qata_test_sub-S09994_ses-E22010_run-1_bp-chest_vp-ap_dx.png,0.9627412123512491,0.9281591284790977,6.0,2.0226847726256354
qata_test_sub-S09994_ses-E23306_run-1_bp-chest_vp-ap_dx,sub-S09994,probabilities/qata_test_sub-S09994_ses-E23306_run-1_bp-chest_vp-ap_dx.npy,masks/qata_test_sub-S09994_ses-E23306_run-1_bp-chest_vp-ap_dx.png,0.9530184429780401,0.9102533245083632,10.0,2.6422823680312395
qata_test_sub-S09994_ses-E24497_run-1_bp-chest_vp-pa_dx,sub-S09994,probabilities/qata_test_sub-S09994_ses-E24497_run-1_bp-chest_vp-pa_dx.npy,masks/qata_test_sub-S09994_ses-E24497_run-1_bp-chest_vp-pa_dx.png,0.9595573366668636,0.9222587370581213,6.897871376374805,1.8952306907661425
qata_test_sub-S09994_ses-E25178_run-1_bp-chest_vp-ap_dx,sub-S09994,probabilities/qata_test_sub-S09994_ses-E25178_run-1_bp-chest_vp-ap_dx.npy,masks/qata_test_sub-S09994_ses-E25178_run-1_bp-chest_vp-ap_dx.png,0.9677280086346963,0.9374738603096807,4.123105625617661,1.5549310754340626
qata_test_sub-S09995_ses-E17192_run-1_bp-chest_vp-ap_dx,sub-S09995,probabilities/qata_test_sub-S09995_ses-E17192_run-1_bp-chest_vp-ap_dx.npy,masks/qata_test_sub-S09995_ses-E17192_run-1_bp-chest_vp-ap_dx.png,0.6612719686476005,0.4939554212411417,158.24474703497987,32.67100272629564
qata_test_sub-S09995_ses-E19431_run-1_bp-chest_vp-ap_dx,sub-S09995,probabilities/qata_test_sub-S09995_ses-E19431_run-1_bp-chest_vp-ap_dx.npy,masks/qata_test_sub-S09995_ses-E19431_run-1_bp-chest_vp-ap_dx.png,0.8846460801771605,0.7931527961261936,36.93092886860942,6.679827344619471
qata_test_sub-S09995_ses-E26500_run-1_bp-chest_vp-pa_dx,sub-S09995,probabilities/qata_test_sub-S09995_ses-E26500_run-1_bp-chest_vp-pa_dx.npy,masks/qata_test_sub-S09995_ses-E26500_run-1_bp-chest_vp-pa_dx.png,0.7987321711608809,0.6649076517260915,13.617816397157863,4.150110587729818
qata_test_sub-S09998_ses-E18991_run-1_bp-chest_vp-ap_cr,sub-S09998,probabilities/qata_test_sub-S09998_ses-E18991_run-1_bp-chest_vp-ap_cr.npy,masks/qata_test_sub-S09998_ses-E18991_run-1_bp-chest_vp-ap_cr.png,0.6779808529190819,0.5128373930297426,212.2498439408472,39.617956673639135
qata_test_sub-S09998_ses-E19446_run-1_bp-chest_vp-ap_dx,sub-S09998,probabilities/qata_test_sub-S09998_ses-E19446_run-1_bp-chest_vp-ap_dx.npy,masks/qata_test_sub-S09998_ses-E19446_run-1_bp-chest_vp-ap_dx.png,0.8148729100573424,0.6875827216960199,46.06082852667633,8.374275699840343
qata_test_sub-S09998_ses-E19689_run-1_bp-chest_vp-ap_dx,sub-S09998,probabilities/qata_test_sub-S09998_ses-E19689_run-1_bp-chest_vp-ap_dx.npy,masks/qata_test_sub-S09998_ses-E19689_run-1_bp-chest_vp-ap_dx.png,0.791482300886878,0.6549199084720836,145.0289333780056,22.75206458985089
qata_test_sub-S09998_ses-E22632_run-1_bp-chest_vp-ap_cr,sub-S09998,probabilities/qata_test_sub-S09998_ses-E22632_run-1_bp-chest_vp-ap_cr.npy,masks/qata_test_sub-S09998_ses-E22632_run-1_bp-chest_vp-ap_cr.png,0.8979930586996454,0.8148706011240937,12.041594578792296,3.4371015139221317
qata_test_sub-S09999_ses-E17197_run-1_bp-chest_vp-ap_dx,sub-S09999,probabilities/qata_test_sub-S09999_ses-E17197_run-1_bp-chest_vp-ap_dx.npy,masks/qata_test_sub-S09999_ses-E17197_run-1_bp-chest_vp-ap_dx.png,0.365312466509108,0.22347540984624953,134.21253124916538,53.427663062606264
qata_test_sub-S09999_ses-E19482_run-1_bp-chest_vp-pa_dx,sub-S09999,probabilities/qata_test_sub-S09999_ses-E19482_run-1_bp-chest_vp-pa_dx.npy,masks/qata_test_sub-S09999_ses-E19482_run-1_bp-chest_vp-pa_dx.png,0.31902929861308654,0.18978873240007188,159.4883737458332,50.25306221345857
qata_test_sub-S09999_ses-E22844_run-1_bp-chest_vp-ap_dx,sub-S09999,probabilities/qata_test_sub-S09999_ses-E22844_run-1_bp-chest_vp-ap_dx.npy,masks/qata_test_sub-S09999_ses-E22844_run-1_bp-chest_vp-ap_dx.png,0.9293137430569581,0.8679608400976154,8.54400374531753,2.6966356843420853
qata_test_sub-S09999_ses-E23145_run-1_bp-chest_vp-ap_dx,sub-S09999,probabilities/qata_test_sub-S09999_ses-E23145_run-1_bp-chest_vp-ap_dx.npy,masks/qata_test_sub-S09999_ses-E23145_run-1_bp-chest_vp-ap_dx.png,0.9270998759981571,0.8641064114527592,9.219544457292887,2.8327746561671416
qata_test_sub-S10000_ses-E25580_run-1_bp-chest_vp-ap_dx,sub-S10000,probabilities/qata_test_sub-S10000_ses-E25580_run-1_bp-chest_vp-ap_dx.npy,masks/qata_test_sub-S10000_ses-E25580_run-1_bp-chest_vp-ap_dx.png,0.670879112710678,0.5047540213438673,101.96213576696104,21.51157629530058
qata_test_sub-S10005_ses-E19020_run-1_bp-chest_vp-ap_dx,sub-S10005,probabilities/qata_test_sub-S10005_ses-E19020_run-1_bp-chest_vp-ap_dx.npy,masks/qata_test_sub-S10005_ses-E19020_run-1_bp-chest_vp-ap_dx.png,0.9088343585336137,0.8329022872390168,21.840329667841555,6.329744691478996
qata_test_sub-S10005_ses-E19504_run-1_bp-chest_vp-ap_dx,sub-S10005,probabilities/qata_test_sub-S10005_ses-E19504_run-1_bp-chest_vp-ap_dx.npy,masks/qata_test_sub-S10005_ses-E19504_run-1_bp-chest_vp-ap_dx.png,0.9567220139261425,0.9170346031422193,6.0,2.167726564603967
qata_test_sub-S10005_ses-E19884_run-1_bp-chest_vp-ap_dx,sub-S10005,probabilities/qata_test_sub-S10005_ses-E19884_run-1_bp-chest_vp-ap_dx.npy,masks/qata_test_sub-S10005_ses-E19884_run-1_bp-chest_vp-ap_dx.png,0.8573247562837624,0.7502785773986669,51.01224760407503,8.653766566425576
qata_test_sub-S10005_ses-E23869_acq-1_run-1_bp-chest_vp-ll_dx,sub-S10005,probabilities/qata_test_sub-S10005_ses-E23869_acq-1_run-1_bp-chest_vp-ll_dx.npy,masks/qata_test_sub-S10005_ses-E23869_acq-1_run-1_bp-chest_vp-ll_dx.png,0.6768962190486659,0.5115972222256139,43.41658669218482,10.697767950184675
qata_test_sub-S10008_ses-E19470_run-1_bp-chest_vp-ap_dx,sub-S10008,probabilities/qata_test_sub-S10008_ses-E19470_run-1_bp-chest_vp-ap_dx.npy,masks/qata_test_sub-S10008_ses-E19470_run-1_bp-chest_vp-ap_dx.png,0.3350865496226015,0.20126364499525015,194.85633708703185,52.26060514554584
qata_test_sub-S10009_ses-E23383_run-1_bp-chest_vp-pa_dx,sub-S10009,probabilities/qata_test_sub-S10009_ses-E23383_run-1_bp-chest_vp-pa_dx.npy,masks/qata_test_sub-S10009_ses-E23383_run-1_bp-chest_vp-pa_dx.png,0.9028307663327076,0.8228728427936561,9.016615541441222,2.8486333088544264
qata_test_sub-S10009_ses-E24991_run-1_bp-chest_vp-pa_dx,sub-S10009,probabilities/qata_test_sub-S10009_ses-E24991_run-1_bp-chest_vp-pa_dx.npy,masks/qata_test_sub-S10009_ses-E24991_run-1_bp-chest_vp-pa_dx.png,0.6208157203287922,0.4501325381138149,143.60116317234164,37.519554244151436
qata_test_sub-S10011_ses-E17215_run-1_bp-chest_dx,sub-S10011,probabilities/qata_test_sub-S10011_ses-E17215_run-1_bp-chest_dx.npy,masks/qata_test_sub-S10011_ses-E17215_run-1_bp-chest_dx.png,0.5650529703645835,0.3937796717902367,34.132096331752024,10.041994781280682
qata_test_sub-S10012_ses-E25442_run-1_bp-chest_vp-pa_cr,sub-S10012,probabilities/qata_test_sub-S10012_ses-E25442_run-1_bp-chest_vp-pa_cr.npy,masks/qata_test_sub-S10012_ses-E25442_run-1_bp-chest_vp-pa_cr.png,0.9534971143003483,0.9111270760262388,5.0990195135927845,1.9399056639174108
qata_test_sub-S10012_ses-E25602_run-1_bp-chest_vp-ap_dx,sub-S10012,probabilities/qata_test_sub-S10012_ses-E25602_run-1_bp-chest_vp-ap_dx.npy,masks/qata_test_sub-S10012_ses-E25602_run-1_bp-chest_vp-ap_dx.png,0.961377548773591,0.9256275440980087,5.0,1.558926908718359
qata_test_sub-S10013_ses-E20085_run-1_bp-chest_vp-ap_cr,sub-S10013,probabilities/qata_test_sub-S10013_ses-E20085_run-1_bp-chest_vp-ap_cr.npy,masks/qata_test_sub-S10013_ses-E20085_run-1_bp-chest_vp-ap_cr.png,0.9560202301027594,0.9157459346143365,6.0,1.835009016274745
qata_test_sub-S10013_ses-E20488_run-1_bp-chest_vp-ap_cr,sub-S10013,probabilities/qata_test_sub-S10013_ses-E20488_run-1_bp-chest_vp-ap_cr.npy,masks/qata_test_sub-S10013_ses-E20488_run-1_bp-chest_vp-ap_cr.png,0.9654835139379541,0.9332703025481027,3.1622776601683795,1.2649818888932733
qata_test_sub-S10013_ses-E22084_run-1_bp-chest_vp-pa_cr,sub-S10013,probabilities/qata_test_sub-S10013_ses-E22084_run-1_bp-chest_vp-pa_cr.npy,masks/qata_test_sub-S10013_ses-E22084_run-1_bp-chest_vp-pa_cr.png,0.5454406831385679,0.37498689590759,85.580549924045,19.161739395827116
qata_test_sub-S10013_ses-E22426_run-1_bp-chest_vp-ap_cr,sub-S10013,probabilities/qata_test_sub-S10013_ses-E22426_run-1_bp-chest_vp-ap_cr.npy,masks/qata_test_sub-S10013_ses-E22426_run-1_bp-chest_vp-ap_cr.png,0.9419851214891467,0.8903325847508805,9.924428900898052,2.175057786571862
qata_test_sub-S10013_ses-E23444_run-1_bp-chest_vp-ap_cr,sub-S10013,probabilities/qata_test_sub-S10013_ses-E23444_run-1_bp-chest_vp-ap_cr.npy,masks/qata_test_sub-S10013_ses-E23444_run-1_bp-chest_vp-ap_cr.png,0.9659571198033609,0.9341557669444404,3.605551275463989,1.2850808604160933
qata_test_sub-S10013_ses-E26372_run-1_bp-chest_vp-ap_cr,sub-S10013,probabilities/qata_test_sub-S10013_ses-E26372_run-1_bp-chest_vp-ap_cr.npy,masks/qata_test_sub-S10013_ses-E26372_run-1_bp-chest_vp-ap_cr.png,0.9411255631635372,0.8887980769236116,6.4031242374328485,2.300994882362368
qata_test_sub-S10013_ses-E26373_run-1_bp-chest_vp-ap_cr,sub-S10013,probabilities/qata_test_sub-S10013_ses-E26373_run-1_bp-chest_vp-ap_cr.npy,masks/qata_test_sub-S10013_ses-E26373_run-1_bp-chest_vp-ap_cr.png,0.9434949499282836,0.8930340180243037,9.0,2.4015998665946237
qata_test_sub-S10015_ses-E25056_run-1_bp-chest_vp-pa_cr,sub-S10015,probabilities/qata_test_sub-S10015_ses-E25056_run-1_bp-chest_vp-pa_cr.npy,masks/qata_test_sub-S10015_ses-E25056_run-1_bp-chest_vp-pa_cr.png,0.9221729718593735,0.8555853098726934,7.0,2.3184910353270056
qata_test_sub-S10019_ses-E19307_run-1_bp-chest_vp-ap_cr,sub-S10019,probabilities/qata_test_sub-S10019_ses-E19307_run-1_bp-chest_vp-ap_cr.npy,masks/qata_test_sub-S10019_ses-E19307_run-1_bp-chest_vp-ap_cr.png,0.9743536496729692,0.9499898764933619,3.0,1.2503847475417067
qata_test_sub-S10019_ses-E25650_run-1_bp-chest_vp-pa_dx,sub-S10019,probabilities/qata_test_sub-S10019_ses-E25650_run-1_bp-chest_vp-pa_dx.npy,masks/qata_test_sub-S10019_ses-E25650_run-1_bp-chest_vp-pa_dx.png,0.8270050275325497,0.7050371458918684,20.683121499597064,5.883934457746206
qata_test_sub-S10020_ses-E17231_run-1_bp-chest_vp-pa_cr,sub-S10020,probabilities/qata_test_sub-S10020_ses-E17231_run-1_bp-chest_vp-pa_cr.npy,masks/qata_test_sub-S10020_ses-E17231_run-1_bp-chest_vp-pa_cr.png,0.8942011834344568,0.8086472602821642,9.055385138137417,4.521847349116508
qata_test_sub-S10023_ses-E19360_run-1_bp-chest_vp-ap_cr,sub-S10023,probabilities/qata_test_sub-S10023_ses-E19360_run-1_bp-chest_vp-ap_cr.npy,masks/qata_test_sub-S10023_ses-E19360_run-1_bp-chest_vp-ap_cr.png,0.9614143820173197,0.9256958361168433,7.0,2.1502829833849115
qata_test_sub-S10023_ses-E22543_run-1_bp-chest_vp-ap_dx,sub-S10023,probabilities/qata_test_sub-S10023_ses-E22543_run-1_bp-chest_vp-ap_dx.npy,masks/qata_test_sub-S10023_ses-E22543_run-1_bp-chest_vp-ap_dx.png,0.9532987398073265,0.9107648725214722,8.246211251235321,2.5624287991425225
qata_test_sub-S10023_ses-E25707_run-1_bp-chest_vp-pa_dx,sub-S10023,probabilities/qata_test_sub-S10023_ses-E25707_run-1_bp-chest_vp-pa_dx.npy,masks/qata_test_sub-S10023_ses-E25707_run-1_bp-chest_vp-pa_dx.png,0.7462639609898831,0.5952321204567725,17.693217969639893,7.449297512833832
qata_test_sub-S10024_ses-E17235_run-1_bp-chest_vp-pa_dx,sub-S10024,probabilities/qata_test_sub-S10024_ses-E17235_run-1_bp-chest_vp-pa_dx.npy,masks/qata_test_sub-S10024_ses-E17235_run-1_bp-chest_vp-pa_dx.png,0.8612554978016722,0.7563202247215457,37.32481347144181,7.324177792588099
qata_test_sub-S10024_ses-E19091_run-2_bp-chest_vp-ap_dx,sub-S10024,probabilities/qata_test_sub-S10024_ses-E19091_run-2_bp-chest_vp-ap_dx.npy,masks/qata_test_sub-S10024_ses-E19091_run-2_bp-chest_vp-ap_dx.png,0.9685499582521968,0.9390178089585953,5.830951894845301,1.737051034295249
qata_test_sub-S10024_ses-E20587_run-1_bp-chest_vp-ap_dx,sub-S10024,probabilities/qata_test_sub-S10024_ses-E20587_run-1_bp-chest_vp-ap_dx.npy,masks/qata_test_sub-S10024_ses-E20587_run-1_bp-chest_vp-ap_dx.png,0.8138972066125028,0.6861944943982888,34.105677065401586,5.889198744940585
qata_test_sub-S10024_ses-E24000_run-1_bp-chest_vp-ap_dx,sub-S10024,probabilities/qata_test_sub-S10024_ses-E24000_run-1_bp-chest_vp-ap_dx.npy,masks/qata_test_sub-S10024_ses-E24000_run-1_bp-chest_vp-ap_dx.png,0.8652116803078448,0.7624432374698384,17.0,3.9198312375744124
qata_test_sub-S10027_ses-E19320_run-1_bp-chest_vp-ap_dx,sub-S10027,probabilities/qata_test_sub-S10027_ses-E19320_run-1_bp-chest_vp-ap_dx.npy,masks/qata_test_sub-S10027_ses-E19320_run-1_bp-chest_vp-ap_dx.png,0.24140893471605013,0.13727405960995026,224.64416306683776,85.31286817816462
qata_test_sub-S10029_ses-E17250_run-1_bp-chest_vp-pa_dx,sub-S10029,probabilities/qata_test_sub-S10029_ses-E17250_run-1_bp-chest_vp-pa_dx.npy,masks/qata_test_sub-S10029_ses-E17250_run-1_bp-chest_vp-pa_dx.png,0.555939298801089,0.3849833309264388,184.6169005585173,53.19412308778847
qata_test_sub-S10029_ses-E17802_run-1_bp-chest_vp-pa_dx,sub-S10029,probabilities/qata_test_sub-S10029_ses-E17802_run-1_bp-chest_vp-pa_dx.npy,masks/qata_test_sub-S10029_ses-E17802_run-1_bp-chest_vp-pa_dx.png,0.8482308217189957,0.7364590385962008,12.041594578792296,3.891496433633821
qata_test_sub-S10032_ses-E25750_run-1_bp-chest_vp-pa_cr,sub-S10032,probabilities/qata_test_sub-S10032_ses-E25750_run-1_bp-chest_vp-pa_cr.npy,masks/qata_test_sub-S10032_ses-E25750_run-1_bp-chest_vp-pa_cr.png,0.4083791208831842,0.2565806507356815,176.0949883786836,58.143225279510425
qata_test_sub-S10036_ses-E25397_run-1_bp-chest_vp-ap_cr,sub-S10036,probabilities/qata_test_sub-S10036_ses-E25397_run-1_bp-chest_vp-ap_cr.npy,masks/qata_test_sub-S10036_ses-E25397_run-1_bp-chest_vp-ap_cr.png,0.8640218878267576,0.7605973025105829,12.613366674313955,9.582035703637857
qata_test_sub-S10036_ses-E26543_run-1_bp-chest_vp-ap_cr,sub-S10036,probabilities/qata_test_sub-S10036_ses-E26543_run-1_bp-chest_vp-ap_cr.npy,masks/qata_test_sub-S10036_ses-E26543_run-1_bp-chest_vp-ap_cr.png,0.6440294284114129,0.4749582637766071,25.988448708429136,9.059423559005566
