sample_id,source_id,method,seed,dice,miou,hd95,assd,prediction_path,probability_path
qata_test_sub-S08047_ses-E16280_run-1_bp-chest_vp-ap_dx,sub-S08047,unet,1002,0.7959309149863287,0.6610342586606532,18.371127438854657,4.034859104412732,predictions/masks/qata_test_sub-S08047_ses-E16280_run-1_bp-chest_vp-ap_dx.png,predictions/probabilities/qata_test_sub-S08047_ses-E16280_run-1_bp-chest_vp-ap_dx.npy
qata_test_sub-S08047_ses-E16628_run-1_bp-chest_vp-ap_dx,sub-S08047,unet,1002,0.9688197146564523,0.9395250553437359,2.8284271247461903,0.8736909120823828,predictions/masks/qata_test_sub-S08047_ses-E16628_run-1_bp-chest_vp-ap_dx.png,predictions/probabilities/qata_test_sub-S08047_ses-E16628_run-1_bp-chest_vp-ap_dx.npy
qata_test_sub-S08047_ses-E16837_run-1_bp-chest_cr,sub-S08047,unet,1002,0.9379754860527368,0.8831957019213691,8.0,1.7419213986566144,predictions/masks/qata_test_sub-S08047_ses-E16837_run-1_bp-chest_cr.png,predictions/probabilities/qata_test_sub-S08047_ses-E16837_run-1_bp-chest_cr.npy
qata_test_sub-S08047_ses-E17130_run-1_bp-chest_cr,sub-S08047,unet,1002,0.9523745368814256,0.9090792181081652,3.605551275463989,1.1764548233890562,predictions/masks/qata_test_sub-S08047_ses-E17130_run-1_bp-chest_cr.png,predictions/probabilities/qata_test_sub-S08047_ses-E17130_run-1_bp-chest_cr.npy
qata_test_sub-S08047_ses-E17511_run-1_bp-chest_vp-ap_dx,sub-S08047,unet,1002,0.8807625934762038,0.7869309838504122,12.903124237432849,2.5197701926279508,predictions/masks/qata_test_sub-S08047_ses-E17511_run-1_bp-chest_vp-ap_dx.png,predictions/probabilities/qata_test_sub-S08047_ses-E17511_run-1_bp-chest_vp-ap_dx.npy
qata_test_sub-S08047_ses-E17539_run-1_bp-chest_vp-ap_dx,sub-S08047,unet,1002,0.8468247675351631,0.7343417927274116,45.6464420136216,7.628184588817737,predictions/masks/qata_test_sub-S08047_ses-E17539_run-1_bp-chest_vp-ap_dx.png,predictions/probabilities/qata_test_sub-S08047_ses-E17539_run-1_bp-chest_vp-ap_dx.npy
qata_test_sub-S08047_ses-E17682_run-1_bp-chest_vp-ap_dx,sub-S08047,unet,1002,0.9722035847791997,0.9459106593309157,2.23606797749979,0.7956569083034017,predictions/masks/qata_test_sub-S08047_ses-E17682_run-1_bp-chest_vp-ap_dx.png,predictions/probabilities/qata_test_sub-S08047_ses-E17682_run-1_bp-chest_vp-ap_dx.npy
qata_test_sub-S08047_ses-E17934_run-1_bp-chest_vp-ap_dx,sub-S08047,unet,1002,0.7372188749046279,0.5838057445239625,17.0,4.323720128875839,predictions/masks/qata_test_sub-S08047_ses-E17934_run-1_bp-chest_vp-ap_dx.png,predictions/probabilities/qata_test_sub-S08047_ses-E17934_run-1_bp-chest_vp-ap_dx.npy
qata_test_sub-S08047_ses-E18100_run-1_bp-chest_vp-ap_dx,sub-S08047,unet,1002,0.8316006004345827,0.7117434335771626,27.11545494423449,4.797317487589178,predictions/masks/qata_test_sub-S08047_ses-E18100_run-1_bp-chest_vp-ap_dx.png,predictions/probabilities/qata_test_sub-S08047_ses-E18100_run-1_bp-chest_vp-ap_dx.npy
qata_test_sub-S08047_ses-E26555_run-1_bp-chest_vp-ap_dx,sub-S08047,unet,1002,0.8581623550411971,0.7515625000032349,18.372308451293858,3.764142846067471,predictions/masks/qata_test_sub-S08047_ses-E26555_run-1_bp-chest_vp-ap_dx.png,predictions/probabilities/qata_test_sub-S08047_ses-E26555_run-1_bp-chest_vp-ap_dx.npy
qata_test_sub-S08074_ses-E18689_run-1_bp-chest_vp-ap_cr,sub-S08074,unet,1002,0.873132224416787,0.7748311233481403,51.89556782940009,9.14143159087586,predictions/masks/qata_test_sub-S08074_ses-E18689_run-1_bp-chest_vp-ap_cr.png,predictions/probabilities/qata_test_sub-S08074_ses-E18689_run-1_bp-chest_vp-ap_cr.npy
qata_test_sub-S08077_ses-E18680_run-1_bp-chest_vp-ap_cr,sub-S08077,unet,1002,0.8847373986646198,0.7932996207463148,5.0,1.3457160762462734,predictions/masks/qata_test_sub-S08077_ses-E18680_run-1_bp-chest_vp-ap_cr.png,predictions/probabilities/qata_test_sub-S08077_ses-E18680_run-1_bp-chest_vp-ap_cr.npy
qata_test_sub-S08097_ses-E17492_run-1_bp-chest_vp-ap_dx,sub-S08097,unet,1002,2.993115833493172e-11,2.993115833493172e-11,89.75513050794072,53.99621388060138,predictions/masks/qata_test_sub-S08097_ses-E17492_run-1_bp-chest_vp-ap_dx.png,predictions/probabilities/qata_test_sub-S08097_ses-E17492_run-1_bp-chest_vp-ap_dx.npy
qata_test_sub-S08433_ses-E16090_run-1_bp-chest_vp-ap_dx,sub-S08433,unet,1002,0.4590476190604989,0.2978986403183591,41.03778404512923,15.334863663500908,predictions/masks/qata_test_sub-S08433_ses-E16090_run-1_bp-chest_vp-ap_dx.png,predictions/probabilities/qata_test_sub-S08433_ses-E16090_run-1_bp-chest_vp-ap_dx.npy
qata_test_sub-S08489_ses-E19060_run-1_bp-chest_vp-ap_dx,sub-S08489,unet,1002,0.755768448076905,0.6074178451028764,27.651383352504464,6.470335864432993,predictions/masks/qata_test_sub-S08489_ses-E19060_run-1_bp-chest_vp-ap_dx.png,predictions/probabilities/qata_test_sub-S08489_ses-E19060_run-1_bp-chest_vp-ap_dx.npy
qata_test_sub-S08489_ses-E22262_run-1_bp-chest_vp-pa_dx,sub-S08489,unet,1002,0.4673661261824858,0.30494310100809136,104.12012293500234,38.251326553236204,predictions/masks/qata_test_sub-S08489_ses-E22262_run-1_bp-chest_vp-pa_dx.png,predictions/probabilities/qata_test_sub-S08489_ses-E22262_run-1_bp-chest_vp-pa_dx.npy
qata_test_sub-S08489_ses-E22906_run-1_bp-chest_vp-ap_dx,sub-S08489,unet,1002,0.825540586439199,0.7029111239694831,23.415804583323464,5.007226080629777,predictions/masks/qata_test_sub-S08489_ses-E22906_run-1_bp-chest_vp-ap_dx.png,predictions/probabilities/qata_test_sub-S08489_ses-E22906_run-1_bp-chest_vp-ap_dx.npy
qata_test_sub-S08489_ses-E23228_run-1_bp-chest_vp-ap_cr,sub-S08489,unet,1002,0.8666560796153372,0.7646893974800122,12.157277151896242,3.115292046791755,predictions/masks/qata_test_sub-S08489_ses-E23228_run-1_bp-chest_vp-ap_cr.png,predictions/probabilities/qata_test_sub-S08489_ses-E23228_run-1_bp-chest_vp-ap_cr.npy
qata_test_sub-S08498_ses-E18204_run-1_bp-chest_vp-ap_dx,sub-S08498,unet,1002,0.8530548004016808,0.7437624750530968,12.26742096872471,3.302717175487981,predictions/masks/qata_test_sub-S08498_ses-E18204_run-1_bp-chest_vp-ap_dx.png,predictions/probabilities/qata_test_sub-S08498_ses-E18204_run-1_bp-chest_vp-ap_dx.npy
qata_test_sub-S08651_ses-E17664_run-1_bp-chest_vp-ap_dx,sub-S08651,unet,1002,0.8892846542033457,0.8006413682629268,5.656854249492381,1.870904998777894,predictions/masks/qata_test_sub-S08651_ses-E17664_run-1_bp-chest_vp-ap_dx.png,predictions/probabilities/qata_test_sub-S08651_ses-E17664_run-1_bp-chest_vp-ap_dx.npy
qata_test_sub-S09308_ses-E16093_run-1_bp-chest_vp-ap_dx,sub-S09308,unet,1002,0.8950689413438871,0.8100676819031275,5.0,1.6950391863943184,predictions/masks/qata_test_sub-S09308_ses-E16093_run-1_bp-chest_vp-ap_dx.png,predictions/probabilities/qata_test_sub-S09308_ses-E16093_run-1_bp-chest_vp-ap_dx.npy
qata_test_sub-S09308_ses-E16127_acq-1_run-1_bp-chest_vp-ap_dx,sub-S09308,unet,1002,0.2836694860583169,0.16527672485479325,24.77899877889703,8.039062043773415,predictions/masks/qata_test_sub-S09308_ses-E16127_acq-1_run-1_bp-chest_vp-ap_dx.png,predictions/probabilities/qata_test_sub-S09308_ses-E16127_acq-1_run-1_bp-chest_vp-ap_dx.npy
qata_test_sub-S09308_ses-E17371_acq-2_run-1_bp-chest_vp-ap_dx,sub-S09308,unet,1002,0.22611850062798916,0.12747102934125867,88.12457375921623,32.91720496427714,predictions/masks/qata_test_sub-S09308_ses-E17371_acq-2_run-1_bp-chest_vp-ap_dx.png,predictions/probabilities/qata_test_sub-S09308_ses-E17371_acq-2_run-1_bp-chest_vp-ap_dx.npy
qata_test_sub-S09308_ses-E17491_run-1_bp-chest_vp-ap_dx,sub-S09308,unet,1002,0.5963682701625879,0.42487517024853044,65.64259208169678,11.759473215586688,predictions/masks/qata_test_sub-S09308_ses-E17491_run-1_bp-chest_vp-ap_dx.png,predictions/probabilities/qata_test_sub-S09308_ses-E17491_run-1_bp-chest_vp-ap_dx.npy
qata_test_sub-S09308_ses-E18798_run-1_bp-chest_vp-ap_cr,sub-S09308,unet,1002,0.862552966103515,0.7583236321360111,12.039514849852678,2.556656274742735,predictions/masks/qata_test_sub-S09308_ses-E18798_run-1_bp-chest_vp-ap_cr.png,predictions/probabilities/qata_test_sub-S09308_ses-E18798_run-1_bp-chest_vp-ap_cr.npy
qata_test_sub-S09308_ses-E19031_run-1_bp-chest_vp-ap_dx,sub-S09308,unet,1002,0.21497359429613278,0.12043160460980801,33.36988362358887,13.680988645430658,predictions/masks/qata_test_sub-S09308_ses-E19031_run-1_bp-chest_vp-ap_dx.png,predictions/probabilities/qata_test_sub-S09308_ses-E19031_run-1_bp-chest_vp-ap_dx.npy
qata_test_sub-S09308_ses-E19513_run-1_bp-chest_vp-ap_dx,sub-S09308,unet,1002,0.5645778762932787,0.39331836048867724,25.00299880095904,8.661769547652423,predictions/masks/qata_test_sub-S09308_ses-E19513_run-1_bp-chest_vp-ap_dx.png,predictions/probabilities/qata_test_sub-S09308_ses-E19513_run-1_bp-chest_vp-ap_dx.npy
qata_test_sub-S09308_ses-E20237_run-1_bp-chest_vp-ap_dx,sub-S09308,unet,1002,0.3038105046702466,0.1791135398191188,92.04754187348998,30.097622552323337,predictions/masks/qata_test_sub-S09308_ses-E20237_run-1_bp-chest_vp-ap_dx.png,predictions/probabilities/qata_test_sub-S09308_ses-E20237_run-1_bp-chest_vp-ap_dx.npy
qata_test_sub-S09308_ses-E20323_run-2_bp-chest_vp-ap_dx,sub-S09308,unet,1002,0.15779092704246078,0.08565310494952749,104.02787704120479,42.59900256589039,predictions/masks/qata_test_sub-S09308_ses-E20323_run-2_bp-chest_vp-ap_dx.png,predictions/probabilities/qata_test_sub-S09308_ses-E20323_run-2_bp-chest_vp-ap_dx.npy
qata_test_sub-S09308_ses-E20733_acq-2_run-1_bp-chest_vp-ap_dx,sub-S09308,unet,1002,0.7884267631230605,0.650746268691468,7.280109889280518,2.909638647063311,predictions/masks/qata_test_sub-S09308_ses-E20733_acq-2_run-1_bp-chest_vp-ap_dx.png,predictions/probabilities/qata_test_sub-S09308_ses-E20733_acq-2_run-1_bp-chest_vp-ap_dx.npy
qata_test_sub-S09308_ses-E22400_run-1_bp-chest_vp-ap_dx,sub-S09308,unet,1002,0.9336885167925632,0.8756245538922979,9.219544457292887,2.0447238845711215,predictions/masks/qata_test_sub-S09308_ses-E22400_run-1_bp-chest_vp-ap_dx.png,predictions/probabilities/qata_test_sub-S09308_ses-E22400_run-1_bp-chest_vp-ap_dx.npy
qata_test_sub-S09308_ses-E25907_run-1_bp-chest_vp-ap_dx,sub-S09308,unet,1002,0.430848570102418,0.2745742456147423,86.68851526093269,39.05563783128565,predictions/masks/qata_test_sub-S09308_ses-E25907_run-1_bp-chest_vp-ap_dx.png,predictions/probabilities/qata_test_sub-S09308_ses-E25907_run-1_bp-chest_vp-ap_dx.npy
qata_test_sub-S09309_ses-E16094_run-1_bp-chest_vp-ap_cr,sub-S09309,unet,1002,0.8442752933726271,0.7305159165788897,12.24724593101352,4.034609206584361,predictions/masks/qata_test_sub-S09309_ses-E16094_run-1_bp-chest_vp-ap_cr.png,predictions/probabilities/qata_test_sub-S09309_ses-E16094_run-1_bp-chest_vp-ap_cr.npy
qata_test_sub-S09309_ses-E24760_acq-1_run-1_bp-chest_vp-pa_dx,sub-S09309,unet,1002,0.9456309027486971,0.8968689477098634,3.3174234255218025,1.052362126840942,predictions/masks/qata_test_sub-S09309_ses-E24760_acq-1_run-1_bp-chest_vp-pa_dx.png,predictions/probabilities/qata_test_sub-S09309_ses-E24760_acq-1_run-1_bp-chest_vp-pa_dx.npy
qata_test_sub-S09310_ses-E16095_run-1_bp-chest_vp-ap_dx,sub-S09310,unet,1002,1.3440860213247195e-10,1.3440860213247195e-10,107.15987238242006,94.88233141837209,predictions/masks/qata_test_sub-S09310_ses-E16095_run-1_bp-chest_vp-ap_dx.png,predictions/probabilities/qata_test_sub-S09310_ses-E16095_run-1_bp-chest_vp-ap_dx.npy
qata_test_sub-S09310_ses-E24865_run-1_bp-chest_vp-ap_dx,sub-S09310,unet,1002,1.968503936620373e-10,1.968503936620373e-10,116.72531853052703,108.73216664296619,predictions/masks/qata_test_sub-S09310_ses-E24865_run-1_bp-chest_vp-ap_dx.png,predictions/probabilities/qata_test_sub-S09310_ses-E24865_run-1_bp-chest_vp-ap_dx.npy
qata_test_sub-S09311_ses-E20696_run-1_bp-chest_vp-pa_cr,sub-S09311,unet,1002,0.9636850152907512,0.9299151604582575,3.0,0.7985894756474894,predictions/masks/qata_test_sub-S09311_ses-E20696_run-1_bp-chest_vp-pa_cr.png,predictions/probabilities/qata_test_sub-S09311_ses-E20696_run-1_bp-chest_vp-pa_cr.npy
qata_test_sub-S09311_ses-E21848_run-1_bp-chest_vp-ap_cr,sub-S09311,unet,1002,0.9618846694798743,0.9265682156899259,3.0,0.8201501380968904,predictions/masks/qata_test_sub-S09311_ses-E21848_run-1_bp-chest_vp-ap_cr.png,predictions/probabilities/qata_test_sub-S09311_ses-E21848_run-1_bp-chest_vp-ap_cr.npy
qata_test_sub-S09311_ses-E21850_run-1_bp-chest_vp-ap_cr,sub-S09311,unet,1002,0.9639684106616981,0.9304430681287844,2.8284271247461903,0.6889440886843492,predictions/masks/qata_test_sub-S09311_ses-E21850_run-1_bp-chest_vp-ap_cr.png,predictions/probabilities/qata_test_sub-S09311_ses-E21850_run-1_bp-chest_vp-ap_cr.npy
qata_test_sub-S09312_ses-E23677_run-1_bp-chest_vp-ap_dx,sub-S09312,unet,1002,0.9632527595363752,0.9291105121303355,2.23606797749979,0.7997506190288044,predictions/masks/qata_test_sub-S09312_ses-E23677_run-1_bp-chest_vp-ap_dx.png,predictions/probabilities/qata_test_sub-S09312_ses-E23677_run-1_bp-chest_vp-ap_dx.npy
qata_test_sub-S09312_ses-E23812_run-1_bp-chest_vp-ap_dx,sub-S09312,unet,1002,0.928761904762244,0.8669985775260758,14.104872252091472,2.4033123078799186,predictions/masks/qata_test_sub-S09312_ses-E23812_run-1_bp-chest_vp-ap_dx.png,predictions/probabilities/qata_test_sub-S09312_ses-E23812_run-1_bp-chest_vp-ap_dx.npy
qata_test_sub-S09312_ses-E24141_run-1_bp-chest_vp-ap_dx,sub-S09312,unet,1002,0.6497377863745587,0.48119378579390054,15.756733089748954,3.5057819404765684,predictions/masks/qata_test_sub-S09312_ses-E24141_run-1_bp-chest_vp-ap_dx.png,predictions/probabilities/qata_test_sub-S09312_ses-E24141_run-1_bp-chest_vp-ap_dx.npy
qata_test_sub-S09312_ses-E24163_run-1_bp-chest_vp-ap_dx,sub-S09312,unet,1002,0.9485720538354931,0.9021750442303864,7.810249675906654,1.4888593429345374,predictions/masks/qata_test_sub-S09312_ses-E24163_run-1_bp-chest_vp-ap_dx.png,predictions/probabilities/qata_test_sub-S09312_ses-E24163_run-1_bp-chest_vp-ap_dx.npy
qata_test_sub-S09312_ses-E24866_run-1_bp-chest_vp-ap_dx,sub-S09312,unet,1002,0.9641376587486732,0.9307584804989104,2.23606797749979,0.7708007029384923,predictions/masks/qata_test_sub-S09312_ses-E24866_run-1_bp-chest_vp-ap_dx.png,predictions/probabilities/qata_test_sub-S09312_ses-E24866_run-1_bp-chest_vp-ap_dx.npy
qata_test_sub-S09312_ses-E25262_run-1_bp-chest_vp-ap_dx,sub-S09312,unet,1002,0.8368131868146812,0.7194142654744227,24.777838690650032,3.47741703837535,predictions/masks/qata_test_sub-S09312_ses-E25262_run-1_bp-chest_vp-ap_dx.png,predictions/probabilities/qata_test_sub-S09312_ses-E25262_run-1_bp-chest_vp-ap_dx.npy
qata_test_sub-S09312_ses-E26157_run-1_bp-chest_vp-ap_dx,sub-S09312,unet,1002,0.8747773116494755,0.7774259448439486,19.023538406167113,3.4549359917660794,predictions/masks/qata_test_sub-S09312_ses-E26157_run-1_bp-chest_vp-ap_dx.png,predictions/probabilities/qata_test_sub-S09312_ses-E26157_run-1_bp-chest_vp-ap_dx.npy
qata_test_sub-S09313_ses-E16098_run-1_bp-chest_vp-ap_cr,sub-S09313,unet,1002,0.9625276548675157,0.9277622284429193,2.53224755112299,0.9171099519118298,predictions/masks/qata_test_sub-S09313_ses-E16098_run-1_bp-chest_vp-ap_cr.png,predictions/probabilities/qata_test_sub-S09313_ses-E16098_run-1_bp-chest_vp-ap_cr.npy
qata_test_sub-S09313_ses-E16120_run-1_bp-chest_vp-ap_dx,sub-S09313,unet,1002,0.872352979742527,0.7736046511654231,17.0,3.14486448564767,predictions/masks/qata_test_sub-S09313_ses-E16120_run-1_bp-chest_vp-ap_dx.png,predictions/probabilities/qata_test_sub-S09313_ses-E16120_run-1_bp-chest_vp-ap_dx.npy
qata_test_sub-S09313_ses-E20772_run-1_bp-chest_vp-ap_dx,sub-S09313,unet,1002,0.27599927655496476,0.16009232062190323,32.28002478313795,10.402511455643475,predictions/masks/qata_test_sub-S09313_ses-E20772_run-1_bp-chest_vp-ap_dx.png,predictions/probabilities/qata_test_sub-S09313_ses-E20772_run-1_bp-chest_vp-ap_dx.npy
qata_test_sub-S09313_ses-E23360_run-1_bp-chest_vp-ap_dx,sub-S09313,unet,1002,0.8821345415651493,0.7891240711575194,22.822137033170065,3.733574802056488,predictions/masks/qata_test_sub-S09313_ses-E23360_run-1_bp-chest_vp-ap_dx.png,predictions/probabilities/qata_test_sub-S09313_ses-E23360_run-1_bp-chest_vp-ap_dx.npy
qata_test_sub-S09313_ses-E24131_run-1_bp-chest_vp-ap_dx,sub-S09313,unet,1002,0.6366796156242416,0.4670065986882572,41.1503299745467,7.654483231042091,predictions/masks/qata_test_sub-S09313_ses-E24131_run-1_bp-chest_vp-ap_dx.png,predictions/probabilities/qata_test_sub-S09313_ses-E24131_run-1_bp-chest_vp-ap_dx.npy
qata_test_sub-S09313_ses-E24544_run-1_bp-chest_vp-ap_dx,sub-S09313,unet,1002,0.7300410859604444,0.5748540979500779,34.16064345393878,8.47873333706007,predictions/masks/qata_test_sub-S09313_ses-E24544_run-1_bp-chest_vp-ap_dx.png,predictions/probabilities/qata_test_sub-S09313_ses-E24544_run-1_bp-chest_vp-ap_dx.npy
qata_test_sub-S09314_ses-E16099_run-1_bp-chest_vp-ap_cr,sub-S09314,unet,1002,0.9163973584387186,0.8456950207508896,5.0,1.7177024888682615,predictions/masks/qata_test_sub-S09314_ses-E16099_run-1_bp-chest_vp-ap_cr.png,predictions/probabilities/qata_test_sub-S09314_ses-E16099_run-1_bp-chest_vp-ap_cr.npy
qata_test_sub-S09314_ses-E17345_run-1_bp-chest_vp-ap_cr,sub-S09314,unet,1002,0.8077479837333167,0.6774976873302786,41.92606692862997,8.953542566986137,predictions/masks/qata_test_sub-S09314_ses-E17345_run-1_bp-chest_vp-ap_cr.png,predictions/probabilities/qata_test_sub-S09314_ses-E17345_run-1_bp-chest_vp-ap_cr.npy
qata_test_sub-S09314_ses-E17536_run-1_bp-chest_vp-ap_cr,sub-S09314,unet,1002,0.9112875388340413,0.8370323398884427,39.49350201947297,4.196457091231802,predictions/masks/qata_test_sub-S09314_ses-E17536_run-1_bp-chest_vp-ap_cr.png,predictions/probabilities/qata_test_sub-S09314_ses-E17536_run-1_bp-chest_vp-ap_cr.npy
qata_test_sub-S09314_ses-E18183_run-1_bp-chest_vp-ap_cr,sub-S09314,unet,1002,0.9420799540663024,0.8905020352796404,8.94427190999916,1.877737251533685,predictions/masks/qata_test_sub-S09314_ses-E18183_run-1_bp-chest_vp-ap_cr.png,predictions/probabilities/qata_test_sub-S09314_ses-E18183_run-1_bp-chest_vp-ap_cr.npy
qata_test_sub-S09314_ses-E18479_run-1_bp-chest_vp-ap_cr,sub-S09314,unet,1002,0.9324220418630292,0.8733994878381338,5.0396078054371,1.3274462927519326,predictions/masks/qata_test_sub-S09314_ses-E18479_run-1_bp-chest_vp-ap_cr.png,predictions/probabilities/qata_test_sub-S09314_ses-E18479_run-1_bp-chest_vp-ap_cr.npy
qata_test_sub-S09314_ses-E18752_run-1_bp-chest_vp-ap_cr,sub-S09314,unet,1002,0.8836928646872274,0.7916216216272535,8.54400374531753,1.9212725761927196,predictions/masks/qata_test_sub-S09314_ses-E18752_run-1_bp-chest_vp-ap_cr.png,predictions/probabilities/qata_test_sub-S09314_ses-E18752_run-1_bp-chest_vp-ap_cr.npy
qata_test_sub-S09314_ses-E20304_run-1_bp-chest_vp-ap_cr,sub-S09314,unet,1002,0.956351300414954,0.9163536550142104,4.0,0.9796191050038496,predictions/masks/qata_test_sub-S09314_ses-E20304_run-1_bp-chest_vp-ap_cr.png,predictions/probabilities/qata_test_sub-S09314_ses-E20304_run-1_bp-chest_vp-ap_cr.npy
qata_test_sub-S09314_ses-E20960_run-1_bp-chest_vp-ap_cr,sub-S09314,unet,1002,0.8765157984649613,0.7801763454004202,7.211102550927978,1.7366167024252845,predictions/masks/qata_test_sub-S09314_ses-E20960_run-1_bp-chest_vp-ap_cr.png,predictions/probabilities/qata_test_sub-S09314_ses-E20960_run-1_bp-chest_vp-ap_cr.npy
qata_test_sub-S09314_ses-E21527_run-1_bp-chest_vp-ap_cr,sub-S09314,unet,1002,0.898246255024678,0.8152876803214179,11.375340525389397,2.0704453168456554,predictions/masks/qata_test_sub-S09314_ses-E21527_run-1_bp-chest_vp-ap_cr.png,predictions/probabilities/qata_test_sub-S09314_ses-E21527_run-1_bp-chest_vp-ap_cr.npy
qata_test_sub-S09314_ses-E22365_run-1_bp-chest_vp-pa_cr,sub-S09314,unet,1002,0.813956855366817,0.6862792968826592,8.246211251235321,2.470639440504062,predictions/masks/qata_test_sub-S09314_ses-E22365_run-1_bp-chest_vp-pa_cr.png,predictions/probabilities/qata_test_sub-S09314_ses-E22365_run-1_bp-chest_vp-pa_cr.npy
qata_test_sub-S09314_ses-E22839_run-1_bp-chest_vp-ap_cr,sub-S09314,unet,1002,0.8407613741884822,0.7252703243920177,14.810383619421678,2.8478278104365775,predictions/masks/qata_test_sub-S09314_ses-E22839_run-1_bp-chest_vp-ap_cr.png,predictions/probabilities/qata_test_sub-S09314_ses-E22839_run-1_bp-chest_vp-ap_cr.npy
qata_test_sub-S09314_ses-E25542_run-1_bp-chest_vp-ap_cr,sub-S09314,unet,1002,0.9185136178198422,0.8493066884206911,5.830951894845301,1.4365075411311867,predictions/masks/qata_test_sub-S09314_ses-E25542_run-1_bp-chest_vp-ap_cr.png,predictions/probabilities/qata_test_sub-S09314_ses-E25542_run-1_bp-chest_vp-ap_cr.npy
qata_test_sub-S09314_ses-E25840_acq-1_run-1_bp-chest_vp-ap_cr,sub-S09314,unet,1002,0.644754396608311,0.4757472704586406,32.28002478313795,7.568343138124595,predictions/masks/qata_test_sub-S09314_ses-E25840_acq-1_run-1_bp-chest_vp-ap_cr.png,predictions/probabilities/qata_test_sub-S09314_ses-E25840_acq-1_run-1_bp-chest_vp-ap_cr.npy
qata_test_sub-S09314_ses-E26336_acq-1_run-1_bp-chest_vp-ap_cr,sub-S09314,unet,1002,0.8713505815348759,0.7720294426966976,18.39835446178412,3.270533635478483,predictions/masks/qata_test_sub-S09314_ses-E26336_acq-1_run-1_bp-chest_vp-ap_cr.png,predictions/probabilities/qata_test_sub-S09314_ses-E26336_acq-1_run-1_bp-chest_vp-ap_cr.npy
qata_test_sub-S09315_ses-E17116_run-1_bp-chest_vp-ap_cr,sub-S09315,unet,1002,0.6272912424004795,0.45697329384911384,122.97143458285107,19.992832885537023,predictions/masks/qata_test_sub-S09315_ses-E17116_run-1_bp-chest_vp-ap_cr.png,predictions/probabilities/qata_test_sub-S09315_ses-E17116_run-1_bp-chest_vp-ap_cr.npy
qata_test_sub-S09315_ses-E21849_run-1_bp-chest_vp-ap_cr,sub-S09315,unet,1002,0.8214213403541057,0.6969592853513664,79.48568005092497,16.578792207081726,predictions/masks/qata_test_sub-S09315_ses-E21849_run-1_bp-chest_vp-ap_cr.png,predictions/probabilities/qata_test_sub-S09315_ses-E21849_run-1_bp-chest_vp-ap_cr.npy
qata_test_sub-S09315_ses-E23004_run-1_bp-chest_vp-ap_cr,sub-S09315,unet,1002,0.6746143057731686,0.5089947090466672,85.08583741838731,17.0012588651334,predictions/masks/qata_test_sub-S09315_ses-E23004_run-1_bp-chest_vp-ap_cr.png,predictions/probabilities/qata_test_sub-S09315_ses-E23004_run-1_bp-chest_vp-ap_cr.npy
qata_test_sub-S09315_ses-E23347_run-1_bp-chest_vp-ap_cr,sub-S09315,unet,1002,0.5055173849780238,0.3382557815731888,41.792326284912,12.969641531787055,predictions/masks/qata_test_sub-S09315_ses-E23347_run-1_bp-chest_vp-ap_cr.png,predictions/probabilities/qata_test_sub-S09315_ses-E23347_run-1_bp-chest_vp-ap_cr.npy
qata_test_sub-S09317_ses-E19170_run-1_bp-chest_vp-ap_cr,sub-S09317,unet,1002,7.668711655853626e-11,7.668711655853626e-11,89.73850901368932,74.03268065433804,predictions/masks/qata_test_sub-S09317_ses-E19170_run-1_bp-chest_vp-ap_cr.png,predictions/probabilities/qata_test_sub-S09317_ses-E19170_run-1_bp-chest_vp-ap_cr.npy
qata_test_sub-S09317_ses-E21228_run-1_bp-chest_vp-pa_cr,sub-S09317,unet,1002,4.580852038269315e-11,4.580852038269315e-11,102.30096003167708,78.47391090243191,predictions/masks/qata_test_sub-S09317_ses-E21228_run-1_bp-chest_vp-pa_cr.png,predictions/probabilities/qata_test_sub-S09317_ses-E21228_run-1_bp-chest_vp-pa_cr.npy
qata_test_sub-S09317_ses-E22213_run-1_bp-chest_vp-ap_dx,sub-S09317,unet,1002,0.6733042937217734,0.5075046904469198,53.180338207276236,12.885365108200057,predictions/masks/qata_test_sub-S09317_ses-E22213_run-1_bp-chest_vp-ap_dx.png,predictions/probabilities/qata_test_sub-S09317_ses-E22213_run-1_bp-chest_vp-ap_dx.npy
qata_test_sub-S09317_ses-E23874_run-1_bp-chest_vp-ap_dx,sub-S09317,unet,1002,0.6882644628202227,0.5246975806691181,69.92561548113129,15.003660183215464,predictions/masks/qata_test_sub-S09317_ses-E23874_run-1_bp-chest_vp-ap_dx.png,predictions/probabilities/qata_test_sub-S09317_ses-E23874_run-1_bp-chest_vp-ap_dx.npy
qata_test_sub-S09317_ses-E24206_run-1_bp-chest_vp-ap_cr,sub-S09317,unet,1002,0.26135936916029445,0.15032397411877652,110.64131228742103,45.341350620096826,predictions/masks/qata_test_sub-S09317_ses-E24206_run-1_bp-chest_vp-ap_cr.png,predictions/probabilities/qata_test_sub-S09317_ses-E24206_run-1_bp-chest_vp-ap_cr.npy
qata_test_sub-S09317_ses-E26697_run-1_bp-chest_vp-pa_cr,sub-S09317,unet,1002,0.7741357693037052,0.6315020455981443,14.696299468557896,4.083594365184886,predictions/masks/qata_test_sub-S09317_ses-E26697_run-1_bp-chest_vp-pa_cr.png,predictions/probabilities/qata_test_sub-S09317_ses-E26697_run-1_bp-chest_vp-pa_cr.npy
qata_test_sub-S09318_ses-E16103_run-1_bp-chest_vp-ap_cr,sub-S09318,unet,1002,0.7991608024835039,0.6655019290990355,21.095023109728988,4.941820881021166,predictions/masks/qata_test_sub-S09318_ses-E16103_run-1_bp-chest_vp-ap_cr.png,predictions/probabilities/qata_test_sub-S09318_ses-E16103_run-1_bp-chest_vp-ap_cr.npy
qata_test_sub-S09318_ses-E16124_run-1_bp-chest_vp-ap_cr,sub-S09318,unet,1002,0.5088382728035454,0.34123614060696816,49.69757310242723,13.420368210276028,predictions/masks/qata_test_sub-S09318_ses-E16124_run-1_bp-chest_vp-ap_cr.png,predictions/probabilities/qata_test_sub-S09318_ses-E16124_run-1_bp-chest_vp-ap_cr.npy
qata_test_sub-S09318_ses-E23380_run-1_bp-chest_vp-ap_cr,sub-S09318,unet,1002,2.6867275657526403e-11,2.6867275657526403e-11,119.69122026430438,76.97558763189815,predictions/masks/qata_test_sub-S09318_ses-E23380_run-1_bp-chest_vp-ap_cr.png,predictions/probabilities/qata_test_sub-S09318_ses-E23380_run-1_bp-chest_vp-ap_cr.npy
qata_test_sub-S09318_ses-E23744_run-1_bp-chest_vp-ap_cr,sub-S09318,unet,1002,0.30349860486577596,0.17889676115438014,69.4686952708316,23.209346212179202,predictions/masks/qata_test_sub-S09318_ses-E23744_run-1_bp-chest_vp-ap_cr.png,predictions/probabilities/qata_test_sub-S09318_ses-E23744_run-1_bp-chest_vp-ap_cr.npy
qata_test_sub-S09318_ses-E23820_run-1_bp-chest_vp-ap_cr,sub-S09318,unet,1002,0.9483450351056397,0.9017644253707466,5.184863101655287,1.266369015995205,predictions/masks/qata_test_sub-S09318_ses-E23820_run-1_bp-chest_vp-ap_cr.png,predictions/probabilities/qata_test_sub-S09318_ses-E23820_run-1_bp-chest_vp-ap_cr.npy
qata_test_sub-S09318_ses-E24145_run-1_bp-chest_vp-ap_cr,sub-S09318,unet,1002,0.5107871720259246,0.34299138608680535,103.33510385519345,28.382655829349016,predictions/masks/qata_test_sub-S09318_ses-E24145_run-1_bp-chest_vp-ap_cr.png,predictions/probabilities/qata_test_sub-S09318_ses-E24145_run-1_bp-chest_vp-ap_cr.npy
qata_test_sub-S09318_ses-E24890_run-1_bp-chest_vp-ap_cr,sub-S09318,unet,1002,0.3084355258353966,0.1823374341068785,80.59402989418727,25.188836384494998,predictions/masks/qata_test_sub-S09318_ses-E24890_run-1_bp-chest_vp-ap_cr.png,predictions/probabilities/qata_test_sub-S09318_ses-E24890_run-1_bp-chest_vp-ap_cr.npy
qata_test_sub-S09318_ses-E24985_run-1_bp-chest_vp-ap_cr,sub-S09318,unet,1002,3.8505968423623183e-11,3.8505968423623183e-11,114.70153493510719,61.82221617642492,predictions/masks/qata_test_sub-S09318_ses-E24985_run-1_bp-chest_vp-ap_cr.png,predictions/probabilities/qata_test_sub-S09318_ses-E24985_run-1_bp-chest_vp-ap_cr.npy
qata_test_sub-S09318_ses-E25824_run-1_bp-chest_vp-ap_cr,sub-S09318,unet,1002,0.6556818182013817,0.48774302624786614,77.68267170912736,17.283826371307438,predictions/masks/qata_test_sub-S09318_ses-E25824_run-1_bp-chest_vp-ap_cr.png,predictions/probabilities/qata_test_sub-S09318_ses-E25824_run-1_bp-chest_vp-ap_cr.npy
qata_test_sub-S09318_ses-E26199_run-1_bp-chest_vp-ap_cr,sub-S09318,unet,1002,0.6429313929406723,0.47376484107722083,45.27692569068709,12.06454437783244,predictions/masks/qata_test_sub-S09318_ses-E26199_run-1_bp-chest_vp-ap_cr.png,predictions/probabilities/qata_test_sub-S09318_ses-E26199_run-1_bp-chest_vp-ap_cr.npy
qata_test_sub-S09319_ses-E16104_run-1_bp-chest_vp-pa_dx,sub-S09319,unet,1002,9.250693801179398e-11,9.250693801179398e-11,102.5402232229838,79.72458190884187,predictions/masks/qata_test_sub-S09319_ses-E16104_run-1_bp-chest_vp-pa_dx.png,predictions/probabilities/qata_test_sub-S09319_ses-E16104_run-1_bp-chest_vp-pa_dx.npy
qata_test_sub-S09319_ses-E20093_run-1_bp-chest_vp-ap_dx,sub-S09319,unet,1002,0.43230115364709765,0.2757552285611344,103.5779899129512,39.72911584773479,predictions/masks/qata_test_sub-S09319_ses-E20093_run-1_bp-chest_vp-ap_dx.png,predictions/probabilities/qata_test_sub-S09319_ses-E20093_run-1_bp-chest_vp-ap_dx.npy
qata_test_sub-S09319_ses-E26763_run-1_bp-chest_vp-ap_dx,sub-S09319,unet,1002,0.9307927937286185,0.8705448188805425,9.685946632215153,1.9254594318908047,predictions/masks/qata_test_sub-S09319_ses-E26763_run-1_bp-chest_vp-ap_dx.png,predictions/probabilities/qata_test_sub-S09319_ses-E26763_run-1_bp-chest_vp-ap_dx.npy
qata_test_sub-S09320_ses-E19508_run-1_bp-chest_vp-ap_cr,sub-S09320,unet,1002,0.8763634147835211,0.7799349240804778,12.36931687685298,3.395752983477975,predictions/masks/qata_test_sub-S09320_ses-E19508_run-1_bp-chest_vp-ap_cr.png,predictions/probabilities/qata_test_sub-S09320_ses-E19508_run-1_bp-chest_vp-ap_cr.npy
qata_test_sub-S09320_ses-E20473_run-1_bp-chest_vp-ap_cr,sub-S09320,unet,1002,0.9040558755066284,0.8249105545656326,6.0,1.7162848198546454,predictions/masks/qata_test_sub-S09320_ses-E20473_run-1_bp-chest_vp-ap_cr.png,predictions/probabilities/qata_test_sub-S09320_ses-E20473_run-1_bp-chest_vp-ap_cr.npy
qata_test_sub-S09320_ses-E21937_run-1_bp-chest_vp-ap_cr,sub-S09320,unet,1002,0.8821598729498977,0.7891646145143177,13.550171522309476,3.9572415660082165,predictions/masks/qata_test_sub-S09320_ses-E21937_run-1_bp-chest_vp-ap_cr.png,predictions/probabilities/qata_test_sub-S09320_ses-E21937_run-1_bp-chest_vp-ap_cr.npy
qata_test_sub-S09320_ses-E22690_run-1_bp-chest_vp-ap_cr,sub-S09320,unet,1002,0.889380530974471,0.8007968127523108,23.013037319865603,5.427717829183035,predictions/masks/qata_test_sub-S09320_ses-E22690_run-1_bp-chest_vp-ap_cr.png,predictions/probabilities/qata_test_sub-S09320_ses-E22690_run-1_bp-chest_vp-ap_cr.npy
qata_test_sub-S09322_ses-E21159_run-1_bp-chest_vp-ap_dx,sub-S09322,unet,1002,0.886481717479235,0.7961088123972523,51.21478174124758,7.32540141047511,predictions/masks/qata_test_sub-S09322_ses-E21159_run-1_bp-chest_vp-ap_dx.png,predictions/probabilities/qata_test_sub-S09322_ses-E21159_run-1_bp-chest_vp-ap_dx.npy
qata_test_sub-S09323_ses-E16108_run-1_bp-chest_vp-ap_cr,sub-S09323,unet,1002,0.3209242619032553,0.19113149851217476,25.06890307834184,8.342533053365921,predictions/masks/qata_test_sub-S09323_ses-E16108_run-1_bp-chest_vp-ap_cr.png,predictions/probabilities/qata_test_sub-S09323_ses-E16108_run-1_bp-chest_vp-ap_cr.npy
qata_test_sub-S09323_ses-E20699_run-1_bp-chest_vp-ap_cr,sub-S09323,unet,1002,0.0019047619998185938,0.0009532889417585043,92.58723947771972,38.72656637376903,predictions/masks/qata_test_sub-S09323_ses-E20699_run-1_bp-chest_vp-ap_cr.png,predictions/probabilities/qata_test_sub-S09323_ses-E20699_run-1_bp-chest_vp-ap_cr.npy
qata_test_sub-S09323_ses-E20955_run-1_bp-chest_vp-ap_dx,sub-S09323,unet,1002,0.8910776361550584,0.8035527690768529,5.313628483749074,1.4232080440403683,predictions/masks/qata_test_sub-S09323_ses-E20955_run-1_bp-chest_vp-ap_dx.png,predictions/probabilities/qata_test_sub-S09323_ses-E20955_run-1_bp-chest_vp-ap_dx.npy
qata_test_sub-S09323_ses-E22350_run-1_bp-chest_vp-ap_dx,sub-S09323,unet,1002,0.606738177975474,0.43548037302715803,45.636585761207584,10.962380103592595,predictions/masks/qata_test_sub-S09323_ses-E22350_run-1_bp-chest_vp-ap_dx.png,predictions/probabilities/qata_test_sub-S09323_ses-E22350_run-1_bp-chest_vp-ap_dx.npy
qata_test_sub-S09324_ses-E19389_run-1_bp-chest_vp-pa_cr,sub-S09324,unet,1002,0.4993630573460993,0.33276740241467073,109.63113103483295,24.846196093291958,predictions/masks/qata_test_sub-S09324_ses-E19389_run-1_bp-chest_vp-pa_cr.png,predictions/probabilities/qata_test_sub-S09324_ses-E19389_run-1_bp-chest_vp-pa_cr.npy
qata_test_sub-S09324_ses-E20634_run-1_bp-chest_vp-pa_cr,sub-S09324,unet,1002,0.293750000031529,0.17216117220449184,31.873946397094567,13.643060474906022,predictions/masks/qata_test_sub-S09324_ses-E20634_run-1_bp-chest_vp-pa_cr.png,predictions/probabilities/qata_test_sub-S09324_ses-E20634_run-1_bp-chest_vp-pa_cr.npy
qata_test_sub-S09325_ses-E16110_run-1_bp-chest_vp-ap_dx,sub-S09325,unet,1002,3.787878786443985e-10,3.787878786443985e-10,316.7838379715733,316.7838379715733,predictions/masks/qata_test_sub-S09325_ses-E16110_run-1_bp-chest_vp-ap_dx.png,predictions/probabilities/qata_test_sub-S09325_ses-E16110_run-1_bp-chest_vp-ap_dx.npy
qata_test_sub-S09325_ses-E20192_run-1_bp-chest_vp-ap_dx,sub-S09325,unet,1002,0.630258302610313,0.46012931040300337,108.11796734049139,27.338070846087064,predictions/masks/qata_test_sub-S09325_ses-E20192_run-1_bp-chest_vp-ap_dx.png,predictions/probabilities/qata_test_sub-S09325_ses-E20192_run-1_bp-chest_vp-ap_dx.npy
qata_test_sub-S09325_ses-E22792_run-1_bp-chest_vp-ap_dx,sub-S09325,unet,1002,0.9206568712193547,0.8529788597076717,39.00512736250492,4.752871811764681,predictions/masks/qata_test_sub-S09325_ses-E22792_run-1_bp-chest_vp-ap_dx.png,predictions/probabilities/qata_test_sub-S09325_ses-E22792_run-1_bp-chest_vp-ap_dx.npy
qata_test_sub-S09326_ses-E19220_run-1_bp-chest_vp-pa_cr,sub-S09326,unet,1002,0.6519944979526826,0.4836734694228793,19.2507374934424,4.067176956242763,predictions/masks/qata_test_sub-S09326_ses-E19220_run-1_bp-chest_vp-pa_cr.png,predictions/probabilities/qata_test_sub-S09326_ses-E19220_run-1_bp-chest_vp-pa_cr.npy
qata_test_sub-S09326_ses-E23374_run-1_bp-chest_vp-pa_cr,sub-S09326,unet,1002,0.77772906620878,0.6362984218338379,5.0,1.8598986566136364,predictions/masks/qata_test_sub-S09326_ses-E23374_run-1_bp-chest_vp-pa_cr.png,predictions/probabilities/qata_test_sub-S09326_ses-E23374_run-1_bp-chest_vp-pa_cr.npy
qata_test_sub-S09327_ses-E16112_run-1_bp-chest_vp-ap_dx,sub-S09327,unet,1002,0.8848135798735616,0.7934221255804101,14.621389572312545,3.4187325351795828,predictions/masks/qata_test_sub-S09327_ses-E16112_run-1_bp-chest_vp-ap_dx.png,predictions/probabilities/qata_test_sub-S09327_ses-E16112_run-1_bp-chest_vp-ap_dx.npy
qata_test_sub-S09328_ses-E16113_run-1_bp-chest_vp-ap_dx,sub-S09328,unet,1002,0.4440093970460451,0.28535480627652965,32.081908652816196,8.768981302141775,predictions/masks/qata_test_sub-S09328_ses-E16113_run-1_bp-chest_vp-ap_dx.png,predictions/probabilities/qata_test_sub-S09328_ses-E16113_run-1_bp-chest_vp-ap_dx.npy
qata_test_sub-S09328_ses-E23378_run-1_bp-chest_vp-ap_dx,sub-S09328,unet,1002,0.7460317460418242,0.5949367088863964,14.713144262939771,3.3361147735860563,predictions/masks/qata_test_sub-S09328_ses-E23378_run-1_bp-chest_vp-ap_dx.png,predictions/probabilities/qata_test_sub-S09328_ses-E23378_run-1_bp-chest_vp-ap_dx.npy
qata_test_sub-S09331_ses-E16729_run-1_bp-chest_vp-ap_dx,sub-S09331,unet,1002,0.9378666347423807,0.8830027051410841,7.211102550927978,1.8136380842279516,predictions/masks/qata_test_sub-S09331_ses-E16729_run-1_bp-chest_vp-ap_dx.png,predictions/probabilities/qata_test_sub-S09331_ses-E16729_run-1_bp-chest_vp-ap_dx.npy
qata_test_sub-S09331_ses-E18504_acq-2_run-1_bp-chest_vp-ap_dx,sub-S09331,unet,1002,0.8726142920558455,0.7740157480340379,22.405289886696416,3.500747851814118,predictions/masks/qata_test_sub-S09331_ses-E18504_acq-2_run-1_bp-chest_vp-ap_dx.png,predictions/probabilities/qata_test_sub-S09331_ses-E18504_acq-2_run-1_bp-chest_vp-ap_dx.npy
qata_test_sub-S09331_ses-E20337_run-1_bp-chest_vp-ap_dx,sub-S09331,unet,1002,0.804625684724554,0.6731160896171956,17.383620118596596,3.839136940519402,predictions/masks/qata_test_sub-S09331_ses-E20337_run-1_bp-chest_vp-ap_dx.png,predictions/probabilities/qata_test_sub-S09331_ses-E20337_run-1_bp-chest_vp-ap_dx.npy
qata_test_sub-S09331_ses-E21867_run-1_bp-chest_vp-ap_dx,sub-S09331,unet,1002,0.9493780734744766,0.9036343612348068,3.0,1.1480624173131713,predictions/masks/qata_test_sub-S09331_ses-E21867_run-1_bp-chest_vp-ap_dx.png,predictions/probabilities/qata_test_sub-S09331_ses-E21867_run-1_bp-chest_vp-ap_dx.npy
qata_test_sub-S09331_ses-E21867_run-2_bp-chest_vp-ap_dx,sub-S09331,unet,1002,0.9060346785802527,0.8282115171673835,12.607409346587353,2.50185371787702,predictions/masks/qata_test_sub-S09331_ses-E21867_run-2_bp-chest_vp-ap_dx.png,predictions/probabilities/qata_test_sub-S09331_ses-E21867_run-2_bp-chest_vp-ap_dx.npy
qata_test_sub-S09331_ses-E21867_run-3_bp-chest_vp-ap_dx,sub-S09331,unet,1002,0.8751848565522391,0.7780699447833543,13.352875634257185,2.8126541337556676,predictions/masks/qata_test_sub-S09331_ses-E21867_run-3_bp-chest_vp-ap_dx.png,predictions/probabilities/qata_test_sub-S09331_ses-E21867_run-3_bp-chest_vp-ap_dx.npy
qata_test_sub-S09331_ses-E26757_run-1_bp-chest_vp-pa_dx,sub-S09331,unet,1002,0.6077595873602206,0.43653350517279216,16.570417700894517,4.402321382438949,predictions/masks/qata_test_sub-S09331_ses-E26757_run-1_bp-chest_vp-pa_dx.png,predictions/probabilities/qata_test_sub-S09331_ses-E26757_run-1_bp-chest_vp-pa_dx.npy
qata_test_sub-S09332_ses-E22940_run-1_bp-chest_vp-pa_cr,sub-S09332,unet,1002,0.7684707903829796,0.6239972096399025,78.49203781276162,13.917009998062522,predictions/masks/qata_test_sub-S09332_ses-E22940_run-1_bp-chest_vp-pa_cr.png,predictions/probabilities/qata_test_sub-S09332_ses-E22940_run-1_bp-chest_vp-pa_cr.npy
qata_test_sub-S09332_ses-E23999_run-1_bp-chest_vp-pa_cr,sub-S09332,unet,1002,0.86351121017617,0.7598061836695937,94.44495069049785,14.092895686971975,predictions/masks/qata_test_sub-S09332_ses-E23999_run-1_bp-chest_vp-pa_cr.png,predictions/probabilities/qata_test_sub-S09332_ses-E23999_run-1_bp-chest_vp-pa_cr.npy
qata_test_sub-S09332_ses-E24659_run-1_bp-chest_vp-pa_cr,sub-S09332,unet,1002,0.8443382133269163,0.7306101344410443,85.63060140103158,12.997915979636717,predictions/masks/qata_test_sub-S09332_ses-E24659_run-1_bp-chest_vp-pa_cr.png,predictions/probabilities/qata_test_sub-S09332_ses-E24659_run-1_bp-chest_vp-pa_cr.npy
qata_test_sub-S09333_ses-E23536_run-1_bp-chest_vp-ap_dx,sub-S09333,unet,1002,0.7558400718805498,0.6075103809422727,38.731887701010855,6.812563108215661,predictions/masks/qata_test_sub-S09333_ses-E23536_run-1_bp-chest_vp-ap_dx.png,predictions/probabilities/qata_test_sub-S09333_ses-E23536_run-1_bp-chest_vp-ap_dx.npy
qata_test_sub-S09333_ses-E23993_run-1_bp-chest_vp-ap_dx,sub-S09333,unet,1002,0.8008441303504081,0.6678398952306798,24.08318915758459,5.382631976912618,predictions/masks/qata_test_sub-S09333_ses-E23993_run-1_bp-chest_vp-ap_dx.png,predictions/probabilities/qata_test_sub-S09333_ses-E23993_run-1_bp-chest_vp-ap_dx.npy
qata_test_sub-S09333_ses-E24256_run-1_bp-chest_vp-ap_cr,sub-S09333,unet,1002,0.6040193524450312,0.432684617450475,106.07921445197422,27.015563750417336,predictions/masks/qata_test_sub-S09333_ses-E24256_run-1_bp-chest_vp-ap_cr.png,predictions/probabilities/qata_test_sub-S09333_ses-E24256_run-1_bp-chest_vp-ap_cr.npy
qata_test_sub-S09333_ses-E24648_run-1_bp-chest_vp-ap_dx,sub-S09333,unet,1002,0.7221642145256557,0.565146337846306,52.11191251331112,7.727379243350002,predictions/masks/qata_test_sub-S09333_ses-E24648_run-1_bp-chest_vp-ap_dx.png,predictions/probabilities/qata_test_sub-S09333_ses-E24648_run-1_bp-chest_vp-ap_dx.npy
qata_test_sub-S09333_ses-E24931_run-1_bp-chest_vp-ap_cr,sub-S09333,unet,1002,0.9309384305068588,0.8707996406132831,12.0,2.0379215525911323,predictions/masks/qata_test_sub-S09333_ses-E24931_run-1_bp-chest_vp-ap_cr.png,predictions/probabilities/qata_test_sub-S09333_ses-E24931_run-1_bp-chest_vp-ap_cr.npy
qata_test_sub-S09334_ses-E20884_run-1_bp-chest_vp-ap_dx,sub-S09334,unet,1002,0.9426178546613663,0.8914637520760137,11.648896312755594,2.140198511847936,predictions/masks/qata_test_sub-S09334_ses-E20884_run-1_bp-chest_vp-ap_dx.png,predictions/probabilities/qata_test_sub-S09334_ses-E20884_run-1_bp-chest_vp-ap_dx.npy
qata_test_sub-S09334_ses-E21425_run-1_bp-chest_vp-ap_dx,sub-S09334,unet,1002,0.8245086241493732,0.7014161405954373,13.341664064126334,3.918420368967787,predictions/masks/qata_test_sub-S09334_ses-E21425_run-1_bp-chest_vp-ap_dx.png,predictions/probabilities/qata_test_sub-S09334_ses-E21425_run-1_bp-chest_vp-ap_dx.npy
qata_test_sub-S09334_ses-E21582_run-1_bp-chest_vp-ap_dx,sub-S09334,unet,1002,0.8577313627006189,0.7509016134150528,16.76305461424021,3.7489878406831156,predictions/masks/qata_test_sub-S09334_ses-E21582_run-1_bp-chest_vp-ap_dx.png,predictions/probabilities/qata_test_sub-S09334_ses-E21582_run-1_bp-chest_vp-ap_dx.npy
qata_test_sub-S09334_ses-E21749_run-1_bp-chest_vp-ap_dx,sub-S09334,unet,1002,0.8640312548200071,0.7606118200763815,36.15765282276345,6.476711913863007,predictions/masks/qata_test_sub-S09334_ses-E21749_run-1_bp-chest_vp-ap_dx.png,predictions/probabilities/qata_test_sub-S09334_ses-E21749_run-1_bp-chest_vp-ap_dx.npy
qata_test_sub-S09334_ses-E21958_run-1_bp-chest_vp-ap_dx,sub-S09334,unet,1002,0.8638706654178545,0.7603629614378185,19.0,3.6563793559188373,predictions/masks/qata_test_sub-S09334_ses-E21958_run-1_bp-chest_vp-ap_dx.png,predictions/probabilities/qata_test_sub-S09334_ses-E21958_run-1_bp-chest_vp-ap_dx.npy
qata_test_sub-S09334_ses-E22097_run-1_bp-chest_vp-ap_dx,sub-S09334,unet,1002,0.8737179890525784,0.7757541899466396,59.47808759268905,9.628908291328377,predictions/masks/qata_test_sub-S09334_ses-E22097_run-1_bp-chest_vp-ap_dx.png,predictions/probabilities/qata_test_sub-S09334_ses-E22097_run-1_bp-chest_vp-ap_dx.npy
qata_test_sub-S09334_ses-E22257_run-1_bp-chest_vp-ap_dx,sub-S09334,unet,1002,0.9070067807560703,0.8298375184654866,16.1245154965971,3.14623231827839,predictions/masks/qata_test_sub-S09334_ses-E22257_run-1_bp-chest_vp-ap_dx.png,predictions/probabilities/qata_test_sub-S09334_ses-E22257_run-1_bp-chest_vp-ap_dx.npy
qata_test_sub-S09334_ses-E22257_run-2_bp-chest_vp-ap_dx,sub-S09334,unet,1002,0.3271537622731577,0.1955671447266791,115.37330681259927,51.90192842736071,predictions/masks/qata_test_sub-S09334_ses-E22257_run-2_bp-chest_vp-ap_dx.png,predictions/probabilities/qata_test_sub-S09334_ses-E22257_run-2_bp-chest_vp-ap_dx.npy
qata_test_sub-S09336_ses-E26268_run-1_bp-chest_vp-pa_cr,sub-S09336,unet,1002,0.8053786270374327,0.6741706161214651,17.46424919657298,4.278705918782848,predictions/masks/qata_test_sub-S09336_ses-E26268_run-1_bp-chest_vp-pa_cr.png,predictions/probabilities/qata_test_sub-S09336_ses-E26268_run-1_bp-chest_vp-pa_cr.npy
qata_test_sub-S09337_ses-E20401_run-1_bp-chest_vp-ap_cr,sub-S09337,unet,1002,0.7112299465274211,0.5518672199250971,24.523554129482054,6.4157889716845355,predictions/masks/qata_test_sub-S09337_ses-E20401_run-1_bp-chest_vp-ap_cr.png,predictions/probabilities/qata_test_sub-S09337_ses-E20401_run-1_bp-chest_vp-ap_cr.npy
qata_test_sub-S09337_ses-E21345_run-1_bp-chest_vp-ap_cr,sub-S09337,unet,1002,0.942298578199394,0.8908927971335174,5.898571136907157,1.3809793267541912,predictions/masks/qata_test_sub-S09337_ses-E21345_run-1_bp-chest_vp-ap_cr.png,predictions/probabilities/qata_test_sub-S09337_ses-E21345_run-1_bp-chest_vp-ap_cr.npy
qata_test_sub-S09337_ses-E21898_run-1_bp-chest_vp-ap_cr,sub-S09337,unet,1002,0.8498966748102593,0.7389741914492332,7.280109889280518,1.9028906158169485,predictions/masks/qata_test_sub-S09337_ses-E21898_run-1_bp-chest_vp-ap_cr.png,predictions/probabilities/qata_test_sub-S09337_ses-E21898_run-1_bp-chest_vp-ap_cr.npy
qata_test_sub-S09337_ses-E23294_run-1_bp-chest_vp-ap_cr,sub-S09337,unet,1002,0.8234610917554833,0.699901283321818,34.1027197381892,4.992713951884699,predictions/masks/qata_test_sub-S09337_ses-E23294_run-1_bp-chest_vp-ap_cr.png,predictions/probabilities/qata_test_sub-S09337_ses-E23294_run-1_bp-chest_vp-ap_cr.npy
qata_test_sub-S09337_ses-E26482_run-1_bp-chest_vp-ap_dx,sub-S09337,unet,1002,0.8620583717368505,0.7575593952516528,23.67483166030515,4.682803611580395,predictions/masks/qata_test_sub-S09337_ses-E26482_run-1_bp-chest_vp-ap_dx.png,predictions/probabilities/qata_test_sub-S09337_ses-E26482_run-1_bp-chest_vp-ap_dx.npy
qata_test_sub-S09338_ses-E19413_run-1_bp-chest_vp-ap_dx,sub-S09338,unet,1002,0.64818181819781,0.4794889038682253,94.52351131419519,23.442429632960437,predictions/masks/qata_test_sub-S09338_ses-E19413_run-1_bp-chest_vp-ap_dx.png,predictions/probabilities/qata_test_sub-S09338_ses-E19413_run-1_bp-chest_vp-ap_dx.npy
qata_test_sub-S09338_ses-E20659_run-1_bp-chest_vp-ap_cr,sub-S09338,unet,1002,1.0752688170886808e-10,1.0752688170886808e-10,316.7838379715733,316.7838379715733,predictions/masks/qata_test_sub-S09338_ses-E20659_run-1_bp-chest_vp-ap_cr.png,predictions/probabilities/qata_test_sub-S09338_ses-E20659_run-1_bp-chest_vp-ap_cr.npy
qata_test_sub-S09338_ses-E24068_run-1_bp-chest_vp-ap_dx,sub-S09338,unet,1002,0.8650742414548047,0.7622298066254574,5.830951894845301,1.4898916501568022,predictions/masks/qata_test_sub-S09338_ses-E24068_run-1_bp-chest_vp-ap_dx.png,predictions/probabilities/qata_test_sub-S09338_ses-E24068_run-1_bp-chest_vp-ap_dx.npy
qata_test_sub-S09339_ses-E16128_acq-1_run-1_bp-chest_vp-pa_dx,sub-S09339,unet,1002,0.15815193251185466,0.08586589488249562,114.57113808772908,63.81621689053793,predictions/masks/qata_test_sub-S09339_ses-E16128_acq-1_run-1_bp-chest_vp-pa_dx.png,predictions/probabilities/qata_test_sub-S09339_ses-E16128_acq-1_run-1_bp-chest_vp-pa_dx.npy
qata_test_sub-S09339_ses-E16833_run-1_bp-chest_vp-ap_dx,sub-S09339,unet,1002,0.43804491414958935,0.28044654941541114,36.326899872237334,8.520337537262838,predictions/masks/qata_test_sub-S09339_ses-E16833_run-1_bp-chest_vp-ap_dx.png,predictions/probabilities/qata_test_sub-S09339_ses-E16833_run-1_bp-chest_vp-ap_dx.npy
qata_test_sub-S09339_ses-E17821_run-1_bp-chest_vp-pa_dx,sub-S09339,unet,1002,7.092198581057291e-11,7.092198581057291e-11,98.91458834471025,83.26611844987877,predictions/masks/qata_test_sub-S09339_ses-E17821_run-1_bp-chest_vp-pa_dx.png,predictions/probabilities/qata_test_sub-S09339_ses-E17821_run-1_bp-chest_vp-pa_dx.npy
qata_test_sub-S09339_ses-E20698_run-1_bp-chest_vp-pa_dx,sub-S09339,unet,1002,0.8455284552959699,0.7323943662314476,74.156552176177,11.67987888290312,predictions/masks/qata_test_sub-S09339_ses-E20698_run-1_bp-chest_vp-pa_dx.png,predictions/probabilities/qata_test_sub-S09339_ses-E20698_run-1_bp-chest_vp-pa_dx.npy
qata_test_sub-S09340_ses-E16129_run-1_bp-chest_vp-ap_cr,sub-S09340,unet,1002,0.9626370977463985,0.9279656093885446,2.23606797749979,0.8881787205199267,predictions/masks/qata_test_sub-S09340_ses-E16129_run-1_bp-chest_vp-ap_cr.png,predictions/probabilities/qata_test_sub-S09340_ses-E16129_run-1_bp-chest_vp-ap_cr.npy
qata_test_sub-S09340_ses-E16136_run-1_bp-chest_vp-ap_cr,sub-S09340,unet,1002,0.9272555800067447,0.8643769780815334,9.848857801796104,2.0374490938784753,predictions/masks/qata_test_sub-S09340_ses-E16136_run-1_bp-chest_vp-ap_cr.png,predictions/probabilities/qata_test_sub-S09340_ses-E16136_run-1_bp-chest_vp-ap_cr.npy
qata_test_sub-S09340_ses-E16283_run-1_bp-chest_vp-ap_cr,sub-S09340,unet,1002,0.9710847868670316,0.9437947602217044,2.8284271247461903,0.7788144683480032,predictions/masks/qata_test_sub-S09340_ses-E16283_run-1_bp-chest_vp-ap_cr.png,predictions/probabilities/qata_test_sub-S09340_ses-E16283_run-1_bp-chest_vp-ap_cr.npy
qata_test_sub-S09340_ses-E16372_run-1_bp-chest_vp-ap_cr,sub-S09340,unet,1002,0.9297277409864501,0.8686833963576408,6.766563145999509,1.807931245781211,predictions/masks/qata_test_sub-S09340_ses-E16372_run-1_bp-chest_vp-ap_cr.png,predictions/probabilities/qata_test_sub-S09340_ses-E16372_run-1_bp-chest_vp-ap_cr.npy
qata_test_sub-S09340_ses-E16560_run-1_bp-chest_vp-ap_cr,sub-S09340,unet,1002,0.8747656040726308,0.7774074514965192,14.317821063276353,2.947847313884995,predictions/masks/qata_test_sub-S09340_ses-E16560_run-1_bp-chest_vp-ap_cr.png,predictions/probabilities/qata_test_sub-S09340_ses-E16560_run-1_bp-chest_vp-ap_cr.npy
qata_test_sub-S09340_ses-E16561_run-1_bp-chest_vp-ap_cr,sub-S09340,unet,1002,0.803468519417227,0.671498019448402,20.778835293504383,5.541830378132132,predictions/masks/qata_test_sub-S09340_ses-E16561_run-1_bp-chest_vp-ap_cr.png,predictions/probabilities/qata_test_sub-S09340_ses-E16561_run-1_bp-chest_vp-ap_cr.npy
qata_test_sub-S09340_ses-E16634_run-1_bp-chest_vp-ap_cr,sub-S09340,unet,1002,0.9562701315720027,0.916204623915512,4.123105625617661,1.1839864672643803,predictions/masks/qata_test_sub-S09340_ses-E16634_run-1_bp-chest_vp-ap_cr.png,predictions/probabilities/qata_test_sub-S09340_ses-E16634_run-1_bp-chest_vp-ap_cr.npy
qata_test_sub-S09340_ses-E16717_run-1_bp-chest_vp-ap_cr,sub-S09340,unet,1002,0.9361648655445076,0.8799905504384598,5.830951894845301,1.6723051196763365,predictions/masks/qata_test_sub-S09340_ses-E16717_run-1_bp-chest_vp-ap_cr.png,predictions/probabilities/qata_test_sub-S09340_ses-E16717_run-1_bp-chest_vp-ap_cr.npy
qata_test_sub-S09340_ses-E17139_run-1_bp-chest_vp-pa_cr,sub-S09340,unet,1002,0.8102740947748959,0.6810594702680554,19.313207915827967,5.164095435274056,predictions/masks/qata_test_sub-S09340_ses-E17139_run-1_bp-chest_vp-pa_cr.png,predictions/probabilities/qata_test_sub-S09340_ses-E17139_run-1_bp-chest_vp-pa_cr.npy
qata_test_sub-S09340_ses-E17282_run-1_bp-chest_vp-ap_cr,sub-S09340,unet,1002,0.8674577127004865,0.7659384752615707,54.380111921393855,5.439525627652015,predictions/masks/qata_test_sub-S09340_ses-E17282_run-1_bp-chest_vp-ap_cr.png,predictions/probabilities/qata_test_sub-S09340_ses-E17282_run-1_bp-chest_vp-ap_cr.npy
qata_test_sub-S09340_ses-E17441_run-1_bp-chest_vp-ap_cr,sub-S09340,unet,1002,0.9577178823412126,0.9188662705764209,5.0,1.224353650287545,predictions/masks/qata_test_sub-S09340_ses-E17441_run-1_bp-chest_vp-ap_cr.png,predictions/probabilities/qata_test_sub-S09340_ses-E17441_run-1_bp-chest_vp-ap_cr.npy
qata_test_sub-S09340_ses-E17520_run-1_bp-chest_vp-ap_cr,sub-S09340,unet,1002,0.9194297613333379,0.8508745923532334,12.066465415673658,3.0055169011607914,predictions/masks/qata_test_sub-S09340_ses-E17520_run-1_bp-chest_vp-ap_cr.png,predictions/probabilities/qata_test_sub-S09340_ses-E17520_run-1_bp-chest_vp-ap_cr.npy
qata_test_sub-S09340_ses-E17621_run-1_bp-chest_vp-ap_cr,sub-S09340,unet,1002,0.5486155827479221,0.3779946761405206,73.58940039408007,15.89054393312932,predictions/masks/qata_test_sub-S09340_ses-E17621_run-1_bp-chest_vp-ap_cr.png,predictions/probabilities/qata_test_sub-S09340_ses-E17621_run-1_bp-chest_vp-ap_cr.npy
qata_test_sub-S09340_ses-E17823_run-1_bp-chest_vp-ap_cr,sub-S09340,unet,1002,0.9444593795368329,0.8947636511828162,6.344197549610781,1.4979900213141852,predictions/masks/qata_test_sub-S09340_ses-E17823_run-1_bp-chest_vp-ap_cr.png,predictions/probabilities/qata_test_sub-S09340_ses-E17823_run-1_bp-chest_vp-ap_cr.npy
qata_test_sub-S09340_ses-E17825_run-1_bp-chest_vp-ap_cr,sub-S09340,unet,1002,0.9695431472082734,0.9408866995079601,2.0,0.7643234432225088,predictions/masks/qata_test_sub-S09340_ses-E17825_run-1_bp-chest_vp-ap_cr.png,predictions/probabilities/qata_test_sub-S09340_ses-E17825_run-1_bp-chest_vp-ap_cr.npy
qata_test_sub-S09340_ses-E17940_run-1_bp-chest_vp-ap_cr,sub-S09340,unet,1002,0.8715994999710006,0.772420341846672,21.95449840010015,5.083077078123871,predictions/masks/qata_test_sub-S09340_ses-E17940_run-1_bp-chest_vp-ap_cr.png,predictions/probabilities/qata_test_sub-S09340_ses-E17940_run-1_bp-chest_vp-ap_cr.npy
qata_test_sub-S09340_ses-E18102_run-1_bp-chest_vp-ap_cr,sub-S09340,unet,1002,0.800897422520083,0.6679140196704558,15.008324094593227,3.525854664478183,predictions/masks/qata_test_sub-S09340_ses-E18102_run-1_bp-chest_vp-ap_cr.png,predictions/probabilities/qata_test_sub-S09340_ses-E18102_run-1_bp-chest_vp-ap_cr.npy
qata_test_sub-S09340_ses-E18484_run-1_bp-chest_vp-ap_cr,sub-S09340,unet,1002,0.8889124781068473,0.8000382153453708,16.0,3.145620579193917,predictions/masks/qata_test_sub-S09340_ses-E18484_run-1_bp-chest_vp-ap_cr.png,predictions/probabilities/qata_test_sub-S09340_ses-E18484_run-1_bp-chest_vp-ap_cr.npy
qata_test_sub-S09340_ses-E18996_run-1_bp-chest_vp-ap_cr,sub-S09340,unet,1002,0.9204258010122237,0.8525822512950055,7.211102550927978,2.222813825227839,predictions/masks/qata_test_sub-S09340_ses-E18996_run-1_bp-chest_vp-ap_cr.png,predictions/probabilities/qata_test_sub-S09340_ses-E18996_run-1_bp-chest_vp-ap_cr.npy
qata_test_sub-S09340_ses-E19161_run-1_bp-chest_vp-ap_cr,sub-S09340,unet,1002,0.9555160952513067,0.9148212728865316,4.123105625617661,1.3077406425000269,predictions/masks/qata_test_sub-S09340_ses-E19161_run-1_bp-chest_vp-ap_cr.png,predictions/probabilities/qata_test_sub-S09340_ses-E19161_run-1_bp-chest_vp-ap_cr.npy
qata_test_sub-S09340_ses-E19480_run-1_bp-chest_vp-ap_cr,sub-S09340,unet,1002,0.9404869251581353,0.8876595744692802,5.0990195135927845,1.6255876703523238,predictions/masks/qata_test_sub-S09340_ses-E19480_run-1_bp-chest_vp-ap_cr.png,predictions/probabilities/qata_test_sub-S09340_ses-E19480_run-1_bp-chest_vp-ap_cr.npy
qata_test_sub-S09340_ses-E19710_run-1_bp-chest_vp-ap_cr,sub-S09340,unet,1002,0.7855541130662955,0.6468415937838012,34.145956568572934,7.209635465694656,predictions/masks/qata_test_sub-S09340_ses-E19710_run-1_bp-chest_vp-ap_cr.png,predictions/probabilities/qata_test_sub-S09340_ses-E19710_run-1_bp-chest_vp-ap_cr.npy
qata_test_sub-S09340_ses-E19860_run-1_bp-chest_vp-ap_cr,sub-S09340,unet,1002,0.8954964354031444,0.8107682619667215,12.806248474865697,3.5344392747552744,predictions/masks/qata_test_sub-S09340_ses-E19860_run-1_bp-chest_vp-ap_cr.png,predictions/probabilities/qata_test_sub-S09340_ses-E19860_run-1_bp-chest_vp-ap_cr.npy
qata_test_sub-S09340_ses-E20710_run-1_bp-chest_vp-ap_cr,sub-S09340,unet,1002,0.9646629934961487,0.9317381562105335,3.1622776601683795,1.0553964601545924,predictions/masks/qata_test_sub-S09340_ses-E20710_run-1_bp-chest_vp-ap_cr.png,predictions/probabilities/qata_test_sub-S09340_ses-E20710_run-1_bp-chest_vp-ap_cr.npy
qata_test_sub-S09340_ses-E20837_run-1_bp-chest_vp-ap_cr,sub-S09340,unet,1002,0.9364356615975938,0.8804692182560111,7.280109889280518,2.0097454740484895,predictions/masks/qata_test_sub-S09340_ses-E20837_run-1_bp-chest_vp-ap_cr.png,predictions/probabilities/qata_test_sub-S09340_ses-E20837_run-1_bp-chest_vp-ap_cr.npy
qata_test_sub-S09340_ses-E21534_run-1_bp-chest_vp-ap_cr,sub-S09340,unet,1002,0.903688886274615,0.8242996672767596,17.88854381999832,3.2914738347004566,predictions/masks/qata_test_sub-S09340_ses-E21534_run-1_bp-chest_vp-ap_cr.png,predictions/probabilities/qata_test_sub-S09340_ses-E21534_run-1_bp-chest_vp-ap_cr.npy
qata_test_sub-S09340_ses-E21862_run-1_bp-chest_vp-ap_cr,sub-S09340,unet,1002,0.8715157512793047,0.7722888044464734,15.279224708316017,3.423960821517571,predictions/masks/qata_test_sub-S09340_ses-E21862_run-1_bp-chest_vp-ap_cr.png,predictions/probabilities/qata_test_sub-S09340_ses-E21862_run-1_bp-chest_vp-ap_cr.npy
qata_test_sub-S09340_ses-E21921_run-1_bp-chest_vp-ap_cr,sub-S09340,unet,1002,0.9738165750012983,0.9489693082918097,2.23606797749979,0.7197880074010797,predictions/masks/qata_test_sub-S09340_ses-E21921_run-1_bp-chest_vp-ap_cr.png,predictions/probabilities/qata_test_sub-S09340_ses-E21921_run-1_bp-chest_vp-ap_cr.npy
qata_test_sub-S09340_ses-E22056_run-1_bp-chest_vp-ap_cr,sub-S09340,unet,1002,0.8712560765260212,0.7718810780804128,8.54400374531753,3.0226791519561886,predictions/masks/qata_test_sub-S09340_ses-E22056_run-1_bp-chest_vp-ap_cr.png,predictions/probabilities/qata_test_sub-S09340_ses-E22056_run-1_bp-chest_vp-ap_cr.npy
qata_test_sub-S09340_ses-E22201_run-1_bp-chest_vp-ap_cr,sub-S09340,unet,1002,0.9537495471564198,0.911588180979783,3.605551275463989,1.2287846884877038,predictions/masks/qata_test_sub-S09340_ses-E22201_run-1_bp-chest_vp-ap_cr.png,predictions/probabilities/qata_test_sub-S09340_ses-E22201_run-1_bp-chest_vp-ap_cr.npy
qata_test_sub-S09340_ses-E23149_run-1_bp-chest_vp-ap_cr,sub-S09340,unet,1002,0.9598912900540925,0.9228759271752961,3.605551275463989,1.2123214645465623,predictions/masks/qata_test_sub-S09340_ses-E23149_run-1_bp-chest_vp-ap_cr.png,predictions/probabilities/qata_test_sub-S09340_ses-E23149_run-1_bp-chest_vp-ap_cr.npy
qata_test_sub-S09341_ses-E16130_run-1_bp-chest_vp-ap_dx,sub-S09341,unet,1002,0.6179337232341194,0.44710860374511874,12.903124237432849,3.965303552935973,predictions/masks/qata_test_sub-S09341_ses-E16130_run-1_bp-chest_vp-ap_dx.png,predictions/probabilities/qata_test_sub-S09341_ses-E16130_run-1_bp-chest_vp-ap_dx.npy
qata_test_sub-S09341_ses-E21404_run-1_bp-chest_vp-ap_cr,sub-S09341,unet,1002,0.7533725354633908,0.6043285238843326,17.337932076467766,3.5778431035419285,predictions/masks/qata_test_sub-S09341_ses-E21404_run-1_bp-chest_vp-ap_cr.png,predictions/probabilities/qata_test_sub-S09341_ses-E21404_run-1_bp-chest_vp-ap_cr.npy
qata_test_sub-S09341_ses-E22065_run-1_bp-chest_vp-ap_cr,sub-S09341,unet,1002,0.788913954244637,0.6514103246593183,17.00146931829632,3.4143832334045605,predictions/masks/qata_test_sub-S09341_ses-E22065_run-1_bp-chest_vp-ap_cr.png,predictions/probabilities/qata_test_sub-S09341_ses-E22065_run-1_bp-chest_vp-ap_cr.npy
qata_test_sub-S09341_ses-E23187_run-1_bp-chest_vp-ap_cr,sub-S09341,unet,1002,0.8027681660956526,0.6705202312297438,10.940917494540166,2.6322658978424722,predictions/masks/qata_test_sub-S09341_ses-E23187_run-1_bp-chest_vp-ap_cr.png,predictions/probabilities/qata_test_sub-S09341_ses-E23187_run-1_bp-chest_vp-ap_cr.npy
qata_test_sub-S09343_ses-E16132_run-1_bp-chest_vp-pa_cr,sub-S09343,unet,1002,0.24481477042027555,0.1394808743286956,122.19229210577384,49.71231922708761,predictions/masks/qata_test_sub-S09343_ses-E16132_run-1_bp-chest_vp-pa_cr.png,predictions/probabilities/qata_test_sub-S09343_ses-E16132_run-1_bp-chest_vp-pa_cr.npy
qata_test_sub-S09343_ses-E16287_run-1_bp-chest_vp-pa_cr,sub-S09343,unet,1002,0.8845302755990518,0.792966636611425,15.811388300841896,2.696944487935172,predictions/masks/qata_test_sub-S09343_ses-E16287_run-1_bp-chest_vp-pa_cr.png,predictions/probabilities/qata_test_sub-S09343_ses-E16287_run-1_bp-chest_vp-pa_cr.npy
qata_test_sub-S09343_ses-E19246_run-1_bp-chest_vp-ap_dx,sub-S09343,unet,1002,0.9517737789205565,0.9079850892690996,5.0,1.2793548195902347,predictions/masks/qata_test_sub-S09343_ses-E19246_run-1_bp-chest_vp-ap_dx.png,predictions/probabilities/qata_test_sub-S09343_ses-E19246_run-1_bp-chest_vp-ap_dx.npy
qata_test_sub-S09343_ses-E19502_run-1_bp-chest_vp-ap_dx,sub-S09343,unet,1002,0.9779405643886708,0.9568333604825148,2.0,0.6399474420760762,predictions/masks/qata_test_sub-S09343_ses-E19502_run-1_bp-chest_vp-ap_dx.png,predictions/probabilities/qata_test_sub-S09343_ses-E19502_run-1_bp-chest_vp-ap_dx.npy
qata_test_sub-S09343_ses-E19736_run-1_bp-chest_vp-ap_dx,sub-S09343,unet,1002,0.9503799731786103,0.9054514480417807,16.01867732448955,2.204601682970667,predictions/masks/qata_test_sub-S09343_ses-E19736_run-1_bp-chest_vp-ap_dx.png,predictions/probabilities/qata_test_sub-S09343_ses-E19736_run-1_bp-chest_vp-ap_dx.npy
qata_test_sub-S09343_ses-E19885_run-1_bp-chest_vp-ap_dx,sub-S09343,unet,1002,0.9675486769846582,0.9371373307548586,2.8284271247461903,0.8933576188402638,predictions/masks/qata_test_sub-S09343_ses-E19885_run-1_bp-chest_vp-ap_dx.png,predictions/probabilities/qata_test_sub-S09343_ses-E19885_run-1_bp-chest_vp-ap_dx.npy
qata_test_sub-S09343_ses-E20470_acq-1_run-1_bp-chest_vp-ap_dx,sub-S09343,unet,1002,0.9775745057540199,0.9561327561331782,2.0,0.5839125281148165,predictions/masks/qata_test_sub-S09343_ses-E20470_acq-1_run-1_bp-chest_vp-ap_dx.png,predictions/probabilities/qata_test_sub-S09343_ses-E20470_acq-1_run-1_bp-chest_vp-ap_dx.npy
qata_test_sub-S09343_ses-E20470_acq-2_run-1_bp-chest_vp-ap_dx,sub-S09343,unet,1002,0.9781836174711971,0.9572988202152025,2.23606797749979,0.5554417589623394,predictions/masks/qata_test_sub-S09343_ses-E20470_acq-2_run-1_bp-chest_vp-ap_dx.png,predictions/probabilities/qata_test_sub-S09343_ses-E20470_acq-2_run-1_bp-chest_vp-ap_dx.npy
qata_test_sub-S09343_ses-E20998_run-1_bp-chest_vp-ap_dx,sub-S09343,unet,1002,0.9737838349423917,0.9489071290238043,2.0,0.6754677338537213,predictions/masks/qata_test_sub-S09343_ses-E20998_run-1_bp-chest_vp-ap_dx.png,predictions/probabilities/qata_test_sub-S09343_ses-E20998_run-1_bp-chest_vp-ap_dx.npy
qata_test_sub-S09343_ses-E21221_run-1_bp-chest_vp-ap_dx,sub-S09343,unet,1002,0.9247533838040563,0.86003840409793,13.341664064126334,2.0679942418406574,predictions/masks/qata_test_sub-S09343_ses-E21221_run-1_bp-chest_vp-ap_dx.png,predictions/probabilities/qata_test_sub-S09343_ses-E21221_run-1_bp-chest_vp-ap_dx.npy
qata_test_sub-S09343_ses-E21405_acq-1_run-1_bp-chest_vp-ap_dx,sub-S09343,unet,1002,0.9747266350321089,0.950699265520166,2.23606797749979,0.6267629818261704,predictions/masks/qata_test_sub-S09343_ses-E21405_acq-1_run-1_bp-chest_vp-ap_dx.png,predictions/probabilities/qata_test_sub-S09343_ses-E21405_acq-1_run-1_bp-chest_vp-ap_dx.npy
qata_test_sub-S09343_ses-E22412_run-1_bp-chest_vp-ap_dx,sub-S09343,unet,1002,0.7730061349712328,0.6300000000050685,56.33466277544828,10.167449670210202,predictions/masks/qata_test_sub-S09343_ses-E22412_run-1_bp-chest_vp-ap_dx.png,predictions/probabilities/qata_test_sub-S09343_ses-E22412_run-1_bp-chest_vp-ap_dx.npy
qata_test_sub-S09343_ses-E23417_run-1_bp-chest_vp-ap_dx,sub-S09343,unet,1002,0.9627757352942602,0.9282233052730157,4.0,1.0893898469314434,predictions/masks/qata_test_sub-S09343_ses-E23417_run-1_bp-chest_vp-ap_dx.png,predictions/probabilities/qata_test_sub-S09343_ses-E23417_run-1_bp-chest_vp-ap_dx.npy
qata_test_sub-S09343_ses-E24578_run-1_bp-chest_vp-ap_dx,sub-S09343,unet,1002,0.9367159632882982,0.88096494534579,12.25,2.367422092079603,predictions/masks/qata_test_sub-S09343_ses-E24578_run-1_bp-chest_vp-ap_dx.png,predictions/probabilities/qata_test_sub-S09343_ses-E24578_run-1_bp-chest_vp-ap_dx.npy
qata_test_sub-S09343_ses-E25885_run-1_bp-chest_vp-ap_dx,sub-S09343,unet,1002,0.9760765550240346,0.9532710280378072,1.4142135623730951,0.6298246287201066,predictions/masks/qata_test_sub-S09343_ses-E25885_run-1_bp-chest_vp-ap_dx.png,predictions/probabilities/qata_test_sub-S09343_ses-E25885_run-1_bp-chest_vp-ap_dx.npy
qata_test_sub-S09343_ses-E26378_run-1_bp-chest_vp-ap_dx,sub-S09343,unet,1002,0.9629319020464486,0.9285136665055109,4.0,1.0581671902028125,predictions/masks/qata_test_sub-S09343_ses-E26378_run-1_bp-chest_vp-ap_dx.png,predictions/probabilities/qata_test_sub-S09343_ses-E26378_run-1_bp-chest_vp-ap_dx.npy
qata_test_sub-S09345_ses-E16134_run-1_bp-chest_vp-ap_dx,sub-S09345,unet,1002,0.9563411961476651,0.916335101680854,13.601470508735442,2.1476462269973653,predictions/masks/qata_test_sub-S09345_ses-E16134_run-1_bp-chest_vp-ap_dx.png,predictions/probabilities/qata_test_sub-S09345_ses-E16134_run-1_bp-chest_vp-ap_dx.npy
qata_test_sub-S09345_ses-E16570_run-1_bp-chest_vp-ap_dx,sub-S09345,unet,1002,0.9609729284048305,0.9248776616859559,3.0,0.9218932240902898,predictions/masks/qata_test_sub-S09345_ses-E16570_run-1_bp-chest_vp-ap_dx.png,predictions/probabilities/qata_test_sub-S09345_ses-E16570_run-1_bp-chest_vp-ap_dx.npy
qata_test_sub-S09345_ses-E16638_run-1_bp-chest_vp-ap_dx,sub-S09345,unet,1002,0.7443311836957701,0.5927766733070651,79.81256341814625,11.29457358584913,predictions/masks/qata_test_sub-S09345_ses-E16638_run-1_bp-chest_vp-ap_dx.png,predictions/probabilities/qata_test_sub-S09345_ses-E16638_run-1_bp-chest_vp-ap_dx.npy
qata_test_sub-S09345_ses-E16721_run-1_bp-chest_vp-ap_dx,sub-S09345,unet,1002,0.9542441180296748,0.9124922312005905,8.0,1.541102658950758,predictions/masks/qata_test_sub-S09345_ses-E16721_run-1_bp-chest_vp-ap_dx.png,predictions/probabilities/qata_test_sub-S09345_ses-E16721_run-1_bp-chest_vp-ap_dx.npy
qata_test_sub-S09345_ses-E16849_run-1_bp-chest_vp-ap_dx,sub-S09345,unet,1002,0.9367786611955836,0.881075865397647,9.848857801796104,2.0839430326402275,predictions/masks/qata_test_sub-S09345_ses-E16849_run-1_bp-chest_vp-ap_dx.png,predictions/probabilities/qata_test_sub-S09345_ses-E16849_run-1_bp-chest_vp-ap_dx.npy
qata_test_sub-S09345_ses-E17143_run-1_bp-chest_vp-ap_dx,sub-S09345,unet,1002,0.9442128494363401,0.8943212170491891,6.324555320336759,1.4540150077319083,predictions/masks/qata_test_sub-S09345_ses-E17143_run-1_bp-chest_vp-ap_dx.png,predictions/probabilities/qata_test_sub-S09345_ses-E17143_run-1_bp-chest_vp-ap_dx.npy
qata_test_sub-S09345_ses-E17487_run-1_bp-chest_vp-ap_dx,sub-S09345,unet,1002,0.28424531769062633,0.16566780825489438,141.7528727523469,54.198215984676686,predictions/masks/qata_test_sub-S09345_ses-E17487_run-1_bp-chest_vp-ap_dx.png,predictions/probabilities/qata_test_sub-S09345_ses-E17487_run-1_bp-chest_vp-ap_dx.npy
qata_test_sub-S09345_ses-E17554_run-1_bp-chest_vp-ap_dx,sub-S09345,unet,1002,0.2680067001981572,0.15473887818400683,150.01416595378373,61.048736011931034,predictions/masks/qata_test_sub-S09345_ses-E17554_run-1_bp-chest_vp-ap_dx.png,predictions/probabilities/qata_test_sub-S09345_ses-E17554_run-1_bp-chest_vp-ap_dx.npy
qata_test_sub-S09345_ses-E17826_run-1_bp-chest_vp-ap_dx,sub-S09345,unet,1002,0.5680868838853783,0.39673278881573126,34.49634001949073,10.165607916718875,predictions/masks/qata_test_sub-S09345_ses-E17826_run-1_bp-chest_vp-ap_dx.png,predictions/probabilities/qata_test_sub-S09345_ses-E17826_run-1_bp-chest_vp-ap_dx.npy
qata_test_sub-S09345_ses-E18501_run-1_bp-chest_vp-ap_dx,sub-S09345,unet,1002,0.9740766476028966,0.9494633739715592,2.8284271247461903,0.6869268466762722,predictions/masks/qata_test_sub-S09345_ses-E18501_run-1_bp-chest_vp-ap_dx.png,predictions/probabilities/qata_test_sub-S09345_ses-E18501_run-1_bp-chest_vp-ap_dx.npy
qata_test_sub-S09345_ses-E22211_run-1_bp-chest_vp-pa_cr,sub-S09345,unet,1002,0.9608864850606103,0.9247175320563067,3.605551275463989,1.5148029437282566,predictions/masks/qata_test_sub-S09345_ses-E22211_run-1_bp-chest_vp-pa_cr.png,predictions/probabilities/qata_test_sub-S09345_ses-E22211_run-1_bp-chest_vp-pa_cr.npy
qata_test_sub-S09346_ses-E16135_run-1_bp-chest_vp-ap_dx,sub-S09346,unet,1002,0.9695759861004415,0.9409485542086464,3.0,0.9725839452453365,predictions/masks/qata_test_sub-S09346_ses-E16135_run-1_bp-chest_vp-ap_dx.png,predictions/probabilities/qata_test_sub-S09346_ses-E16135_run-1_bp-chest_vp-ap_dx.npy
qata_test_sub-S09346_ses-E17546_run-1_bp-chest_vp-ap_cr,sub-S09346,unet,1002,0.9683979974969947,0.938732180770862,2.8284271247461903,0.9456441593585301,predictions/masks/qata_test_sub-S09346_ses-E17546_run-1_bp-chest_vp-ap_cr.png,predictions/probabilities/qata_test_sub-S09346_ses-E17546_run-1_bp-chest_vp-ap_cr.npy
qata_test_sub-S09346_ses-E17630_run-1_bp-chest_vp-ap_cr,sub-S09346,unet,1002,0.8972706595910858,0.8136816775540248,9.055385138137417,2.4175381584327935,predictions/masks/qata_test_sub-S09346_ses-E17630_run-1_bp-chest_vp-ap_cr.png,predictions/probabilities/qata_test_sub-S09346_ses-E17630_run-1_bp-chest_vp-ap_cr.npy
qata_test_sub-S09346_ses-E18497_run-1_bp-chest_vp-ap_cr,sub-S09346,unet,1002,0.9757471827536512,0.9526429083954984,3.0,0.7212893941497756,predictions/masks/qata_test_sub-S09346_ses-E18497_run-1_bp-chest_vp-ap_cr.png,predictions/probabilities/qata_test_sub-S09346_ses-E18497_run-1_bp-chest_vp-ap_cr.npy
qata_test_sub-S09346_ses-E20318_run-1_bp-chest_vp-ap_cr,sub-S09346,unet,1002,0.4081632653126867,0.2564102564206186,42.26546814058395,13.37766707448997,predictions/masks/qata_test_sub-S09346_ses-E20318_run-1_bp-chest_vp-ap_cr.png,predictions/probabilities/qata_test_sub-S09346_ses-E20318_run-1_bp-chest_vp-ap_cr.npy
qata_test_sub-S09346_ses-E20846_run-1_bp-chest_vp-ap_cr,sub-S09346,unet,1002,0.9601519628536929,0.9233579605429622,4.28016927383946,1.3805970719829361,predictions/masks/qata_test_sub-S09346_ses-E20846_run-1_bp-chest_vp-ap_cr.png,predictions/probabilities/qata_test_sub-S09346_ses-E20846_run-1_bp-chest_vp-ap_cr.npy
qata_test_sub-S09346_ses-E22383_run-1_bp-chest_vp-ap_dx,sub-S09346,unet,1002,0.8073709209261705,0.6769673279764218,18.99735019425384,6.018819077208288,predictions/masks/qata_test_sub-S09346_ses-E22383_run-1_bp-chest_vp-ap_dx.png,predictions/probabilities/qata_test_sub-S09346_ses-E22383_run-1_bp-chest_vp-ap_dx.npy
qata_test_sub-S09346_ses-E23030_run-1_bp-chest_vp-ap_cr,sub-S09346,unet,1002,0.9695200767211378,0.9408432467432156,2.8284271247461903,0.9133375798345404,predictions/masks/qata_test_sub-S09346_ses-E23030_run-1_bp-chest_vp-ap_cr.png,predictions/probabilities/qata_test_sub-S09346_ses-E23030_run-1_bp-chest_vp-ap_cr.npy
qata_test_sub-S09346_ses-E23164_run-1_bp-chest_vp-ap_dx,sub-S09346,unet,1002,0.9684725357412773,0.9388722736892635,2.23606797749979,0.9549947204999907,predictions/masks/qata_test_sub-S09346_ses-E23164_run-1_bp-chest_vp-ap_dx.png,predictions/probabilities/qata_test_sub-S09346_ses-E23164_run-1_bp-chest_vp-ap_dx.npy
qata_test_sub-S09346_ses-E23809_run-1_bp-chest_vp-ap_dx,sub-S09346,unet,1002,0.7931509830966179,0.6572081279348657,21.18962010041709,5.777041417415824,predictions/masks/qata_test_sub-S09346_ses-E23809_run-1_bp-chest_vp-ap_dx.png,predictions/probabilities/qata_test_sub-S09346_ses-E23809_run-1_bp-chest_vp-ap_dx.npy
qata_test_sub-S09346_ses-E24900_run-2_bp-chest_vp-ap_dx,sub-S09346,unet,1002,0.8111170497070491,0.6822513936370953,38.91270557592041,6.874732063580625,predictions/masks/qata_test_sub-S09346_ses-E24900_run-2_bp-chest_vp-ap_dx.png,predictions/probabilities/qata_test_sub-S09346_ses-E24900_run-2_bp-chest_vp-ap_dx.npy
qata_test_sub-S09346_ses-E25008_run-1_bp-chest_vp-ap_dx,sub-S09346,unet,1002,0.6755109358221987,0.5100162425621275,23.003259329966397,7.291515432657922,predictions/masks/qata_test_sub-S09346_ses-E25008_run-1_bp-chest_vp-ap_dx.png,predictions/probabilities/qata_test_sub-S09346_ses-E25008_run-1_bp-chest_vp-ap_dx.npy
qata_test_sub-S09346_ses-E25008_run-2_bp-chest_vp-ap_dx,sub-S09346,unet,1002,0.8449092586905881,0.7314657008976196,20.248456731316587,4.565307985773563,predictions/masks/qata_test_sub-S09346_ses-E25008_run-2_bp-chest_vp-ap_dx.png,predictions/probabilities/qata_test_sub-S09346_ses-E25008_run-2_bp-chest_vp-ap_dx.npy
qata_test_sub-S09346_ses-E26158_run-1_bp-chest_vp-ap_dx,sub-S09346,unet,1002,0.7121900364903404,0.5530241702376196,101.99410163806454,31.362164437881482,predictions/masks/qata_test_sub-S09346_ses-E26158_run-1_bp-chest_vp-ap_dx.png,predictions/probabilities/qata_test_sub-S09346_ses-E26158_run-1_bp-chest_vp-ap_dx.npy
qata_test_sub-S09348_ses-E16138_run-1_bp-chest_vp-ap_dx,sub-S09348,unet,1002,0.9661651826836588,0.9345450225714593,2.8284271247461903,0.8247797429880662,predictions/masks/qata_test_sub-S09348_ses-E16138_run-1_bp-chest_vp-ap_dx.png,predictions/probabilities/qata_test_sub-S09348_ses-E16138_run-1_bp-chest_vp-ap_dx.npy
qata_test_sub-S09348_ses-E16556_run-1_bp-chest_vp-ap_dx,sub-S09348,unet,1002,0.8312006824491832,0.7111577410846531,23.125587752268896,3.8718016002698734,predictions/masks/qata_test_sub-S09348_ses-E16556_run-1_bp-chest_vp-ap_dx.png,predictions/probabilities/qata_test_sub-S09348_ses-E16556_run-1_bp-chest_vp-ap_dx.npy
qata_test_sub-S09348_ses-E16624_run-1_bp-chest_vp-ap_dx,sub-S09348,unet,1002,0.9182292673504907,0.8488205861356537,6.4031242374328485,1.6246628978223716,predictions/masks/qata_test_sub-S09348_ses-E16624_run-1_bp-chest_vp-ap_dx.png,predictions/probabilities/qata_test_sub-S09348_ses-E16624_run-1_bp-chest_vp-ap_dx.npy
qata_test_sub-S09348_ses-E16712_run-1_bp-chest_vp-ap_dx,sub-S09348,unet,1002,0.9527213315638444,0.9097113884572989,4.0,0.9291512446486154,predictions/masks/qata_test_sub-S09348_ses-E16712_run-1_bp-chest_vp-ap_dx.png,predictions/probabilities/qata_test_sub-S09348_ses-E16712_run-1_bp-chest_vp-ap_dx.npy
qata_test_sub-S09348_ses-E16831_run-1_bp-chest_vp-ap_dx,sub-S09348,unet,1002,0.8528725358763947,0.7434854125206174,15.152506002682792,3.2807027760292686,predictions/masks/qata_test_sub-S09348_ses-E16831_run-1_bp-chest_vp-ap_dx.png,predictions/probabilities/qata_test_sub-S09348_ses-E16831_run-1_bp-chest_vp-ap_dx.npy
qata_test_sub-S09348_ses-E17140_run-1_bp-chest_vp-ap_dx,sub-S09348,unet,1002,0.7977306752832896,0.6635207759907783,16.143102851480943,3.5951141258175356,predictions/masks/qata_test_sub-S09348_ses-E17140_run-1_bp-chest_vp-ap_dx.png,predictions/probabilities/qata_test_sub-S09348_ses-E17140_run-1_bp-chest_vp-ap_dx.npy
qata_test_sub-S09348_ses-E17343_run-1_bp-chest_vp-ap_dx,sub-S09348,unet,1002,0.7952684258443355,0.6601208459287846,21.18962010041709,5.245954919236537,predictions/masks/qata_test_sub-S09348_ses-E17343_run-1_bp-chest_vp-ap_dx.png,predictions/probabilities/qata_test_sub-S09348_ses-E17343_run-1_bp-chest_vp-ap_dx.npy
qata_test_sub-S09348_ses-E17822_run-1_bp-chest_vp-ap_dx,sub-S09348,unet,1002,0.7987541097110442,0.6649380582061384,69.33072698478034,8.875636882074016,predictions/masks/qata_test_sub-S09348_ses-E17822_run-1_bp-chest_vp-ap_dx.png,predictions/probabilities/qata_test_sub-S09348_ses-E17822_run-1_bp-chest_vp-ap_dx.npy
qata_test_sub-S09348_ses-E18478_run-1_bp-chest_vp-ap_dx,sub-S09348,unet,1002,0.7897168106087624,0.6525058081761532,44.60427659178613,6.513633575730895,predictions/masks/qata_test_sub-S09348_ses-E18478_run-1_bp-chest_vp-ap_dx.png,predictions/probabilities/qata_test_sub-S09348_ses-E18478_run-1_bp-chest_vp-ap_dx.npy
qata_test_sub-S09348_ses-E18751_run-1_bp-chest_cr,sub-S09348,unet,1002,0.8038092701131873,0.6719741676909923,27.05456154215955,5.268838357197901,predictions/masks/qata_test_sub-S09348_ses-E18751_run-1_bp-chest_cr.png,predictions/probabilities/qata_test_sub-S09348_ses-E18751_run-1_bp-chest_cr.npy
qata_test_sub-S09348_ses-E19000_run-1_bp-chest_cr,sub-S09348,unet,1002,0.9307807926593562,0.8705238236183704,6.066210024238572,1.5146644982888957,predictions/masks/qata_test_sub-S09348_ses-E19000_run-1_bp-chest_cr.png,predictions/probabilities/qata_test_sub-S09348_ses-E19000_run-1_bp-chest_cr.npy
qata_test_sub-S09348_ses-E19460_run-1_bp-chest_cr,sub-S09348,unet,1002,0.9109012523105019,0.8363807728588807,11.0,2.2233090845129184,predictions/masks/qata_test_sub-S09348_ses-E19460_run-1_bp-chest_cr.png,predictions/probabilities/qata_test_sub-S09348_ses-E19460_run-1_bp-chest_cr.npy
qata_test_sub-S09348_ses-E19717_run-1_bp-chest_cr,sub-S09348,unet,1002,0.8774808150315121,0.7817067421062124,12.0,2.6982470943006764,predictions/masks/qata_test_sub-S09348_ses-E19717_run-1_bp-chest_cr.png,predictions/probabilities/qata_test_sub-S09348_ses-E19717_run-1_bp-chest_cr.npy
qata_test_sub-S09348_ses-E20223_run-1_bp-chest_vp-ap_dx,sub-S09348,unet,1002,0.8992713244754047,0.8169781931480012,16.0,2.525892605502163,predictions/masks/qata_test_sub-S09348_ses-E20223_run-1_bp-chest_vp-ap_dx.png,predictions/probabilities/qata_test_sub-S09348_ses-E20223_run-1_bp-chest_vp-ap_dx.npy
qata_test_sub-S09348_ses-E20308_run-1_bp-chest_vp-ap_dx,sub-S09348,unet,1002,0.8734347717641635,0.7753077672502409,14.0,2.472149477185755,predictions/masks/qata_test_sub-S09348_ses-E20308_run-1_bp-chest_vp-ap_dx.png,predictions/probabilities/qata_test_sub-S09348_ses-E20308_run-1_bp-chest_vp-ap_dx.npy
qata_test_sub-S09348_ses-E20693_run-1_bp-chest_vp-ap_dx,sub-S09348,unet,1002,0.9026090868207083,0.8225046116043758,45.773408626599306,4.836547663668076,predictions/masks/qata_test_sub-S09348_ses-E20693_run-1_bp-chest_vp-ap_dx.png,predictions/probabilities/qata_test_sub-S09348_ses-E20693_run-1_bp-chest_vp-ap_dx.npy
qata_test_sub-S09348_ses-E21526_run-1_bp-chest_vp-ap_dx,sub-S09348,unet,1002,0.8263115415671807,0.7040297070594962,42.41613188332371,5.725758873752211,predictions/masks/qata_test_sub-S09348_ses-E21526_run-1_bp-chest_vp-ap_dx.png,predictions/probabilities/qata_test_sub-S09348_ses-E21526_run-1_bp-chest_vp-ap_dx.npy
qata_test_sub-S09348_ses-E21857_run-1_bp-chest_vp-ap_dx,sub-S09348,unet,1002,0.9220120532255981,0.8553083139615264,12.0,2.0412302677539573,predictions/masks/qata_test_sub-S09348_ses-E21857_run-1_bp-chest_vp-ap_dx.png,predictions/probabilities/qata_test_sub-S09348_ses-E21857_run-1_bp-chest_vp-ap_dx.npy
qata_test_sub-S09348_ses-E21916_run-1_bp-chest_vp-ap_dx,sub-S09348,unet,1002,0.831758367925181,0.7119745993390992,25.71074529028148,4.5905462570637665,predictions/masks/qata_test_sub-S09348_ses-E21916_run-1_bp-chest_vp-ap_dx.png,predictions/probabilities/qata_test_sub-S09348_ses-E21916_run-1_bp-chest_vp-ap_dx.npy
qata_test_sub-S09348_ses-E22051_run-1_bp-chest_vp-ap_dx,sub-S09348,unet,1002,0.8316613989292864,0.711832510001037,12.929822128134688,2.878032537391295,predictions/masks/qata_test_sub-S09348_ses-E22051_run-1_bp-chest_vp-ap_dx.png,predictions/probabilities/qata_test_sub-S09348_ses-E22051_run-1_bp-chest_vp-ap_dx.npy
qata_test_sub-S09348_ses-E22658_run-1_bp-chest_vp-ap_dx,sub-S09348,unet,1002,0.7801790820881338,0.6395849346684122,27.018512172212592,5.364248890048278,predictions/masks/qata_test_sub-S09348_ses-E22658_run-1_bp-chest_vp-ap_dx.png,predictions/probabilities/qata_test_sub-S09348_ses-E22658_run-1_bp-chest_vp-ap_dx.npy
qata_test_sub-S09348_ses-E22840_run-1_bp-chest_vp-ap_dx,sub-S09348,unet,1002,0.919614147910614,0.8511904761926906,8.401606831187399,1.8197807863495339,predictions/masks/qata_test_sub-S09348_ses-E22840_run-1_bp-chest_vp-ap_dx.png,predictions/probabilities/qata_test_sub-S09348_ses-E22840_run-1_bp-chest_vp-ap_dx.npy
qata_test_sub-S09348_ses-E23148_run-1_bp-chest_vp-ap_dx,sub-S09348,unet,1002,0.7988900450933133,0.6651264872396311,47.032964890001196,8.004386061248267,predictions/masks/qata_test_sub-S09348_ses-E23148_run-1_bp-chest_vp-ap_dx.png,predictions/probabilities/qata_test_sub-S09348_ses-E23148_run-1_bp-chest_vp-ap_dx.npy
qata_test_sub-S09348_ses-E23369_run-1_bp-chest_vp-ap_dx,sub-S09348,unet,1002,0.8354949456425925,0.7174678568526945,28.38653254246138,4.3579397691392465,predictions/masks/qata_test_sub-S09348_ses-E23369_run-1_bp-chest_vp-ap_dx.png,predictions/probabilities/qata_test_sub-S09348_ses-E23369_run-1_bp-chest_vp-ap_dx.npy
qata_test_sub-S09348_ses-E23386_run-1_bp-chest_cr,sub-S09348,unet,1002,0.7484985357633965,0.5980804315094941,39.84027624493014,7.568468301317857,predictions/masks/qata_test_sub-S09348_ses-E23386_run-1_bp-chest_cr.png,predictions/probabilities/qata_test_sub-S09348_ses-E23386_run-1_bp-chest_cr.npy
qata_test_sub-S09348_ses-E23855_run-1_bp-chest_vp-ap_dx,sub-S09348,unet,1002,0.8231782493035937,0.6994927216618935,32.38968233338136,5.388645605692269,predictions/masks/qata_test_sub-S09348_ses-E23855_run-1_bp-chest_vp-ap_dx.png,predictions/probabilities/qata_test_sub-S09348_ses-E23855_run-1_bp-chest_vp-ap_dx.npy
qata_test_sub-S09348_ses-E24302_run-1_bp-chest_vp-pa_cr,sub-S09348,unet,1002,0.9248075784496765,0.8601321585933892,6.32455532033676,1.5175054844251927,predictions/masks/qata_test_sub-S09348_ses-E24302_run-1_bp-chest_vp-pa_cr.png,predictions/probabilities/qata_test_sub-S09348_ses-E24302_run-1_bp-chest_vp-pa_cr.npy
qata_test_sub-S09348_ses-E24559_run-1_bp-chest_vp-ap_dx,sub-S09348,unet,1002,0.9302120627930035,0.8695293996512251,10.770329614269007,2.119220995870145,predictions/masks/qata_test_sub-S09348_ses-E24559_run-1_bp-chest_vp-ap_dx.png,predictions/probabilities/qata_test_sub-S09348_ses-E24559_run-1_bp-chest_vp-ap_dx.npy
qata_test_sub-S09348_ses-E26335_run-1_bp-chest_vp-ap_dx,sub-S09348,unet,1002,0.9390384369270124,0.8850824286297942,14.560219778561036,2.31582987478811,predictions/masks/qata_test_sub-S09348_ses-E26335_run-1_bp-chest_vp-ap_dx.png,predictions/probabilities/qata_test_sub-S09348_ses-E26335_run-1_bp-chest_vp-ap_dx.npy
qata_test_sub-S09349_ses-E16548_acq-1_run-1_bp-chest_vp-ap_cr,sub-S09349,unet,1002,0.7578639356289998,0.6101295642023526,90.17479434928222,18.585580739240292,predictions/masks/qata_test_sub-S09349_ses-E16548_acq-1_run-1_bp-chest_vp-ap_cr.png,predictions/probabilities/qata_test_sub-S09349_ses-E16548_acq-1_run-1_bp-chest_vp-ap_cr.npy
qata_test_sub-S09350_ses-E16140_run-1_bp-chest_vp-ap_dx,sub-S09350,unet,1002,0.8939393939405418,0.8082191780859448,8.532259271101736,2.012459986155343,predictions/masks/qata_test_sub-S09350_ses-E16140_run-1_bp-chest_vp-ap_dx.png,predictions/probabilities/qata_test_sub-S09350_ses-E16140_run-1_bp-chest_vp-ap_dx.npy
qata_test_sub-S09350_ses-E20736_run-1_bp-chest_vp-ap_dx,sub-S09350,unet,1002,0.5209768315691718,0.3522438611529144,56.37942518273547,11.821823249184078,predictions/masks/qata_test_sub-S09350_ses-E20736_run-1_bp-chest_vp-ap_dx.png,predictions/probabilities/qata_test_sub-S09350_ses-E20736_run-1_bp-chest_vp-ap_dx.npy
qata_test_sub-S09352_ses-E16142_acq-1_run-1_bp-chest_vp-ap_dx,sub-S09352,unet,1002,0.8571856511656019,0.7500655308027514,52.82136361679869,8.626926464814904,predictions/masks/qata_test_sub-S09352_ses-E16142_acq-1_run-1_bp-chest_vp-ap_dx.png,predictions/probabilities/qata_test_sub-S09352_ses-E16142_acq-1_run-1_bp-chest_vp-ap_dx.npy
qata_test_sub-S09352_ses-E16142_acq-2_run-1_bp-chest_vp-ap_dx,sub-S09352,unet,1002,0.7684401451062811,0.6239567992237615,22.26359383025529,4.471943029082182,predictions/masks/qata_test_sub-S09352_ses-E16142_acq-2_run-1_bp-chest_vp-ap_dx.png,predictions/probabilities/qata_test_sub-S09352_ses-E16142_acq-2_run-1_bp-chest_vp-ap_dx.npy
qata_test_sub-S09352_ses-E16757_run-1_bp-chest_vp-ap_dx,sub-S09352,unet,1002,0.4678030303156297,0.305315203976968,96.8568421663242,33.285866692550535,predictions/masks/qata_test_sub-S09352_ses-E16757_run-1_bp-chest_vp-ap_dx.png,predictions/probabilities/qata_test_sub-S09352_ses-E16757_run-1_bp-chest_vp-ap_dx.npy
qata_test_sub-S09352_ses-E17381_acq-1_run-1_bp-chest_vp-ap_dx,sub-S09352,unet,1002,0.3478590375389216,0.21055045875180964,106.1394999158392,33.876581293501346,predictions/masks/qata_test_sub-S09352_ses-E17381_acq-1_run-1_bp-chest_vp-ap_dx.png,predictions/probabilities/qata_test_sub-S09352_ses-E17381_acq-1_run-1_bp-chest_vp-ap_dx.npy
qata_test_sub-S09352_ses-E17497_run-1_bp-chest_vp-ap_dx,sub-S09352,unet,1002,0.6825676324686639,0.5181044957589768,112.99996261038991,32.744822243551475,predictions/masks/qata_test_sub-S09352_ses-E17497_run-1_bp-chest_vp-ap_dx.png,predictions/probabilities/qata_test_sub-S09352_ses-E17497_run-1_bp-chest_vp-ap_dx.npy
qata_test_sub-S09353_ses-E16143_run-1_bp-chest_vp-ap_dx,sub-S09353,unet,1002,0.7322551662234444,0.5776045358051877,37.839632674124275,7.283750991642414,predictions/masks/qata_test_sub-S09353_ses-E16143_run-1_bp-chest_vp-ap_dx.png,predictions/probabilities/qata_test_sub-S09353_ses-E16143_run-1_bp-chest_vp-ap_dx.npy
qata_test_sub-S09353_ses-E22089_run-1_bp-chest_vp-ap_dx,sub-S09353,unet,1002,0.5737051793071312,0.4022346369192151,125.72986293732225,35.5833529672961,predictions/masks/qata_test_sub-S09353_ses-E22089_run-1_bp-chest_vp-ap_dx.png,predictions/probabilities/qata_test_sub-S09353_ses-E22089_run-1_bp-chest_vp-ap_dx.npy
qata_test_sub-S09356_ses-E16147_run-1_bp-chest_vp-ap_dx,sub-S09356,unet,1002,0.9115162634257864,0.8374183580319025,11.180339887498949,2.4618940995811256,predictions/masks/qata_test_sub-S09356_ses-E16147_run-1_bp-chest_vp-ap_dx.png,predictions/probabilities/qata_test_sub-S09356_ses-E16147_run-1_bp-chest_vp-ap_dx.npy
qata_test_sub-S09356_ses-E17160_run-1_bp-chest_vp-ap_dx,sub-S09356,unet,1002,0.9233383387342,0.8575937752341071,11.26702948496471,2.6761828098312446,predictions/masks/qata_test_sub-S09356_ses-E17160_run-1_bp-chest_vp-ap_dx.png,predictions/probabilities/qata_test_sub-S09356_ses-E17160_run-1_bp-chest_vp-ap_dx.npy
qata_test_sub-S09356_ses-E17161_run-1_bp-chest_vp-ap_dx,sub-S09356,unet,1002,0.953468631839056,0.9110750626757773,14.406547496069006,2.339172329046685,predictions/masks/qata_test_sub-S09356_ses-E17161_run-1_bp-chest_vp-ap_dx.png,predictions/probabilities/qata_test_sub-S09356_ses-E17161_run-1_bp-chest_vp-ap_dx.npy
qata_test_sub-S09356_ses-E18871_run-1_bp-chest_vp-ap_dx,sub-S09356,unet,1002,0.9645852051513755,0.9315930291421535,5.0,1.3280160923472344,predictions/masks/qata_test_sub-S09356_ses-E18871_run-1_bp-chest_vp-ap_dx.png,predictions/probabilities/qata_test_sub-S09356_ses-E18871_run-1_bp-chest_vp-ap_dx.npy
qata_test_sub-S09356_ses-E19589_run-1_bp-chest_vp-ap_dx,sub-S09356,unet,1002,0.96114452934498,0.9251956181539499,4.123105625617661,1.218688651145346,predictions/masks/qata_test_sub-S09356_ses-E19589_run-1_bp-chest_vp-ap_dx.png,predictions/probabilities/qata_test_sub-S09356_ses-E19589_run-1_bp-chest_vp-ap_dx.npy
qata_test_sub-S09356_ses-E19770_run-1_bp-chest_cr,sub-S09356,unet,1002,0.9089070400629412,0.83302438329056,7.810249675906654,2.5569648536747547,predictions/masks/qata_test_sub-S09356_ses-E19770_run-1_bp-chest_cr.png,predictions/probabilities/qata_test_sub-S09356_ses-E19770_run-1_bp-chest_cr.npy
qata_test_sub-S09356_ses-E19941_run-1_bp-chest_vp-ap_dx,sub-S09356,unet,1002,0.9744130836192103,0.9501028806588641,2.8284271247461903,0.7980797452153457,predictions/masks/qata_test_sub-S09356_ses-E19941_run-1_bp-chest_vp-ap_dx.png,predictions/probabilities/qata_test_sub-S09356_ses-E19941_run-1_bp-chest_vp-ap_dx.npy
qata_test_sub-S09356_ses-E19941_run-2_bp-chest_vp-ap_dx,sub-S09356,unet,1002,0.7622950819686048,0.6158940397387332,17.0,3.9614135424671493,predictions/masks/qata_test_sub-S09356_ses-E19941_run-2_bp-chest_vp-ap_dx.png,predictions/probabilities/qata_test_sub-S09356_ses-E19941_run-2_bp-chest_vp-ap_dx.npy
qata_test_sub-S09356_ses-E20575_run-1_bp-chest_vp-ap_dx,sub-S09356,unet,1002,0.7699134679404637,0.6259018759063744,41.85237533126379,6.8633444263104115,predictions/masks/qata_test_sub-S09356_ses-E20575_run-1_bp-chest_vp-ap_dx.png,predictions/probabilities/qata_test_sub-S09356_ses-E20575_run-1_bp-chest_vp-ap_dx.npy
qata_test_sub-S09356_ses-E20900_run-1_bp-chest_vp-ap_dx,sub-S09356,unet,1002,0.9696402409247532,0.9410695947551855,3.0,0.9923247063243159,predictions/masks/qata_test_sub-S09356_ses-E20900_run-1_bp-chest_vp-ap_dx.png,predictions/probabilities/qata_test_sub-S09356_ses-E20900_run-1_bp-chest_vp-ap_dx.npy
qata_test_sub-S09356_ses-E21463_run-1_bp-chest_vp-ap_dx,sub-S09356,unet,1002,0.8592900402287287,0.7532940629378911,17.139057828574927,3.131014552298244,predictions/masks/qata_test_sub-S09356_ses-E21463_run-1_bp-chest_vp-ap_dx.png,predictions/probabilities/qata_test_sub-S09356_ses-E21463_run-1_bp-chest_vp-ap_dx.npy
qata_test_sub-S09356_ses-E21620_run-1_bp-chest_vp-ap_dx,sub-S09356,unet,1002,0.9607565715989249,0.9244769274869269,5.0,1.329821803996619,predictions/masks/qata_test_sub-S09356_ses-E21620_run-1_bp-chest_vp-ap_dx.png,predictions/probabilities/qata_test_sub-S09356_ses-E21620_run-1_bp-chest_vp-ap_dx.npy
qata_test_sub-S09356_ses-E21996_run-1_bp-chest_vp-ap_dx,sub-S09356,unet,1002,0.9375711668897591,0.8824790307559881,8.94427190999916,1.8727646057364744,predictions/masks/qata_test_sub-S09356_ses-E21996_run-1_bp-chest_vp-ap_dx.png,predictions/probabilities/qata_test_sub-S09356_ses-E21996_run-1_bp-chest_vp-ap_dx.npy
qata_test_sub-S09356_ses-E22295_run-1_bp-chest_vp-ap_dx,sub-S09356,unet,1002,0.957597833193436,0.9186452826814923,5.0,1.2287955411637392,predictions/masks/qata_test_sub-S09356_ses-E22295_run-1_bp-chest_vp-ap_dx.png,predictions/probabilities/qata_test_sub-S09356_ses-E22295_run-1_bp-chest_vp-ap_dx.npy
qata_test_sub-S09356_ses-E23083_run-1_bp-chest_vp-ap_dx,sub-S09356,unet,1002,0.9706206079080069,0.9429182431325636,3.0,0.917257952295959,predictions/masks/qata_test_sub-S09356_ses-E23083_run-1_bp-chest_vp-ap_dx.png,predictions/probabilities/qata_test_sub-S09356_ses-E23083_run-1_bp-chest_vp-ap_dx.npy
qata_test_sub-S09356_ses-E26012_run-1_bp-chest_vp-ap_dx,sub-S09356,unet,1002,0.793325427750353,0.6574477046236494,20.615528128088304,5.013255918630997,predictions/masks/qata_test_sub-S09356_ses-E26012_run-1_bp-chest_vp-ap_dx.png,predictions/probabilities/qata_test_sub-S09356_ses-E26012_run-1_bp-chest_vp-ap_dx.npy
qata_test_sub-S09356_ses-E26012_run-2_bp-chest_vp-ap_dx,sub-S09356,unet,1002,0.6918817260506542,0.5289137380266946,64.71394912968978,14.731162187648922,predictions/masks/qata_test_sub-S09356_ses-E26012_run-2_bp-chest_vp-ap_dx.png,predictions/probabilities/qata_test_sub-S09356_ses-E26012_run-2_bp-chest_vp-ap_dx.npy
qata_test_sub-S09356_ses-E26447_acq-1_run-1_bp-chest_dx,sub-S09356,unet,1002,0.8524942660561031,0.7429106808276963,44.07662876931065,6.9681292089858955,predictions/masks/qata_test_sub-S09356_ses-E26447_acq-1_run-1_bp-chest_dx.png,predictions/probabilities/qata_test_sub-S09356_ses-E26447_acq-1_run-1_bp-chest_dx.npy
qata_test_sub-S09357_ses-E16148_run-1_bp-chest_vp-ap_dx,sub-S09357,unet,1002,0.34203002145564637,0.20629446003004323,112.23719069034404,48.20424030463908,predictions/masks/qata_test_sub-S09357_ses-E16148_run-1_bp-chest_vp-ap_dx.png,predictions/probabilities/qata_test_sub-S09357_ses-E16148_run-1_bp-chest_vp-ap_dx.npy
qata_test_sub-S09357_ses-E17835_run-1_bp-chest_cr,sub-S09357,unet,1002,0.5774294670978862,0.40590568535011434,126.1994443780237,21.025035551045974,predictions/masks/qata_test_sub-S09357_ses-E17835_run-1_bp-chest_cr.png,predictions/probabilities/qata_test_sub-S09357_ses-E17835_run-1_bp-chest_cr.npy
qata_test_sub-S09357_ses-E18805_run-1_bp-chest_vp-pa_cr,sub-S09357,unet,1002,0.36916521403507335,0.22636579574284166,116.23249121054549,42.948786019585675,predictions/masks/qata_test_sub-S09357_ses-E18805_run-1_bp-chest_vp-pa_cr.png,predictions/probabilities/qata_test_sub-S09357_ses-E18805_run-1_bp-chest_vp-pa_cr.npy
qata_test_sub-S09357_ses-E20339_run-1_bp-chest_vp-pa_cr,sub-S09357,unet,1002,0.0861300861572281,0.04500310369196142,117.76760282050853,47.940155346367156,predictions/masks/qata_test_sub-S09357_ses-E20339_run-1_bp-chest_vp-pa_cr.png,predictions/probabilities/qata_test_sub-S09357_ses-E20339_run-1_bp-chest_vp-pa_cr.npy
qata_test_sub-S09358_ses-E16150_run-1_bp-chest_dx,sub-S09358,unet,1002,0.07800650064160276,0.040586245880429965,107.53123502240908,55.081663733513984,predictions/masks/qata_test_sub-S09358_ses-E16150_run-1_bp-chest_dx.png,predictions/probabilities/qata_test_sub-S09358_ses-E16150_run-1_bp-chest_dx.npy
qata_test_sub-S09359_ses-E16151_run-1_bp-chest_vp-ap_cr,sub-S09359,unet,1002,0.903132530122038,0.8233743409542069,14.747692162314506,2.4156758198661588,predictions/masks/qata_test_sub-S09359_ses-E16151_run-1_bp-chest_vp-ap_cr.png,predictions/probabilities/qata_test_sub-S09359_ses-E16151_run-1_bp-chest_vp-ap_cr.npy
qata_test_sub-S09359_ses-E18678_run-1_bp-chest_vp-ap_dx,sub-S09359,unet,1002,0.7125091441182027,0.5534090909260073,32.13232609017922,8.685898168241929,predictions/masks/qata_test_sub-S09359_ses-E18678_run-1_bp-chest_vp-ap_dx.png,predictions/probabilities/qata_test_sub-S09359_ses-E18678_run-1_bp-chest_vp-ap_dx.npy
qata_test_sub-S09360_ses-E16152_run-1_bp-chest_vp-pa_cr,sub-S09360,unet,1002,0.8363838047789027,0.7187797903032621,6.708203932499369,2.312069871856854,predictions/masks/qata_test_sub-S09360_ses-E16152_run-1_bp-chest_vp-pa_cr.png,predictions/probabilities/qata_test_sub-S09360_ses-E16152_run-1_bp-chest_vp-pa_cr.npy
qata_test_sub-S09360_ses-E23550_acq-1_run-1_bp-chest_dx,sub-S09360,unet,1002,0.8062566654851359,0.6754020250245563,7.867174773134649,2.2427990341793786,predictions/masks/qata_test_sub-S09360_ses-E23550_acq-1_run-1_bp-chest_dx.png,predictions/probabilities/qata_test_sub-S09360_ses-E23550_acq-1_run-1_bp-chest_dx.npy
qata_test_sub-S09360_ses-E24444_run-1_bp-chest_vp-pa_dx,sub-S09360,unet,1002,0.6075764224132284,0.4363445378269675,84.97056274847714,28.0108494790297,predictions/masks/qata_test_sub-S09360_ses-E24444_run-1_bp-chest_vp-pa_dx.png,predictions/probabilities/qata_test_sub-S09360_ses-E24444_run-1_bp-chest_vp-pa_dx.npy
qata_test_sub-S09361_ses-E16154_run-1_bp-chest_vp-ap_dx,sub-S09361,unet,1002,0.8231068542379062,0.6993896236088659,14.732909653679712,3.455304176270146,predictions/masks/qata_test_sub-S09361_ses-E16154_run-1_bp-chest_vp-ap_dx.png,predictions/probabilities/qata_test_sub-S09361_ses-E16154_run-1_bp-chest_vp-ap_dx.npy
qata_test_sub-S09361_ses-E16589_run-1_bp-chest_vp-ap_dx,sub-S09361,unet,1002,0.8176510989042299,0.6915480685538324,11.397351963391042,3.2769411112845237,predictions/masks/qata_test_sub-S09361_ses-E16589_run-1_bp-chest_vp-ap_dx.png,predictions/probabilities/qata_test_sub-S09361_ses-E16589_run-1_bp-chest_vp-ap_dx.npy
qata_test_sub-S09361_ses-E16787_run-1_bp-chest_vp-ap_dx,sub-S09361,unet,1002,0.35774175518843654,0.21783526210967205,43.151474194605925,13.20381453904558,predictions/masks/qata_test_sub-S09361_ses-E16787_run-1_bp-chest_vp-ap_dx.png,predictions/probabilities/qata_test_sub-S09361_ses-E16787_run-1_bp-chest_vp-ap_dx.npy
qata_test_sub-S09361_ses-E16908_run-1_bp-chest_vp-ap_dx,sub-S09361,unet,1002,0.8987108655631292,0.816053511710418,7.923154621172764,1.9604984041075046,predictions/masks/qata_test_sub-S09361_ses-E16908_run-1_bp-chest_vp-ap_dx.png,predictions/probabilities/qata_test_sub-S09361_ses-E16908_run-1_bp-chest_vp-ap_dx.npy
qata_test_sub-S09361_ses-E17169_run-1_bp-chest_vp-ap_dx,sub-S09361,unet,1002,0.8821863022849161,0.7892069171201787,14.866068747318506,2.3648760584316473,predictions/masks/qata_test_sub-S09361_ses-E17169_run-1_bp-chest_vp-ap_dx.png,predictions/probabilities/qata_test_sub-S09361_ses-E17169_run-1_bp-chest_vp-ap_dx.npy
qata_test_sub-S09361_ses-E17408_run-1_bp-chest_vp-ap_dx,sub-S09361,unet,1002,0.884632650009208,0.7931312047278473,19.018380824124073,3.256853500486899,predictions/masks/qata_test_sub-S09361_ses-E17408_run-1_bp-chest_vp-ap_dx.png,predictions/probabilities/qata_test_sub-S09361_ses-E17408_run-1_bp-chest_vp-ap_dx.npy
qata_test_sub-S09361_ses-E18568_run-1_bp-chest_vp-ap_dx,sub-S09361,unet,1002,0.7024240735622398,0.5413356238019897,34.9857113690718,9.224901811127058,predictions/masks/qata_test_sub-S09361_ses-E18568_run-1_bp-chest_vp-ap_dx.png,predictions/probabilities/qata_test_sub-S09361_ses-E18568_run-1_bp-chest_vp-ap_dx.npy
qata_test_sub-S09361_ses-E19948_run-1_bp-chest_cr,sub-S09361,unet,1002,0.8577461071541601,0.7509242144234999,10.0,2.309098094370275,predictions/masks/qata_test_sub-S09361_ses-E19948_run-1_bp-chest_cr.png,predictions/probabilities/qata_test_sub-S09361_ses-E19948_run-1_bp-chest_cr.npy
qata_test_sub-S09361_ses-E20256_run-1_bp-chest_vp-ap_dx,sub-S09361,unet,1002,0.9104451556595261,0.835612048709297,18.915528927716892,2.6694064354665614,predictions/masks/qata_test_sub-S09361_ses-E20256_run-1_bp-chest_vp-ap_dx.png,predictions/probabilities/qata_test_sub-S09361_ses-E20256_run-1_bp-chest_vp-ap_dx.npy
qata_test_sub-S09361_ses-E20371_run-1_bp-chest_vp-ap_dx,sub-S09361,unet,1002,0.892324682496708,0.8055832502520213,21.63208256420721,4.637862860955695,predictions/masks/qata_test_sub-S09361_ses-E20371_run-1_bp-chest_vp-ap_dx.png,predictions/probabilities/qata_test_sub-S09361_ses-E20371_run-1_bp-chest_vp-ap_dx.npy
qata_test_sub-S09361_ses-E20568_run-1_bp-chest_cr,sub-S09361,unet,1002,0.8950276243105294,0.8100000000037255,17.736444891126467,3.100855206766111,predictions/masks/qata_test_sub-S09361_ses-E20568_run-1_bp-chest_cr.png,predictions/probabilities/qata_test_sub-S09361_ses-E20568_run-1_bp-chest_cr.npy
qata_test_sub-S09361_ses-E20765_run-1_bp-chest_vp-ap_dx,sub-S09361,unet,1002,0.8090918569512137,0.6793906496291474,22.825424421026653,5.00334837526722,predictions/masks/qata_test_sub-S09361_ses-E20765_run-1_bp-chest_vp-ap_dx.png,predictions/probabilities/qata_test_sub-S09361_ses-E20765_run-1_bp-chest_vp-ap_dx.npy
qata_test_sub-S09361_ses-E21624_run-1_bp-chest_vp-ap_dx,sub-S09361,unet,1002,0.9606569432530907,0.9242924528310813,3.0,1.3179992619950185,predictions/masks/qata_test_sub-S09361_ses-E21624_run-1_bp-chest_vp-ap_dx.png,predictions/probabilities/qata_test_sub-S09361_ses-E21624_run-1_bp-chest_vp-ap_dx.npy
qata_test_sub-S09361_ses-E21885_run-1_bp-chest_vp-ap_dx,sub-S09361,unet,1002,0.9338895209206555,0.8759781835442734,9.0,2.368374033585517,predictions/masks/qata_test_sub-S09361_ses-E21885_run-1_bp-chest_vp-ap_dx.png,predictions/probabilities/qata_test_sub-S09361_ses-E21885_run-1_bp-chest_vp-ap_dx.npy
qata_test_sub-S09361_ses-E22128_run-1_bp-chest_vp-ap_dx,sub-S09361,unet,1002,0.9198513800429946,0.8515970515988748,12.041594578792296,2.3267786073277503,predictions/masks/qata_test_sub-S09361_ses-E22128_run-1_bp-chest_vp-ap_dx.png,predictions/probabilities/qata_test_sub-S09361_ses-E22128_run-1_bp-chest_vp-ap_dx.npy
qata_test_sub-S09361_ses-E22748_run-1_bp-chest_vp-ap_dx,sub-S09361,unet,1002,0.9282393143245296,0.866088229146288,7.0,1.9153384013575432,predictions/masks/qata_test_sub-S09361_ses-E22748_run-1_bp-chest_vp-ap_dx.png,predictions/probabilities/qata_test_sub-S09361_ses-E22748_run-1_bp-chest_vp-ap_dx.npy
qata_test_sub-S09361_ses-E22749_run-1_bp-chest_vp-ap_dx,sub-S09361,unet,1002,0.9551250000002804,0.9141045579625061,4.0,1.164631706720587,predictions/masks/qata_test_sub-S09361_ses-E22749_run-1_bp-chest_vp-ap_dx.png,predictions/probabilities/qata_test_sub-S09361_ses-E22749_run-1_bp-chest_vp-ap_dx.npy
qata_test_sub-S09361_ses-E22942_run-1_bp-chest_vp-ap_dx,sub-S09361,unet,1002,0.9633012195803125,0.9292006875813364,3.0,0.9794626951259764,predictions/masks/qata_test_sub-S09361_ses-E22942_run-1_bp-chest_vp-ap_dx.png,predictions/probabilities/qata_test_sub-S09361_ses-E22942_run-1_bp-chest_vp-ap_dx.npy
qata_test_sub-S09361_ses-E23085_run-1_bp-chest_vp-ap_dx,sub-S09361,unet,1002,0.9071084851074672,0.8300078029224165,12.214693678789658,2.777951216835627,predictions/masks/qata_test_sub-S09361_ses-E23085_run-1_bp-chest_vp-ap_dx.png,predictions/probabilities/qata_test_sub-S09361_ses-E23085_run-1_bp-chest_vp-ap_dx.npy
qata_test_sub-S09361_ses-E23269_run-1_bp-chest_vp-ap_dx,sub-S09361,unet,1002,0.9669480442279934,0.9360110484528021,2.23606797749979,0.8568716044984269,predictions/masks/qata_test_sub-S09361_ses-E23269_run-1_bp-chest_vp-ap_dx.png,predictions/probabilities/qata_test_sub-S09361_ses-E23269_run-1_bp-chest_vp-ap_dx.npy
qata_test_sub-S09362_ses-E17797_run-1_bp-chest_vp-ap_dx,sub-S09362,unet,1002,0.33503836317985886,0.2012288786605034,30.399004726457157,7.517442601566566,predictions/masks/qata_test_sub-S09362_ses-E17797_run-1_bp-chest_vp-ap_dx.png,predictions/probabilities/qata_test_sub-S09362_ses-E17797_run-1_bp-chest_vp-ap_dx.npy
qata_test_sub-S09362_ses-E26714_run-1_bp-chest_vp-pa_dx,sub-S09362,unet,1002,0.5355781448686284,0.36572668115549994,113.75939391229016,25.863817474232217,predictions/masks/qata_test_sub-S09362_ses-E26714_run-1_bp-chest_vp-pa_dx.png,predictions/probabilities/qata_test_sub-S09362_ses-E26714_run-1_bp-chest_vp-pa_dx.npy
qata_test_sub-S09363_ses-E16521_acq-2_run-1_bp-chest_vp-ap_dx,sub-S09363,unet,1002,0.6701988487724346,0.5039842597195869,21.840329667841555,6.257243143543639,predictions/masks/qata_test_sub-S09363_ses-E16521_acq-2_run-1_bp-chest_vp-ap_dx.png,predictions/probabilities/qata_test_sub-S09363_ses-E16521_acq-2_run-1_bp-chest_vp-ap_dx.npy
qata_test_sub-S09363_ses-E16917_acq-2_run-1_bp-chest_vp-ap_dx,sub-S09363,unet,1002,0.6208141167072306,0.4501308519998527,78.02460189063805,20.291065127824915,predictions/masks/qata_test_sub-S09363_ses-E16917_acq-2_run-1_bp-chest_vp-ap_dx.png,predictions/probabilities/qata_test_sub-S09363_ses-E16917_acq-2_run-1_bp-chest_vp-ap_dx.npy
qata_test_sub-S09363_ses-E17174_run-1_bp-chest_vp-ap_dx,sub-S09363,unet,1002,0.7642526964574834,0.6184538653403179,44.21422893118809,8.810720141310101,predictions/masks/qata_test_sub-S09363_ses-E17174_run-1_bp-chest_vp-ap_dx.png,predictions/probabilities/qata_test_sub-S09363_ses-E17174_run-1_bp-chest_vp-ap_dx.npy
qata_test_sub-S09363_ses-E17466_run-1_bp-chest_vp-ap_dx,sub-S09363,unet,1002,0.2693974005657858,0.15566681840792748,107.05230254774919,23.29959936634452,predictions/masks/qata_test_sub-S09363_ses-E17466_run-1_bp-chest_vp-ap_dx.png,predictions/probabilities/qata_test_sub-S09363_ses-E17466_run-1_bp-chest_vp-ap_dx.npy
qata_test_sub-S09363_ses-E17952_run-1_bp-chest_vp-ap_dx,sub-S09363,unet,1002,0.8953802599412544,0.81057781919998,19.962429422585636,3.7004159926566924,predictions/masks/qata_test_sub-S09363_ses-E17952_run-1_bp-chest_vp-ap_dx.png,predictions/probabilities/qata_test_sub-S09363_ses-E17952_run-1_bp-chest_vp-ap_dx.npy
qata_test_sub-S09363_ses-E18000_acq-2_run-1_bp-chest_vp-ap_dx,sub-S09363,unet,1002,0.7070595542080805,0.5468616567085091,44.384682042344295,10.231046365420182,predictions/masks/qata_test_sub-S09363_ses-E18000_acq-2_run-1_bp-chest_vp-ap_dx.png,predictions/probabilities/qata_test_sub-S09363_ses-E18000_acq-2_run-1_bp-chest_vp-ap_dx.npy
qata_test_sub-S09363_ses-E26711_run-1_bp-chest_vp-ap_dx,sub-S09363,unet,1002,0.789265078077507,0.6518892482475989,21.927143072880305,6.746641739785681,predictions/masks/qata_test_sub-S09363_ses-E26711_run-1_bp-chest_vp-ap_dx.png,predictions/probabilities/qata_test_sub-S09363_ses-E26711_run-1_bp-chest_vp-ap_dx.npy
qata_test_sub-S09363_ses-E26971_run-1_bp-chest_vp-ap_dx,sub-S09363,unet,1002,0.7770291201991286,0.6353619150171911,19.6468827043885,4.421349653733532,predictions/masks/qata_test_sub-S09363_ses-E26971_run-1_bp-chest_vp-ap_dx.png,predictions/probabilities/qata_test_sub-S09363_ses-E26971_run-1_bp-chest_vp-ap_dx.npy
qata_test_sub-S09365_ses-E16162_run-1_bp-chest_vp-ap_dx,sub-S09365,unet,1002,0.6480871041889112,0.47938525196572507,102.0,18.19779012833512,predictions/masks/qata_test_sub-S09365_ses-E16162_run-1_bp-chest_vp-ap_dx.png,predictions/probabilities/qata_test_sub-S09365_ses-E16162_run-1_bp-chest_vp-ap_dx.npy
qata_test_sub-S09365_ses-E16695_run-1_bp-chest_vp-ap_dx,sub-S09365,unet,1002,0.9583983359337979,0.920119820270925,4.0,1.3947204840487004,predictions/masks/qata_test_sub-S09365_ses-E16695_run-1_bp-chest_vp-ap_dx.png,predictions/probabilities/qata_test_sub-S09365_ses-E16695_run-1_bp-chest_vp-ap_dx.npy
qata_test_sub-S09365_ses-E17903_run-1_bp-chest_vp-ap_dx,sub-S09365,unet,1002,0.9631452581034625,0.9289105013323038,2.23606797749979,0.8155594944640492,predictions/masks/qata_test_sub-S09365_ses-E17903_run-1_bp-chest_vp-ap_dx.png,predictions/probabilities/qata_test_sub-S09365_ses-E17903_run-1_bp-chest_vp-ap_dx.npy
qata_test_sub-S09365_ses-E18705_run-1_bp-chest_vp-ap_cr,sub-S09365,unet,1002,0.7928955866545435,0.6568574995602486,39.033954891561336,7.6472922017262945,predictions/masks/qata_test_sub-S09365_ses-E18705_run-1_bp-chest_vp-ap_cr.png,predictions/probabilities/qata_test_sub-S09365_ses-E18705_run-1_bp-chest_vp-ap_cr.npy
qata_test_sub-S09365_ses-E20937_run-1_bp-chest_vp-ap_dx,sub-S09365,unet,1002,0.7009024095292501,0.5395302205737679,38.67393621300934,7.409641146454328,predictions/masks/qata_test_sub-S09365_ses-E20937_run-1_bp-chest_vp-ap_dx.png,predictions/probabilities/qata_test_sub-S09365_ses-E20937_run-1_bp-chest_vp-ap_dx.npy
qata_test_sub-S09366_ses-E16163_run-1_bp-chest_vp-ap_cr,sub-S09366,unet,1002,0.9354393643849116,0.8787093314276125,5.830951894845301,1.8461781619179716,predictions/masks/qata_test_sub-S09366_ses-E16163_run-1_bp-chest_vp-ap_cr.png,predictions/probabilities/qata_test_sub-S09366_ses-E16163_run-1_bp-chest_vp-ap_cr.npy
qata_test_sub-S09366_ses-E16600_run-1_bp-chest_vp-ap_cr,sub-S09366,unet,1002,0.9487381376654563,0.9024755597610968,10.63014581273465,1.7452309840544007,predictions/masks/qata_test_sub-S09366_ses-E16600_run-1_bp-chest_vp-ap_cr.png,predictions/probabilities/qata_test_sub-S09366_ses-E16600_run-1_bp-chest_vp-ap_cr.npy
qata_test_sub-S09366_ses-E17172_run-1_bp-chest_vp-ap_cr,sub-S09366,unet,1002,0.9523582431210246,0.9090495265849504,6.708203932499369,1.3851053367736927,predictions/masks/qata_test_sub-S09366_ses-E17172_run-1_bp-chest_vp-ap_cr.png,predictions/probabilities/qata_test_sub-S09366_ses-E17172_run-1_bp-chest_vp-ap_cr.npy
qata_test_sub-S09366_ses-E18600_run-1_bp-chest_vp-ap_cr,sub-S09366,unet,1002,0.9461038961041461,0.8977202711037962,5.0,1.5282972999707292,predictions/masks/qata_test_sub-S09366_ses-E18600_run-1_bp-chest_vp-ap_cr.png,predictions/probabilities/qata_test_sub-S09366_ses-E18600_run-1_bp-chest_vp-ap_cr.npy
qata_test_sub-S09366_ses-E19205_run-1_bp-chest_vp-ap_cr,sub-S09366,unet,1002,0.9618354684642153,0.9264769111709822,4.0,1.1279280476368354,predictions/masks/qata_test_sub-S09366_ses-E19205_run-1_bp-chest_vp-ap_cr.png,predictions/probabilities/qata_test_sub-S09366_ses-E19205_run-1_bp-chest_vp-ap_cr.npy
qata_test_sub-S09366_ses-E19820_run-1_bp-chest_vp-ap_cr,sub-S09366,unet,1002,0.8790855847356973,0.784257542562207,8.54400374531753,2.987361608018601,predictions/masks/qata_test_sub-S09366_ses-E19820_run-1_bp-chest_vp-ap_cr.png,predictions/probabilities/qata_test_sub-S09366_ses-E19820_run-1_bp-chest_vp-ap_cr.npy
qata_test_sub-S09366_ses-E19984_run-1_bp-chest_vp-ap_cr,sub-S09366,unet,1002,0.9651890549838866,0.9327201839454892,4.0,0.9409141956934555,predictions/masks/qata_test_sub-S09366_ses-E19984_run-1_bp-chest_vp-ap_cr.png,predictions/probabilities/qata_test_sub-S09366_ses-E19984_run-1_bp-chest_vp-ap_cr.npy
qata_test_sub-S09366_ses-E20187_run-1_bp-chest_vp-ap_cr,sub-S09366,unet,1002,0.8424938814458768,0.7278526376166295,18.24828759089466,3.3147606224038753,predictions/masks/qata_test_sub-S09366_ses-E20187_run-1_bp-chest_vp-ap_cr.png,predictions/probabilities/qata_test_sub-S09366_ses-E20187_run-1_bp-chest_vp-ap_cr.npy
qata_test_sub-S09366_ses-E20399_run-1_bp-chest_vp-ap_cr,sub-S09366,unet,1002,0.9533705902901093,0.9108960453870274,8.0,1.4429734895427666,predictions/masks/qata_test_sub-S09366_ses-E20399_run-1_bp-chest_vp-ap_cr.png,predictions/probabilities/qata_test_sub-S09366_ses-E20399_run-1_bp-chest_vp-ap_cr.npy
qata_test_sub-S09366_ses-E21128_run-1_bp-chest_vp-ap_cr,sub-S09366,unet,1002,0.9048727272734192,0.8262717492385938,5.0,1.5246058793641906,predictions/masks/qata_test_sub-S09366_ses-E21128_run-1_bp-chest_vp-ap_cr.png,predictions/probabilities/qata_test_sub-S09366_ses-E21128_run-1_bp-chest_vp-ap_cr.npy
qata_test_sub-S09366_ses-E21487_run-1_bp-chest_vp-ap_cr,sub-S09366,unet,1002,0.9708967851101472,0.9434396580078545,2.0,0.7791187767080159,predictions/masks/qata_test_sub-S09366_ses-E21487_run-1_bp-chest_vp-ap_cr.png,predictions/probabilities/qata_test_sub-S09366_ses-E21487_run-1_bp-chest_vp-ap_cr.npy
qata_test_sub-S09366_ses-E21900_run-1_bp-chest_vp-ap_cr,sub-S09366,unet,1002,0.9755708672628235,0.95230683713227,2.0,0.6002370114310251,predictions/masks/qata_test_sub-S09366_ses-E21900_run-1_bp-chest_vp-ap_cr.png,predictions/probabilities/qata_test_sub-S09366_ses-E21900_run-1_bp-chest_vp-ap_cr.npy
qata_test_sub-S09366_ses-E22157_run-1_bp-chest_vp-ap_cr,sub-S09366,unet,1002,0.9576057477282314,0.9186598502837442,3.6055512754639896,1.1508615265387279,predictions/masks/qata_test_sub-S09366_ses-E22157_run-1_bp-chest_vp-ap_cr.png,predictions/probabilities/qata_test_sub-S09366_ses-E22157_run-1_bp-chest_vp-ap_cr.npy
qata_test_sub-S09366_ses-E22573_run-1_bp-chest_vp-ap_cr,sub-S09366,unet,1002,0.8335311964131807,0.7145765011906074,10.601669917161018,2.5469799600337644,predictions/masks/qata_test_sub-S09366_ses-E22573_run-1_bp-chest_vp-ap_cr.png,predictions/probabilities/qata_test_sub-S09366_ses-E22573_run-1_bp-chest_vp-ap_cr.npy
qata_test_sub-S09366_ses-E22977_run-1_bp-chest_vp-ap_cr,sub-S09366,unet,1002,0.8676263338037667,0.7662014401300898,23.0,3.6328059554580565,predictions/masks/qata_test_sub-S09366_ses-E22977_run-1_bp-chest_vp-ap_cr.png,predictions/probabilities/qata_test_sub-S09366_ses-E22977_run-1_bp-chest_vp-ap_cr.npy
qata_test_sub-S09366_ses-E23300_run-1_bp-chest_vp-ap_cr,sub-S09366,unet,1002,0.9504110902188164,0.9055079387388962,6.082762530298219,1.6700215698391434,predictions/masks/qata_test_sub-S09366_ses-E23300_run-1_bp-chest_vp-ap_cr.png,predictions/probabilities/qata_test_sub-S09366_ses-E23300_run-1_bp-chest_vp-ap_cr.npy
qata_test_sub-S09366_ses-E24177_acq-1_run-1_bp-chest_vp-pa_dx,sub-S09366,unet,1002,0.875193558378495,0.778083700444602,9.219544457292887,2.818252200194268,predictions/masks/qata_test_sub-S09366_ses-E24177_acq-1_run-1_bp-chest_vp-pa_dx.png,predictions/probabilities/qata_test_sub-S09366_ses-E24177_acq-1_run-1_bp-chest_vp-pa_dx.npy
qata_test_sub-S09366_ses-E24258_run-1_bp-chest_vp-ap_cr,sub-S09366,unet,1002,0.944600309870003,0.895016664022417,7.810249675906654,1.5696459253036807,predictions/masks/qata_test_sub-S09366_ses-E24258_run-1_bp-chest_vp-ap_cr.png,predictions/probabilities/qata_test_sub-S09366_ses-E24258_run-1_bp-chest_vp-ap_cr.npy
qata_test_sub-S09366_ses-E26083_run-1_bp-chest_vp-ap_cr,sub-S09366,unet,1002,0.9007352941186074,0.8193979933142158,10.295630140987,2.012519458989951,predictions/masks/qata_test_sub-S09366_ses-E26083_run-1_bp-chest_vp-ap_cr.png,predictions/probabilities/qata_test_sub-S09366_ses-E26083_run-1_bp-chest_vp-ap_cr.npy
qata_test_sub-S09368_ses-E18602_run-1_bp-chest_vp-ap_dx,sub-S09368,unet,1002,0.9716875871689562,0.944934219450089,1.4727922061357324,0.6290781136694117,predictions/masks/qata_test_sub-S09368_ses-E18602_run-1_bp-chest_vp-ap_dx.png,predictions/probabilities/qata_test_sub-S09368_ses-E18602_run-1_bp-chest_vp-ap_dx.npy
qata_test_sub-S09368_ses-E19120_run-1_bp-chest_vp-ap_dx,sub-S09368,unet,1002,0.9511038743357545,0.9067665053428293,6.0,1.5603530994727144,predictions/masks/qata_test_sub-S09368_ses-E19120_run-1_bp-chest_vp-ap_dx.png,predictions/probabilities/qata_test_sub-S09368_ses-E19120_run-1_bp-chest_vp-ap_dx.npy
qata_test_sub-S09368_ses-E19120_run-2_bp-chest_vp-ap_dx,sub-S09368,unet,1002,0.9707296229036922,0.943124026985541,3.0,0.811545835740605,predictions/masks/qata_test_sub-S09368_ses-E19120_run-2_bp-chest_vp-ap_dx.png,predictions/probabilities/qata_test_sub-S09368_ses-E19120_run-2_bp-chest_vp-ap_dx.npy
qata_test_sub-S09368_ses-E19401_run-1_bp-chest_vp-ap_cr,sub-S09368,unet,1002,0.9647034575155113,0.9318136571776646,3.0,0.9277872825392215,predictions/masks/qata_test_sub-S09368_ses-E19401_run-1_bp-chest_vp-ap_cr.png,predictions/probabilities/qata_test_sub-S09368_ses-E19401_run-1_bp-chest_vp-ap_cr.npy
qata_test_sub-S09368_ses-E20395_run-1_bp-chest_vp-ap_dx,sub-S09368,unet,1002,0.956666666666995,0.9169329073494491,4.123105625617661,1.0044631175665377,predictions/masks/qata_test_sub-S09368_ses-E20395_run-1_bp-chest_vp-ap_dx.png,predictions/probabilities/qata_test_sub-S09368_ses-E20395_run-1_bp-chest_vp-ap_dx.npy
qata_test_sub-S09368_ses-E20395_run-2_bp-chest_vp-ap_dx,sub-S09368,unet,1002,0.9492303872892923,0.9033668044902141,6.0,1.3858497382209203,predictions/masks/qata_test_sub-S09368_ses-E20395_run-2_bp-chest_vp-ap_dx.png,predictions/probabilities/qata_test_sub-S09368_ses-E20395_run-2_bp-chest_vp-ap_dx.npy
qata_test_sub-S09368_ses-E21331_run-1_bp-chest_vp-ap_dx,sub-S09368,unet,1002,0.9672794655485089,0.9366323543305635,3.0,0.8847590286864081,predictions/masks/qata_test_sub-S09368_ses-E21331_run-1_bp-chest_vp-ap_dx.png,predictions/probabilities/qata_test_sub-S09368_ses-E21331_run-1_bp-chest_vp-ap_dx.npy
qata_test_sub-S09368_ses-E21658_run-1_bp-chest_vp-ap_dx,sub-S09368,unet,1002,0.958930741191015,0.9211017740438713,4.0,1.0247683069058877,predictions/masks/qata_test_sub-S09368_ses-E21658_run-1_bp-chest_vp-ap_dx.png,predictions/probabilities/qata_test_sub-S09368_ses-E21658_run-1_bp-chest_vp-ap_dx.npy
qata_test_sub-S09368_ses-E22594_run-1_bp-chest_vp-ap_dx,sub-S09368,unet,1002,0.9714285714287528,0.9444444444451303,2.23606797749979,0.6528861842200864,predictions/masks/qata_test_sub-S09368_ses-E22594_run-1_bp-chest_vp-ap_dx.png,predictions/probabilities/qata_test_sub-S09368_ses-E22594_run-1_bp-chest_vp-ap_dx.npy
qata_test_sub-S09368_ses-E24685_run-1_bp-chest_vp-pa_dx,sub-S09368,unet,1002,0.91769628031694,0.8479101232200058,10.816653826391969,2.170419882582696,predictions/masks/qata_test_sub-S09368_ses-E24685_run-1_bp-chest_vp-pa_dx.png,predictions/probabilities/qata_test_sub-S09368_ses-E24685_run-1_bp-chest_vp-pa_dx.npy
qata_test_sub-S09369_ses-E16167_run-1_bp-chest_vp-ap_dx,sub-S09369,unet,1002,0.7291776907637931,0.5737841439111628,80.60397012554654,18.498047870924772,predictions/masks/qata_test_sub-S09369_ses-E16167_run-1_bp-chest_vp-ap_dx.png,predictions/probabilities/qata_test_sub-S09369_ses-E16167_run-1_bp-chest_vp-ap_dx.npy
qata_test_sub-S09370_ses-E16168_run-1_bp-chest_vp-ap_dx,sub-S09370,unet,1002,0.6114468539064541,0.44034818231232215,63.052060355887505,17.86273511409816,predictions/masks/qata_test_sub-S09370_ses-E16168_run-1_bp-chest_vp-ap_dx.png,predictions/probabilities/qata_test_sub-S09370_ses-E16168_run-1_bp-chest_vp-ap_dx.npy
qata_test_sub-S09370_ses-E17909_run-1_bp-chest_vp-ap_dx,sub-S09370,unet,1002,0.8196122750602486,0.6943585211416357,18.001387818865997,3.5792418798458145,predictions/masks/qata_test_sub-S09370_ses-E17909_run-1_bp-chest_vp-ap_dx.png,predictions/probabilities/qata_test_sub-S09370_ses-E17909_run-1_bp-chest_vp-ap_dx.npy
qata_test_sub-S09371_ses-E16169_run-1_bp-chest_vp-ap_dx,sub-S09371,unet,1002,0.7239622846025364,0.5673517920916027,32.584494022528304,7.353431326305611,predictions/masks/qata_test_sub-S09371_ses-E16169_run-1_bp-chest_vp-ap_dx.png,predictions/probabilities/qata_test_sub-S09371_ses-E16169_run-1_bp-chest_vp-ap_dx.npy
qata_test_sub-S09371_ses-E16353_run-1_bp-chest_vp-ap_dx,sub-S09371,unet,1002,0.5027660266921125,0.335796565978357,42.40871527434004,11.367566461186222,predictions/masks/qata_test_sub-S09371_ses-E16353_run-1_bp-chest_vp-ap_dx.png,predictions/probabilities/qata_test_sub-S09371_ses-E16353_run-1_bp-chest_vp-ap_dx.npy
qata_test_sub-S09371_ses-E16592_run-1_bp-chest_vp-ap_dx,sub-S09371,unet,1002,0.7222151657599108,0.5652087475235544,33.68105670455691,7.240280934080147,predictions/masks/qata_test_sub-S09371_ses-E16592_run-1_bp-chest_vp-ap_dx.png,predictions/probabilities/qata_test_sub-S09371_ses-E16592_run-1_bp-chest_vp-ap_dx.npy
qata_test_sub-S09371_ses-E16689_run-1_bp-chest_vp-ap_dx,sub-S09371,unet,1002,0.8579759217470093,0.7512765607024992,23.001086443322134,4.544641489753557,predictions/masks/qata_test_sub-S09371_ses-E16689_run-1_bp-chest_vp-ap_dx.png,predictions/probabilities/qata_test_sub-S09371_ses-E16689_run-1_bp-chest_vp-ap_dx.npy
qata_test_sub-S09371_ses-E16810_run-1_bp-chest_vp-ap_dx,sub-S09371,unet,1002,0.708613445381212,0.5487229542939853,38.64343419037053,6.0611310660010655,predictions/masks/qata_test_sub-S09371_ses-E16810_run-1_bp-chest_vp-ap_dx.png,predictions/probabilities/qata_test_sub-S09371_ses-E16810_run-1_bp-chest_vp-ap_dx.npy
qata_test_sub-S09371_ses-E16936_run-1_bp-chest_vp-ap_dx,sub-S09371,unet,1002,0.70053409514718,0.5390938635148328,30.183136719008353,6.577717518283905,predictions/masks/qata_test_sub-S09371_ses-E16936_run-1_bp-chest_vp-ap_dx.png,predictions/probabilities/qata_test_sub-S09371_ses-E16936_run-1_bp-chest_vp-ap_dx.npy
qata_test_sub-S09371_ses-E17184_run-1_bp-chest_vp-ap_dx,sub-S09371,unet,1002,0.5005400401249723,0.33381354189475587,51.60131310726366,10.083351555385121,predictions/masks/qata_test_sub-S09371_ses-E17184_run-1_bp-chest_vp-ap_dx.png,predictions/probabilities/qata_test_sub-S09371_ses-E17184_run-1_bp-chest_vp-ap_dx.npy
qata_test_sub-S09371_ses-E17422_run-1_bp-chest_vp-ap_dx,sub-S09371,unet,1002,0.8421805183213389,0.7273849953731494,17.0,3.56924027168452,predictions/masks/qata_test_sub-S09371_ses-E17422_run-1_bp-chest_vp-ap_dx.png,predictions/probabilities/qata_test_sub-S09371_ses-E17422_run-1_bp-chest_vp-ap_dx.npy
qata_test_sub-S09371_ses-E17519_run-1_bp-chest_vp-ap_dx,sub-S09371,unet,1002,0.6657297297333434,0.49894668612058096,42.95346318982906,7.354187886707467,predictions/masks/qata_test_sub-S09371_ses-E17519_run-1_bp-chest_vp-ap_dx.png,predictions/probabilities/qata_test_sub-S09371_ses-E17519_run-1_bp-chest_vp-ap_dx.npy
qata_test_sub-S09371_ses-E17614_run-1_bp-chest_vp-ap_dx,sub-S09371,unet,1002,0.7894503938420263,0.6521421260469054,31.04834939252005,5.026239844786722,predictions/masks/qata_test_sub-S09371_ses-E17614_run-1_bp-chest_vp-ap_dx.png,predictions/probabilities/qata_test_sub-S09371_ses-E17614_run-1_bp-chest_vp-ap_dx.npy
qata_test_sub-S09371_ses-E18434_run-1_bp-chest_cr,sub-S09371,unet,1002,0.2219669117825835,0.12483845957289123,61.400325732035014,22.193564368842253,predictions/masks/qata_test_sub-S09371_ses-E18434_run-1_bp-chest_cr.png,predictions/probabilities/qata_test_sub-S09371_ses-E18434_run-1_bp-chest_cr.npy
qata_test_sub-S09371_ses-E18616_run-1_bp-chest_vp-ap_dx,sub-S09371,unet,1002,0.8283408864836039,0.7069811320810003,17.46424919657298,3.829949204680118,predictions/masks/qata_test_sub-S09371_ses-E18616_run-1_bp-chest_vp-ap_dx.png,predictions/probabilities/qata_test_sub-S09371_ses-E18616_run-1_bp-chest_vp-ap_dx.npy
qata_test_sub-S09371_ses-E18951_run-1_bp-chest_vp-ap_dx,sub-S09371,unet,1002,0.8636553993427242,0.7600294829971566,23.641840417138,3.8345744120197125,predictions/masks/qata_test_sub-S09371_ses-E18951_run-1_bp-chest_vp-ap_dx.png,predictions/probabilities/qata_test_sub-S09371_ses-E18951_run-1_bp-chest_vp-ap_dx.npy
qata_test_sub-S09371_ses-E19129_run-1_bp-chest_vp-ap_dx,sub-S09371,unet,1002,0.9077900367776143,0.8311497489919046,17.020570456148484,2.7732061184532717,predictions/masks/qata_test_sub-S09371_ses-E19129_run-1_bp-chest_vp-ap_dx.png,predictions/probabilities/qata_test_sub-S09371_ses-E19129_run-1_bp-chest_vp-ap_dx.npy
qata_test_sub-S09371_ses-E20202_run-1_bp-chest_vp-ap_dx,sub-S09371,unet,1002,0.928437025797096,0.8664325365371424,18.411932612718005,3.1832631990371185,predictions/masks/qata_test_sub-S09371_ses-E20202_run-1_bp-chest_vp-ap_dx.png,predictions/probabilities/qata_test_sub-S09371_ses-E20202_run-1_bp-chest_vp-ap_dx.npy
qata_test_sub-S09371_ses-E20280_run-1_bp-chest_vp-ap_dx,sub-S09371,unet,1002,0.8290668868723714,0.708039492248478,16.278820596099706,3.372079473424912,predictions/masks/qata_test_sub-S09371_ses-E20280_run-1_bp-chest_vp-ap_dx.png,predictions/probabilities/qata_test_sub-S09371_ses-E20280_run-1_bp-chest_vp-ap_dx.npy
qata_test_sub-S09371_ses-E20406_run-1_bp-chest_vp-ap_dx,sub-S09371,unet,1002,0.9264951260215466,0.8630562827247537,8.06225774829855,1.595132833613518,predictions/masks/qata_test_sub-S09371_ses-E20406_run-1_bp-chest_vp-ap_dx.png,predictions/probabilities/qata_test_sub-S09371_ses-E20406_run-1_bp-chest_vp-ap_dx.npy
qata_test_sub-S09371_ses-E20807_run-1_bp-chest_vp-ap_dx,sub-S09371,unet,1002,0.5045075125291401,0.3373520875343302,57.071446365191136,12.67342524783304,predictions/masks/qata_test_sub-S09371_ses-E20807_run-1_bp-chest_vp-ap_dx.png,predictions/probabilities/qata_test_sub-S09371_ses-E20807_run-1_bp-chest_vp-ap_dx.npy
qata_test_sub-S09371_ses-E21160_run-1_bp-chest_cr,sub-S09371,unet,1002,0.8578599133024728,0.7510986815854162,26.69545292362365,3.966721088537954,predictions/masks/qata_test_sub-S09371_ses-E21160_run-1_bp-chest_cr.png,predictions/probabilities/qata_test_sub-S09371_ses-E21160_run-1_bp-chest_cr.npy
qata_test_sub-S09371_ses-E21357_run-1_bp-chest_vp-ap_dx,sub-S09371,unet,1002,0.9595092024542361,0.9221698113216724,4.2008034155936995,0.9971621641620508,predictions/masks/qata_test_sub-S09371_ses-E21357_run-1_bp-chest_vp-ap_dx.png,predictions/probabilities/qata_test_sub-S09371_ses-E21357_run-1_bp-chest_vp-ap_dx.npy
qata_test_sub-S09371_ses-E21497_run-1_bp-chest_vp-ap_dx,sub-S09371,unet,1002,0.9432851442405751,0.8926581651616607,8.06225774829855,1.4637388083806264,predictions/masks/qata_test_sub-S09371_ses-E21497_run-1_bp-chest_vp-ap_dx.png,predictions/probabilities/qata_test_sub-S09371_ses-E21497_run-1_bp-chest_vp-ap_dx.npy
qata_test_sub-S09371_ses-E21840_run-1_bp-chest_vp-ap_dx,sub-S09371,unet,1002,0.8478998479007377,0.7359601909237741,22.80350850198276,3.832065903175297,predictions/masks/qata_test_sub-S09371_ses-E21840_run-1_bp-chest_vp-ap_dx.png,predictions/probabilities/qata_test_sub-S09371_ses-E21840_run-1_bp-chest_vp-ap_dx.npy
qata_test_sub-S09371_ses-E21897_run-1_bp-chest_vp-ap_dx,sub-S09371,unet,1002,0.8074341765636815,0.6770562770618691,25.393804278548583,4.403580725869585,predictions/masks/qata_test_sub-S09371_ses-E21897_run-1_bp-chest_vp-ap_dx.png,predictions/probabilities/qata_test_sub-S09371_ses-E21897_run-1_bp-chest_vp-ap_dx.npy
qata_test_sub-S09371_ses-E22017_run-1_bp-chest_vp-ap_dx,sub-S09371,unet,1002,0.9533741404069117,0.9109025270770988,4.0,0.9760427148054454,predictions/masks/qata_test_sub-S09371_ses-E22017_run-1_bp-chest_vp-ap_dx.png,predictions/probabilities/qata_test_sub-S09371_ses-E22017_run-1_bp-chest_vp-ap_dx.npy
qata_test_sub-S09371_ses-E22181_run-1_bp-chest_vp-ap_dx,sub-S09371,unet,1002,0.967977192866353,0.9379416677381737,2.0,0.7255855541988091,predictions/masks/qata_test_sub-S09371_ses-E22181_run-1_bp-chest_vp-ap_dx.png,predictions/probabilities/qata_test_sub-S09371_ses-E22181_run-1_bp-chest_vp-ap_dx.npy
qata_test_sub-S09371_ses-E22335_run-1_bp-chest_vp-ap_dx,sub-S09371,unet,1002,0.9066585588334178,0.8292547274781377,7.615773105863909,1.7737965813326488,predictions/masks/qata_test_sub-S09371_ses-E22335_run-1_bp-chest_vp-ap_dx.png,predictions/probabilities/qata_test_sub-S09371_ses-E22335_run-1_bp-chest_vp-ap_dx.npy
qata_test_sub-S09371_ses-E22786_run-1_bp-chest_vp-ap_dx,sub-S09371,unet,1002,0.9353274714443641,0.8785118863865621,4.123105625617661,1.315770580535687,predictions/masks/qata_test_sub-S09371_ses-E22786_run-1_bp-chest_vp-ap_dx.png,predictions/probabilities/qata_test_sub-S09371_ses-E22786_run-1_bp-chest_vp-ap_dx.npy
qata_test_sub-S09371_ses-E22991_run-1_bp-chest_vp-ap_dx,sub-S09371,unet,1002,0.8843731631548881,0.7927141351830089,13.601470508735446,2.712211145912524,predictions/masks/qata_test_sub-S09371_ses-E22991_run-1_bp-chest_vp-ap_dx.png,predictions/probabilities/qata_test_sub-S09371_ses-E22991_run-1_bp-chest_vp-ap_dx.npy
qata_test_sub-S09371_ses-E23116_run-1_bp-chest_vp-ap_dx,sub-S09371,unet,1002,0.887151855506662,0.7971903982569941,15.264196022706988,2.5130718765995743,predictions/masks/qata_test_sub-S09371_ses-E23116_run-1_bp-chest_vp-ap_dx.png,predictions/probabilities/qata_test_sub-S09371_ses-E23116_run-1_bp-chest_vp-ap_dx.npy
qata_test_sub-S09371_ses-E23322_run-1_bp-chest_vp-ap_dx,sub-S09371,unet,1002,0.8584331166619334,0.7519779429423161,18.447188230743393,3.5378672357532026,predictions/masks/qata_test_sub-S09371_ses-E23322_run-1_bp-chest_vp-ap_dx.png,predictions/probabilities/qata_test_sub-S09371_ses-E23322_run-1_bp-chest_vp-ap_dx.npy
qata_test_sub-S09371_ses-E23628_run-1_bp-chest_cr,sub-S09371,unet,1002,0.8380713283627108,0.7212760549094906,23.194827009486403,4.280871372902247,predictions/masks/qata_test_sub-S09371_ses-E23628_run-1_bp-chest_cr.png,predictions/probabilities/qata_test_sub-S09371_ses-E23628_run-1_bp-chest_cr.npy
qata_test_sub-S09371_ses-E24064_run-1_bp-chest_cr,sub-S09371,unet,1002,0.8535583435114158,0.7445283749782633,27.022814979301923,4.622782340376121,predictions/masks/qata_test_sub-S09371_ses-E24064_run-1_bp-chest_cr.png,predictions/probabilities/qata_test_sub-S09371_ses-E24064_run-1_bp-chest_cr.npy
qata_test_sub-S09371_ses-E24083_run-1_bp-chest_vp-ap_dx,sub-S09371,unet,1002,0.7565801415887041,0.6084671532903874,35.990264614203234,8.04551839653181,predictions/masks/qata_test_sub-S09371_ses-E24083_run-1_bp-chest_vp-ap_dx.png,predictions/probabilities/qata_test_sub-S09371_ses-E24083_run-1_bp-chest_vp-ap_dx.npy
qata_test_sub-S09371_ses-E24510_run-1_bp-chest_vp-ap_dx,sub-S09371,unet,1002,0.7668146864532999,0.6218162655959631,16.278820596099706,4.1379688919659765,predictions/masks/qata_test_sub-S09371_ses-E24510_run-1_bp-chest_vp-ap_dx.png,predictions/probabilities/qata_test_sub-S09371_ses-E24510_run-1_bp-chest_vp-ap_dx.npy
qata_test_sub-S09371_ses-E26504_run-1_bp-chest_cr,sub-S09371,unet,1002,0.8413274565734942,0.7261132244380608,46.37778273757922,6.703032969432728,predictions/masks/qata_test_sub-S09371_ses-E26504_run-1_bp-chest_cr.png,predictions/probabilities/qata_test_sub-S09371_ses-E26504_run-1_bp-chest_cr.npy
qata_test_sub-S09372_ses-E16170_run-1_bp-chest_vp-ap_dx,sub-S09372,unet,1002,0.9773352299670238,0.9556750741847984,1.4142135623730951,0.4483207053282873,predictions/masks/qata_test_sub-S09372_ses-E16170_run-1_bp-chest_vp-ap_dx.png,predictions/probabilities/qata_test_sub-S09372_ses-E16170_run-1_bp-chest_vp-ap_dx.npy
qata_test_sub-S09373_ses-E16171_run-1_bp-chest_vp-pa_dx,sub-S09373,unet,1002,0.7627362139489143,0.6164701679239645,33.60430468312626,6.01837745070882,predictions/masks/qata_test_sub-S09373_ses-E16171_run-1_bp-chest_vp-pa_dx.png,predictions/probabilities/qata_test_sub-S09373_ses-E16171_run-1_bp-chest_vp-pa_dx.npy
qata_test_sub-S09373_ses-E22331_run-1_bp-chest_vp-ap_dx,sub-S09373,unet,1002,0.9449125081013993,0.8955773955784646,8.54400374531753,1.6124561040943914,predictions/masks/qata_test_sub-S09373_ses-E22331_run-1_bp-chest_vp-ap_dx.png,predictions/probabilities/qata_test_sub-S09373_ses-E22331_run-1_bp-chest_vp-ap_dx.npy
qata_test_sub-S09374_ses-E16172_run-1_bp-chest_vp-ap_dx,sub-S09374,unet,1002,0.7635222847277853,0.6174978127800963,30.004165509901817,7.363957881788489,predictions/masks/qata_test_sub-S09374_ses-E16172_run-1_bp-chest_vp-ap_dx.png,predictions/probabilities/qata_test_sub-S09374_ses-E16172_run-1_bp-chest_vp-ap_dx.npy
qata_test_sub-S09374_ses-E17342_run-1_bp-chest_vp-ap_dx,sub-S09374,unet,1002,0.9221345707660226,0.8555192009655974,39.01152144312158,4.172263157186713,predictions/masks/qata_test_sub-S09374_ses-E17342_run-1_bp-chest_vp-ap_dx.png,predictions/probabilities/qata_test_sub-S09374_ses-E17342_run-1_bp-chest_vp-ap_dx.npy
qata_test_sub-S09374_ses-E18958_run-1_bp-chest_vp-ap_dx,sub-S09374,unet,1002,0.9202769886370714,0.8523269199169162,7.810249675906654,1.9166890794212053,predictions/masks/qata_test_sub-S09374_ses-E18958_run-1_bp-chest_vp-ap_dx.png,predictions/probabilities/qata_test_sub-S09374_ses-E18958_run-1_bp-chest_vp-ap_dx.npy
qata_test_sub-S09374_ses-E22603_run-1_bp-chest_dx,sub-S09374,unet,1002,0.8662555066091079,0.7640658999104124,9.0,2.5522536831163163,predictions/masks/qata_test_sub-S09374_ses-E22603_run-1_bp-chest_dx.png,predictions/probabilities/qata_test_sub-S09374_ses-E22603_run-1_bp-chest_dx.npy
qata_test_sub-S09374_ses-E25195_acq-1_run-1_bp-chest_vp-ap_dx,sub-S09374,unet,1002,0.7250744047644617,0.5687189962128871,93.29871378248482,21.46231965169703,predictions/masks/qata_test_sub-S09374_ses-E25195_acq-1_run-1_bp-chest_vp-ap_dx.png,predictions/probabilities/qata_test_sub-S09374_ses-E25195_acq-1_run-1_bp-chest_vp-ap_dx.npy
qata_test_sub-S09375_ses-E16173_acq-1_run-1_bp-chest_vp-ll_dx,sub-S09375,unet,1002,0.6141053280010147,0.44311111112348645,108.95201278497571,25.697440983262364,predictions/masks/qata_test_sub-S09375_ses-E16173_acq-1_run-1_bp-chest_vp-ll_dx.png,predictions/probabilities/qata_test_sub-S09375_ses-E16173_acq-1_run-1_bp-chest_vp-ll_dx.npy
qata_test_sub-S09375_ses-E16595_run-1_bp-chest_vp-ap_dx,sub-S09375,unet,1002,0.9291183008158913,0.867619926202315,9.219544457292887,1.829100271196197,predictions/masks/qata_test_sub-S09375_ses-E16595_run-1_bp-chest_vp-ap_dx.png,predictions/probabilities/qata_test_sub-S09375_ses-E16595_run-1_bp-chest_vp-ap_dx.npy
qata_test_sub-S09375_ses-E18944_run-1_bp-chest_vp-ap_dx,sub-S09375,unet,1002,0.8832524271858827,0.7909150184787891,57.97413216254298,9.334674418078002,predictions/masks/qata_test_sub-S09375_ses-E18944_run-1_bp-chest_vp-ap_dx.png,predictions/probabilities/qata_test_sub-S09375_ses-E18944_run-1_bp-chest_vp-ap_dx.npy
qata_test_sub-S09375_ses-E19417_run-1_bp-chest_vp-ap_cr,sub-S09375,unet,1002,0.9049429657803283,0.8263888888917594,39.76954248166581,5.082938905067699,predictions/masks/qata_test_sub-S09375_ses-E19417_run-1_bp-chest_vp-ap_cr.png,predictions/probabilities/qata_test_sub-S09375_ses-E19417_run-1_bp-chest_vp-ap_cr.npy
qata_test_sub-S09375_ses-E20663_run-1_bp-chest_vp-ap_cr,sub-S09375,unet,1002,0.4792666957887706,0.3151549942987856,73.02739212103907,13.918973859239944,predictions/masks/qata_test_sub-S09375_ses-E20663_run-1_bp-chest_vp-ap_cr.png,predictions/probabilities/qata_test_sub-S09375_ses-E20663_run-1_bp-chest_vp-ap_cr.npy
qata_test_sub-S09375_ses-E21490_run-1_bp-chest_vp-ap_dx,sub-S09375,unet,1002,0.8912930135572043,0.8039031272089371,21.918004819718348,4.693798241448854,predictions/masks/qata_test_sub-S09375_ses-E21490_run-1_bp-chest_vp-ap_dx.png,predictions/probabilities/qata_test_sub-S09375_ses-E21490_run-1_bp-chest_vp-ap_dx.npy
qata_test_sub-S09375_ses-E21827_run-1_bp-chest_vp-ap_cr,sub-S09375,unet,1002,0.9476840363942547,0.9005698565553042,3.1622776601683795,1.1027906252232713,predictions/masks/qata_test_sub-S09375_ses-E21827_run-1_bp-chest_vp-ap_cr.png,predictions/probabilities/qata_test_sub-S09375_ses-E21827_run-1_bp-chest_vp-ap_cr.npy
qata_test_sub-S09375_ses-E22333_run-1_bp-chest_vp-ap_cr,sub-S09375,unet,1002,0.6005486389617947,0.4291314837325353,14.307305997303905,4.800368789553093,predictions/masks/qata_test_sub-S09375_ses-E22333_run-1_bp-chest_vp-ap_cr.png,predictions/probabilities/qata_test_sub-S09375_ses-E22333_run-1_bp-chest_vp-ap_cr.npy
qata_test_sub-S09375_ses-E22596_run-1_bp-chest_vp-ap_cr,sub-S09375,unet,1002,0.3139804923681384,0.18622589536164044,71.60586519117446,21.865702558491748,predictions/masks/qata_test_sub-S09375_ses-E22596_run-1_bp-chest_vp-ap_cr.png,predictions/probabilities/qata_test_sub-S09375_ses-E22596_run-1_bp-chest_vp-ap_cr.npy
qata_test_sub-S09375_ses-E22795_run-1_bp-chest_vp-ap_cr,sub-S09375,unet,1002,0.8356498065648997,0.7176962835412823,64.50572218137704,11.206165425176529,predictions/masks/qata_test_sub-S09375_ses-E22795_run-1_bp-chest_vp-ap_cr.png,predictions/probabilities/qata_test_sub-S09375_ses-E22795_run-1_bp-chest_vp-ap_cr.npy
qata_test_sub-S09376_ses-E16176_run-1_bp-chest_vp-ap_dx,sub-S09376,unet,1002,0.9706033449399475,0.9428856604198416,2.8284271247461903,0.744771874753207,predictions/masks/qata_test_sub-S09376_ses-E16176_run-1_bp-chest_vp-ap_dx.png,predictions/probabilities/qata_test_sub-S09376_ses-E16176_run-1_bp-chest_vp-ap_dx.npy
qata_test_sub-S09376_ses-E16481_run-1_bp-chest_vp-ap_dx,sub-S09376,unet,1002,0.6874027993804748,0.5236966824703954,15.524174696260022,3.989038136902891,predictions/masks/qata_test_sub-S09376_ses-E16481_run-1_bp-chest_vp-ap_dx.png,predictions/probabilities/qata_test_sub-S09376_ses-E16481_run-1_bp-chest_vp-ap_dx.npy
qata_test_sub-S09376_ses-E16617_run-1_bp-chest_vp-ap_dx,sub-S09376,unet,1002,0.9792779049073272,0.9593971852041425,2.0,0.4916970933623647,predictions/masks/qata_test_sub-S09376_ses-E16617_run-1_bp-chest_vp-ap_dx.png,predictions/probabilities/qata_test_sub-S09376_ses-E16617_run-1_bp-chest_vp-ap_dx.npy
qata_test_sub-S09376_ses-E16703_run-1_bp-chest_vp-ap_dx,sub-S09376,unet,1002,0.9652956298202542,0.9329192546591426,2.23606797749979,0.9760743846219966,predictions/masks/qata_test_sub-S09376_ses-E16703_run-1_bp-chest_vp-ap_dx.png,predictions/probabilities/qata_test_sub-S09376_ses-E16703_run-1_bp-chest_vp-ap_dx.npy
qata_test_sub-S09376_ses-E16820_run-1_bp-chest_vp-ap_dx,sub-S09376,unet,1002,0.9674447556802525,0.9369423679776109,2.8284271247461903,0.7867091561966317,predictions/masks/qata_test_sub-S09376_ses-E16820_run-1_bp-chest_vp-ap_dx.png,predictions/probabilities/qata_test_sub-S09376_ses-E16820_run-1_bp-chest_vp-ap_dx.npy
qata_test_sub-S09376_ses-E17178_run-1_bp-chest_vp-ap_dx,sub-S09376,unet,1002,0.9767851895387788,0.9546237794376263,1.4142135623730951,0.5576515486978058,predictions/masks/qata_test_sub-S09376_ses-E17178_run-1_bp-chest_vp-ap_dx.png,predictions/probabilities/qata_test_sub-S09376_ses-E17178_run-1_bp-chest_vp-ap_dx.npy
qata_test_sub-S09376_ses-E17915_run-1_bp-chest_vp-ap_dx,sub-S09376,unet,1002,0.9271116361492787,0.8641268443089173,11.0,1.9153005351093055,predictions/masks/qata_test_sub-S09376_ses-E17915_run-1_bp-chest_vp-ap_dx.png,predictions/probabilities/qata_test_sub-S09376_ses-E17915_run-1_bp-chest_vp-ap_dx.npy
qata_test_sub-S09376_ses-E18458_run-1_bp-chest_cr,sub-S09376,unet,1002,0.9402889107979755,0.887306852197336,17.54259326664046,2.8770072366814516,predictions/masks/qata_test_sub-S09376_ses-E18458_run-1_bp-chest_cr.png,predictions/probabilities/qata_test_sub-S09376_ses-E18458_run-1_bp-chest_cr.npy
qata_test_sub-S09376_ses-E18625_run-1_bp-chest_vp-ap_dx,sub-S09376,unet,1002,0.9627029398861486,0.92808798646449,3.0,1.0218050723130245,predictions/masks/qata_test_sub-S09376_ses-E18625_run-1_bp-chest_vp-ap_dx.png,predictions/probabilities/qata_test_sub-S09376_ses-E18625_run-1_bp-chest_vp-ap_dx.npy
qata_test_sub-S09376_ses-E18732_run-1_bp-chest_cr,sub-S09376,unet,1002,0.9719912472648928,0.9455087271183865,2.23606797749979,0.797463303400822,predictions/masks/qata_test_sub-S09376_ses-E18732_run-1_bp-chest_cr.png,predictions/probabilities/qata_test_sub-S09376_ses-E18732_run-1_bp-chest_cr.npy
qata_test_sub-S09376_ses-E18978_run-1_bp-chest_cr,sub-S09376,unet,1002,0.9764122203848185,0.9539115646262423,2.23606797749979,0.6412281101465301,predictions/masks/qata_test_sub-S09376_ses-E18978_run-1_bp-chest_cr.png,predictions/probabilities/qata_test_sub-S09376_ses-E18978_run-1_bp-chest_cr.npy
qata_test_sub-S09376_ses-E19213_run-1_bp-chest_cr,sub-S09376,unet,1002,0.9665633005260444,0.9352902804966041,2.8284271247461903,0.779375267437181,predictions/masks/qata_test_sub-S09376_ses-E19213_run-1_bp-chest_cr.png,predictions/probabilities/qata_test_sub-S09376_ses-E19213_run-1_bp-chest_cr.npy
qata_test_sub-S09376_ses-E19844_run-1_bp-chest_cr,sub-S09376,unet,1002,0.9799868622729144,0.9607590589046818,1.4142135623730951,0.5169373854474663,predictions/masks/qata_test_sub-S09376_ses-E19844_run-1_bp-chest_cr.png,predictions/probabilities/qata_test_sub-S09376_ses-E19844_run-1_bp-chest_cr.npy
qata_test_sub-S09376_ses-E21166_run-1_bp-chest_cr,sub-S09376,unet,1002,0.8861665403726271,0.7956005744969719,24.0,3.4303022920689,predictions/masks/qata_test_sub-S09376_ses-E21166_run-1_bp-chest_cr.png,predictions/probabilities/qata_test_sub-S09376_ses-E21166_run-1_bp-chest_cr.npy
qata_test_sub-S09376_ses-E21514_run-1_bp-chest_cr,sub-S09376,unet,1002,0.9727088423352253,0.9468677259392079,2.0,0.7014401794526479,predictions/masks/qata_test_sub-S09376_ses-E21514_run-1_bp-chest_cr.png,predictions/probabilities/qata_test_sub-S09376_ses-E21514_run-1_bp-chest_cr.npy
qata_test_sub-S09376_ses-E21843_run-1_bp-chest_cr,sub-S09376,unet,1002,0.9772474286478594,0.9555071832829298,2.0,0.6282863438964333,predictions/masks/qata_test_sub-S09376_ses-E21843_run-1_bp-chest_cr.png,predictions/probabilities/qata_test_sub-S09376_ses-E21843_run-1_bp-chest_cr.npy
qata_test_sub-S09376_ses-E21908_run-1_bp-chest_cr,sub-S09376,unet,1002,0.9730961645360028,0.9476020352934112,2.0,0.7547483261827975,predictions/masks/qata_test_sub-S09376_ses-E21908_run-1_bp-chest_cr.png,predictions/probabilities/qata_test_sub-S09376_ses-E21908_run-1_bp-chest_cr.npy
qata_test_sub-S09376_ses-E22030_acq-1_run-1_bp-chest_cr,sub-S09376,unet,1002,0.9647326507396878,0.9318681318689199,3.0,0.86278444432205,predictions/masks/qata_test_sub-S09376_ses-E22030_acq-1_run-1_bp-chest_cr.png,predictions/probabilities/qata_test_sub-S09376_ses-E22030_acq-1_run-1_bp-chest_cr.npy
qata_test_sub-S09376_ses-E22821_run-1_bp-chest_cr,sub-S09376,unet,1002,0.9780158360504051,0.9569774861001096,2.0,0.5784304410512295,predictions/masks/qata_test_sub-S09376_ses-E22821_run-1_bp-chest_cr.png,predictions/probabilities/qata_test_sub-S09376_ses-E22821_run-1_bp-chest_cr.npy
qata_test_sub-S09376_ses-E23127_run-1_bp-chest_cr,sub-S09376,unet,1002,0.9659743099209759,0.9341879212378197,2.23606797749979,0.80627306571568,predictions/masks/qata_test_sub-S09376_ses-E23127_run-1_bp-chest_cr.png,predictions/probabilities/qata_test_sub-S09376_ses-E23127_run-1_bp-chest_cr.npy
qata_test_sub-S09376_ses-E26132_run-1_bp-chest_vp-ap_cr,sub-S09376,unet,1002,0.910339914512974,0.8354347623065711,14.899551560488879,2.378008439431059,predictions/masks/qata_test_sub-S09376_ses-E26132_run-1_bp-chest_vp-ap_cr.png,predictions/probabilities/qata_test_sub-S09376_ses-E26132_run-1_bp-chest_vp-ap_cr.npy
qata_test_sub-S09377_ses-E16177_run-1_bp-chest_vp-ap_cr,sub-S09377,unet,1002,0.8453904413705224,0.7321872879499618,71.07545122704323,9.290306538809373,predictions/masks/qata_test_sub-S09377_ses-E16177_run-1_bp-chest_vp-ap_cr.png,predictions/probabilities/qata_test_sub-S09377_ses-E16177_run-1_bp-chest_vp-ap_cr.npy
qata_test_sub-S09377_ses-E16266_run-1_bp-chest_vp-ap_cr,sub-S09377,unet,1002,0.7629998283891711,0.6168146503990894,13.028803607803974,3.3070687164781316,predictions/masks/qata_test_sub-S09377_ses-E16266_run-1_bp-chest_vp-ap_cr.png,predictions/probabilities/qata_test_sub-S09377_ses-E16266_run-1_bp-chest_vp-ap_cr.npy
qata_test_sub-S09377_ses-E16465_run-1_bp-chest_vp-ap_cr,sub-S09377,unet,1002,0.926658905705527,0.863340563995558,4.7888543819997835,1.1237338971250945,predictions/masks/qata_test_sub-S09377_ses-E16465_run-1_bp-chest_vp-ap_cr.png,predictions/probabilities/qata_test_sub-S09377_ses-E16465_run-1_bp-chest_vp-ap_cr.npy
qata_test_sub-S09377_ses-E16686_run-1_bp-chest_vp-ap_cr,sub-S09377,unet,1002,0.6605714285843592,0.49317406146227677,15.541870665674235,4.07222893476589,predictions/masks/qata_test_sub-S09377_ses-E16686_run-1_bp-chest_vp-ap_cr.png,predictions/probabilities/qata_test_sub-S09377_ses-E16686_run-1_bp-chest_vp-ap_cr.npy
qata_test_sub-S09377_ses-E16818_run-1_bp-chest_vp-ap_cr,sub-S09377,unet,1002,0.8881664499361924,0.7988304093606465,45.876026278259914,5.653892295777372,predictions/masks/qata_test_sub-S09377_ses-E16818_run-1_bp-chest_vp-ap_cr.png,predictions/probabilities/qata_test_sub-S09377_ses-E16818_run-1_bp-chest_vp-ap_cr.npy
qata_test_sub-S09377_ses-E17033_run-1_bp-chest_vp-ap_cr,sub-S09377,unet,1002,0.8554978233414479,0.7474846625828838,13.416407864998739,2.8895837225207184,predictions/masks/qata_test_sub-S09377_ses-E17033_run-1_bp-chest_vp-ap_cr.png,predictions/probabilities/qata_test_sub-S09377_ses-E17033_run-1_bp-chest_vp-ap_cr.npy
qata_test_sub-S09377_ses-E17133_run-1_bp-chest_vp-ap_cr,sub-S09377,unet,1002,0.7629569455765564,0.6167586025842722,56.2894005342095,8.421778281402725,predictions/masks/qata_test_sub-S09377_ses-E17133_run-1_bp-chest_vp-ap_cr.png,predictions/probabilities/qata_test_sub-S09377_ses-E17133_run-1_bp-chest_vp-ap_cr.npy
qata_test_sub-S09377_ses-E17181_run-1_bp-chest_vp-ap_cr,sub-S09377,unet,1002,0.9364345183039985,0.880467196822056,3.605551275463989,0.9996832409078029,predictions/masks/qata_test_sub-S09377_ses-E17181_run-1_bp-chest_vp-ap_cr.png,predictions/probabilities/qata_test_sub-S09377_ses-E17181_run-1_bp-chest_vp-ap_cr.npy
qata_test_sub-S09377_ses-E18164_run-2_bp-chest_vp-ap_cr,sub-S09377,unet,1002,0.712376889782872,0.5532495371767198,49.0,8.891935102363982,predictions/masks/qata_test_sub-S09377_ses-E18164_run-2_bp-chest_vp-ap_cr.png,predictions/probabilities/qata_test_sub-S09377_ses-E18164_run-2_bp-chest_vp-ap_cr.npy
qata_test_sub-S09377_ses-E18972_run-1_bp-chest_vp-ap_cr,sub-S09377,unet,1002,0.9187838400700215,0.8497688752041781,4.0,6.844844031255652,predictions/masks/qata_test_sub-S09377_ses-E18972_run-1_bp-chest_vp-ap_cr.png,predictions/probabilities/qata_test_sub-S09377_ses-E18972_run-1_bp-chest_vp-ap_cr.npy
qata_test_sub-S09377_ses-E20007_run-1_bp-chest_vp-ap_cr,sub-S09377,unet,1002,0.8658912416747893,0.763499298739801,62.51526014959654,12.819790336218674,predictions/masks/qata_test_sub-S09377_ses-E20007_run-1_bp-chest_vp-ap_cr.png,predictions/probabilities/qata_test_sub-S09377_ses-E20007_run-1_bp-chest_vp-ap_cr.npy
qata_test_sub-S09377_ses-E20007_run-2_bp-chest_vp-ap_cr,sub-S09377,unet,1002,0.5060586734733253,0.3387406616932898,74.17984429464379,18.927957295655226,predictions/masks/qata_test_sub-S09377_ses-E20007_run-2_bp-chest_vp-ap_cr.png,predictions/probabilities/qata_test_sub-S09377_ses-E20007_run-2_bp-chest_vp-ap_cr.npy
qata_test_sub-S09377_ses-E20288_run-1_bp-chest_vp-ap_cr,sub-S09377,unet,1002,0.9218903036248545,0.8550987962785578,5.656854249492381,1.399315140664867,predictions/masks/qata_test_sub-S09377_ses-E20288_run-1_bp-chest_vp-ap_cr.png,predictions/probabilities/qata_test_sub-S09377_ses-E20288_run-1_bp-chest_vp-ap_cr.npy
qata_test_sub-S09377_ses-E20815_run-1_bp-chest_vp-ap_cr,sub-S09377,unet,1002,0.8852920478549695,0.7941919191962502,9.01938479834809,2.2399533102390796,predictions/masks/qata_test_sub-S09377_ses-E20815_run-1_bp-chest_vp-ap_cr.png,predictions/probabilities/qata_test_sub-S09377_ses-E20815_run-1_bp-chest_vp-ap_cr.npy
qata_test_sub-S09377_ses-E20946_run-1_bp-chest_vp-pa_cr,sub-S09377,unet,1002,0.7898644383666781,0.652707401889455,20.351791657454747,5.0692196610254365,predictions/masks/qata_test_sub-S09377_ses-E20946_run-1_bp-chest_vp-pa_cr.png,predictions/probabilities/qata_test_sub-S09377_ses-E20946_run-1_bp-chest_vp-pa_cr.npy
qata_test_sub-S09377_ses-E21154_run-1_bp-chest_vp-ap_cr,sub-S09377,unet,1002,0.9491074398497715,0.9031441232347933,2.8284271247461903,0.8657427310481515,predictions/masks/qata_test_sub-S09377_ses-E21154_run-1_bp-chest_vp-ap_cr.png,predictions/probabilities/qata_test_sub-S09377_ses-E21154_run-1_bp-chest_vp-ap_cr.npy
qata_test_sub-S09377_ses-E22026_run-1_bp-chest_vp-ap_cr,sub-S09377,unet,1002,0.8795847750875468,0.7850525015474822,13.701102881551583,2.3871946768583094,predictions/masks/qata_test_sub-S09377_ses-E22026_run-1_bp-chest_vp-ap_cr.png,predictions/probabilities/qata_test_sub-S09377_ses-E22026_run-1_bp-chest_vp-ap_cr.npy
qata_test_sub-S09377_ses-E22343_run-1_bp-chest_vp-ap_cr,sub-S09377,unet,1002,0.8130372492858997,0.6849728424927586,61.397011138665455,8.94767897000319,predictions/masks/qata_test_sub-S09377_ses-E22343_run-1_bp-chest_vp-ap_cr.png,predictions/probabilities/qata_test_sub-S09377_ses-E22343_run-1_bp-chest_vp-ap_cr.npy
qata_test_sub-S09377_ses-E22803_run-1_bp-chest_vp-ap_cr,sub-S09377,unet,1002,0.8632395732317689,0.759385665534876,69.48359784775516,7.854422074365493,predictions/masks/qata_test_sub-S09377_ses-E22803_run-1_bp-chest_vp-ap_cr.png,predictions/probabilities/qata_test_sub-S09377_ses-E22803_run-1_bp-chest_vp-ap_cr.npy
qata_test_sub-S09377_ses-E22805_run-1_bp-chest_vp-ap_cr,sub-S09377,unet,1002,0.9199372056520151,0.8517441860483073,11.518821543406041,2.259319113926387,predictions/masks/qata_test_sub-S09377_ses-E22805_run-1_bp-chest_vp-ap_cr.png,predictions/probabilities/qata_test_sub-S09377_ses-E22805_run-1_bp-chest_vp-ap_cr.npy
qata_test_sub-S09377_ses-E23332_run-1_bp-chest_vp-ap_cr,sub-S09377,unet,1002,0.4401524777778869,0.2821766047806394,37.16278964425561,11.709418668921666,predictions/masks/qata_test_sub-S09377_ses-E23332_run-1_bp-chest_vp-ap_cr.png,predictions/probabilities/qata_test_sub-S09377_ses-E23332_run-1_bp-chest_vp-ap_cr.npy
qata_test_sub-S09377_ses-E26807_run-1_bp-chest_vp-ap_cr,sub-S09377,unet,1002,0.9129278240838282,0.8398042414407895,3.7633307652783845,1.3570099268830405,predictions/masks/qata_test_sub-S09377_ses-E26807_run-1_bp-chest_vp-ap_cr.png,predictions/probabilities/qata_test_sub-S09377_ses-E26807_run-1_bp-chest_vp-ap_cr.npy
qata_test_sub-S09378_ses-E18629_run-1_bp-chest_vp-pa_dx,sub-S09378,unet,1002,0.2589987588225487,0.1487642585955911,23.600847442411894,10.084113286913546,predictions/masks/qata_test_sub-S09378_ses-E18629_run-1_bp-chest_vp-pa_dx.png,predictions/probabilities/qata_test_sub-S09378_ses-E18629_run-1_bp-chest_vp-pa_dx.npy
qata_test_sub-S09379_ses-E16179_run-1_bp-chest_vp-ap_cr,sub-S09379,unet,1002,0.8630166819118297,0.7590407600386221,19.282057354769123,4.747013308213581,predictions/masks/qata_test_sub-S09379_ses-E16179_run-1_bp-chest_vp-ap_cr.png,predictions/probabilities/qata_test_sub-S09379_ses-E16179_run-1_bp-chest_vp-ap_cr.npy
qata_test_sub-S09379_ses-E16621_run-1_bp-chest_vp-ap_cr,sub-S09379,unet,1002,0.8248098729458317,0.701852282417253,18.418706623610785,5.527508638594632,predictions/masks/qata_test_sub-S09379_ses-E16621_run-1_bp-chest_vp-ap_cr.png,predictions/probabilities/qata_test_sub-S09379_ses-E16621_run-1_bp-chest_vp-ap_cr.npy
qata_test_sub-S09379_ses-E16705_run-1_bp-chest_vp-ap_cr,sub-S09379,unet,1002,0.9461815163255873,0.897860049889078,5.830951894845301,1.8321173929896035,predictions/masks/qata_test_sub-S09379_ses-E16705_run-1_bp-chest_vp-ap_cr.png,predictions/probabilities/qata_test_sub-S09379_ses-E16705_run-1_bp-chest_vp-ap_cr.npy
qata_test_sub-S09379_ses-E16946_run-1_bp-chest_vp-ap_cr,sub-S09379,unet,1002,0.9231945810119698,0.8573457792217442,11.045361017187261,2.541636302782547,predictions/masks/qata_test_sub-S09379_ses-E16946_run-1_bp-chest_vp-ap_cr.png,predictions/probabilities/qata_test_sub-S09379_ses-E16946_run-1_bp-chest_vp-ap_cr.npy
qata_test_sub-S09379_ses-E16950_run-1_bp-chest_vp-ap_cr,sub-S09379,unet,1002,0.9258200626108418,0.861885453624798,10.138773664759682,2.554340887539318,predictions/masks/qata_test_sub-S09379_ses-E16950_run-1_bp-chest_vp-ap_cr.png,predictions/probabilities/qata_test_sub-S09379_ses-E16950_run-1_bp-chest_vp-ap_cr.npy
qata_test_sub-S09379_ses-E17190_run-1_bp-chest_vp-ap_cr,sub-S09379,unet,1002,0.8643697597411951,0.7611366174478152,17.46424919657298,4.8372836231561225,predictions/masks/qata_test_sub-S09379_ses-E17190_run-1_bp-chest_vp-ap_cr.png,predictions/probabilities/qata_test_sub-S09379_ses-E17190_run-1_bp-chest_vp-ap_cr.npy
qata_test_sub-S09379_ses-E17430_run-1_bp-chest_vp-ap_cr,sub-S09379,unet,1002,0.9509713228493881,0.906525573192874,9.899494936611665,1.9787737386295456,predictions/masks/qata_test_sub-S09379_ses-E17430_run-1_bp-chest_vp-ap_cr.png,predictions/probabilities/qata_test_sub-S09379_ses-E17430_run-1_bp-chest_vp-ap_cr.npy
qata_test_sub-S09379_ses-E17431_run-1_bp-chest_vp-ap_cr,sub-S09379,unet,1002,0.915922228061272,0.8448860882221114,12.0,2.996579579365667,predictions/masks/qata_test_sub-S09379_ses-E17431_run-1_bp-chest_vp-ap_cr.png,predictions/probabilities/qata_test_sub-S09379_ses-E17431_run-1_bp-chest_vp-ap_cr.npy
qata_test_sub-S09379_ses-E17911_run-1_bp-chest_vp-ap_cr,sub-S09379,unet,1002,0.9537768617124556,0.9116380882895904,6.0,1.5420178479946072,predictions/masks/qata_test_sub-S09379_ses-E17911_run-1_bp-chest_vp-ap_cr.png,predictions/probabilities/qata_test_sub-S09379_ses-E17911_run-1_bp-chest_vp-ap_cr.npy
qata_test_sub-S09379_ses-E17912_run-1_bp-chest_vp-ap_cr,sub-S09379,unet,1002,0.9440859464929223,0.8940935517977399,7.615773105863909,1.9658261466005278,predictions/masks/qata_test_sub-S09379_ses-E17912_run-1_bp-chest_vp-ap_cr.png,predictions/probabilities/qata_test_sub-S09379_ses-E17912_run-1_bp-chest_vp-ap_cr.npy
qata_test_sub-S09379_ses-E17914_run-1_bp-chest_vp-ap_cr,sub-S09379,unet,1002,0.9426339128600597,0.8914924777000965,12.095417836644842,2.621792775414961,predictions/masks/qata_test_sub-S09379_ses-E17914_run-1_bp-chest_vp-ap_cr.png,predictions/probabilities/qata_test_sub-S09379_ses-E17914_run-1_bp-chest_vp-ap_cr.npy
qata_test_sub-S09379_ses-E18623_run-1_bp-chest_vp-ap_cr,sub-S09379,unet,1002,0.8214830090566597,0.6970480827777157,20.388696988218385,5.711875347735687,predictions/masks/qata_test_sub-S09379_ses-E18623_run-1_bp-chest_vp-ap_cr.png,predictions/probabilities/qata_test_sub-S09379_ses-E18623_run-1_bp-chest_vp-ap_cr.npy
qata_test_sub-S09379_ses-E18624_run-1_bp-chest_vp-ap_cr,sub-S09379,unet,1002,0.8836006569525681,0.7914736446738984,14.212670403551895,4.309718014046452,predictions/masks/qata_test_sub-S09379_ses-E18624_run-1_bp-chest_vp-ap_cr.png,predictions/probabilities/qata_test_sub-S09379_ses-E18624_run-1_bp-chest_vp-ap_cr.npy
qata_test_sub-S09379_ses-E18624_run-2_bp-chest_vp-ap_cr,sub-S09379,unet,1002,0.9162159178721923,0.8453860256687168,23.0,4.023960039673069,predictions/masks/qata_test_sub-S09379_ses-E18624_run-2_bp-chest_vp-ap_cr.png,predictions/probabilities/qata_test_sub-S09379_ses-E18624_run-2_bp-chest_vp-ap_cr.npy
qata_test_sub-S09379_ses-E18975_run-1_bp-chest_vp-ap_cr,sub-S09379,unet,1002,0.920754003278525,0.8531456276660252,17.0,2.8372791703874856,predictions/masks/qata_test_sub-S09379_ses-E18975_run-1_bp-chest_vp-ap_cr.png,predictions/probabilities/qata_test_sub-S09379_ses-E18975_run-1_bp-chest_vp-ap_cr.npy
qata_test_sub-S09379_ses-E19206_run-1_bp-chest_vp-ap_cr,sub-S09379,unet,1002,0.5670518970804238,0.39572395952677675,28.293107321815857,8.16064867963796,predictions/masks/qata_test_sub-S09379_ses-E19206_run-1_bp-chest_vp-ap_cr.png,predictions/probabilities/qata_test_sub-S09379_ses-E19206_run-1_bp-chest_vp-ap_cr.npy
qata_test_sub-S09379_ses-E20285_run-1_bp-chest_vp-ap_cr,sub-S09379,unet,1002,0.9051282051286557,0.8266978922731659,12.0,2.929293908382018,predictions/masks/qata_test_sub-S09379_ses-E20285_run-1_bp-chest_vp-ap_cr.png,predictions/probabilities/qata_test_sub-S09379_ses-E20285_run-1_bp-chest_vp-ap_cr.npy
qata_test_sub-S09379_ses-E20416_run-1_bp-chest_vp-ap_cr,sub-S09379,unet,1002,0.7321951219528525,0.5775298191652796,37.52331897568085,9.077961081377175,predictions/masks/qata_test_sub-S09379_ses-E20416_run-1_bp-chest_vp-ap_cr.png,predictions/probabilities/qata_test_sub-S09379_ses-E20416_run-1_bp-chest_vp-ap_cr.npy
qata_test_sub-S09379_ses-E20823_run-1_bp-chest_vp-ap_cr,sub-S09379,unet,1002,0.6851518679241976,0.5210882163592958,26.476404589747453,9.410720037053574,predictions/masks/qata_test_sub-S09379_ses-E20823_run-1_bp-chest_vp-ap_cr.png,predictions/probabilities/qata_test_sub-S09379_ses-E20823_run-1_bp-chest_vp-ap_cr.npy
qata_test_sub-S09379_ses-E21909_run-2_bp-chest_vp-ap_cr,sub-S09379,unet,1002,0.7439743457148652,0.5923241640653546,28.593243404019617,5.868916517529104,predictions/masks/qata_test_sub-S09379_ses-E21909_run-2_bp-chest_vp-ap_cr.png,predictions/probabilities/qata_test_sub-S09379_ses-E21909_run-2_bp-chest_vp-ap_cr.npy
qata_test_sub-S09379_ses-E22174_run-1_bp-chest_vp-ap_cr,sub-S09379,unet,1002,0.9036307193956552,0.8242028807101798,14.032101962856375,3.5500933629687492,predictions/masks/qata_test_sub-S09379_ses-E22174_run-1_bp-chest_vp-ap_cr.png,predictions/probabilities/qata_test_sub-S09379_ses-E22174_run-1_bp-chest_vp-ap_cr.npy
qata_test_sub-S09379_ses-E22175_run-1_bp-chest_vp-ap_cr,sub-S09379,unet,1002,0.9238009162591585,0.8583922159164926,10.770329614269007,2.682814100666356,predictions/masks/qata_test_sub-S09379_ses-E22175_run-1_bp-chest_vp-ap_cr.png,predictions/probabilities/qata_test_sub-S09379_ses-E22175_run-1_bp-chest_vp-ap_cr.npy
qata_test_sub-S09379_ses-E22352_run-1_bp-chest_vp-ap_cr,sub-S09379,unet,1002,0.8796262549289963,0.7851185899344347,18.584876605423005,4.943262475729649,predictions/masks/qata_test_sub-S09379_ses-E22352_run-1_bp-chest_vp-ap_cr.png,predictions/probabilities/qata_test_sub-S09379_ses-E22352_run-1_bp-chest_vp-ap_cr.npy
qata_test_sub-S09379_ses-E22818_run-1_bp-chest_vp-ap_cr,sub-S09379,unet,1002,0.8231786845544133,0.6994933502235624,21.087900402918944,5.527152333146042,predictions/masks/qata_test_sub-S09379_ses-E22818_run-1_bp-chest_vp-ap_cr.png,predictions/probabilities/qata_test_sub-S09379_ses-E22818_run-1_bp-chest_vp-ap_cr.npy
qata_test_sub-S09379_ses-E23008_run-1_bp-chest_vp-ap_cr,sub-S09379,unet,1002,0.8269413903565624,0.704944649448672,18.681541692269406,5.499525017427223,predictions/masks/qata_test_sub-S09379_ses-E23008_run-1_bp-chest_vp-ap_cr.png,predictions/probabilities/qata_test_sub-S09379_ses-E23008_run-1_bp-chest_vp-ap_cr.npy
qata_test_sub-S09379_ses-E23128_run-1_bp-chest_vp-ap_cr,sub-S09379,unet,1002,0.8702285141734697,0.7702694970545845,18.98941471140276,4.816699268939953,predictions/masks/qata_test_sub-S09379_ses-E23128_run-1_bp-chest_vp-ap_cr.png,predictions/probabilities/qata_test_sub-S09379_ses-E23128_run-1_bp-chest_vp-ap_cr.npy
qata_test_sub-S09380_ses-E23119_run-2_bp-chest_cr,sub-S09380,unet,1002,0.9352663519913936,0.8784040532059275,3.032455532033674,1.0909660608077478,predictions/masks/qata_test_sub-S09380_ses-E23119_run-2_bp-chest_cr.png,predictions/probabilities/qata_test_sub-S09380_ses-E23119_run-2_bp-chest_cr.npy
qata_test_sub-S09382_ses-E16183_run-1_bp-chest_vp-ap_cr,sub-S09382,unet,1002,0.4556876061182151,0.29507475814577727,92.51023591772757,37.49840606215266,predictions/masks/qata_test_sub-S09382_ses-E16183_run-1_bp-chest_vp-ap_cr.png,predictions/probabilities/qata_test_sub-S09382_ses-E16183_run-1_bp-chest_vp-ap_cr.npy
qata_test_sub-S09382_ses-E16291_run-1_bp-chest_vp-ap_cr,sub-S09382,unet,1002,0.9661696472815615,0.9345533769068884,3.0,0.9629348959674674,predictions/masks/qata_test_sub-S09382_ses-E16291_run-1_bp-chest_vp-ap_cr.png,predictions/probabilities/qata_test_sub-S09382_ses-E16291_run-1_bp-chest_vp-ap_cr.npy
qata_test_sub-S09382_ses-E16381_run-1_bp-chest_vp-ap_cr,sub-S09382,unet,1002,0.9473401973404797,0.899949057565971,5.0,1.292823531282088,predictions/masks/qata_test_sub-S09382_ses-E16381_run-1_bp-chest_vp-ap_cr.png,predictions/probabilities/qata_test_sub-S09382_ses-E16381_run-1_bp-chest_vp-ap_cr.npy
qata_test_sub-S09382_ses-E16495_run-1_bp-chest_vp-ap_cr,sub-S09382,unet,1002,0.9634680954702416,0.9295112781962248,2.23606797749979,0.9563306584717027,predictions/masks/qata_test_sub-S09382_ses-E16495_run-1_bp-chest_vp-ap_cr.png,predictions/probabilities/qata_test_sub-S09382_ses-E16495_run-1_bp-chest_vp-ap_cr.npy
qata_test_sub-S09382_ses-E16569_run-1_bp-chest_vp-ap_cr,sub-S09382,unet,1002,0.9671537404772192,0.9363966142689528,3.1622776601683795,0.9591214962718239,predictions/masks/qata_test_sub-S09382_ses-E16569_run-1_bp-chest_vp-ap_cr.png,predictions/probabilities/qata_test_sub-S09382_ses-E16569_run-1_bp-chest_vp-ap_cr.npy
qata_test_sub-S09382_ses-E16637_run-1_bp-chest_vp-ap_cr,sub-S09382,unet,1002,0.9798200622215597,0.9604384735847652,2.0,0.5662147223499214,predictions/masks/qata_test_sub-S09382_ses-E16637_run-1_bp-chest_vp-ap_cr.png,predictions/probabilities/qata_test_sub-S09382_ses-E16637_run-1_bp-chest_vp-ap_cr.npy
qata_test_sub-S09382_ses-E16838_run-1_bp-chest_vp-ap_cr,sub-S09382,unet,1002,0.9698971407003402,0.9415536826681793,2.23606797749979,0.796571777686628,predictions/masks/qata_test_sub-S09382_ses-E16838_run-1_bp-chest_vp-ap_cr.png,predictions/probabilities/qata_test_sub-S09382_ses-E16838_run-1_bp-chest_vp-ap_cr.npy
qata_test_sub-S09382_ses-E17142_run-1_bp-chest_vp-pa_cr,sub-S09382,unet,1002,0.9629992430653057,0.9286389008164135,3.0,1.0261189575398872,predictions/masks/qata_test_sub-S09382_ses-E17142_run-1_bp-chest_vp-pa_cr.png,predictions/probabilities/qata_test_sub-S09382_ses-E17142_run-1_bp-chest_vp-pa_cr.npy
qata_test_sub-S09382_ses-E17280_run-1_bp-chest_vp-ap_cr,sub-S09382,unet,1002,0.9690671822137793,0.93999062353549,2.23606797749979,0.8350551610063821,predictions/masks/qata_test_sub-S09382_ses-E17280_run-1_bp-chest_vp-ap_cr.png,predictions/probabilities/qata_test_sub-S09382_ses-E17280_run-1_bp-chest_vp-ap_cr.npy
qata_test_sub-S09382_ses-E17362_run-1_bp-chest_vp-ap_cr,sub-S09382,unet,1002,0.9605475391256788,0.9240899177996638,3.1622776601683795,1.0980545663699826,predictions/masks/qata_test_sub-S09382_ses-E17362_run-1_bp-chest_vp-ap_cr.png,predictions/probabilities/qata_test_sub-S09382_ses-E17362_run-1_bp-chest_vp-ap_cr.npy
qata_test_sub-S09382_ses-E17692_run-1_bp-chest_vp-ap_cr,sub-S09382,unet,1002,0.9724516635135783,0.9463804562605858,2.23606797749979,0.7605227070559197,predictions/masks/qata_test_sub-S09382_ses-E17692_run-1_bp-chest_vp-ap_cr.png,predictions/probabilities/qata_test_sub-S09382_ses-E17692_run-1_bp-chest_vp-ap_cr.npy
qata_test_sub-S09382_ses-E17827_run-1_bp-chest_vp-ap_cr,sub-S09382,unet,1002,0.966726875178407,0.9355966510264458,3.605551275463989,0.8817873674495059,predictions/masks/qata_test_sub-S09382_ses-E17827_run-1_bp-chest_vp-ap_cr.png,predictions/probabilities/qata_test_sub-S09382_ses-E17827_run-1_bp-chest_vp-ap_cr.npy
qata_test_sub-S09382_ses-E18223_run-1_bp-chest_vp-ap_cr,sub-S09382,unet,1002,0.8290622359906643,0.7080327080350487,20.8806130178211,3.9385327086590265,predictions/masks/qata_test_sub-S09382_ses-E18223_run-1_bp-chest_vp-ap_cr.png,predictions/probabilities/qata_test_sub-S09382_ses-E18223_run-1_bp-chest_vp-ap_cr.npy
qata_test_sub-S09382_ses-E18643_run-1_bp-chest_vp-ap_cr,sub-S09382,unet,1002,0.9630653034910055,0.9287617694090534,3.0,1.02944794751574,predictions/masks/qata_test_sub-S09382_ses-E18643_run-1_bp-chest_vp-ap_cr.png,predictions/probabilities/qata_test_sub-S09382_ses-E18643_run-1_bp-chest_vp-ap_cr.npy
qata_test_sub-S09382_ses-E18774_run-1_bp-chest_vp-ap_cr,sub-S09382,unet,1002,0.9770129071912436,0.9550588800772646,2.0,0.6549911828100782,predictions/masks/qata_test_sub-S09382_ses-E18774_run-1_bp-chest_vp-ap_cr.png,predictions/probabilities/qata_test_sub-S09382_ses-E18774_run-1_bp-chest_vp-ap_cr.npy
qata_test_sub-S09382_ses-E18775_run-1_bp-chest_vp-ap_cr,sub-S09382,unet,1002,0.9577956645800528,0.9190094802229568,5.830951894845301,1.226792958188611,predictions/masks/qata_test_sub-S09382_ses-E18775_run-1_bp-chest_vp-ap_cr.png,predictions/probabilities/qata_test_sub-S09382_ses-E18775_run-1_bp-chest_vp-ap_cr.npy
qata_test_sub-S09382_ses-E19016_run-1_bp-chest_vp-ap_cr,sub-S09382,unet,1002,0.9693985513145219,0.9406143883760514,3.0,0.9060035408226706,predictions/masks/qata_test_sub-S09382_ses-E19016_run-1_bp-chest_vp-ap_cr.png,predictions/probabilities/qata_test_sub-S09382_ses-E19016_run-1_bp-chest_vp-ap_cr.npy
qata_test_sub-S09382_ses-E19160_run-1_bp-chest_vp-ap_cr,sub-S09382,unet,1002,0.9689299978979654,0.9397325069324765,3.0,0.8997287488913288,predictions/masks/qata_test_sub-S09382_ses-E19160_run-1_bp-chest_vp-ap_cr.png,predictions/probabilities/qata_test_sub-S09382_ses-E19160_run-1_bp-chest_vp-ap_cr.npy
qata_test_sub-S09382_ses-E19241_run-1_bp-chest_vp-ap_cr,sub-S09382,unet,1002,0.9601312252245859,0.9233196038916544,3.605551275463989,1.0808336882878724,predictions/masks/qata_test_sub-S09382_ses-E19241_run-1_bp-chest_vp-ap_cr.png,predictions/probabilities/qata_test_sub-S09382_ses-E19241_run-1_bp-chest_vp-ap_cr.npy
qata_test_sub-S09382_ses-E19494_run-1_bp-chest_vp-ap_cr,sub-S09382,unet,1002,0.9702616224356754,0.942240906598956,2.8284271247461903,0.8848648800180513,predictions/masks/qata_test_sub-S09382_ses-E19494_run-1_bp-chest_vp-ap_cr.png,predictions/probabilities/qata_test_sub-S09382_ses-E19494_run-1_bp-chest_vp-ap_cr.npy
qata_test_sub-S09382_ses-E20464_run-1_bp-chest_vp-ap_cr,sub-S09382,unet,1002,0.9766123882504126,0.9542937368383566,3.0,0.9174360429042538,predictions/masks/qata_test_sub-S09382_ses-E20464_run-1_bp-chest_vp-ap_cr.png,predictions/probabilities/qata_test_sub-S09382_ses-E20464_run-1_bp-chest_vp-ap_cr.npy
qata_test_sub-S09382_ses-E21864_run-1_bp-chest_vp-ap_cr,sub-S09382,unet,1002,0.9654396816472796,0.9331883936789599,3.0,0.9850223784108173,predictions/masks/qata_test_sub-S09382_ses-E21864_run-1_bp-chest_vp-ap_cr.png,predictions/probabilities/qata_test_sub-S09382_ses-E21864_run-1_bp-chest_vp-ap_cr.npy
qata_test_sub-S09382_ses-E21934_run-1_bp-chest_vp-ap_cr,sub-S09382,unet,1002,0.9799975557095368,0.9607796149855358,2.0,0.57584053004846,predictions/masks/qata_test_sub-S09382_ses-E21934_run-1_bp-chest_vp-ap_cr.png,predictions/probabilities/qata_test_sub-S09382_ses-E21934_run-1_bp-chest_vp-ap_cr.npy
qata_test_sub-S09382_ses-E22062_run-1_bp-chest_vp-ap_cr,sub-S09382,unet,1002,0.9584895052475708,0.9202878992359849,4.123105625617661,1.0887911619077006,predictions/masks/qata_test_sub-S09382_ses-E22062_run-1_bp-chest_vp-ap_cr.png,predictions/probabilities/qata_test_sub-S09382_ses-E22062_run-1_bp-chest_vp-ap_cr.npy
qata_test_sub-S09382_ses-E22219_run-1_bp-chest_vp-ap_cr,sub-S09382,unet,1002,0.9648975996478093,0.9321759850231285,3.0,0.982240295397847,predictions/masks/qata_test_sub-S09382_ses-E22219_run-1_bp-chest_vp-ap_cr.png,predictions/probabilities/qata_test_sub-S09382_ses-E22219_run-1_bp-chest_vp-ap_cr.npy
qata_test_sub-S09382_ses-E22396_run-1_bp-chest_vp-ap_cr,sub-S09382,unet,1002,0.9733260751226033,0.9480381760343934,3.0,0.7662346389026105,predictions/masks/qata_test_sub-S09382_ses-E22396_run-1_bp-chest_vp-ap_cr.png,predictions/probabilities/qata_test_sub-S09382_ses-E22396_run-1_bp-chest_vp-ap_cr.npy
qata_test_sub-S09382_ses-E22668_run-1_bp-chest_vp-ap_cr,sub-S09382,unet,1002,0.957091413944392,0.9177136201021906,4.0,1.2800625402516883,predictions/masks/qata_test_sub-S09382_ses-E22668_run-1_bp-chest_vp-ap_cr.png,predictions/probabilities/qata_test_sub-S09382_ses-E22668_run-1_bp-chest_vp-ap_cr.npy
qata_test_sub-S09382_ses-E22855_run-1_bp-chest_vp-ap_cr,sub-S09382,unet,1002,0.9597604342131772,0.9226340410226463,3.0,1.0807232404259228,predictions/masks/qata_test_sub-S09382_ses-E22855_run-1_bp-chest_vp-ap_cr.png,predictions/probabilities/qata_test_sub-S09382_ses-E22855_run-1_bp-chest_vp-ap_cr.npy
qata_test_sub-S09382_ses-E22859_run-1_bp-chest_vp-ap_cr,sub-S09382,unet,1002,0.9644562749551223,0.9313525364789343,3.0,1.0571136735594073,predictions/masks/qata_test_sub-S09382_ses-E22859_run-1_bp-chest_vp-ap_cr.png,predictions/probabilities/qata_test_sub-S09382_ses-E22859_run-1_bp-chest_vp-ap_cr.npy
qata_test_sub-S09382_ses-E23033_run-1_bp-chest_vp-ap_cr,sub-S09382,unet,1002,0.9723821443472158,0.9462487820725378,2.8284271247461903,0.7854038817773555,predictions/masks/qata_test_sub-S09382_ses-E23033_run-1_bp-chest_vp-ap_cr.png,predictions/probabilities/qata_test_sub-S09382_ses-E23033_run-1_bp-chest_vp-ap_cr.npy
qata_test_sub-S09382_ses-E23166_run-1_bp-chest_vp-ap_cr,sub-S09382,unet,1002,0.9766324355745917,0.9543320206001641,2.0,0.677169628786292,predictions/masks/qata_test_sub-S09382_ses-E23166_run-1_bp-chest_vp-ap_cr.png,predictions/probabilities/qata_test_sub-S09382_ses-E23166_run-1_bp-chest_vp-ap_cr.npy
qata_test_sub-S09382_ses-E23413_run-1_bp-chest_vp-ap_cr,sub-S09382,unet,1002,0.9663146394757542,0.9348247313727777,3.4947328716400867,1.0029855087428097,predictions/masks/qata_test_sub-S09382_ses-E23413_run-1_bp-chest_vp-ap_cr.png,predictions/probabilities/qata_test_sub-S09382_ses-E23413_run-1_bp-chest_vp-ap_cr.npy
qata_test_sub-S09382_ses-E23421_run-1_bp-chest_vp-ap_dx,sub-S09382,unet,1002,0.966469934137514,0.935115451461267,2.0,0.9399786157982399,predictions/masks/qata_test_sub-S09382_ses-E23421_run-1_bp-chest_vp-ap_dx.png,predictions/probabilities/qata_test_sub-S09382_ses-E23421_run-1_bp-chest_vp-ap_dx.npy
qata_test_sub-S09382_ses-E24331_run-1_bp-chest_vp-ap_cr,sub-S09382,unet,1002,0.8594516594526735,0.7535425101245756,12.024956747275374,3.3531162890075383,predictions/masks/qata_test_sub-S09382_ses-E24331_run-1_bp-chest_vp-ap_cr.png,predictions/probabilities/qata_test_sub-S09382_ses-E24331_run-1_bp-chest_vp-ap_cr.npy
qata_test_sub-S09382_ses-E24751_run-1_bp-chest_vp-ap_cr,sub-S09382,unet,1002,0.7834835464308639,0.6440385940853192,65.2666323690528,9.790774086374984,predictions/masks/qata_test_sub-S09382_ses-E24751_run-1_bp-chest_vp-ap_cr.png,predictions/probabilities/qata_test_sub-S09382_ses-E24751_run-1_bp-chest_vp-ap_cr.npy
qata_test_sub-S09382_ses-E26946_run-1_bp-chest_vp-ap_cr,sub-S09382,unet,1002,0.8360494520944363,0.7182860591464297,17.0,4.078532649813346,predictions/masks/qata_test_sub-S09382_ses-E26946_run-1_bp-chest_vp-ap_cr.png,predictions/probabilities/qata_test_sub-S09382_ses-E26946_run-1_bp-chest_vp-ap_cr.npy
qata_test_sub-S09383_ses-E16184_acq-1_run-1_bp-chest_vp-ap_dx,sub-S09383,unet,1002,0.5222052067747163,0.3533678757146769,97.57681250095185,26.432715480376153,predictions/masks/qata_test_sub-S09383_ses-E16184_acq-1_run-1_bp-chest_vp-ap_dx.png,predictions/probabilities/qata_test_sub-S09383_ses-E16184_acq-1_run-1_bp-chest_vp-ap_dx.npy
qata_test_sub-S09384_ses-E19154_run-1_bp-chest_dx,sub-S09384,unet,1002,0.7815875013129748,0.6414802065466182,15.122800993216678,3.718194089785923,predictions/masks/qata_test_sub-S09384_ses-E19154_run-1_bp-chest_dx.png,predictions/probabilities/qata_test_sub-S09384_ses-E19154_run-1_bp-chest_dx.npy
qata_test_sub-S09384_ses-E20827_run-1_bp-chest_vp-ap_dx,sub-S09384,unet,1002,0.9310852840077666,0.8710566615639961,10.128725367670594,1.95775473366205,predictions/masks/qata_test_sub-S09384_ses-E20827_run-1_bp-chest_vp-ap_dx.png,predictions/probabilities/qata_test_sub-S09384_ses-E20827_run-1_bp-chest_vp-ap_dx.npy
qata_test_sub-S09385_ses-E16186_run-1_bp-chest_vp-ap_cr,sub-S09385,unet,1002,0.9822064056940346,0.9650349650352911,1.0,0.4541287772573176,predictions/masks/qata_test_sub-S09385_ses-E16186_run-1_bp-chest_vp-ap_cr.png,predictions/probabilities/qata_test_sub-S09385_ses-E16186_run-1_bp-chest_vp-ap_cr.npy
qata_test_sub-S09385_ses-E19899_run-1_bp-chest_vp-ap_dx,sub-S09385,unet,1002,0.9734990268005185,0.948366394399443,2.8284271247461903,0.7988199482118006,predictions/masks/qata_test_sub-S09385_ses-E19899_run-1_bp-chest_vp-ap_dx.png,predictions/probabilities/qata_test_sub-S09385_ses-E19899_run-1_bp-chest_vp-ap_dx.npy
qata_test_sub-S09385_ses-E20875_run-1_bp-chest_vp-ap_dx,sub-S09385,unet,1002,0.9769914515375452,0.9550178764450402,2.0,0.6304621898512989,predictions/masks/qata_test_sub-S09385_ses-E20875_run-1_bp-chest_vp-ap_dx.png,predictions/probabilities/qata_test_sub-S09385_ses-E20875_run-1_bp-chest_vp-ap_dx.npy
qata_test_sub-S09385_ses-E23455_run-1_bp-chest_vp-pa_dx,sub-S09385,unet,1002,0.7004162230210006,0.5389542678453902,46.01068348402758,11.393756000690773,predictions/masks/qata_test_sub-S09385_ses-E23455_run-1_bp-chest_vp-pa_dx.png,predictions/probabilities/qata_test_sub-S09385_ses-E23455_run-1_bp-chest_vp-pa_dx.npy
qata_test_sub-S09386_ses-E24916_acq-1_run-1_bp-chest_vp-pa_dx,sub-S09386,unet,1002,0.8025372959027071,0.670198155784379,92.25833170868192,18.156405202459496,predictions/masks/qata_test_sub-S09386_ses-E24916_acq-1_run-1_bp-chest_vp-pa_dx.png,predictions/probabilities/qata_test_sub-S09386_ses-E24916_acq-1_run-1_bp-chest_vp-pa_dx.npy
qata_test_sub-S09387_ses-E20400_run-1_bp-chest_cr,sub-S09387,unet,1002,0.774464646466469,0.6319398654934466,30.9885040001222,5.003281932723603,predictions/masks/qata_test_sub-S09387_ses-E20400_run-1_bp-chest_cr.png,predictions/probabilities/qata_test_sub-S09387_ses-E20400_run-1_bp-chest_cr.npy
qata_test_sub-S09387_ses-E21902_run-1_bp-chest_cr,sub-S09387,unet,1002,0.8729001584806196,0.7744656917948688,5.830951894845301,1.7097055926823579,predictions/masks/qata_test_sub-S09387_ses-E21902_run-1_bp-chest_cr.png,predictions/probabilities/qata_test_sub-S09387_ses-E21902_run-1_bp-chest_cr.npy
qata_test_sub-S09387_ses-E22310_run-1_bp-chest_cr,sub-S09387,unet,1002,0.8400635930098549,0.7242324561554697,103.16370466575506,16.10586850747635,predictions/masks/qata_test_sub-S09387_ses-E22310_run-1_bp-chest_cr.png,predictions/probabilities/qata_test_sub-S09387_ses-E22310_run-1_bp-chest_cr.npy
qata_test_sub-S09387_ses-E22956_run-1_bp-chest_cr,sub-S09387,unet,1002,0.8649735746697302,0.762073512446332,21.512759758556356,3.6004261773597173,predictions/masks/qata_test_sub-S09387_ses-E22956_run-1_bp-chest_cr.png,predictions/probabilities/qata_test_sub-S09387_ses-E22956_run-1_bp-chest_cr.npy
qata_test_sub-S09387_ses-E22957_run-1_bp-chest_vp-ap_dx,sub-S09387,unet,1002,0.9289224033085434,0.8672783430244615,13.341664064126334,2.4363695047830096,predictions/masks/qata_test_sub-S09387_ses-E22957_run-1_bp-chest_vp-ap_dx.png,predictions/probabilities/qata_test_sub-S09387_ses-E22957_run-1_bp-chest_vp-ap_dx.npy
qata_test_sub-S09391_ses-E16194_run-1_bp-chest_vp-pa_cr,sub-S09391,unet,1002,0.8432464107838339,0.72897669706638,21.857111062791965,4.834612910251101,predictions/masks/qata_test_sub-S09391_ses-E16194_run-1_bp-chest_vp-pa_cr.png,predictions/probabilities/qata_test_sub-S09391_ses-E16194_run-1_bp-chest_vp-pa_cr.npy
qata_test_sub-S09391_ses-E18175_run-1_bp-chest_vp-ap_cr,sub-S09391,unet,1002,0.8557829604961464,0.7479201331149762,35.085592227749956,6.226998517413924,predictions/masks/qata_test_sub-S09391_ses-E18175_run-1_bp-chest_vp-ap_cr.png,predictions/probabilities/qata_test_sub-S09391_ses-E18175_run-1_bp-chest_vp-ap_cr.npy
qata_test_sub-S09391_ses-E20036_run-1_bp-chest_vp-ap_dx,sub-S09391,unet,1002,0.9373845206326351,0.8821483771263317,7.0710678118654755,1.7004440732555037,predictions/masks/qata_test_sub-S09391_ses-E20036_run-1_bp-chest_vp-ap_dx.png,predictions/probabilities/qata_test_sub-S09391_ses-E20036_run-1_bp-chest_vp-ap_dx.npy
qata_test_sub-S09391_ses-E20436_run-1_bp-chest_vp-ap_dx,sub-S09391,unet,1002,0.9595623215987983,0.9222679469604897,3.1622776601683795,1.0030376074185727,predictions/masks/qata_test_sub-S09391_ses-E20436_run-1_bp-chest_vp-ap_dx.png,predictions/probabilities/qata_test_sub-S09391_ses-E20436_run-1_bp-chest_vp-ap_dx.npy
qata_test_sub-S09391_ses-E21185_run-1_bp-chest_vp-ap_dx,sub-S09391,unet,1002,0.9581359899833517,0.9196363256357024,3.0,1.0295852740901918,predictions/masks/qata_test_sub-S09391_ses-E21185_run-1_bp-chest_vp-ap_dx.png,predictions/probabilities/qata_test_sub-S09391_ses-E21185_run-1_bp-chest_vp-ap_dx.npy
qata_test_sub-S09391_ses-E22345_run-1_bp-chest_vp-ap_dx,sub-S09391,unet,1002,0.9328323639923165,0.8741198032229756,7.615773105863909,1.8428505894349143,predictions/masks/qata_test_sub-S09391_ses-E22345_run-1_bp-chest_vp-ap_dx.png,predictions/probabilities/qata_test_sub-S09391_ses-E22345_run-1_bp-chest_vp-ap_dx.npy
qata_test_sub-S09391_ses-E23123_run-1_bp-chest_vp-ap_dx,sub-S09391,unet,1002,0.9653217538148162,0.9329680578231175,3.0,0.859731416581414,predictions/masks/qata_test_sub-S09391_ses-E23123_run-1_bp-chest_vp-ap_dx.png,predictions/probabilities/qata_test_sub-S09391_ses-E23123_run-1_bp-chest_vp-ap_dx.npy
qata_test_sub-S09392_ses-E16195_run-1_bp-chest_vp-ap_dx,sub-S09392,unet,1002,3.5486160396185727e-11,3.5486160396185727e-11,81.61280352347389,55.04045972447007,predictions/masks/qata_test_sub-S09392_ses-E16195_run-1_bp-chest_vp-ap_dx.png,predictions/probabilities/qata_test_sub-S09392_ses-E16195_run-1_bp-chest_vp-ap_dx.npy
qata_test_sub-S09395_ses-E16198_run-1_bp-chest_vp-pa_cr,sub-S09395,unet,1002,0.6038159371566814,0.43247588425958,63.039668054799336,13.191891078552208,predictions/masks/qata_test_sub-S09395_ses-E16198_run-1_bp-chest_vp-pa_cr.png,predictions/probabilities/qata_test_sub-S09395_ses-E16198_run-1_bp-chest_vp-pa_cr.npy
qata_test_sub-S09395_ses-E19850_run-1_bp-chest_vp-ap_cr,sub-S09395,unet,1002,0.6713662302841328,0.5053057099670211,42.00714184512,8.690121066997822,predictions/masks/qata_test_sub-S09395_ses-E19850_run-1_bp-chest_vp-ap_cr.png,predictions/probabilities/qata_test_sub-S09395_ses-E19850_run-1_bp-chest_vp-ap_cr.npy
qata_test_sub-S09395_ses-E22364_run-1_bp-chest_vp-ap_cr,sub-S09395,unet,1002,0.6843742522210008,0.5201891597118884,96.91102292366993,22.965135811486878,predictions/masks/qata_test_sub-S09395_ses-E22364_run-1_bp-chest_vp-ap_cr.png,predictions/probabilities/qata_test_sub-S09395_ses-E22364_run-1_bp-chest_vp-ap_cr.npy
qata_test_sub-S09395_ses-E22643_run-1_bp-chest_vp-ap_cr,sub-S09395,unet,1002,0.810243751934272,0.6810165975269182,12.903124237432849,2.6591285502866016,predictions/masks/qata_test_sub-S09395_ses-E22643_run-1_bp-chest_vp-ap_cr.png,predictions/probabilities/qata_test_sub-S09395_ses-E22643_run-1_bp-chest_vp-ap_cr.npy
qata_test_sub-S09395_ses-E25833_run-1_bp-chest_vp-ap_cr,sub-S09395,unet,1002,0.6791914387671915,0.5142239827239067,27.962427976686932,6.43364400250445,predictions/masks/qata_test_sub-S09395_ses-E25833_run-1_bp-chest_vp-ap_cr.png,predictions/probabilities/qata_test_sub-S09395_ses-E25833_run-1_bp-chest_vp-ap_cr.npy
qata_test_sub-S09395_ses-E26750_run-1_bp-chest_vp-pa_cr,sub-S09395,unet,1002,0.2218068536067973,0.12473721096269318,80.22343133653428,22.32237714123866,predictions/masks/qata_test_sub-S09395_ses-E26750_run-1_bp-chest_vp-pa_cr.png,predictions/probabilities/qata_test_sub-S09395_ses-E26750_run-1_bp-chest_vp-pa_cr.npy
qata_test_sub-S09397_ses-E16200_acq-1_run-1_bp-chest_vp-ll_dx,sub-S09397,unet,1002,0.6859688196340792,0.522033898386096,8.554129954602647,2.5049914380192253,predictions/masks/qata_test_sub-S09397_ses-E16200_acq-1_run-1_bp-chest_vp-ll_dx.png,predictions/probabilities/qata_test_sub-S09397_ses-E16200_acq-1_run-1_bp-chest_vp-ll_dx.npy
qata_test_sub-S09397_ses-E18638_acq-1_run-1_bp-chest_vp-pa_dx,sub-S09397,unet,1002,0.5853658537091018,0.413793103549346,12.045739718272523,4.184945583508507,predictions/masks/qata_test_sub-S09397_ses-E18638_acq-1_run-1_bp-chest_vp-pa_dx.png,predictions/probabilities/qata_test_sub-S09397_ses-E18638_acq-1_run-1_bp-chest_vp-pa_dx.npy
qata_test_sub-S09397_ses-E22055_run-1_bp-chest_vp-ap_cr,sub-S09397,unet,1002,0.8521739130510397,0.7424242424471992,5.0,2.0193498056441026,predictions/masks/qata_test_sub-S09397_ses-E22055_run-1_bp-chest_vp-ap_cr.png,predictions/probabilities/qata_test_sub-S09397_ses-E22055_run-1_bp-chest_vp-ap_cr.npy
qata_test_sub-S09397_ses-E23382_acq-1_run-1_bp-chest_vp-pa_dx,sub-S09397,unet,1002,0.8774193548474968,0.7816091954301904,3.605551275463989,1.288917817214784,predictions/masks/qata_test_sub-S09397_ses-E23382_acq-1_run-1_bp-chest_vp-pa_dx.png,predictions/probabilities/qata_test_sub-S09397_ses-E23382_acq-1_run-1_bp-chest_vp-pa_dx.npy
qata_test_sub-S09398_ses-E17446_run-1_bp-chest_vp-ap_cr,sub-S09398,unet,1002,0.8915633650271805,0.8043431053245528,6.4031242374328485,2.077674381496979,predictions/masks/qata_test_sub-S09398_ses-E17446_run-1_bp-chest_vp-ap_cr.png,predictions/probabilities/qata_test_sub-S09398_ses-E17446_run-1_bp-chest_vp-ap_cr.npy
qata_test_sub-S09398_ses-E17512_run-1_bp-chest_vp-ap_cr,sub-S09398,unet,1002,0.9684109763881705,0.9387565728431926,2.8284271247461903,0.8482619531791762,predictions/masks/qata_test_sub-S09398_ses-E17512_run-1_bp-chest_vp-ap_cr.png,predictions/probabilities/qata_test_sub-S09398_ses-E17512_run-1_bp-chest_vp-ap_cr.npy
qata_test_sub-S09398_ses-E17923_run-1_bp-chest_vp-ap_cr,sub-S09398,unet,1002,0.8536198266407811,0.7446219382376013,31.677379849142206,5.588219998789505,predictions/masks/qata_test_sub-S09398_ses-E17923_run-1_bp-chest_vp-ap_cr.png,predictions/probabilities/qata_test_sub-S09398_ses-E17923_run-1_bp-chest_vp-ap_cr.npy
qata_test_sub-S09398_ses-E18631_run-1_bp-chest_vp-ap_cr,sub-S09398,unet,1002,0.573200992563396,0.40173913044964626,94.49507960085643,28.66272312801396,predictions/masks/qata_test_sub-S09398_ses-E18631_run-1_bp-chest_vp-ap_cr.png,predictions/probabilities/qata_test_sub-S09398_ses-E18631_run-1_bp-chest_vp-ap_cr.npy
qata_test_sub-S09398_ses-E18734_run-1_bp-chest_vp-ap_cr,sub-S09398,unet,1002,0.7286288009196875,0.5731046931450751,18.384776310850235,5.228710601851976,predictions/masks/qata_test_sub-S09398_ses-E18734_run-1_bp-chest_vp-ap_cr.png,predictions/probabilities/qata_test_sub-S09398_ses-E18734_run-1_bp-chest_vp-ap_cr.npy
qata_test_sub-S09398_ses-E22184_run-1_bp-chest_vp-ap_cr,sub-S09398,unet,1002,0.9563228649525503,0.9163014430794623,5.0,1.504893738638182,predictions/masks/qata_test_sub-S09398_ses-E22184_run-1_bp-chest_vp-ap_cr.png,predictions/probabilities/qata_test_sub-S09398_ses-E22184_run-1_bp-chest_vp-ap_cr.npy
qata_test_sub-S09398_ses-E23350_run-1_bp-chest_vp-ap_cr,sub-S09398,unet,1002,0.5791855203778589,0.40764331213335225,108.66991299780656,53.59401675836587,predictions/masks/qata_test_sub-S09398_ses-E23350_run-1_bp-chest_vp-ap_cr.png,predictions/probabilities/qata_test_sub-S09398_ses-E23350_run-1_bp-chest_vp-ap_cr.npy
qata_test_sub-S09399_ses-E17281_run-1_bp-chest_vp-ap_cr,sub-S09399,unet,1002,0.6537785588828255,0.4856396867008604,10.816653826391969,4.6659475184790855,predictions/masks/qata_test_sub-S09399_ses-E17281_run-1_bp-chest_vp-ap_cr.png,predictions/probabilities/qata_test_sub-S09399_ses-E17281_run-1_bp-chest_vp-ap_cr.npy
qata_test_sub-S09400_ses-E16204_acq-1_run-1_bp-chest_vp-pa_dx,sub-S09400,unet,1002,0.23081296195390488,0.1304627249916155,169.047896771363,74.58250877351549,predictions/masks/qata_test_sub-S09400_ses-E16204_acq-1_run-1_bp-chest_vp-pa_dx.png,predictions/probabilities/qata_test_sub-S09400_ses-E16204_acq-1_run-1_bp-chest_vp-pa_dx.npy
qata_test_sub-S09403_ses-E18508_run-1_bp-chest_vp-ap_dx,sub-S09403,unet,1002,0.7736943907244219,0.6309148265217088,84.17125384105435,18.273521882529057,predictions/masks/qata_test_sub-S09403_ses-E18508_run-1_bp-chest_vp-ap_dx.png,predictions/probabilities/qata_test_sub-S09403_ses-E18508_run-1_bp-chest_vp-ap_dx.npy
qata_test_sub-S09404_ses-E16209_run-1_bp-chest_vp-ap_dx,sub-S09404,unet,1002,0.750308261413369,0.6003946719486732,86.0,19.29209353614819,predictions/masks/qata_test_sub-S09404_ses-E16209_run-1_bp-chest_vp-ap_dx.png,predictions/probabilities/qata_test_sub-S09404_ses-E16209_run-1_bp-chest_vp-ap_dx.npy
qata_test_sub-S09404_ses-E17555_run-1_bp-chest_vp-ap_dx,sub-S09404,unet,1002,0.8284979801705059,0.7072100313525516,26.248809496813376,4.551232309295494,predictions/masks/qata_test_sub-S09404_ses-E17555_run-1_bp-chest_vp-ap_dx.png,predictions/probabilities/qata_test_sub-S09404_ses-E17555_run-1_bp-chest_vp-ap_dx.npy
qata_test_sub-S09406_ses-E18791_run-1_bp-chest_vp-ap_dx,sub-S09406,unet,1002,0.9639650719469808,0.9304368471039267,3.0,1.0951431679282118,predictions/masks/qata_test_sub-S09406_ses-E18791_run-1_bp-chest_vp-ap_dx.png,predictions/probabilities/qata_test_sub-S09406_ses-E18791_run-1_bp-chest_vp-ap_dx.npy
qata_test_sub-S09408_ses-E16213_run-1_bp-chest_cr,sub-S09408,unet,1002,0.5061326658446526,0.33880697053154135,41.48493702538308,10.862573472422522,predictions/masks/qata_test_sub-S09408_ses-E16213_run-1_bp-chest_cr.png,predictions/probabilities/qata_test_sub-S09408_ses-E16213_run-1_bp-chest_cr.npy
qata_test_sub-S09408_ses-E16296_run-1_bp-chest_cr,sub-S09408,unet,1002,0.6526030578739578,0.4843435794460114,97.07573326870833,23.5490836359726,predictions/masks/qata_test_sub-S09408_ses-E16296_run-1_bp-chest_cr.png,predictions/probabilities/qata_test_sub-S09408_ses-E16296_run-1_bp-chest_cr.npy
qata_test_sub-S09408_ses-E16387_run-1_bp-chest_cr,sub-S09408,unet,1002,0.5349665289910986,0.3651565234422486,76.88290133508532,19.9116888206548,predictions/masks/qata_test_sub-S09408_ses-E16387_run-1_bp-chest_cr.png,predictions/probabilities/qata_test_sub-S09408_ses-E16387_run-1_bp-chest_cr.npy
qata_test_sub-S09408_ses-E16650_run-1_bp-chest_cr,sub-S09408,unet,1002,0.9379727685344033,0.883190883197539,3.1541637771599587,0.9474837439711311,predictions/masks/qata_test_sub-S09408_ses-E16650_run-1_bp-chest_cr.png,predictions/probabilities/qata_test_sub-S09408_ses-E16650_run-1_bp-chest_cr.npy
qata_test_sub-S09408_ses-E16737_run-1_bp-chest_cr,sub-S09408,unet,1002,0.6819571865524475,0.5174013921300309,81.36952375343975,19.926485269531423,predictions/masks/qata_test_sub-S09408_ses-E16737_run-1_bp-chest_cr.png,predictions/probabilities/qata_test_sub-S09408_ses-E16737_run-1_bp-chest_cr.npy
qata_test_sub-S09408_ses-E16974_run-1_bp-chest_cr,sub-S09408,unet,1002,0.8461538461602779,0.7333333333526569,5.830951894845301,1.9683143851996705,predictions/masks/qata_test_sub-S09408_ses-E16974_run-1_bp-chest_cr.png,predictions/probabilities/qata_test_sub-S09408_ses-E16974_run-1_bp-chest_cr.npy
qata_test_sub-S09408_ses-E17145_run-1_bp-chest_cr,sub-S09408,unet,1002,0.38482507952328887,0.23825597751791122,108.09340253736055,33.232997046560605,predictions/masks/qata_test_sub-S09408_ses-E17145_run-1_bp-chest_cr.png,predictions/probabilities/qata_test_sub-S09408_ses-E17145_run-1_bp-chest_cr.npy
qata_test_sub-S09408_ses-E17450_run-1_bp-chest_cr,sub-S09408,unet,1002,0.7600950118836076,0.6130268199419049,54.08326913195984,12.753022200659139,predictions/masks/qata_test_sub-S09408_ses-E17450_run-1_bp-chest_cr.png,predictions/probabilities/qata_test_sub-S09408_ses-E17450_run-1_bp-chest_cr.npy
qata_test_sub-S09408_ses-E17561_run-1_bp-chest_cr,sub-S09408,unet,1002,0.6990589590993075,0.5373486861665974,25.450817626559026,5.277121309904058,predictions/masks/qata_test_sub-S09408_ses-E17561_run-1_bp-chest_cr.png,predictions/probabilities/qata_test_sub-S09408_ses-E17561_run-1_bp-chest_cr.npy
qata_test_sub-S09408_ses-E17937_run-1_bp-chest_cr,sub-S09408,unet,1002,0.6569092827049459,0.4891026899766522,40.229997439899236,7.198737956667996,predictions/masks/qata_test_sub-S09408_ses-E17937_run-1_bp-chest_cr.png,predictions/probabilities/qata_test_sub-S09408_ses-E17937_run-1_bp-chest_cr.npy
qata_test_sub-S09408_ses-E18111_run-1_bp-chest_cr,sub-S09408,unet,1002,0.6698497729163869,0.5035895640079918,47.042533945356304,11.480050411389133,predictions/masks/qata_test_sub-S09408_ses-E18111_run-1_bp-chest_cr.png,predictions/probabilities/qata_test_sub-S09408_ses-E18111_run-1_bp-chest_cr.npy
qata_test_sub-S09408_ses-E18510_run-1_bp-chest_cr,sub-S09408,unet,1002,0.6663854913679298,0.4996837444971737,68.43938844486217,19.028170405754683,predictions/masks/qata_test_sub-S09408_ses-E18510_run-1_bp-chest_cr.png,predictions/probabilities/qata_test_sub-S09408_ses-E18510_run-1_bp-chest_cr.npy
qata_test_sub-S09408_ses-E18794_run-1_bp-chest_cr,sub-S09408,unet,1002,0.8893756845584269,0.8007889546416571,6.708203932499369,1.4770811206958065,predictions/masks/qata_test_sub-S09408_ses-E18794_run-1_bp-chest_cr.png,predictions/probabilities/qata_test_sub-S09408_ses-E18794_run-1_bp-chest_cr.npy
qata_test_sub-S09408_ses-E20235_run-1_bp-chest_vp-ap_dx,sub-S09408,unet,1002,0.9060944206024705,0.8283113622150561,29.135883519819064,3.0960763933399518,predictions/masks/qata_test_sub-S09408_ses-E20235_run-1_bp-chest_vp-ap_dx.png,predictions/probabilities/qata_test_sub-S09408_ses-E20235_run-1_bp-chest_vp-ap_dx.npy
qata_test_sub-S09408_ses-E20726_run-1_bp-chest_cr,sub-S09408,unet,1002,0.29060690004304696,0.17000589277636988,55.99985544053338,14.79251789647009,predictions/masks/qata_test_sub-S09408_ses-E20726_run-1_bp-chest_cr.png,predictions/probabilities/qata_test_sub-S09408_ses-E20726_run-1_bp-chest_cr.npy
qata_test_sub-S09408_ses-E21947_run-1_bp-chest_cr,sub-S09408,unet,1002,0.6175763182309422,0.4467344753895414,21.99317121994612,5.034770134315535,predictions/masks/qata_test_sub-S09408_ses-E21947_run-1_bp-chest_cr.png,predictions/probabilities/qata_test_sub-S09408_ses-E21947_run-1_bp-chest_cr.npy
qata_test_sub-S09408_ses-E22074_run-1_bp-chest_cr,sub-S09408,unet,1002,0.7452410473361153,0.5939316438084872,21.095023109728988,4.169364830623086,predictions/masks/qata_test_sub-S09408_ses-E22074_run-1_bp-chest_cr.png,predictions/probabilities/qata_test_sub-S09408_ses-E22074_run-1_bp-chest_cr.npy
qata_test_sub-S09408_ses-E22229_run-1_bp-chest_cr,sub-S09408,unet,1002,0.6618415761996196,0.4945913461614394,48.041022994212696,8.062735792964967,predictions/masks/qata_test_sub-S09408_ses-E22229_run-1_bp-chest_cr.png,predictions/probabilities/qata_test_sub-S09408_ses-E22229_run-1_bp-chest_cr.npy
qata_test_sub-S09408_ses-E22878_run-1_bp-chest_cr,sub-S09408,unet,1002,0.890939200379809,0.8033276450553898,39.0,4.161863836588479,predictions/masks/qata_test_sub-S09408_ses-E22878_run-1_bp-chest_cr.png,predictions/probabilities/qata_test_sub-S09408_ses-E22878_run-1_bp-chest_cr.npy
qata_test_sub-S09408_ses-E23183_run-1_bp-chest_cr,sub-S09408,unet,1002,0.9292667099295358,0.8678787878819908,4.242640687119285,1.1482055686725994,predictions/masks/qata_test_sub-S09408_ses-E23183_run-1_bp-chest_cr.png,predictions/probabilities/qata_test_sub-S09408_ses-E23183_run-1_bp-chest_cr.npy
qata_test_sub-S09409_ses-E16214_run-1_bp-chest_vp-ap_cr,sub-S09409,unet,1002,0.805994329690752,0.6750339213099269,14.024968193332741,3.3765534115927585,predictions/masks/qata_test_sub-S09409_ses-E16214_run-1_bp-chest_vp-ap_cr.png,predictions/probabilities/qata_test_sub-S09409_ses-E16214_run-1_bp-chest_vp-ap_cr.npy
qata_test_sub-S09409_ses-E16392_run-1_bp-chest_vp-ap_cr,sub-S09409,unet,1002,0.6081771720660966,0.43696450429381073,60.93151450849913,11.367028845906836,predictions/masks/qata_test_sub-S09409_ses-E16392_run-1_bp-chest_vp-ap_cr.png,predictions/probabilities/qata_test_sub-S09409_ses-E16392_run-1_bp-chest_vp-ap_cr.npy
qata_test_sub-S09409_ses-E17557_run-1_bp-chest_vp-ap_cr,sub-S09409,unet,1002,0.9108936062042596,0.8363678804893472,6.32848376619156,1.652704613566501,predictions/masks/qata_test_sub-S09409_ses-E17557_run-1_bp-chest_vp-ap_cr.png,predictions/probabilities/qata_test_sub-S09409_ses-E17557_run-1_bp-chest_vp-ap_cr.npy
qata_test_sub-S09409_ses-E18124_run-1_bp-chest_vp-ap_cr,sub-S09409,unet,1002,0.9491497304027445,0.9032207136106217,3.605551275463989,1.1207212361761176,predictions/masks/qata_test_sub-S09409_ses-E18124_run-1_bp-chest_vp-ap_cr.png,predictions/probabilities/qata_test_sub-S09409_ses-E18124_run-1_bp-chest_vp-ap_cr.npy
qata_test_sub-S09411_ses-E17301_run-1_bp-chest_vp-pa_dx,sub-S09411,unet,1002,0.6686722275445279,0.5022596548992962,29.446511473933874,7.185674014928967,predictions/masks/qata_test_sub-S09411_ses-E17301_run-1_bp-chest_vp-pa_dx.png,predictions/probabilities/qata_test_sub-S09411_ses-E17301_run-1_bp-chest_vp-pa_dx.npy
qata_test_sub-S09414_ses-E16220_run-1_bp-chest_vp-ap_dx,sub-S09414,unet,1002,0.8363841171547062,0.7187802517077068,74.98999777678958,9.25098728689836,predictions/masks/qata_test_sub-S09414_ses-E16220_run-1_bp-chest_vp-ap_dx.png,predictions/probabilities/qata_test_sub-S09414_ses-E16220_run-1_bp-chest_vp-ap_dx.npy
qata_test_sub-S09416_ses-E21269_run-1_bp-chest_vp-ap_cr,sub-S09416,unet,1002,0.7366938890490469,0.5831475702277497,104.78788073428221,21.255808816141435,predictions/masks/qata_test_sub-S09416_ses-E21269_run-1_bp-chest_vp-ap_cr.png,predictions/probabilities/qata_test_sub-S09416_ses-E21269_run-1_bp-chest_vp-ap_cr.npy
qata_test_sub-S09416_ses-E21963_run-1_bp-chest_vp-ap_cr,sub-S09416,unet,1002,0.6879804332689032,0.5243675099993511,42.68737371847758,7.619196519347227,predictions/masks/qata_test_sub-S09416_ses-E21963_run-1_bp-chest_vp-ap_cr.png,predictions/probabilities/qata_test_sub-S09416_ses-E21963_run-1_bp-chest_vp-ap_cr.npy
qata_test_sub-S09416_ses-E23227_run-1_bp-chest_vp-ap_dx,sub-S09416,unet,1002,0.7432234844253376,0.5913728297907397,33.25756403484228,8.336825110867943,predictions/masks/qata_test_sub-S09416_ses-E23227_run-1_bp-chest_vp-ap_dx.png,predictions/probabilities/qata_test_sub-S09416_ses-E23227_run-1_bp-chest_vp-ap_dx.npy
qata_test_sub-S09416_ses-E26830_run-1_bp-chest_vp-ap_cr,sub-S09416,unet,1002,0.5623931624056299,0.39120095127264365,96.98762491900439,13.35849422592582,predictions/masks/qata_test_sub-S09416_ses-E26830_run-1_bp-chest_vp-ap_cr.png,predictions/probabilities/qata_test_sub-S09416_ses-E26830_run-1_bp-chest_vp-ap_cr.npy
qata_test_sub-S09417_ses-E16224_run-1_bp-chest_vp-ap_cr,sub-S09417,unet,1002,0.31263858100746805,0.18528252310311663,66.22217923260015,21.999358346668583,predictions/masks/qata_test_sub-S09417_ses-E16224_run-1_bp-chest_vp-ap_cr.png,predictions/probabilities/qata_test_sub-S09417_ses-E16224_run-1_bp-chest_vp-ap_cr.npy
qata_test_sub-S09417_ses-E17150_run-1_bp-chest_vp-ap_cr,sub-S09417,unet,1002,0.7533344046319567,0.60427945347759,14.340171163124184,4.319728449329843,predictions/masks/qata_test_sub-S09417_ses-E17150_run-1_bp-chest_vp-ap_cr.png,predictions/probabilities/qata_test_sub-S09417_ses-E17150_run-1_bp-chest_vp-ap_cr.npy
qata_test_sub-S09417_ses-E17850_run-2_bp-chest_vp-ap_dx,sub-S09417,unet,1002,0.8066543438149111,0.6759603469841413,5.0,1.863445211449287,predictions/masks/qata_test_sub-S09417_ses-E17850_run-2_bp-chest_vp-ap_dx.png,predictions/probabilities/qata_test_sub-S09417_ses-E17850_run-2_bp-chest_vp-ap_dx.npy
qata_test_sub-S09417_ses-E20106_run-1_bp-chest_vp-ap_cr,sub-S09417,unet,1002,0.8094191522822788,0.679852320691991,8.48528137423857,2.438302374579913,predictions/masks/qata_test_sub-S09417_ses-E20106_run-1_bp-chest_vp-ap_cr.png,predictions/probabilities/qata_test_sub-S09417_ses-E20106_run-1_bp-chest_vp-ap_cr.npy
qata_test_sub-S09417_ses-E23219_run-1_bp-chest_vp-ap_cr,sub-S09417,unet,1002,0.7165408373564488,0.5582887701007178,8.48528137423857,2.422362888746604,predictions/masks/qata_test_sub-S09417_ses-E23219_run-1_bp-chest_vp-ap_cr.png,predictions/probabilities/qata_test_sub-S09417_ses-E23219_run-1_bp-chest_vp-ap_cr.npy
qata_test_sub-S09419_ses-E16227_run-1_bp-chest_vp-ap_cr,sub-S09419,unet,1002,0.6660854402838406,0.4993464052396656,58.67536614984029,14.717065006433275,predictions/masks/qata_test_sub-S09419_ses-E16227_run-1_bp-chest_vp-ap_cr.png,predictions/probabilities/qata_test_sub-S09419_ses-E16227_run-1_bp-chest_vp-ap_cr.npy
qata_test_sub-S09419_ses-E19070_run-1_bp-chest_vp-ap_dx,sub-S09419,unet,1002,0.5513784461313507,0.38062283740085895,145.5239581371426,49.48282452001792,predictions/masks/qata_test_sub-S09419_ses-E19070_run-1_bp-chest_vp-ap_dx.png,predictions/probabilities/qata_test_sub-S09419_ses-E19070_run-1_bp-chest_vp-ap_dx.npy
qata_test_sub-S09420_ses-E16229_run-1_bp-chest_vp-ap_dx,sub-S09420,unet,1002,0.9413774361368011,0.8892474695630153,5.0,1.260562437090477,predictions/masks/qata_test_sub-S09420_ses-E16229_run-1_bp-chest_vp-ap_dx.png,predictions/probabilities/qata_test_sub-S09420_ses-E16229_run-1_bp-chest_vp-ap_dx.npy
qata_test_sub-S09420_ses-E16988_run-1_bp-chest_vp-ap_dx,sub-S09420,unet,1002,0.8430006599703527,0.7286094562082823,35.801520796252255,6.245830949506417,predictions/masks/qata_test_sub-S09420_ses-E16988_run-1_bp-chest_vp-ap_dx.png,predictions/probabilities/qata_test_sub-S09420_ses-E16988_run-1_bp-chest_vp-ap_dx.npy
qata_test_sub-S09420_ses-E16988_run-2_bp-chest_vp-ap_dx,sub-S09420,unet,1002,0.8780241207490573,0.7825695159657239,16.0,3.4139468424179618,predictions/masks/qata_test_sub-S09420_ses-E16988_run-2_bp-chest_vp-ap_dx.png,predictions/probabilities/qata_test_sub-S09420_ses-E16988_run-2_bp-chest_vp-ap_dx.npy
qata_test_sub-S09420_ses-E16993_run-1_bp-chest_vp-ap_dx,sub-S09420,unet,1002,0.9521310545354789,0.9086356253396233,5.0,1.325842943371778,predictions/masks/qata_test_sub-S09420_ses-E16993_run-1_bp-chest_vp-ap_dx.png,predictions/probabilities/qata_test_sub-S09420_ses-E16993_run-1_bp-chest_vp-ap_dx.npy
qata_test_sub-S09420_ses-E17457_run-1_bp-chest_vp-ap_dx,sub-S09420,unet,1002,0.9313223430380124,0.8714717080232182,9.848857801796104,1.9594417663141395,predictions/masks/qata_test_sub-S09420_ses-E17457_run-1_bp-chest_vp-ap_dx.png,predictions/probabilities/qata_test_sub-S09420_ses-E17457_run-1_bp-chest_vp-ap_dx.npy
qata_test_sub-S09420_ses-E18672_run-1_bp-chest_vp-ap_dx,sub-S09420,unet,1002,0.8583349137122553,0.7518272425276652,26.88944964955952,4.211908574386715,predictions/masks/qata_test_sub-S09420_ses-E18672_run-1_bp-chest_vp-ap_dx.png,predictions/probabilities/qata_test_sub-S09420_ses-E18672_run-1_bp-chest_vp-ap_dx.npy
qata_test_sub-S09420_ses-E19314_run-1_bp-chest_vp-ap_cr,sub-S09420,unet,1002,0.9495041161603066,0.903862766877652,3.0,1.5165048353232986,predictions/masks/qata_test_sub-S09420_ses-E19314_run-1_bp-chest_vp-ap_cr.png,predictions/probabilities/qata_test_sub-S09420_ses-E19314_run-1_bp-chest_vp-ap_cr.npy
qata_test_sub-S09420_ses-E21045_run-1_bp-chest_vp-ap_cr,sub-S09420,unet,1002,0.8005014626009151,0.6673634336724169,28.172680629244752,5.895339584266445,predictions/masks/qata_test_sub-S09420_ses-E21045_run-1_bp-chest_vp-ap_cr.png,predictions/probabilities/qata_test_sub-S09420_ses-E21045_run-1_bp-chest_vp-ap_cr.npy
qata_test_sub-S09420_ses-E21970_run-1_bp-chest_vp-ap_dx,sub-S09420,unet,1002,0.9691613846905829,0.9401679082424007,2.118033988749895,0.7039772965264817,predictions/masks/qata_test_sub-S09420_ses-E21970_run-1_bp-chest_vp-ap_dx.png,predictions/probabilities/qata_test_sub-S09420_ses-E21970_run-1_bp-chest_vp-ap_dx.npy
qata_test_sub-S09420_ses-E22489_run-1_bp-chest_vp-ap_cr,sub-S09420,unet,1002,0.7554357279548145,0.6069881202011602,25.495097567963924,5.425753005733977,predictions/masks/qata_test_sub-S09420_ses-E22489_run-1_bp-chest_vp-ap_cr.png,predictions/probabilities/qata_test_sub-S09420_ses-E22489_run-1_bp-chest_vp-ap_cr.npy
qata_test_sub-S09420_ses-E22717_run-1_bp-chest_vp-ap_cr,sub-S09420,unet,1002,0.8197902186287136,0.6946139843699045,25.134588726801592,4.5559229531743375,predictions/masks/qata_test_sub-S09420_ses-E22717_run-1_bp-chest_vp-ap_cr.png,predictions/probabilities/qata_test_sub-S09420_ses-E22717_run-1_bp-chest_vp-ap_cr.npy
qata_test_sub-S09420_ses-E24404_run-1_bp-chest_vp-ap_dx,sub-S09420,unet,1002,0.9064847595207108,0.8289639924221579,9.57733918582788,1.972061743975416,predictions/masks/qata_test_sub-S09420_ses-E24404_run-1_bp-chest_vp-ap_dx.png,predictions/probabilities/qata_test_sub-S09420_ses-E24404_run-1_bp-chest_vp-ap_dx.npy
qata_test_sub-S09420_ses-E25968_run-1_bp-chest_vp-ap_cr,sub-S09420,unet,1002,0.885660216104721,0.794784704724501,18.24828759089466,2.9468698026520737,predictions/masks/qata_test_sub-S09420_ses-E25968_run-1_bp-chest_vp-ap_cr.png,predictions/probabilities/qata_test_sub-S09420_ses-E25968_run-1_bp-chest_vp-ap_cr.npy
qata_test_sub-S09421_ses-E16230_run-1_bp-chest_vp-ap_cr,sub-S09421,unet,1002,0.5303584491673307,0.3608760577560758,50.02598960831169,9.001622340527291,predictions/masks/qata_test_sub-S09421_ses-E16230_run-1_bp-chest_vp-ap_cr.png,predictions/probabilities/qata_test_sub-S09421_ses-E16230_run-1_bp-chest_vp-ap_cr.npy
qata_test_sub-S09424_ses-E25680_run-1_bp-chest_vp-ap_dx,sub-S09424,unet,1002,0.9785233741591404,0.9579498437899354,2.0,0.6229422125319942,predictions/masks/qata_test_sub-S09424_ses-E25680_run-1_bp-chest_vp-ap_dx.png,predictions/probabilities/qata_test_sub-S09424_ses-E25680_run-1_bp-chest_vp-ap_dx.npy
qata_test_sub-S09425_ses-E16236_run-1_bp-chest_vp-ap_dx,sub-S09425,unet,1002,0.430177877746265,0.27402969525204407,15.877402395547215,4.95365439045669,predictions/masks/qata_test_sub-S09425_ses-E16236_run-1_bp-chest_vp-ap_dx.png,predictions/probabilities/qata_test_sub-S09425_ses-E16236_run-1_bp-chest_vp-ap_dx.npy
qata_test_sub-S09425_ses-E21769_run-1_bp-chest_vp-ap_dx,sub-S09425,unet,1002,0.9688671086770017,0.9396142018456843,3.0,0.870761223859048,predictions/masks/qata_test_sub-S09425_ses-E21769_run-1_bp-chest_vp-ap_dx.png,predictions/probabilities/qata_test_sub-S09425_ses-E21769_run-1_bp-chest_vp-ap_dx.npy
qata_test_sub-S09426_ses-E16237_run-1_bp-chest_vp-ap_dx,sub-S09426,unet,1002,0.9651974689070194,0.9327358987882685,3.0486832980505065,0.8304895260941677,predictions/masks/qata_test_sub-S09426_ses-E16237_run-1_bp-chest_vp-ap_dx.png,predictions/probabilities/qata_test_sub-S09426_ses-E16237_run-1_bp-chest_vp-ap_dx.npy
qata_test_sub-S09426_ses-E16330_run-1_bp-chest_vp-ap_dx,sub-S09426,unet,1002,0.9518794261851469,0.9081774081784686,3.1622776601683795,1.3244997994276955,predictions/masks/qata_test_sub-S09426_ses-E16330_run-1_bp-chest_vp-ap_dx.png,predictions/probabilities/qata_test_sub-S09426_ses-E16330_run-1_bp-chest_vp-ap_dx.npy
qata_test_sub-S09426_ses-E16421_run-1_bp-chest_vp-ap_dx,sub-S09426,unet,1002,0.9484019218720953,0.90186730234536,5.0,1.2584751404263979,predictions/masks/qata_test_sub-S09426_ses-E16421_run-1_bp-chest_vp-ap_dx.png,predictions/probabilities/qata_test_sub-S09426_ses-E16421_run-1_bp-chest_vp-ap_dx.npy
qata_test_sub-S09426_ses-E16596_run-1_bp-chest_vp-ap_dx,sub-S09426,unet,1002,0.9656323337681062,0.9335484521535389,4.47213595499958,0.9002885462020526,predictions/masks/qata_test_sub-S09426_ses-E16596_run-1_bp-chest_vp-ap_dx.png,predictions/probabilities/qata_test_sub-S09426_ses-E16596_run-1_bp-chest_vp-ap_dx.npy
qata_test_sub-S09426_ses-E16684_run-1_bp-chest_vp-ap_dx,sub-S09426,unet,1002,0.9600258245012104,0.9231246766691865,4.318376618407287,1.346720515997334,predictions/masks/qata_test_sub-S09426_ses-E16684_run-1_bp-chest_vp-ap_dx.png,predictions/probabilities/qata_test_sub-S09426_ses-E16684_run-1_bp-chest_vp-ap_dx.npy
qata_test_sub-S09426_ses-E16891_run-1_bp-chest_vp-ap_dx,sub-S09426,unet,1002,0.9712649164679176,0.9441351150710455,2.0,0.7611814434231152,predictions/masks/qata_test_sub-S09426_ses-E16891_run-1_bp-chest_vp-ap_dx.png,predictions/probabilities/qata_test_sub-S09426_ses-E16891_run-1_bp-chest_vp-ap_dx.npy
qata_test_sub-S09426_ses-E17865_run-1_bp-chest_vp-ap_dx,sub-S09426,unet,1002,0.9705935851575178,0.942867239958265,2.0,0.6794763867471749,predictions/masks/qata_test_sub-S09426_ses-E17865_run-1_bp-chest_vp-ap_dx.png,predictions/probabilities/qata_test_sub-S09426_ses-E17865_run-1_bp-chest_vp-ap_dx.npy
qata_test_sub-S09426_ses-E18321_run-1_bp-chest_vp-pa_dx,sub-S09426,unet,1002,0.9646020797592361,0.9316245096717731,4.47213595499958,1.1631258703793785,predictions/masks/qata_test_sub-S09426_ses-E18321_run-1_bp-chest_vp-pa_dx.png,predictions/probabilities/qata_test_sub-S09426_ses-E18321_run-1_bp-chest_vp-pa_dx.npy
qata_test_sub-S09426_ses-E19083_run-2_bp-chest_vp-ap_dx,sub-S09426,unet,1002,0.9718225866568325,0.9451895889223143,3.0,0.9748881976070461,predictions/masks/qata_test_sub-S09426_ses-E19083_run-2_bp-chest_vp-ap_dx.png,predictions/probabilities/qata_test_sub-S09426_ses-E19083_run-2_bp-chest_vp-ap_dx.npy
qata_test_sub-S09426_ses-E19187_run-1_bp-chest_vp-ap_dx,sub-S09426,unet,1002,0.9656881147235852,0.9336527293853999,3.1622776601683795,0.7470912060437908,predictions/masks/qata_test_sub-S09426_ses-E19187_run-1_bp-chest_vp-ap_dx.png,predictions/probabilities/qata_test_sub-S09426_ses-E19187_run-1_bp-chest_vp-ap_dx.npy
qata_test_sub-S09426_ses-E19600_run-1_bp-chest_vp-ap_dx,sub-S09426,unet,1002,0.9590592334496395,0.9213389121344896,5.0,1.1856647936820917,predictions/masks/qata_test_sub-S09426_ses-E19600_run-1_bp-chest_vp-ap_dx.png,predictions/probabilities/qata_test_sub-S09426_ses-E19600_run-1_bp-chest_vp-ap_dx.npy
qata_test_sub-S09426_ses-E19939_run-1_bp-chest_vp-ap_dx,sub-S09426,unet,1002,0.9815671586987531,0.963801557542805,1.4142135623730951,0.5159935627449672,predictions/masks/qata_test_sub-S09426_ses-E19939_run-1_bp-chest_vp-ap_dx.png,predictions/probabilities/qata_test_sub-S09426_ses-E19939_run-1_bp-chest_vp-ap_dx.npy
qata_test_sub-S09426_ses-E20741_run-1_bp-chest_vp-ap_dx,sub-S09426,unet,1002,0.9742155079965766,0.9497272727277297,2.0,0.671121775729065,predictions/masks/qata_test_sub-S09426_ses-E20741_run-1_bp-chest_vp-ap_dx.png,predictions/probabilities/qata_test_sub-S09426_ses-E20741_run-1_bp-chest_vp-ap_dx.npy
qata_test_sub-S09426_ses-E20899_run-1_bp-chest_vp-ap_dx,sub-S09426,unet,1002,0.9744099088573591,0.9500968440247226,2.0,0.6416852943828008,predictions/masks/qata_test_sub-S09426_ses-E20899_run-1_bp-chest_vp-ap_dx.png,predictions/probabilities/qata_test_sub-S09426_ses-E20899_run-1_bp-chest_vp-ap_dx.npy
qata_test_sub-S09426_ses-E21469_run-1_bp-chest_vp-ap_dx,sub-S09426,unet,1002,0.976414727173751,0.9539163498102364,2.0,0.6852788515979877,predictions/masks/qata_test_sub-S09426_ses-E21469_run-1_bp-chest_vp-ap_dx.png,predictions/probabilities/qata_test_sub-S09426_ses-E21469_run-1_bp-chest_vp-ap_dx.npy
qata_test_sub-S09426_ses-E21978_run-1_bp-chest_vp-ap_dx,sub-S09426,unet,1002,0.9802766393443465,0.9613162521982641,1.4142135623730951,0.541341709959298,predictions/masks/qata_test_sub-S09426_ses-E21978_run-1_bp-chest_vp-ap_dx.png,predictions/probabilities/qata_test_sub-S09426_ses-E21978_run-1_bp-chest_vp-ap_dx.npy
qata_test_sub-S09426_ses-E21980_run-1_bp-chest_vp-ap_dx,sub-S09426,unet,1002,0.9729233593392844,0.947274352100613,2.8284271247461903,0.7184665551726142,predictions/masks/qata_test_sub-S09426_ses-E21980_run-1_bp-chest_vp-ap_dx.png,predictions/probabilities/qata_test_sub-S09426_ses-E21980_run-1_bp-chest_vp-ap_dx.npy
qata_test_sub-S09426_ses-E22292_run-1_bp-chest_vp-ap_dx,sub-S09426,unet,1002,0.9763605363809209,0.9538129107774034,2.0,0.6315538435244057,predictions/masks/qata_test_sub-S09426_ses-E22292_run-1_bp-chest_vp-ap_dx.png,predictions/probabilities/qata_test_sub-S09426_ses-E22292_run-1_bp-chest_vp-ap_dx.npy
qata_test_sub-S09426_ses-E24799_run-2_bp-chest_vp-ap_dx,sub-S09426,unet,1002,0.8789798014383816,0.7840891739213308,15.827044660629642,3.088580265871673,predictions/masks/qata_test_sub-S09426_ses-E24799_run-2_bp-chest_vp-ap_dx.png,predictions/probabilities/qata_test_sub-S09426_ses-E24799_run-2_bp-chest_vp-ap_dx.npy
qata_test_sub-S09426_ses-E25493_run-1_bp-chest_vp-ap_dx,sub-S09426,unet,1002,0.9086125385409718,0.8325297574217829,21.95449840010015,2.701380913579203,predictions/masks/qata_test_sub-S09426_ses-E25493_run-1_bp-chest_vp-ap_dx.png,predictions/probabilities/qata_test_sub-S09426_ses-E25493_run-1_bp-chest_vp-ap_dx.npy
qata_test_sub-S09426_ses-E26002_run-1_bp-chest_vp-ap_dx,sub-S09426,unet,1002,0.9710479456572874,0.9437251634409453,3.1622776601683795,0.9234902201766005,predictions/masks/qata_test_sub-S09426_ses-E26002_run-1_bp-chest_vp-ap_dx.png,predictions/probabilities/qata_test_sub-S09426_ses-E26002_run-1_bp-chest_vp-ap_dx.npy
qata_test_sub-S09426_ses-E26002_run-2_bp-chest_vp-ap_dx,sub-S09426,unet,1002,0.9075526631275644,0.8307518655557111,15.0,2.821403098851168,predictions/masks/qata_test_sub-S09426_ses-E26002_run-2_bp-chest_vp-ap_dx.png,predictions/probabilities/qata_test_sub-S09426_ses-E26002_run-2_bp-chest_vp-ap_dx.npy
qata_test_sub-S09426_ses-E26194_run-1_bp-chest_vp-ap_cr,sub-S09426,unet,1002,0.626059474216161,0.4556670849074062,28.93891123321382,7.06123359382194,predictions/masks/qata_test_sub-S09426_ses-E26194_run-1_bp-chest_vp-ap_cr.png,predictions/probabilities/qata_test_sub-S09426_ses-E26194_run-1_bp-chest_vp-ap_cr.npy
qata_test_sub-S09426_ses-E26436_run-1_bp-chest_vp-ap_dx,sub-S09426,unet,1002,0.9567783701448439,0.9171381638990258,7.0,1.5667931600475458,predictions/masks/qata_test_sub-S09426_ses-E26436_run-1_bp-chest_vp-ap_dx.png,predictions/probabilities/qata_test_sub-S09426_ses-E26436_run-1_bp-chest_vp-ap_dx.npy
qata_test_sub-S09426_ses-E26547_run-1_bp-chest_vp-pa_dx,sub-S09426,unet,1002,0.9087551596794617,0.8327692614009005,11.0,2.0620391318406255,predictions/masks/qata_test_sub-S09426_ses-E26547_run-1_bp-chest_vp-pa_dx.png,predictions/probabilities/qata_test_sub-S09426_ses-E26547_run-1_bp-chest_vp-pa_dx.npy
qata_test_sub-S09429_ses-E25116_run-1_bp-chest_vp-ap_dx,sub-S09429,unet,1002,0.9151732377589502,0.8436123348189855,2.23606797749979,0.9699022162022296,predictions/masks/qata_test_sub-S09429_ses-E25116_run-1_bp-chest_vp-ap_dx.png,predictions/probabilities/qata_test_sub-S09429_ses-E25116_run-1_bp-chest_vp-ap_dx.npy
qata_test_sub-S09429_ses-E25351_run-1_bp-chest_vp-ap_dx,sub-S09429,unet,1002,0.6466007786788964,0.4777605665027908,74.624330301045,18.934945037058892,predictions/masks/qata_test_sub-S09429_ses-E25351_run-1_bp-chest_vp-ap_dx.png,predictions/probabilities/qata_test_sub-S09429_ses-E25351_run-1_bp-chest_vp-ap_dx.npy
qata_test_sub-S09431_ses-E16242_acq-1_run-1_bp-chest_vp-pa_cr,sub-S09431,unet,1002,0.7599611273127316,0.6128526645889388,14.007133769523637,4.140778791635119,predictions/masks/qata_test_sub-S09431_ses-E16242_acq-1_run-1_bp-chest_vp-pa_cr.png,predictions/probabilities/qata_test_sub-S09431_ses-E16242_acq-1_run-1_bp-chest_vp-pa_cr.npy
qata_test_sub-S09432_ses-E16243_run-1_bp-chest_vp-pa_dx,sub-S09432,unet,1002,0.8588438640319024,0.7526085493183235,80.24327741879831,16.275960930069324,predictions/masks/qata_test_sub-S09432_ses-E16243_run-1_bp-chest_vp-pa_dx.png,predictions/probabilities/qata_test_sub-S09432_ses-E16243_run-1_bp-chest_vp-pa_dx.npy
qata_test_sub-S09432_ses-E24878_run-1_bp-chest_vp-pa_dx,sub-S09432,unet,1002,0.8676743569380092,0.7662763466151628,5.385164807134504,1.893674867576363,predictions/masks/qata_test_sub-S09432_ses-E24878_run-1_bp-chest_vp-pa_dx.png,predictions/probabilities/qata_test_sub-S09432_ses-E24878_run-1_bp-chest_vp-pa_dx.npy
qata_test_sub-S09433_ses-E26193_run-1_bp-chest_vp-pa_dx,sub-S09433,unet,1002,0.8815120711581717,0.7881283726274317,6.383482008158826,2.7586266773250907,predictions/masks/qata_test_sub-S09433_ses-E26193_run-1_bp-chest_vp-pa_dx.png,predictions/probabilities/qata_test_sub-S09433_ses-E26193_run-1_bp-chest_vp-pa_dx.npy
qata_test_sub-S09434_ses-E24009_run-1_bp-chest_vp-ap_cr,sub-S09434,unet,1002,0.9702899415345413,0.9422943221325432,3.0,0.8333681928058224,predictions/masks/qata_test_sub-S09434_ses-E24009_run-1_bp-chest_vp-ap_cr.png,predictions/probabilities/qata_test_sub-S09434_ses-E24009_run-1_bp-chest_vp-ap_cr.npy
qata_test_sub-S09434_ses-E26278_run-1_bp-chest_vp-pa_dx,sub-S09434,unet,1002,0.6244604316588327,0.45397489540627656,25.0,7.379907997305588,predictions/masks/qata_test_sub-S09434_ses-E26278_run-1_bp-chest_vp-pa_dx.png,predictions/probabilities/qata_test_sub-S09434_ses-E26278_run-1_bp-chest_vp-pa_dx.npy
qata_test_sub-S09436_ses-E16248_run-1_bp-chest_vp-ap_dx,sub-S09436,unet,1002,0.610666056314702,0.4395387150102294,104.4030650891055,27.894687490894952,predictions/masks/qata_test_sub-S09436_ses-E16248_run-1_bp-chest_vp-ap_dx.png,predictions/probabilities/qata_test_sub-S09436_ses-E16248_run-1_bp-chest_vp-ap_dx.npy
qata_test_sub-S09436_ses-E16516_run-1_bp-chest_vp-ap_dx,sub-S09436,unet,1002,0.8015521064411557,0.6688251619177774,78.56302492084514,14.246564188588296,predictions/masks/qata_test_sub-S09436_ses-E16516_run-1_bp-chest_vp-ap_dx.png,predictions/probabilities/qata_test_sub-S09436_ses-E16516_run-1_bp-chest_vp-ap_dx.npy
qata_test_sub-S09436_ses-E17012_run-1_bp-chest_vp-ap_dx,sub-S09436,unet,1002,6.226650061878788e-11,6.226650061878788e-11,97.24247943771206,76.47322808421939,predictions/masks/qata_test_sub-S09436_ses-E17012_run-1_bp-chest_vp-ap_dx.png,predictions/probabilities/qata_test_sub-S09436_ses-E17012_run-1_bp-chest_vp-ap_dx.npy
qata_test_sub-S09436_ses-E19623_run-1_bp-chest_vp-ap_dx,sub-S09436,unet,1002,0.909973045824529,0.8348170128667252,110.20435310856995,13.281737243645662,predictions/masks/qata_test_sub-S09436_ses-E19623_run-1_bp-chest_vp-ap_dx.png,predictions/probabilities/qata_test_sub-S09436_ses-E19623_run-1_bp-chest_vp-ap_dx.npy
qata_test_sub-S09436_ses-E22139_run-1_bp-chest_vp-ap_dx,sub-S09436,unet,1002,0.4251905335168396,0.26999490579368335,110.28712427210239,27.712160320120397,predictions/masks/qata_test_sub-S09436_ses-E22139_run-1_bp-chest_vp-ap_dx.png,predictions/probabilities/qata_test_sub-S09436_ses-E22139_run-1_bp-chest_vp-ap_dx.npy
qata_test_sub-S09436_ses-E22545_run-1_bp-chest_vp-ap_dx,sub-S09436,unet,1002,0.9147694103936145,0.8429263044732154,78.19902033941418,8.640248653268873,predictions/masks/qata_test_sub-S09436_ses-E22545_run-1_bp-chest_vp-ap_dx.png,predictions/probabilities/qata_test_sub-S09436_ses-E22545_run-1_bp-chest_vp-ap_dx.npy
qata_test_sub-S09436_ses-E26718_run-1_bp-chest_vp-ap_dx,sub-S09436,unet,1002,0.4179857765676076,0.26421113691229087,48.795067904520465,13.28656408773522,predictions/masks/qata_test_sub-S09436_ses-E26718_run-1_bp-chest_vp-ap_dx.png,predictions/probabilities/qata_test_sub-S09436_ses-E26718_run-1_bp-chest_vp-ap_dx.npy
qata_test_sub-S09437_ses-E20592_run-1_bp-chest_vp-ap_cr,sub-S09437,unet,1002,0.8103274840749934,0.6811349116933271,16.998528137423857,3.776449745756629,predictions/masks/qata_test_sub-S09437_ses-E20592_run-1_bp-chest_vp-ap_cr.png,predictions/probabilities/qata_test_sub-S09437_ses-E20592_run-1_bp-chest_vp-ap_cr.npy
qata_test_sub-S09439_ses-E22575_run-1_bp-chest_vp-pa_dx,sub-S09439,unet,1002,0.8295191565999095,0.7086994727720256,12.727922061357855,3.0824565101106858,predictions/masks/qata_test_sub-S09439_ses-E22575_run-1_bp-chest_vp-pa_dx.png,predictions/probabilities/qata_test_sub-S09439_ses-E22575_run-1_bp-chest_vp-pa_dx.npy
qata_test_sub-S09440_ses-E19667_run-1_bp-chest_vp-ap_cr,sub-S09440,unet,1002,0.9473573383872136,0.8999799959998668,19.21582242860205,2.712915194610785,predictions/masks/qata_test_sub-S09440_ses-E19667_run-1_bp-chest_vp-ap_cr.png,predictions/probabilities/qata_test_sub-S09440_ses-E19667_run-1_bp-chest_vp-ap_cr.npy
qata_test_sub-S09440_ses-E19833_run-1_bp-chest_vp-ap_dx,sub-S09440,unet,1002,0.9756374955106679,0.95243382224068,2.8284271247461903,0.839006034927334,predictions/masks/qata_test_sub-S09440_ses-E19833_run-1_bp-chest_vp-ap_dx.png,predictions/probabilities/qata_test_sub-S09440_ses-E19833_run-1_bp-chest_vp-ap_dx.npy
qata_test_sub-S09440_ses-E19987_run-1_bp-chest_vp-ap_dx,sub-S09440,unet,1002,0.9709722398277001,0.9435821630947057,3.4725691908752254,0.9763493373563311,predictions/masks/qata_test_sub-S09440_ses-E19987_run-1_bp-chest_vp-ap_dx.png,predictions/probabilities/qata_test_sub-S09440_ses-E19987_run-1_bp-chest_vp-ap_dx.npy
qata_test_sub-S09440_ses-E20661_run-1_bp-chest_vp-ap_dx,sub-S09440,unet,1002,0.960749920924862,0.9244646118093937,9.879240082685435,1.5739143806003304,predictions/masks/qata_test_sub-S09440_ses-E20661_run-1_bp-chest_vp-ap_dx.png,predictions/probabilities/qata_test_sub-S09440_ses-E20661_run-1_bp-chest_vp-ap_dx.npy
qata_test_sub-S09440_ses-E22583_run-1_bp-chest_vp-ap_dx,sub-S09440,unet,1002,0.9741909309366346,0.9496805597812614,2.23606797749979,0.9651206100579619,predictions/masks/qata_test_sub-S09440_ses-E22583_run-1_bp-chest_vp-ap_dx.png,predictions/probabilities/qata_test_sub-S09440_ses-E22583_run-1_bp-chest_vp-ap_dx.npy
qata_test_sub-S09440_ses-E23311_run-1_bp-chest_vp-ap_dx,sub-S09440,unet,1002,0.9755305177300908,0.952229943998703,2.413775721673683,0.7847562409485852,predictions/masks/qata_test_sub-S09440_ses-E23311_run-1_bp-chest_vp-ap_dx.png,predictions/probabilities/qata_test_sub-S09440_ses-E23311_run-1_bp-chest_vp-ap_dx.npy
qata_test_sub-S09440_ses-E24067_run-1_bp-chest_vp-ap_cr,sub-S09440,unet,1002,0.9677564655982592,0.9375272727277271,3.0,0.9886584557195167,predictions/masks/qata_test_sub-S09440_ses-E24067_run-1_bp-chest_vp-ap_cr.png,predictions/probabilities/qata_test_sub-S09440_ses-E24067_run-1_bp-chest_vp-ap_cr.npy
qata_test_sub-S09440_ses-E24069_run-1_bp-chest_vp-ap_cr,sub-S09440,unet,1002,0.9563878544831124,0.9164207781519493,7.0,1.7244581283453253,predictions/masks/qata_test_sub-S09440_ses-E24069_run-1_bp-chest_vp-ap_cr.png,predictions/probabilities/qata_test_sub-S09440_ses-E24069_run-1_bp-chest_vp-ap_cr.npy
qata_test_sub-S09440_ses-E24503_run-1_bp-chest_vp-ap_dx,sub-S09440,unet,1002,0.9702765388047447,0.9422690415140185,3.7041634565979917,0.9792541704256363,predictions/masks/qata_test_sub-S09440_ses-E24503_run-1_bp-chest_vp-ap_dx.png,predictions/probabilities/qata_test_sub-S09440_ses-E24503_run-1_bp-chest_vp-ap_dx.npy
qata_test_sub-S09440_ses-E24830_run-1_bp-chest_vp-ap_dx,sub-S09440,unet,1002,0.5137811078535247,0.3456967951261903,157.31362028423837,46.95715783511593,predictions/masks/qata_test_sub-S09440_ses-E24830_run-1_bp-chest_vp-ap_dx.png,predictions/probabilities/qata_test_sub-S09440_ses-E24830_run-1_bp-chest_vp-ap_dx.npy
qata_test_sub-S09440_ses-E25759_run-1_bp-chest_vp-ap_dx,sub-S09440,unet,1002,0.9374732334048783,0.8823055219675418,8.602325267042627,2.395280714052241,predictions/masks/qata_test_sub-S09440_ses-E25759_run-1_bp-chest_vp-ap_dx.png,predictions/probabilities/qata_test_sub-S09440_ses-E25759_run-1_bp-chest_vp-ap_dx.npy
qata_test_sub-S09440_ses-E26490_run-1_bp-chest_vp-ap_dx,sub-S09440,unet,1002,0.9619491360902027,0.9266878623531782,5.0,1.2985321174818811,predictions/masks/qata_test_sub-S09440_ses-E26490_run-1_bp-chest_vp-ap_dx.png,predictions/probabilities/qata_test_sub-S09440_ses-E26490_run-1_bp-chest_vp-ap_dx.npy
qata_test_sub-S09443_ses-E21660_run-1_bp-chest_vp-ap_dx,sub-S09443,unet,1002,0.8160343593546145,0.6892382104366096,3.6449961479175768,1.8519320238575783,predictions/masks/qata_test_sub-S09443_ses-E21660_run-1_bp-chest_vp-ap_dx.png,predictions/probabilities/qata_test_sub-S09443_ses-E21660_run-1_bp-chest_vp-ap_dx.npy
qata_test_sub-S09446_ses-E16261_run-1_bp-chest_vp-pa_cr,sub-S09446,unet,1002,0.8517179023575173,0.7417322834849029,66.75739648994548,10.71665289704387,predictions/masks/qata_test_sub-S09446_ses-E16261_run-1_bp-chest_vp-pa_cr.png,predictions/probabilities/qata_test_sub-S09446_ses-E16261_run-1_bp-chest_vp-pa_cr.npy
qata_test_sub-S09447_ses-E16262_run-1_bp-chest_vp-pa_cr,sub-S09447,unet,1002,0.5798045603290222,0.40825688086966583,7.347242532597193,2.8007443905803093,predictions/masks/qata_test_sub-S09447_ses-E16262_run-1_bp-chest_vp-pa_cr.png,predictions/probabilities/qata_test_sub-S09447_ses-E16262_run-1_bp-chest_vp-pa_cr.npy
qata_test_sub-S09448_ses-E20419_run-1_bp-chest_vp-pa_cr,sub-S09448,unet,1002,0.5828437133275155,0.4112769486880138,15.67776603652188,4.571693129847179,predictions/masks/qata_test_sub-S09448_ses-E20419_run-1_bp-chest_vp-pa_cr.png,predictions/probabilities/qata_test_sub-S09448_ses-E20419_run-1_bp-chest_vp-pa_cr.npy
qata_test_sub-S09448_ses-E21381_run-1_bp-chest_vp-ap_dx,sub-S09448,unet,1002,0.7954395965841824,0.6603567528336237,11.045361017187261,2.983967448911818,predictions/masks/qata_test_sub-S09448_ses-E21381_run-1_bp-chest_vp-ap_dx.png,predictions/probabilities/qata_test_sub-S09448_ses-E21381_run-1_bp-chest_vp-ap_dx.npy
qata_test_sub-S09449_ses-E16265_run-1_bp-chest_vp-ap_dx,sub-S09449,unet,1002,0.9166503428015835,0.8461260283894212,10.0,1.8996660495524205,predictions/masks/qata_test_sub-S09449_ses-E16265_run-1_bp-chest_vp-ap_dx.png,predictions/probabilities/qata_test_sub-S09449_ses-E16265_run-1_bp-chest_vp-ap_dx.npy
qata_test_sub-S09449_ses-E18173_run-1_bp-chest_vp-ap_dx,sub-S09449,unet,1002,0.9733717888525496,0.9481249183333579,2.8284271247461903,0.7197752704401497,predictions/masks/qata_test_sub-S09449_ses-E18173_run-1_bp-chest_vp-ap_dx.png,predictions/probabilities/qata_test_sub-S09449_ses-E18173_run-1_bp-chest_vp-ap_dx.npy
qata_test_sub-S09450_ses-E24850_run-1_bp-chest_vp-pa_dx,sub-S09450,unet,1002,0.713826366577889,0.5550000000445,10.63014581273465,2.7446776959877073,predictions/masks/qata_test_sub-S09450_ses-E24850_run-1_bp-chest_vp-pa_dx.png,predictions/probabilities/qata_test_sub-S09450_ses-E24850_run-1_bp-chest_vp-pa_dx.npy
qata_test_sub-S09451_ses-E16269_acq-2_run-1_bp-chest_vp-ap_cr,sub-S09451,unet,1002,0.7525676937672672,0.60329341323304,105.00023808983936,18.020832686056174,predictions/masks/qata_test_sub-S09451_ses-E16269_acq-2_run-1_bp-chest_vp-ap_cr.png,predictions/probabilities/qata_test_sub-S09451_ses-E16269_acq-2_run-1_bp-chest_vp-ap_cr.npy
qata_test_sub-S09452_ses-E16270_run-1_bp-chest_cr,sub-S09452,unet,1002,0.8419074465598473,0.7269776876304668,18.944453534136148,4.752869428545653,predictions/masks/qata_test_sub-S09452_ses-E16270_run-1_bp-chest_cr.png,predictions/probabilities/qata_test_sub-S09452_ses-E16270_run-1_bp-chest_cr.npy
qata_test_sub-S09452_ses-E16359_run-1_bp-chest_cr,sub-S09452,unet,1002,0.8081180811828942,0.678018575857257,37.0,5.789379221498001,predictions/masks/qata_test_sub-S09452_ses-E16359_run-1_bp-chest_cr.png,predictions/probabilities/qata_test_sub-S09452_ses-E16359_run-1_bp-chest_cr.npy
qata_test_sub-S09452_ses-E16704_run-1_bp-chest_cr,sub-S09452,unet,1002,0.9520960972552844,0.9085719547011456,4.524922359499573,1.2472547648602204,predictions/masks/qata_test_sub-S09452_ses-E16704_run-1_bp-chest_cr.png,predictions/probabilities/qata_test_sub-S09452_ses-E16704_run-1_bp-chest_cr.npy
qata_test_sub-S09452_ses-E16823_run-1_bp-chest_cr,sub-S09452,unet,1002,0.922892011834676,0.856824034335993,11.180339887498949,2.3369385861577876,predictions/masks/qata_test_sub-S09452_ses-E16823_run-1_bp-chest_cr.png,predictions/probabilities/qata_test_sub-S09452_ses-E16823_run-1_bp-chest_cr.npy
qata_test_sub-S09452_ses-E16825_run-1_bp-chest_vp-ap_cr,sub-S09452,unet,1002,0.7095321843143895,0.5498255560450301,40.466030901329994,8.063269100006252,predictions/masks/qata_test_sub-S09452_ses-E16825_run-1_bp-chest_vp-ap_cr.png,predictions/probabilities/qata_test_sub-S09452_ses-E16825_run-1_bp-chest_vp-ap_cr.npy
qata_test_sub-S09452_ses-E16953_run-1_bp-chest_cr,sub-S09452,unet,1002,0.7573272222906927,0.6094341453983361,35.712679274283055,6.490990841240064,predictions/masks/qata_test_sub-S09452_ses-E16953_run-1_bp-chest_cr.png,predictions/probabilities/qata_test_sub-S09452_ses-E16953_run-1_bp-chest_cr.npy
qata_test_sub-S09452_ses-E17117_acq-1_run-1_bp-chest_cr,sub-S09452,unet,1002,0.6980748535232687,0.5361866274840541,51.40861838544981,10.977233450758208,predictions/masks/qata_test_sub-S09452_ses-E17117_acq-1_run-1_bp-chest_cr.png,predictions/probabilities/qata_test_sub-S09452_ses-E17117_acq-1_run-1_bp-chest_cr.npy
qata_test_sub-S09452_ses-E17189_run-1_bp-chest_cr,sub-S09452,unet,1002,0.9183177809035112,0.8489718742649734,7.810249675906654,1.939260836053253,predictions/masks/qata_test_sub-S09452_ses-E17189_run-1_bp-chest_cr.png,predictions/probabilities/qata_test_sub-S09452_ses-E17189_run-1_bp-chest_cr.npy
qata_test_sub-S09452_ses-E17479_run-1_bp-chest_cr,sub-S09452,unet,1002,0.7598472039591718,0.6127045041444888,32.62399501336944,6.002976482373928,predictions/masks/qata_test_sub-S09452_ses-E17479_run-1_bp-chest_cr.png,predictions/probabilities/qata_test_sub-S09452_ses-E17479_run-1_bp-chest_cr.npy
qata_test_sub-S09452_ses-E17513_run-1_bp-chest_cr,sub-S09452,unet,1002,0.8420117105821727,0.7271331828467076,18.323356386870216,3.358497770823034,predictions/masks/qata_test_sub-S09452_ses-E17513_run-1_bp-chest_cr.png,predictions/probabilities/qata_test_sub-S09452_ses-E17513_run-1_bp-chest_cr.npy
qata_test_sub-S09452_ses-E17919_run-1_bp-chest_cr,sub-S09452,unet,1002,0.8775440145168086,0.7818070604702744,13.416407864998739,2.7484029965311505,predictions/masks/qata_test_sub-S09452_ses-E17919_run-1_bp-chest_cr.png,predictions/probabilities/qata_test_sub-S09452_ses-E17919_run-1_bp-chest_cr.npy
qata_test_sub-S09452_ses-E17957_run-1_bp-chest_cr,sub-S09452,unet,1002,0.8641045958809023,0.7607254970394014,20.591260281974,3.4288552351843906,predictions/masks/qata_test_sub-S09452_ses-E17957_run-1_bp-chest_cr.png,predictions/probabilities/qata_test_sub-S09452_ses-E17957_run-1_bp-chest_cr.npy
qata_test_sub-S09452_ses-E18170_run-1_bp-chest_cr,sub-S09452,unet,1002,0.6399908800750115,0.4705783738518811,48.01145686438528,10.081491136628113,predictions/masks/qata_test_sub-S09452_ses-E18170_run-1_bp-chest_cr.png,predictions/probabilities/qata_test_sub-S09452_ses-E18170_run-1_bp-chest_cr.npy
qata_test_sub-S09452_ses-E19207_run-1_bp-chest_cr,sub-S09452,unet,1002,0.8693790149907654,0.7689393939440003,33.25898917585739,4.5362976594392705,predictions/masks/qata_test_sub-S09452_ses-E19207_run-1_bp-chest_cr.png,predictions/probabilities/qata_test_sub-S09452_ses-E19207_run-1_bp-chest_cr.npy
qata_test_sub-S09452_ses-E21690_run-1_bp-chest_cr,sub-S09452,unet,1002,0.9292074799651691,0.8677754677782167,4.630495168499682,1.2247505377836307,predictions/masks/qata_test_sub-S09452_ses-E21690_run-1_bp-chest_cr.png,predictions/probabilities/qata_test_sub-S09452_ses-E21690_run-1_bp-chest_cr.npy
qata_test_sub-S09452_ses-E22036_run-1_bp-chest_cr,sub-S09452,unet,1002,0.8608651226169886,0.7557183435527625,36.25377754033721,5.40669438285512,predictions/masks/qata_test_sub-S09452_ses-E22036_run-1_bp-chest_cr.png,predictions/probabilities/qata_test_sub-S09452_ses-E22036_run-1_bp-chest_cr.npy
qata_test_sub-S09452_ses-E22824_run-1_bp-chest_vp-ap_dx,sub-S09452,unet,1002,0.9167600731525175,0.846313037797121,8.246211251235321,2.101612796948903,predictions/masks/qata_test_sub-S09452_ses-E22824_run-1_bp-chest_vp-ap_dx.png,predictions/probabilities/qata_test_sub-S09452_ses-E22824_run-1_bp-chest_vp-ap_dx.npy
qata_test_sub-S09452_ses-E22828_run-1_bp-chest_cr,sub-S09452,unet,1002,0.9393166028644597,0.8855767945477132,5.0,1.4559190313271209,predictions/masks/qata_test_sub-S09452_ses-E22828_run-1_bp-chest_cr.png,predictions/probabilities/qata_test_sub-S09452_ses-E22828_run-1_bp-chest_cr.npy
qata_test_sub-S09454_ses-E25547_run-1_bp-chest_vp-ap_dx,sub-S09454,unet,1002,0.46745562131389495,0.305019305039946,45.32545055491812,12.940568867211658,predictions/masks/qata_test_sub-S09454_ses-E25547_run-1_bp-chest_vp-ap_dx.png,predictions/probabilities/qata_test_sub-S09454_ses-E25547_run-1_bp-chest_vp-ap_dx.npy
qata_test_sub-S09455_ses-E16273_run-1_bp-chest_vp-ap_cr,sub-S09455,unet,1002,0.9716049382717802,0.9447779111651287,2.0,0.6668979848311746,predictions/masks/qata_test_sub-S09455_ses-E16273_run-1_bp-chest_vp-ap_cr.png,predictions/probabilities/qata_test_sub-S09455_ses-E16273_run-1_bp-chest_vp-ap_cr.npy
qata_test_sub-S09455_ses-E16541_run-1_bp-chest_vp-ap_cr,sub-S09455,unet,1002,0.9717193231571901,0.944994246260702,2.23606797749979,0.6843260864882621,predictions/masks/qata_test_sub-S09455_ses-E16541_run-1_bp-chest_vp-ap_cr.png,predictions/probabilities/qata_test_sub-S09455_ses-E16541_run-1_bp-chest_vp-ap_cr.npy
qata_test_sub-S09455_ses-E17099_run-1_bp-chest_vp-ap_cr,sub-S09455,unet,1002,0.9681873412130333,0.9383363665567034,2.23606797749979,0.7872447974126922,predictions/masks/qata_test_sub-S09455_ses-E17099_run-1_bp-chest_vp-ap_cr.png,predictions/probabilities/qata_test_sub-S09455_ses-E17099_run-1_bp-chest_vp-ap_cr.npy
qata_test_sub-S09455_ses-E17339_run-1_bp-chest_vp-ap_cr,sub-S09455,unet,1002,0.9707023980434375,0.9430726314707814,2.8284271247461903,0.784109200964546,predictions/masks/qata_test_sub-S09455_ses-E17339_run-1_bp-chest_vp-ap_cr.png,predictions/probabilities/qata_test_sub-S09455_ses-E17339_run-1_bp-chest_vp-ap_cr.npy
qata_test_sub-S09455_ses-E18009_run-1_bp-chest_vp-ap_cr,sub-S09455,unet,1002,0.9742898610824472,0.9498686072372158,2.23606797749979,0.6765227696406746,predictions/masks/qata_test_sub-S09455_ses-E18009_run-1_bp-chest_vp-ap_cr.png,predictions/probabilities/qata_test_sub-S09455_ses-E18009_run-1_bp-chest_vp-ap_cr.npy
qata_test_sub-S09455_ses-E26736_run-1_bp-chest_vp-ap_cr,sub-S09455,unet,1002,0.6883320929489098,0.5247761946850993,73.52378861303703,13.016698336103106,predictions/masks/qata_test_sub-S09455_ses-E26736_run-1_bp-chest_vp-ap_cr.png,predictions/probabilities/qata_test_sub-S09455_ses-E26736_run-1_bp-chest_vp-ap_cr.npy
qata_test_sub-S09458_ses-E16276_run-1_bp-chest_vp-ap_dx,sub-S09458,unet,1002,0.22482062186487323,0.12664670661297467,123.23045487726482,54.129681334954746,predictions/masks/qata_test_sub-S09458_ses-E16276_run-1_bp-chest_vp-ap_dx.png,predictions/probabilities/qata_test_sub-S09458_ses-E16276_run-1_bp-chest_vp-ap_dx.npy
qata_test_sub-S09458_ses-E16368_run-1_bp-chest_vp-ap_dx,sub-S09458,unet,1002,0.6692073170767725,0.5028636884388339,91.59148432032315,27.060454572850613,predictions/masks/qata_test_sub-S09458_ses-E16368_run-1_bp-chest_vp-ap_dx.png,predictions/probabilities/qata_test_sub-S09458_ses-E16368_run-1_bp-chest_vp-ap_dx.npy
qata_test_sub-S09458_ses-E16829_run-1_bp-chest_vp-ap_dx,sub-S09458,unet,1002,0.9286002420334893,0.8667168674713132,8.0,1.9320956253288486,predictions/masks/qata_test_sub-S09458_ses-E16829_run-1_bp-chest_vp-ap_dx.png,predictions/probabilities/qata_test_sub-S09458_ses-E16829_run-1_bp-chest_vp-ap_dx.npy
qata_test_sub-S09458_ses-E17334_run-1_bp-chest_vp-ap_dx,sub-S09458,unet,1002,0.9011950324150496,0.8201592266161478,10.16046515506065,2.4991217721865606,predictions/masks/qata_test_sub-S09458_ses-E17334_run-1_bp-chest_vp-ap_dx.png,predictions/probabilities/qata_test_sub-S09458_ses-E17334_run-1_bp-chest_vp-ap_dx.npy
qata_test_sub-S09458_ses-E17447_run-1_bp-chest_vp-ap_dx,sub-S09458,unet,1002,0.861088398293258,0.7560625398890226,14.0,3.273468006431087,predictions/masks/qata_test_sub-S09458_ses-E17447_run-1_bp-chest_vp-ap_dx.png,predictions/probabilities/qata_test_sub-S09458_ses-E17447_run-1_bp-chest_vp-ap_dx.npy
qata_test_sub-S09458_ses-E18180_run-1_bp-chest_vp-ap_dx,sub-S09458,unet,1002,0.7068571428613306,0.5466195316052448,47.8349956825161,8.284747848249367,predictions/masks/qata_test_sub-S09458_ses-E18180_run-1_bp-chest_vp-ap_dx.png,predictions/probabilities/qata_test_sub-S09458_ses-E18180_run-1_bp-chest_vp-ap_dx.npy
qata_test_sub-S09458_ses-E18738_run-1_bp-chest_vp-ap_dx,sub-S09458,unet,1002,0.7480604328322982,0.5975212002674899,46.202802476407825,8.03203631238058,predictions/masks/qata_test_sub-S09458_ses-E18738_run-1_bp-chest_vp-ap_dx.png,predictions/probabilities/qata_test_sub-S09458_ses-E18738_run-1_bp-chest_vp-ap_dx.npy
qata_test_sub-S09458_ses-E19468_acq-1_run-1_bp-chest_vp-ap_dx,sub-S09458,unet,1002,0.9312511902507855,0.8713471133331665,4.0,1.4660099297979712,predictions/masks/qata_test_sub-S09458_ses-E19468_acq-1_run-1_bp-chest_vp-ap_dx.png,predictions/probabilities/qata_test_sub-S09458_ses-E19468_acq-1_run-1_bp-chest_vp-ap_dx.npy
qata_test_sub-S09458_ses-E19855_run-1_bp-chest_vp-ap_dx,sub-S09458,unet,1002,0.8530947054450682,0.7438231469482474,13.0,3.4210161612060337,predictions/masks/qata_test_sub-S09458_ses-E19855_run-1_bp-chest_vp-ap_dx.png,predictions/probabilities/qata_test_sub-S09458_ses-E19855_run-1_bp-chest_vp-ap_dx.npy
qata_test_sub-S09458_ses-E20042_run-1_bp-chest_vp-ap_dx,sub-S09458,unet,1002,0.8590418644811477,0.752912694813846,19.6468827043885,3.2862200291788666,predictions/masks/qata_test_sub-S09458_ses-E20042_run-1_bp-chest_vp-ap_dx.png,predictions/probabilities/qata_test_sub-S09458_ses-E20042_run-1_bp-chest_vp-ap_dx.npy
qata_test_sub-S09458_ses-E20224_run-1_bp-chest_vp-ap_dx,sub-S09458,unet,1002,0.8271354518857982,0.7052267486662096,12.613366674313955,3.3205420636382335,predictions/masks/qata_test_sub-S09458_ses-E20224_run-1_bp-chest_vp-ap_dx.png,predictions/probabilities/qata_test_sub-S09458_ses-E20224_run-1_bp-chest_vp-ap_dx.npy
qata_test_sub-S09458_ses-E21702_run-1_bp-chest_vp-ap_dx,sub-S09458,unet,1002,0.9187448046554513,0.8497020949466683,14.035668847618199,2.7439195907672036,predictions/masks/qata_test_sub-S09458_ses-E21702_run-1_bp-chest_vp-ap_dx.png,predictions/probabilities/qata_test_sub-S09458_ses-E21702_run-1_bp-chest_vp-ap_dx.npy
qata_test_sub-S09458_ses-E22358_run-1_bp-chest_vp-ap_dx,sub-S09458,unet,1002,0.9437208159266719,0.8934388087532137,2.8284271247461903,1.2588696055893074,predictions/masks/qata_test_sub-S09458_ses-E22358_run-1_bp-chest_vp-ap_dx.png,predictions/probabilities/qata_test_sub-S09458_ses-E22358_run-1_bp-chest_vp-ap_dx.npy
qata_test_sub-S09458_ses-E22645_run-1_bp-chest_vp-ap_dx,sub-S09458,unet,1002,0.7468850124617523,0.5960227272773179,32.564988786673524,7.819031089144389,predictions/masks/qata_test_sub-S09458_ses-E22645_run-1_bp-chest_vp-ap_dx.png,predictions/probabilities/qata_test_sub-S09458_ses-E22645_run-1_bp-chest_vp-ap_dx.npy
qata_test_sub-S09458_ses-E23122_run-1_bp-chest_vp-ap_dx,sub-S09458,unet,1002,0.31695925270869774,0.18832535886720908,92.14173690298259,27.441676660034833,predictions/masks/qata_test_sub-S09458_ses-E23122_run-1_bp-chest_vp-ap_dx.png,predictions/probabilities/qata_test_sub-S09458_ses-E23122_run-1_bp-chest_vp-ap_dx.npy
qata_test_sub-S09458_ses-E26325_run-1_bp-chest_vp-ap_cr,sub-S09458,unet,1002,0.47326852977713746,0.30998806209092744,99.72462083156798,44.969966969450695,predictions/masks/qata_test_sub-S09458_ses-E26325_run-1_bp-chest_vp-ap_cr.png,predictions/probabilities/qata_test_sub-S09458_ses-E26325_run-1_bp-chest_vp-ap_cr.npy
qata_test_sub-S09458_ses-E27160_run-1_bp-chest_vp-ap_dx,sub-S09458,unet,1002,0.36234590962411856,0.22125912412311777,124.92796713045198,41.07740450592834,predictions/masks/qata_test_sub-S09458_ses-E27160_run-1_bp-chest_vp-ap_dx.png,predictions/probabilities/qata_test_sub-S09458_ses-E27160_run-1_bp-chest_vp-ap_dx.npy
qata_test_sub-S09459_ses-E16279_run-1_bp-chest_vp-ap_cr,sub-S09459,unet,1002,0.719896973605497,0.5623742454875127,16.03588433961718,5.0503241101037375,predictions/masks/qata_test_sub-S09459_ses-E16279_run-1_bp-chest_vp-ap_cr.png,predictions/probabilities/qata_test_sub-S09459_ses-E16279_run-1_bp-chest_vp-ap_cr.npy
qata_test_sub-S09459_ses-E22841_run-1_bp-chest_vp-pa_dx,sub-S09459,unet,1002,0.5108695652469282,0.3430656934839363,13.497547930891791,6.147420067098672,predictions/masks/qata_test_sub-S09459_ses-E22841_run-1_bp-chest_vp-pa_dx.png,predictions/probabilities/qata_test_sub-S09459_ses-E22841_run-1_bp-chest_vp-pa_dx.npy
qata_test_sub-S09461_ses-E20709_run-1_bp-chest_vp-ap_cr,sub-S09461,unet,1002,0.5121951219641518,0.34426229510533635,60.212536935599665,18.99786773367334,predictions/masks/qata_test_sub-S09461_ses-E20709_run-1_bp-chest_vp-ap_cr.png,predictions/probabilities/qata_test_sub-S09461_ses-E20709_run-1_bp-chest_vp-ap_cr.npy
qata_test_sub-S09465_ses-E18212_run-1_bp-chest_vp-ap_dx,sub-S09465,unet,1002,0.9666548518145796,0.9354617414251427,5.0,1.321217040563833,predictions/masks/qata_test_sub-S09465_ses-E18212_run-1_bp-chest_vp-ap_dx.png,predictions/probabilities/qata_test_sub-S09465_ses-E18212_run-1_bp-chest_vp-ap_dx.npy
qata_test_sub-S09465_ses-E19875_run-1_bp-chest_vp-ap_dx,sub-S09465,unet,1002,0.9768464482506533,0.9547408075558192,2.8284271247461903,0.8972680981193517,predictions/masks/qata_test_sub-S09465_ses-E19875_run-1_bp-chest_vp-ap_dx.png,predictions/probabilities/qata_test_sub-S09465_ses-E19875_run-1_bp-chest_vp-ap_dx.npy
qata_test_sub-S09465_ses-E23867_run-1_bp-chest_vp-ap_dx,sub-S09465,unet,1002,0.919799584171513,0.8515082670714912,20.591260281974,3.4679479445324137,predictions/masks/qata_test_sub-S09465_ses-E23867_run-1_bp-chest_vp-ap_dx.png,predictions/probabilities/qata_test_sub-S09465_ses-E23867_run-1_bp-chest_vp-ap_dx.npy
qata_test_sub-S09465_ses-E25441_run-1_bp-chest_vp-ap_cr,sub-S09465,unet,1002,0.39731643684691337,0.24790697677916712,131.60395122948393,41.991593028841876,predictions/masks/qata_test_sub-S09465_ses-E25441_run-1_bp-chest_vp-ap_cr.png,predictions/probabilities/qata_test_sub-S09465_ses-E25441_run-1_bp-chest_vp-ap_cr.npy
qata_test_sub-S09465_ses-E25868_run-1_bp-chest_vp-ap_dx,sub-S09465,unet,1002,0.9354434272468587,0.8787165014893618,17.72004514666935,3.30981716829083,predictions/masks/qata_test_sub-S09465_ses-E25868_run-1_bp-chest_vp-ap_dx.png,predictions/probabilities/qata_test_sub-S09465_ses-E25868_run-1_bp-chest_vp-ap_dx.npy
qata_test_sub-S09465_ses-E26340_run-1_bp-chest_vp-ap_dx,sub-S09465,unet,1002,0.901251916198578,0.8202534589011728,19.1049731745428,3.660470102958991,predictions/masks/qata_test_sub-S09465_ses-E26340_run-1_bp-chest_vp-ap_dx.png,predictions/probabilities/qata_test_sub-S09465_ses-E26340_run-1_bp-chest_vp-ap_dx.npy
qata_test_sub-S09466_ses-E16293_run-1_bp-chest_vp-pa_dx,sub-S09466,unet,1002,0.19306930697064015,0.10684931511743291,138.40700112665792,57.77463264007217,predictions/masks/qata_test_sub-S09466_ses-E16293_run-1_bp-chest_vp-pa_dx.png,predictions/probabilities/qata_test_sub-S09466_ses-E16293_run-1_bp-chest_vp-pa_dx.npy
qata_test_sub-S09466_ses-E17059_run-1_bp-chest_vp-pa_dx,sub-S09466,unet,1002,0.5303867403639235,0.36090225569916334,19.0,6.217655303264352,predictions/masks/qata_test_sub-S09466_ses-E17059_run-1_bp-chest_vp-pa_dx.png,predictions/probabilities/qata_test_sub-S09466_ses-E17059_run-1_bp-chest_vp-pa_dx.npy
qata_test_sub-S09466_ses-E18114_run-1_bp-chest_vp-ap_dx,sub-S09466,unet,1002,0.8012031720043422,0.6683394160735248,19.64961592696676,3.9798244300844403,predictions/masks/qata_test_sub-S09466_ses-E18114_run-1_bp-chest_vp-ap_dx.png,predictions/probabilities/qata_test_sub-S09466_ses-E18114_run-1_bp-chest_vp-ap_dx.npy
qata_test_sub-S09467_ses-E20862_run-1_bp-chest_vp-ap_cr,sub-S09467,unet,1002,0.9261363636373174,0.8624338624371709,6.0,1.2136362323698215,predictions/masks/qata_test_sub-S09467_ses-E20862_run-1_bp-chest_vp-ap_cr.png,predictions/probabilities/qata_test_sub-S09467_ses-E20862_run-1_bp-chest_vp-ap_cr.npy
qata_test_sub-S09467_ses-E21865_run-1_bp-chest_vp-ap_dx,sub-S09467,unet,1002,0.119782214315829,0.06370656388731534,29.334045480061786,12.289668748392494,predictions/masks/qata_test_sub-S09467_ses-E21865_run-1_bp-chest_vp-ap_dx.png,predictions/probabilities/qata_test_sub-S09467_ses-E21865_run-1_bp-chest_vp-ap_dx.npy
qata_test_sub-S09467_ses-E22682_run-1_bp-chest_vp-ap_dx,sub-S09467,unet,1002,0.12204724426731353,0.06498951801572547,17.935445413067065,6.601790340153096,predictions/masks/qata_test_sub-S09467_ses-E22682_run-1_bp-chest_vp-ap_dx.png,predictions/probabilities/qata_test_sub-S09467_ses-E22682_run-1_bp-chest_vp-ap_dx.npy
qata_test_sub-S09467_ses-E23192_run-1_bp-chest_vp-pa_dx,sub-S09467,unet,1002,0.40898155578115625,0.2570564516877967,36.32422412870532,12.282930136122186,predictions/masks/qata_test_sub-S09467_ses-E23192_run-1_bp-chest_vp-pa_dx.png,predictions/probabilities/qata_test_sub-S09467_ses-E23192_run-1_bp-chest_vp-pa_dx.npy
qata_test_sub-S09468_ses-E19517_run-1_bp-chest_vp-ap_dx,sub-S09468,unet,1002,0.44862219934461445,0.2891766268496289,107.0,47.63036620080988,predictions/masks/qata_test_sub-S09468_ses-E19517_run-1_bp-chest_vp-ap_dx.png,predictions/probabilities/qata_test_sub-S09468_ses-E19517_run-1_bp-chest_vp-ap_dx.npy
qata_test_sub-S09468_ses-E19729_run-1_bp-chest_vp-ap_dx,sub-S09468,unet,1002,0.8621539840868422,0.7577070816531299,16.76305461424021,3.0151544836177773,predictions/masks/qata_test_sub-S09468_ses-E19729_run-1_bp-chest_vp-ap_dx.png,predictions/probabilities/qata_test_sub-S09468_ses-E19729_run-1_bp-chest_vp-ap_dx.npy
qata_test_sub-S09468_ses-E19891_run-1_bp-chest_vp-pa_cr,sub-S09468,unet,1002,0.6236378876802255,0.4531059683357441,35.26424182885725,7.576128828292869,predictions/masks/qata_test_sub-S09468_ses-E19891_run-1_bp-chest_vp-pa_cr.png,predictions/probabilities/qata_test_sub-S09468_ses-E19891_run-1_bp-chest_vp-pa_cr.npy
qata_test_sub-S09468_ses-E21004_acq-2_run-1_bp-chest_vp-ap_dx,sub-S09468,unet,1002,0.8017023001327303,0.6690343311375864,17.69180601295413,3.7330344692376562,predictions/masks/qata_test_sub-S09468_ses-E21004_acq-2_run-1_bp-chest_vp-ap_dx.png,predictions/probabilities/qata_test_sub-S09468_ses-E21004_acq-2_run-1_bp-chest_vp-ap_dx.npy
qata_test_sub-S09468_ses-E21230_run-1_bp-chest_vp-ap_dx,sub-S09468,unet,1002,0.4529914530148295,0.2928176795970819,27.29468812791236,9.207320847923384,predictions/masks/qata_test_sub-S09468_ses-E21230_run-1_bp-chest_vp-ap_dx.png,predictions/probabilities/qata_test_sub-S09468_ses-E21230_run-1_bp-chest_vp-ap_dx.npy
qata_test_sub-S09469_ses-E16297_run-1_bp-chest_vp-pa_cr,sub-S09469,unet,1002,0.682486631026655,0.5180111618712323,94.84808246587565,23.431236487998238,predictions/masks/qata_test_sub-S09469_ses-E16297_run-1_bp-chest_vp-pa_cr.png,predictions/probabilities/qata_test_sub-S09469_ses-E16297_run-1_bp-chest_vp-pa_cr.npy
qata_test_sub-S09469_ses-E18246_run-1_bp-chest_vp-ap_dx,sub-S09469,unet,1002,0.8965423359665594,0.8124845793285841,45.01774279923059,8.052282527232725,predictions/masks/qata_test_sub-S09469_ses-E18246_run-1_bp-chest_vp-ap_dx.png,predictions/probabilities/qata_test_sub-S09469_ses-E18246_run-1_bp-chest_vp-ap_dx.npy
qata_test_sub-S09469_ses-E19259_run-1_bp-chest_vp-ap_dx,sub-S09469,unet,1002,0.952152808422416,0.908675249670212,6.0,1.3434046679344676,predictions/masks/qata_test_sub-S09469_ses-E19259_run-1_bp-chest_vp-ap_dx.png,predictions/probabilities/qata_test_sub-S09469_ses-E19259_run-1_bp-chest_vp-ap_dx.npy
qata_test_sub-S09469_ses-E19886_run-1_bp-chest_vp-ap_dx,sub-S09469,unet,1002,0.8101071975546169,0.6808236808373735,8.0,2.218217958404457,predictions/masks/qata_test_sub-S09469_ses-E19886_run-1_bp-chest_vp-ap_dx.png,predictions/probabilities/qata_test_sub-S09469_ses-E19886_run-1_bp-chest_vp-ap_dx.npy
qata_test_sub-S09469_ses-E20490_run-1_bp-chest_vp-ap_cr,sub-S09469,unet,1002,0.5141948671470771,0.34607153777602967,92.33146100906396,16.1283812528243,predictions/masks/qata_test_sub-S09469_ses-E20490_run-1_bp-chest_vp-ap_cr.png,predictions/probabilities/qata_test_sub-S09469_ses-E20490_run-1_bp-chest_vp-ap_cr.npy
qata_test_sub-S09469_ses-E23439_run-1_bp-chest_vp-ap_dx,sub-S09469,unet,1002,0.8745999140119687,0.7771457678939032,16.170807026447875,2.6099234768303354,predictions/masks/qata_test_sub-S09469_ses-E23439_run-1_bp-chest_vp-ap_dx.png,predictions/probabilities/qata_test_sub-S09469_ses-E23439_run-1_bp-chest_vp-ap_dx.npy
qata_test_sub-S09469_ses-E23896_acq-1_run-1_bp-chest_vp-ap_dx,sub-S09469,unet,1002,0.9630296710590434,0.9286954931901573,3.0,0.9782668652745004,predictions/masks/qata_test_sub-S09469_ses-E23896_acq-1_run-1_bp-chest_vp-ap_dx.png,predictions/probabilities/qata_test_sub-S09469_ses-E23896_acq-1_run-1_bp-chest_vp-ap_dx.npy
qata_test_sub-S09469_ses-E23896_acq-2_run-1_bp-chest_vp-ap_dx,sub-S09469,unet,1002,0.9455063892705381,0.8966449674522119,9.486832980505138,1.9160913010276304,predictions/masks/qata_test_sub-S09469_ses-E23896_acq-2_run-1_bp-chest_vp-ap_dx.png,predictions/probabilities/qata_test_sub-S09469_ses-E23896_acq-2_run-1_bp-chest_vp-ap_dx.npy
qata_test_sub-S09469_ses-E24596_run-1_bp-chest_cr,sub-S09469,unet,1002,0.9118459155501655,0.8379749969065604,18.99209978830308,3.127390510794765,predictions/masks/qata_test_sub-S09469_ses-E24596_run-1_bp-chest_cr.png,predictions/probabilities/qata_test_sub-S09469_ses-E24596_run-1_bp-chest_cr.npy
qata_test_sub-S09469_ses-E25913_run-1_bp-chest_vp-ap_dx,sub-S09469,unet,1002,0.6728293166083009,0.506965174134259,21.0,5.852762829027965,predictions/masks/qata_test_sub-S09469_ses-E25913_run-1_bp-chest_vp-ap_dx.png,predictions/probabilities/qata_test_sub-S09469_ses-E25913_run-1_bp-chest_vp-ap_dx.npy
qata_test_sub-S09469_ses-E26366_run-1_bp-chest_vp-ap_dx,sub-S09469,unet,1002,0.956873805841339,0.9173135630186017,5.0990195135927845,1.4175908324352868,predictions/masks/qata_test_sub-S09469_ses-E26366_run-1_bp-chest_vp-ap_dx.png,predictions/probabilities/qata_test_sub-S09469_ses-E26366_run-1_bp-chest_vp-ap_dx.npy
qata_test_sub-S09471_ses-E16301_run-1_bp-chest_vp-ap_cr,sub-S09471,unet,1002,0.8192857142921683,0.6938898971752033,6.4031242374328485,2.3433038462604987,predictions/masks/qata_test_sub-S09471_ses-E16301_run-1_bp-chest_vp-ap_cr.png,predictions/probabilities/qata_test_sub-S09471_ses-E16301_run-1_bp-chest_vp-ap_cr.npy
qata_test_sub-S09471_ses-E23208_run-1_bp-chest_vp-ap_cr,sub-S09471,unet,1002,0.8720612356513925,0.7731459040342635,69.54878780018181,8.186781321688215,predictions/masks/qata_test_sub-S09471_ses-E23208_run-1_bp-chest_vp-ap_cr.png,predictions/probabilities/qata_test_sub-S09471_ses-E23208_run-1_bp-chest_vp-ap_cr.npy
qata_test_sub-S09471_ses-E27037_run-1_bp-chest_vp-ap_cr,sub-S09471,unet,1002,0.8323232323317008,0.7128027681909339,3.6055512754639896,1.5697962522427302,predictions/masks/qata_test_sub-S09471_ses-E27037_run-1_bp-chest_vp-ap_cr.png,predictions/probabilities/qata_test_sub-S09471_ses-E27037_run-1_bp-chest_vp-ap_cr.npy
qata_test_sub-S09472_ses-E22444_run-1_bp-chest_vp-ap_dx,sub-S09472,unet,1002,0.8710512687748826,0.7715596330345089,79.02531240052139,8.725936929064508,predictions/masks/qata_test_sub-S09472_ses-E22444_run-1_bp-chest_vp-ap_dx.png,predictions/probabilities/qata_test_sub-S09472_ses-E22444_run-1_bp-chest_vp-ap_dx.npy
qata_test_sub-S09472_ses-E23463_run-1_bp-chest_vp-ap_dx,sub-S09472,unet,1002,0.8318016670246654,0.7120380534264171,34.55959740426326,6.040139445702826,predictions/masks/qata_test_sub-S09472_ses-E23463_run-1_bp-chest_vp-ap_dx.png,predictions/probabilities/qata_test_sub-S09472_ses-E23463_run-1_bp-chest_vp-ap_dx.npy
qata_test_sub-S09474_ses-E18830_run-1_bp-chest_vp-ap_cr,sub-S09474,unet,1002,0.8652631579089196,0.7625231911386785,3.0,1.1237352619292624,predictions/masks/qata_test_sub-S09474_ses-E18830_run-1_bp-chest_vp-ap_cr.png,predictions/probabilities/qata_test_sub-S09474_ses-E18830_run-1_bp-chest_vp-ap_cr.npy
qata_test_sub-S09474_ses-E20874_run-1_bp-chest_vp-ap_cr,sub-S09474,unet,1002,0.916775220727793,0.8463388562307231,5.991547594742253,1.5658007095962814,predictions/masks/qata_test_sub-S09474_ses-E20874_run-1_bp-chest_vp-ap_cr.png,predictions/probabilities/qata_test_sub-S09474_ses-E20874_run-1_bp-chest_vp-ap_cr.npy
qata_test_sub-S09474_ses-E21416_run-1_bp-chest_vp-pa_dx,sub-S09474,unet,1002,0.5542582417735489,0.3833729216444954,27.49897502276929,7.0797067599275305,predictions/masks/qata_test_sub-S09474_ses-E21416_run-1_bp-chest_vp-pa_dx.png,predictions/probabilities/qata_test_sub-S09474_ses-E21416_run-1_bp-chest_vp-pa_dx.npy
qata_test_sub-S09475_ses-E18285_run-1_bp-chest_vp-ap_dx,sub-S09475,unet,1002,0.9803004186162256,0.9613619898579887,1.0,0.4605209837074364,predictions/masks/qata_test_sub-S09475_ses-E18285_run-1_bp-chest_vp-ap_dx.png,predictions/probabilities/qata_test_sub-S09475_ses-E18285_run-1_bp-chest_vp-ap_dx.npy
qata_test_sub-S09475_ses-E19304_run-1_bp-chest_vp-ap_dx,sub-S09475,unet,1002,0.9748210972702104,0.9508790072393911,2.0,0.6488554829334248,predictions/masks/qata_test_sub-S09475_ses-E19304_run-1_bp-chest_vp-ap_dx.png,predictions/probabilities/qata_test_sub-S09475_ses-E19304_run-1_bp-chest_vp-ap_dx.npy
qata_test_sub-S09475_ses-E19914_run-1_bp-chest_vp-ap_dx,sub-S09475,unet,1002,0.9335525004984382,0.8753853339572594,10.0,2.0713848732449924,predictions/masks/qata_test_sub-S09475_ses-E19914_run-1_bp-chest_vp-ap_dx.png,predictions/probabilities/qata_test_sub-S09475_ses-E19914_run-1_bp-chest_vp-ap_dx.npy
qata_test_sub-S09475_ses-E24600_run-1_bp-chest_cr,sub-S09475,unet,1002,0.8348997663941169,0.7165905063907806,34.88552708502482,5.165693122750283,predictions/masks/qata_test_sub-S09475_ses-E24600_run-1_bp-chest_cr.png,predictions/probabilities/qata_test_sub-S09475_ses-E24600_run-1_bp-chest_cr.npy
qata_test_sub-S09475_ses-E24606_run-1_bp-chest_vp-pa_cr,sub-S09475,unet,1002,0.8569093423874204,0.7496425035777181,19.803388698152457,3.9832234806275,predictions/masks/qata_test_sub-S09475_ses-E24606_run-1_bp-chest_vp-pa_cr.png,predictions/probabilities/qata_test_sub-S09475_ses-E24606_run-1_bp-chest_vp-pa_cr.npy
qata_test_sub-S09475_ses-E25949_run-1_bp-chest_vp-ap_dx,sub-S09475,unet,1002,0.9655355601303836,0.9333675696503612,3.605551275463989,0.923408630907502,predictions/masks/qata_test_sub-S09475_ses-E25949_run-1_bp-chest_vp-ap_dx.png,predictions/probabilities/qata_test_sub-S09475_ses-E25949_run-1_bp-chest_vp-ap_dx.npy
qata_test_sub-S09476_ses-E16307_run-1_bp-chest_vp-ap_cr,sub-S09476,unet,1002,0.7388843977399773,0.5858974359062842,25.594887042466265,6.694479387048892,predictions/masks/qata_test_sub-S09476_ses-E16307_run-1_bp-chest_vp-ap_cr.png,predictions/probabilities/qata_test_sub-S09476_ses-E16307_run-1_bp-chest_vp-ap_cr.npy
qata_test_sub-S09477_ses-E16308_run-1_bp-chest_vp-ap_dx,sub-S09477,unet,1002,0.9598017621149064,0.9227104287996698,2.8284271247461903,1.737556765104911,predictions/masks/qata_test_sub-S09477_ses-E16308_run-1_bp-chest_vp-ap_dx.png,predictions/probabilities/qata_test_sub-S09477_ses-E16308_run-1_bp-chest_vp-ap_dx.npy
qata_test_sub-S09478_ses-E18281_run-1_bp-chest_cr,sub-S09478,unet,1002,0.7929317269092937,0.6569071067386624,14.238762615480914,2.8162554883150186,predictions/masks/qata_test_sub-S09478_ses-E18281_run-1_bp-chest_cr.png,predictions/probabilities/qata_test_sub-S09478_ses-E18281_run-1_bp-chest_cr.npy
qata_test_sub-S09478_ses-E19299_run-1_bp-chest_vp-ap_dx,sub-S09478,unet,1002,0.9135239831387315,0.8408137583926004,9.848857801796104,1.9700048682083218,predictions/masks/qata_test_sub-S09478_ses-E19299_run-1_bp-chest_vp-ap_dx.png,predictions/probabilities/qata_test_sub-S09478_ses-E19299_run-1_bp-chest_vp-ap_dx.npy
qata_test_sub-S09478_ses-E19756_run-1_bp-chest_vp-ap_dx,sub-S09478,unet,1002,0.8501058302895881,0.7392904953233169,10.96554944214033,2.4059419287263157,predictions/masks/qata_test_sub-S09478_ses-E19756_run-1_bp-chest_vp-ap_dx.png,predictions/probabilities/qata_test_sub-S09478_ses-E19756_run-1_bp-chest_vp-ap_dx.npy
qata_test_sub-S09478_ses-E19911_run-1_bp-chest_vp-ap_dx,sub-S09478,unet,1002,0.622684432895309,0.452100047205,45.59872643034982,10.360805811338205,predictions/masks/qata_test_sub-S09478_ses-E19911_run-1_bp-chest_vp-ap_dx.png,predictions/probabilities/qata_test_sub-S09478_ses-E19911_run-1_bp-chest_vp-ap_dx.npy
qata_test_sub-S09478_ses-E20530_run-1_bp-chest_vp-ap_cr,sub-S09478,unet,1002,0.8729984645769576,0.774620474897341,32.566085758882295,5.822429446912052,predictions/masks/qata_test_sub-S09478_ses-E20530_run-1_bp-chest_vp-ap_cr.png,predictions/probabilities/qata_test_sub-S09478_ses-E20530_run-1_bp-chest_vp-ap_cr.npy
qata_test_sub-S09478_ses-E23491_run-1_bp-chest_vp-pa_cr,sub-S09478,unet,1002,0.4584864070934249,0.29742612018137027,75.33985237382458,20.566769472322164,predictions/masks/qata_test_sub-S09478_ses-E23491_run-1_bp-chest_vp-pa_cr.png,predictions/probabilities/qata_test_sub-S09478_ses-E23491_run-1_bp-chest_vp-pa_cr.npy
qata_test_sub-S09478_ses-E25948_run-1_bp-chest_vp-ap_dx,sub-S09478,unet,1002,0.6246403348254083,0.45416508180090664,23.430749027719962,5.297211870565044,predictions/masks/qata_test_sub-S09478_ses-E25948_run-1_bp-chest_vp-ap_dx.png,predictions/probabilities/qata_test_sub-S09478_ses-E25948_run-1_bp-chest_vp-ap_dx.npy
qata_test_sub-S09481_ses-E16313_run-1_bp-chest_vp-ap_cr,sub-S09481,unet,1002,5.586592178458849e-11,5.586592178458849e-11,150.27123622974065,123.05049570987282,predictions/masks/qata_test_sub-S09481_ses-E16313_run-1_bp-chest_vp-ap_cr.png,predictions/probabilities/qata_test_sub-S09481_ses-E16313_run-1_bp-chest_vp-ap_cr.npy
qata_test_sub-S09481_ses-E16761_run-1_bp-chest_vp-ap_cr,sub-S09481,unet,1002,0.7247761194194163,0.5683520599655101,16.278820596099706,3.5572183890677818,predictions/masks/qata_test_sub-S09481_ses-E16761_run-1_bp-chest_vp-ap_cr.png,predictions/probabilities/qata_test_sub-S09481_ses-E16761_run-1_bp-chest_vp-ap_cr.npy
qata_test_sub-S09481_ses-E20350_run-1_bp-chest_vp-ap_cr,sub-S09481,unet,1002,0.739267676775907,0.5863795693747431,23.37721389964633,4.207538985129427,predictions/masks/qata_test_sub-S09481_ses-E20350_run-1_bp-chest_vp-ap_cr.png,predictions/probabilities/qata_test_sub-S09481_ses-E20350_run-1_bp-chest_vp-ap_cr.npy
qata_test_sub-S09483_ses-E24820_acq-1_run-1_bp-chest_vp-ll_dx,sub-S09483,unet,1002,0.7908106088944563,0.6540006178667284,15.674625606249858,3.7599212570664906,predictions/masks/qata_test_sub-S09483_ses-E24820_acq-1_run-1_bp-chest_vp-ll_dx.png,predictions/probabilities/qata_test_sub-S09483_ses-E24820_acq-1_run-1_bp-chest_vp-ll_dx.npy
qata_test_sub-S09484_ses-E21303_run-1_bp-chest_vp-pa_cr,sub-S09484,unet,1002,0.8798735511095924,0.7855126999160155,9.871529131526685,2.6767751894942973,predictions/masks/qata_test_sub-S09484_ses-E21303_run-1_bp-chest_vp-pa_cr.png,predictions/probabilities/qata_test_sub-S09484_ses-E21303_run-1_bp-chest_vp-pa_cr.npy
qata_test_sub-S09485_ses-E16317_run-1_bp-chest_vp-pa_dx,sub-S09485,unet,1002,0.20802919712846538,0.1160896130946307,151.85748877834578,53.58009844706023,predictions/masks/qata_test_sub-S09485_ses-E16317_run-1_bp-chest_vp-pa_dx.png,predictions/probabilities/qata_test_sub-S09485_ses-E16317_run-1_bp-chest_vp-pa_dx.npy
qata_test_sub-S09485_ses-E23553_run-1_bp-chest_vp-ap_dx,sub-S09485,unet,1002,0.9734430327016588,0.9482601197124048,2.0,0.6839784774918054,predictions/masks/qata_test_sub-S09485_ses-E23553_run-1_bp-chest_vp-ap_dx.png,predictions/probabilities/qata_test_sub-S09485_ses-E23553_run-1_bp-chest_vp-ap_dx.npy
qata_test_sub-S09485_ses-E25698_run-1_bp-chest_vp-ap_cr,sub-S09485,unet,1002,0.8491061703091619,0.7377797572682576,11.379742812989724,2.4023866568745524,predictions/masks/qata_test_sub-S09485_ses-E25698_run-1_bp-chest_vp-ap_cr.png,predictions/probabilities/qata_test_sub-S09485_ses-E25698_run-1_bp-chest_vp-ap_cr.npy
qata_test_sub-S09490_ses-E16322_run-1_bp-chest_vp-pa_cr,sub-S09490,unet,1002,0.895018294402054,0.8099847172791653,5.0,1.8798910339718575,predictions/masks/qata_test_sub-S09490_ses-E16322_run-1_bp-chest_vp-pa_cr.png,predictions/probabilities/qata_test_sub-S09490_ses-E16322_run-1_bp-chest_vp-pa_cr.npy
qata_test_sub-S09490_ses-E18365_run-1_bp-chest_vp-ap_dx,sub-S09490,unet,1002,0.9174440298513881,0.8474795346855166,9.433981132056603,1.9387798289156954,predictions/masks/qata_test_sub-S09490_ses-E18365_run-1_bp-chest_vp-ap_dx.png,predictions/probabilities/qata_test_sub-S09490_ses-E18365_run-1_bp-chest_vp-ap_dx.npy
qata_test_sub-S09490_ses-E19381_run-1_bp-chest_vp-pa_cr,sub-S09490,unet,1002,0.6653846153892118,0.4985590778201202,31.906112267087632,6.75382444017081,predictions/masks/qata_test_sub-S09490_ses-E19381_run-1_bp-chest_vp-pa_cr.png,predictions/probabilities/qata_test_sub-S09490_ses-E19381_run-1_bp-chest_vp-pa_cr.npy
qata_test_sub-S09490_ses-E19975_run-1_bp-chest_vp-ap_dx,sub-S09490,unet,1002,0.9325522006913397,0.8736279200687341,8.977708763999658,2.071126077166353,predictions/masks/qata_test_sub-S09490_ses-E19975_run-1_bp-chest_vp-ap_dx.png,predictions/probabilities/qata_test_sub-S09490_ses-E19975_run-1_bp-chest_vp-ap_dx.npy
qata_test_sub-S09490_ses-E20616_run-1_bp-chest_vp-ap_dx,sub-S09490,unet,1002,0.5785277979130496,0.4069919883553242,21.23203871154557,6.103051930572812,predictions/masks/qata_test_sub-S09490_ses-E20616_run-1_bp-chest_vp-ap_dx.png,predictions/probabilities/qata_test_sub-S09490_ses-E20616_run-1_bp-chest_vp-ap_dx.npy
qata_test_sub-S09492_ses-E18359_run-1_bp-chest_vp-ap_dx,sub-S09492,unet,1002,0.7266605448507297,0.5706730769437177,14.0,4.167122769997842,predictions/masks/qata_test_sub-S09492_ses-E18359_run-1_bp-chest_vp-ap_dx.png,predictions/probabilities/qata_test_sub-S09492_ses-E18359_run-1_bp-chest_vp-ap_dx.npy
qata_test_sub-S09492_ses-E19799_run-1_bp-chest_vp-ap_dx,sub-S09492,unet,1002,0.3765306122608028,0.23192960404676524,126.77381204437559,44.162786830514634,predictions/masks/qata_test_sub-S09492_ses-E19799_run-1_bp-chest_vp-ap_dx.png,predictions/probabilities/qata_test_sub-S09492_ses-E19799_run-1_bp-chest_vp-ap_dx.npy
qata_test_sub-S09492_ses-E19961_run-1_bp-chest_vp-ap_dx,sub-S09492,unet,1002,0.7018080667635354,0.5406042425639468,17.0,4.633522453397004,predictions/masks/qata_test_sub-S09492_ses-E19961_run-1_bp-chest_vp-ap_dx.png,predictions/probabilities/qata_test_sub-S09492_ses-E19961_run-1_bp-chest_vp-ap_dx.npy
qata_test_sub-S09492_ses-E20611_run-1_bp-chest_vp-ap_dx,sub-S09492,unet,1002,0.6261723984004874,0.4557867360384985,114.69857325060123,28.983936002112706,predictions/masks/qata_test_sub-S09492_ses-E20611_run-1_bp-chest_vp-ap_dx.png,predictions/probabilities/qata_test_sub-S09492_ses-E20611_run-1_bp-chest_vp-ap_dx.npy
qata_test_sub-S09492_ses-E21091_run-1_bp-chest_vp-ap_dx,sub-S09492,unet,1002,0.6671341748558407,0.5005261311995607,36.57774839749768,6.53838084358915,predictions/masks/qata_test_sub-S09492_ses-E21091_run-1_bp-chest_vp-ap_dx.png,predictions/probabilities/qata_test_sub-S09492_ses-E21091_run-1_bp-chest_vp-ap_dx.npy
qata_test_sub-S09492_ses-E21310_run-1_bp-chest_vp-ap_dx,sub-S09492,unet,1002,0.8178545716473827,0.6918392205003849,114.0148257397142,19.38566672105445,predictions/masks/qata_test_sub-S09492_ses-E21310_run-1_bp-chest_vp-ap_dx.png,predictions/probabilities/qata_test_sub-S09492_ses-E21310_run-1_bp-chest_vp-ap_dx.npy
qata_test_sub-S09492_ses-E22550_run-1_bp-chest_vp-ap_dx,sub-S09492,unet,1002,0.5990639626210509,0.42761692663082024,7.807886552931954,3.4817231644600013,predictions/masks/qata_test_sub-S09492_ses-E22550_run-1_bp-chest_vp-ap_dx.png,predictions/probabilities/qata_test_sub-S09492_ses-E22550_run-1_bp-chest_vp-ap_dx.npy
qata_test_sub-S09492_ses-E23563_run-1_bp-chest_vp-pa_cr,sub-S09492,unet,1002,0.5358166189444257,0.36594911943581715,126.62967357711062,43.87162514097988,predictions/masks/qata_test_sub-S09492_ses-E23563_run-1_bp-chest_vp-pa_cr.png,predictions/probabilities/qata_test_sub-S09492_ses-E23563_run-1_bp-chest_vp-pa_cr.npy
qata_test_sub-S09493_ses-E16325_run-1_bp-chest_vp-pa_dx,sub-S09493,unet,1002,0.7999651658991556,0.666618287377843,23.89760461862718,5.184997928222927,predictions/masks/qata_test_sub-S09493_ses-E16325_run-1_bp-chest_vp-pa_dx.png,predictions/probabilities/qata_test_sub-S09493_ses-E16325_run-1_bp-chest_vp-pa_dx.npy
qata_test_sub-S09495_ses-E16327_acq-1_run-1_bp-chest_vp-ap_dx,sub-S09495,unet,1002,0.7185944363124555,0.5607861060379251,19.235384061671343,5.3353718701413175,predictions/masks/qata_test_sub-S09495_ses-E16327_acq-1_run-1_bp-chest_vp-ap_dx.png,predictions/probabilities/qata_test_sub-S09495_ses-E16327_acq-1_run-1_bp-chest_vp-ap_dx.npy
qata_test_sub-S09495_ses-E16327_run-2_bp-chest_vp-ap_dx,sub-S09495,unet,1002,0.7086359967762932,0.5487500000112813,44.384682042344295,12.150056952002467,predictions/masks/qata_test_sub-S09495_ses-E16327_run-2_bp-chest_vp-ap_dx.png,predictions/probabilities/qata_test_sub-S09495_ses-E16327_run-2_bp-chest_vp-ap_dx.npy
qata_test_sub-S09495_ses-E16416_acq-2_run-1_bp-chest_vp-ap_dx,sub-S09495,unet,1002,0.7363695723168758,0.5827412479061782,41.541238546606614,8.487045575608207,predictions/masks/qata_test_sub-S09495_ses-E16416_acq-2_run-1_bp-chest_vp-ap_dx.png,predictions/probabilities/qata_test_sub-S09495_ses-E16416_acq-2_run-1_bp-chest_vp-ap_dx.npy
qata_test_sub-S09495_ses-E17395_run-1_bp-chest_vp-pa_dx,sub-S09495,unet,1002,0.9491033481916751,0.9031367133576024,4.0,0.9749517009920261,predictions/masks/qata_test_sub-S09495_ses-E17395_run-1_bp-chest_vp-pa_dx.png,predictions/probabilities/qata_test_sub-S09495_ses-E17395_run-1_bp-chest_vp-pa_dx.npy
qata_test_sub-S09495_ses-E17454_run-2_bp-chest_vp-ap_dx,sub-S09495,unet,1002,0.9055234511496739,0.8273575638528075,10.0,2.283634212012543,predictions/masks/qata_test_sub-S09495_ses-E17454_run-2_bp-chest_vp-ap_dx.png,predictions/probabilities/qata_test_sub-S09495_ses-E17454_run-2_bp-chest_vp-ap_dx.npy
qata_test_sub-S09495_ses-E17458_acq-2_run-1_bp-chest_vp-ap_dx,sub-S09495,unet,1002,0.8556090541819934,0.7476545120442242,24.190835673289683,4.691093069644085,predictions/masks/qata_test_sub-S09495_ses-E17458_acq-2_run-1_bp-chest_vp-ap_dx.png,predictions/probabilities/qata_test_sub-S09495_ses-E17458_acq-2_run-1_bp-chest_vp-ap_dx.npy
qata_test_sub-S09495_ses-E17786_acq-2_run-1_bp-chest_vp-ap_dx,sub-S09495,unet,1002,0.759738688605373,0.6125634022667521,17.070421153222455,3.7494161854052783,predictions/masks/qata_test_sub-S09495_ses-E17786_acq-2_run-1_bp-chest_vp-ap_dx.png,predictions/probabilities/qata_test_sub-S09495_ses-E17786_acq-2_run-1_bp-chest_vp-ap_dx.npy
qata_test_sub-S09495_ses-E17935_acq-1_run-1_bp-chest_vp-ap_dx,sub-S09495,unet,1002,0.8580178973065128,0.7513409319497877,25.019992006393608,4.491813819433593,predictions/masks/qata_test_sub-S09495_ses-E17935_acq-1_run-1_bp-chest_vp-ap_dx.png,predictions/probabilities/qata_test_sub-S09495_ses-E17935_acq-1_run-1_bp-chest_vp-ap_dx.npy
qata_test_sub-S09495_ses-E17987_acq-1_run-1_bp-chest_vp-ap_dx,sub-S09495,unet,1002,0.9210593328245412,0.8536700495650971,12.175782699380754,2.6520186235863763,predictions/masks/qata_test_sub-S09495_ses-E17987_acq-1_run-1_bp-chest_vp-ap_dx.png,predictions/probabilities/qata_test_sub-S09495_ses-E17987_acq-1_run-1_bp-chest_vp-ap_dx.npy
qata_test_sub-S09495_ses-E26654_acq-3_run-1_bp-chest_vp-ap_dx,sub-S09495,unet,1002,0.9160464052562849,0.8450974374724175,18.0,3.184517504259294,predictions/masks/qata_test_sub-S09495_ses-E26654_acq-3_run-1_bp-chest_vp-ap_dx.png,predictions/probabilities/qata_test_sub-S09495_ses-E26654_acq-3_run-1_bp-chest_vp-ap_dx.npy
qata_test_sub-S09495_ses-E26779_acq-1_run-1_bp-chest_vp-ap_dx,sub-S09495,unet,1002,0.9511880641006522,0.9069195644554457,15.952417469625992,2.0400924606978514,predictions/masks/qata_test_sub-S09495_ses-E26779_acq-1_run-1_bp-chest_vp-ap_dx.png,predictions/probabilities/qata_test_sub-S09495_ses-E26779_acq-1_run-1_bp-chest_vp-ap_dx.npy
qata_test_sub-S09495_ses-E27044_run-1_bp-chest_vp-ap_dx,sub-S09495,unet,1002,0.7916854948046109,0.6551982049396484,19.78116030432005,4.2623728714317055,predictions/masks/qata_test_sub-S09495_ses-E27044_run-1_bp-chest_vp-ap_dx.png,predictions/probabilities/qata_test_sub-S09495_ses-E27044_run-1_bp-chest_vp-ap_dx.npy
qata_test_sub-S09496_ses-E16328_run-1_bp-chest_vp-pa_dx,sub-S09496,unet,1002,0.7436847423461204,0.5919571045795198,10.18504060704724,3.1456736537674455,predictions/masks/qata_test_sub-S09496_ses-E16328_run-1_bp-chest_vp-pa_dx.png,predictions/probabilities/qata_test_sub-S09496_ses-E16328_run-1_bp-chest_vp-pa_dx.npy
qata_test_sub-S09496_ses-E20545_run-1_bp-chest_vp-ap_dx,sub-S09496,unet,1002,0.7416683099993016,0.5894060492118053,69.96639282840007,14.53679324272228,predictions/masks/qata_test_sub-S09496_ses-E20545_run-1_bp-chest_vp-ap_dx.png,predictions/probabilities/qata_test_sub-S09496_ses-E20545_run-1_bp-chest_vp-ap_dx.npy
qata_test_sub-S09496_ses-E25100_run-1_bp-chest_vp-ap_dx,sub-S09496,unet,1002,0.8553051923164999,0.7471905931402308,42.66789617622094,7.533869373484809,predictions/masks/qata_test_sub-S09496_ses-E25100_run-1_bp-chest_vp-ap_dx.png,predictions/probabilities/qata_test_sub-S09496_ses-E25100_run-1_bp-chest_vp-ap_dx.npy
qata_test_sub-S09496_ses-E25324_run-1_bp-chest_vp-pa_dx,sub-S09496,unet,1002,0.7428408605251056,0.5908884859566889,15.0,4.175823496476358,predictions/masks/qata_test_sub-S09496_ses-E25324_run-1_bp-chest_vp-pa_dx.png,predictions/probabilities/qata_test_sub-S09496_ses-E25324_run-1_bp-chest_vp-pa_dx.npy
qata_test_sub-S09496_ses-E25982_run-1_bp-chest_vp-ap_cr,sub-S09496,unet,1002,0.8486858636119972,0.7371453513772401,12.230969804901571,3.0401411775517557,predictions/masks/qata_test_sub-S09496_ses-E25982_run-1_bp-chest_vp-ap_cr.png,predictions/probabilities/qata_test_sub-S09496_ses-E25982_run-1_bp-chest_vp-ap_cr.npy
qata_test_sub-S09498_ses-E18844_run-1_bp-chest_vp-ap_cr,sub-S09498,unet,1002,0.5645514223385317,0.3932926829638236,16.308468999533872,4.661788526236101,predictions/masks/qata_test_sub-S09498_ses-E18844_run-1_bp-chest_vp-ap_cr.png,predictions/probabilities/qata_test_sub-S09498_ses-E18844_run-1_bp-chest_vp-ap_cr.npy
qata_test_sub-S09498_ses-E22712_run-2_bp-chest_vp-ap_dx,sub-S09498,unet,1002,4.694835678547025e-10,4.694835678547025e-10,316.7838379715733,316.7838379715733,predictions/masks/qata_test_sub-S09498_ses-E22712_run-2_bp-chest_vp-ap_dx.png,predictions/probabilities/qata_test_sub-S09498_ses-E22712_run-2_bp-chest_vp-ap_dx.npy
qata_test_sub-S09499_ses-E16332_run-1_bp-chest_vp-ap_dx,sub-S09499,unet,1002,0.7324801950050848,0.5778846153896888,42.33614262641359,8.03319051503568,predictions/masks/qata_test_sub-S09499_ses-E16332_run-1_bp-chest_vp-ap_dx.png,predictions/probabilities/qata_test_sub-S09499_ses-E16332_run-1_bp-chest_vp-ap_dx.npy
qata_test_sub-S09499_ses-E16585_run-1_bp-chest_vp-ap_dx,sub-S09499,unet,1002,0.8750868871902724,0.7779150915980088,11.17132289312397,2.408366881718598,predictions/masks/qata_test_sub-S09499_ses-E16585_run-1_bp-chest_vp-ap_dx.png,predictions/probabilities/qata_test_sub-S09499_ses-E16585_run-1_bp-chest_vp-ap_dx.npy
qata_test_sub-S09499_ses-E16881_run-1_bp-chest_vp-ap_dx,sub-S09499,unet,1002,0.8657275466178184,0.7632447954089986,22.02271554554524,3.530289173596477,predictions/masks/qata_test_sub-S09499_ses-E16881_run-1_bp-chest_vp-ap_dx.png,predictions/probabilities/qata_test_sub-S09499_ses-E16881_run-1_bp-chest_vp-ap_dx.npy
qata_test_sub-S09499_ses-E18301_run-1_bp-chest_vp-ap_dx,sub-S09499,unet,1002,0.8636856064856226,0.7600762706308102,15.811388300841895,2.8434107761097835,predictions/masks/qata_test_sub-S09499_ses-E18301_run-1_bp-chest_vp-ap_dx.png,predictions/probabilities/qata_test_sub-S09499_ses-E18301_run-1_bp-chest_vp-ap_dx.npy
qata_test_sub-S09499_ses-E19066_run-1_bp-chest_vp-ap_dx,sub-S09499,unet,1002,0.9236143623728756,0.8580701284806072,16.132230751572223,2.4140804196402295,predictions/masks/qata_test_sub-S09499_ses-E19066_run-1_bp-chest_vp-ap_dx.png,predictions/probabilities/qata_test_sub-S09499_ses-E19066_run-1_bp-chest_vp-ap_dx.npy
qata_test_sub-S09499_ses-E19184_run-1_bp-chest_vp-ap_dx,sub-S09499,unet,1002,0.9736689902895691,0.9486890497096412,3.0,0.8714968829793905,predictions/masks/qata_test_sub-S09499_ses-E19184_run-1_bp-chest_vp-ap_dx.png,predictions/probabilities/qata_test_sub-S09499_ses-E19184_run-1_bp-chest_vp-ap_dx.npy
qata_test_sub-S09499_ses-E19184_run-2_bp-chest_vp-ap_dx,sub-S09499,unet,1002,0.9663847507836415,0.9349559727534893,4.47213595499958,1.1872779533959685,predictions/masks/qata_test_sub-S09499_ses-E19184_run-2_bp-chest_vp-ap_dx.png,predictions/probabilities/qata_test_sub-S09499_ses-E19184_run-2_bp-chest_vp-ap_dx.npy
qata_test_sub-S09499_ses-E19570_run-1_bp-chest_vp-ap_dx,sub-S09499,unet,1002,0.967156875781275,0.9364024924046738,4.47213595499958,1.2615455092171552,predictions/masks/qata_test_sub-S09499_ses-E19570_run-1_bp-chest_vp-ap_dx.png,predictions/probabilities/qata_test_sub-S09499_ses-E19570_run-1_bp-chest_vp-ap_dx.npy
qata_test_sub-S09499_ses-E20116_run-1_bp-chest_vp-ap_dx,sub-S09499,unet,1002,0.9193704513680158,0.8507730077642441,20.396078054371138,3.778647998678343,predictions/masks/qata_test_sub-S09499_ses-E20116_run-1_bp-chest_vp-ap_dx.png,predictions/probabilities/qata_test_sub-S09499_ses-E20116_run-1_bp-chest_vp-ap_dx.npy
qata_test_sub-S09499_ses-E20750_run-1_bp-chest_vp-ap_dx,sub-S09499,unet,1002,0.9696862883328794,0.9411563462201407,3.1622776601683795,0.8818374383157647,predictions/masks/qata_test_sub-S09499_ses-E20750_run-1_bp-chest_vp-ap_dx.png,predictions/probabilities/qata_test_sub-S09499_ses-E20750_run-1_bp-chest_vp-ap_dx.npy
qata_test_sub-S09499_ses-E20892_run-1_bp-chest_vp-ap_dx,sub-S09499,unet,1002,0.9595128217329106,0.9221764974858512,4.218733674818955,1.2831100022488953,predictions/masks/qata_test_sub-S09499_ses-E20892_run-1_bp-chest_vp-ap_dx.png,predictions/probabilities/qata_test_sub-S09499_ses-E20892_run-1_bp-chest_vp-ap_dx.npy
qata_test_sub-S09499_ses-E21434_run-1_bp-chest_vp-ap_dx,sub-S09499,unet,1002,0.9519583522589988,0.9083211094818755,6.0,1.5050971256339094,predictions/masks/qata_test_sub-S09499_ses-E21434_run-1_bp-chest_vp-ap_dx.png,predictions/probabilities/qata_test_sub-S09499_ses-E21434_run-1_bp-chest_vp-ap_dx.npy
qata_test_sub-S09499_ses-E21982_run-1_bp-chest_vp-ap_dx,sub-S09499,unet,1002,0.9775304406043034,0.9560484531023404,2.0,0.6570618536942618,predictions/masks/qata_test_sub-S09499_ses-E21982_run-1_bp-chest_vp-ap_dx.png,predictions/probabilities/qata_test_sub-S09499_ses-E21982_run-1_bp-chest_vp-ap_dx.npy
qata_test_sub-S09499_ses-E21985_run-1_bp-chest_vp-ap_dx,sub-S09499,unet,1002,0.8806490054089254,0.7867496519549034,10.425838872118177,2.442583315045035,predictions/masks/qata_test_sub-S09499_ses-E21985_run-1_bp-chest_vp-ap_dx.png,predictions/probabilities/qata_test_sub-S09499_ses-E21985_run-1_bp-chest_vp-ap_dx.npy
qata_test_sub-S09499_ses-E22280_run-1_bp-chest_vp-ap_dx,sub-S09499,unet,1002,0.8331777155315221,0.7140570818910459,39.389717122353076,7.828897590992895,predictions/masks/qata_test_sub-S09499_ses-E22280_run-1_bp-chest_vp-ap_dx.png,predictions/probabilities/qata_test_sub-S09499_ses-E22280_run-1_bp-chest_vp-ap_dx.npy
qata_test_sub-S09499_ses-E23231_run-1_bp-chest_vp-ap_dx,sub-S09499,unet,1002,0.9644440924930138,0.9313298157074915,5.064362683835297,1.4810477296848026,predictions/masks/qata_test_sub-S09499_ses-E23231_run-1_bp-chest_vp-ap_dx.png,predictions/probabilities/qata_test_sub-S09499_ses-E23231_run-1_bp-chest_vp-ap_dx.npy
qata_test_sub-S09499_ses-E23710_run-1_bp-chest_vp-ap_cr,sub-S09499,unet,1002,0.7296646502629374,0.5743874248767971,20.52193331634773,4.741223224340396,predictions/masks/qata_test_sub-S09499_ses-E23710_run-1_bp-chest_vp-ap_cr.png,predictions/probabilities/qata_test_sub-S09499_ses-E23710_run-1_bp-chest_vp-ap_cr.npy
qata_test_sub-S09499_ses-E24400_run-1_bp-chest_vp-ap_dx,sub-S09499,unet,1002,0.8587100574294703,0.752403070771225,12.084970247423735,2.5392098200788937,predictions/masks/qata_test_sub-S09499_ses-E24400_run-1_bp-chest_vp-ap_dx.png,predictions/probabilities/qata_test_sub-S09499_ses-E24400_run-1_bp-chest_vp-ap_dx.npy
qata_test_sub-S09499_ses-E24779_run-1_bp-chest_vp-ap_dx,sub-S09499,unet,1002,0.9694489907257056,0.940709370037505,2.23606797749979,0.9317752583052291,predictions/masks/qata_test_sub-S09499_ses-E24779_run-1_bp-chest_vp-ap_dx.png,predictions/probabilities/qata_test_sub-S09499_ses-E24779_run-1_bp-chest_vp-ap_dx.npy
qata_test_sub-S09499_ses-E25501_run-1_bp-chest_vp-ap_dx,sub-S09499,unet,1002,0.9175192529487053,0.8476079186152901,15.538623394593005,2.72994852906523,predictions/masks/qata_test_sub-S09499_ses-E25501_run-1_bp-chest_vp-ap_dx.png,predictions/probabilities/qata_test_sub-S09499_ses-E25501_run-1_bp-chest_vp-ap_dx.npy
qata_test_sub-S09499_ses-E25990_run-1_bp-chest_vp-ap_dx,sub-S09499,unet,1002,0.9476755886498032,0.900554599350414,6.708203932499369,1.7581269731162739,predictions/masks/qata_test_sub-S09499_ses-E25990_run-1_bp-chest_vp-ap_dx.png,predictions/probabilities/qata_test_sub-S09499_ses-E25990_run-1_bp-chest_vp-ap_dx.npy
qata_test_sub-S09499_ses-E26416_run-1_bp-chest_vp-ap_dx,sub-S09499,unet,1002,0.9639766552627319,0.9304584304588164,14.886158435220743,2.107994070182537,predictions/masks/qata_test_sub-S09499_ses-E26416_run-1_bp-chest_vp-ap_dx.png,predictions/probabilities/qata_test_sub-S09499_ses-E26416_run-1_bp-chest_vp-ap_dx.npy
qata_test_sub-S09499_ses-E26529_run-1_bp-chest_vp-pa_dx,sub-S09499,unet,1002,0.6498951782154143,0.4813664596675957,11.384145100590056,4.979334939560151,predictions/masks/qata_test_sub-S09499_ses-E26529_run-1_bp-chest_vp-pa_dx.png,predictions/probabilities/qata_test_sub-S09499_ses-E26529_run-1_bp-chest_vp-pa_dx.npy
qata_test_sub-S09500_ses-E19082_run-1_bp-chest_vp-pa_dx,sub-S09500,unet,1002,0.8586256263446918,0.7522734399575957,10.160465155060622,2.3983323965767633,predictions/masks/qata_test_sub-S09500_ses-E19082_run-1_bp-chest_vp-pa_dx.png,predictions/probabilities/qata_test_sub-S09500_ses-E19082_run-1_bp-chest_vp-pa_dx.npy
qata_test_sub-S09500_ses-E19336_run-1_bp-chest_vp-ap_dx,sub-S09500,unet,1002,0.8445922697574882,0.7309906690543778,14.524990489369175,3.041962459523101,predictions/masks/qata_test_sub-S09500_ses-E19336_run-1_bp-chest_vp-ap_dx.png,predictions/probabilities/qata_test_sub-S09500_ses-E19336_run-1_bp-chest_vp-ap_dx.npy
qata_test_sub-S09501_ses-E16335_acq-1_run-1_bp-chest_vp-pa_dx,sub-S09501,unet,1002,0.8364540667080682,0.7188835805954518,84.72307831990054,10.038033846074276,predictions/masks/qata_test_sub-S09501_ses-E16335_acq-1_run-1_bp-chest_vp-pa_dx.png,predictions/probabilities/qata_test_sub-S09501_ses-E16335_acq-1_run-1_bp-chest_vp-pa_dx.npy
qata_test_sub-S09502_ses-E18422_run-1_bp-chest_vp-ap_dx,sub-S09502,unet,1002,0.6610656643895408,0.49372523119241335,107.84943006124239,15.777674452150633,predictions/masks/qata_test_sub-S09502_ses-E18422_run-1_bp-chest_vp-ap_dx.png,predictions/probabilities/qata_test_sub-S09502_ses-E18422_run-1_bp-chest_vp-ap_dx.npy
qata_test_sub-S09502_ses-E19402_run-1_bp-chest_vp-pa_cr,sub-S09502,unet,1002,0.8833557649196196,0.7910807553318169,7.0,1.8840295943838352,predictions/masks/qata_test_sub-S09502_ses-E19402_run-1_bp-chest_vp-pa_cr.png,predictions/probabilities/qata_test_sub-S09502_ses-E19402_run-1_bp-chest_vp-pa_cr.npy
qata_test_sub-S09502_ses-E19818_run-1_bp-chest_vp-ap_dx,sub-S09502,unet,1002,0.5651488063985156,0.3938727645940505,72.2585605541486,15.71287600022657,predictions/masks/qata_test_sub-S09502_ses-E19818_run-1_bp-chest_vp-ap_dx.png,predictions/probabilities/qata_test_sub-S09502_ses-E19818_run-1_bp-chest_vp-ap_dx.npy
qata_test_sub-S09502_ses-E21131_run-1_bp-chest_vp-ap_dx,sub-S09502,unet,1002,0.8485675306999027,0.7369668246570159,9.178504627504019,2.802375839072616,predictions/masks/qata_test_sub-S09502_ses-E21131_run-1_bp-chest_vp-ap_dx.png,predictions/probabilities/qata_test_sub-S09502_ses-E21131_run-1_bp-chest_vp-ap_dx.npy
qata_test_sub-S09502_ses-E21134_run-1_bp-chest_vp-ap_dx,sub-S09502,unet,1002,0.7184156612857179,0.5605683836745802,90.93404203047393,22.412903720338022,predictions/masks/qata_test_sub-S09502_ses-E21134_run-1_bp-chest_vp-ap_dx.png,predictions/probabilities/qata_test_sub-S09502_ses-E21134_run-1_bp-chest_vp-ap_dx.npy
qata_test_sub-S09502_ses-E21334_run-1_bp-chest_vp-ap_dx,sub-S09502,unet,1002,0.8544992743132348,0.7459613557255002,8.21861822579481,2.439120625876291,predictions/masks/qata_test_sub-S09502_ses-E21334_run-1_bp-chest_vp-ap_dx.png,predictions/probabilities/qata_test_sub-S09502_ses-E21334_run-1_bp-chest_vp-ap_dx.npy
qata_test_sub-S09503_ses-E16337_run-1_bp-chest_vp-ap_dx,sub-S09503,unet,1002,0.38583929994487515,0.2390340069374552,57.36049272405297,13.801722713112223,predictions/masks/qata_test_sub-S09503_ses-E16337_run-1_bp-chest_vp-ap_dx.png,predictions/probabilities/qata_test_sub-S09503_ses-E16337_run-1_bp-chest_vp-ap_dx.npy
qata_test_sub-S09504_ses-E16338_run-1_bp-chest_vp-ap_dx,sub-S09504,unet,1002,0.6807891097060437,0.5160578302669014,23.334403260332635,4.86819089912038,predictions/masks/qata_test_sub-S09504_ses-E16338_run-1_bp-chest_vp-ap_dx.png,predictions/probabilities/qata_test_sub-S09504_ses-E16338_run-1_bp-chest_vp-ap_dx.npy
qata_test_sub-S09504_ses-E16450_acq-1_run-1_bp-chest_vp-ap_dx,sub-S09504,unet,1002,0.956621128830585,0.9168492436106745,5.0990195135927845,1.1330708876613211,predictions/masks/qata_test_sub-S09504_ses-E16450_acq-1_run-1_bp-chest_vp-ap_dx.png,predictions/probabilities/qata_test_sub-S09504_ses-E16450_acq-1_run-1_bp-chest_vp-ap_dx.npy
qata_test_sub-S09504_ses-E16697_acq-1_run-1_bp-chest_vp-ap_dx,sub-S09504,unet,1002,0.9578977435020971,0.9191974564201382,4.0,1.06319072753527,predictions/masks/qata_test_sub-S09504_ses-E16697_acq-1_run-1_bp-chest_vp-ap_dx.png,predictions/probabilities/qata_test_sub-S09504_ses-E16697_acq-1_run-1_bp-chest_vp-ap_dx.npy
qata_test_sub-S09504_ses-E16804_run-1_bp-chest_vp-pa_dx,sub-S09504,unet,1002,0.9047589956631147,0.8260821062045283,17.0,2.6299350605167837,predictions/masks/qata_test_sub-S09504_ses-E16804_run-1_bp-chest_vp-pa_dx.png,predictions/probabilities/qata_test_sub-S09504_ses-E16804_run-1_bp-chest_vp-pa_dx.npy
qata_test_sub-S09504_ses-E24549_run-1_bp-chest_vp-ap_dx,sub-S09504,unet,1002,0.8478639087599485,0.7359060402773185,9.052615881230542,1.8508862151213585,predictions/masks/qata_test_sub-S09504_ses-E24549_run-1_bp-chest_vp-ap_dx.png,predictions/probabilities/qata_test_sub-S09504_ses-E24549_run-1_bp-chest_vp-ap_dx.npy
qata_test_sub-S09505_ses-E16339_run-1_bp-chest_cr,sub-S09505,unet,1002,0.9729417706907213,0.9473092595202008,2.23606797749979,0.6083501702717236,predictions/masks/qata_test_sub-S09505_ses-E16339_run-1_bp-chest_cr.png,predictions/probabilities/qata_test_sub-S09505_ses-E16339_run-1_bp-chest_cr.npy
qata_test_sub-S09505_ses-E17029_run-1_bp-chest_cr,sub-S09505,unet,1002,0.9626832234528407,0.928051339011131,2.8284271247461903,0.8675325754940882,predictions/masks/qata_test_sub-S09505_ses-E17029_run-1_bp-chest_cr.png,predictions/probabilities/qata_test_sub-S09505_ses-E17029_run-1_bp-chest_cr.npy
qata_test_sub-S09505_ses-E17030_run-1_bp-chest_cr,sub-S09505,unet,1002,0.9775326093203612,0.9560526020011684,1.4142135623730951,0.5460814050019742,predictions/masks/qata_test_sub-S09505_ses-E17030_run-1_bp-chest_cr.png,predictions/probabilities/qata_test_sub-S09505_ses-E17030_run-1_bp-chest_cr.npy
qata_test_sub-S09505_ses-E17105_acq-1_run-1_bp-chest_cr,sub-S09505,unet,1002,0.6981858163992202,0.5363175676067299,18.439088914585774,3.867764985852197,predictions/masks/qata_test_sub-S09505_ses-E17105_acq-1_run-1_bp-chest_cr.png,predictions/probabilities/qata_test_sub-S09505_ses-E17105_acq-1_run-1_bp-chest_cr.npy
qata_test_sub-S09505_ses-E17135_run-1_bp-chest_cr,sub-S09505,unet,1002,0.8277147213310568,0.7060693641703448,62.17716466719264,10.163585707369828,predictions/masks/qata_test_sub-S09505_ses-E17135_run-1_bp-chest_cr.png,predictions/probabilities/qata_test_sub-S09505_ses-E17135_run-1_bp-chest_cr.npy
qata_test_sub-S09505_ses-E17698_run-1_bp-chest_cr,sub-S09505,unet,1002,0.9087503745886368,0.8327612247723086,14.979910312097765,2.948785256985006,predictions/masks/qata_test_sub-S09505_ses-E17698_run-1_bp-chest_cr.png,predictions/probabilities/qata_test_sub-S09505_ses-E17698_run-1_bp-chest_cr.npy
qata_test_sub-S09508_ses-E17598_run-1_bp-chest_vp-pa_dx,sub-S09508,unet,1002,0.6311926605589175,0.4611260053799891,100.70551021172203,29.392613682588447,predictions/masks/qata_test_sub-S09508_ses-E17598_run-1_bp-chest_vp-pa_dx.png,predictions/probabilities/qata_test_sub-S09508_ses-E17598_run-1_bp-chest_vp-pa_dx.npy
qata_test_sub-S09509_ses-E16343_run-1_bp-chest_vp-pa_cr,sub-S09509,unet,1002,0.5849695328461979,0.41339712920531435,96.71865999674255,26.234272385169454,predictions/masks/qata_test_sub-S09509_ses-E16343_run-1_bp-chest_vp-pa_cr.png,predictions/probabilities/qata_test_sub-S09509_ses-E16343_run-1_bp-chest_vp-pa_cr.npy
qata_test_sub-S09509_ses-E22006_run-1_bp-chest_vp-ap_cr,sub-S09509,unet,1002,0.726569136387668,0.5705603320549872,28.160255680657446,6.887043552907801,predictions/masks/qata_test_sub-S09509_ses-E22006_run-1_bp-chest_vp-ap_cr.png,predictions/probabilities/qata_test_sub-S09509_ses-E22006_run-1_bp-chest_vp-ap_cr.npy
qata_test_sub-S09509_ses-E22315_run-1_bp-chest_vp-pa_cr,sub-S09509,unet,1002,0.4911778731642542,0.32553729458516006,19.735645013013958,7.6014579079342655,predictions/masks/qata_test_sub-S09509_ses-E22315_run-1_bp-chest_vp-pa_cr.png,predictions/probabilities/qata_test_sub-S09509_ses-E22315_run-1_bp-chest_vp-pa_cr.npy
qata_test_sub-S09509_ses-E22760_run-1_bp-chest_vp-pa_cr,sub-S09509,unet,1002,0.7628161312412369,0.6165745856459509,23.884864324004713,4.1643329700607925,predictions/masks/qata_test_sub-S09509_ses-E22760_run-1_bp-chest_vp-pa_cr.png,predictions/probabilities/qata_test_sub-S09509_ses-E22760_run-1_bp-chest_vp-pa_cr.npy
qata_test_sub-S09510_ses-E23748_run-1_bp-chest_vp-pa_dx,sub-S09510,unet,1002,0.7566628041761942,0.608574091344872,13.45362404707371,3.4882753942054663,predictions/masks/qata_test_sub-S09510_ses-E23748_run-1_bp-chest_vp-pa_dx.png,predictions/probabilities/qata_test_sub-S09510_ses-E23748_run-1_bp-chest_vp-pa_dx.npy
qata_test_sub-S09510_ses-E24663_run-1_bp-chest_vp-ap_dx,sub-S09510,unet,1002,0.570181818192238,0.3987792472228288,25.577245768757113,6.8885648668624135,predictions/masks/qata_test_sub-S09510_ses-E24663_run-1_bp-chest_vp-ap_dx.png,predictions/probabilities/qata_test_sub-S09510_ses-E24663_run-1_bp-chest_vp-ap_dx.npy
qata_test_sub-S09510_ses-E26286_run-2_bp-chest_vp-pa_dx,sub-S09510,unet,1002,0.908199233717882,0.8318360471692353,6.4031242374328485,1.5748977566219449,predictions/masks/qata_test_sub-S09510_ses-E26286_run-2_bp-chest_vp-pa_dx.png,predictions/probabilities/qata_test_sub-S09510_ses-E26286_run-2_bp-chest_vp-pa_dx.npy
qata_test_sub-S09511_ses-E16345_run-1_bp-chest_dx,sub-S09511,unet,1002,0.5048946900176537,0.33769841272469453,86.49277426467485,24.885838649300982,predictions/masks/qata_test_sub-S09511_ses-E16345_run-1_bp-chest_dx.png,predictions/probabilities/qata_test_sub-S09511_ses-E16345_run-1_bp-chest_dx.npy
qata_test_sub-S09512_ses-E16346_run-1_bp-chest_vp-pa_dx,sub-S09512,unet,1002,0.570984052914392,0.3995645073816241,82.03505219564099,17.856610376998393,predictions/masks/qata_test_sub-S09512_ses-E16346_run-1_bp-chest_vp-pa_dx.png,predictions/probabilities/qata_test_sub-S09512_ses-E16346_run-1_bp-chest_vp-pa_dx.npy
qata_test_sub-S09512_ses-E18948_run-1_bp-chest_vp-ap_cr,sub-S09512,unet,1002,0.8204895738914268,0.6956187548098459,16.928801009354054,3.1094830282507497,predictions/masks/qata_test_sub-S09512_ses-E18948_run-1_bp-chest_vp-ap_cr.png,predictions/probabilities/qata_test_sub-S09512_ses-E18948_run-1_bp-chest_vp-ap_cr.npy
qata_test_sub-S09512_ses-E20933_run-1_bp-chest_vp-ap_dx,sub-S09512,unet,1002,0.698563484711555,0.5367633968392956,19.4164878389476,5.221749247255171,predictions/masks/qata_test_sub-S09512_ses-E20933_run-1_bp-chest_vp-ap_dx.png,predictions/probabilities/qata_test_sub-S09512_ses-E20933_run-1_bp-chest_vp-ap_dx.npy
qata_test_sub-S09512_ses-E21506_run-1_bp-chest_vp-pa_dx,sub-S09512,unet,1002,0.9151395988996057,0.8435551689162889,5.830951894845301,1.656086811251219,predictions/masks/qata_test_sub-S09512_ses-E21506_run-1_bp-chest_vp-pa_dx.png,predictions/probabilities/qata_test_sub-S09512_ses-E21506_run-1_bp-chest_vp-pa_dx.npy
qata_test_sub-S09512_ses-E22796_run-1_bp-chest_vp-ap_dx,sub-S09512,unet,1002,0.6947159185076244,0.5322335025499433,18.36436389072692,5.389380409816282,predictions/masks/qata_test_sub-S09512_ses-E22796_run-1_bp-chest_vp-ap_dx.png,predictions/probabilities/qata_test_sub-S09512_ses-E22796_run-1_bp-chest_vp-ap_dx.npy
qata_test_sub-S09512_ses-E27152_run-1_bp-chest_vp-pa_dx,sub-S09512,unet,1002,0.671012603220759,0.5049051667864638,106.8278533801788,18.18677734603461,predictions/masks/qata_test_sub-S09512_ses-E27152_run-1_bp-chest_vp-pa_dx.png,predictions/probabilities/qata_test_sub-S09512_ses-E27152_run-1_bp-chest_vp-pa_dx.npy
qata_test_sub-S09513_ses-E16347_acq-1_run-1_bp-chest_vp-ll_cr,sub-S09513,unet,1002,0.8108216432903643,0.6818335018644479,25.680564547720145,4.729139114709817,predictions/masks/qata_test_sub-S09513_ses-E16347_acq-1_run-1_bp-chest_vp-ll_cr.png,predictions/probabilities/qata_test_sub-S09513_ses-E16347_acq-1_run-1_bp-chest_vp-ll_cr.npy
qata_test_sub-S09514_ses-E19827_run-1_bp-chest_vp-ap_dx,sub-S09514,unet,1002,0.9474012214885492,0.900059206632326,5.0,1.3712941060861215,predictions/masks/qata_test_sub-S09514_ses-E19827_run-1_bp-chest_vp-ap_dx.png,predictions/probabilities/qata_test_sub-S09514_ses-E19827_run-1_bp-chest_vp-ap_dx.npy
qata_test_sub-S09514_ses-E19991_run-1_bp-chest_vp-ap_dx,sub-S09514,unet,1002,0.7650787160113977,0.6195364238473586,104.62407514990007,21.22014709679156,predictions/masks/qata_test_sub-S09514_ses-E19991_run-1_bp-chest_vp-ap_dx.png,predictions/probabilities/qata_test_sub-S09514_ses-E19991_run-1_bp-chest_vp-ap_dx.npy
qata_test_sub-S09514_ses-E20658_run-1_bp-chest_vp-ap_dx,sub-S09514,unet,1002,0.6476879048102472,0.4789485408893083,19.82667559562616,7.627091309792269,predictions/masks/qata_test_sub-S09514_ses-E20658_run-1_bp-chest_vp-ap_dx.png,predictions/probabilities/qata_test_sub-S09514_ses-E20658_run-1_bp-chest_vp-ap_dx.npy
qata_test_sub-S09514_ses-E21147_run-1_bp-chest_vp-ap_dx,sub-S09514,unet,1002,0.5874512762531441,0.415880363193593,32.81448722349566,6.101161459264683,predictions/masks/qata_test_sub-S09514_ses-E21147_run-1_bp-chest_vp-ap_dx.png,predictions/probabilities/qata_test_sub-S09514_ses-E21147_run-1_bp-chest_vp-ap_dx.npy
qata_test_sub-S09514_ses-E22589_run-1_bp-chest_dx,sub-S09514,unet,1002,0.8330522765617419,0.7138728323754553,10.178235124466985,3.330892392691378,predictions/masks/qata_test_sub-S09514_ses-E22589_run-1_bp-chest_dx.png,predictions/probabilities/qata_test_sub-S09514_ses-E22589_run-1_bp-chest_dx.npy
qata_test_sub-S09515_ses-E18411_run-1_bp-chest_vp-pa_cr,sub-S09515,unet,1002,0.5725999316779535,0.40114887507417074,22.169773466176586,6.050578168893667,predictions/masks/qata_test_sub-S09515_ses-E18411_run-1_bp-chest_vp-pa_cr.png,predictions/probabilities/qata_test_sub-S09515_ses-E18411_run-1_bp-chest_vp-pa_cr.npy
qata_test_sub-S09515_ses-E19825_run-1_bp-chest_vp-ap_dx,sub-S09515,unet,1002,0.913989223708701,0.8416023520793531,7.905124837953327,1.7467370239576832,predictions/masks/qata_test_sub-S09515_ses-E19825_run-1_bp-chest_vp-ap_dx.png,predictions/probabilities/qata_test_sub-S09515_ses-E19825_run-1_bp-chest_vp-ap_dx.npy
qata_test_sub-S09515_ses-E19999_run-1_bp-chest_vp-ap_dx,sub-S09515,unet,1002,0.9203789558564768,0.8525018670677278,11.0,2.109785796108669,predictions/masks/qata_test_sub-S09515_ses-E19999_run-1_bp-chest_vp-ap_dx.png,predictions/probabilities/qata_test_sub-S09515_ses-E19999_run-1_bp-chest_vp-ap_dx.npy
qata_test_sub-S09515_ses-E20650_run-1_bp-chest_vp-ap_dx,sub-S09515,unet,1002,0.9043696275080196,0.8254331480904636,8.94427190999916,2.2032436026153546,predictions/masks/qata_test_sub-S09515_ses-E20650_run-1_bp-chest_vp-ap_dx.png,predictions/probabilities/qata_test_sub-S09515_ses-E20650_run-1_bp-chest_vp-ap_dx.npy
qata_test_sub-S09516_ses-E16351_run-1_bp-chest_vp-pa_cr,sub-S09516,unet,1002,0.8777950310568494,0.7822056178250698,11.0,3.0979572540581635,predictions/masks/qata_test_sub-S09516_ses-E16351_run-1_bp-chest_vp-pa_cr.png,predictions/probabilities/qata_test_sub-S09516_ses-E16351_run-1_bp-chest_vp-pa_cr.npy
qata_test_sub-S09516_ses-E17333_run-1_bp-chest_vp-pa_cr,sub-S09516,unet,1002,0.7062568874775773,0.5459019496584157,42.86420724819473,9.408304059990769,predictions/masks/qata_test_sub-S09516_ses-E17333_run-1_bp-chest_vp-pa_cr.png,predictions/probabilities/qata_test_sub-S09516_ses-E17333_run-1_bp-chest_vp-pa_cr.npy
qata_test_sub-S09516_ses-E17533_run-1_bp-chest_vp-pa_cr,sub-S09516,unet,1002,0.7407325684053316,0.5882249868654595,34.98642580061821,7.79732390086377,predictions/masks/qata_test_sub-S09516_ses-E17533_run-1_bp-chest_vp-pa_cr.png,predictions/probabilities/qata_test_sub-S09516_ses-E17533_run-1_bp-chest_vp-pa_cr.npy
qata_test_sub-S09516_ses-E18425_run-1_bp-chest_vp-ap_dx,sub-S09516,unet,1002,0.8652586401633993,0.7625161739846469,24.013535794303607,3.789639334533297,predictions/masks/qata_test_sub-S09516_ses-E18425_run-1_bp-chest_vp-ap_dx.png,predictions/probabilities/qata_test_sub-S09516_ses-E18425_run-1_bp-chest_vp-ap_dx.npy
qata_test_sub-S09516_ses-E19404_run-1_bp-chest_vp-ap_dx,sub-S09516,unet,1002,0.8124223602496736,0.6841004184135201,42.05650928803396,8.253811993196546,predictions/masks/qata_test_sub-S09516_ses-E19404_run-1_bp-chest_vp-ap_dx.png,predictions/probabilities/qata_test_sub-S09516_ses-E19404_run-1_bp-chest_vp-ap_dx.npy
qata_test_sub-S09516_ses-E19824_run-1_bp-chest_vp-ap_dx,sub-S09516,unet,1002,0.9080147622038297,0.831526590998195,9.0,2.3697176181011628,predictions/masks/qata_test_sub-S09516_ses-E19824_run-1_bp-chest_vp-ap_dx.png,predictions/probabilities/qata_test_sub-S09516_ses-E19824_run-1_bp-chest_vp-ap_dx.npy
qata_test_sub-S09516_ses-E19997_run-1_bp-chest_vp-ap_dx,sub-S09516,unet,1002,0.9284263959395405,0.8664140217922025,8.48528137423857,2.053084052940235,predictions/masks/qata_test_sub-S09516_ses-E19997_run-1_bp-chest_vp-ap_dx.png,predictions/probabilities/qata_test_sub-S09516_ses-E19997_run-1_bp-chest_vp-ap_dx.npy
qata_test_sub-S09516_ses-E20645_run-1_bp-chest_vp-ap_dx,sub-S09516,unet,1002,0.8333663562523389,0.7143342391336691,59.015072744646105,9.717386907789045,predictions/masks/qata_test_sub-S09516_ses-E20645_run-1_bp-chest_vp-ap_dx.png,predictions/probabilities/qata_test_sub-S09516_ses-E20645_run-1_bp-chest_vp-ap_dx.npy
qata_test_sub-S09516_ses-E23613_run-1_bp-chest_vp-ap_dx,sub-S09516,unet,1002,0.9017750128422934,0.8211204656499207,12.859644256269375,2.961298454053878,predictions/masks/qata_test_sub-S09516_ses-E23613_run-1_bp-chest_vp-ap_dx.png,predictions/probabilities/qata_test_sub-S09516_ses-E23613_run-1_bp-chest_vp-ap_dx.npy
qata_test_sub-S09516_ses-E24264_run-1_bp-chest_vp-ap_cr,sub-S09516,unet,1002,0.8815736187452614,0.7882267742624847,68.0687143591035,9.714233520714803,predictions/masks/qata_test_sub-S09516_ses-E24264_run-1_bp-chest_vp-ap_cr.png,predictions/probabilities/qata_test_sub-S09516_ses-E24264_run-1_bp-chest_vp-ap_cr.npy
qata_test_sub-S09516_ses-E24690_run-1_bp-chest_vp-ap_dx,sub-S09516,unet,1002,0.7472840605535929,0.5965311344934457,21.08433904951393,4.690876971353664,predictions/masks/qata_test_sub-S09516_ses-E24690_run-1_bp-chest_vp-ap_dx.png,predictions/probabilities/qata_test_sub-S09516_ses-E24690_run-1_bp-chest_vp-ap_dx.npy
qata_test_sub-S09516_ses-E25183_run-1_bp-chest_cr,sub-S09516,unet,1002,0.8653756416254622,0.7626979230976209,64.02877871184462,9.221340580594708,predictions/masks/qata_test_sub-S09516_ses-E25183_run-1_bp-chest_cr.png,predictions/probabilities/qata_test_sub-S09516_ses-E25183_run-1_bp-chest_cr.npy
qata_test_sub-S09516_ses-E26091_run-1_bp-chest_vp-ap_dx,sub-S09516,unet,1002,0.9111420965907521,0.8367869615851362,12.0,2.7168419489877578,predictions/masks/qata_test_sub-S09516_ses-E26091_run-1_bp-chest_vp-ap_dx.png,predictions/probabilities/qata_test_sub-S09516_ses-E26091_run-1_bp-chest_vp-ap_dx.npy
qata_test_sub-S09516_ses-E26485_run-1_bp-chest_vp-ap_dx,sub-S09516,unet,1002,0.9055754110082003,0.8274443210774773,13.038404810405298,2.427838659739854,predictions/masks/qata_test_sub-S09516_ses-E26485_run-1_bp-chest_vp-ap_dx.png,predictions/probabilities/qata_test_sub-S09516_ses-E26485_run-1_bp-chest_vp-ap_dx.npy
qata_test_sub-S09517_ses-E16352_run-1_bp-chest_vp-pa_cr,sub-S09517,unet,1002,0.547927461154536,0.3773416592606003,137.4513658840251,34.050716082992864,predictions/masks/qata_test_sub-S09517_ses-E16352_run-1_bp-chest_vp-pa_cr.png,predictions/probabilities/qata_test_sub-S09517_ses-E16352_run-1_bp-chest_vp-pa_cr.npy
qata_test_sub-S09517_ses-E18424_run-1_bp-chest_vp-ap_dx,sub-S09517,unet,1002,0.8477421975502827,0.7357226792040454,29.39742655849507,3.733632270988991,predictions/masks/qata_test_sub-S09517_ses-E18424_run-1_bp-chest_vp-ap_dx.png,predictions/probabilities/qata_test_sub-S09517_ses-E18424_run-1_bp-chest_vp-ap_dx.npy
qata_test_sub-S09517_ses-E19659_run-1_bp-chest_vp-ap_dx,sub-S09517,unet,1002,0.8342204335983758,0.7155902004486013,14.012484096666366,2.54984522884471,predictions/masks/qata_test_sub-S09517_ses-E19659_run-1_bp-chest_vp-ap_dx.png,predictions/probabilities/qata_test_sub-S09517_ses-E19659_run-1_bp-chest_vp-ap_dx.npy
qata_test_sub-S09517_ses-E19816_run-1_bp-chest_vp-ap_dx,sub-S09517,unet,1002,0.6305798915349334,0.4604722010744787,33.681978929928846,5.9734198445973625,predictions/masks/qata_test_sub-S09517_ses-E19816_run-1_bp-chest_vp-ap_dx.png,predictions/probabilities/qata_test_sub-S09517_ses-E19816_run-1_bp-chest_vp-ap_dx.npy
qata_test_sub-S09517_ses-E19993_run-1_bp-chest_vp-ap_dx,sub-S09517,unet,1002,0.8292321375655317,0.7082805773687445,13.451763237969958,2.946884198636786,predictions/masks/qata_test_sub-S09517_ses-E19993_run-1_bp-chest_vp-ap_dx.png,predictions/probabilities/qata_test_sub-S09517_ses-E19993_run-1_bp-chest_vp-ap_dx.npy
qata_test_sub-S09517_ses-E20646_run-1_bp-chest_vp-ap_dx,sub-S09517,unet,1002,0.9116478526839147,0.8376405145458611,13.038404810405298,2.4347464874281903,predictions/masks/qata_test_sub-S09517_ses-E20646_run-1_bp-chest_vp-ap_dx.png,predictions/probabilities/qata_test_sub-S09517_ses-E20646_run-1_bp-chest_vp-ap_dx.npy
qata_test_sub-S09517_ses-E21347_run-1_bp-chest_vp-ap_dx,sub-S09517,unet,1002,0.9514813224562872,0.9074529074539902,6.082762530298219,1.2801133832060085,predictions/masks/qata_test_sub-S09517_ses-E21347_run-1_bp-chest_vp-ap_dx.png,predictions/probabilities/qata_test_sub-S09517_ses-E21347_run-1_bp-chest_vp-ap_dx.npy
qata_test_sub-S09517_ses-E23607_run-1_bp-chest_vp-ap_dx,sub-S09517,unet,1002,0.958219701102006,0.9197905759170703,3.1622776601683795,1.0331075505953409,predictions/masks/qata_test_sub-S09517_ses-E23607_run-1_bp-chest_vp-ap_dx.png,predictions/probabilities/qata_test_sub-S09517_ses-E23607_run-1_bp-chest_vp-ap_dx.npy
qata_test_sub-S09517_ses-E25763_run-1_bp-chest_vp-ap_dx,sub-S09517,unet,1002,0.7118765697917488,0.5526462395626249,30.596567878827393,6.776376711336808,predictions/masks/qata_test_sub-S09517_ses-E25763_run-1_bp-chest_vp-ap_dx.png,predictions/probabilities/qata_test_sub-S09517_ses-E25763_run-1_bp-chest_vp-ap_dx.npy
qata_test_sub-S09517_ses-E26089_run-1_bp-chest_vp-ap_dx,sub-S09517,unet,1002,0.8738362760842772,0.7759407069580849,15.132745950421555,3.3455245723186753,predictions/masks/qata_test_sub-S09517_ses-E26089_run-1_bp-chest_vp-ap_dx.png,predictions/probabilities/qata_test_sub-S09517_ses-E26089_run-1_bp-chest_vp-ap_dx.npy
qata_test_sub-S09517_ses-E26487_run-1_bp-chest_vp-ap_dx,sub-S09517,unet,1002,0.9629975331691246,0.9286357207158462,3.0,0.8274268579868763,predictions/masks/qata_test_sub-S09517_ses-E26487_run-1_bp-chest_vp-ap_dx.png,predictions/probabilities/qata_test_sub-S09517_ses-E26487_run-1_bp-chest_vp-ap_dx.npy
qata_test_sub-S09518_ses-E16354_run-1_bp-chest_vp-ap_dx,sub-S09518,unet,1002,0.4478031634543444,0.2884963768277062,88.60782587720918,30.317198424915947,predictions/masks/qata_test_sub-S09518_ses-E16354_run-1_bp-chest_vp-ap_dx.png,predictions/probabilities/qata_test_sub-S09518_ses-E16354_run-1_bp-chest_vp-ap_dx.npy
qata_test_sub-S09518_ses-E17537_run-1_bp-chest_vp-ap_dx,sub-S09518,unet,1002,0.7422126745573463,0.5900939368411533,12.842099788303067,2.639910282679851,predictions/masks/qata_test_sub-S09518_ses-E17537_run-1_bp-chest_vp-ap_dx.png,predictions/probabilities/qata_test_sub-S09518_ses-E17537_run-1_bp-chest_vp-ap_dx.npy
qata_test_sub-S09518_ses-E18161_run-1_bp-chest_vp-ap_dx,sub-S09518,unet,1002,0.9391136269505791,0.8852160333174751,5.024754878398197,1.5472047705478127,predictions/masks/qata_test_sub-S09518_ses-E18161_run-1_bp-chest_vp-ap_dx.png,predictions/probabilities/qata_test_sub-S09518_ses-E18161_run-1_bp-chest_vp-ap_dx.npy
qata_test_sub-S09520_ses-E18447_run-1_bp-chest_vp-ap_dx,sub-S09520,unet,1002,0.8398482599386455,0.72391242536645,25.71308524905035,4.6073990417944,predictions/masks/qata_test_sub-S09520_ses-E18447_run-1_bp-chest_vp-ap_dx.png,predictions/probabilities/qata_test_sub-S09520_ses-E18447_run-1_bp-chest_vp-ap_dx.npy
qata_test_sub-S09520_ses-E19442_run-1_bp-chest_vp-ap_dx,sub-S09520,unet,1002,0.8024534013079301,0.6700811493990942,24.818288702804704,4.129671583349419,predictions/masks/qata_test_sub-S09520_ses-E19442_run-1_bp-chest_vp-ap_dx.png,predictions/probabilities/qata_test_sub-S09520_ses-E19442_run-1_bp-chest_vp-ap_dx.npy
qata_test_sub-S09520_ses-E19841_run-1_bp-chest_vp-ap_dx,sub-S09520,unet,1002,0.7808290155468804,0.6404589885329269,12.844998779892567,3.227741251665715,predictions/masks/qata_test_sub-S09520_ses-E19841_run-1_bp-chest_vp-ap_dx.png,predictions/probabilities/qata_test_sub-S09520_ses-E19841_run-1_bp-chest_vp-ap_dx.npy
qata_test_sub-S09520_ses-E20016_run-1_bp-chest_vp-ap_dx,sub-S09520,unet,1002,0.9496353496357818,0.9041006371523591,3.1622776601683795,0.990643331953269,predictions/masks/qata_test_sub-S09520_ses-E20016_run-1_bp-chest_vp-ap_dx.png,predictions/probabilities/qata_test_sub-S09520_ses-E20016_run-1_bp-chest_vp-ap_dx.npy
qata_test_sub-S09520_ses-E20681_run-1_bp-chest_vp-ap_dx,sub-S09520,unet,1002,0.8324633358211228,0.7130083031783477,9.219544457292887,2.583947008688476,predictions/masks/qata_test_sub-S09520_ses-E20681_run-1_bp-chest_vp-ap_dx.png,predictions/probabilities/qata_test_sub-S09520_ses-E20681_run-1_bp-chest_vp-ap_dx.npy
qata_test_sub-S09520_ses-E22605_run-1_bp-chest_vp-ap_dx,sub-S09520,unet,1002,0.8584836792172439,0.7520555454092444,10.63014581273465,2.3112152284759193,predictions/masks/qata_test_sub-S09520_ses-E22605_run-1_bp-chest_vp-ap_dx.png,predictions/probabilities/qata_test_sub-S09520_ses-E22605_run-1_bp-chest_vp-ap_dx.npy
qata_test_sub-S09520_ses-E23633_run-1_bp-chest_vp-ap_dx,sub-S09520,unet,1002,0.9417069243160893,0.889835666465462,5.0,1.2606972460856054,predictions/masks/qata_test_sub-S09520_ses-E23633_run-1_bp-chest_vp-ap_dx.png,predictions/probabilities/qata_test_sub-S09520_ses-E23633_run-1_bp-chest_vp-ap_dx.npy
qata_test_sub-S09520_ses-E24107_run-1_bp-chest_vp-pa_cr,sub-S09520,unet,1002,0.9124700239818647,0.8390297684710247,7.169092129209218,1.632106278133978,predictions/masks/qata_test_sub-S09520_ses-E24107_run-1_bp-chest_vp-pa_cr.png,predictions/probabilities/qata_test_sub-S09520_ses-E24107_run-1_bp-chest_vp-pa_cr.npy
qata_test_sub-S09520_ses-E24702_run-1_bp-chest_vp-ap_dx,sub-S09520,unet,1002,0.9246493421772064,0.8598584428730045,14.7648230602334,2.105470832580582,predictions/masks/qata_test_sub-S09520_ses-E24702_run-1_bp-chest_vp-ap_dx.png,predictions/probabilities/qata_test_sub-S09520_ses-E24702_run-1_bp-chest_vp-ap_dx.npy
qata_test_sub-S09520_ses-E26133_run-1_bp-chest_vp-ap_dx,sub-S09520,unet,1002,0.9443076081010926,0.8944912508114777,5.830951894845301,1.3564527869923626,predictions/masks/qata_test_sub-S09520_ses-E26133_run-1_bp-chest_vp-ap_dx.png,predictions/probabilities/qata_test_sub-S09520_ses-E26133_run-1_bp-chest_vp-ap_dx.npy
qata_test_sub-S09520_ses-E26498_run-1_bp-chest_vp-ap_dx,sub-S09520,unet,1002,0.973583704646862,0.9485271317834778,2.8284271247461903,0.6743516184181803,predictions/masks/qata_test_sub-S09520_ses-E26498_run-1_bp-chest_vp-ap_dx.png,predictions/probabilities/qata_test_sub-S09520_ses-E26498_run-1_bp-chest_vp-ap_dx.npy
qata_test_sub-S09522_ses-E16360_run-1_bp-chest_vp-ap_cr,sub-S09522,unet,1002,0.7889605023997858,0.6514737991361497,11.045361017187261,2.7845298418500803,predictions/masks/qata_test_sub-S09522_ses-E16360_run-1_bp-chest_vp-ap_cr.png,predictions/probabilities/qata_test_sub-S09522_ses-E16360_run-1_bp-chest_vp-ap_cr.npy
qata_test_sub-S09522_ses-E18974_run-1_bp-chest_vp-pa_dx,sub-S09522,unet,1002,0.8296362023079545,0.7088703563333124,26.099523798725315,4.261270787158778,predictions/masks/qata_test_sub-S09522_ses-E18974_run-1_bp-chest_vp-pa_dx.png,predictions/probabilities/qata_test_sub-S09522_ses-E18974_run-1_bp-chest_vp-pa_dx.npy
qata_test_sub-S09522_ses-E20023_run-1_bp-chest_vp-ap_dx,sub-S09522,unet,1002,0.3346975898438064,0.2009830694046432,124.18634251410307,36.36959197016467,predictions/masks/qata_test_sub-S09522_ses-E20023_run-1_bp-chest_vp-ap_dx.png,predictions/probabilities/qata_test_sub-S09522_ses-E20023_run-1_bp-chest_vp-ap_dx.npy
qata_test_sub-S09522_ses-E20281_run-1_bp-chest_vp-ap_cr,sub-S09522,unet,1002,0.9182255478361105,0.8488142292515017,6.448886191692785,1.8412523995394523,predictions/masks/qata_test_sub-S09522_ses-E20281_run-1_bp-chest_vp-ap_cr.png,predictions/probabilities/qata_test_sub-S09522_ses-E20281_run-1_bp-chest_vp-ap_cr.npy
qata_test_sub-S09522_ses-E21498_run-1_bp-chest_vp-ap_dx,sub-S09522,unet,1002,0.8976153447395332,0.8142487655816071,9.096424967926286,2.074582314733571,predictions/masks/qata_test_sub-S09522_ses-E21498_run-1_bp-chest_vp-ap_dx.png,predictions/probabilities/qata_test_sub-S09522_ses-E21498_run-1_bp-chest_vp-ap_dx.npy
qata_test_sub-S09524_ses-E16362_run-1_bp-chest_vp-ap_cr,sub-S09524,unet,1002,0.9146836912411676,0.8427807486799165,5.0,0.9702279476340213,predictions/masks/qata_test_sub-S09524_ses-E16362_run-1_bp-chest_vp-ap_cr.png,predictions/probabilities/qata_test_sub-S09524_ses-E16362_run-1_bp-chest_vp-ap_cr.npy
qata_test_sub-S09524_ses-E16944_run-1_bp-chest_vp-ap_dx,sub-S09524,unet,1002,0.3794633425020186,0.23415906129767514,104.03364607102955,44.140405408217546,predictions/masks/qata_test_sub-S09524_ses-E16944_run-1_bp-chest_vp-ap_dx.png,predictions/probabilities/qata_test_sub-S09524_ses-E16944_run-1_bp-chest_vp-ap_dx.npy
qata_test_sub-S09524_ses-E18727_run-1_bp-chest_vp-ap_cr,sub-S09524,unet,1002,0.5705445544607606,0.39913419914460374,21.99544984001001,5.429189809142009,predictions/masks/qata_test_sub-S09524_ses-E18727_run-1_bp-chest_vp-ap_cr.png,predictions/probabilities/qata_test_sub-S09524_ses-E18727_run-1_bp-chest_vp-ap_cr.npy
qata_test_sub-S09524_ses-E19142_run-1_bp-chest_vp-ap_cr,sub-S09524,unet,1002,0.6930810171677658,0.5303167421239532,7.0710678118654755,2.519694146183493,predictions/masks/qata_test_sub-S09524_ses-E19142_run-1_bp-chest_vp-ap_cr.png,predictions/probabilities/qata_test_sub-S09524_ses-E19142_run-1_bp-chest_vp-ap_cr.npy
qata_test_sub-S09524_ses-E19696_run-1_bp-chest_vp-ap_cr,sub-S09524,unet,1002,0.6531995481450382,0.48500098678226755,23.676709474814253,5.989836074392638,predictions/masks/qata_test_sub-S09524_ses-E19696_run-1_bp-chest_vp-ap_cr.png,predictions/probabilities/qata_test_sub-S09524_ses-E19696_run-1_bp-chest_vp-ap_cr.npy
qata_test_sub-S09524_ses-E21684_run-1_bp-chest_vp-ap_cr,sub-S09524,unet,1002,0.4843358396151524,0.3195535345465253,48.03331730029876,13.54169922373797,predictions/masks/qata_test_sub-S09524_ses-E21684_run-1_bp-chest_vp-ap_cr.png,predictions/probabilities/qata_test_sub-S09524_ses-E21684_run-1_bp-chest_vp-ap_cr.npy
qata_test_sub-S09524_ses-E22176_run-1_bp-chest_vp-ap_cr,sub-S09524,unet,1002,0.6434498707707326,0.4743281187429938,38.30793433611984,9.250400666487879,predictions/masks/qata_test_sub-S09524_ses-E22176_run-1_bp-chest_vp-ap_cr.png,predictions/probabilities/qata_test_sub-S09524_ses-E22176_run-1_bp-chest_vp-ap_cr.npy
qata_test_sub-S09524_ses-E22355_run-1_bp-chest_vp-ap_dx,sub-S09524,unet,1002,0.6486486486529068,0.48000000000932735,26.002883549377305,6.142067241662172,predictions/masks/qata_test_sub-S09524_ses-E22355_run-1_bp-chest_vp-ap_dx.png,predictions/probabilities/qata_test_sub-S09524_ses-E22355_run-1_bp-chest_vp-ap_dx.npy
qata_test_sub-S09526_ses-E16708_run-1_bp-chest_vp-ap_dx,sub-S09526,unet,1002,0.8193403298373396,0.6939682539747308,16.1245154965971,3.329315604848002,predictions/masks/qata_test_sub-S09526_ses-E16708_run-1_bp-chest_vp-ap_dx.png,predictions/probabilities/qata_test_sub-S09526_ses-E16708_run-1_bp-chest_vp-ap_dx.npy
qata_test_sub-S09526_ses-E21522_run-1_bp-chest_vp-ap_dx,sub-S09526,unet,1002,0.9693502247653315,0.9405233941328207,2.0,0.621294130409479,predictions/masks/qata_test_sub-S09526_ses-E21522_run-1_bp-chest_vp-ap_dx.png,predictions/probabilities/qata_test_sub-S09526_ses-E21522_run-1_bp-chest_vp-ap_dx.npy
qata_test_sub-S09526_ses-E21915_run-1_bp-chest_vp-ap_cr,sub-S09526,unet,1002,0.8598484848496913,0.7541528239239783,13.0,3.2167499646907856,predictions/masks/qata_test_sub-S09526_ses-E21915_run-1_bp-chest_vp-ap_cr.png,predictions/probabilities/qata_test_sub-S09526_ses-E21915_run-1_bp-chest_vp-ap_cr.npy
qata_test_sub-S09526_ses-E22193_run-1_bp-chest_vp-ap_cr,sub-S09526,unet,1002,0.4857222844416892,0.3207616934863975,27.483538121860207,6.216871573494224,predictions/masks/qata_test_sub-S09526_ses-E22193_run-1_bp-chest_vp-ap_cr.png,predictions/probabilities/qata_test_sub-S09526_ses-E22193_run-1_bp-chest_vp-ap_cr.npy
qata_test_sub-S09526_ses-E26557_acq-1_run-1_bp-chest_dx,sub-S09526,unet,1002,0.6537454164574713,0.4856031128604824,77.21357072959874,20.46823250779749,predictions/masks/qata_test_sub-S09526_ses-E26557_acq-1_run-1_bp-chest_dx.png,predictions/probabilities/qata_test_sub-S09526_ses-E26557_acq-1_run-1_bp-chest_dx.npy
qata_test_sub-S09527_ses-E21700_run-1_bp-chest_vp-ap_cr,sub-S09527,unet,1002,0.768913342519332,0.6245810056285385,15.02164264594239,2.6191119234127007,predictions/masks/qata_test_sub-S09527_ses-E21700_run-1_bp-chest_vp-ap_cr.png,predictions/probabilities/qata_test_sub-S09527_ses-E21700_run-1_bp-chest_vp-ap_cr.npy
qata_test_sub-S09528_ses-E17036_run-1_bp-chest_vp-ap_cr,sub-S09528,unet,1002,0.6512245745151413,0.48282654192437735,48.507731342539614,9.077350535551147,predictions/masks/qata_test_sub-S09528_ses-E17036_run-1_bp-chest_vp-ap_cr.png,predictions/probabilities/qata_test_sub-S09528_ses-E17036_run-1_bp-chest_vp-ap_cr.npy
qata_test_sub-S09529_ses-E17353_run-1_bp-chest_vp-ap_dx,sub-S09529,unet,1002,0.0671769679073783,0.034755881321258356,166.04713179965947,91.23224218807361,predictions/masks/qata_test_sub-S09529_ses-E17353_run-1_bp-chest_vp-ap_dx.png,predictions/probabilities/qata_test_sub-S09529_ses-E17353_run-1_bp-chest_vp-ap_dx.npy
qata_test_sub-S09531_ses-E20431_run-1_bp-chest_vp-pa_dx,sub-S09531,unet,1002,0.9419802508676702,0.8903238825558438,8.246211251235321,1.634129220540671,predictions/masks/qata_test_sub-S09531_ses-E20431_run-1_bp-chest_vp-pa_dx.png,predictions/probabilities/qata_test_sub-S09531_ses-E20431_run-1_bp-chest_vp-pa_dx.npy
qata_test_sub-S09531_ses-E20968_run-1_bp-chest_vp-pa_dx,sub-S09531,unet,1002,0.689096317574222,0.5256651017288628,56.616238689814026,13.960607833426083,predictions/masks/qata_test_sub-S09531_ses-E20968_run-1_bp-chest_vp-pa_dx.png,predictions/probabilities/qata_test_sub-S09531_ses-E20968_run-1_bp-chest_vp-pa_dx.npy
qata_test_sub-S09531_ses-E25557_run-1_bp-chest_vp-pa_dx,sub-S09531,unet,1002,0.741630108522955,0.5893577981726723,62.850816663002064,10.49944094586036,predictions/masks/qata_test_sub-S09531_ses-E25557_run-1_bp-chest_vp-pa_dx.png,predictions/probabilities/qata_test_sub-S09531_ses-E25557_run-1_bp-chest_vp-pa_dx.npy
qata_test_sub-S09531_ses-E25852_run-1_bp-chest_vp-ap_cr,sub-S09531,unet,1002,0.9742759697093805,0.949842200180908,2.0,0.608487413500077,predictions/masks/qata_test_sub-S09531_ses-E25852_run-1_bp-chest_vp-ap_cr.png,predictions/probabilities/qata_test_sub-S09531_ses-E25852_run-1_bp-chest_vp-ap_cr.npy
qata_test_sub-S09532_ses-E16373_run-1_bp-chest_vp-pa_cr,sub-S09532,unet,1002,0.7370558375767992,0.5836012862071059,83.14066450890101,17.896369032207048,predictions/masks/qata_test_sub-S09532_ses-E16373_run-1_bp-chest_vp-pa_cr.png,predictions/probabilities/qata_test_sub-S09532_ses-E16373_run-1_bp-chest_vp-pa_cr.npy
qata_test_sub-S09534_ses-E16376_run-2_bp-chest_vp-pa_dx,sub-S09534,unet,1002,0.8555095604207469,0.7475025835429727,10.198039027185569,2.105087446221142,predictions/masks/qata_test_sub-S09534_ses-E16376_run-2_bp-chest_vp-pa_dx.png,predictions/probabilities/qata_test_sub-S09534_ses-E16376_run-2_bp-chest_vp-pa_dx.npy
qata_test_sub-S09534_ses-E22374_run-1_bp-chest_vp-pa_cr,sub-S09534,unet,1002,0.8950868119694538,0.8100969575408719,13.0,2.675216621037882,predictions/masks/qata_test_sub-S09534_ses-E22374_run-1_bp-chest_vp-pa_cr.png,predictions/probabilities/qata_test_sub-S09534_ses-E22374_run-1_bp-chest_vp-pa_cr.npy
qata_test_sub-S09534_ses-E26347_run-1_bp-chest_vp-pa_cr,sub-S09534,unet,1002,0.9153405474225631,0.8438967136168556,7.615773105863909,1.9717403757424645,predictions/masks/qata_test_sub-S09534_ses-E26347_run-1_bp-chest_vp-pa_cr.png,predictions/probabilities/qata_test_sub-S09534_ses-E26347_run-1_bp-chest_vp-pa_cr.npy
qata_test_sub-S09536_ses-E24323_run-1_bp-chest_vp-pa_dx,sub-S09536,unet,1002,0.7380952380984525,0.5849056603854327,19.883374763030634,5.763494542612548,predictions/masks/qata_test_sub-S09536_ses-E24323_run-1_bp-chest_vp-pa_dx.png,predictions/probabilities/qata_test_sub-S09536_ses-E24323_run-1_bp-chest_vp-pa_dx.npy
qata_test_sub-S09536_ses-E24999_run-1_bp-chest_vp-ap_dx,sub-S09536,unet,1002,0.9742478941036448,0.9497888315350798,2.0,0.5391816024859947,predictions/masks/qata_test_sub-S09536_ses-E24999_run-1_bp-chest_vp-ap_dx.png,predictions/probabilities/qata_test_sub-S09536_ses-E24999_run-1_bp-chest_vp-ap_dx.npy
qata_test_sub-S09538_ses-E22210_run-2_bp-chest_vp-ap_cr,sub-S09538,unet,1002,0.7786415711992913,0.637520938035594,135.2839378727719,29.861389586533413,predictions/masks/qata_test_sub-S09538_ses-E22210_run-2_bp-chest_vp-ap_cr.png,predictions/probabilities/qata_test_sub-S09538_ses-E22210_run-2_bp-chest_vp-ap_cr.npy
qata_test_sub-S09538_ses-E24320_run-1_bp-chest_vp-pa_dx,sub-S09538,unet,1002,0.6592140921524657,0.4916624558114369,139.8230793766832,36.4246683871212,predictions/masks/qata_test_sub-S09538_ses-E24320_run-1_bp-chest_vp-pa_dx.png,predictions/probabilities/qata_test_sub-S09538_ses-E24320_run-1_bp-chest_vp-pa_dx.npy
qata_test_sub-S09539_ses-E16383_run-1_bp-chest_vp-ap_cr,sub-S09539,unet,1002,0.8853573804428608,0.7942970822308448,11.49263794890984,2.428969389879017,predictions/masks/qata_test_sub-S09539_ses-E16383_run-1_bp-chest_vp-ap_cr.png,predictions/probabilities/qata_test_sub-S09539_ses-E16383_run-1_bp-chest_vp-ap_cr.npy
qata_test_sub-S09540_ses-E17365_acq-1_run-1_bp-chest_vp-ap_dx,sub-S09540,unet,1002,0.6415528396888346,0.47226926334732705,42.91280714029747,10.36916546840168,predictions/masks/qata_test_sub-S09540_ses-E17365_acq-1_run-1_bp-chest_vp-ap_dx.png,predictions/probabilities/qata_test_sub-S09540_ses-E17365_acq-1_run-1_bp-chest_vp-ap_dx.npy
qata_test_sub-S09540_ses-E17445_run-1_bp-chest_vp-ap_dx,sub-S09540,unet,1002,3.267973855141185e-10,3.267973855141185e-10,316.7838379715733,316.7838379715733,predictions/masks/qata_test_sub-S09540_ses-E17445_run-1_bp-chest_vp-ap_dx.png,predictions/probabilities/qata_test_sub-S09540_ses-E17445_run-1_bp-chest_vp-ap_dx.npy
qata_test_sub-S09540_ses-E27021_run-1_bp-chest_vp-pa_dx,sub-S09540,unet,1002,0.5113801452902813,0.34352635005388665,31.064449134018133,8.208173529169558,predictions/masks/qata_test_sub-S09540_ses-E27021_run-1_bp-chest_vp-pa_dx.png,predictions/probabilities/qata_test_sub-S09540_ses-E27021_run-1_bp-chest_vp-pa_dx.npy
qata_test_sub-S09542_ses-E18224_run-1_bp-chest_vp-ap_cr,sub-S09542,unet,1002,0.8088489457343787,0.6790481718026974,44.73084272978456,5.583006977172209,predictions/masks/qata_test_sub-S09542_ses-E18224_run-1_bp-chest_vp-ap_cr.png,predictions/probabilities/qata_test_sub-S09542_ses-E18224_run-1_bp-chest_vp-ap_cr.npy
qata_test_sub-S09543_ses-E20330_run-2_bp-chest_vp-ap_dx,sub-S09543,unet,1002,0.6618160652019262,0.4945628534365132,25.911192030068438,6.128624071554847,predictions/masks/qata_test_sub-S09543_ses-E20330_run-2_bp-chest_vp-ap_dx.png,predictions/probabilities/qata_test_sub-S09543_ses-E20330_run-2_bp-chest_vp-ap_dx.npy
qata_test_sub-S09544_ses-E19898_run-1_bp-chest_vp-pa_cr,sub-S09544,unet,1002,0.44827586209869197,0.2888888889382716,63.086763131478456,14.520908255922029,predictions/masks/qata_test_sub-S09544_ses-E19898_run-1_bp-chest_vp-pa_cr.png,predictions/probabilities/qata_test_sub-S09544_ses-E19898_run-1_bp-chest_vp-pa_cr.npy
qata_test_sub-S09544_ses-E25892_run-1_bp-chest_vp-pa_cr,sub-S09544,unet,1002,0.9081229084285348,0.8317079966611394,6.324555320336759,1.5459266498083541,predictions/masks/qata_test_sub-S09544_ses-E25892_run-1_bp-chest_vp-pa_cr.png,predictions/probabilities/qata_test_sub-S09544_ses-E25892_run-1_bp-chest_vp-pa_cr.npy
qata_test_sub-S09547_ses-E23462_run-1_bp-chest_vp-ap_dx,sub-S09547,unet,1002,0.728074727559314,0.5724194206533574,88.5287940689295,19.56801411117626,predictions/masks/qata_test_sub-S09547_ses-E23462_run-1_bp-chest_vp-ap_dx.png,predictions/probabilities/qata_test_sub-S09547_ses-E23462_run-1_bp-chest_vp-ap_dx.npy
qata_test_sub-S09547_ses-E24365_run-1_bp-chest_vp-ap_cr,sub-S09547,unet,1002,0.49261083745627693,0.32679738565234373,116.08832682206284,43.94394548717768,predictions/masks/qata_test_sub-S09547_ses-E24365_run-1_bp-chest_vp-ap_cr.png,predictions/probabilities/qata_test_sub-S09547_ses-E24365_run-1_bp-chest_vp-ap_cr.npy
qata_test_sub-S09548_ses-E23051_run-1_bp-chest_vp-pa_dx,sub-S09548,unet,1002,0.28518173352421416,0.16630434791670604,130.24976007655445,56.08056974526812,predictions/masks/qata_test_sub-S09548_ses-E23051_run-1_bp-chest_vp-pa_dx.png,predictions/probabilities/qata_test_sub-S09548_ses-E23051_run-1_bp-chest_vp-pa_dx.npy
qata_test_sub-S09549_ses-E16744_run-1_bp-chest_vp-ap_dx,sub-S09549,unet,1002,0.7889428464778131,0.6514497224150864,91.86612914172426,19.036983315361038,predictions/masks/qata_test_sub-S09549_ses-E16744_run-1_bp-chest_vp-ap_dx.png,predictions/probabilities/qata_test_sub-S09549_ses-E16744_run-1_bp-chest_vp-ap_dx.npy
qata_test_sub-S09549_ses-E17493_run-1_bp-chest_vp-ap_dx,sub-S09549,unet,1002,0.2983783784542294,0.17534942831317035,131.9992419785051,44.8665040451666,predictions/masks/qata_test_sub-S09549_ses-E17493_run-1_bp-chest_vp-ap_dx.png,predictions/probabilities/qata_test_sub-S09549_ses-E17493_run-1_bp-chest_vp-ap_dx.npy
qata_test_sub-S09549_ses-E18113_run-1_bp-chest_vp-ap_dx,sub-S09549,unet,1002,0.7469287469494734,0.5960784314253493,10.26635280684657,2.515896994719545,predictions/masks/qata_test_sub-S09549_ses-E18113_run-1_bp-chest_vp-ap_dx.png,predictions/probabilities/qata_test_sub-S09549_ses-E18113_run-1_bp-chest_vp-ap_dx.npy
qata_test_sub-S09549_ses-E18661_run-1_bp-chest_vp-ap_dx,sub-S09549,unet,1002,0.7917970107823498,0.6553509781556185,69.36389467339376,13.595433949062476,predictions/masks/qata_test_sub-S09549_ses-E18661_run-1_bp-chest_vp-ap_dx.png,predictions/probabilities/qata_test_sub-S09549_ses-E18661_run-1_bp-chest_vp-ap_dx.npy
qata_test_sub-S09549_ses-E18799_run-1_bp-chest_vp-ap_cr,sub-S09549,unet,1002,0.8834251801635561,0.7911921032729236,6.363839778884804,1.5035379432281528,predictions/masks/qata_test_sub-S09549_ses-E18799_run-1_bp-chest_vp-ap_cr.png,predictions/probabilities/qata_test_sub-S09549_ses-E18799_run-1_bp-chest_vp-ap_cr.npy
qata_test_sub-S09549_ses-E19035_run-1_bp-chest_vp-ap_dx,sub-S09549,unet,1002,0.5571520480472409,0.38614744353786723,96.62084653319461,24.650258404908968,predictions/masks/qata_test_sub-S09549_ses-E19035_run-1_bp-chest_vp-ap_dx.png,predictions/probabilities/qata_test_sub-S09549_ses-E19035_run-1_bp-chest_vp-ap_dx.npy
qata_test_sub-S09549_ses-E19265_run-1_bp-chest_vp-ap_dx,sub-S09549,unet,1002,0.8667992047801989,0.76491228072925,7.0,1.468462917434613,predictions/masks/qata_test_sub-S09549_ses-E19265_run-1_bp-chest_vp-ap_dx.png,predictions/probabilities/qata_test_sub-S09549_ses-E19265_run-1_bp-chest_vp-ap_dx.npy
qata_test_sub-S09549_ses-E20863_run-1_bp-chest_vp-ap_dx,sub-S09549,unet,1002,0.8423791821590636,0.7276814386728426,14.142135623730951,2.637031188533108,predictions/masks/qata_test_sub-S09549_ses-E20863_run-1_bp-chest_vp-ap_dx.png,predictions/probabilities/qata_test_sub-S09549_ses-E20863_run-1_bp-chest_vp-ap_dx.npy
qata_test_sub-S09549_ses-E22083_run-1_bp-chest_vp-ap_dx,sub-S09549,unet,1002,0.4552108748882813,0.2946750902845363,105.00142853903614,34.49147054511226,predictions/masks/qata_test_sub-S09549_ses-E22083_run-1_bp-chest_vp-ap_dx.png,predictions/probabilities/qata_test_sub-S09549_ses-E22083_run-1_bp-chest_vp-ap_dx.npy
qata_test_sub-S09549_ses-E22235_run-1_bp-chest_vp-ap_dx,sub-S09549,unet,1002,0.9037218631613134,0.8243545436099948,10.295630140987,2.760413764964915,predictions/masks/qata_test_sub-S09549_ses-E22235_run-1_bp-chest_vp-ap_dx.png,predictions/probabilities/qata_test_sub-S09549_ses-E22235_run-1_bp-chest_vp-ap_dx.npy
qata_test_sub-S09549_ses-E22692_run-1_bp-chest_vp-ap_dx,sub-S09549,unet,1002,0.7408312958540819,0.5883495145897508,24.788724649319843,5.325352094159638,predictions/masks/qata_test_sub-S09549_ses-E22692_run-1_bp-chest_vp-ap_dx.png,predictions/probabilities/qata_test_sub-S09549_ses-E22692_run-1_bp-chest_vp-ap_dx.npy
qata_test_sub-S09549_ses-E23443_run-1_bp-chest_vp-ap_dx,sub-S09549,unet,1002,0.8804009678555064,0.7863538129118137,6.179479646313629,2.0746029197665283,predictions/masks/qata_test_sub-S09549_ses-E23443_run-1_bp-chest_vp-ap_dx.png,predictions/probabilities/qata_test_sub-S09549_ses-E23443_run-1_bp-chest_vp-ap_dx.npy
qata_test_sub-S09550_ses-E16397_run-1_bp-chest_vp-ap_dx,sub-S09550,unet,1002,0.7583423870905115,0.6107500000097312,18.439088914585774,4.485339817080491,predictions/masks/qata_test_sub-S09550_ses-E16397_run-1_bp-chest_vp-ap_dx.png,predictions/probabilities/qata_test_sub-S09550_ses-E16397_run-1_bp-chest_vp-ap_dx.npy
qata_test_sub-S09550_ses-E16654_run-1_bp-chest_vp-ap_dx,sub-S09550,unet,1002,0.48738480133337825,0.32221334399398505,100.04374028559599,21.762245804791437,predictions/masks/qata_test_sub-S09550_ses-E16654_run-1_bp-chest_vp-ap_dx.png,predictions/probabilities/qata_test_sub-S09550_ses-E16654_run-1_bp-chest_vp-ap_dx.npy
qata_test_sub-S09550_ses-E16752_run-1_bp-chest_vp-ap_dx,sub-S09550,unet,1002,0.7069184267504521,0.5466928315878252,109.0,18.5944076716719,predictions/masks/qata_test_sub-S09550_ses-E16752_run-1_bp-chest_vp-ap_dx.png,predictions/probabilities/qata_test_sub-S09550_ses-E16752_run-1_bp-chest_vp-ap_dx.npy
qata_test_sub-S09550_ses-E16866_run-1_bp-chest_vp-ap_dx,sub-S09550,unet,1002,0.8732577587820735,0.775028863602589,8.48528137423857,2.5869452726436912,predictions/masks/qata_test_sub-S09550_ses-E16866_run-1_bp-chest_vp-ap_dx.png,predictions/probabilities/qata_test_sub-S09550_ses-E16866_run-1_bp-chest_vp-ap_dx.npy
qata_test_sub-S09550_ses-E17838_run-1_bp-chest_vp-ap_dx,sub-S09550,unet,1002,0.7882614495350088,0.6505210626794287,103.00412611636301,20.27083740949403,predictions/masks/qata_test_sub-S09550_ses-E17838_run-1_bp-chest_vp-ap_dx.png,predictions/probabilities/qata_test_sub-S09550_ses-E17838_run-1_bp-chest_vp-ap_dx.npy
qata_test_sub-S09550_ses-E26569_run-1_bp-chest_vp-pa_cr,sub-S09550,unet,1002,0.5144334338751737,0.3462877030352005,109.78293751856944,31.631864128565738,predictions/masks/qata_test_sub-S09550_ses-E26569_run-1_bp-chest_vp-pa_cr.png,predictions/probabilities/qata_test_sub-S09550_ses-E26569_run-1_bp-chest_vp-pa_cr.npy
qata_test_sub-S09551_ses-E16398_acq-2_run-2_bp-chest_vp-ap_dx,sub-S09551,unet,1002,0.8197726401862336,0.6945887445953552,13.038404810405298,3.522954514228894,predictions/masks/qata_test_sub-S09551_ses-E16398_acq-2_run-2_bp-chest_vp-ap_dx.png,predictions/probabilities/qata_test_sub-S09551_ses-E16398_acq-2_run-2_bp-chest_vp-ap_dx.npy
qata_test_sub-S09551_ses-E16578_run-1_bp-chest_vp-ap_dx,sub-S09551,unet,1002,0.8591056034501737,0.7530106257437306,12.165525060596439,2.765809077990603,predictions/masks/qata_test_sub-S09551_ses-E16578_run-1_bp-chest_vp-ap_dx.png,predictions/probabilities/qata_test_sub-S09551_ses-E16578_run-1_bp-chest_vp-ap_dx.npy
qata_test_sub-S09551_ses-E16755_run-1_bp-chest_vp-ap_dx,sub-S09551,unet,1002,0.8714793309656688,0.7722316080514171,11.49263794890984,2.872329616270944,predictions/masks/qata_test_sub-S09551_ses-E16755_run-1_bp-chest_vp-ap_dx.png,predictions/probabilities/qata_test_sub-S09551_ses-E16755_run-1_bp-chest_vp-ap_dx.npy
qata_test_sub-S09551_ses-E16982_acq-2_run-1_bp-chest_vp-ap_dx,sub-S09551,unet,1002,0.8485947416160684,0.7370078740226507,19.4164878389476,3.244640151179066,predictions/masks/qata_test_sub-S09551_ses-E16982_acq-2_run-1_bp-chest_vp-ap_dx.png,predictions/probabilities/qata_test_sub-S09551_ses-E16982_acq-2_run-1_bp-chest_vp-ap_dx.npy
qata_test_sub-S09551_ses-E17148_run-1_bp-chest_vp-ap_dx,sub-S09551,unet,1002,0.8773655511613668,0.781523809527971,13.034166406412602,2.637817993532987,predictions/masks/qata_test_sub-S09551_ses-E17148_run-1_bp-chest_vp-ap_dx.png,predictions/probabilities/qata_test_sub-S09551_ses-E17148_run-1_bp-chest_vp-ap_dx.npy
qata_test_sub-S09551_ses-E17378_acq-2_run-1_bp-chest_vp-ap_dx,sub-S09551,unet,1002,0.9194487577647569,0.8509071313121805,6.0,1.574144471622132,predictions/masks/qata_test_sub-S09551_ses-E17378_acq-2_run-1_bp-chest_vp-ap_dx.png,predictions/probabilities/qata_test_sub-S09551_ses-E17378_acq-2_run-1_bp-chest_vp-ap_dx.npy
qata_test_sub-S09551_ses-E17451_run-1_bp-chest_vp-ap_dx,sub-S09551,unet,1002,0.8441926345628256,0.7303921568684912,12.36931687685298,2.847387469594237,predictions/masks/qata_test_sub-S09551_ses-E17451_run-1_bp-chest_vp-ap_dx.png,predictions/probabilities/qata_test_sub-S09551_ses-E17451_run-1_bp-chest_vp-ap_dx.npy
qata_test_sub-S09551_ses-E20735_run-1_bp-chest_vp-ap_dx,sub-S09551,unet,1002,0.7837666455317716,0.6444212721646781,12.165525060596439,3.544596429662155,predictions/masks/qata_test_sub-S09551_ses-E20735_run-1_bp-chest_vp-ap_dx.png,predictions/probabilities/qata_test_sub-S09551_ses-E20735_run-1_bp-chest_vp-ap_dx.npy
qata_test_sub-S09551_ses-E23065_run-1_bp-chest_vp-ap_dx,sub-S09551,unet,1002,0.90494159928293,0.8263866097858095,3.9408326913196072,1.457510494132327,predictions/masks/qata_test_sub-S09551_ses-E23065_run-1_bp-chest_vp-ap_dx.png,predictions/probabilities/qata_test_sub-S09551_ses-E23065_run-1_bp-chest_vp-ap_dx.npy
qata_test_sub-S09551_ses-E26702_run-1_bp-chest_vp-pa_dx,sub-S09551,unet,1002,0.5581505072003048,0.3871073298529596,129.6325509517035,31.59892212291173,predictions/masks/qata_test_sub-S09551_ses-E26702_run-1_bp-chest_vp-pa_dx.png,predictions/probabilities/qata_test_sub-S09551_ses-E26702_run-1_bp-chest_vp-pa_dx.npy
qata_test_sub-S09552_ses-E16399_run-1_bp-chest_vp-pa_dx,sub-S09552,unet,1002,0.5332891686027386,0.36359530262687895,34.0147027033899,10.865579213278929,predictions/masks/qata_test_sub-S09552_ses-E16399_run-1_bp-chest_vp-pa_dx.png,predictions/probabilities/qata_test_sub-S09552_ses-E16399_run-1_bp-chest_vp-pa_dx.npy
qata_test_sub-S09552_ses-E19540_run-1_bp-chest_vp-pa_cr,sub-S09552,unet,1002,0.841509856631712,0.7263849946850393,13.0,2.7257670478401885,predictions/masks/qata_test_sub-S09552_ses-E19540_run-1_bp-chest_vp-pa_cr.png,predictions/probabilities/qata_test_sub-S09552_ses-E19540_run-1_bp-chest_vp-pa_cr.npy
qata_test_sub-S09552_ses-E20517_run-1_bp-chest_vp-pa_cr,sub-S09552,unet,1002,0.9552294782243906,0.914295970565249,4.2008034155936995,1.2907071294107946,predictions/masks/qata_test_sub-S09552_ses-E20517_run-1_bp-chest_vp-pa_cr.png,predictions/probabilities/qata_test_sub-S09552_ses-E20517_run-1_bp-chest_vp-pa_cr.npy
qata_test_sub-S09552_ses-E24369_run-1_bp-chest_vp-pa_cr,sub-S09552,unet,1002,0.9008013538405216,0.8195073356292383,13.601470508735444,2.371856977471913,predictions/masks/qata_test_sub-S09552_ses-E24369_run-1_bp-chest_vp-pa_cr.png,predictions/probabilities/qata_test_sub-S09552_ses-E24369_run-1_bp-chest_vp-pa_cr.npy
qata_test_sub-S09552_ses-E25924_run-1_bp-chest_vp-pa_cr,sub-S09552,unet,1002,0.9547536024872716,0.9134244372997313,6.336340657901162,2.3060458793596568,predictions/masks/qata_test_sub-S09552_ses-E25924_run-1_bp-chest_vp-pa_cr.png,predictions/probabilities/qata_test_sub-S09552_ses-E25924_run-1_bp-chest_vp-pa_cr.npy
qata_test_sub-S09552_ses-E26393_run-1_bp-chest_vp-pa_cr,sub-S09552,unet,1002,0.8400569047869116,0.7242225142380708,26.49019775758298,4.825929737698129,predictions/masks/qata_test_sub-S09552_ses-E26393_run-1_bp-chest_vp-pa_cr.png,predictions/probabilities/qata_test_sub-S09552_ses-E26393_run-1_bp-chest_vp-pa_cr.npy
qata_test_sub-S09555_ses-E18291_run-1_bp-chest_cr,sub-S09555,unet,1002,0.8860546895508001,0.7954202789314416,11.180339887498949,2.177477901503098,predictions/masks/qata_test_sub-S09555_ses-E18291_run-1_bp-chest_cr.png,predictions/probabilities/qata_test_sub-S09555_ses-E18291_run-1_bp-chest_cr.npy
qata_test_sub-S09555_ses-E19050_run-1_bp-chest_cr,sub-S09555,unet,1002,0.9527996580573194,0.909854227406299,4.0,1.1777509105359076,predictions/masks/qata_test_sub-S09555_ses-E19050_run-1_bp-chest_cr.png,predictions/probabilities/qata_test_sub-S09555_ses-E19050_run-1_bp-chest_cr.npy
qata_test_sub-S09555_ses-E20249_run-1_bp-chest_vp-ap_dx,sub-S09555,unet,1002,0.6128928456546938,0.441849675232882,41.15579694792397,11.753125555476343,predictions/masks/qata_test_sub-S09555_ses-E20249_run-1_bp-chest_vp-ap_dx.png,predictions/probabilities/qata_test_sub-S09555_ses-E20249_run-1_bp-chest_vp-ap_dx.npy
qata_test_sub-S09555_ses-E21021_run-1_bp-chest_cr,sub-S09555,unet,1002,0.95393165309826,0.9119209618798404,5.656854249492381,1.2950439772970124,predictions/masks/qata_test_sub-S09555_ses-E21021_run-1_bp-chest_cr.png,predictions/probabilities/qata_test_sub-S09555_ses-E21021_run-1_bp-chest_cr.npy
qata_test_sub-S09555_ses-E21589_run-1_bp-chest_vp-ap_dx,sub-S09555,unet,1002,0.7729041619960892,0.6298645452630631,24.301758079674023,4.438732305382512,predictions/masks/qata_test_sub-S09555_ses-E21589_run-1_bp-chest_vp-ap_dx.png,predictions/probabilities/qata_test_sub-S09555_ses-E21589_run-1_bp-chest_vp-ap_dx.npy
qata_test_sub-S09555_ses-E22093_run-1_bp-chest_vp-ap_dx,sub-S09555,unet,1002,0.8057499527154294,0.6746911624994752,35.19053684959743,5.761119977517501,predictions/masks/qata_test_sub-S09555_ses-E22093_run-1_bp-chest_vp-ap_dx.png,predictions/probabilities/qata_test_sub-S09555_ses-E22093_run-1_bp-chest_vp-ap_dx.npy
qata_test_sub-S09555_ses-E22714_run-1_bp-chest_cr,sub-S09555,unet,1002,0.8717661552259853,0.7726821520791606,17.224959622726633,3.2099771236195127,predictions/masks/qata_test_sub-S09555_ses-E22714_run-1_bp-chest_cr.png,predictions/probabilities/qata_test_sub-S09555_ses-E22714_run-1_bp-chest_cr.npy
qata_test_sub-S09555_ses-E22891_run-1_bp-chest_vp-ap_dx,sub-S09555,unet,1002,0.48836225138258765,0.3230683090831828,66.38334407502161,16.172480796045587,predictions/masks/qata_test_sub-S09555_ses-E22891_run-1_bp-chest_vp-ap_dx.png,predictions/probabilities/qata_test_sub-S09555_ses-E22891_run-1_bp-chest_vp-ap_dx.npy
qata_test_sub-S09555_ses-E23054_run-1_bp-chest_vp-ap_dx,sub-S09555,unet,1002,0.0173913046326402,0.008771930114394172,25.011985634456664,13.264636823752559,predictions/masks/qata_test_sub-S09555_ses-E23054_run-1_bp-chest_vp-ap_dx.png,predictions/probabilities/qata_test_sub-S09555_ses-E23054_run-1_bp-chest_vp-ap_dx.npy
qata_test_sub-S09555_ses-E23930_run-1_bp-chest_cr,sub-S09555,unet,1002,0.9774342480677625,0.9558644480523959,2.0,0.5578884201779083,predictions/masks/qata_test_sub-S09555_ses-E23930_run-1_bp-chest_cr.png,predictions/probabilities/qata_test_sub-S09555_ses-E23930_run-1_bp-chest_cr.npy
qata_test_sub-S09555_ses-E24383_acq-2_run-1_bp-chest_vp-ap_dx,sub-S09555,unet,1002,0.9521571463006017,0.9086831512373928,7.810249675906654,1.4699861554051201,predictions/masks/qata_test_sub-S09555_ses-E24383_acq-2_run-1_bp-chest_vp-ap_dx.png,predictions/probabilities/qata_test_sub-S09555_ses-E24383_acq-2_run-1_bp-chest_vp-ap_dx.npy
qata_test_sub-S09555_ses-E26402_run-1_bp-chest_cr,sub-S09555,unet,1002,0.9199821687288533,0.851821277475474,9.848857801796104,1.8464400434365777,predictions/masks/qata_test_sub-S09555_ses-E26402_run-1_bp-chest_cr.png,predictions/probabilities/qata_test_sub-S09555_ses-E26402_run-1_bp-chest_cr.npy
qata_test_sub-S09556_ses-E22258_run-1_bp-chest_vp-ap_cr,sub-S09556,unet,1002,0.8760991207083894,0.7795163584794085,15.190255357046428,2.858636363429217,predictions/masks/qata_test_sub-S09556_ses-E22258_run-1_bp-chest_vp-ap_cr.png,predictions/probabilities/qata_test_sub-S09556_ses-E22258_run-1_bp-chest_vp-ap_cr.npy
qata_test_sub-S09556_ses-E22890_run-1_bp-chest_vp-ap_cr,sub-S09556,unet,1002,0.9058017831773382,0.8278223901788422,6.324555320336759,1.8168163629283738,predictions/masks/qata_test_sub-S09556_ses-E22890_run-1_bp-chest_vp-ap_cr.png,predictions/probabilities/qata_test_sub-S09556_ses-E22890_run-1_bp-chest_vp-ap_cr.npy
qata_test_sub-S09558_ses-E16405_acq-1_run-1_bp-chest_vp-pa_dx,sub-S09558,unet,1002,0.5551001821544272,0.38417901040995617,60.089511265999676,10.804862816989576,predictions/masks/qata_test_sub-S09558_ses-E16405_acq-1_run-1_bp-chest_vp-pa_dx.png,predictions/probabilities/qata_test_sub-S09558_ses-E16405_acq-1_run-1_bp-chest_vp-pa_dx.npy
qata_test_sub-S09558_ses-E16575_run-1_bp-chest_vp-ap_dx,sub-S09558,unet,1002,0.7824941748578411,0.6427026127534914,24.45325667483692,4.467745936318036,predictions/masks/qata_test_sub-S09558_ses-E16575_run-1_bp-chest_vp-ap_dx.png,predictions/probabilities/qata_test_sub-S09558_ses-E16575_run-1_bp-chest_vp-ap_dx.npy
qata_test_sub-S09558_ses-E16759_run-1_bp-chest_vp-ap_dx,sub-S09558,unet,1002,0.7561508225395814,0.6079119850279047,25.073889137263233,6.358559787935912,predictions/masks/qata_test_sub-S09558_ses-E16759_run-1_bp-chest_vp-ap_dx.png,predictions/probabilities/qata_test_sub-S09558_ses-E16759_run-1_bp-chest_vp-ap_dx.npy
qata_test_sub-S09558_ses-E16990_acq-1_run-1_bp-chest_vp-ap_dx,sub-S09558,unet,1002,0.8179143510981054,0.6919247787695817,13.072767298673476,3.09658984151643,predictions/masks/qata_test_sub-S09558_ses-E16990_acq-1_run-1_bp-chest_vp-ap_dx.png,predictions/probabilities/qata_test_sub-S09558_ses-E16990_acq-1_run-1_bp-chest_vp-ap_dx.npy
qata_test_sub-S09558_ses-E17153_run-1_bp-chest_vp-pa_dx,sub-S09558,unet,1002,0.9456445174926882,0.8968934417114253,12.537193135145278,2.8393769313224393,predictions/masks/qata_test_sub-S09558_ses-E17153_run-1_bp-chest_vp-pa_dx.png,predictions/probabilities/qata_test_sub-S09558_ses-E17153_run-1_bp-chest_vp-pa_dx.npy
qata_test_sub-S09558_ses-E17380_acq-2_run-1_bp-chest_vp-ap_dx,sub-S09558,unet,1002,0.6274620146348953,0.4571545715531344,17.200280145812158,5.240303931825768,predictions/masks/qata_test_sub-S09558_ses-E17380_acq-2_run-1_bp-chest_vp-ap_dx.png,predictions/probabilities/qata_test_sub-S09558_ses-E17380_acq-2_run-1_bp-chest_vp-ap_dx.npy
qata_test_sub-S09558_ses-E17456_run-1_bp-chest_vp-ap_dx,sub-S09558,unet,1002,0.25140875599257007,0.14377788799485486,137.24885894246495,56.10710969593964,predictions/masks/qata_test_sub-S09558_ses-E17456_run-1_bp-chest_vp-ap_dx.png,predictions/probabilities/qata_test_sub-S09558_ses-E17456_run-1_bp-chest_vp-ap_dx.npy
qata_test_sub-S09558_ses-E20749_run-1_bp-chest_vp-pa_dx,sub-S09558,unet,1002,0.6524271844699894,0.48414985591652565,29.58757267491781,6.802473175378155,predictions/masks/qata_test_sub-S09558_ses-E20749_run-1_bp-chest_vp-pa_dx.png,predictions/probabilities/qata_test_sub-S09558_ses-E20749_run-1_bp-chest_vp-pa_dx.npy
qata_test_sub-S09558_ses-E23045_run-1_bp-chest_vp-pa_dx,sub-S09558,unet,1002,0.5113130922546643,0.3434658352989487,138.82216151122486,38.134488280323495,predictions/masks/qata_test_sub-S09558_ses-E23045_run-1_bp-chest_vp-pa_dx.png,predictions/probabilities/qata_test_sub-S09558_ses-E23045_run-1_bp-chest_vp-pa_dx.npy
qata_test_sub-S09558_ses-E26889_run-1_bp-chest_vp-pa_dx,sub-S09558,unet,1002,0.6525647805577702,0.4843014129133201,157.24529366190367,40.48094008881861,predictions/masks/qata_test_sub-S09558_ses-E26889_run-1_bp-chest_vp-pa_dx.png,predictions/probabilities/qata_test_sub-S09558_ses-E26889_run-1_bp-chest_vp-pa_dx.npy
qata_test_sub-S09559_ses-E16406_run-1_bp-chest_vp-ap_cr,sub-S09559,unet,1002,0.7425074925091002,0.5904667328739774,23.750771808284405,5.897665735932063,predictions/masks/qata_test_sub-S09559_ses-E16406_run-1_bp-chest_vp-ap_cr.png,predictions/probabilities/qata_test_sub-S09559_ses-E16406_run-1_bp-chest_vp-ap_cr.npy
qata_test_sub-S09559_ses-E16664_run-2_bp-chest_vp-ap_dx,sub-S09559,unet,1002,0.9019642541151834,0.8214343271583975,7.810249675906654,2.273723540313406,predictions/masks/qata_test_sub-S09559_ses-E16664_run-2_bp-chest_vp-ap_dx.png,predictions/probabilities/qata_test_sub-S09559_ses-E16664_run-2_bp-chest_vp-ap_dx.npy
qata_test_sub-S09559_ses-E16876_run-1_bp-chest_vp-ap_dx,sub-S09559,unet,1002,0.8491138315371858,0.7377913253334744,22.930169768410643,5.1039740354854715,predictions/masks/qata_test_sub-S09559_ses-E16876_run-1_bp-chest_vp-ap_dx.png,predictions/probabilities/qata_test_sub-S09559_ses-E16876_run-1_bp-chest_vp-ap_dx.npy
qata_test_sub-S09559_ses-E17065_run-1_bp-chest_vp-ap_cr,sub-S09559,unet,1002,0.9036580948948993,0.8242484307953667,5.588931888902912,1.3531012785996759,predictions/masks/qata_test_sub-S09559_ses-E17065_run-1_bp-chest_vp-ap_cr.png,predictions/probabilities/qata_test_sub-S09559_ses-E17065_run-1_bp-chest_vp-ap_cr.npy
qata_test_sub-S09559_ses-E17453_run-1_bp-chest_vp-ap_cr,sub-S09559,unet,1002,0.8671389510323941,0.7654415798160675,14.866068747318506,3.1573594721273026,predictions/masks/qata_test_sub-S09559_ses-E17453_run-1_bp-chest_vp-ap_cr.png,predictions/probabilities/qata_test_sub-S09559_ses-E17453_run-1_bp-chest_vp-ap_cr.npy
qata_test_sub-S09559_ses-E17500_run-1_bp-chest_vp-ap_cr,sub-S09559,unet,1002,0.9064766509740013,0.8289504305349202,15.652475842498529,2.7848113084916397,predictions/masks/qata_test_sub-S09559_ses-E17500_run-1_bp-chest_vp-ap_cr.png,predictions/probabilities/qata_test_sub-S09559_ses-E17500_run-1_bp-chest_vp-ap_cr.npy
qata_test_sub-S09559_ses-E17569_run-1_bp-chest_vp-ap_cr,sub-S09559,unet,1002,0.6395282911935647,0.47007834639989865,32.66572393949913,7.935171763948353,predictions/masks/qata_test_sub-S09559_ses-E17569_run-1_bp-chest_vp-ap_cr.png,predictions/probabilities/qata_test_sub-S09559_ses-E17569_run-1_bp-chest_vp-ap_cr.npy
qata_test_sub-S09559_ses-E17781_run-1_bp-chest_vp-ap_cr,sub-S09559,unet,1002,0.5825857519899054,0.41102010426615715,26.92582403567252,6.01007203180287,predictions/masks/qata_test_sub-S09559_ses-E17781_run-1_bp-chest_vp-ap_cr.png,predictions/probabilities/qata_test_sub-S09559_ses-E17781_run-1_bp-chest_vp-ap_cr.npy
qata_test_sub-S09559_ses-E18542_run-1_bp-chest_vp-ap_cr,sub-S09559,unet,1002,0.6464558342459492,0.47760232034357714,29.124702955871257,6.816526224231884,predictions/masks/qata_test_sub-S09559_ses-E18542_run-1_bp-chest_vp-ap_cr.png,predictions/probabilities/qata_test_sub-S09559_ses-E18542_run-1_bp-chest_vp-ap_cr.npy
qata_test_sub-S09559_ses-E20246_acq-1_run-1_bp-chest_vp-ll_dx,sub-S09559,unet,1002,0.6547206165769803,0.48668003438880897,26.40075756488817,5.817067810569577,predictions/masks/qata_test_sub-S09559_ses-E20246_acq-1_run-1_bp-chest_vp-ll_dx.png,predictions/probabilities/qata_test_sub-S09559_ses-E20246_acq-1_run-1_bp-chest_vp-ll_dx.npy
qata_test_sub-S09559_ses-E21969_run-1_bp-chest_vp-ap_cr,sub-S09559,unet,1002,0.7625178826938033,0.6161849711093588,15.556349186104045,3.770521689110359,predictions/masks/qata_test_sub-S09559_ses-E21969_run-1_bp-chest_vp-ap_cr.png,predictions/probabilities/qata_test_sub-S09559_ses-E21969_run-1_bp-chest_vp-ap_cr.npy
qata_test_sub-S09560_ses-E16408_run-1_bp-chest_vp-pa_cr,sub-S09560,unet,1002,0.912725113795513,0.839461230439044,5.0,1.289601049318057,predictions/masks/qata_test_sub-S09560_ses-E16408_run-1_bp-chest_vp-pa_cr.png,predictions/probabilities/qata_test_sub-S09560_ses-E16408_run-1_bp-chest_vp-pa_cr.npy
qata_test_sub-S09562_ses-E16411_run-2_bp-chest_vp-ap_cr,sub-S09562,unet,1002,0.6746320346376687,0.509014894185811,14.953124061561475,3.9723354382341878,predictions/masks/qata_test_sub-S09562_ses-E16411_run-2_bp-chest_vp-ap_cr.png,predictions/probabilities/qata_test_sub-S09562_ses-E16411_run-2_bp-chest_vp-ap_cr.npy
qata_test_sub-S09562_ses-E17983_run-1_bp-chest_vp-ap_dx,sub-S09562,unet,1002,0.9629555865369154,0.9285577107753302,3.07302494707576,0.7859174195591774,predictions/masks/qata_test_sub-S09562_ses-E17983_run-1_bp-chest_vp-ap_dx.png,predictions/probabilities/qata_test_sub-S09562_ses-E17983_run-1_bp-chest_vp-ap_dx.npy
qata_test_sub-S09563_ses-E16412_acq-2_run-1_bp-chest_vp-ap_dx,sub-S09563,unet,1002,0.5513669064877305,0.3806118395160663,48.075455115918764,13.373768218902198,predictions/masks/qata_test_sub-S09563_ses-E16412_acq-2_run-1_bp-chest_vp-ap_dx.png,predictions/probabilities/qata_test_sub-S09563_ses-E16412_acq-2_run-1_bp-chest_vp-ap_dx.npy
qata_test_sub-S09563_ses-E16507_run-1_bp-chest_vp-ap_dx,sub-S09563,unet,1002,0.18032786889724986,0.09909909915320725,116.00689623143577,49.71873481729284,predictions/masks/qata_test_sub-S09563_ses-E16507_run-1_bp-chest_vp-ap_dx.png,predictions/probabilities/qata_test_sub-S09563_ses-E16507_run-1_bp-chest_vp-ap_dx.npy
qata_test_sub-S09563_ses-E16573_run-1_bp-chest_vp-ap_dx,sub-S09563,unet,1002,0.6176402141117607,0.4468013468199731,82.06582539016878,21.54773120988283,predictions/masks/qata_test_sub-S09563_ses-E16573_run-1_bp-chest_vp-ap_dx.png,predictions/probabilities/qata_test_sub-S09563_ses-E16573_run-1_bp-chest_vp-ap_dx.npy
qata_test_sub-S09563_ses-E17155_run-1_bp-chest_vp-ap_dx,sub-S09563,unet,1002,0.8626760563420576,0.7585139319010055,42.22200394315454,7.040088506023047,predictions/masks/qata_test_sub-S09563_ses-E17155_run-1_bp-chest_vp-ap_dx.png,predictions/probabilities/qata_test_sub-S09563_ses-E17155_run-1_bp-chest_vp-ap_dx.npy
qata_test_sub-S09563_ses-E17452_run-1_bp-chest_vp-ap_dx,sub-S09563,unet,1002,0.5654056088920496,0.3941222776333214,48.06453751243561,9.060696714118892,predictions/masks/qata_test_sub-S09563_ses-E17452_run-1_bp-chest_vp-ap_dx.png,predictions/probabilities/qata_test_sub-S09563_ses-E17452_run-1_bp-chest_vp-ap_dx.npy
qata_test_sub-S09563_ses-E21881_run-1_bp-chest_vp-ap_dx,sub-S09563,unet,1002,0.7240461402074515,0.5674547983610949,96.44167212763462,28.600038579155637,predictions/masks/qata_test_sub-S09563_ses-E21881_run-1_bp-chest_vp-ap_dx.png,predictions/probabilities/qata_test_sub-S09563_ses-E21881_run-1_bp-chest_vp-ap_dx.npy
qata_test_sub-S09563_ses-E22269_run-1_bp-chest_vp-ap_dx,sub-S09563,unet,1002,0.25353645270655406,0.14517133961712328,99.26325107781553,42.59070872958233,predictions/masks/qata_test_sub-S09563_ses-E22269_run-1_bp-chest_vp-ap_dx.png,predictions/probabilities/qata_test_sub-S09563_ses-E22269_run-1_bp-chest_vp-ap_dx.npy
qata_test_sub-S09564_ses-E16414_run-1_bp-chest_vp-pa_dx,sub-S09564,unet,1002,0.7367941712263936,0.5832732516372289,82.02347215347172,18.143252684088516,predictions/masks/qata_test_sub-S09564_ses-E16414_run-1_bp-chest_vp-pa_dx.png,predictions/probabilities/qata_test_sub-S09564_ses-E16414_run-1_bp-chest_vp-pa_dx.npy
qata_test_sub-S09566_ses-E16417_run-1_bp-chest_cr,sub-S09566,unet,1002,0.8017621145420412,0.6691176470716287,54.03424775653898,11.759726566215033,predictions/masks/qata_test_sub-S09566_ses-E16417_run-1_bp-chest_cr.png,predictions/probabilities/qata_test_sub-S09566_ses-E16417_run-1_bp-chest_cr.npy
qata_test_sub-S09567_ses-E19587_run-1_bp-chest_vp-pa_cr,sub-S09567,unet,1002,0.5001074113963457,0.33342881697698573,108.37517105693789,32.11264035175276,predictions/masks/qata_test_sub-S09567_ses-E19587_run-1_bp-chest_vp-pa_cr.png,predictions/probabilities/qata_test_sub-S09567_ses-E19587_run-1_bp-chest_vp-pa_cr.npy
qata_test_sub-S09568_ses-E16895_run-1_bp-chest_vp-pa_dx,sub-S09568,unet,1002,0.444549538911219,0.28580115538808754,42.41342338058489,13.620108188264894,predictions/masks/qata_test_sub-S09568_ses-E16895_run-1_bp-chest_vp-pa_dx.png,predictions/probabilities/qata_test_sub-S09568_ses-E16895_run-1_bp-chest_vp-pa_dx.npy
qata_test_sub-S09569_ses-E16420_run-1_bp-chest_vp-ap_dx,sub-S09569,unet,1002,0.86704361874044,0.7652930272368081,19.4164878389476,4.104191741230711,predictions/masks/qata_test_sub-S09569_ses-E16420_run-1_bp-chest_vp-ap_dx.png,predictions/probabilities/qata_test_sub-S09569_ses-E16420_run-1_bp-chest_vp-ap_dx.npy
qata_test_sub-S09569_ses-E17159_run-1_bp-chest_vp-ap_dx,sub-S09569,unet,1002,0.8597860653388293,0.7540567951380818,9.219544457292887,2.595836825006871,predictions/masks/qata_test_sub-S09569_ses-E17159_run-1_bp-chest_vp-ap_dx.png,predictions/probabilities/qata_test_sub-S09569_ses-E17159_run-1_bp-chest_vp-ap_dx.npy
qata_test_sub-S09569_ses-E17316_run-1_bp-chest_vp-ap_cr,sub-S09569,unet,1002,0.9713983983104312,0.944387405886855,3.605551275463989,0.8439811197909383,predictions/masks/qata_test_sub-S09569_ses-E17316_run-1_bp-chest_vp-ap_cr.png,predictions/probabilities/qata_test_sub-S09569_ses-E17316_run-1_bp-chest_vp-ap_cr.npy
qata_test_sub-S09569_ses-E17406_run-1_bp-chest_vp-ap_cr,sub-S09569,unet,1002,0.9489206445730773,0.9028059010712294,6.348125995465582,1.517294009813243,predictions/masks/qata_test_sub-S09569_ses-E17406_run-1_bp-chest_vp-ap_cr.png,predictions/probabilities/qata_test_sub-S09569_ses-E17406_run-1_bp-chest_vp-ap_cr.npy
qata_test_sub-S09570_ses-E16423_run-1_bp-chest_vp-ap_dx,sub-S09570,unet,1002,0.8914785142103803,0.8042049934554264,5.0,1.1774445685533452,predictions/masks/qata_test_sub-S09570_ses-E16423_run-1_bp-chest_vp-ap_dx.png,predictions/probabilities/qata_test_sub-S09570_ses-E16423_run-1_bp-chest_vp-ap_dx.npy
qata_test_sub-S09570_ses-E18546_run-1_bp-chest_vp-ap_dx,sub-S09570,unet,1002,0.88597376388638,0.7952898551095491,3.0,1.032670627798951,predictions/masks/qata_test_sub-S09570_ses-E18546_run-1_bp-chest_vp-ap_dx.png,predictions/probabilities/qata_test_sub-S09570_ses-E18546_run-1_bp-chest_vp-ap_dx.npy
qata_test_sub-S09571_ses-E16424_run-1_bp-chest_vp-ap_dx,sub-S09571,unet,1002,0.7045471856218711,0.5438617121408295,25.47350817307741,7.2186424614815925,predictions/masks/qata_test_sub-S09571_ses-E16424_run-1_bp-chest_vp-ap_dx.png,predictions/probabilities/qata_test_sub-S09571_ses-E16424_run-1_bp-chest_vp-ap_dx.npy
qata_test_sub-S09571_ses-E16890_run-1_bp-chest_vp-ap_dx,sub-S09571,unet,1002,0.618157836895622,0.44734330259473937,22.669360542532278,5.631728514742764,predictions/masks/qata_test_sub-S09571_ses-E16890_run-1_bp-chest_vp-ap_dx.png,predictions/probabilities/qata_test_sub-S09571_ses-E16890_run-1_bp-chest_vp-ap_dx.npy
qata_test_sub-S09571_ses-E18065_run-1_bp-chest_vp-ap_dx,sub-S09571,unet,1002,0.8862955947950981,0.7958086460413011,14.244215601469229,2.9576697680969977,predictions/masks/qata_test_sub-S09571_ses-E18065_run-1_bp-chest_vp-ap_dx.png,predictions/probabilities/qata_test_sub-S09571_ses-E18065_run-1_bp-chest_vp-ap_dx.npy
qata_test_sub-S09571_ses-E20742_run-1_bp-chest_vp-pa_dx,sub-S09571,unet,1002,0.6290062255100529,0.4587958291470301,102.81677799464457,28.369677443465022,predictions/masks/qata_test_sub-S09571_ses-E20742_run-1_bp-chest_vp-pa_dx.png,predictions/probabilities/qata_test_sub-S09571_ses-E20742_run-1_bp-chest_vp-pa_dx.npy
qata_test_sub-S09571_ses-E26783_run-1_bp-chest_vp-ap_dx,sub-S09571,unet,1002,0.8910940627093805,0.803579485639892,10.0,2.2336045250991265,predictions/masks/qata_test_sub-S09571_ses-E26783_run-1_bp-chest_vp-ap_dx.png,predictions/probabilities/qata_test_sub-S09571_ses-E26783_run-1_bp-chest_vp-ap_dx.npy
qata_test_sub-S09572_ses-E17162_run-1_bp-chest_vp-ap_dx,sub-S09572,unet,1002,0.5525145398639666,0.38170645238993844,79.52294459543059,17.6088158701899,predictions/masks/qata_test_sub-S09572_ses-E17162_run-1_bp-chest_vp-ap_dx.png,predictions/probabilities/qata_test_sub-S09572_ses-E17162_run-1_bp-chest_vp-ap_dx.npy
qata_test_sub-S09572_ses-E17936_run-1_bp-chest_vp-ap_cr,sub-S09572,unet,1002,0.7429881813416301,0.5910749368624453,12.767085268111776,3.982020657499197,predictions/masks/qata_test_sub-S09572_ses-E17936_run-1_bp-chest_vp-ap_cr.png,predictions/probabilities/qata_test_sub-S09572_ses-E17936_run-1_bp-chest_vp-ap_cr.npy
qata_test_sub-S09572_ses-E22285_run-1_bp-chest_vp-ap_dx,sub-S09572,unet,1002,0.31082214766546096,0.18400794638231915,77.96665548946652,28.85381161518088,predictions/masks/qata_test_sub-S09572_ses-E22285_run-1_bp-chest_vp-ap_dx.png,predictions/probabilities/qata_test_sub-S09572_ses-E22285_run-1_bp-chest_vp-ap_dx.npy
qata_test_sub-S09575_ses-E17866_run-1_bp-chest_vp-pa_dx,sub-S09575,unet,1002,0.5415887850574395,0.371355334848723,34.42156591181391,9.237953576323063,predictions/masks/qata_test_sub-S09575_ses-E17866_run-1_bp-chest_vp-pa_dx.png,predictions/probabilities/qata_test_sub-S09575_ses-E17866_run-1_bp-chest_vp-pa_dx.npy
qata_test_sub-S09576_ses-E19386_run-1_bp-chest_vp-pa_dx,sub-S09576,unet,1002,0.8837035654305824,0.7916387959935907,7.0710678118654755,1.805322197781619,predictions/masks/qata_test_sub-S09576_ses-E19386_run-1_bp-chest_vp-pa_dx.png,predictions/probabilities/qata_test_sub-S09576_ses-E19386_run-1_bp-chest_vp-pa_dx.npy
qata_test_sub-S09577_ses-E18351_run-1_bp-chest_vp-pa_cr,sub-S09577,unet,1002,0.8240498174798194,0.700752319043892,22.990175425099103,5.199244259228033,predictions/masks/qata_test_sub-S09577_ses-E18351_run-1_bp-chest_vp-pa_cr.png,predictions/probabilities/qata_test_sub-S09577_ses-E18351_run-1_bp-chest_vp-pa_cr.npy
qata_test_sub-S09577_ses-E22544_run-1_bp-chest_vp-ap_cr,sub-S09577,unet,1002,0.9296538035805578,0.8685543113909953,11.0,2.5385114016280723,predictions/masks/qata_test_sub-S09577_ses-E22544_run-1_bp-chest_vp-ap_cr.png,predictions/probabilities/qata_test_sub-S09577_ses-E22544_run-1_bp-chest_vp-ap_cr.npy
qata_test_sub-S09577_ses-E23566_run-1_bp-chest_vp-pa_cr,sub-S09577,unet,1002,0.9035595233537547,0.8240844282930941,17.0,3.404014178994725,predictions/masks/qata_test_sub-S09577_ses-E23566_run-1_bp-chest_vp-pa_cr.png,predictions/probabilities/qata_test_sub-S09577_ses-E23566_run-1_bp-chest_vp-pa_cr.npy
qata_test_sub-S09577_ses-E25722_run-1_bp-chest_vp-pa_cr,sub-S09577,unet,1002,0.7197640118023623,0.5622119815740255,102.1075486545297,27.781842639532663,predictions/masks/qata_test_sub-S09577_ses-E25722_run-1_bp-chest_vp-pa_cr.png,predictions/probabilities/qata_test_sub-S09577_ses-E25722_run-1_bp-chest_vp-pa_cr.npy
qata_test_sub-S09580_ses-E19608_run-1_bp-chest_vp-pa_cr,sub-S09580,unet,1002,0.28951299672408853,0.16925764193590817,95.50601847965947,37.007733615573514,predictions/masks/qata_test_sub-S09580_ses-E19608_run-1_bp-chest_vp-pa_cr.png,predictions/probabilities/qata_test_sub-S09580_ses-E19608_run-1_bp-chest_vp-pa_cr.npy
qata_test_sub-S09580_ses-E20601_run-1_bp-chest_vp-pa_cr,sub-S09580,unet,1002,0.97882375135604,0.9585257712917188,1.4142135623730951,0.6124249796464755,predictions/masks/qata_test_sub-S09580_ses-E20601_run-1_bp-chest_vp-pa_cr.png,predictions/probabilities/qata_test_sub-S09580_ses-E20601_run-1_bp-chest_vp-pa_cr.npy
qata_test_sub-S09580_ses-E24448_run-1_bp-chest_vp-pa_cr,sub-S09580,unet,1002,0.5982745686496947,0.426812951580765,16.0,6.271389800141624,predictions/masks/qata_test_sub-S09580_ses-E24448_run-1_bp-chest_vp-pa_cr.png,predictions/probabilities/qata_test_sub-S09580_ses-E24448_run-1_bp-chest_vp-pa_cr.npy
qata_test_sub-S09580_ses-E26037_run-1_bp-chest_vp-pa_cr,sub-S09580,unet,1002,0.9727292817680764,0.9469064624391454,2.8284271247461903,0.748771381639192,predictions/masks/qata_test_sub-S09580_ses-E26037_run-1_bp-chest_vp-pa_cr.png,predictions/probabilities/qata_test_sub-S09580_ses-E26037_run-1_bp-chest_vp-pa_cr.npy
qata_test_sub-S09581_ses-E16438_run-1_bp-chest_vp-pa_dx,sub-S09581,unet,1002,0.8548012566609097,0.7464217557312399,12.206555615733702,2.4450320840502786,predictions/masks/qata_test_sub-S09581_ses-E16438_run-1_bp-chest_vp-pa_dx.png,predictions/probabilities/qata_test_sub-S09581_ses-E16438_run-1_bp-chest_vp-pa_dx.npy
qata_test_sub-S09581_ses-E25701_run-1_bp-chest_vp-pa_cr,sub-S09581,unet,1002,0.8971794030833996,0.8135315985143975,13.601470508735444,3.1265860048780123,predictions/masks/qata_test_sub-S09581_ses-E25701_run-1_bp-chest_vp-pa_cr.png,predictions/probabilities/qata_test_sub-S09581_ses-E25701_run-1_bp-chest_vp-pa_cr.npy
qata_test_sub-S09581_ses-E26029_run-1_bp-chest_vp-pa_cr,sub-S09581,unet,1002,0.828726164956399,0.7075426259540742,36.45408731044289,5.1461067052381635,predictions/masks/qata_test_sub-S09581_ses-E26029_run-1_bp-chest_vp-pa_cr.png,predictions/probabilities/qata_test_sub-S09581_ses-E26029_run-1_bp-chest_vp-pa_cr.npy
qata_test_sub-S09581_ses-E26451_run-1_bp-chest_vp-pa_cr,sub-S09581,unet,1002,0.9478269577410984,0.9008280194165715,7.0,1.4308193504458295,predictions/masks/qata_test_sub-S09581_ses-E26451_run-1_bp-chest_vp-pa_cr.png,predictions/probabilities/qata_test_sub-S09581_ses-E26451_run-1_bp-chest_vp-pa_cr.npy
qata_test_sub-S09583_ses-E16442_run-1_bp-chest_vp-ap_cr,sub-S09583,unet,1002,0.5605746209168304,0.3894433355646609,94.56320587877605,26.963095110290006,predictions/masks/qata_test_sub-S09583_ses-E16442_run-1_bp-chest_vp-ap_cr.png,predictions/probabilities/qata_test_sub-S09583_ses-E16442_run-1_bp-chest_vp-ap_cr.npy
qata_test_sub-S09583_ses-E20623_run-1_bp-chest_vp-ap_cr,sub-S09583,unet,1002,0.5569641093220533,0.38596691386895643,55.46755791913939,13.349044216939758,predictions/masks/qata_test_sub-S09583_ses-E20623_run-1_bp-chest_vp-ap_cr.png,predictions/probabilities/qata_test_sub-S09583_ses-E20623_run-1_bp-chest_vp-ap_cr.npy
qata_test_sub-S09583_ses-E20786_run-1_bp-chest_vp-ap_cr,sub-S09583,unet,1002,0.885044766221482,0.7937939922693189,14.156242579695128,2.90199661881355,predictions/masks/qata_test_sub-S09583_ses-E20786_run-1_bp-chest_vp-ap_cr.png,predictions/probabilities/qata_test_sub-S09583_ses-E20786_run-1_bp-chest_vp-ap_cr.npy
qata_test_sub-S09585_ses-E16444_run-1_bp-chest_vp-ap_dx,sub-S09585,unet,1002,0.9651961870983973,0.9327335047136597,3.0,0.9125321117378498,predictions/masks/qata_test_sub-S09585_ses-E16444_run-1_bp-chest_vp-ap_dx.png,predictions/probabilities/qata_test_sub-S09585_ses-E16444_run-1_bp-chest_vp-ap_dx.npy
qata_test_sub-S09587_ses-E16446_run-1_bp-chest_vp-ap_cr,sub-S09587,unet,1002,0.8284678496481049,0.7071661237816811,21.963570661154066,4.475419207284359,predictions/masks/qata_test_sub-S09587_ses-E16446_run-1_bp-chest_vp-ap_cr.png,predictions/probabilities/qata_test_sub-S09587_ses-E16446_run-1_bp-chest_vp-ap_cr.npy
qata_test_sub-S09587_ses-E16933_run-1_bp-chest_vp-ap_cr,sub-S09587,unet,1002,0.9557443004025719,0.9152397260283044,4.242640687119285,1.0702024820493246,predictions/masks/qata_test_sub-S09587_ses-E16933_run-1_bp-chest_vp-ap_cr.png,predictions/probabilities/qata_test_sub-S09587_ses-E16933_run-1_bp-chest_vp-ap_cr.npy
qata_test_sub-S09587_ses-E19674_run-1_bp-chest_vp-ap_cr,sub-S09587,unet,1002,0.9390730298450071,0.8851438942197933,8.704111011190127,1.688385971781206,predictions/masks/qata_test_sub-S09587_ses-E19674_run-1_bp-chest_vp-ap_cr.png,predictions/probabilities/qata_test_sub-S09587_ses-E19674_run-1_bp-chest_vp-ap_cr.npy
qata_test_sub-S09587_ses-E19990_run-1_bp-chest_vp-ap_cr,sub-S09587,unet,1002,0.6899054924004253,0.5266074229009241,69.69181421089978,14.20205086903688,predictions/masks/qata_test_sub-S09587_ses-E19990_run-1_bp-chest_vp-ap_cr.png,predictions/probabilities/qata_test_sub-S09587_ses-E19990_run-1_bp-chest_vp-ap_cr.npy
qata_test_sub-S09587_ses-E21825_run-1_bp-chest_vp-ap_cr,sub-S09587,unet,1002,0.9637852088249212,0.9301017675421345,3.0,0.9307262117380644,predictions/masks/qata_test_sub-S09587_ses-E21825_run-1_bp-chest_vp-ap_cr.png,predictions/probabilities/qata_test_sub-S09587_ses-E21825_run-1_bp-chest_vp-ap_cr.npy
qata_test_sub-S09587_ses-E22159_run-1_bp-chest_vp-ap_cr,sub-S09587,unet,1002,0.9657703955218603,0.9338065661052901,3.0,0.9249244384650659,predictions/masks/qata_test_sub-S09587_ses-E22159_run-1_bp-chest_vp-ap_cr.png,predictions/probabilities/qata_test_sub-S09587_ses-E22159_run-1_bp-chest_vp-ap_cr.npy
qata_test_sub-S09587_ses-E24699_run-1_bp-chest_vp-ap_cr,sub-S09587,unet,1002,0.7770067812665431,0.6353320438473845,39.268002981231646,5.466274863517459,predictions/masks/qata_test_sub-S09587_ses-E24699_run-1_bp-chest_vp-ap_cr.png,predictions/probabilities/qata_test_sub-S09587_ses-E24699_run-1_bp-chest_vp-ap_cr.npy
qata_test_sub-S09592_ses-E16452_acq-1_run-1_bp-chest_vp-pa_cr,sub-S09592,unet,1002,0.7903812098071546,0.6534134689527906,11.704699910719626,4.255795328121784,predictions/masks/qata_test_sub-S09592_ses-E16452_acq-1_run-1_bp-chest_vp-pa_cr.png,predictions/probabilities/qata_test_sub-S09592_ses-E16452_acq-1_run-1_bp-chest_vp-pa_cr.npy
qata_test_sub-S09594_ses-E16809_run-1_bp-chest_vp-ap_dx,sub-S09594,unet,1002,0.43076197217667467,0.2745039086207305,33.83784863137726,8.136809824548306,predictions/masks/qata_test_sub-S09594_ses-E16809_run-1_bp-chest_vp-ap_dx.png,predictions/probabilities/qata_test_sub-S09594_ses-E16809_run-1_bp-chest_vp-ap_dx.npy
qata_test_sub-S09594_ses-E17025_acq-1_run-1_bp-chest_vp-ap_dx,sub-S09594,unet,1002,0.6211111111216358,0.4504431909971619,31.232781760631976,7.010747987935064,predictions/masks/qata_test_sub-S09594_ses-E17025_acq-1_run-1_bp-chest_vp-ap_dx.png,predictions/probabilities/qata_test_sub-S09594_ses-E17025_acq-1_run-1_bp-chest_vp-ap_dx.npy
qata_test_sub-S09594_ses-E17182_run-1_bp-chest_vp-ap_dx,sub-S09594,unet,1002,0.37855871887503206,0.23347050756561125,59.12342751939171,13.062430237847225,predictions/masks/qata_test_sub-S09594_ses-E17182_run-1_bp-chest_vp-ap_dx.png,predictions/probabilities/qata_test_sub-S09594_ses-E17182_run-1_bp-chest_vp-ap_dx.npy
qata_test_sub-S09594_ses-E17429_acq-1_run-1_bp-chest_vp-ap_dx,sub-S09594,unet,1002,0.7887640449517317,0.6512059369417931,8.06225774829855,3.3707704150391375,predictions/masks/qata_test_sub-S09594_ses-E17429_acq-1_run-1_bp-chest_vp-ap_dx.png,predictions/probabilities/qata_test_sub-S09594_ses-E17429_acq-1_run-1_bp-chest_vp-ap_dx.npy
qata_test_sub-S09594_ses-E18157_run-1_bp-chest_vp-ap_dx,sub-S09594,unet,1002,0.8046683046803029,0.6731757451517805,84.52987633170132,8.984052763863605,predictions/masks/qata_test_sub-S09594_ses-E18157_run-1_bp-chest_vp-ap_dx.png,predictions/probabilities/qata_test_sub-S09594_ses-E18157_run-1_bp-chest_vp-ap_dx.npy
qata_test_sub-S09597_ses-E26985_run-1_bp-chest_vp-ap_cr,sub-S09597,unet,1002,0.8176438945767809,0.6915377616295233,5.830951894845301,2.5303889790962106,predictions/masks/qata_test_sub-S09597_ses-E26985_run-1_bp-chest_vp-ap_cr.png,predictions/probabilities/qata_test_sub-S09597_ses-E26985_run-1_bp-chest_vp-ap_cr.npy
qata_test_sub-S09598_ses-E17426_run-1_bp-chest_vp-ap_cr,sub-S09598,unet,1002,0.9684992730603171,0.9389225308003871,2.23606797749979,0.8265050590308829,predictions/masks/qata_test_sub-S09598_ses-E17426_run-1_bp-chest_vp-ap_cr.png,predictions/probabilities/qata_test_sub-S09598_ses-E17426_run-1_bp-chest_vp-ap_cr.npy
qata_test_sub-S09599_ses-E16461_run-1_bp-chest_vp-ap_cr,sub-S09599,unet,1002,0.8250975292644637,0.7022689540839918,87.68237528135477,12.439321790479314,predictions/masks/qata_test_sub-S09599_ses-E16461_run-1_bp-chest_vp-ap_cr.png,predictions/probabilities/qata_test_sub-S09599_ses-E16461_run-1_bp-chest_vp-ap_cr.npy
qata_test_sub-S09599_ses-E17261_run-1_bp-chest_vp-ap_cr,sub-S09599,unet,1002,0.8278449353933338,0.7062588904798628,9.219544457292887,2.6910602005278497,predictions/masks/qata_test_sub-S09599_ses-E17261_run-1_bp-chest_vp-ap_cr.png,predictions/probabilities/qata_test_sub-S09599_ses-E17261_run-1_bp-chest_vp-ap_cr.npy
qata_test_sub-S09600_ses-E19138_run-1_bp-chest_vp-pa_cr,sub-S09600,unet,1002,0.6493055555758503,0.48071979438896995,97.619123363474,23.43036354917215,predictions/masks/qata_test_sub-S09600_ses-E19138_run-1_bp-chest_vp-pa_cr.png,predictions/probabilities/qata_test_sub-S09600_ses-E19138_run-1_bp-chest_vp-pa_cr.npy
qata_test_sub-S09601_ses-E16463_run-1_bp-chest_vp-ap_cr,sub-S09601,unet,1002,0.9530785328783287,0.9103629668604907,5.0,1.2897876418830396,predictions/masks/qata_test_sub-S09601_ses-E16463_run-1_bp-chest_vp-ap_cr.png,predictions/probabilities/qata_test_sub-S09601_ses-E16463_run-1_bp-chest_vp-ap_cr.npy
qata_test_sub-S09601_ses-E19211_run-1_bp-chest_vp-ap_cr,sub-S09601,unet,1002,0.8997377014083843,0.8177483701487035,19.228863517314924,2.9683115579843227,predictions/masks/qata_test_sub-S09601_ses-E19211_run-1_bp-chest_vp-ap_cr.png,predictions/probabilities/qata_test_sub-S09601_ses-E19211_run-1_bp-chest_vp-ap_cr.npy
qata_test_sub-S09601_ses-E25208_run-1_bp-chest_vp-ap_cr,sub-S09601,unet,1002,0.9843211494588402,0.9691263620725566,1.4142135623730951,0.4334723947977919,predictions/masks/qata_test_sub-S09601_ses-E25208_run-1_bp-chest_vp-ap_cr.png,predictions/probabilities/qata_test_sub-S09601_ses-E25208_run-1_bp-chest_vp-ap_cr.npy
qata_test_sub-S09601_ses-E25407_run-1_bp-chest_vp-ap_cr,sub-S09601,unet,1002,0.8208121197080541,0.6960825610815492,37.09715556750304,7.588443583381716,predictions/masks/qata_test_sub-S09601_ses-E25407_run-1_bp-chest_vp-ap_cr.png,predictions/probabilities/qata_test_sub-S09601_ses-E25407_run-1_bp-chest_vp-ap_cr.npy
qata_test_sub-S09603_ses-E16466_run-1_bp-chest_vp-ap_dx,sub-S09603,unet,1002,0.9781326236417027,0.9572011459331782,2.0,0.5911524138085917,predictions/masks/qata_test_sub-S09603_ses-E16466_run-1_bp-chest_vp-ap_dx.png,predictions/probabilities/qata_test_sub-S09603_ses-E16466_run-1_bp-chest_vp-ap_dx.npy
qata_test_sub-S09603_ses-E16688_run-1_bp-chest_vp-ap_dx,sub-S09603,unet,1002,0.9739610457245393,0.949243731601368,2.23606797749979,0.6518262806213556,predictions/masks/qata_test_sub-S09603_ses-E16688_run-1_bp-chest_vp-ap_dx.png,predictions/probabilities/qata_test_sub-S09603_ses-E16688_run-1_bp-chest_vp-ap_dx.npy
qata_test_sub-S09603_ses-E16811_run-1_bp-chest_vp-ap_cr,sub-S09603,unet,1002,0.9172377438064943,0.8471275559899694,10.63014581273465,2.250153942165851,predictions/masks/qata_test_sub-S09603_ses-E16811_run-1_bp-chest_vp-ap_cr.png,predictions/probabilities/qata_test_sub-S09603_ses-E16811_run-1_bp-chest_vp-ap_cr.npy
qata_test_sub-S09603_ses-E16941_run-1_bp-chest_vp-ap_dx,sub-S09603,unet,1002,0.9746618669836276,0.9505760447204951,2.23606797749979,0.8131511089998119,predictions/masks/qata_test_sub-S09603_ses-E16941_run-1_bp-chest_vp-ap_dx.png,predictions/probabilities/qata_test_sub-S09603_ses-E16941_run-1_bp-chest_vp-ap_dx.npy
qata_test_sub-S09603_ses-E17094_run-1_bp-chest_vp-ap_dx,sub-S09603,unet,1002,0.846603406021199,0.7340089353848315,14.142135623730951,2.6877161762175263,predictions/masks/qata_test_sub-S09603_ses-E17094_run-1_bp-chest_vp-ap_dx.png,predictions/probabilities/qata_test_sub-S09603_ses-E17094_run-1_bp-chest_vp-ap_dx.npy
qata_test_sub-S09603_ses-E17179_run-1_bp-chest_vp-ap_dx,sub-S09603,unet,1002,0.8859583952457004,0.7952650883644943,15.0,2.7034313494077313,predictions/masks/qata_test_sub-S09603_ses-E17179_run-1_bp-chest_vp-ap_dx.png,predictions/probabilities/qata_test_sub-S09603_ses-E17179_run-1_bp-chest_vp-ap_dx.npy
qata_test_sub-S09603_ses-E17471_run-1_bp-chest_vp-ap_dx,sub-S09603,unet,1002,0.9645915297386504,0.931604827895113,3.605551275463989,0.968105996163937,predictions/masks/qata_test_sub-S09603_ses-E17471_run-1_bp-chest_vp-ap_dx.png,predictions/probabilities/qata_test_sub-S09603_ses-E17471_run-1_bp-chest_vp-ap_dx.npy
qata_test_sub-S09603_ses-E17892_run-1_bp-chest_vp-ap_dx,sub-S09603,unet,1002,0.96405765371299,0.9306093694969125,3.0,1.0364629562880203,predictions/masks/qata_test_sub-S09603_ses-E17892_run-1_bp-chest_vp-ap_dx.png,predictions/probabilities/qata_test_sub-S09603_ses-E17892_run-1_bp-chest_vp-ap_dx.npy
qata_test_sub-S09603_ses-E18619_run-1_bp-chest_vp-ap_dx,sub-S09603,unet,1002,0.621246217120965,0.45058532193324413,75.48769943886766,22.174420528119725,predictions/masks/qata_test_sub-S09603_ses-E18619_run-1_bp-chest_vp-ap_dx.png,predictions/probabilities/qata_test_sub-S09603_ses-E18619_run-1_bp-chest_vp-ap_dx.npy
qata_test_sub-S09603_ses-E18961_run-1_bp-chest_vp-pa_dx,sub-S09603,unet,1002,0.9094070596433766,0.833864795923665,4.0,1.1928396701753823,predictions/masks/qata_test_sub-S09603_ses-E18961_run-1_bp-chest_vp-pa_dx.png,predictions/probabilities/qata_test_sub-S09603_ses-E18961_run-1_bp-chest_vp-pa_dx.npy
qata_test_sub-S09603_ses-E19210_run-1_bp-chest_vp-ap_dx,sub-S09603,unet,1002,0.951752423564684,0.9079462189662948,5.0,1.535772973753114,predictions/masks/qata_test_sub-S09603_ses-E19210_run-1_bp-chest_vp-ap_dx.png,predictions/probabilities/qata_test_sub-S09603_ses-E19210_run-1_bp-chest_vp-ap_dx.npy
qata_test_sub-S09603_ses-E20289_run-1_bp-chest_vp-ap_dx,sub-S09603,unet,1002,0.9684023518465023,0.9387403641140009,3.0,0.8573215159151604,predictions/masks/qata_test_sub-S09603_ses-E20289_run-1_bp-chest_vp-ap_dx.png,predictions/probabilities/qata_test_sub-S09603_ses-E20289_run-1_bp-chest_vp-ap_dx.npy
qata_test_sub-S09603_ses-E20411_run-1_bp-chest_vp-pa_cr,sub-S09603,unet,1002,0.9045548654254187,0.8257418257451192,6.053795644693832,2.1563515554628956,predictions/masks/qata_test_sub-S09603_ses-E20411_run-1_bp-chest_vp-pa_cr.png,predictions/probabilities/qata_test_sub-S09603_ses-E20411_run-1_bp-chest_vp-pa_cr.npy
qata_test_sub-S09603_ses-E20811_run-1_bp-chest_vp-ap_dx,sub-S09603,unet,1002,0.9649938336022911,0.9323556370308675,4.0,0.9769516374414388,predictions/masks/qata_test_sub-S09603_ses-E20811_run-1_bp-chest_vp-ap_dx.png,predictions/probabilities/qata_test_sub-S09603_ses-E20811_run-1_bp-chest_vp-ap_dx.npy
qata_test_sub-S09603_ses-E20944_run-1_bp-chest_vp-ap_dx,sub-S09603,unet,1002,0.9766008126664957,0.9542716319828928,2.0,0.6178815875053518,predictions/masks/qata_test_sub-S09603_ses-E20944_run-1_bp-chest_vp-ap_dx.png,predictions/probabilities/qata_test_sub-S09603_ses-E20944_run-1_bp-chest_vp-ap_dx.npy
qata_test_sub-S09603_ses-E21502_run-1_bp-chest_vp-pa_dx,sub-S09603,unet,1002,0.8455750627070736,0.7324643078999091,7.810249675906654,1.9359020685931505,predictions/masks/qata_test_sub-S09603_ses-E21502_run-1_bp-chest_vp-pa_dx.png,predictions/probabilities/qata_test_sub-S09603_ses-E21502_run-1_bp-chest_vp-pa_dx.npy
qata_test_sub-S09603_ses-E21673_run-1_bp-chest_vp-ap_dx,sub-S09603,unet,1002,0.93495601440387,0.877856714885921,13.0384048104053,2.3402366194531776,predictions/masks/qata_test_sub-S09603_ses-E21673_run-1_bp-chest_vp-ap_dx.png,predictions/probabilities/qata_test_sub-S09603_ses-E21673_run-1_bp-chest_vp-ap_dx.npy
qata_test_sub-S09603_ses-E22179_run-1_bp-chest_vp-ap_dx,sub-S09603,unet,1002,0.9706840390880883,0.9430379746840745,3.1622776601683795,0.8191981300422976,predictions/masks/qata_test_sub-S09603_ses-E22179_run-1_bp-chest_vp-ap_dx.png,predictions/probabilities/qata_test_sub-S09603_ses-E22179_run-1_bp-chest_vp-ap_dx.npy
qata_test_sub-S09603_ses-E22342_run-1_bp-chest_vp-ap_dx,sub-S09603,unet,1002,0.9687294272549015,0.939355250559054,2.8284271247461903,0.9685651029838455,predictions/masks/qata_test_sub-S09603_ses-E22342_run-1_bp-chest_vp-ap_dx.png,predictions/probabilities/qata_test_sub-S09603_ses-E22342_run-1_bp-chest_vp-ap_dx.npy
qata_test_sub-S09603_ses-E26803_run-1_bp-chest_vp-pa_dx,sub-S09603,unet,1002,0.7309112104190614,0.5759338640668729,27.3829219769043,4.999923003885747,predictions/masks/qata_test_sub-S09603_ses-E26803_run-1_bp-chest_vp-pa_dx.png,predictions/probabilities/qata_test_sub-S09603_ses-E26803_run-1_bp-chest_vp-pa_dx.npy
qata_test_sub-S09605_ses-E16470_acq-2_run-1_bp-chest_vp-pa_dx,sub-S09605,unet,1002,0.3761088113665266,0.23160961400263147,84.07402388734059,31.009735420787496,predictions/masks/qata_test_sub-S09605_ses-E16470_acq-2_run-1_bp-chest_vp-pa_dx.png,predictions/probabilities/qata_test_sub-S09605_ses-E16470_acq-2_run-1_bp-chest_vp-pa_dx.npy
qata_test_sub-S09605_ses-E16610_run-1_bp-chest_vp-pa_dx,sub-S09605,unet,1002,0.8980744544300632,0.8150046598365562,5.385164807134504,1.6270895386204707,predictions/masks/qata_test_sub-S09605_ses-E16610_run-1_bp-chest_vp-pa_dx.png,predictions/probabilities/qata_test_sub-S09605_ses-E16610_run-1_bp-chest_vp-pa_dx.npy
qata_test_sub-S09605_ses-E16817_run-1_bp-chest_vp-pa_dx,sub-S09605,unet,1002,0.7740909572800371,0.6314424074778374,40.11234224026316,8.051717228630263,predictions/masks/qata_test_sub-S09605_ses-E16817_run-1_bp-chest_vp-pa_dx.png,predictions/probabilities/qata_test_sub-S09605_ses-E16817_run-1_bp-chest_vp-pa_dx.npy
qata_test_sub-S09605_ses-E16943_acq-2_run-1_bp-chest_vp-pa_dx,sub-S09605,unet,1002,0.8226035632328931,0.6986632008967942,21.0,3.706469737051095,predictions/masks/qata_test_sub-S09605_ses-E16943_acq-2_run-1_bp-chest_vp-pa_dx.png,predictions/probabilities/qata_test_sub-S09605_ses-E16943_acq-2_run-1_bp-chest_vp-pa_dx.npy
qata_test_sub-S09605_ses-E17180_run-1_bp-chest_vp-ap_dx,sub-S09605,unet,1002,0.8658455392820752,0.7634282359882092,15.467395657389606,3.8018128443142873,predictions/masks/qata_test_sub-S09605_ses-E17180_run-1_bp-chest_vp-ap_dx.png,predictions/probabilities/qata_test_sub-S09605_ses-E17180_run-1_bp-chest_vp-ap_dx.npy
qata_test_sub-S09605_ses-E17435_acq-2_run-1_bp-chest_vp-ap_dx,sub-S09605,unet,1002,0.7163823288406737,0.5580963435918966,28.86591781035674,5.509727374897519,predictions/masks/qata_test_sub-S09605_ses-E17435_acq-2_run-1_bp-chest_vp-ap_dx.png,predictions/probabilities/qata_test_sub-S09605_ses-E17435_acq-2_run-1_bp-chest_vp-ap_dx.npy
qata_test_sub-S09605_ses-E17476_run-1_bp-chest_vp-ap_dx,sub-S09605,unet,1002,0.6606120925645607,0.49321939439915996,36.213230238464874,7.529835926507855,predictions/masks/qata_test_sub-S09605_ses-E17476_run-1_bp-chest_vp-ap_dx.png,predictions/probabilities/qata_test_sub-S09605_ses-E17476_run-1_bp-chest_vp-ap_dx.npy
qata_test_sub-S09605_ses-E26865_run-1_bp-chest_vp-pa_dx,sub-S09605,unet,1002,0.8492580057296374,0.7380090497796831,10.651173382964783,2.602478822905086,predictions/masks/qata_test_sub-S09605_ses-E26865_run-1_bp-chest_vp-pa_dx.png,predictions/probabilities/qata_test_sub-S09605_ses-E26865_run-1_bp-chest_vp-pa_dx.npy
qata_test_sub-S09606_ses-E16471_run-1_bp-chest_vp-ap_cr,sub-S09606,unet,1002,0.8323834803666766,0.7128911473694451,10.800440352148925,2.9889418345599794,predictions/masks/qata_test_sub-S09606_ses-E16471_run-1_bp-chest_vp-ap_cr.png,predictions/probabilities/qata_test_sub-S09606_ses-E16471_run-1_bp-chest_vp-ap_cr.npy
qata_test_sub-S09606_ses-E17751_run-1_bp-chest_vp-ap_cr,sub-S09606,unet,1002,0.8589552650457336,0.7527796577419241,20.0,4.054745604549204,predictions/masks/qata_test_sub-S09606_ses-E17751_run-1_bp-chest_vp-ap_cr.png,predictions/probabilities/qata_test_sub-S09606_ses-E17751_run-1_bp-chest_vp-ap_cr.npy
qata_test_sub-S09609_ses-E16474_run-2_bp-chest_vp-pa_dx,sub-S09609,unet,1002,6.455777920822738e-11,6.455777920822738e-11,127.16976587764988,99.49918519020963,predictions/masks/qata_test_sub-S09609_ses-E16474_run-2_bp-chest_vp-pa_dx.png,predictions/probabilities/qata_test_sub-S09609_ses-E16474_run-2_bp-chest_vp-pa_dx.npy
qata_test_sub-S09609_ses-E19449_run-1_bp-chest_vp-ap_cr,sub-S09609,unet,1002,0.9586858519115748,0.9206499822094573,4.300014504089359,1.0253526563693391,predictions/masks/qata_test_sub-S09609_ses-E19449_run-1_bp-chest_vp-ap_cr.png,predictions/probabilities/qata_test_sub-S09609_ses-E19449_run-1_bp-chest_vp-ap_cr.npy
qata_test_sub-S09609_ses-E19845_run-1_bp-chest_vp-pa_cr,sub-S09609,unet,1002,0.9259737301653179,0.8621518450464845,9.828113968309149,1.9108967981438032,predictions/masks/qata_test_sub-S09609_ses-E19845_run-1_bp-chest_vp-pa_cr.png,predictions/probabilities/qata_test_sub-S09609_ses-E19845_run-1_bp-chest_vp-pa_cr.npy
qata_test_sub-S09609_ses-E21382_run-1_bp-chest_vp-pa_cr,sub-S09609,unet,1002,0.8347219531130649,0.7163285666871856,14.291533398345239,3.020290746487542,predictions/masks/qata_test_sub-S09609_ses-E21382_run-1_bp-chest_vp-pa_cr.png,predictions/probabilities/qata_test_sub-S09609_ses-E21382_run-1_bp-chest_vp-pa_cr.npy
qata_test_sub-S09609_ses-E23666_run-1_bp-chest_vp-ap_cr,sub-S09609,unet,1002,0.9667103866094141,0.9355657640239897,2.8284271247461903,0.7564458835753912,predictions/masks/qata_test_sub-S09609_ses-E23666_run-1_bp-chest_vp-ap_cr.png,predictions/probabilities/qata_test_sub-S09609_ses-E23666_run-1_bp-chest_vp-ap_cr.npy
qata_test_sub-S09609_ses-E25797_run-1_bp-chest_vp-ap_cr,sub-S09609,unet,1002,0.6865103400563596,0.5226613965807291,36.7354224980006,7.772499005602763,predictions/masks/qata_test_sub-S09609_ses-E25797_run-1_bp-chest_vp-ap_cr.png,predictions/probabilities/qata_test_sub-S09609_ses-E25797_run-1_bp-chest_vp-ap_cr.npy
qata_test_sub-S09610_ses-E19688_run-1_bp-chest_vp-pa_cr,sub-S09610,unet,1002,0.6140234461487719,0.44302585383201326,116.9045012146822,34.678158801622786,predictions/masks/qata_test_sub-S09610_ses-E19688_run-1_bp-chest_vp-pa_cr.png,predictions/probabilities/qata_test_sub-S09610_ses-E19688_run-1_bp-chest_vp-pa_cr.npy
qata_test_sub-S09610_ses-E20704_run-1_bp-chest_vp-pa_cr,sub-S09610,unet,1002,0.29150306267800374,0.17061959920627653,150.02233014209926,53.60234821249936,predictions/masks/qata_test_sub-S09610_ses-E20704_run-1_bp-chest_vp-pa_cr.png,predictions/probabilities/qata_test_sub-S09610_ses-E20704_run-1_bp-chest_vp-pa_cr.npy
qata_test_sub-S09610_ses-E23665_run-1_bp-chest_vp-pa_cr,sub-S09610,unet,1002,0.619072708117149,0.4483021747494811,107.690293146536,25.008461516766967,predictions/masks/qata_test_sub-S09610_ses-E23665_run-1_bp-chest_vp-pa_cr.png,predictions/probabilities/qata_test_sub-S09610_ses-E23665_run-1_bp-chest_vp-pa_cr.npy
qata_test_sub-S09611_ses-E17966_acq-1_run-1_bp-chest_vp-ll_dx,sub-S09611,unet,1002,0.19873684212213186,0.11033193082958552,57.65021451175386,15.281051639281207,predictions/masks/qata_test_sub-S09611_ses-E17966_acq-1_run-1_bp-chest_vp-ll_dx.png,predictions/probabilities/qata_test_sub-S09611_ses-E17966_acq-1_run-1_bp-chest_vp-ll_dx.npy
qata_test_sub-S09612_ses-E16477_run-1_bp-chest_vp-ap_cr,sub-S09612,unet,1002,0.8656674604295723,0.763151395409198,15.297058540778355,3.2522067567418897,predictions/masks/qata_test_sub-S09612_ses-E16477_run-1_bp-chest_vp-ap_cr.png,predictions/probabilities/qata_test_sub-S09612_ses-E16477_run-1_bp-chest_vp-ap_cr.npy
qata_test_sub-S09613_ses-E16479_run-1_bp-chest_vp-pa_cr,sub-S09613,unet,1002,0.5256609642424661,0.3565400844108108,26.076809620810597,6.39037287476509,predictions/masks/qata_test_sub-S09613_ses-E16479_run-1_bp-chest_vp-pa_cr.png,predictions/probabilities/qata_test_sub-S09613_ses-E16479_run-1_bp-chest_vp-pa_cr.npy
qata_test_sub-S09613_ses-E17619_run-1_bp-chest_vp-ap_dx,sub-S09613,unet,1002,0.9181599200991825,0.8487020745101693,8.48528137423857,1.644278542825687,predictions/masks/qata_test_sub-S09613_ses-E17619_run-1_bp-chest_vp-ap_dx.png,predictions/probabilities/qata_test_sub-S09613_ses-E17619_run-1_bp-chest_vp-ap_dx.npy
qata_test_sub-S09615_ses-E23637_run-1_bp-chest_vp-ap_dx,sub-S09615,unet,1002,0.8657147441061172,0.7632248939246612,8.06225774829855,2.0113258408127406,predictions/masks/qata_test_sub-S09615_ses-E23637_run-1_bp-chest_vp-ap_dx.png,predictions/probabilities/qata_test_sub-S09615_ses-E23637_run-1_bp-chest_vp-ap_dx.npy
qata_test_sub-S09615_ses-E23807_run-1_bp-chest_vp-ap_dx,sub-S09615,unet,1002,0.9422709629724462,0.8908434296378046,5.0,1.4232668347613326,predictions/masks/qata_test_sub-S09615_ses-E23807_run-1_bp-chest_vp-ap_dx.png,predictions/probabilities/qata_test_sub-S09615_ses-E23807_run-1_bp-chest_vp-ap_dx.npy
qata_test_sub-S09615_ses-E24190_run-1_bp-chest_vp-ap_dx,sub-S09615,unet,1002,0.6336170489270768,0.46371849738978865,25.709920264364882,6.673429436151951,predictions/masks/qata_test_sub-S09615_ses-E24190_run-1_bp-chest_vp-ap_dx.png,predictions/probabilities/qata_test_sub-S09615_ses-E24190_run-1_bp-chest_vp-ap_dx.npy
qata_test_sub-S09615_ses-E24891_run-1_bp-chest_vp-pa_dx,sub-S09615,unet,1002,0.6393744250312932,0.4699121027900639,46.73541627308519,13.753928559632314,predictions/masks/qata_test_sub-S09615_ses-E24891_run-1_bp-chest_vp-pa_dx.png,predictions/probabilities/qata_test_sub-S09615_ses-E24891_run-1_bp-chest_vp-pa_dx.npy
qata_test_sub-S09615_ses-E25783_run-1_bp-chest_vp-ap_dx,sub-S09615,unet,1002,0.59229024943927,0.42074742269285337,121.41951635961537,31.418562512682858,predictions/masks/qata_test_sub-S09615_ses-E25783_run-1_bp-chest_vp-ap_dx.png,predictions/probabilities/qata_test_sub-S09615_ses-E25783_run-1_bp-chest_vp-ap_dx.npy
qata_test_sub-S09615_ses-E26546_run-1_bp-chest_vp-ap_dx,sub-S09615,unet,1002,0.9680464778505444,0.9380717804368572,2.23606797749979,0.8818440417238801,predictions/masks/qata_test_sub-S09615_ses-E26546_run-1_bp-chest_vp-ap_dx.png,predictions/probabilities/qata_test_sub-S09615_ses-E26546_run-1_bp-chest_vp-ap_dx.npy
qata_test_sub-S09616_ses-E22845_run-1_bp-chest_vp-ap_dx,sub-S09616,unet,1002,4.5146726860264254e-11,4.5146726860264254e-11,316.7838379715733,316.7838379715733,predictions/masks/qata_test_sub-S09616_ses-E22845_run-1_bp-chest_vp-ap_dx.png,predictions/probabilities/qata_test_sub-S09616_ses-E22845_run-1_bp-chest_vp-ap_dx.npy
qata_test_sub-S09617_ses-E23757_run-1_bp-chest_vp-ap_dx,sub-S09617,unet,1002,0.6875784190813181,0.5239005736365249,16.55294535724685,4.781218868545062,predictions/masks/qata_test_sub-S09617_ses-E23757_run-1_bp-chest_vp-ap_dx.png,predictions/probabilities/qata_test_sub-S09617_ses-E23757_run-1_bp-chest_vp-ap_dx.npy
qata_test_sub-S09617_ses-E24856_run-1_bp-chest_vp-ap_dx,sub-S09617,unet,1002,0.5155513666580797,0.3473015873430284,147.3524395374989,29.15630569027785,predictions/masks/qata_test_sub-S09617_ses-E24856_run-1_bp-chest_vp-ap_dx.png,predictions/probabilities/qata_test_sub-S09617_ses-E24856_run-1_bp-chest_vp-ap_dx.npy
qata_test_sub-S09617_ses-E25206_run-1_bp-chest_vp-ap_dx,sub-S09617,unet,1002,0.858699240675822,0.7523864622576689,11.022490298107726,2.240062382323435,predictions/masks/qata_test_sub-S09617_ses-E25206_run-1_bp-chest_vp-ap_dx.png,predictions/probabilities/qata_test_sub-S09617_ses-E25206_run-1_bp-chest_vp-ap_dx.npy
qata_test_sub-S09617_ses-E26139_run-1_bp-chest_vp-ap_dx,sub-S09617,unet,1002,0.6969292389934064,0.5348360655928347,14.021346361801356,3.916910789135176,predictions/masks/qata_test_sub-S09617_ses-E26139_run-1_bp-chest_vp-ap_dx.png,predictions/probabilities/qata_test_sub-S09617_ses-E26139_run-1_bp-chest_vp-ap_dx.npy
qata_test_sub-S09618_ses-E16486_run-1_bp-chest_vp-pa_cr,sub-S09618,unet,1002,0.28639053258660413,0.16712707188072326,135.14806694880988,43.86582172851124,predictions/masks/qata_test_sub-S09618_ses-E16486_run-1_bp-chest_vp-pa_cr.png,predictions/probabilities/qata_test_sub-S09618_ses-E16486_run-1_bp-chest_vp-pa_cr.npy
qata_test_sub-S09619_ses-E16489_run-1_bp-chest_vp-ap_cr,sub-S09619,unet,1002,0.7985320172133823,0.6646302928235805,80.42199874745283,8.644262895852496,predictions/masks/qata_test_sub-S09619_ses-E16489_run-1_bp-chest_vp-ap_cr.png,predictions/probabilities/qata_test_sub-S09619_ses-E16489_run-1_bp-chest_vp-ap_cr.npy
qata_test_sub-S09619_ses-E26690_run-1_bp-chest_vp-ap_cr,sub-S09619,unet,1002,0.7479259732052352,0.5973496432417253,89.98713906542883,20.28552451186039,predictions/masks/qata_test_sub-S09619_ses-E26690_run-1_bp-chest_vp-ap_cr.png,predictions/probabilities/qata_test_sub-S09619_ses-E26690_run-1_bp-chest_vp-ap_cr.npy
qata_test_sub-S09620_ses-E23680_run-1_bp-chest_vp-ap_dx,sub-S09620,unet,1002,0.3778061690202992,0.23289828984624444,77.83186998358164,23.686109445876983,predictions/masks/qata_test_sub-S09620_ses-E23680_run-1_bp-chest_vp-ap_dx.png,predictions/probabilities/qata_test_sub-S09620_ses-E23680_run-1_bp-chest_vp-ap_dx.npy
qata_test_sub-S09620_ses-E24749_run-1_bp-chest_vp-ap_dx,sub-S09620,unet,1002,0.5857620640427252,0.41418918922877096,34.018205957768004,9.460370348850944,predictions/masks/qata_test_sub-S09620_ses-E24749_run-1_bp-chest_vp-ap_dx.png,predictions/probabilities/qata_test_sub-S09620_ses-E24749_run-1_bp-chest_vp-ap_dx.npy
qata_test_sub-S09624_ses-E20495_run-1_bp-chest_vp-ap_cr,sub-S09624,unet,1002,0.7848010084677688,0.6458209840057552,41.01950603338374,6.161323729736927,predictions/masks/qata_test_sub-S09624_ses-E20495_run-1_bp-chest_vp-ap_cr.png,predictions/probabilities/qata_test_sub-S09624_ses-E20495_run-1_bp-chest_vp-ap_cr.npy
qata_test_sub-S09624_ses-E21018_run-1_bp-chest_vp-ap_dx,sub-S09624,unet,1002,0.6700680272152005,0.5038363171453111,37.379080816077256,6.954367620869482,predictions/masks/qata_test_sub-S09624_ses-E21018_run-1_bp-chest_vp-ap_dx.png,predictions/probabilities/qata_test_sub-S09624_ses-E21018_run-1_bp-chest_vp-ap_dx.npy
qata_test_sub-S09624_ses-E23883_acq-1_run-1_bp-chest_vp-ll_dx,sub-S09624,unet,1002,0.5117219078514204,0.34383487236980353,42.06653282265404,10.767449608583838,predictions/masks/qata_test_sub-S09624_ses-E23883_acq-1_run-1_bp-chest_vp-ll_dx.png,predictions/probabilities/qata_test_sub-S09624_ses-E23883_acq-1_run-1_bp-chest_vp-ll_dx.npy
qata_test_sub-S09624_ses-E25044_run-1_bp-chest_vp-ap_dx,sub-S09624,unet,1002,0.9388905821400573,0.8848197615986669,8.246211251235321,1.5931248910298867,predictions/masks/qata_test_sub-S09624_ses-E25044_run-1_bp-chest_vp-ap_dx.png,predictions/probabilities/qata_test_sub-S09624_ses-E25044_run-1_bp-chest_vp-ap_dx.npy
qata_test_sub-S09624_ses-E25904_run-1_bp-chest_vp-ap_cr,sub-S09624,unet,1002,0.6854014598597554,0.5213770127839708,48.82149677039167,8.602684924113952,predictions/masks/qata_test_sub-S09624_ses-E25904_run-1_bp-chest_vp-ap_cr.png,predictions/probabilities/qata_test_sub-S09624_ses-E25904_run-1_bp-chest_vp-ap_cr.npy
qata_test_sub-S09626_ses-E25311_acq-1_run-1_bp-chest_vp-ll_cr,sub-S09626,unet,1002,0.875984251974607,0.7793345008949794,79.95965549487715,9.6230101438787,predictions/masks/qata_test_sub-S09626_ses-E25311_acq-1_run-1_bp-chest_vp-ll_cr.png,predictions/probabilities/qata_test_sub-S09626_ses-E25311_acq-1_run-1_bp-chest_vp-ll_cr.npy
qata_test_sub-S09626_ses-E25939_run-1_bp-chest_vp-ap_cr,sub-S09626,unet,1002,0.4508985879420587,0.2910710586432345,117.05382998195255,37.66808606548377,predictions/masks/qata_test_sub-S09626_ses-E25939_run-1_bp-chest_vp-ap_cr.png,predictions/probabilities/qata_test_sub-S09626_ses-E25939_run-1_bp-chest_vp-ap_cr.npy
qata_test_sub-S09628_ses-E16501_run-1_bp-chest_vp-pa_dx,sub-S09628,unet,1002,0.762378831549322,0.6160033869764605,100.43779092878472,20.604665225900618,predictions/masks/qata_test_sub-S09628_ses-E16501_run-1_bp-chest_vp-pa_dx.png,predictions/probabilities/qata_test_sub-S09628_ses-E16501_run-1_bp-chest_vp-pa_dx.npy
qata_test_sub-S09629_ses-E16505_run-1_bp-chest_vp-ap_dx,sub-S09629,unet,1002,0.5083381253876746,0.3407864302744189,26.75377730188761,6.01693629754847,predictions/masks/qata_test_sub-S09629_ses-E16505_run-1_bp-chest_vp-ap_dx.png,predictions/probabilities/qata_test_sub-S09629_ses-E16505_run-1_bp-chest_vp-ap_dx.npy
qata_test_sub-S09629_ses-E22281_run-1_bp-chest_vp-ap_dx,sub-S09629,unet,1002,0.8744460856767191,0.7769028871537466,6.131121088305925,1.8921120289522362,predictions/masks/qata_test_sub-S09629_ses-E22281_run-1_bp-chest_vp-ap_dx.png,predictions/probabilities/qata_test_sub-S09629_ses-E22281_run-1_bp-chest_vp-ap_dx.npy
qata_test_sub-S09629_ses-E23074_run-1_bp-chest_vp-ap_dx,sub-S09629,unet,1002,0.6500583430592178,0.4815455095558687,60.21627686929839,13.68186369377111,predictions/masks/qata_test_sub-S09629_ses-E23074_run-1_bp-chest_vp-ap_dx.png,predictions/probabilities/qata_test_sub-S09629_ses-E23074_run-1_bp-chest_vp-ap_dx.npy
qata_test_sub-S09631_ses-E25079_run-1_bp-chest_vp-ap_cr,sub-S09631,unet,1002,0.7298393386388252,0.574603954321815,38.907577379702936,7.526479279460558,predictions/masks/qata_test_sub-S09631_ses-E25079_run-1_bp-chest_vp-ap_cr.png,predictions/probabilities/qata_test_sub-S09631_ses-E25079_run-1_bp-chest_vp-ap_cr.npy
qata_test_sub-S09631_ses-E25972_run-1_bp-chest_vp-ap_cr,sub-S09631,unet,1002,0.9768138451299267,0.9546785210890743,1.4142135623730951,0.5483957095223713,predictions/masks/qata_test_sub-S09631_ses-E25972_run-1_bp-chest_vp-ap_cr.png,predictions/probabilities/qata_test_sub-S09631_ses-E25972_run-1_bp-chest_vp-ap_cr.npy
qata_test_sub-S09631_ses-E26175_run-1_bp-chest_vp-ap_dx,sub-S09631,unet,1002,0.8198638673202966,0.6947197400537007,27.810671152422113,4.935381361045307,predictions/masks/qata_test_sub-S09631_ses-E26175_run-1_bp-chest_vp-ap_dx.png,predictions/probabilities/qata_test_sub-S09631_ses-E26175_run-1_bp-chest_vp-ap_dx.npy
qata_test_sub-S09632_ses-E21267_run-1_bp-chest_vp-ap_dx,sub-S09632,unet,1002,0.31854014599534974,0.18944261157858236,49.4251527112107,12.586973621567116,predictions/masks/qata_test_sub-S09632_ses-E21267_run-1_bp-chest_vp-ap_dx.png,predictions/probabilities/qata_test_sub-S09632_ses-E21267_run-1_bp-chest_vp-ap_dx.npy
qata_test_sub-S09632_ses-E22469_run-1_bp-chest_vp-ap_dx,sub-S09632,unet,1002,0.763036037851399,0.6168619791708239,24.0,6.067682500878317,predictions/masks/qata_test_sub-S09632_ses-E22469_run-1_bp-chest_vp-ap_dx.png,predictions/probabilities/qata_test_sub-S09632_ses-E22469_run-1_bp-chest_vp-ap_dx.npy
qata_test_sub-S09634_ses-E16518_run-1_bp-chest_vp-pa_cr,sub-S09634,unet,1002,0.5820433436791304,0.4104803493964646,83.04815783155573,23.23805355914879,predictions/masks/qata_test_sub-S09634_ses-E16518_run-1_bp-chest_vp-pa_cr.png,predictions/probabilities/qata_test_sub-S09634_ses-E16518_run-1_bp-chest_vp-pa_cr.npy
qata_test_sub-S09634_ses-E18890_run-1_bp-chest_vp-ap_dx,sub-S09634,unet,1002,0.7781753130618685,0.6368960468597177,50.92838060285398,9.065888961010774,predictions/masks/qata_test_sub-S09634_ses-E18890_run-1_bp-chest_vp-ap_dx.png,predictions/probabilities/qata_test_sub-S09634_ses-E18890_run-1_bp-chest_vp-ap_dx.npy
qata_test_sub-S09634_ses-E22954_run-1_bp-chest_cr,sub-S09634,unet,1002,0.8445103124633258,0.7308678922674035,39.9399436442834,6.193529965505951,predictions/masks/qata_test_sub-S09634_ses-E22954_run-1_bp-chest_cr.png,predictions/probabilities/qata_test_sub-S09634_ses-E22954_run-1_bp-chest_cr.npy
qata_test_sub-S09639_ses-E16526_run-1_bp-chest_vp-ap_cr,sub-S09639,unet,1002,0.9079092920366716,0.8313497087913054,6.053795644693841,1.5130813180187273,predictions/masks/qata_test_sub-S09639_ses-E16526_run-1_bp-chest_vp-ap_cr.png,predictions/probabilities/qata_test_sub-S09639_ses-E16526_run-1_bp-chest_vp-ap_cr.npy
qata_test_sub-S09639_ses-E18079_run-1_bp-chest_vp-ap_dx,sub-S09639,unet,1002,0.8662180349939907,0.7640075973431717,29.207112431388108,4.228462455069971,predictions/masks/qata_test_sub-S09639_ses-E18079_run-1_bp-chest_vp-ap_dx.png,predictions/probabilities/qata_test_sub-S09639_ses-E18079_run-1_bp-chest_vp-ap_dx.npy
qata_test_sub-S09640_ses-E16527_run-2_bp-chest_cr,sub-S09640,unet,1002,0.6733481811554066,0.5075545607438413,92.0,25.311258353461394,predictions/masks/qata_test_sub-S09640_ses-E16527_run-2_bp-chest_cr.png,predictions/probabilities/qata_test_sub-S09640_ses-E16527_run-2_bp-chest_cr.npy
qata_test_sub-S09640_ses-E21642_run-1_bp-chest_vp-pa_dx,sub-S09640,unet,1002,0.5536095685795127,0.38275251037313923,103.3677830832857,31.017293112124406,predictions/masks/qata_test_sub-S09640_ses-E21642_run-1_bp-chest_vp-pa_dx.png,predictions/probabilities/qata_test_sub-S09640_ses-E21642_run-1_bp-chest_vp-pa_dx.npy
qata_test_sub-S09642_ses-E18595_run-1_bp-chest_vp-pa_dx,sub-S09642,unet,1002,0.6948667770631511,0.5324106113141313,97.02319279563048,21.702383105539955,predictions/masks/qata_test_sub-S09642_ses-E18595_run-1_bp-chest_vp-pa_dx.png,predictions/probabilities/qata_test_sub-S09642_ses-E18595_run-1_bp-chest_vp-pa_dx.npy
qata_test_sub-S09642_ses-E19110_run-1_bp-chest_vp-ap_dx,sub-S09642,unet,1002,0.699899295080569,0.5383423702913754,121.3601831427236,22.401276224744702,predictions/masks/qata_test_sub-S09642_ses-E19110_run-1_bp-chest_vp-ap_dx.png,predictions/probabilities/qata_test_sub-S09642_ses-E19110_run-1_bp-chest_vp-ap_dx.npy
qata_test_sub-S09642_ses-E22563_run-1_bp-chest_vp-ap_dx,sub-S09642,unet,1002,0.9678119349007088,0.9376313945346118,2.8284271247461903,0.8042211524200578,predictions/masks/qata_test_sub-S09642_ses-E22563_run-1_bp-chest_vp-ap_dx.png,predictions/probabilities/qata_test_sub-S09642_ses-E22563_run-1_bp-chest_vp-ap_dx.npy
qata_test_sub-S09642_ses-E24472_run-1_bp-chest_vp-ap_dx,sub-S09642,unet,1002,0.9517082785812113,0.9078658727686013,3.605551275463989,1.1968166110963534,predictions/masks/qata_test_sub-S09642_ses-E24472_run-1_bp-chest_vp-ap_dx.png,predictions/probabilities/qata_test_sub-S09642_ses-E24472_run-1_bp-chest_vp-ap_dx.npy
qata_test_sub-S09642_ses-E24842_run-1_bp-chest_vp-pa_dx,sub-S09642,unet,1002,0.46912914533650235,0.30644593169050915,112.00022320983726,35.96296699437368,predictions/masks/qata_test_sub-S09642_ses-E24842_run-1_bp-chest_vp-pa_dx.png,predictions/probabilities/qata_test_sub-S09642_ses-E24842_run-1_bp-chest_vp-pa_dx.npy
qata_test_sub-S09642_ses-E25504_run-1_bp-chest_vp-ap_dx,sub-S09642,unet,1002,0.6552234388974483,0.48723591551552664,127.33022689948689,35.6965159389909,predictions/masks/qata_test_sub-S09642_ses-E25504_run-1_bp-chest_vp-ap_dx.png,predictions/probabilities/qata_test_sub-S09642_ses-E25504_run-1_bp-chest_vp-ap_dx.npy
qata_test_sub-S09644_ses-E18384_run-1_bp-chest_vp-ap_dx,sub-S09644,unet,1002,0.7224348460046941,0.5654778887427824,16.822290960680157,4.11360067747133,predictions/masks/qata_test_sub-S09644_ses-E18384_run-1_bp-chest_vp-ap_dx.png,predictions/probabilities/qata_test_sub-S09644_ses-E18384_run-1_bp-chest_vp-ap_dx.npy
qata_test_sub-S09644_ses-E25741_run-1_bp-chest_vp-pa_cr,sub-S09644,unet,1002,0.8788440163045786,0.7838730998088608,9.019384798348097,2.060553710940646,predictions/masks/qata_test_sub-S09644_ses-E25741_run-1_bp-chest_vp-pa_cr.png,predictions/probabilities/qata_test_sub-S09644_ses-E25741_run-1_bp-chest_vp-pa_cr.npy
qata_test_sub-S09644_ses-E26051_run-1_bp-chest_vp-ap_dx,sub-S09644,unet,1002,0.911691884457886,0.8377148635025856,6.32455532033676,1.4999289362772485,predictions/masks/qata_test_sub-S09644_ses-E26051_run-1_bp-chest_vp-ap_dx.png,predictions/probabilities/qata_test_sub-S09644_ses-E26051_run-1_bp-chest_vp-ap_dx.npy
qata_test_sub-S09645_ses-E16533_run-1_bp-chest_vp-ap_dx,sub-S09645,unet,1002,0.2845417236988353,0.16586921854514253,103.30295022572516,32.61216155335984,predictions/masks/qata_test_sub-S09645_ses-E16533_run-1_bp-chest_vp-ap_dx.png,predictions/probabilities/qata_test_sub-S09645_ses-E16533_run-1_bp-chest_vp-ap_dx.npy
qata_test_sub-S09645_ses-E16927_run-1_bp-chest_cr,sub-S09645,unet,1002,0.6422836753218301,0.4730617609102416,11.313708498984761,3.763903178375088,predictions/masks/qata_test_sub-S09645_ses-E16927_run-1_bp-chest_cr.png,predictions/probabilities/qata_test_sub-S09645_ses-E16927_run-1_bp-chest_cr.npy
qata_test_sub-S09645_ses-E20801_run-1_bp-chest_vp-ap_dx,sub-S09645,unet,1002,0.25792281144468393,0.14805475507391735,126.21806191142099,52.66634454090737,predictions/masks/qata_test_sub-S09645_ses-E20801_run-1_bp-chest_vp-ap_dx.png,predictions/probabilities/qata_test_sub-S09645_ses-E20801_run-1_bp-chest_vp-ap_dx.npy
qata_test_sub-S09645_ses-E26858_run-1_bp-chest_vp-ap_cr,sub-S09645,unet,1002,0.14382896023869493,0.07748691109136262,118.0889495253472,49.51730864352096,predictions/masks/qata_test_sub-S09645_ses-E26858_run-1_bp-chest_vp-ap_cr.png,predictions/probabilities/qata_test_sub-S09645_ses-E26858_run-1_bp-chest_vp-ap_cr.npy
qata_test_sub-S09647_ses-E26113_run-1_bp-chest_vp-ap_cr,sub-S09647,unet,1002,0.8653555219466448,0.7626666666983111,5.0990195135927845,1.37849978700957,predictions/masks/qata_test_sub-S09647_ses-E26113_run-1_bp-chest_vp-ap_cr.png,predictions/probabilities/qata_test_sub-S09647_ses-E26113_run-1_bp-chest_vp-ap_cr.npy
qata_test_sub-S09650_ses-E16538_run-1_bp-chest_vp-ap_cr,sub-S09650,unet,1002,0.9554116558750155,0.9146298264288123,4.449186428211545,0.8954002061649727,predictions/masks/qata_test_sub-S09650_ses-E16538_run-1_bp-chest_vp-ap_cr.png,predictions/probabilities/qata_test_sub-S09650_ses-E16538_run-1_bp-chest_vp-ap_cr.npy
qata_test_sub-S09651_ses-E16807_run-1_bp-chest_vp-ap_dx,sub-S09651,unet,1002,0.8659557390222914,0.7635995955558422,100.0189981003799,18.188129340664872,predictions/masks/qata_test_sub-S09651_ses-E16807_run-1_bp-chest_vp-ap_dx.png,predictions/probabilities/qata_test_sub-S09651_ses-E16807_run-1_bp-chest_vp-ap_dx.npy
qata_test_sub-S09651_ses-E19416_run-1_bp-chest_vp-ap_dx,sub-S09651,unet,1002,0.7705869705464352,0.626792584826394,58.76432563716857,13.73037278973277,predictions/masks/qata_test_sub-S09651_ses-E19416_run-1_bp-chest_vp-ap_dx.png,predictions/probabilities/qata_test_sub-S09651_ses-E19416_run-1_bp-chest_vp-ap_dx.npy
qata_test_sub-S09651_ses-E19665_run-1_bp-chest_vp-ap_dx,sub-S09651,unet,1002,0.9293657950110508,0.8680516563746764,6.113594362117836,1.7661185719813222,predictions/masks/qata_test_sub-S09651_ses-E19665_run-1_bp-chest_vp-ap_dx.png,predictions/probabilities/qata_test_sub-S09651_ses-E19665_run-1_bp-chest_vp-ap_dx.npy
qata_test_sub-S09651_ses-E20193_run-1_bp-chest_vp-ap_dx,sub-S09651,unet,1002,0.8801641586875502,0.7859760566847548,40.0,5.80878291834107,predictions/masks/qata_test_sub-S09651_ses-E20193_run-1_bp-chest_vp-ap_dx.png,predictions/probabilities/qata_test_sub-S09651_ses-E20193_run-1_bp-chest_vp-ap_dx.npy
qata_test_sub-S09651_ses-E22019_run-1_bp-chest_vp-ap_dx,sub-S09651,unet,1002,0.49296875001980595,0.32711249355484123,32.3080073362377,10.173805792106515,predictions/masks/qata_test_sub-S09651_ses-E22019_run-1_bp-chest_vp-ap_dx.png,predictions/probabilities/qata_test_sub-S09651_ses-E22019_run-1_bp-chest_vp-ap_dx.npy
qata_test_sub-S09651_ses-E23114_run-1_bp-chest_vp-ap_dx,sub-S09651,unet,1002,0.8751692391015653,0.7780452575848336,29.536417034435406,6.34228932571238,predictions/masks/qata_test_sub-S09651_ses-E23114_run-1_bp-chest_vp-ap_dx.png,predictions/probabilities/qata_test_sub-S09651_ses-E23114_run-1_bp-chest_vp-ap_dx.npy
qata_test_sub-S09651_ses-E23644_run-1_bp-chest_vp-ap_dx,sub-S09651,unet,1002,0.2865975632062812,0.16726809596333542,65.62654127908118,29.13050511569386,predictions/masks/qata_test_sub-S09651_ses-E23644_run-1_bp-chest_vp-ap_dx.png,predictions/probabilities/qata_test_sub-S09651_ses-E23644_run-1_bp-chest_vp-ap_dx.npy
qata_test_sub-S09651_ses-E27113_run-1_bp-chest_vp-ap_dx,sub-S09651,unet,1002,0.7894345238110906,0.6521204671216703,33.24154027718932,6.875401907892454,predictions/masks/qata_test_sub-S09651_ses-E27113_run-1_bp-chest_vp-ap_dx.png,predictions/probabilities/qata_test_sub-S09651_ses-E27113_run-1_bp-chest_vp-ap_dx.npy
qata_test_sub-S09653_ses-E16543_run-1_bp-chest_vp-ap_cr,sub-S09653,unet,1002,0.878323569176675,0.7830453997632976,6.824922359499582,2.0117358500716422,predictions/masks/qata_test_sub-S09653_ses-E16543_run-1_bp-chest_vp-ap_cr.png,predictions/probabilities/qata_test_sub-S09653_ses-E16543_run-1_bp-chest_vp-ap_cr.npy
qata_test_sub-S09653_ses-E16948_run-2_bp-chest_vp-ap_dx,sub-S09653,unet,1002,0.9712437095616389,0.9440950384353121,2.0,0.6607996490094921,predictions/masks/qata_test_sub-S09653_ses-E16948_run-2_bp-chest_vp-ap_dx.png,predictions/probabilities/qata_test_sub-S09653_ses-E16948_run-2_bp-chest_vp-ap_dx.npy
qata_test_sub-S09653_ses-E21504_run-1_bp-chest_vp-ap_cr,sub-S09653,unet,1002,0.374950768027111,0.2307319437836366,52.16703866257399,17.797771026056274,predictions/masks/qata_test_sub-S09653_ses-E21504_run-1_bp-chest_vp-ap_cr.png,predictions/probabilities/qata_test_sub-S09653_ses-E21504_run-1_bp-chest_vp-ap_cr.npy
qata_test_sub-S09653_ses-E21911_run-1_bp-chest_vp-pa_cr,sub-S09653,unet,1002,0.7490018148843104,0.59872334252722,35.48236489469571,5.192594372594219,predictions/masks/qata_test_sub-S09653_ses-E21911_run-1_bp-chest_vp-pa_cr.png,predictions/probabilities/qata_test_sub-S09653_ses-E21911_run-1_bp-chest_vp-pa_cr.npy
qata_test_sub-S09653_ses-E22819_run-1_bp-chest_vp-ap_dx,sub-S09653,unet,1002,0.6889040163418801,0.5254413291895028,14.092388155425098,4.321051613386218,predictions/masks/qata_test_sub-S09653_ses-E22819_run-1_bp-chest_vp-ap_dx.png,predictions/probabilities/qata_test_sub-S09653_ses-E22819_run-1_bp-chest_vp-ap_dx.npy
qata_test_sub-S09653_ses-E23000_run-1_bp-chest_vp-ap_dx,sub-S09653,unet,1002,0.9206021251481655,0.8528848783175706,8.54400374531753,1.844633845343725,predictions/masks/qata_test_sub-S09653_ses-E23000_run-1_bp-chest_vp-ap_dx.png,predictions/probabilities/qata_test_sub-S09653_ses-E23000_run-1_bp-chest_vp-ap_dx.npy
qata_test_sub-S09653_ses-E27070_run-1_bp-chest_vp-ap_cr,sub-S09653,unet,1002,0.8993987975965344,0.8171886380233748,7.0710678118654755,1.6519541071043948,predictions/masks/qata_test_sub-S09653_ses-E27070_run-1_bp-chest_vp-ap_cr.png,predictions/probabilities/qata_test_sub-S09653_ses-E27070_run-1_bp-chest_vp-ap_cr.npy
qata_test_sub-S09654_ses-E24109_run-1_bp-chest_vp-ap_dx,sub-S09654,unet,1002,0.8684799246453728,0.7675338189434436,19.03275420709992,3.456070641641958,predictions/masks/qata_test_sub-S09654_ses-E24109_run-1_bp-chest_vp-ap_dx.png,predictions/probabilities/qata_test_sub-S09654_ses-E24109_run-1_bp-chest_vp-ap_dx.npy
qata_test_sub-S09654_ses-E26317_acq-1_run-1_bp-chest_vp-pa_dx,sub-S09654,unet,1002,0.7269310280073871,0.5710067906828755,98.0825044372065,21.319103217606713,predictions/masks/qata_test_sub-S09654_ses-E26317_acq-1_run-1_bp-chest_vp-pa_dx.png,predictions/probabilities/qata_test_sub-S09654_ses-E26317_acq-1_run-1_bp-chest_vp-pa_dx.npy
qata_test_sub-S09655_ses-E16547_run-1_bp-chest_vp-pa_cr,sub-S09655,unet,1002,0.7441176470610371,0.5925058548065504,26.362770547869474,5.305570429368527,predictions/masks/qata_test_sub-S09655_ses-E16547_run-1_bp-chest_vp-pa_cr.png,predictions/probabilities/qata_test_sub-S09655_ses-E16547_run-1_bp-chest_vp-pa_cr.npy
qata_test_sub-S09656_ses-E27060_run-1_bp-chest_vp-ap_cr,sub-S09656,unet,1002,0.7293354943493244,0.5739795918910741,10.101732813243522,5.450919663420003,predictions/masks/qata_test_sub-S09656_ses-E27060_run-1_bp-chest_vp-ap_cr.png,predictions/probabilities/qata_test_sub-S09656_ses-E27060_run-1_bp-chest_vp-ap_cr.npy
qata_test_sub-S09656_ses-E27157_run-1_bp-chest_vp-ap_dx,sub-S09656,unet,1002,0.9380474257640565,0.8833232749961444,7.0,1.5872852025505972,predictions/masks/qata_test_sub-S09656_ses-E27157_run-1_bp-chest_vp-ap_dx.png,predictions/probabilities/qata_test_sub-S09656_ses-E27157_run-1_bp-chest_vp-ap_dx.npy
qata_test_sub-S09660_ses-E16558_run-1_bp-chest_vp-ap_dx,sub-S09660,unet,1002,0.7378787878837523,0.5846338535538825,82.2489814696535,15.476227641977456,predictions/masks/qata_test_sub-S09660_ses-E16558_run-1_bp-chest_vp-ap_dx.png,predictions/probabilities/qata_test_sub-S09660_ses-E16558_run-1_bp-chest_vp-ap_dx.npy
qata_test_sub-S09662_ses-E16562_run-1_bp-chest_vp-ap_dx,sub-S09662,unet,1002,0.954565767913343,0.9130806497590043,3.0,1.0571002783670205,predictions/masks/qata_test_sub-S09662_ses-E16562_run-1_bp-chest_vp-ap_dx.png,predictions/probabilities/qata_test_sub-S09662_ses-E16562_run-1_bp-chest_vp-ap_dx.npy
qata_test_sub-S09662_ses-E16854_run-1_bp-chest_vp-ap_dx,sub-S09662,unet,1002,0.4426854295091561,0.28426204821971907,93.47192091746055,22.327477752030816,predictions/masks/qata_test_sub-S09662_ses-E16854_run-1_bp-chest_vp-ap_dx.png,predictions/probabilities/qata_test_sub-S09662_ses-E16854_run-1_bp-chest_vp-ap_dx.npy
qata_test_sub-S09662_ses-E17946_run-1_bp-chest_vp-ap_cr,sub-S09662,unet,1002,0.9067524115830585,0.8294117647309689,5.0,0.9664338802300825,predictions/masks/qata_test_sub-S09662_ses-E17946_run-1_bp-chest_vp-ap_cr.png,predictions/probabilities/qata_test_sub-S09662_ses-E17946_run-1_bp-chest_vp-ap_cr.npy
qata_test_sub-S09662_ses-E18646_run-1_bp-chest_vp-ap_dx,sub-S09662,unet,1002,0.9359047078846187,0.8795309168455172,6.4031242374328485,1.612505068257451,predictions/masks/qata_test_sub-S09662_ses-E18646_run-1_bp-chest_vp-ap_dx.png,predictions/probabilities/qata_test_sub-S09662_ses-E18646_run-1_bp-chest_vp-ap_dx.npy
qata_test_sub-S09662_ses-E19021_run-1_bp-chest_vp-ap_cr,sub-S09662,unet,1002,0.9504064082933773,0.9054994388338327,5.0,1.2870310786824144,predictions/masks/qata_test_sub-S09662_ses-E19021_run-1_bp-chest_vp-ap_cr.png,predictions/probabilities/qata_test_sub-S09662_ses-E19021_run-1_bp-chest_vp-ap_cr.npy
qata_test_sub-S09662_ses-E19169_run-1_bp-chest_vp-ap_dx,sub-S09662,unet,1002,0.7985453547427025,0.6646487721340416,23.02172886644268,4.514789934387045,predictions/masks/qata_test_sub-S09662_ses-E19169_run-1_bp-chest_vp-ap_dx.png,predictions/probabilities/qata_test_sub-S09662_ses-E19169_run-1_bp-chest_vp-ap_dx.npy
qata_test_sub-S09662_ses-E19249_run-1_bp-chest_vp-ap_dx,sub-S09662,unet,1002,0.9432938151695315,0.8926736955943708,7.810249675906654,1.5650801334040427,predictions/masks/qata_test_sub-S09662_ses-E19249_run-1_bp-chest_vp-ap_dx.png,predictions/probabilities/qata_test_sub-S09662_ses-E19249_run-1_bp-chest_vp-ap_dx.npy
qata_test_sub-S09662_ses-E19505_run-1_bp-chest_vp-ap_cr,sub-S09662,unet,1002,0.5586592178995095,0.38759689926796353,84.48313378167455,27.59061441755151,predictions/masks/qata_test_sub-S09662_ses-E19505_run-1_bp-chest_vp-ap_cr.png,predictions/probabilities/qata_test_sub-S09662_ses-E19505_run-1_bp-chest_vp-ap_cr.npy
qata_test_sub-S09662_ses-E20072_run-1_bp-chest_vp-ap_dx,sub-S09662,unet,1002,0.9645234437863761,0.931477818593791,2.23606797749979,0.7839656632012963,predictions/masks/qata_test_sub-S09662_ses-E20072_run-1_bp-chest_vp-ap_dx.png,predictions/probabilities/qata_test_sub-S09662_ses-E20072_run-1_bp-chest_vp-ap_dx.npy
qata_test_sub-S09662_ses-E20481_run-1_bp-chest_vp-ap_cr,sub-S09662,unet,1002,0.6415028700705948,0.4722151088483428,51.0,12.037012938348314,predictions/masks/qata_test_sub-S09662_ses-E20481_run-1_bp-chest_vp-ap_cr.png,predictions/probabilities/qata_test_sub-S09662_ses-E20481_run-1_bp-chest_vp-ap_cr.npy
qata_test_sub-S09662_ses-E20718_run-1_bp-chest_vp-ap_dx,sub-S09662,unet,1002,0.9575712790199054,0.9185964083185421,4.47213595499958,1.2038551597774463,predictions/masks/qata_test_sub-S09662_ses-E20718_run-1_bp-chest_vp-ap_dx.png,predictions/probabilities/qata_test_sub-S09662_ses-E20718_run-1_bp-chest_vp-ap_dx.npy
qata_test_sub-S09662_ses-E20860_run-1_bp-chest_vp-ap_dx,sub-S09662,unet,1002,0.9678509027375198,0.9377045480201139,2.23606797749979,0.8639904450924752,predictions/masks/qata_test_sub-S09662_ses-E20860_run-1_bp-chest_vp-ap_dx.png,predictions/probabilities/qata_test_sub-S09662_ses-E20860_run-1_bp-chest_vp-ap_dx.npy
qata_test_sub-S09662_ses-E21005_run-1_bp-chest_vp-ap_dx,sub-S09662,unet,1002,0.9223487803613546,0.8558880308894219,11.180339887498949,2.5765388079060942,predictions/masks/qata_test_sub-S09662_ses-E21005_run-1_bp-chest_vp-ap_dx.png,predictions/probabilities/qata_test_sub-S09662_ses-E21005_run-1_bp-chest_vp-ap_dx.npy
qata_test_sub-S09662_ses-E21938_run-1_bp-chest_vp-ap_dx,sub-S09662,unet,1002,0.6929300035201114,0.5301399354207462,35.91931928720351,7.509759999960592,predictions/masks/qata_test_sub-S09662_ses-E21938_run-1_bp-chest_vp-ap_dx.png,predictions/probabilities/qata_test_sub-S09662_ses-E21938_run-1_bp-chest_vp-ap_dx.npy
qata_test_sub-S09662_ses-E22686_run-1_bp-chest_vp-ap_dx,sub-S09662,unet,1002,0.9354213755252226,0.878677585685795,22.010221995495357,2.9116774826544405,predictions/masks/qata_test_sub-S09662_ses-E22686_run-1_bp-chest_vp-ap_dx.png,predictions/probabilities/qata_test_sub-S09662_ses-E22686_run-1_bp-chest_vp-ap_dx.npy
qata_test_sub-S09662_ses-E23871_run-1_bp-chest_vp-ap_cr,sub-S09662,unet,1002,0.9629924393158046,0.9286262471229391,3.605551275463989,0.8847438813153172,predictions/masks/qata_test_sub-S09662_ses-E23871_run-1_bp-chest_vp-ap_cr.png,predictions/probabilities/qata_test_sub-S09662_ses-E23871_run-1_bp-chest_vp-ap_cr.npy
qata_test_sub-S09662_ses-E25590_run-1_bp-chest_vp-pa_dx,sub-S09662,unet,1002,0.933918430563067,0.8760290556912733,7.531857301718061,1.7773414234168972,predictions/masks/qata_test_sub-S09662_ses-E25590_run-1_bp-chest_vp-pa_dx.png,predictions/probabilities/qata_test_sub-S09662_ses-E25590_run-1_bp-chest_vp-pa_dx.npy
qata_test_sub-S09662_ses-E25888_run-1_bp-chest_vp-pa_dx,sub-S09662,unet,1002,0.8818615751795398,0.7886872998950112,19.4164878389476,3.870009305368293,predictions/masks/qata_test_sub-S09662_ses-E25888_run-1_bp-chest_vp-pa_dx.png,predictions/probabilities/qata_test_sub-S09662_ses-E25888_run-1_bp-chest_vp-pa_dx.npy
qata_test_sub-S09663_ses-E16565_run-1_bp-chest_vp-pa_cr,sub-S09663,unet,1002,0.6232809430347918,0.4527292187137807,19.600444889568625,5.341139796249283,predictions/masks/qata_test_sub-S09663_ses-E16565_run-1_bp-chest_vp-pa_cr.png,predictions/probabilities/qata_test_sub-S09663_ses-E16565_run-1_bp-chest_vp-pa_cr.npy
qata_test_sub-S09663_ses-E24207_run-1_bp-chest_vp-pa_cr,sub-S09663,unet,1002,0.9116854750643488,0.8377040406765092,12.0,2.239634361837001,predictions/masks/qata_test_sub-S09663_ses-E24207_run-1_bp-chest_vp-pa_cr.png,predictions/probabilities/qata_test_sub-S09663_ses-E24207_run-1_bp-chest_vp-pa_cr.npy
qata_test_sub-S09665_ses-E25263_run-1_bp-chest_vp-pa_dx,sub-S09665,unet,1002,0.6047311828126998,0.43341553640977704,118.47071901506624,31.659584194719926,predictions/masks/qata_test_sub-S09665_ses-E25263_run-1_bp-chest_vp-pa_dx.png,predictions/probabilities/qata_test_sub-S09665_ses-E25263_run-1_bp-chest_vp-pa_dx.npy
qata_test_sub-S09668_ses-E16574_run-1_bp-chest_vp-ap_cr,sub-S09668,unet,1002,5.22193211460982e-11,5.22193211460982e-11,110.27579833082733,86.18553774227689,predictions/masks/qata_test_sub-S09668_ses-E16574_run-1_bp-chest_vp-ap_cr.png,predictions/probabilities/qata_test_sub-S09668_ses-E16574_run-1_bp-chest_vp-ap_cr.npy
qata_test_sub-S09669_ses-E16870_run-1_bp-chest_vp-ap_dx,sub-S09669,unet,1002,1.5128593038558457e-10,1.5128593038558457e-10,94.0,68.84005403370284,predictions/masks/qata_test_sub-S09669_ses-E16870_run-1_bp-chest_vp-ap_dx.png,predictions/probabilities/qata_test_sub-S09669_ses-E16870_run-1_bp-chest_vp-ap_dx.npy
qata_test_sub-S09669_ses-E18824_run-1_bp-chest_cr,sub-S09669,unet,1002,0.6925929119626404,0.529745416178212,31.160527289697807,6.952951839159519,predictions/masks/qata_test_sub-S09669_ses-E18824_run-1_bp-chest_cr.png,predictions/probabilities/qata_test_sub-S09669_ses-E18824_run-1_bp-chest_cr.npy
qata_test_sub-S09669_ses-E19046_run-1_bp-chest_cr,sub-S09669,unet,1002,0.9754661432778837,0.9521072796940983,2.0,0.5522245239398799,predictions/masks/qata_test_sub-S09669_ses-E19046_run-1_bp-chest_cr.png,predictions/probabilities/qata_test_sub-S09669_ses-E19046_run-1_bp-chest_cr.npy
qata_test_sub-S09669_ses-E19549_run-1_bp-chest_vp-ap_dx,sub-S09669,unet,1002,0.9452469875276919,0.8961785141649361,4.0,1.2699876558492191,predictions/masks/qata_test_sub-S09669_ses-E19549_run-1_bp-chest_vp-ap_dx.png,predictions/probabilities/qata_test_sub-S09669_ses-E19549_run-1_bp-chest_vp-ap_dx.npy
qata_test_sub-S09669_ses-E20245_run-1_bp-chest_vp-ap_dx,sub-S09669,unet,1002,0.7391304347850015,0.5862068965577447,27.16615541441225,5.53710380692562,predictions/masks/qata_test_sub-S09669_ses-E20245_run-1_bp-chest_vp-ap_dx.png,predictions/probabilities/qata_test_sub-S09669_ses-E20245_run-1_bp-chest_vp-ap_dx.npy
qata_test_sub-S09669_ses-E21584_run-1_bp-chest_vp-ap_dx,sub-S09669,unet,1002,0.9541260726501444,0.9122763726105827,6.0,1.169081109052305,predictions/masks/qata_test_sub-S09669_ses-E21584_run-1_bp-chest_vp-ap_dx.png,predictions/probabilities/qata_test_sub-S09669_ses-E21584_run-1_bp-chest_vp-ap_dx.npy
qata_test_sub-S09669_ses-E21879_acq-1_run-1_bp-chest_vp-ap_dx,sub-S09669,unet,1002,0.5925187032469761,0.4209780297763824,86.52153337079734,27.580073782614523,predictions/masks/qata_test_sub-S09669_ses-E21879_acq-1_run-1_bp-chest_vp-ap_dx.png,predictions/probabilities/qata_test_sub-S09669_ses-E21879_acq-1_run-1_bp-chest_vp-ap_dx.npy
qata_test_sub-S09669_ses-E22091_run-1_bp-chest_vp-ap_dx,sub-S09669,unet,1002,0.0896910035797186,0.04695104497432147,124.64104053248508,49.31060555265529,predictions/masks/qata_test_sub-S09669_ses-E22091_run-1_bp-chest_vp-ap_dx.png,predictions/probabilities/qata_test_sub-S09669_ses-E22091_run-1_bp-chest_vp-ap_dx.npy
qata_test_sub-S09669_ses-E22250_run-1_bp-chest_vp-ap_dx,sub-S09669,unet,1002,0.8673740053109031,0.7658079625475559,6.0,1.4803047996982774,predictions/masks/qata_test_sub-S09669_ses-E22250_run-1_bp-chest_vp-ap_dx.png,predictions/probabilities/qata_test_sub-S09669_ses-E22250_run-1_bp-chest_vp-ap_dx.npy
qata_test_sub-S09669_ses-E22709_run-1_bp-chest_cr,sub-S09669,unet,1002,0.9270205066349395,0.8639685216429007,10.954065922853792,1.9928700967846515,predictions/masks/qata_test_sub-S09669_ses-E22709_run-1_bp-chest_cr.png,predictions/probabilities/qata_test_sub-S09669_ses-E22709_run-1_bp-chest_cr.npy
qata_test_sub-S09669_ses-E22898_run-1_bp-chest_vp-ap_dx,sub-S09669,unet,1002,0.8841373986886597,0.7923353624821204,16.38285963624316,3.73054168306762,predictions/masks/qata_test_sub-S09669_ses-E22898_run-1_bp-chest_vp-ap_dx.png,predictions/probabilities/qata_test_sub-S09669_ses-E22898_run-1_bp-chest_vp-ap_dx.npy
qata_test_sub-S09670_ses-E16577_run-1_bp-chest_vp-ap_cr,sub-S09670,unet,1002,0.805309734515808,0.6740740740811748,11.031752712031079,2.5030625774156205,predictions/masks/qata_test_sub-S09670_ses-E16577_run-1_bp-chest_vp-ap_cr.png,predictions/probabilities/qata_test_sub-S09670_ses-E16577_run-1_bp-chest_vp-ap_cr.npy
qata_test_sub-S09670_ses-E17050_run-1_bp-chest_vp-ap_cr,sub-S09670,unet,1002,0.5264928511752318,0.3573059361464263,110.42779743029169,41.048428358156094,predictions/masks/qata_test_sub-S09670_ses-E17050_run-1_bp-chest_vp-ap_cr.png,predictions/probabilities/qata_test_sub-S09670_ses-E17050_run-1_bp-chest_vp-ap_cr.npy
qata_test_sub-S09670_ses-E17147_run-1_bp-chest_vp-pa_cr,sub-S09670,unet,1002,0.5548163147366267,0.3839071257252239,29.017220926874316,8.816363747219173,predictions/masks/qata_test_sub-S09670_ses-E17147_run-1_bp-chest_vp-pa_cr.png,predictions/probabilities/qata_test_sub-S09670_ses-E17147_run-1_bp-chest_vp-pa_cr.npy
qata_test_sub-S09670_ses-E17925_run-1_bp-chest_vp-ap_cr,sub-S09670,unet,1002,0.6776859504398606,0.5125000000609375,16.461743844415853,3.4266569684192927,predictions/masks/qata_test_sub-S09670_ses-E17925_run-1_bp-chest_vp-ap_cr.png,predictions/probabilities/qata_test_sub-S09670_ses-E17925_run-1_bp-chest_vp-ap_cr.npy
qata_test_sub-S09670_ses-E18811_run-1_bp-chest_vp-ap_cr,sub-S09670,unet,1002,0.8880503144660794,0.7986425339388208,8.94427190999916,1.9976759255097247,predictions/masks/qata_test_sub-S09670_ses-E18811_run-1_bp-chest_vp-ap_cr.png,predictions/probabilities/qata_test_sub-S09670_ses-E18811_run-1_bp-chest_vp-ap_cr.npy
qata_test_sub-S09670_ses-E19746_run-1_bp-chest_vp-ap_cr,sub-S09670,unet,1002,0.7719626168245611,0.6286149162918019,44.41677592802413,7.510165169384639,predictions/masks/qata_test_sub-S09670_ses-E19746_run-1_bp-chest_vp-ap_cr.png,predictions/probabilities/qata_test_sub-S09670_ses-E19746_run-1_bp-chest_vp-ap_cr.npy
qata_test_sub-S09670_ses-E20338_run-1_bp-chest_vp-ap_cr,sub-S09670,unet,1002,0.8984358027378968,0.8156000394456602,12.571665380227804,2.164793194115277,predictions/masks/qata_test_sub-S09670_ses-E20338_run-1_bp-chest_vp-ap_cr.png,predictions/probabilities/qata_test_sub-S09670_ses-E20338_run-1_bp-chest_vp-ap_cr.npy
qata_test_sub-S09670_ses-E20877_run-1_bp-chest_vp-ap_cr,sub-S09670,unet,1002,0.9091028676670014,0.8333534306061333,12.0,2.0881080945584185,predictions/masks/qata_test_sub-S09670_ses-E20877_run-1_bp-chest_vp-ap_cr.png,predictions/probabilities/qata_test_sub-S09670_ses-E20877_run-1_bp-chest_vp-ap_cr.npy
qata_test_sub-S09670_ses-E21243_run-1_bp-chest_vp-ap_cr,sub-S09670,unet,1002,0.9365647127532187,0.880697419002187,33.902709178826335,5.0053984390451065,predictions/masks/qata_test_sub-S09670_ses-E21243_run-1_bp-chest_vp-ap_cr.png,predictions/probabilities/qata_test_sub-S09670_ses-E21243_run-1_bp-chest_vp-ap_cr.npy
qata_test_sub-S09670_ses-E21871_run-1_bp-chest_vp-ap_cr,sub-S09670,unet,1002,0.8284866468868177,0.7071935157115705,21.44887469722614,4.932595368974852,predictions/masks/qata_test_sub-S09670_ses-E21871_run-1_bp-chest_vp-ap_cr.png,predictions/probabilities/qata_test_sub-S09670_ses-E21871_run-1_bp-chest_vp-ap_cr.npy
qata_test_sub-S09670_ses-E22086_run-1_bp-chest_vp-ap_cr,sub-S09670,unet,1002,0.9700989896929784,0.9419342053117129,2.23606797749979,0.7547130723418326,predictions/masks/qata_test_sub-S09670_ses-E22086_run-1_bp-chest_vp-ap_cr.png,predictions/probabilities/qata_test_sub-S09670_ses-E22086_run-1_bp-chest_vp-ap_cr.npy
qata_test_sub-S09670_ses-E22447_run-1_bp-chest_vp-ap_cr,sub-S09670,unet,1002,0.7929772234287352,0.6569695608260476,20.054863183232975,3.813487675975921,predictions/masks/qata_test_sub-S09670_ses-E22447_run-1_bp-chest_vp-ap_cr.png,predictions/probabilities/qata_test_sub-S09670_ses-E22447_run-1_bp-chest_vp-ap_cr.npy
qata_test_sub-S09670_ses-E22700_run-1_bp-chest_vp-ap_cr,sub-S09670,unet,1002,0.9668461320489269,0.9358200767971934,2.8284271247461903,0.8283468436786954,predictions/masks/qata_test_sub-S09670_ses-E22700_run-1_bp-chest_vp-ap_cr.png,predictions/probabilities/qata_test_sub-S09670_ses-E22700_run-1_bp-chest_vp-ap_cr.npy
qata_test_sub-S09670_ses-E23064_run-1_bp-chest_vp-ap_cr,sub-S09670,unet,1002,0.8180555555587143,0.6921269095272583,37.85567854449575,5.9802464883146556,predictions/masks/qata_test_sub-S09670_ses-E23064_run-1_bp-chest_vp-ap_cr.png,predictions/probabilities/qata_test_sub-S09670_ses-E23064_run-1_bp-chest_vp-ap_cr.npy
qata_test_sub-S09670_ses-E23205_run-1_bp-chest_vp-ap_cr,sub-S09670,unet,1002,0.857865929022083,0.7511079047742851,23.135408172945603,4.173690401912175,predictions/masks/qata_test_sub-S09670_ses-E23205_run-1_bp-chest_vp-ap_cr.png,predictions/probabilities/qata_test_sub-S09670_ses-E23205_run-1_bp-chest_vp-ap_cr.npy
qata_test_sub-S09670_ses-E24775_run-1_bp-chest_vp-ap_cr,sub-S09670,unet,1002,0.8889121338923754,0.8000376576953485,16.985268652839455,2.5967512828885138,predictions/masks/qata_test_sub-S09670_ses-E24775_run-1_bp-chest_vp-ap_cr.png,predictions/probabilities/qata_test_sub-S09670_ses-E24775_run-1_bp-chest_vp-ap_cr.npy
qata_test_sub-S09670_ses-E25931_run-1_bp-chest_vp-pa_cr,sub-S09670,unet,1002,0.9370593513654786,0.8815726000974307,8.966563145999487,1.6163673732078667,predictions/masks/qata_test_sub-S09670_ses-E25931_run-1_bp-chest_vp-pa_cr.png,predictions/probabilities/qata_test_sub-S09670_ses-E25931_run-1_bp-chest_vp-pa_cr.npy
qata_test_sub-S09672_ses-E16580_acq-1_run-1_bp-chest_cr,sub-S09672,unet,1002,0.8165159447903793,0.6899255982366795,48.923349483639626,12.345463949847659,predictions/masks/qata_test_sub-S09672_ses-E16580_acq-1_run-1_bp-chest_cr.png,predictions/probabilities/qata_test_sub-S09672_ses-E16580_acq-1_run-1_bp-chest_cr.npy
qata_test_sub-S09673_ses-E16581_run-1_bp-chest_vp-ap_dx,sub-S09673,unet,1002,0.4355012576457869,0.2783647221111997,96.27678322022602,24.747375762570677,predictions/masks/qata_test_sub-S09673_ses-E16581_run-1_bp-chest_vp-ap_dx.png,predictions/probabilities/qata_test_sub-S09673_ses-E16581_run-1_bp-chest_vp-ap_dx.npy
qata_test_sub-S09673_ses-E16742_run-1_bp-chest_vp-pa_cr,sub-S09673,unet,1002,0.5867217280878856,0.4151494718045595,27.793882763907646,7.375751743465991,predictions/masks/qata_test_sub-S09673_ses-E16742_run-1_bp-chest_vp-pa_cr.png,predictions/probabilities/qata_test_sub-S09673_ses-E16742_run-1_bp-chest_vp-pa_cr.npy
qata_test_sub-S09673_ses-E18520_run-1_bp-chest_vp-ap_dx,sub-S09673,unet,1002,0.8407021496307078,0.7251821862392683,68.73350586106204,11.63043238741404,predictions/masks/qata_test_sub-S09673_ses-E18520_run-1_bp-chest_vp-ap_dx.png,predictions/probabilities/qata_test_sub-S09673_ses-E18520_run-1_bp-chest_vp-ap_dx.npy
qata_test_sub-S09673_ses-E18802_run-1_bp-chest_cr,sub-S09673,unet,1002,0.9552217555353084,0.9142818206607484,4.0738633753705855,1.0355518662194048,predictions/masks/qata_test_sub-S09673_ses-E18802_run-1_bp-chest_cr.png,predictions/probabilities/qata_test_sub-S09673_ses-E18802_run-1_bp-chest_cr.npy
qata_test_sub-S09673_ses-E19171_run-1_bp-chest_vp-ap_dx,sub-S09673,unet,1002,0.9634825935883861,0.9295382669205624,2.8284271247461903,0.8584988608987388,predictions/masks/qata_test_sub-S09673_ses-E19171_run-1_bp-chest_vp-ap_dx.png,predictions/probabilities/qata_test_sub-S09673_ses-E19171_run-1_bp-chest_vp-ap_dx.npy
qata_test_sub-S09673_ses-E19256_run-1_bp-chest_cr,sub-S09673,unet,1002,0.9240912739369104,0.8588937440066194,10.258605897616814,2.0179775580607084,predictions/masks/qata_test_sub-S09673_ses-E19256_run-1_bp-chest_cr.png,predictions/probabilities/qata_test_sub-S09673_ses-E19256_run-1_bp-chest_cr.npy
qata_test_sub-S09673_ses-E19520_run-1_bp-chest_cr,sub-S09673,unet,1002,0.7907305173976715,0.6538910712426595,56.56784084578393,8.531601273402488,predictions/masks/qata_test_sub-S09673_ses-E19520_run-1_bp-chest_cr.png,predictions/probabilities/qata_test_sub-S09673_ses-E19520_run-1_bp-chest_cr.npy
qata_test_sub-S09673_ses-E19739_run-1_bp-chest_cr,sub-S09673,unet,1002,0.9450537458397716,0.8958311782363109,7.211102550927978,1.4427300168504935,predictions/masks/qata_test_sub-S09673_ses-E19739_run-1_bp-chest_cr.png,predictions/probabilities/qata_test_sub-S09673_ses-E19739_run-1_bp-chest_cr.npy
qata_test_sub-S09673_ses-E20324_run-1_bp-chest_vp-ap_dx,sub-S09673,unet,1002,0.8862695125848331,0.7957665903929106,9.219544457292887,2.47564939501824,predictions/masks/qata_test_sub-S09673_ses-E20324_run-1_bp-chest_vp-ap_dx.png,predictions/probabilities/qata_test_sub-S09673_ses-E20324_run-1_bp-chest_vp-ap_dx.npy
qata_test_sub-S09673_ses-E20498_run-1_bp-chest_cr,sub-S09673,unet,1002,0.814121462265521,0.6865133623407519,70.21395872616783,9.454734188274244,predictions/masks/qata_test_sub-S09673_ses-E20498_run-1_bp-chest_cr.png,predictions/probabilities/qata_test_sub-S09673_ses-E20498_run-1_bp-chest_cr.npy
qata_test_sub-S09673_ses-E21409_run-1_bp-chest_cr,sub-S09673,unet,1002,0.9538688282980555,0.9118061425766159,4.0,0.9684926148743151,predictions/masks/qata_test_sub-S09673_ses-E21409_run-1_bp-chest_cr.png,predictions/probabilities/qata_test_sub-S09673_ses-E21409_run-1_bp-chest_cr.npy
qata_test_sub-S09673_ses-E21736_run-1_bp-chest_cr,sub-S09673,unet,1002,0.9666666666669051,0.9354838709686352,2.0,0.7779655914429554,predictions/masks/qata_test_sub-S09673_ses-E21736_run-1_bp-chest_cr.png,predictions/probabilities/qata_test_sub-S09673_ses-E21736_run-1_bp-chest_cr.npy
qata_test_sub-S09673_ses-E21873_run-1_bp-chest_vp-ap_dx,sub-S09673,unet,1002,0.9434786260187833,0.8930047694770588,33.00530181345342,3.441459368594393,predictions/masks/qata_test_sub-S09673_ses-E21873_run-1_bp-chest_vp-ap_dx.png,predictions/probabilities/qata_test_sub-S09673_ses-E21873_run-1_bp-chest_vp-ap_dx.npy
qata_test_sub-S09673_ses-E22080_run-1_bp-chest_vp-ap_dx,sub-S09673,unet,1002,0.9448818897642618,0.8955223880614341,5.064362683835297,1.2891748463112218,predictions/masks/qata_test_sub-S09673_ses-E22080_run-1_bp-chest_vp-ap_dx.png,predictions/probabilities/qata_test_sub-S09673_ses-E22080_run-1_bp-chest_vp-ap_dx.npy
qata_test_sub-S09673_ses-E22232_run-1_bp-chest_vp-ap_dx,sub-S09673,unet,1002,0.7335010644500338,0.5791564792240349,45.26808901278787,10.237455017358077,predictions/masks/qata_test_sub-S09673_ses-E22232_run-1_bp-chest_vp-ap_dx.png,predictions/probabilities/qata_test_sub-S09673_ses-E22232_run-1_bp-chest_vp-ap_dx.npy
qata_test_sub-S09673_ses-E22399_run-1_bp-chest_cr,sub-S09673,unet,1002,0.9767022395912787,0.9544653349005634,2.0,0.6135532624282252,predictions/masks/qata_test_sub-S09673_ses-E22399_run-1_bp-chest_cr.png,predictions/probabilities/qata_test_sub-S09673_ses-E22399_run-1_bp-chest_cr.npy
qata_test_sub-S09673_ses-E22684_run-1_bp-chest_cr,sub-S09673,unet,1002,0.8449878569647016,0.7315835266860269,34.49041920106469,5.772952668054418,predictions/masks/qata_test_sub-S09673_ses-E22684_run-1_bp-chest_cr.png,predictions/probabilities/qata_test_sub-S09673_ses-E22684_run-1_bp-chest_cr.npy
qata_test_sub-S09673_ses-E22871_run-1_bp-chest_cr,sub-S09673,unet,1002,0.8823626464289527,0.7894892235047315,20.50486318323302,5.335502034178165,predictions/masks/qata_test_sub-S09673_ses-E22871_run-1_bp-chest_cr.png,predictions/probabilities/qata_test_sub-S09673_ses-E22871_run-1_bp-chest_cr.npy
qata_test_sub-S09673_ses-E23052_run-1_bp-chest_vp-ap_dx,sub-S09673,unet,1002,0.890460306872709,0.8025493025540512,10.353500688156418,2.316294352475043,predictions/masks/qata_test_sub-S09673_ses-E23052_run-1_bp-chest_vp-ap_dx.png,predictions/probabilities/qata_test_sub-S09673_ses-E23052_run-1_bp-chest_vp-ap_dx.npy
qata_test_sub-S09673_ses-E23879_run-1_bp-chest_vp-pa_cr,sub-S09673,unet,1002,0.29812606479573034,0.17517517525774023,139.53851612883295,35.52081121606386,predictions/masks/qata_test_sub-S09673_ses-E23879_run-1_bp-chest_vp-pa_cr.png,predictions/probabilities/qata_test_sub-S09673_ses-E23879_run-1_bp-chest_vp-pa_cr.npy
qata_test_sub-S09673_ses-E25042_run-1_bp-chest_vp-ap_dx,sub-S09673,unet,1002,0.9415765069557798,0.8896028037404672,5.0,1.4572053647485905,predictions/masks/qata_test_sub-S09673_ses-E25042_run-1_bp-chest_vp-ap_dx.png,predictions/probabilities/qata_test_sub-S09673_ses-E25042_run-1_bp-chest_vp-ap_dx.npy
qata_test_sub-S09673_ses-E26368_run-1_bp-chest_vp-ap_dx,sub-S09673,unet,1002,0.9132806275668733,0.8404015339517211,27.305388784679284,3.268662187754132,predictions/masks/qata_test_sub-S09673_ses-E26368_run-1_bp-chest_vp-ap_dx.png,predictions/probabilities/qata_test_sub-S09673_ses-E26368_run-1_bp-chest_vp-ap_dx.npy
qata_test_sub-S09674_ses-E16582_run-1_bp-chest_vp-ap_dx,sub-S09674,unet,1002,0.9451143050065346,0.8959400146315295,8.0,1.6628703277721713,predictions/masks/qata_test_sub-S09674_ses-E16582_run-1_bp-chest_vp-ap_dx.png,predictions/probabilities/qata_test_sub-S09674_ses-E16582_run-1_bp-chest_vp-ap_dx.npy
qata_test_sub-S09675_ses-E16583_run-1_bp-chest_vp-ap_cr,sub-S09675,unet,1002,0.7621488057117134,0.6157030903473628,59.189474978391054,8.862424110445309,predictions/masks/qata_test_sub-S09675_ses-E16583_run-1_bp-chest_vp-ap_cr.png,predictions/probabilities/qata_test_sub-S09675_ses-E16583_run-1_bp-chest_vp-ap_cr.npy
qata_test_sub-S09675_ses-E23080_acq-1_run-1_bp-chest_cr,sub-S09675,unet,1002,0.554600843625143,0.38370082145733464,99.3133731079208,26.815223221913175,predictions/masks/qata_test_sub-S09675_ses-E23080_acq-1_run-1_bp-chest_cr.png,predictions/probabilities/qata_test_sub-S09675_ses-E23080_acq-1_run-1_bp-chest_cr.npy
qata_test_sub-S09675_ses-E24164_acq-1_run-1_bp-chest_cr,sub-S09675,unet,1002,0.796041308093889,0.6611865618419877,22.0,5.468835428362184,predictions/masks/qata_test_sub-S09675_ses-E24164_acq-1_run-1_bp-chest_cr.png,predictions/probabilities/qata_test_sub-S09675_ses-E24164_acq-1_run-1_bp-chest_cr.npy
qata_test_sub-S09676_ses-E16584_run-1_bp-chest_vp-ap_cr,sub-S09676,unet,1002,0.9339116437134058,0.8760171126593741,15.21178615946656,2.505302024984314,predictions/masks/qata_test_sub-S09676_ses-E16584_run-1_bp-chest_vp-ap_cr.png,predictions/probabilities/qata_test_sub-S09676_ses-E16584_run-1_bp-chest_vp-ap_cr.npy
qata_test_sub-S09676_ses-E17166_run-1_bp-chest_vp-ap_cr,sub-S09676,unet,1002,0.9595815501666211,0.9223034734924835,7.0710678118654755,1.4684151842707367,predictions/masks/qata_test_sub-S09676_ses-E17166_run-1_bp-chest_vp-ap_cr.png,predictions/probabilities/qata_test_sub-S09676_ses-E17166_run-1_bp-chest_vp-ap_cr.npy
qata_test_sub-S09676_ses-E17392_run-1_bp-chest_vp-ap_cr,sub-S09676,unet,1002,0.864721864722832,0.7616828315938823,30.27043995086985,5.367290284279843,predictions/masks/qata_test_sub-S09676_ses-E17392_run-1_bp-chest_vp-ap_cr.png,predictions/probabilities/qata_test_sub-S09676_ses-E17392_run-1_bp-chest_vp-ap_cr.npy
qata_test_sub-S09676_ses-E17490_run-1_bp-chest_vp-ap_cr,sub-S09676,unet,1002,0.8910609561064322,0.8035256410319382,5.094068537913138,1.9960170066124567,predictions/masks/qata_test_sub-S09676_ses-E17490_run-1_bp-chest_vp-ap_cr.png,predictions/probabilities/qata_test_sub-S09676_ses-E17490_run-1_bp-chest_vp-ap_cr.npy
qata_test_sub-S09676_ses-E18847_run-1_bp-chest_vp-ap_cr,sub-S09676,unet,1002,0.9671024278122535,0.9363004172467658,2.23606797749979,0.9357942472144982,predictions/masks/qata_test_sub-S09676_ses-E18847_run-1_bp-chest_vp-ap_cr.png,predictions/probabilities/qata_test_sub-S09676_ses-E18847_run-1_bp-chest_vp-ap_cr.npy
qata_test_sub-S09676_ses-E19073_run-1_bp-chest_vp-ap_cr,sub-S09676,unet,1002,0.9837532375795444,0.9680259499539571,1.4142135623730951,0.45829490653040383,predictions/masks/qata_test_sub-S09676_ses-E19073_run-1_bp-chest_vp-ap_cr.png,predictions/probabilities/qata_test_sub-S09676_ses-E19073_run-1_bp-chest_vp-ap_cr.npy
qata_test_sub-S09676_ses-E19188_run-1_bp-chest_vp-ap_cr,sub-S09676,unet,1002,0.9798574527425744,0.9605103280683864,2.0,0.5781727840362293,predictions/masks/qata_test_sub-S09676_ses-E19188_run-1_bp-chest_vp-ap_cr.png,predictions/probabilities/qata_test_sub-S09676_ses-E19188_run-1_bp-chest_vp-ap_cr.npy
qata_test_sub-S09676_ses-E19918_run-1_bp-chest_vp-ap_cr,sub-S09676,unet,1002,0.9350152594102339,0.8779611798878346,10.63014581273465,2.338623588349886,predictions/masks/qata_test_sub-S09676_ses-E19918_run-1_bp-chest_vp-ap_cr.png,predictions/probabilities/qata_test_sub-S09676_ses-E19918_run-1_bp-chest_vp-ap_cr.npy
qata_test_sub-S09676_ses-E20258_run-1_bp-chest_vp-ap_cr,sub-S09676,unet,1002,0.9778203843305686,0.956603290988519,2.23606797749979,0.6457425705994896,predictions/masks/qata_test_sub-S09676_ses-E20258_run-1_bp-chest_vp-ap_cr.png,predictions/probabilities/qata_test_sub-S09676_ses-E20258_run-1_bp-chest_vp-ap_cr.npy
qata_test_sub-S09676_ses-E21057_run-1_bp-chest_vp-ap_cr,sub-S09676,unet,1002,0.966489242072245,0.9351516030760543,6.32455532033676,1.6905076548147073,predictions/masks/qata_test_sub-S09676_ses-E21057_run-1_bp-chest_vp-ap_cr.png,predictions/probabilities/qata_test_sub-S09676_ses-E21057_run-1_bp-chest_vp-ap_cr.npy
qata_test_sub-S09676_ses-E21888_run-1_bp-chest_vp-ap_cr,sub-S09676,unet,1002,0.9774816176471623,0.9559550561801712,2.0,0.629959392406325,predictions/masks/qata_test_sub-S09676_ses-E21888_run-1_bp-chest_vp-ap_cr.png,predictions/probabilities/qata_test_sub-S09676_ses-E21888_run-1_bp-chest_vp-ap_cr.npy
qata_test_sub-S09676_ses-E21981_run-1_bp-chest_vp-ap_cr,sub-S09676,unet,1002,0.9705588171342876,0.9428016221701352,3.0,0.9371981640880674,predictions/masks/qata_test_sub-S09676_ses-E21981_run-1_bp-chest_vp-ap_cr.png,predictions/probabilities/qata_test_sub-S09676_ses-E21981_run-1_bp-chest_vp-ap_cr.npy
qata_test_sub-S09676_ses-E22108_run-1_bp-chest_vp-ap_cr,sub-S09676,unet,1002,0.9694497153701639,0.940710734671877,3.0,0.8786226856101613,predictions/masks/qata_test_sub-S09676_ses-E22108_run-1_bp-chest_vp-ap_cr.png,predictions/probabilities/qata_test_sub-S09676_ses-E22108_run-1_bp-chest_vp-ap_cr.npy
qata_test_sub-S09676_ses-E22286_run-1_bp-chest_vp-ap_cr,sub-S09676,unet,1002,0.9558782721304417,0.9154854712977012,7.545179782593586,1.3500233155206405,predictions/masks/qata_test_sub-S09676_ses-E22286_run-1_bp-chest_vp-ap_cr.png,predictions/probabilities/qata_test_sub-S09676_ses-E22286_run-1_bp-chest_vp-ap_cr.npy
qata_test_sub-S09676_ses-E22287_run-1_bp-chest_vp-ap_cr,sub-S09676,unet,1002,0.9724004305706248,0.94628341573832,4.0,0.8537148122682233,predictions/masks/qata_test_sub-S09676_ses-E22287_run-1_bp-chest_vp-ap_cr.png,predictions/probabilities/qata_test_sub-S09676_ses-E22287_run-1_bp-chest_vp-ap_cr.npy
qata_test_sub-S09676_ses-E22917_run-1_bp-chest_vp-ap_cr,sub-S09676,unet,1002,0.9042566368031697,0.8252449133396741,9.452479279013586,1.7306305901722543,predictions/masks/qata_test_sub-S09676_ses-E22917_run-1_bp-chest_vp-ap_cr.png,predictions/probabilities/qata_test_sub-S09676_ses-E22917_run-1_bp-chest_vp-ap_cr.npy
qata_test_sub-S09676_ses-E23071_run-1_bp-chest_vp-ap_cr,sub-S09676,unet,1002,0.9815260354013511,0.9637222644059418,1.4142135623730951,0.5378471207272041,predictions/masks/qata_test_sub-S09676_ses-E23071_run-1_bp-chest_vp-ap_cr.png,predictions/probabilities/qata_test_sub-S09676_ses-E23071_run-1_bp-chest_vp-ap_cr.npy
qata_test_sub-S09676_ses-E25670_run-1_bp-chest_vp-ap_dx,sub-S09676,unet,1002,0.961601000625631,0.9260419176111051,3.0,0.9904913249601676,predictions/masks/qata_test_sub-S09676_ses-E25670_run-1_bp-chest_vp-ap_dx.png,predictions/probabilities/qata_test_sub-S09676_ses-E25670_run-1_bp-chest_vp-ap_dx.npy
qata_test_sub-S09676_ses-E25985_run-1_bp-chest_vp-ap_cr,sub-S09676,unet,1002,0.9221399793876036,0.8555285118232309,9.0,1.9771726208489215,predictions/masks/qata_test_sub-S09676_ses-E25985_run-1_bp-chest_vp-ap_cr.png,predictions/probabilities/qata_test_sub-S09676_ses-E25985_run-1_bp-chest_vp-ap_cr.npy
qata_test_sub-S09677_ses-E18555_run-1_bp-chest_vp-pa_dx,sub-S09677,unet,1002,0.8074336283219923,0.6770555060944774,10.198039027185569,2.7105995390968656,predictions/masks/qata_test_sub-S09677_ses-E18555_run-1_bp-chest_vp-pa_dx.png,predictions/probabilities/qata_test_sub-S09677_ses-E18555_run-1_bp-chest_vp-pa_dx.npy
qata_test_sub-S09678_ses-E16587_run-1_bp-chest_vp-ap_dx,sub-S09678,unet,1002,0.9229661016952416,0.8569517664658356,11.22701890151897,2.353580902680559,predictions/masks/qata_test_sub-S09678_ses-E16587_run-1_bp-chest_vp-ap_dx.png,predictions/probabilities/qata_test_sub-S09678_ses-E16587_run-1_bp-chest_vp-ap_dx.npy
qata_test_sub-S09678_ses-E16889_run-1_bp-chest_vp-ap_dx,sub-S09678,unet,1002,0.5626947618373446,0.39149287632261515,36.95859830965712,10.463695772956948,predictions/masks/qata_test_sub-S09678_ses-E16889_run-1_bp-chest_vp-ap_dx.png,predictions/probabilities/qata_test_sub-S09678_ses-E16889_run-1_bp-chest_vp-ap_dx.npy
qata_test_sub-S09678_ses-E18317_run-1_bp-chest_vp-ap_cr,sub-S09678,unet,1002,0.7220208297386385,0.5649707339075644,48.53836456866749,7.5189806568731505,predictions/masks/qata_test_sub-S09678_ses-E18317_run-1_bp-chest_vp-ap_cr.png,predictions/probabilities/qata_test_sub-S09678_ses-E18317_run-1_bp-chest_vp-ap_cr.npy
qata_test_sub-S09678_ses-E18547_run-1_bp-chest_vp-ap_dx,sub-S09678,unet,1002,0.9547138248299092,0.9133516232288268,5.830951894845301,1.4611343706850761,predictions/masks/qata_test_sub-S09678_ses-E18547_run-1_bp-chest_vp-ap_dx.png,predictions/probabilities/qata_test_sub-S09678_ses-E18547_run-1_bp-chest_vp-ap_dx.npy
qata_test_sub-S09678_ses-E18683_run-1_bp-chest_vp-ap_cr,sub-S09678,unet,1002,0.9271792212285441,0.864244279730388,13.0,2.6338156353661324,predictions/masks/qata_test_sub-S09678_ses-E18683_run-1_bp-chest_vp-ap_cr.png,predictions/probabilities/qata_test_sub-S09678_ses-E18683_run-1_bp-chest_vp-ap_cr.npy
qata_test_sub-S09678_ses-E18865_run-1_bp-chest_vp-ap_dx,sub-S09678,unet,1002,0.9734160679295447,0.9482089457278857,2.8284271247461903,0.851772800209567,predictions/masks/qata_test_sub-S09678_ses-E18865_run-1_bp-chest_vp-ap_dx.png,predictions/probabilities/qata_test_sub-S09678_ses-E18865_run-1_bp-chest_vp-ap_dx.npy
qata_test_sub-S09678_ses-E19086_run-1_bp-chest_vp-ap_dx,sub-S09678,unet,1002,0.97515065339571,0.951506342495035,2.8284271247461903,0.7881360734079039,predictions/masks/qata_test_sub-S09678_ses-E19086_run-1_bp-chest_vp-ap_dx.png,predictions/probabilities/qata_test_sub-S09678_ses-E19086_run-1_bp-chest_vp-ap_dx.npy
qata_test_sub-S09678_ses-E19191_run-1_bp-chest_vp-ap_dx,sub-S09678,unet,1002,0.9704589278828752,0.9426131255623119,3.0,0.905838218491256,predictions/masks/qata_test_sub-S09678_ses-E19191_run-1_bp-chest_vp-ap_dx.png,predictions/probabilities/qata_test_sub-S09678_ses-E19191_run-1_bp-chest_vp-ap_dx.npy
qata_test_sub-S09678_ses-E19595_run-1_bp-chest_vp-ap_dx,sub-S09678,unet,1002,0.9795330788008402,0.9598871442593235,2.0,0.6517648325841059,predictions/masks/qata_test_sub-S09678_ses-E19595_run-1_bp-chest_vp-ap_dx.png,predictions/probabilities/qata_test_sub-S09678_ses-E19595_run-1_bp-chest_vp-ap_dx.npy
qata_test_sub-S09678_ses-E19776_run-1_bp-chest_vp-ap_dx,sub-S09678,unet,1002,0.9639208498796323,0.9303544519430627,4.123105625617661,1.2026592494329964,predictions/masks/qata_test_sub-S09678_ses-E19776_run-1_bp-chest_vp-ap_dx.png,predictions/probabilities/qata_test_sub-S09678_ses-E19776_run-1_bp-chest_vp-ap_dx.npy
qata_test_sub-S09678_ses-E19930_run-1_bp-chest_vp-ap_dx,sub-S09678,unet,1002,0.9740846244703186,0.9494785317624984,3.0,1.14440176673199,predictions/masks/qata_test_sub-S09678_ses-E19930_run-1_bp-chest_vp-ap_dx.png,predictions/probabilities/qata_test_sub-S09678_ses-E19930_run-1_bp-chest_vp-ap_dx.npy
qata_test_sub-S09678_ses-E20137_run-1_bp-chest_vp-ap_dx,sub-S09678,unet,1002,0.9740259740260544,0.9493670886079001,3.0,0.8477329340622667,predictions/masks/qata_test_sub-S09678_ses-E20137_run-1_bp-chest_vp-ap_dx.png,predictions/probabilities/qata_test_sub-S09678_ses-E20137_run-1_bp-chest_vp-ap_dx.npy
qata_test_sub-S09678_ses-E20356_run-1_bp-chest_vp-ap_cr,sub-S09678,unet,1002,0.9193594783779876,0.8507542147306943,16.241822743690825,2.730272954310309,predictions/masks/qata_test_sub-S09678_ses-E20356_run-1_bp-chest_vp-ap_cr.png,predictions/probabilities/qata_test_sub-S09678_ses-E20356_run-1_bp-chest_vp-ap_cr.npy
qata_test_sub-S09678_ses-E20363_run-1_bp-chest_vp-ap_cr,sub-S09678,unet,1002,0.8419412938721611,0.7270281630960317,12.078900834114338,2.3713486690550605,predictions/masks/qata_test_sub-S09678_ses-E20363_run-1_bp-chest_vp-ap_cr.png,predictions/probabilities/qata_test_sub-S09678_ses-E20363_run-1_bp-chest_vp-ap_cr.npy
qata_test_sub-S09678_ses-E20565_run-1_bp-chest_vp-ap_dx,sub-S09678,unet,1002,0.6971817106833997,0.5351334997387858,70.40596565632774,13.70094308551467,predictions/masks/qata_test_sub-S09678_ses-E20565_run-1_bp-chest_vp-ap_dx.png,predictions/probabilities/qata_test_sub-S09678_ses-E20565_run-1_bp-chest_vp-ap_dx.npy
qata_test_sub-S09678_ses-E20745_run-1_bp-chest_vp-ap_dx,sub-S09678,unet,1002,0.9678123295145826,0.9376321353070248,3.16227766016838,0.9200406142751573,predictions/masks/qata_test_sub-S09678_ses-E20745_run-1_bp-chest_vp-ap_dx.png,predictions/probabilities/qata_test_sub-S09678_ses-E20745_run-1_bp-chest_vp-ap_dx.npy
qata_test_sub-S09678_ses-E20898_run-1_bp-chest_vp-ap_dx,sub-S09678,unet,1002,0.9597459191965443,0.9226072138602485,5.0,1.2817561011339609,predictions/masks/qata_test_sub-S09678_ses-E20898_run-1_bp-chest_vp-ap_dx.png,predictions/probabilities/qata_test_sub-S09678_ses-E20898_run-1_bp-chest_vp-ap_dx.npy
qata_test_sub-S09678_ses-E21065_run-1_bp-chest_vp-ap_dx,sub-S09678,unet,1002,0.64140910601699,0.47211350293911014,61.4360829707461,13.380901550340488,predictions/masks/qata_test_sub-S09678_ses-E21065_run-1_bp-chest_vp-ap_dx.png,predictions/probabilities/qata_test_sub-S09678_ses-E21065_run-1_bp-chest_vp-ap_dx.npy
qata_test_sub-S09678_ses-E21613_run-1_bp-chest_vp-ap_dx,sub-S09678,unet,1002,0.9548259520645228,0.9135568893533823,5.0990195135927845,1.5091228101763072,predictions/masks/qata_test_sub-S09678_ses-E21613_run-1_bp-chest_vp-ap_dx.png,predictions/probabilities/qata_test_sub-S09678_ses-E21613_run-1_bp-chest_vp-ap_dx.npy
qata_test_sub-S09678_ses-E22133_run-1_bp-chest_vp-ap_dx,sub-S09678,unet,1002,0.9513293240002914,0.9071764337204188,6.0,1.8130062175846433,predictions/masks/qata_test_sub-S09678_ses-E22133_run-1_bp-chest_vp-ap_dx.png,predictions/probabilities/qata_test_sub-S09678_ses-E22133_run-1_bp-chest_vp-ap_dx.npy
qata_test_sub-S09678_ses-E22514_run-1_bp-chest_vp-ap_dx,sub-S09678,unet,1002,0.9518781436166237,0.9081750731746772,4.147012637917964,1.432937864876221,predictions/masks/qata_test_sub-S09678_ses-E22514_run-1_bp-chest_vp-ap_dx.png,predictions/probabilities/qata_test_sub-S09678_ses-E22514_run-1_bp-chest_vp-ap_dx.npy
qata_test_sub-S09678_ses-E22732_run-1_bp-chest_vp-ap_cr,sub-S09678,unet,1002,0.962793701256953,0.9282567049815301,3.0,1.0437448024207667,predictions/masks/qata_test_sub-S09678_ses-E22732_run-1_bp-chest_vp-ap_cr.png,predictions/probabilities/qata_test_sub-S09678_ses-E22732_run-1_bp-chest_vp-ap_cr.npy
qata_test_sub-S09678_ses-E23254_run-1_bp-chest_vp-ap_dx,sub-S09678,unet,1002,0.9717707442259307,0.9450915141434603,2.23606797749979,0.9711933858084091,predictions/masks/qata_test_sub-S09678_ses-E23254_run-1_bp-chest_vp-ap_dx.png,predictions/probabilities/qata_test_sub-S09678_ses-E23254_run-1_bp-chest_vp-ap_dx.npy
qata_test_sub-S09678_ses-E23520_run-1_bp-chest_vp-ap_dx,sub-S09678,unet,1002,0.9756400614721393,0.9524387129727244,2.23606797749979,0.7562064492189654,predictions/masks/qata_test_sub-S09678_ses-E23520_run-1_bp-chest_vp-ap_dx.png,predictions/probabilities/qata_test_sub-S09678_ses-E23520_run-1_bp-chest_vp-ap_dx.npy
qata_test_sub-S09678_ses-E25107_run-1_bp-chest_vp-ap_dx,sub-S09678,unet,1002,0.9747787316165077,0.9507983902378891,2.23606797749979,0.8000238833651846,predictions/masks/qata_test_sub-S09678_ses-E25107_run-1_bp-chest_vp-ap_dx.png,predictions/probabilities/qata_test_sub-S09678_ses-E25107_run-1_bp-chest_vp-ap_dx.npy
qata_test_sub-S09678_ses-E25318_run-1_bp-chest_vp-ap_cr,sub-S09678,unet,1002,0.9664313249882339,0.9350431648651828,4.123105625617661,1.0397613162358121,predictions/masks/qata_test_sub-S09678_ses-E25318_run-1_bp-chest_vp-ap_cr.png,predictions/probabilities/qata_test_sub-S09678_ses-E25318_run-1_bp-chest_vp-ap_cr.npy
qata_test_sub-S09678_ses-E25686_run-1_bp-chest_vp-ap_dx,sub-S09678,unet,1002,0.8572865669644649,0.75022008333969,24.50711584323796,5.2986822822968245,predictions/masks/qata_test_sub-S09678_ses-E25686_run-1_bp-chest_vp-ap_dx.png,predictions/probabilities/qata_test_sub-S09678_ses-E25686_run-1_bp-chest_vp-ap_dx.npy
qata_test_sub-S09678_ses-E26437_acq-2_run-1_bp-chest_vp-ap_dx,sub-S09678,unet,1002,0.9289419712874625,0.8673124577615042,12.165525060596439,2.6142635690987084,predictions/masks/qata_test_sub-S09678_ses-E26437_acq-2_run-1_bp-chest_vp-ap_dx.png,predictions/probabilities/qata_test_sub-S09678_ses-E26437_acq-2_run-1_bp-chest_vp-ap_dx.npy
qata_test_sub-S09679_ses-E16588_run-1_bp-chest_vp-ap_cr,sub-S09679,unet,1002,0.9366786140985994,0.8808988764067247,3.16227766016838,1.2649742693177723,predictions/masks/qata_test_sub-S09679_ses-E16588_run-1_bp-chest_vp-ap_cr.png,predictions/probabilities/qata_test_sub-S09679_ses-E16588_run-1_bp-chest_vp-ap_cr.npy
qata_test_sub-S09679_ses-E17874_run-1_bp-chest_vp-ap_cr,sub-S09679,unet,1002,0.9368720696589344,0.8812411403389314,5.0,1.4105696817102849,predictions/masks/qata_test_sub-S09679_ses-E17874_run-1_bp-chest_vp-ap_cr.png,predictions/probabilities/qata_test_sub-S09679_ses-E17874_run-1_bp-chest_vp-ap_cr.npy
qata_test_sub-S09679_ses-E18686_run-1_bp-chest_vp-ap_cr,sub-S09679,unet,1002,0.8007023705020296,0.6676427525666492,46.76926884993594,8.037428277184834,predictions/masks/qata_test_sub-S09679_ses-E18686_run-1_bp-chest_vp-ap_cr.png,predictions/probabilities/qata_test_sub-S09679_ses-E18686_run-1_bp-chest_vp-ap_cr.npy
qata_test_sub-S09679_ses-E19951_run-1_bp-chest_vp-ap_cr,sub-S09679,unet,1002,0.9702589463564101,0.9422358591256372,2.23606797749979,0.7001104833431225,predictions/masks/qata_test_sub-S09679_ses-E19951_run-1_bp-chest_vp-ap_cr.png,predictions/probabilities/qata_test_sub-S09679_ses-E19951_run-1_bp-chest_vp-ap_cr.npy
qata_test_sub-S09679_ses-E20585_run-1_bp-chest_vp-ap_cr,sub-S09679,unet,1002,0.8907448903382172,0.8030117531855655,58.09125357920854,7.371923049143768,predictions/masks/qata_test_sub-S09679_ses-E20585_run-1_bp-chest_vp-ap_cr.png,predictions/probabilities/qata_test_sub-S09679_ses-E20585_run-1_bp-chest_vp-ap_cr.npy
qata_test_sub-S09679_ses-E20766_run-1_bp-chest_vp-ap_cr,sub-S09679,unet,1002,0.9065500522872274,0.8290732046630312,7.810249675906654,2.1031882294249895,predictions/masks/qata_test_sub-S09679_ses-E20766_run-1_bp-chest_vp-ap_cr.png,predictions/probabilities/qata_test_sub-S09679_ses-E20766_run-1_bp-chest_vp-ap_cr.npy
qata_test_sub-S09679_ses-E21081_run-2_bp-chest_vp-ap_cr,sub-S09679,unet,1002,0.9765873015874564,0.9542458317183115,2.0,0.5402592207389995,predictions/masks/qata_test_sub-S09679_ses-E21081_run-2_bp-chest_vp-ap_cr.png,predictions/probabilities/qata_test_sub-S09679_ses-E21081_run-2_bp-chest_vp-ap_cr.npy
qata_test_sub-S09679_ses-E21464_run-1_bp-chest_vp-ap_cr,sub-S09679,unet,1002,0.9466063348421122,0.8986254295550065,3.1622776601683795,1.1287699377388172,predictions/masks/qata_test_sub-S09679_ses-E21464_run-1_bp-chest_vp-ap_cr.png,predictions/probabilities/qata_test_sub-S09679_ses-E21464_run-1_bp-chest_vp-ap_cr.npy
qata_test_sub-S09679_ses-E21989_run-1_bp-chest_vp-ap_cr,sub-S09679,unet,1002,0.9230229703671486,0.85704982090757,7.22145365168085,1.6677041387326628,predictions/masks/qata_test_sub-S09679_ses-E21989_run-1_bp-chest_vp-ap_cr.png,predictions/probabilities/qata_test_sub-S09679_ses-E21989_run-1_bp-chest_vp-ap_cr.npy
qata_test_sub-S09679_ses-E22137_run-1_bp-chest_vp-ap_cr,sub-S09679,unet,1002,0.8988074957422054,0.8162128712909197,11.388547388190378,2.1638883583834487,predictions/masks/qata_test_sub-S09679_ses-E22137_run-1_bp-chest_vp-ap_cr.png,predictions/probabilities/qata_test_sub-S09679_ses-E22137_run-1_bp-chest_vp-ap_cr.npy
qata_test_sub-S09679_ses-E22304_run-1_bp-chest_vp-ap_cr,sub-S09679,unet,1002,0.8877229800639409,0.7981132075503441,10.0,2.6278615465227255,predictions/masks/qata_test_sub-S09679_ses-E22304_run-1_bp-chest_vp-ap_cr.png,predictions/probabilities/qata_test_sub-S09679_ses-E22304_run-1_bp-chest_vp-ap_cr.npy
qata_test_sub-S09679_ses-E22740_run-1_bp-chest_vp-ap_cr,sub-S09679,unet,1002,0.7961820851718622,0.6613808245996248,17.46424919657298,3.1840687340374556,predictions/masks/qata_test_sub-S09679_ses-E22740_run-1_bp-chest_vp-ap_cr.png,predictions/probabilities/qata_test_sub-S09679_ses-E22740_run-1_bp-chest_vp-ap_cr.npy
qata_test_sub-S09679_ses-E24004_run-1_bp-chest_vp-ap_cr,sub-S09679,unet,1002,0.9518404748271367,0.9081064971199274,4.164942897143218,1.4332868179738116,predictions/masks/qata_test_sub-S09679_ses-E24004_run-1_bp-chest_vp-ap_cr.png,predictions/probabilities/qata_test_sub-S09679_ses-E24004_run-1_bp-chest_vp-ap_cr.npy
qata_test_sub-S09679_ses-E24254_run-1_bp-chest_vp-ap_cr,sub-S09679,unet,1002,0.9636270865226064,0.9298072865391784,2.23606797749979,0.7656507693944163,predictions/masks/qata_test_sub-S09679_ses-E24254_run-1_bp-chest_vp-ap_cr.png,predictions/probabilities/qata_test_sub-S09679_ses-E24254_run-1_bp-chest_vp-ap_cr.npy
qata_test_sub-S09679_ses-E25345_run-1_bp-chest_vp-ap_cr,sub-S09679,unet,1002,0.9604006522247822,0.9238180596020186,4.47213595499958,3.054985727427239,predictions/masks/qata_test_sub-S09679_ses-E25345_run-1_bp-chest_vp-ap_cr.png,predictions/probabilities/qata_test_sub-S09679_ses-E25345_run-1_bp-chest_vp-ap_cr.npy
qata_test_sub-S09680_ses-E16590_run-1_bp-chest_vp-ap_cr,sub-S09680,unet,1002,0.783090174021945,0.6435071500845947,121.18497760994983,25.212710589437417,predictions/masks/qata_test_sub-S09680_ses-E16590_run-1_bp-chest_vp-ap_cr.png,predictions/probabilities/qata_test_sub-S09680_ses-E16590_run-1_bp-chest_vp-ap_cr.npy
qata_test_sub-S09680_ses-E16777_run-1_bp-chest_vp-ap_cr,sub-S09680,unet,1002,0.6941850730910285,0.5316106124910581,72.49827584156743,17.210607410095083,predictions/masks/qata_test_sub-S09680_ses-E16777_run-1_bp-chest_vp-ap_cr.png,predictions/probabilities/qata_test_sub-S09680_ses-E16777_run-1_bp-chest_vp-ap_cr.npy
qata_test_sub-S09680_ses-E16899_run-1_bp-chest_vp-ap_cr,sub-S09680,unet,1002,0.672402938092533,0.5064811887500634,34.838184420396985,10.138700651622823,predictions/masks/qata_test_sub-S09680_ses-E16899_run-1_bp-chest_vp-ap_cr.png,predictions/probabilities/qata_test_sub-S09680_ses-E16899_run-1_bp-chest_vp-ap_cr.npy
qata_test_sub-S09680_ses-E17170_run-1_bp-chest_vp-ap_cr,sub-S09680,unet,1002,0.6305799188399622,0.460472230193476,28.298404555282175,6.258038543611708,predictions/masks/qata_test_sub-S09680_ses-E17170_run-1_bp-chest_vp-ap_cr.png,predictions/probabilities/qata_test_sub-S09680_ses-E17170_run-1_bp-chest_vp-ap_cr.npy
qata_test_sub-S09680_ses-E17403_run-1_bp-chest_vp-ap_cr,sub-S09680,unet,1002,0.7926707384809253,0.6565489330453174,35.0,6.299102065049886,predictions/masks/qata_test_sub-S09680_ses-E17403_run-1_bp-chest_vp-ap_cr.png,predictions/probabilities/qata_test_sub-S09680_ses-E17403_run-1_bp-chest_vp-ap_cr.npy
qata_test_sub-S09680_ses-E17459_run-1_bp-chest_vp-ap_cr,sub-S09680,unet,1002,0.9440258342306564,0.8939857288491948,5.0,1.562537859438251,predictions/masks/qata_test_sub-S09680_ses-E17459_run-1_bp-chest_vp-ap_cr.png,predictions/probabilities/qata_test_sub-S09680_ses-E17459_run-1_bp-chest_vp-ap_cr.npy
qata_test_sub-S09680_ses-E17869_run-1_bp-chest_vp-ap_cr,sub-S09680,unet,1002,0.7150667944325851,0.5565011405548649,46.21416937459385,7.851315765211369,predictions/masks/qata_test_sub-S09680_ses-E17869_run-1_bp-chest_vp-ap_cr.png,predictions/probabilities/qata_test_sub-S09680_ses-E17869_run-1_bp-chest_vp-ap_cr.npy
qata_test_sub-S09680_ses-E18330_run-1_bp-chest_vp-ap_cr,sub-S09680,unet,1002,0.38473476298402415,0.23818674120675876,77.82801399329618,21.973188097436278,predictions/masks/qata_test_sub-S09680_ses-E18330_run-1_bp-chest_vp-ap_cr.png,predictions/probabilities/qata_test_sub-S09680_ses-E18330_run-1_bp-chest_vp-ap_cr.npy
qata_test_sub-S09680_ses-E18564_run-1_bp-chest_vp-ap_cr,sub-S09680,unet,1002,0.5686100248882988,0.39724326338759164,28.556827693285918,7.991319615010469,predictions/masks/qata_test_sub-S09680_ses-E18564_run-1_bp-chest_vp-ap_cr.png,predictions/probabilities/qata_test_sub-S09680_ses-E18564_run-1_bp-chest_vp-ap_cr.npy
qata_test_sub-S09680_ses-E18687_run-1_bp-chest_vp-ap_cr,sub-S09680,unet,1002,0.7803921568654364,0.6398713826438932,60.1930154178675,11.922424168164085,predictions/masks/qata_test_sub-S09680_ses-E18687_run-1_bp-chest_vp-ap_cr.png,predictions/probabilities/qata_test_sub-S09680_ses-E18687_run-1_bp-chest_vp-ap_cr.npy
qata_test_sub-S09680_ses-E18870_run-1_bp-chest_vp-ap_cr,sub-S09680,unet,1002,0.7153920619589134,0.5568952524574813,66.70832032063167,13.671382153195827,predictions/masks/qata_test_sub-S09680_ses-E18870_run-1_bp-chest_vp-ap_cr.png,predictions/probabilities/qata_test_sub-S09680_ses-E18870_run-1_bp-chest_vp-ap_cr.npy
qata_test_sub-S09680_ses-E19339_run-1_bp-chest_vp-ap_cr,sub-S09680,unet,1002,0.9522953701896765,0.9089349642011565,7.0,1.5144817186956325,predictions/masks/qata_test_sub-S09680_ses-E19339_run-1_bp-chest_vp-ap_cr.png,predictions/probabilities/qata_test_sub-S09680_ses-E19339_run-1_bp-chest_vp-ap_cr.npy
qata_test_sub-S09680_ses-E20367_run-1_bp-chest_vp-ap_cr,sub-S09680,unet,1002,0.8059667371560498,0.6749952134819548,21.540659228538015,4.952040864727513,predictions/masks/qata_test_sub-S09680_ses-E20367_run-1_bp-chest_vp-ap_cr.png,predictions/probabilities/qata_test_sub-S09680_ses-E20367_run-1_bp-chest_vp-ap_cr.npy
qata_test_sub-S09680_ses-E20758_run-1_bp-chest_vp-ap_cr,sub-S09680,unet,1002,0.7067360551219912,0.5464747222903369,39.772096471362296,7.983447898873792,predictions/masks/qata_test_sub-S09680_ses-E20758_run-1_bp-chest_vp-ap_cr.png,predictions/probabilities/qata_test_sub-S09680_ses-E20758_run-1_bp-chest_vp-ap_cr.npy
qata_test_sub-S09680_ses-E20909_run-1_bp-chest_vp-ap_cr,sub-S09680,unet,1002,0.39314061735038563,0.24466398342182383,80.6859645732378,23.707980373782068,predictions/masks/qata_test_sub-S09680_ses-E20909_run-1_bp-chest_vp-ap_cr.png,predictions/probabilities/qata_test_sub-S09680_ses-E20909_run-1_bp-chest_vp-ap_cr.npy
qata_test_sub-S09680_ses-E22528_run-1_bp-chest_vp-pa_cr,sub-S09680,unet,1002,0.9238131863439567,0.858413404273339,7.615773105863909,2.3406510517767987,predictions/masks/qata_test_sub-S09680_ses-E22528_run-1_bp-chest_vp-pa_cr.png,predictions/probabilities/qata_test_sub-S09680_ses-E22528_run-1_bp-chest_vp-pa_cr.npy
qata_test_sub-S09681_ses-E16591_run-1_bp-chest_vp-ap_dx,sub-S09681,unet,1002,0.9611098265897752,0.925131309535074,4.123105625617661,1.1092229271525642,predictions/masks/qata_test_sub-S09681_ses-E16591_run-1_bp-chest_vp-ap_dx.png,predictions/probabilities/qata_test_sub-S09681_ses-E16591_run-1_bp-chest_vp-ap_dx.npy
qata_test_sub-S09681_ses-E16901_run-1_bp-chest_vp-ap_dx,sub-S09681,unet,1002,0.9609027812455141,0.92474771744426,4.0,1.0488738723116313,predictions/masks/qata_test_sub-S09681_ses-E16901_run-1_bp-chest_vp-ap_dx.png,predictions/probabilities/qata_test_sub-S09681_ses-E16901_run-1_bp-chest_vp-ap_dx.npy
qata_test_sub-S09681_ses-E17859_run-1_bp-chest_vp-ap_dx,sub-S09681,unet,1002,0.9704985791786592,0.9426879453985477,3.0,0.7642767660620019,predictions/masks/qata_test_sub-S09681_ses-E17859_run-1_bp-chest_vp-ap_dx.png,predictions/probabilities/qata_test_sub-S09681_ses-E17859_run-1_bp-chest_vp-ap_dx.npy
qata_test_sub-S09681_ses-E17943_run-1_bp-chest_vp-ap_dx,sub-S09681,unet,1002,0.9499021859322114,0.9045844808050448,3.605551275463989,1.0877786918454397,predictions/masks/qata_test_sub-S09681_ses-E17943_run-1_bp-chest_vp-ap_dx.png,predictions/probabilities/qata_test_sub-S09681_ses-E17943_run-1_bp-chest_vp-ap_dx.npy
qata_test_sub-S09681_ses-E18333_run-1_bp-chest_vp-ap_dx,sub-S09681,unet,1002,0.9784466935865622,0.9578028747437597,2.0,0.5250796648861827,predictions/masks/qata_test_sub-S09681_ses-E18333_run-1_bp-chest_vp-ap_dx.png,predictions/probabilities/qata_test_sub-S09681_ses-E18333_run-1_bp-chest_vp-ap_dx.npy
qata_test_sub-S09681_ses-E19189_run-1_bp-chest_vp-ap_dx,sub-S09681,unet,1002,0.9781333863434145,0.9572026067507324,2.23606797749979,0.5615084342825187,predictions/masks/qata_test_sub-S09681_ses-E19189_run-1_bp-chest_vp-ap_dx.png,predictions/probabilities/qata_test_sub-S09681_ses-E19189_run-1_bp-chest_vp-ap_dx.npy
qata_test_sub-S09681_ses-E19613_run-1_bp-chest_vp-ap_dx,sub-S09681,unet,1002,0.9436956795569739,0.8933937514918506,28.510376193619688,3.2281247256879007,predictions/masks/qata_test_sub-S09681_ses-E19613_run-1_bp-chest_vp-ap_dx.png,predictions/probabilities/qata_test_sub-S09681_ses-E19613_run-1_bp-chest_vp-ap_dx.npy
qata_test_sub-S09681_ses-E19946_run-1_bp-chest_vp-ap_dx,sub-S09681,unet,1002,0.9798391539055864,0.9604751619874679,1.4142135623730951,0.4808249711196616,predictions/masks/qata_test_sub-S09681_ses-E19946_run-1_bp-chest_vp-ap_dx.png,predictions/probabilities/qata_test_sub-S09681_ses-E19946_run-1_bp-chest_vp-ap_dx.npy
qata_test_sub-S09681_ses-E20151_run-1_bp-chest_vp-ap_dx,sub-S09681,unet,1002,0.7310761992797524,0.5761387711920533,33.096814397868265,6.3581045461215595,predictions/masks/qata_test_sub-S09681_ses-E20151_run-1_bp-chest_vp-ap_dx.png,predictions/probabilities/qata_test_sub-S09681_ses-E20151_run-1_bp-chest_vp-ap_dx.npy
qata_test_sub-S09681_ses-E20761_run-1_bp-chest_vp-ap_dx,sub-S09681,unet,1002,0.9762147468570497,0.9535346830405449,3.0,0.6521603680503192,predictions/masks/qata_test_sub-S09681_ses-E20761_run-1_bp-chest_vp-ap_dx.png,predictions/probabilities/qata_test_sub-S09681_ses-E20761_run-1_bp-chest_vp-ap_dx.npy
qata_test_sub-S09681_ses-E21457_run-1_bp-chest_vp-ap_dx,sub-S09681,unet,1002,0.92201199815458,0.8553082191796306,8.48528137423857,1.947182000337804,predictions/masks/qata_test_sub-S09681_ses-E21457_run-1_bp-chest_vp-ap_dx.png,predictions/probabilities/qata_test_sub-S09681_ses-E21457_run-1_bp-chest_vp-ap_dx.npy
qata_test_sub-S09681_ses-E21622_run-1_bp-chest_vp-ap_dx,sub-S09681,unet,1002,0.9680207433018548,0.9380234505870633,2.23606797749979,0.748094184098916,predictions/masks/qata_test_sub-S09681_ses-E21622_run-1_bp-chest_vp-ap_dx.png,predictions/probabilities/qata_test_sub-S09681_ses-E21622_run-1_bp-chest_vp-ap_dx.npy
qata_test_sub-S09681_ses-E21995_run-1_bp-chest_vp-ap_dx,sub-S09681,unet,1002,0.977761304670229,0.9564902102977113,2.0,0.5892002730632362,predictions/masks/qata_test_sub-S09681_ses-E21995_run-1_bp-chest_vp-ap_dx.png,predictions/probabilities/qata_test_sub-S09681_ses-E21995_run-1_bp-chest_vp-ap_dx.npy
qata_test_sub-S09681_ses-E22289_run-1_bp-chest_vp-ap_dx,sub-S09681,unet,1002,0.9777082147601133,0.9563886053636783,2.0,0.5945381576824456,predictions/masks/qata_test_sub-S09681_ses-E22289_run-1_bp-chest_vp-ap_dx.png,predictions/probabilities/qata_test_sub-S09681_ses-E22289_run-1_bp-chest_vp-ap_dx.npy
qata_test_sub-S09681_ses-E22929_run-1_bp-chest_vp-ap_dx,sub-S09681,unet,1002,0.9716429911553383,0.9448498748963214,2.23606797749979,0.6908618048544837,predictions/masks/qata_test_sub-S09681_ses-E22929_run-1_bp-chest_vp-ap_dx.png,predictions/probabilities/qata_test_sub-S09681_ses-E22929_run-1_bp-chest_vp-ap_dx.npy
qata_test_sub-S09681_ses-E23258_run-1_bp-chest_vp-ap_dx,sub-S09681,unet,1002,0.9574787930851634,0.9184262024933729,3.605551275463989,1.0125569153669156,predictions/masks/qata_test_sub-S09681_ses-E23258_run-1_bp-chest_vp-ap_dx.png,predictions/probabilities/qata_test_sub-S09681_ses-E23258_run-1_bp-chest_vp-ap_dx.npy
qata_test_sub-S09681_ses-E24429_run-1_bp-chest_vp-ap_dx,sub-S09681,unet,1002,0.9728326379231672,0.9471023650483201,2.23606797749979,0.7066842199298268,predictions/masks/qata_test_sub-S09681_ses-E24429_run-1_bp-chest_vp-ap_dx.png,predictions/probabilities/qata_test_sub-S09681_ses-E24429_run-1_bp-chest_vp-ap_dx.npy
qata_test_sub-S09681_ses-E24806_run-1_bp-chest_vp-ap_dx,sub-S09681,unet,1002,0.5350021213505515,0.36518969014291375,89.55805438659448,16.347073819594083,predictions/masks/qata_test_sub-S09681_ses-E24806_run-1_bp-chest_vp-ap_dx.png,predictions/probabilities/qata_test_sub-S09681_ses-E24806_run-1_bp-chest_vp-ap_dx.npy
qata_test_sub-S09681_ses-E26032_run-1_bp-chest_vp-ap_dx,sub-S09681,unet,1002,0.9515974221858787,0.9076641381122359,8.54400374531753,1.442460366017736,predictions/masks/qata_test_sub-S09681_ses-E26032_run-1_bp-chest_vp-ap_dx.png,predictions/probabilities/qata_test_sub-S09681_ses-E26032_run-1_bp-chest_vp-ap_dx.npy
qata_test_sub-S09683_ses-E16594_run-1_bp-chest_vp-ap_cr,sub-S09683,unet,1002,0.9399141630904594,0.8866396761145371,7.0,1.5991991994446206,predictions/masks/qata_test_sub-S09683_ses-E16594_run-1_bp-chest_vp-ap_cr.png,predictions/probabilities/qata_test_sub-S09683_ses-E16594_run-1_bp-chest_vp-ap_cr.npy
qata_test_sub-S09683_ses-E16692_run-1_bp-chest_vp-ap_cr,sub-S09683,unet,1002,0.9638248743606473,0.9301756532383975,3.0,0.9659533902534352,predictions/masks/qata_test_sub-S09683_ses-E16692_run-1_bp-chest_vp-ap_cr.png,predictions/probabilities/qata_test_sub-S09683_ses-E16692_run-1_bp-chest_vp-ap_cr.npy
qata_test_sub-S09683_ses-E16929_run-1_bp-chest_vp-ap_cr,sub-S09683,unet,1002,0.9473846470046893,0.900029288295421,6.143210727807855,1.4613832749856452,predictions/masks/qata_test_sub-S09683_ses-E16929_run-1_bp-chest_vp-ap_cr.png,predictions/probabilities/qata_test_sub-S09683_ses-E16929_run-1_bp-chest_vp-ap_cr.npy
qata_test_sub-S09683_ses-E17252_run-1_bp-chest_vp-ap_cr,sub-S09683,unet,1002,0.958644743398401,0.9205741626805116,2.8284271247461903,0.9353830942835994,predictions/masks/qata_test_sub-S09683_ses-E17252_run-1_bp-chest_vp-ap_cr.png,predictions/probabilities/qata_test_sub-S09683_ses-E17252_run-1_bp-chest_vp-ap_cr.npy
qata_test_sub-S09683_ses-E17515_run-1_bp-chest_vp-ap_cr,sub-S09683,unet,1002,0.952213362661797,0.9087855568394165,5.0,1.2456956126250855,predictions/masks/qata_test_sub-S09683_ses-E17515_run-1_bp-chest_vp-ap_cr.png,predictions/probabilities/qata_test_sub-S09683_ses-E17515_run-1_bp-chest_vp-ap_cr.npy
qata_test_sub-S09683_ses-E18426_run-1_bp-chest_vp-ap_cr,sub-S09683,unet,1002,0.9653958400891027,0.933106474434198,5.0,0.9396280076305782,predictions/masks/qata_test_sub-S09683_ses-E18426_run-1_bp-chest_vp-ap_cr.png,predictions/probabilities/qata_test_sub-S09683_ses-E18426_run-1_bp-chest_vp-ap_cr.npy
qata_test_sub-S09683_ses-E19661_run-1_bp-chest_vp-ap_cr,sub-S09683,unet,1002,0.9748927234548759,0.9510153188461791,2.0,0.6357059664200969,predictions/masks/qata_test_sub-S09683_ses-E19661_run-1_bp-chest_vp-ap_cr.png,predictions/probabilities/qata_test_sub-S09683_ses-E19661_run-1_bp-chest_vp-ap_cr.npy
qata_test_sub-S09683_ses-E20273_run-1_bp-chest_vp-ap_cr,sub-S09683,unet,1002,0.9632463318969384,0.9290985520791303,4.0,0.9306374767693835,predictions/masks/qata_test_sub-S09683_ses-E20273_run-1_bp-chest_vp-ap_cr.png,predictions/probabilities/qata_test_sub-S09683_ses-E20273_run-1_bp-chest_vp-ap_cr.npy
qata_test_sub-S09683_ses-E20396_run-1_bp-chest_vp-ap_cr,sub-S09683,unet,1002,0.9427053096952498,0.8916202061168135,5.830951894845301,1.6411223450776142,predictions/masks/qata_test_sub-S09683_ses-E20396_run-1_bp-chest_vp-ap_cr.png,predictions/probabilities/qata_test_sub-S09683_ses-E20396_run-1_bp-chest_vp-ap_cr.npy
qata_test_sub-S09683_ses-E20627_run-1_bp-chest_vp-ap_cr,sub-S09683,unet,1002,0.9601370760471696,0.9233304255120351,4.47213595499958,1.2706724014087076,predictions/masks/qata_test_sub-S09683_ses-E20627_run-1_bp-chest_vp-ap_cr.png,predictions/probabilities/qata_test_sub-S09683_ses-E20627_run-1_bp-chest_vp-ap_cr.npy
qata_test_sub-S09683_ses-E20643_run-1_bp-chest_vp-ap_cr,sub-S09683,unet,1002,0.9130522697406074,0.8400148823380149,15.598046793815058,2.248176551793255,predictions/masks/qata_test_sub-S09683_ses-E20643_run-1_bp-chest_vp-ap_cr.png,predictions/probabilities/qata_test_sub-S09683_ses-E20643_run-1_bp-chest_vp-ap_cr.npy
qata_test_sub-S09683_ses-E20797_run-1_bp-chest_vp-ap_cr,sub-S09683,unet,1002,0.9743312032926766,0.9499472016900745,2.0,0.6356917267102116,predictions/masks/qata_test_sub-S09683_ses-E20797_run-1_bp-chest_vp-ap_cr.png,predictions/probabilities/qata_test_sub-S09683_ses-E20797_run-1_bp-chest_vp-ap_cr.npy
qata_test_sub-S09683_ses-E21135_run-1_bp-chest_vp-pa_cr,sub-S09683,unet,1002,0.9452580383683045,0.8961983809827216,7.0,1.957127811497336,predictions/masks/qata_test_sub-S09683_ses-E21135_run-1_bp-chest_vp-pa_cr.png,predictions/probabilities/qata_test_sub-S09683_ses-E21135_run-1_bp-chest_vp-pa_cr.npy
qata_test_sub-S09683_ses-E21348_run-1_bp-chest_vp-ap_cr,sub-S09683,unet,1002,0.9728981206727801,0.9472265023119257,2.0,0.6410933181563153,predictions/masks/qata_test_sub-S09683_ses-E21348_run-1_bp-chest_vp-ap_cr.png,predictions/probabilities/qata_test_sub-S09683_ses-E21348_run-1_bp-chest_vp-ap_cr.npy
qata_test_sub-S09683_ses-E21483_run-1_bp-chest_vp-pa_cr,sub-S09683,unet,1002,0.9725412866651588,0.9465502351027104,2.0,0.6638349380678071,predictions/masks/qata_test_sub-S09683_ses-E21483_run-1_bp-chest_vp-pa_cr.png,predictions/probabilities/qata_test_sub-S09683_ses-E21483_run-1_bp-chest_vp-pa_cr.npy
qata_test_sub-S09683_ses-E22571_run-1_bp-chest_vp-ap_cr,sub-S09683,unet,1002,0.860273667816997,0.7548072230380204,16.401219466856727,3.105670280342714,predictions/masks/qata_test_sub-S09683_ses-E22571_run-1_bp-chest_vp-ap_cr.png,predictions/probabilities/qata_test_sub-S09683_ses-E22571_run-1_bp-chest_vp-ap_cr.npy
qata_test_sub-S09683_ses-E22974_run-1_bp-chest_vp-ap_cr,sub-S09683,unet,1002,0.9559646089700196,0.9156438729795866,4.0,1.1225141934768021,predictions/masks/qata_test_sub-S09683_ses-E22974_run-1_bp-chest_vp-ap_cr.png,predictions/probabilities/qata_test_sub-S09683_ses-E22974_run-1_bp-chest_vp-ap_cr.npy
qata_test_sub-S09683_ses-E24266_run-1_bp-chest_vp-ap_cr,sub-S09683,unet,1002,0.6890148553587859,0.525570299693968,22.93122797569394,6.419953460825531,predictions/masks/qata_test_sub-S09683_ses-E24266_run-1_bp-chest_vp-ap_cr.png,predictions/probabilities/qata_test_sub-S09683_ses-E24266_run-1_bp-chest_vp-ap_cr.npy
qata_test_sub-S09683_ses-E24267_run-1_bp-chest_vp-ap_cr,sub-S09683,unet,1002,0.9717334331712293,0.9450209357368923,3.1622776601683795,0.8183307717227788,predictions/masks/qata_test_sub-S09683_ses-E24267_run-1_bp-chest_vp-ap_cr.png,predictions/probabilities/qata_test_sub-S09683_ses-E24267_run-1_bp-chest_vp-ap_cr.npy
qata_test_sub-S09683_ses-E25533_run-1_bp-chest_vp-ap_cr,sub-S09683,unet,1002,0.9141219488100195,0.8418274481281065,16.0,2.807002444751963,predictions/masks/qata_test_sub-S09683_ses-E25533_run-1_bp-chest_vp-ap_cr.png,predictions/probabilities/qata_test_sub-S09683_ses-E25533_run-1_bp-chest_vp-ap_cr.npy
qata_test_sub-S09683_ses-E26307_run-1_bp-chest_vp-ap_cr,sub-S09683,unet,1002,0.6739179188195343,0.508202266201451,79.10688923540525,16.3883223609659,predictions/masks/qata_test_sub-S09683_ses-E26307_run-1_bp-chest_vp-ap_cr.png,predictions/probabilities/qata_test_sub-S09683_ses-E26307_run-1_bp-chest_vp-ap_cr.npy
qata_test_sub-S09683_ses-E26484_run-1_bp-chest_vp-ap_cr,sub-S09683,unet,1002,0.7721215131216611,0.6288256707613749,53.67641831942709,9.701994790440205,predictions/masks/qata_test_sub-S09683_ses-E26484_run-1_bp-chest_vp-ap_cr.png,predictions/probabilities/qata_test_sub-S09683_ses-E26484_run-1_bp-chest_vp-ap_cr.npy
qata_test_sub-S09684_ses-E16597_run-1_bp-chest_vp-pa_dx,sub-S09684,unet,1002,0.8837568681328661,0.7917243501031883,14.560219778561036,2.7192203452408763,predictions/masks/qata_test_sub-S09684_ses-E16597_run-1_bp-chest_vp-pa_dx.png,predictions/probabilities/qata_test_sub-S09684_ses-E16597_run-1_bp-chest_vp-pa_dx.npy
qata_test_sub-S09684_ses-E25099_run-1_bp-chest_dx,sub-S09684,unet,1002,0.9094216078582265,0.8338892595091079,7.615773105863909,1.9740899834105494,predictions/masks/qata_test_sub-S09684_ses-E25099_run-1_bp-chest_dx.png,predictions/probabilities/qata_test_sub-S09684_ses-E25099_run-1_bp-chest_dx.npy
qata_test_sub-S09685_ses-E16598_run-1_bp-chest_vp-ap_dx,sub-S09685,unet,1002,0.7672310994542423,0.6223640936424383,21.20264184641068,5.221189778503034,predictions/masks/qata_test_sub-S09685_ses-E16598_run-1_bp-chest_vp-ap_dx.png,predictions/probabilities/qata_test_sub-S09685_ses-E16598_run-1_bp-chest_vp-ap_dx.npy
qata_test_sub-S09687_ses-E16601_run-1_bp-chest_cr,sub-S09687,unet,1002,0.9502376902614582,0.9051931865400482,6.0,1.349260100676186,predictions/masks/qata_test_sub-S09687_ses-E16601_run-1_bp-chest_cr.png,predictions/probabilities/qata_test_sub-S09687_ses-E16601_run-1_bp-chest_cr.npy
qata_test_sub-S09687_ses-E17027_run-1_bp-chest_cr,sub-S09687,unet,1002,0.9717849717850915,0.9451184286544102,2.6803373379345903,0.9369090842163439,predictions/masks/qata_test_sub-S09687_ses-E17027_run-1_bp-chest_cr.png,predictions/probabilities/qata_test_sub-S09687_ses-E17027_run-1_bp-chest_cr.npy
qata_test_sub-S09687_ses-E17093_run-1_bp-chest_cr,sub-S09687,unet,1002,0.9590461378954594,0.9213147410365097,4.0492422502470475,1.2271328416126424,predictions/masks/qata_test_sub-S09687_ses-E17093_run-1_bp-chest_cr.png,predictions/probabilities/qata_test_sub-S09687_ses-E17093_run-1_bp-chest_cr.npy
qata_test_sub-S09687_ses-E17468_run-1_bp-chest_cr,sub-S09687,unet,1002,0.9348452123833025,0.8776613720861975,12.36931687685298,1.9742955083327316,predictions/masks/qata_test_sub-S09687_ses-E17468_run-1_bp-chest_cr.png,predictions/probabilities/qata_test_sub-S09687_ses-E17468_run-1_bp-chest_cr.npy
qata_test_sub-S09687_ses-E17521_run-1_bp-chest_cr,sub-S09687,unet,1002,0.9677260812583235,0.9374702428190964,2.8284271247461903,0.9602404267089073,predictions/masks/qata_test_sub-S09687_ses-E17521_run-1_bp-chest_cr.png,predictions/probabilities/qata_test_sub-S09687_ses-E17521_run-1_bp-chest_cr.npy
qata_test_sub-S09687_ses-E17602_run-1_bp-chest_cr,sub-S09687,unet,1002,0.8487758945400303,0.7372812039957912,35.961058456812985,7.538385423696439,predictions/masks/qata_test_sub-S09687_ses-E17602_run-1_bp-chest_cr.png,predictions/probabilities/qata_test_sub-S09687_ses-E17602_run-1_bp-chest_cr.npy
qata_test_sub-S09687_ses-E17960_run-1_bp-chest_cr,sub-S09687,unet,1002,0.9259343148361227,0.8620835090690672,12.287936246293341,2.328038507629475,predictions/masks/qata_test_sub-S09687_ses-E17960_run-1_bp-chest_cr.png,predictions/probabilities/qata_test_sub-S09687_ses-E17960_run-1_bp-chest_cr.npy
qata_test_sub-S09687_ses-E18005_run-1_bp-chest_cr,sub-S09687,unet,1002,0.9836442837183215,0.9678149765488613,1.4142135623730951,0.4666932982255219,predictions/masks/qata_test_sub-S09687_ses-E18005_run-1_bp-chest_cr.png,predictions/probabilities/qata_test_sub-S09687_ses-E18005_run-1_bp-chest_cr.npy
qata_test_sub-S09687_ses-E18404_run-1_bp-chest_cr,sub-S09687,unet,1002,0.9786339754817047,0.9581618655696317,2.0,0.5911844910268557,predictions/masks/qata_test_sub-S09687_ses-E18404_run-1_bp-chest_cr.png,predictions/probabilities/qata_test_sub-S09687_ses-E18404_run-1_bp-chest_cr.npy
qata_test_sub-S09687_ses-E18927_acq-1_run-1_bp-chest_cr,sub-S09687,unet,1002,0.8325934843139523,0.7131992781681722,12.198349504706247,2.492645620014963,predictions/masks/qata_test_sub-S09687_ses-E18927_acq-1_run-1_bp-chest_cr.png,predictions/probabilities/qata_test_sub-S09687_ses-E18927_acq-1_run-1_bp-chest_cr.npy
qata_test_sub-S09687_ses-E18929_run-1_bp-chest_cr,sub-S09687,unet,1002,0.8992402540802187,0.8169269065440841,4.47213595499958,2.845478269526369,predictions/masks/qata_test_sub-S09687_ses-E18929_run-1_bp-chest_cr.png,predictions/probabilities/qata_test_sub-S09687_ses-E18929_run-1_bp-chest_cr.npy
qata_test_sub-S09687_ses-E19646_run-1_bp-chest_cr,sub-S09687,unet,1002,0.7716079188852822,0.6281446541026673,10.908326913195985,2.874653095141131,predictions/masks/qata_test_sub-S09687_ses-E19646_run-1_bp-chest_cr.png,predictions/probabilities/qata_test_sub-S09687_ses-E19646_run-1_bp-chest_cr.npy
qata_test_sub-S09687_ses-E19821_run-1_bp-chest_cr,sub-S09687,unet,1002,0.6795523906490449,0.5146379044871096,37.26013328498262,7.96152811542037,predictions/masks/qata_test_sub-S09687_ses-E19821_run-1_bp-chest_cr.png,predictions/probabilities/qata_test_sub-S09687_ses-E19821_run-1_bp-chest_cr.npy
qata_test_sub-S09687_ses-E20276_run-1_bp-chest_cr,sub-S09687,unet,1002,0.9478336570016217,0.9008401222008549,6.324555320336759,1.6331933061980057,predictions/masks/qata_test_sub-S09687_ses-E20276_run-1_bp-chest_cr.png,predictions/probabilities/qata_test_sub-S09687_ses-E20276_run-1_bp-chest_cr.npy
qata_test_sub-S09687_ses-E21332_run-1_bp-chest_cr,sub-S09687,unet,1002,0.9575352514470817,0.9185301016431817,3.0,1.1306189043654378,predictions/masks/qata_test_sub-S09687_ses-E21332_run-1_bp-chest_cr.png,predictions/probabilities/qata_test_sub-S09687_ses-E21332_run-1_bp-chest_cr.npy
qata_test_sub-S09687_ses-E21820_run-1_bp-chest_cr,sub-S09687,unet,1002,0.7598152424969997,0.6126629422790938,17.454170561825944,4.345054534727896,predictions/masks/qata_test_sub-S09687_ses-E21820_run-1_bp-chest_cr.png,predictions/probabilities/qata_test_sub-S09687_ses-E21820_run-1_bp-chest_cr.npy
qata_test_sub-S09687_ses-E22782_run-1_bp-chest_cr,sub-S09687,unet,1002,0.8691962662156721,0.768653516299986,47.80167361086848,4.884833140968989,predictions/masks/qata_test_sub-S09687_ses-E22782_run-1_bp-chest_cr.png,predictions/probabilities/qata_test_sub-S09687_ses-E22782_run-1_bp-chest_cr.npy
qata_test_sub-S09687_ses-E23618_run-1_bp-chest_vp-pa_cr,sub-S09687,unet,1002,0.8359941944966622,0.7182044888131914,6.880624847486576,1.7265853238728763,predictions/masks/qata_test_sub-S09687_ses-E23618_run-1_bp-chest_vp-pa_cr.png,predictions/probabilities/qata_test_sub-S09687_ses-E23618_run-1_bp-chest_vp-pa_cr.npy
qata_test_sub-S09687_ses-E26078_run-1_bp-chest_vp-ap_dx,sub-S09687,unet,1002,0.9728813559323566,0.9471947194725281,2.23606797749979,0.7761569742190901,predictions/masks/qata_test_sub-S09687_ses-E26078_run-1_bp-chest_vp-ap_dx.png,predictions/probabilities/qata_test_sub-S09687_ses-E26078_run-1_bp-chest_vp-ap_dx.npy
qata_test_sub-S09688_ses-E16603_run-1_bp-chest_vp-ap_dx,sub-S09688,unet,1002,0.8048519443470848,0.6734328358257696,18.24828759089466,4.728191216174968,predictions/masks/qata_test_sub-S09688_ses-E16603_run-1_bp-chest_vp-ap_dx.png,predictions/probabilities/qata_test_sub-S09688_ses-E16603_run-1_bp-chest_vp-ap_dx.npy
qata_test_sub-S09688_ses-E18703_run-1_bp-chest_vp-ap_dx,sub-S09688,unet,1002,0.40612124782777387,0.25480059089698665,104.61212979179956,41.734994456115075,predictions/masks/qata_test_sub-S09688_ses-E18703_run-1_bp-chest_vp-ap_dx.png,predictions/probabilities/qata_test_sub-S09688_ses-E18703_run-1_bp-chest_vp-ap_dx.npy
qata_test_sub-S09688_ses-E22143_run-1_bp-chest_vp-ap_dx,sub-S09688,unet,1002,0.5454545454780241,0.37500000004438916,17.69180601295413,5.355737723720714,predictions/masks/qata_test_sub-S09688_ses-E22143_run-1_bp-chest_vp-ap_dx.png,predictions/probabilities/qata_test_sub-S09688_ses-E22143_run-1_bp-chest_vp-ap_dx.npy
qata_test_sub-S09688_ses-E23740_run-1_bp-chest_vp-ap_dx,sub-S09688,unet,1002,0.9384860840281999,0.8841015364080811,9.89696307987089,1.8471819583840858,predictions/masks/qata_test_sub-S09688_ses-E23740_run-1_bp-chest_vp-ap_dx.png,predictions/probabilities/qata_test_sub-S09688_ses-E23740_run-1_bp-chest_vp-ap_dx.npy
qata_test_sub-S09689_ses-E16604_run-1_bp-chest_vp-ap_dx,sub-S09689,unet,1002,0.9400238948629628,0.8868349864755766,8.043580423808987,1.8036533105520205,predictions/masks/qata_test_sub-S09689_ses-E16604_run-1_bp-chest_vp-ap_dx.png,predictions/probabilities/qata_test_sub-S09689_ses-E16604_run-1_bp-chest_vp-ap_dx.npy
qata_test_sub-S09689_ses-E18381_run-1_bp-chest_vp-ap_cr,sub-S09689,unet,1002,0.9571561797138781,0.9178327196221164,4.242640687119285,1.1786370764382408,predictions/masks/qata_test_sub-S09689_ses-E18381_run-1_bp-chest_vp-ap_cr.png,predictions/probabilities/qata_test_sub-S09689_ses-E18381_run-1_bp-chest_vp-ap_cr.npy
qata_test_sub-S09689_ses-E18696_run-1_bp-chest_vp-ap_cr,sub-S09689,unet,1002,0.9285929496841775,0.8667041619816268,5.656854249492381,1.833553847891992,predictions/masks/qata_test_sub-S09689_ses-E18696_run-1_bp-chest_vp-ap_cr.png,predictions/probabilities/qata_test_sub-S09689_ses-E18696_run-1_bp-chest_vp-ap_cr.npy
qata_test_sub-S09689_ses-E19106_run-1_bp-chest_vp-ap_dx,sub-S09689,unet,1002,0.9742989410952253,0.9498858684379551,2.0,0.6607165027348417,predictions/masks/qata_test_sub-S09689_ses-E19106_run-1_bp-chest_vp-ap_dx.png,predictions/probabilities/qata_test_sub-S09689_ses-E19106_run-1_bp-chest_vp-ap_dx.npy
qata_test_sub-S09689_ses-E19201_run-1_bp-chest_vp-ap_dx,sub-S09689,unet,1002,0.9541416833224843,0.9123049155970665,5.385164807134504,1.4524079777499503,predictions/masks/qata_test_sub-S09689_ses-E19201_run-1_bp-chest_vp-ap_dx.png,predictions/probabilities/qata_test_sub-S09689_ses-E19201_run-1_bp-chest_vp-ap_dx.npy
qata_test_sub-S09689_ses-E19645_acq-1_run-1_bp-chest_vp-ap_dx,sub-S09689,unet,1002,0.8453439488081947,0.7321175409219479,22.825424421026653,5.123848501162619,predictions/masks/qata_test_sub-S09689_ses-E19645_acq-1_run-1_bp-chest_vp-ap_dx.png,predictions/probabilities/qata_test_sub-S09689_ses-E19645_acq-1_run-1_bp-chest_vp-ap_dx.npy
qata_test_sub-S09689_ses-E19803_run-1_bp-chest_vp-ap_dx,sub-S09689,unet,1002,0.9396132534211262,0.8861042977510281,5.873213921133976,1.6485446382736677,predictions/masks/qata_test_sub-S09689_ses-E19803_run-1_bp-chest_vp-ap_dx.png,predictions/probabilities/qata_test_sub-S09689_ses-E19803_run-1_bp-chest_vp-ap_dx.npy
qata_test_sub-S09689_ses-E19967_run-1_bp-chest_vp-ap_dx,sub-S09689,unet,1002,0.9587076501633215,0.9206901887966521,4.47213595499958,1.2847586565822569,predictions/masks/qata_test_sub-S09689_ses-E19967_run-1_bp-chest_vp-ap_dx.png,predictions/probabilities/qata_test_sub-S09689_ses-E19967_run-1_bp-chest_vp-ap_dx.npy
qata_test_sub-S09689_ses-E20159_run-1_bp-chest_vp-ap_dx,sub-S09689,unet,1002,0.9691767010429845,0.9401967359720523,2.23606797749979,0.7826615522886452,predictions/masks/qata_test_sub-S09689_ses-E20159_run-1_bp-chest_vp-ap_dx.png,predictions/probabilities/qata_test_sub-S09689_ses-E20159_run-1_bp-chest_vp-ap_dx.npy
qata_test_sub-S09689_ses-E20397_run-1_bp-chest_vp-ap_cr,sub-S09689,unet,1002,0.9439617723722563,0.8938708350487609,3.6055512754639896,1.376516048333042,predictions/masks/qata_test_sub-S09689_ses-E20397_run-1_bp-chest_vp-ap_cr.png,predictions/probabilities/qata_test_sub-S09689_ses-E20397_run-1_bp-chest_vp-ap_cr.npy
qata_test_sub-S09689_ses-E20626_run-1_bp-chest_vp-ap_dx,sub-S09689,unet,1002,0.920286114593613,0.8523425761518075,34.132096331752024,5.809366710858529,predictions/masks/qata_test_sub-S09689_ses-E20626_run-1_bp-chest_vp-ap_dx.png,predictions/probabilities/qata_test_sub-S09689_ses-E20626_run-1_bp-chest_vp-ap_dx.npy
qata_test_sub-S09689_ses-E20924_run-1_bp-chest_vp-ap_dx,sub-S09689,unet,1002,0.9530292716136088,0.9102730819255497,4.242640687119285,1.3332521289276433,predictions/masks/qata_test_sub-S09689_ses-E20924_run-1_bp-chest_vp-ap_dx.png,predictions/probabilities/qata_test_sub-S09689_ses-E20924_run-1_bp-chest_vp-ap_dx.npy
qata_test_sub-S09689_ses-E21117_run-1_bp-chest_vp-ap_dx,sub-S09689,unet,1002,0.9009107468128373,0.8196884322189287,17.72004514666935,3.1780701930454236,predictions/masks/qata_test_sub-S09689_ses-E21117_run-1_bp-chest_vp-ap_dx.png,predictions/probabilities/qata_test_sub-S09689_ses-E21117_run-1_bp-chest_vp-ap_dx.npy
qata_test_sub-S09689_ses-E21326_run-1_bp-chest_vp-ap_dx,sub-S09689,unet,1002,0.9420870444559057,0.890514705883158,9.043908891458537,2.0325050653751786,predictions/masks/qata_test_sub-S09689_ses-E21326_run-1_bp-chest_vp-ap_dx.png,predictions/probabilities/qata_test_sub-S09689_ses-E21326_run-1_bp-chest_vp-ap_dx.npy
qata_test_sub-S09689_ses-E21327_run-1_bp-chest_vp-ap_dx,sub-S09689,unet,1002,0.9722506655745841,0.9459998007378101,2.23606797749979,0.7511959325582093,predictions/masks/qata_test_sub-S09689_ses-E21327_run-1_bp-chest_vp-ap_dx.png,predictions/probabilities/qata_test_sub-S09689_ses-E21327_run-1_bp-chest_vp-ap_dx.npy
qata_test_sub-S09689_ses-E21475_run-1_bp-chest_vp-ap_dx,sub-S09689,unet,1002,0.9669208519591537,0.9359600895954392,3.1622776601683795,1.0004672207878453,predictions/masks/qata_test_sub-S09689_ses-E21475_run-1_bp-chest_vp-ap_dx.png,predictions/probabilities/qata_test_sub-S09689_ses-E21475_run-1_bp-chest_vp-ap_dx.npy
qata_test_sub-S09689_ses-E21646_run-1_bp-chest_vp-ap_dx,sub-S09689,unet,1002,0.965840510927721,0.933937677054573,2.23606797749979,0.8537288918687963,predictions/masks/qata_test_sub-S09689_ses-E21646_run-1_bp-chest_vp-ap_dx.png,predictions/probabilities/qata_test_sub-S09689_ses-E21646_run-1_bp-chest_vp-ap_dx.npy
qata_test_sub-S09689_ses-E22007_run-1_bp-chest_vp-ap_dx,sub-S09689,unet,1002,0.9675786428831651,0.9371935559194816,2.23606797749979,0.8089108734044769,predictions/masks/qata_test_sub-S09689_ses-E22007_run-1_bp-chest_vp-ap_dx.png,predictions/probabilities/qata_test_sub-S09689_ses-E22007_run-1_bp-chest_vp-ap_dx.npy
qata_test_sub-S09689_ses-E22308_run-1_bp-chest_vp-ap_dx,sub-S09689,unet,1002,0.9664077474025703,0.9349990240100039,2.8541630560342384,0.9114716153405444,predictions/masks/qata_test_sub-S09689_ses-E22308_run-1_bp-chest_vp-ap_dx.png,predictions/probabilities/qata_test_sub-S09689_ses-E22308_run-1_bp-chest_vp-ap_dx.npy
qata_test_sub-S09689_ses-E22565_run-1_bp-chest_vp-ap_dx,sub-S09689,unet,1002,0.9246604235217891,0.8598776086626402,11.0,2.272766953378751,predictions/masks/qata_test_sub-S09689_ses-E22565_run-1_bp-chest_vp-ap_dx.png,predictions/probabilities/qata_test_sub-S09689_ses-E22565_run-1_bp-chest_vp-ap_dx.npy
qata_test_sub-S09689_ses-E22774_run-1_bp-chest_vp-ap_dx,sub-S09689,unet,1002,0.9675479405425647,0.9371359490060761,2.0,0.7972739158713835,predictions/masks/qata_test_sub-S09689_ses-E22774_run-1_bp-chest_vp-ap_dx.png,predictions/probabilities/qata_test_sub-S09689_ses-E22774_run-1_bp-chest_vp-ap_dx.npy
qata_test_sub-S09689_ses-E22961_run-1_bp-chest_vp-ap_dx,sub-S09689,unet,1002,0.9684867394697193,0.9388989715673762,3.0,0.869164332104169,predictions/masks/qata_test_sub-S09689_ses-E22961_run-1_bp-chest_vp-ap_dx.png,predictions/probabilities/qata_test_sub-S09689_ses-E22961_run-1_bp-chest_vp-ap_dx.npy
qata_test_sub-S09689_ses-E23102_run-1_bp-chest_vp-ap_dx,sub-S09689,unet,1002,0.9776615699427178,0.956299343934657,1.4142135623730951,0.5646806119853257,predictions/masks/qata_test_sub-S09689_ses-E23102_run-1_bp-chest_vp-ap_dx.png,predictions/probabilities/qata_test_sub-S09689_ses-E23102_run-1_bp-chest_vp-ap_dx.npy
qata_test_sub-S09689_ses-E23273_run-1_bp-chest_vp-ap_dx,sub-S09689,unet,1002,0.9717770868215033,0.9451035124453929,2.23606797749979,0.7231825413088151,predictions/masks/qata_test_sub-S09689_ses-E23273_run-1_bp-chest_vp-ap_dx.png,predictions/probabilities/qata_test_sub-S09689_ses-E23273_run-1_bp-chest_vp-ap_dx.npy
qata_test_sub-S09689_ses-E23583_run-1_bp-chest_vp-ap_dx,sub-S09689,unet,1002,0.9596215966776671,0.9223774672885077,32.0,3.412621358360593,predictions/masks/qata_test_sub-S09689_ses-E23583_run-1_bp-chest_vp-ap_dx.png,predictions/probabilities/qata_test_sub-S09689_ses-E23583_run-1_bp-chest_vp-ap_dx.npy
qata_test_sub-S09689_ses-E24033_run-1_bp-chest_vp-ap_cr,sub-S09689,unet,1002,0.8510703598568935,0.7407506344364799,17.69462992632565,2.8741847244015575,predictions/masks/qata_test_sub-S09689_ses-E24033_run-1_bp-chest_vp-ap_cr.png,predictions/probabilities/qata_test_sub-S09689_ses-E24033_run-1_bp-chest_vp-ap_cr.npy
qata_test_sub-S09689_ses-E25744_run-1_bp-chest_vp-ap_dx,sub-S09689,unet,1002,0.9461843282631588,0.8978651140235581,4.47213595499958,1.1661392543158122,predictions/masks/qata_test_sub-S09689_ses-E25744_run-1_bp-chest_vp-ap_dx.png,predictions/probabilities/qata_test_sub-S09689_ses-E25744_run-1_bp-chest_vp-ap_dx.npy
qata_test_sub-S09689_ses-E25745_run-1_bp-chest_vp-ap_dx,sub-S09689,unet,1002,0.9789913742923269,0.958847310045,2.0,0.5405375454796586,predictions/masks/qata_test_sub-S09689_ses-E25745_run-1_bp-chest_vp-ap_dx.png,predictions/probabilities/qata_test_sub-S09689_ses-E25745_run-1_bp-chest_vp-ap_dx.npy
qata_test_sub-S09689_ses-E26065_run-1_bp-chest_vp-ap_dx,sub-S09689,unet,1002,0.7890523679630203,0.6515990841299092,38.77486129123079,6.208635737398471,predictions/masks/qata_test_sub-S09689_ses-E26065_run-1_bp-chest_vp-ap_dx.png,predictions/probabilities/qata_test_sub-S09689_ses-E26065_run-1_bp-chest_vp-ap_dx.npy
qata_test_sub-S09690_ses-E16605_run-1_bp-chest_vp-ap_cr,sub-S09690,unet,1002,0.2058719490907014,0.11474763410430808,70.60421134254197,24.634267354520606,predictions/masks/qata_test_sub-S09690_ses-E16605_run-1_bp-chest_vp-ap_cr.png,predictions/probabilities/qata_test_sub-S09690_ses-E16605_run-1_bp-chest_vp-ap_cr.npy
qata_test_sub-S09692_ses-E17183_acq-2_run-1_bp-chest_vp-ap_dx,sub-S09692,unet,1002,0.9034897713605817,0.8239683933300561,7.819737192111313,1.8265023370408915,predictions/masks/qata_test_sub-S09692_ses-E17183_acq-2_run-1_bp-chest_vp-ap_dx.png,predictions/probabilities/qata_test_sub-S09692_ses-E17183_acq-2_run-1_bp-chest_vp-ap_dx.npy
qata_test_sub-S09692_ses-E18439_run-1_bp-chest_cr,sub-S09692,unet,1002,0.7627163781633528,0.6164442531233231,21.421927357398047,5.411615724784087,predictions/masks/qata_test_sub-S09692_ses-E18439_run-1_bp-chest_cr.png,predictions/probabilities/qata_test_sub-S09692_ses-E18439_run-1_bp-chest_cr.npy
qata_test_sub-S09692_ses-E20201_run-1_bp-chest_cr,sub-S09692,unet,1002,0.9436920330632012,0.8933872152836636,12.0,1.7361706799296202,predictions/masks/qata_test_sub-S09692_ses-E20201_run-1_bp-chest_cr.png,predictions/probabilities/qata_test_sub-S09692_ses-E20201_run-1_bp-chest_cr.npy
qata_test_sub-S09692_ses-E21356_run-1_bp-chest_cr,sub-S09692,unet,1002,0.9734513274337567,0.9482758620694528,2.23606797749979,0.6794931995087127,predictions/masks/qata_test_sub-S09692_ses-E21356_run-1_bp-chest_cr.png,predictions/probabilities/qata_test_sub-S09692_ses-E21356_run-1_bp-chest_cr.npy
qata_test_sub-S09692_ses-E21505_run-1_bp-chest_cr,sub-S09692,unet,1002,0.9786970741625621,0.9582828457680606,2.0,0.5809652200303314,predictions/masks/qata_test_sub-S09692_ses-E21505_run-1_bp-chest_cr.png,predictions/probabilities/qata_test_sub-S09692_ses-E21505_run-1_bp-chest_cr.npy
qata_test_sub-S09692_ses-E21668_run-1_bp-chest_cr,sub-S09692,unet,1002,0.9725716447556391,0.9466077510821448,2.0,0.7450810045353954,predictions/masks/qata_test_sub-S09692_ses-E21668_run-1_bp-chest_cr.png,predictions/probabilities/qata_test_sub-S09692_ses-E21668_run-1_bp-chest_cr.npy
qata_test_sub-S09692_ses-E21914_run-1_bp-chest_vp-ap_dx,sub-S09692,unet,1002,0.9583018962830929,0.9199420569780787,4.123105625617661,1.105936118974446,predictions/masks/qata_test_sub-S09692_ses-E21914_run-1_bp-chest_vp-ap_dx.png,predictions/probabilities/qata_test_sub-S09692_ses-E21914_run-1_bp-chest_vp-ap_dx.npy
qata_test_sub-S09692_ses-E22025_run-1_bp-chest_vp-ap_dx,sub-S09692,unet,1002,0.9657947686118851,0.9338521400786253,2.9313708498984603,0.7290128908624197,predictions/masks/qata_test_sub-S09692_ses-E22025_run-1_bp-chest_vp-ap_dx.png,predictions/probabilities/qata_test_sub-S09692_ses-E22025_run-1_bp-chest_vp-ap_dx.npy
qata_test_sub-S09692_ses-E22600_run-1_bp-chest_cr,sub-S09692,unet,1002,0.9141356742567146,0.8418507290324683,11.180339887498949,1.8469191179356836,predictions/masks/qata_test_sub-S09692_ses-E22600_run-1_bp-chest_cr.png,predictions/probabilities/qata_test_sub-S09692_ses-E22600_run-1_bp-chest_cr.npy
qata_test_sub-S09692_ses-E24090_run-1_bp-chest_vp-pa_cr,sub-S09692,unet,1002,0.8911564625855785,0.8036809815968632,22.561028345356956,3.17687485381755,predictions/masks/qata_test_sub-S09692_ses-E24090_run-1_bp-chest_vp-pa_cr.png,predictions/probabilities/qata_test_sub-S09692_ses-E24090_run-1_bp-chest_vp-pa_cr.npy
qata_test_sub-S09692_ses-E24092_run-1_bp-chest_cr,sub-S09692,unet,1002,0.9695216202292041,0.9408461538466089,7.732459047889538,1.5660940728602313,predictions/masks/qata_test_sub-S09692_ses-E24092_run-1_bp-chest_cr.png,predictions/probabilities/qata_test_sub-S09692_ses-E24092_run-1_bp-chest_cr.npy
qata_test_sub-S09693_ses-E16608_run-1_bp-chest_vp-ap_dx,sub-S09693,unet,1002,0.40872374799653416,0.2568527919033214,117.4850639832757,18.078981742402867,predictions/masks/qata_test_sub-S09693_ses-E16608_run-1_bp-chest_vp-ap_dx.png,predictions/probabilities/qata_test_sub-S09693_ses-E16608_run-1_bp-chest_vp-ap_dx.npy
qata_test_sub-S09693_ses-E19186_run-1_bp-chest_vp-pa_cr,sub-S09693,unet,1002,0.8584018801430905,0.7519300051530641,7.056854249492377,2.48734092627794,predictions/masks/qata_test_sub-S09693_ses-E19186_run-1_bp-chest_vp-pa_cr.png,predictions/probabilities/qata_test_sub-S09693_ses-E19186_run-1_bp-chest_vp-pa_cr.npy
qata_test_sub-S09694_ses-E16609_run-1_bp-chest_vp-ap_dx,sub-S09694,unet,1002,0.8807792963087994,0.7869576513435449,9.055385138137417,2.150046802750853,predictions/masks/qata_test_sub-S09694_ses-E16609_run-1_bp-chest_vp-ap_dx.png,predictions/probabilities/qata_test_sub-S09694_ses-E16609_run-1_bp-chest_vp-ap_dx.npy
qata_test_sub-S09694_ses-E17185_run-1_bp-chest_vp-ap_dx,sub-S09694,unet,1002,0.8846207183477699,0.7931120228796082,10.0,2.499414833985711,predictions/masks/qata_test_sub-S09694_ses-E17185_run-1_bp-chest_vp-ap_dx.png,predictions/probabilities/qata_test_sub-S09694_ses-E17185_run-1_bp-chest_vp-ap_dx.npy
qata_test_sub-S09694_ses-E17337_run-1_bp-chest_vp-pa_dx,sub-S09694,unet,1002,0.6198889449964721,0.4491587418105955,30.420381517167623,7.399501876407879,predictions/masks/qata_test_sub-S09694_ses-E17337_run-1_bp-chest_vp-pa_dx.png,predictions/probabilities/qata_test_sub-S09694_ses-E17337_run-1_bp-chest_vp-pa_dx.npy
qata_test_sub-S09694_ses-E20413_run-1_bp-chest_vp-ap_dx,sub-S09694,unet,1002,0.5857819905344145,0.4142091153076761,36.40054944640259,7.319535820734725,predictions/masks/qata_test_sub-S09694_ses-E20413_run-1_bp-chest_vp-ap_dx.png,predictions/probabilities/qata_test_sub-S09694_ses-E20413_run-1_bp-chest_vp-ap_dx.npy
qata_test_sub-S09694_ses-E26910_run-1_bp-chest_vp-pa_dx,sub-S09694,unet,1002,0.46893317703783904,0.30627871365596177,112.50261865642636,25.525273982497716,predictions/masks/qata_test_sub-S09694_ses-E26910_run-1_bp-chest_vp-pa_dx.png,predictions/probabilities/qata_test_sub-S09694_ses-E26910_run-1_bp-chest_vp-pa_dx.npy
qata_test_sub-S09695_ses-E17191_run-1_bp-chest_vp-ap_dx,sub-S09695,unet,1002,0.6603146465840835,0.4928878597587533,49.95500162338,8.233451038642237,predictions/masks/qata_test_sub-S09695_ses-E17191_run-1_bp-chest_vp-ap_dx.png,predictions/probabilities/qata_test_sub-S09695_ses-E17191_run-1_bp-chest_vp-ap_dx.npy
qata_test_sub-S09695_ses-E18620_run-1_bp-chest_vp-pa_cr,sub-S09695,unet,1002,0.7533753375448526,0.6043321299924669,14.028535078094558,4.054701882303462,predictions/masks/qata_test_sub-S09695_ses-E18620_run-1_bp-chest_vp-pa_cr.png,predictions/probabilities/qata_test_sub-S09695_ses-E18620_run-1_bp-chest_vp-pa_cr.npy
qata_test_sub-S09697_ses-E16614_run-1_bp-chest_vp-ap_dx,sub-S09697,unet,1002,0.4711833785100057,0.30820137085066884,81.31297369626803,24.922926516315616,predictions/masks/qata_test_sub-S09697_ses-E16614_run-1_bp-chest_vp-ap_dx.png,predictions/probabilities/qata_test_sub-S09697_ses-E16614_run-1_bp-chest_vp-ap_dx.npy
qata_test_sub-S09698_ses-E16616_run-1_bp-chest_vp-pa_dx,sub-S09698,unet,1002,0.7080649317261514,0.5480654168508949,13.601470508735444,3.935891939263107,predictions/masks/qata_test_sub-S09698_ses-E16616_run-1_bp-chest_vp-pa_dx.png,predictions/probabilities/qata_test_sub-S09698_ses-E16616_run-1_bp-chest_vp-pa_dx.npy
qata_test_sub-S09699_ses-E16619_run-1_bp-chest_vp-ap_cr,sub-S09699,unet,1002,0.595092024581279,0.42358078611010475,88.6357076426145,27.218172657663786,predictions/masks/qata_test_sub-S09699_ses-E16619_run-1_bp-chest_vp-ap_cr.png,predictions/probabilities/qata_test_sub-S09699_ses-E16619_run-1_bp-chest_vp-ap_cr.npy
qata_test_sub-S09699_ses-E17473_run-1_bp-chest_vp-ap_dx,sub-S09699,unet,1002,7.627765064254175e-11,7.627765064254175e-11,134.09608322412993,100.49048533688283,predictions/masks/qata_test_sub-S09699_ses-E17473_run-1_bp-chest_vp-ap_dx.png,predictions/probabilities/qata_test_sub-S09699_ses-E17473_run-1_bp-chest_vp-ap_dx.npy
qata_test_sub-S09699_ses-E17617_run-1_bp-chest_vp-ap_dx,sub-S09699,unet,1002,0.858778625955546,0.752508361208152,13.0,3.2621140529394452,predictions/masks/qata_test_sub-S09699_ses-E17617_run-1_bp-chest_vp-ap_dx.png,predictions/probabilities/qata_test_sub-S09699_ses-E17617_run-1_bp-chest_vp-ap_dx.npy
qata_test_sub-S09700_ses-E18733_run-1_bp-chest_vp-pa_dx,sub-S09700,unet,1002,0.3718411552913501,0.22838137480838344,107.95900100317422,37.41196872549236,predictions/masks/qata_test_sub-S09700_ses-E18733_run-1_bp-chest_vp-pa_dx.png,predictions/probabilities/qata_test_sub-S09700_ses-E18733_run-1_bp-chest_vp-pa_dx.npy
qata_test_sub-S09700_ses-E20216_run-1_bp-chest_vp-ap_dx,sub-S09700,unet,1002,0.5747044070378107,0.4032176973653485,39.35733730830886,12.504179356879918,predictions/masks/qata_test_sub-S09700_ses-E20216_run-1_bp-chest_vp-ap_dx.png,predictions/probabilities/qata_test_sub-S09700_ses-E20216_run-1_bp-chest_vp-ap_dx.npy
qata_test_sub-S09700_ses-E20952_run-1_bp-chest_vp-ap_cr,sub-S09700,unet,1002,0.9423903697342736,0.891056910572058,5.0,1.0176650215113885,predictions/masks/qata_test_sub-S09700_ses-E20952_run-1_bp-chest_vp-ap_cr.png,predictions/probabilities/qata_test_sub-S09700_ses-E20952_run-1_bp-chest_vp-ap_cr.npy
qata_test_sub-S09700_ses-E22825_run-1_bp-chest_vp-ap_dx,sub-S09700,unet,1002,0.7524154589446734,0.6030977734945259,80.86653671827932,16.67748423404492,predictions/masks/qata_test_sub-S09700_ses-E22825_run-1_bp-chest_vp-ap_dx.png,predictions/probabilities/qata_test_sub-S09700_ses-E22825_run-1_bp-chest_vp-ap_dx.npy
qata_test_sub-S09703_ses-E16625_run-1_bp-chest_vp-ap_cr,sub-S09703,unet,1002,0.9183842625854098,0.8490855216118414,12.0,2.150357357794459,predictions/masks/qata_test_sub-S09703_ses-E16625_run-1_bp-chest_vp-ap_cr.png,predictions/probabilities/qata_test_sub-S09703_ses-E16625_run-1_bp-chest_vp-ap_cr.npy
qata_test_sub-S09703_ses-E19461_run-1_bp-chest_vp-ap_cr,sub-S09703,unet,1002,0.9051472021841239,0.8267295877497397,11.17359094398334,1.9392089099961733,predictions/masks/qata_test_sub-S09703_ses-E19461_run-1_bp-chest_vp-ap_cr.png,predictions/probabilities/qata_test_sub-S09703_ses-E19461_run-1_bp-chest_vp-ap_cr.npy
qata_test_sub-S09703_ses-E20301_run-1_bp-chest_vp-ap_cr,sub-S09703,unet,1002,0.89382054715949,0.8080249048788652,11.180339887498949,2.1864001371160637,predictions/masks/qata_test_sub-S09703_ses-E20301_run-1_bp-chest_vp-ap_cr.png,predictions/probabilities/qata_test_sub-S09703_ses-E20301_run-1_bp-chest_vp-ap_cr.npy
qata_test_sub-S09703_ses-E20706_run-1_bp-chest_vp-ap_cr,sub-S09703,unet,1002,0.9410938460190453,0.8887415022393571,7.0,1.644150483535321,predictions/masks/qata_test_sub-S09703_ses-E20706_run-1_bp-chest_vp-ap_cr.png,predictions/probabilities/qata_test_sub-S09703_ses-E20706_run-1_bp-chest_vp-ap_cr.npy
qata_test_sub-S09703_ses-E23854_run-1_bp-chest_vp-ap_cr,sub-S09703,unet,1002,0.9605673006828778,0.9241264983432271,3.1622776601683795,0.9130410095343822,predictions/masks/qata_test_sub-S09703_ses-E23854_run-1_bp-chest_vp-ap_cr.png,predictions/probabilities/qata_test_sub-S09703_ses-E23854_run-1_bp-chest_vp-ap_cr.npy
qata_test_sub-S09704_ses-E19852_acq-1_run-1_bp-chest_vp-ap_dx,sub-S09704,unet,1002,0.650368385812111,0.4818858561051173,106.22260397737934,23.983453955778575,predictions/masks/qata_test_sub-S09704_ses-E19852_acq-1_run-1_bp-chest_vp-ap_dx.png,predictions/probabilities/qata_test_sub-S09704_ses-E19852_acq-1_run-1_bp-chest_vp-ap_dx.npy
qata_test_sub-S09704_ses-E19852_acq-2_run-1_bp-chest_vp-ap_dx,sub-S09704,unet,1002,0.6356069364203976,0.4658532452217276,20.236102573736638,8.851510397758284,predictions/masks/qata_test_sub-S09704_ses-E19852_acq-2_run-1_bp-chest_vp-ap_dx.png,predictions/probabilities/qata_test_sub-S09704_ses-E19852_acq-2_run-1_bp-chest_vp-ap_dx.npy
qata_test_sub-S09708_ses-E16636_run-1_bp-chest_vp-ap_dx,sub-S09708,unet,1002,0.8539716243612877,0.7451574869484154,25.95669336415718,4.82857965043768,predictions/masks/qata_test_sub-S09708_ses-E16636_run-1_bp-chest_vp-ap_dx.png,predictions/probabilities/qata_test_sub-S09708_ses-E16636_run-1_bp-chest_vp-ap_dx.npy
qata_test_sub-S09708_ses-E17141_run-1_bp-chest_vp-ap_dx,sub-S09708,unet,1002,0.9257391476321283,0.8617452135506098,8.48528137423857,2.1253643871255488,predictions/masks/qata_test_sub-S09708_ses-E17141_run-1_bp-chest_vp-ap_dx.png,predictions/probabilities/qata_test_sub-S09708_ses-E17141_run-1_bp-chest_vp-ap_dx.npy
qata_test_sub-S09708_ses-E22670_run-1_bp-chest_vp-ap_dx,sub-S09708,unet,1002,0.6677888661797055,0.5012635379106384,36.33241425987409,8.606861410459217,predictions/masks/qata_test_sub-S09708_ses-E22670_run-1_bp-chest_vp-ap_dx.png,predictions/probabilities/qata_test_sub-S09708_ses-E22670_run-1_bp-chest_vp-ap_dx.npy
qata_test_sub-S09708_ses-E24162_run-1_bp-chest_vp-pa_dx,sub-S09708,unet,1002,0.5444015444235328,0.37400530508129937,98.67117106835208,27.40924216605168,predictions/masks/qata_test_sub-S09708_ses-E24162_run-1_bp-chest_vp-pa_dx.png,predictions/probabilities/qata_test_sub-S09708_ses-E24162_run-1_bp-chest_vp-pa_dx.npy
qata_test_sub-S09709_ses-E16639_run-1_bp-chest_vp-pa_cr,sub-S09709,unet,1002,0.7465698143766518,0.5956213780041454,91.03624872133082,17.927426926746957,predictions/masks/qata_test_sub-S09709_ses-E16639_run-1_bp-chest_vp-pa_cr.png,predictions/probabilities/qata_test_sub-S09709_ses-E16639_run-1_bp-chest_vp-pa_cr.npy
qata_test_sub-S09709_ses-E24157_run-1_bp-chest_vp-pa_cr,sub-S09709,unet,1002,0.9044334975400843,0.825539568355783,9.246273309614102,1.7566853527412314,predictions/masks/qata_test_sub-S09709_ses-E24157_run-1_bp-chest_vp-pa_cr.png,predictions/probabilities/qata_test_sub-S09709_ses-E24157_run-1_bp-chest_vp-pa_cr.npy
qata_test_sub-S09710_ses-E16640_run-1_bp-chest_vp-ap_dx,sub-S09710,unet,1002,0.7728706624629561,0.6298200514202259,104.40705943330696,16.040413296296823,predictions/masks/qata_test_sub-S09710_ses-E16640_run-1_bp-chest_vp-ap_dx.png,predictions/probabilities/qata_test_sub-S09710_ses-E16640_run-1_bp-chest_vp-ap_dx.npy
qata_test_sub-S09710_ses-E17123_run-1_bp-chest_vp-ap_cr,sub-S09710,unet,1002,0.8509543793170306,0.7405749293180826,6.32455532033676,2.1653163338971018,predictions/masks/qata_test_sub-S09710_ses-E17123_run-1_bp-chest_vp-ap_cr.png,predictions/probabilities/qata_test_sub-S09710_ses-E17123_run-1_bp-chest_vp-ap_cr.npy
qata_test_sub-S09711_ses-E18225_run-1_bp-chest_vp-pa_cr,sub-S09711,unet,1002,0.8301432664766181,0.7096110512421905,52.43994829485776,7.124876819181251,predictions/masks/qata_test_sub-S09711_ses-E18225_run-1_bp-chest_vp-pa_cr.png,predictions/probabilities/qata_test_sub-S09711_ses-E18225_run-1_bp-chest_vp-pa_cr.npy
qata_test_sub-S09711_ses-E20994_run-1_bp-chest_vp-pa_cr,sub-S09711,unet,1002,0.36531791908248185,0.2234794908172068,79.74741120451017,23.395409053949017,predictions/masks/qata_test_sub-S09711_ses-E20994_run-1_bp-chest_vp-pa_cr.png,predictions/probabilities/qata_test_sub-S09711_ses-E20994_run-1_bp-chest_vp-pa_cr.npy
qata_test_sub-S09711_ses-E23411_run-1_bp-chest_vp-pa_cr,sub-S09711,unet,1002,0.5274249422701006,0.35816506568597994,85.77639529101175,17.768810823581713,predictions/masks/qata_test_sub-S09711_ses-E23411_run-1_bp-chest_vp-pa_cr.png,predictions/probabilities/qata_test_sub-S09711_ses-E23411_run-1_bp-chest_vp-pa_cr.npy
qata_test_sub-S09712_ses-E19280_run-1_bp-chest_cr,sub-S09712,unet,1002,0.8325609510388035,0.7131515360750988,15.459215402813454,2.807060376244612,predictions/masks/qata_test_sub-S09712_ses-E19280_run-1_bp-chest_cr.png,predictions/probabilities/qata_test_sub-S09712_ses-E19280_run-1_bp-chest_cr.npy
qata_test_sub-S09712_ses-E26390_run-1_bp-chest_vp-ap_dx,sub-S09712,unet,1002,0.6095635007719942,0.43839722354569494,49.98949263969195,12.84821286501722,predictions/masks/qata_test_sub-S09712_ses-E26390_run-1_bp-chest_vp-ap_dx.png,predictions/probabilities/qata_test_sub-S09712_ses-E26390_run-1_bp-chest_vp-ap_dx.npy
qata_test_sub-S09715_ses-E16646_run-1_bp-chest_vp-ap_dx,sub-S09715,unet,1002,0.5959295678116641,0.42442996744545836,18.856012058704618,5.463437323808797,predictions/masks/qata_test_sub-S09715_ses-E16646_run-1_bp-chest_vp-ap_dx.png,predictions/probabilities/qata_test_sub-S09715_ses-E16646_run-1_bp-chest_vp-ap_dx.npy
qata_test_sub-S09716_ses-E16647_run-1_bp-chest_dx,sub-S09716,unet,1002,0.7700662251686083,0.626103812198447,25.876294223662818,5.749130114346108,predictions/masks/qata_test_sub-S09716_ses-E16647_run-1_bp-chest_dx.png,predictions/probabilities/qata_test_sub-S09716_ses-E16647_run-1_bp-chest_dx.npy
qata_test_sub-S09717_ses-E19511_run-1_bp-chest_vp-ap_dx,sub-S09717,unet,1002,0.7097082735567944,0.5500370645005552,34.322362016852544,5.054801313201087,predictions/masks/qata_test_sub-S09717_ses-E19511_run-1_bp-chest_vp-ap_dx.png,predictions/probabilities/qata_test_sub-S09717_ses-E19511_run-1_bp-chest_vp-ap_dx.npy
qata_test_sub-S09717_ses-E21410_run-1_bp-chest_vp-ap_dx,sub-S09717,unet,1002,0.8900182184304342,0.8018313752625806,7.800525847404526,1.7801660007842166,predictions/masks/qata_test_sub-S09717_ses-E21410_run-1_bp-chest_vp-ap_dx.png,predictions/probabilities/qata_test_sub-S09717_ses-E21410_run-1_bp-chest_vp-ap_dx.npy
qata_test_sub-S09717_ses-E22401_run-1_bp-chest_vp-pa_cr,sub-S09717,unet,1002,0.8261127596473569,0.7037411526894594,19.95721863378578,4.240363781036473,predictions/masks/qata_test_sub-S09717_ses-E22401_run-1_bp-chest_vp-pa_cr.png,predictions/probabilities/qata_test_sub-S09717_ses-E22401_run-1_bp-chest_vp-pa_cr.npy
qata_test_sub-S09718_ses-E23427_run-1_bp-chest_vp-ap_dx,sub-S09718,unet,1002,0.7665056360802535,0.6214099216957304,10.037406715840667,3.613930987931156,predictions/masks/qata_test_sub-S09718_ses-E23427_run-1_bp-chest_vp-ap_dx.png,predictions/probabilities/qata_test_sub-S09718_ses-E23427_run-1_bp-chest_vp-ap_dx.npy
qata_test_sub-S09718_ses-E24346_run-1_bp-chest_vp-pa_dx,sub-S09718,unet,1002,0.5626713182266965,0.391470180326232,107.33196167606923,28.07340281109131,predictions/masks/qata_test_sub-S09718_ses-E24346_run-1_bp-chest_vp-pa_dx.png,predictions/probabilities/qata_test_sub-S09718_ses-E24346_run-1_bp-chest_vp-pa_dx.npy
qata_test_sub-S09719_ses-E19486_run-1_bp-chest_vp-ap_dx,sub-S09719,unet,1002,0.8135483871027888,0.6856987493373736,6.854101966249685,2.219188872076578,predictions/masks/qata_test_sub-S09719_ses-E19486_run-1_bp-chest_vp-ap_dx.png,predictions/probabilities/qata_test_sub-S09719_ses-E19486_run-1_bp-chest_vp-ap_dx.npy
qata_test_sub-S09719_ses-E20451_run-1_bp-chest_vp-pa_dx,sub-S09719,unet,1002,0.3444444444687243,0.20805369131060164,25.691323011247047,13.292944235815096,predictions/masks/qata_test_sub-S09719_ses-E20451_run-1_bp-chest_vp-pa_dx.png,predictions/probabilities/qata_test_sub-S09719_ses-E20451_run-1_bp-chest_vp-pa_dx.npy
qata_test_sub-S09720_ses-E16867_acq-1_run-1_bp-chest_vp-ap_dx,sub-S09720,unet,1002,0.512024528125783,0.34410817772898766,31.016124838541646,8.465051492797206,predictions/masks/qata_test_sub-S09720_ses-E16867_acq-1_run-1_bp-chest_vp-ap_dx.png,predictions/probabilities/qata_test_sub-S09720_ses-E16867_acq-1_run-1_bp-chest_vp-ap_dx.npy
qata_test_sub-S09720_ses-E16981_run-1_bp-chest_vp-pa_dx,sub-S09720,unet,1002,0.6999457406565412,0.5383973289200001,87.91188535902637,11.258983747530099,predictions/masks/qata_test_sub-S09720_ses-E16981_run-1_bp-chest_vp-pa_dx.png,predictions/probabilities/qata_test_sub-S09720_ses-E16981_run-1_bp-chest_vp-pa_dx.npy
qata_test_sub-S09720_ses-E17496_run-1_bp-chest_vp-ap_dx,sub-S09720,unet,1002,0.8492791612255204,0.7380410023375761,66.93309141436521,8.43462151860137,predictions/masks/qata_test_sub-S09720_ses-E17496_run-1_bp-chest_vp-ap_dx.png,predictions/probabilities/qata_test_sub-S09720_ses-E17496_run-1_bp-chest_vp-ap_dx.npy
qata_test_sub-S09720_ses-E17848_run-1_bp-chest_vp-ap_dx,sub-S09720,unet,1002,0.9581749049432603,0.9197080291981656,3.1622776601683795,0.9951599148928737,predictions/masks/qata_test_sub-S09720_ses-E17848_run-1_bp-chest_vp-ap_dx.png,predictions/probabilities/qata_test_sub-S09720_ses-E17848_run-1_bp-chest_vp-ap_dx.npy
qata_test_sub-S09720_ses-E23823_run-1_bp-chest_vp-pa_dx,sub-S09720,unet,1002,0.6273726273912401,0.4570596798066186,17.042564826330995,3.951628225924773,predictions/masks/qata_test_sub-S09720_ses-E23823_run-1_bp-chest_vp-pa_dx.png,predictions/probabilities/qata_test_sub-S09720_ses-E23823_run-1_bp-chest_vp-pa_dx.npy
qata_test_sub-S09721_ses-E18282_run-1_bp-chest_cr,sub-S09721,unet,1002,0.8936567164190127,0.8077571669513255,12.727922061357855,2.174433802420237,predictions/masks/qata_test_sub-S09721_ses-E18282_run-1_bp-chest_cr.png,predictions/probabilities/qata_test_sub-S09721_ses-E18282_run-1_bp-chest_cr.npy
qata_test_sub-S09721_ses-E20524_run-1_bp-chest_vp-ap_dx,sub-S09721,unet,1002,0.6954732510327228,0.5331230284003722,13.645116530842559,3.8253256127984425,predictions/masks/qata_test_sub-S09721_ses-E20524_run-1_bp-chest_vp-ap_dx.png,predictions/probabilities/qata_test_sub-S09721_ses-E20524_run-1_bp-chest_vp-ap_dx.npy
qata_test_sub-S09721_ses-E22463_run-1_bp-chest_vp-ap_dx,sub-S09721,unet,1002,0.810046511631441,0.6807379612357493,18.641108291694508,4.18020409622263,predictions/masks/qata_test_sub-S09721_ses-E22463_run-1_bp-chest_vp-ap_dx.png,predictions/probabilities/qata_test_sub-S09721_ses-E22463_run-1_bp-chest_vp-ap_dx.npy
qata_test_sub-S09721_ses-E23931_run-1_bp-chest_vp-pa_cr,sub-S09721,unet,1002,0.43829578845645706,0.28065224210471457,34.79292443525347,13.810845260030021,predictions/masks/qata_test_sub-S09721_ses-E23931_run-1_bp-chest_vp-pa_cr.png,predictions/probabilities/qata_test_sub-S09721_ses-E23931_run-1_bp-chest_vp-pa_cr.npy
qata_test_sub-S09721_ses-E24599_run-1_bp-chest_vp-ap_dx,sub-S09721,unet,1002,0.8464575564833684,0.7337896938632099,11.461578825892186,3.317438532271647,predictions/masks/qata_test_sub-S09721_ses-E24599_run-1_bp-chest_vp-ap_dx.png,predictions/probabilities/qata_test_sub-S09721_ses-E24599_run-1_bp-chest_vp-ap_dx.npy
qata_test_sub-S09721_ses-E25059_run-1_bp-chest_vp-ap_dx,sub-S09721,unet,1002,0.07979856674259543,0.04155739360416467,98.23183687369493,48.86626483079413,predictions/masks/qata_test_sub-S09721_ses-E25059_run-1_bp-chest_vp-ap_dx.png,predictions/probabilities/qata_test_sub-S09721_ses-E25059_run-1_bp-chest_vp-ap_dx.npy
qata_test_sub-S09721_ses-E25952_run-1_bp-chest_vp-ap_dx,sub-S09721,unet,1002,0.9717429357342868,0.9450389105071731,2.7099552952968833,0.7942025072746474,predictions/masks/qata_test_sub-S09721_ses-E25952_run-1_bp-chest_vp-ap_dx.png,predictions/probabilities/qata_test_sub-S09721_ses-E25952_run-1_bp-chest_vp-ap_dx.npy
qata_test_sub-S09722_ses-E16656_run-1_bp-chest_vp-pa_cr,sub-S09722,unet,1002,8.833922260703716e-11,8.833922260703716e-11,316.7838379715733,316.7838379715733,predictions/masks/qata_test_sub-S09722_ses-E16656_run-1_bp-chest_vp-pa_cr.png,predictions/probabilities/qata_test_sub-S09722_ses-E16656_run-1_bp-chest_vp-pa_cr.npy
qata_test_sub-S09723_ses-E16657_run-1_bp-chest_vp-pa_cr,sub-S09723,unet,1002,0.4368627451201231,0.2794781736437793,89.98220462915424,28.14582735983866,predictions/masks/qata_test_sub-S09723_ses-E16657_run-1_bp-chest_vp-pa_cr.png,predictions/probabilities/qata_test_sub-S09723_ses-E16657_run-1_bp-chest_vp-pa_cr.npy
qata_test_sub-S09723_ses-E18270_run-1_bp-chest_vp-ap_dx,sub-S09723,unet,1002,0.7983798379850946,0.6644194756590217,32.28000991800061,7.860062443933041,predictions/masks/qata_test_sub-S09723_ses-E18270_run-1_bp-chest_vp-ap_dx.png,predictions/probabilities/qata_test_sub-S09723_ses-E18270_run-1_bp-chest_vp-ap_dx.npy
qata_test_sub-S09723_ses-E19045_run-1_bp-chest_vp-ap_dx,sub-S09723,unet,1002,0.9354455445548816,0.878720238096742,7.211102550927979,1.555083833364272,predictions/masks/qata_test_sub-S09723_ses-E19045_run-1_bp-chest_vp-ap_dx.png,predictions/probabilities/qata_test_sub-S09723_ses-E19045_run-1_bp-chest_vp-ap_dx.npy
qata_test_sub-S09723_ses-E22458_run-1_bp-chest_vp-ap_dx,sub-S09723,unet,1002,0.9316548971450312,0.8720542591117133,8.06225774829855,1.802499989991188,predictions/masks/qata_test_sub-S09723_ses-E22458_run-1_bp-chest_vp-ap_dx.png,predictions/probabilities/qata_test_sub-S09723_ses-E22458_run-1_bp-chest_vp-ap_dx.npy
qata_test_sub-S09723_ses-E22893_run-1_bp-chest_vp-pa_cr,sub-S09723,unet,1002,0.8828118964860346,0.7902088231255676,12.0,2.768869271503089,predictions/masks/qata_test_sub-S09723_ses-E22893_run-1_bp-chest_vp-pa_cr.png,predictions/probabilities/qata_test_sub-S09723_ses-E22893_run-1_bp-chest_vp-pa_cr.npy
qata_test_sub-S09723_ses-E25934_run-1_bp-chest_vp-ap_dx,sub-S09723,unet,1002,0.7694701741402781,0.6253161507933841,26.019223662515376,5.438950488252179,predictions/masks/qata_test_sub-S09723_ses-E25934_run-1_bp-chest_vp-ap_dx.png,predictions/probabilities/qata_test_sub-S09723_ses-E25934_run-1_bp-chest_vp-ap_dx.npy
qata_test_sub-S09723_ses-E26396_run-1_bp-chest_vp-ap_dx,sub-S09723,unet,1002,0.9420935412030756,0.8905263157909141,8.54400374531753,2.3293799704704687,predictions/masks/qata_test_sub-S09723_ses-E26396_run-1_bp-chest_vp-ap_dx.png,predictions/probabilities/qata_test_sub-S09723_ses-E26396_run-1_bp-chest_vp-ap_dx.npy
qata_test_sub-S09725_ses-E16659_run-1_bp-chest_vp-pa_dx,sub-S09725,unet,1002,0.3866862457471029,0.23968446606555313,24.682800651345104,9.448061405566856,predictions/masks/qata_test_sub-S09725_ses-E16659_run-1_bp-chest_vp-pa_dx.png,predictions/probabilities/qata_test_sub-S09725_ses-E16659_run-1_bp-chest_vp-pa_dx.npy
qata_test_sub-S09726_ses-E17568_run-1_bp-chest_vp-ap_cr,sub-S09726,unet,1002,0.4995159729429316,0.3329032258925287,104.94867159758176,35.338178438604395,predictions/masks/qata_test_sub-S09726_ses-E17568_run-1_bp-chest_vp-ap_cr.png,predictions/probabilities/qata_test_sub-S09726_ses-E17568_run-1_bp-chest_vp-ap_cr.npy
qata_test_sub-S09728_ses-E16665_run-1_bp-chest_vp-ap_dx,sub-S09728,unet,1002,0.8923827595564074,0.8056779246238265,74.02283049375725,8.615963207926649,predictions/masks/qata_test_sub-S09728_ses-E16665_run-1_bp-chest_vp-ap_dx.png,predictions/probabilities/qata_test_sub-S09728_ses-E16665_run-1_bp-chest_vp-ap_dx.npy
qata_test_sub-S09728_ses-E23225_run-1_bp-chest_vp-ap_cr,sub-S09728,unet,1002,0.4035874440130508,0.2528089888689875,60.05702369216941,13.11355040365568,predictions/masks/qata_test_sub-S09728_ses-E23225_run-1_bp-chest_vp-ap_cr.png,predictions/probabilities/qata_test_sub-S09728_ses-E23225_run-1_bp-chest_vp-ap_cr.npy
qata_test_sub-S09729_ses-E16668_run-1_bp-chest_vp-ap_dx,sub-S09729,unet,1002,0.7225172074784165,0.5655788177473652,27.129282345192046,5.668371181020114,predictions/masks/qata_test_sub-S09729_ses-E16668_run-1_bp-chest_vp-ap_dx.png,predictions/probabilities/qata_test_sub-S09729_ses-E16668_run-1_bp-chest_vp-ap_dx.npy
qata_test_sub-S09729_ses-E17168_run-1_bp-chest_vp-ap_cr,sub-S09729,unet,1002,0.7829257177611586,0.6432850724003174,7.245606220104248,2.551108117431419,predictions/masks/qata_test_sub-S09729_ses-E17168_run-1_bp-chest_vp-ap_cr.png,predictions/probabilities/qata_test_sub-S09729_ses-E17168_run-1_bp-chest_vp-ap_cr.npy
qata_test_sub-S09729_ses-E18550_run-1_bp-chest_vp-ap_cr,sub-S09729,unet,1002,0.8257157207520986,0.7031650984000714,8.108246124032743,2.095615195346588,predictions/masks/qata_test_sub-S09729_ses-E18550_run-1_bp-chest_vp-ap_cr.png,predictions/probabilities/qata_test_sub-S09729_ses-E18550_run-1_bp-chest_vp-ap_cr.npy
qata_test_sub-S09732_ses-E17013_run-1_bp-chest_vp-ap_dx,sub-S09732,unet,1002,0.9151607118234907,0.8435910478167957,6.708203932499369,1.5685308722876246,predictions/masks/qata_test_sub-S09732_ses-E17013_run-1_bp-chest_vp-ap_dx.png,predictions/probabilities/qata_test_sub-S09732_ses-E17013_run-1_bp-chest_vp-ap_dx.npy
qata_test_sub-S09732_ses-E20780_run-1_bp-chest_vp-ap_dx,sub-S09732,unet,1002,0.8770328102727956,0.7809959349649137,10.44616219327342,2.2317529904279634,predictions/masks/qata_test_sub-S09732_ses-E20780_run-1_bp-chest_vp-ap_dx.png,predictions/probabilities/qata_test_sub-S09732_ses-E20780_run-1_bp-chest_vp-ap_dx.npy
qata_test_sub-S09732_ses-E22320_run-1_bp-chest_vp-ap_dx,sub-S09732,unet,1002,0.9172781854576612,0.8471965496018607,10.295630140987,1.9920861144939863,predictions/masks/qata_test_sub-S09732_ses-E22320_run-1_bp-chest_vp-ap_dx.png,predictions/probabilities/qata_test_sub-S09732_ses-E22320_run-1_bp-chest_vp-ap_dx.npy
qata_test_sub-S09734_ses-E18704_run-1_bp-chest_vp-ap_dx,sub-S09734,unet,1002,0.7944566765976269,0.6590030081686827,17.7622694807171,4.191273462094972,predictions/masks/qata_test_sub-S09734_ses-E18704_run-1_bp-chest_vp-ap_dx.png,predictions/probabilities/qata_test_sub-S09734_ses-E18704_run-1_bp-chest_vp-ap_dx.npy
qata_test_sub-S09734_ses-E18897_run-1_bp-chest_vp-ap_cr,sub-S09734,unet,1002,0.9493573921189092,0.90359688917849,3.0,1.0762863658494628,predictions/masks/qata_test_sub-S09734_ses-E18897_run-1_bp-chest_vp-ap_cr.png,predictions/probabilities/qata_test_sub-S09734_ses-E18897_run-1_bp-chest_vp-ap_cr.npy
qata_test_sub-S09734_ses-E20389_run-1_bp-chest_vp-pa_dx,sub-S09734,unet,1002,0.6957328386040941,0.5334281650402967,9.0,2.911326808151253,predictions/masks/qata_test_sub-S09734_ses-E20389_run-1_bp-chest_vp-pa_dx.png,predictions/probabilities/qata_test_sub-S09734_ses-E20389_run-1_bp-chest_vp-pa_dx.npy
qata_test_sub-S09734_ses-E20918_run-1_bp-chest_vp-ap_dx,sub-S09734,unet,1002,0.6532467532512566,0.4850530376184175,46.647615158762406,7.326470856699587,predictions/masks/qata_test_sub-S09734_ses-E20918_run-1_bp-chest_vp-ap_dx.png,predictions/probabilities/qata_test_sub-S09734_ses-E20918_run-1_bp-chest_vp-ap_dx.npy
qata_test_sub-S09734_ses-E21476_acq-1_run-1_bp-chest_vp-pa_dx,sub-S09734,unet,1002,0.775158786171134,0.6328647153806668,45.058289172445306,7.0399722327868774,predictions/masks/qata_test_sub-S09734_ses-E21476_acq-1_run-1_bp-chest_vp-pa_dx.png,predictions/probabilities/qata_test_sub-S09734_ses-E21476_acq-1_run-1_bp-chest_vp-pa_dx.npy
qata_test_sub-S09734_ses-E22766_run-1_bp-chest_vp-ap_dx,sub-S09734,unet,1002,0.29048178614229747,0.1699202639652197,88.06132956329324,21.260654330223048,predictions/masks/qata_test_sub-S09734_ses-E22766_run-1_bp-chest_vp-ap_dx.png,predictions/probabilities/qata_test_sub-S09734_ses-E22766_run-1_bp-chest_vp-ap_dx.npy
qata_test_sub-S09736_ses-E24647_run-1_bp-chest_vp-ap_dx,sub-S09736,unet,1002,0.7234042553381329,0.5666666667132616,72.67220187579082,18.597861405150766,predictions/masks/qata_test_sub-S09736_ses-E24647_run-1_bp-chest_vp-ap_dx.png,predictions/probabilities/qata_test_sub-S09736_ses-E24647_run-1_bp-chest_vp-ap_dx.npy
qata_test_sub-S09736_ses-E25124_run-1_bp-chest_vp-pa_dx,sub-S09736,unet,1002,0.8846495119804104,0.7931583134501947,7.211102550927978,1.9693510116010842,predictions/masks/qata_test_sub-S09736_ses-E25124_run-1_bp-chest_vp-pa_dx.png,predictions/probabilities/qata_test_sub-S09736_ses-E25124_run-1_bp-chest_vp-pa_dx.npy
qata_test_sub-S09737_ses-E16680_acq-1_run-1_bp-chest_vp-pa_cr,sub-S09737,unet,1002,0.39955604886794915,0.24965325941403238,46.00651942700291,13.680935297230688,predictions/masks/qata_test_sub-S09737_ses-E16680_acq-1_run-1_bp-chest_vp-pa_cr.png,predictions/probabilities/qata_test_sub-S09737_ses-E16680_acq-1_run-1_bp-chest_vp-pa_cr.npy
qata_test_sub-S09739_ses-E18557_run-1_bp-chest_vp-ap_dx,sub-S09739,unet,1002,0.03391779249686928,0.01725146201703943,90.08427144320135,35.80342645719963,predictions/masks/qata_test_sub-S09739_ses-E18557_run-1_bp-chest_vp-ap_dx.png,predictions/probabilities/qata_test_sub-S09739_ses-E18557_run-1_bp-chest_vp-ap_dx.npy
qata_test_sub-S09741_ses-E16691_run-1_bp-chest_cr,sub-S09741,unet,1002,0.819007391767286,0.6934907010123931,11.0,2.802479843934118,predictions/masks/qata_test_sub-S09741_ses-E16691_run-1_bp-chest_cr.png,predictions/probabilities/qata_test_sub-S09741_ses-E16691_run-1_bp-chest_cr.npy
qata_test_sub-S09741_ses-E16806_run-1_bp-chest_vp-ap_dx,sub-S09741,unet,1002,0.870379876798378,0.770506703027255,12.373542746750175,2.856578416601102,predictions/masks/qata_test_sub-S09741_ses-E16806_run-1_bp-chest_vp-ap_dx.png,predictions/probabilities/qata_test_sub-S09741_ses-E16806_run-1_bp-chest_vp-ap_dx.npy
qata_test_sub-S09741_ses-E17469_run-1_bp-chest_vp-pa_cr,sub-S09741,unet,1002,0.5732152162695879,0.401753104477657,45.70557952810576,9.553614114849145,predictions/masks/qata_test_sub-S09741_ses-E17469_run-1_bp-chest_vp-pa_cr.png,predictions/probabilities/qata_test_sub-S09741_ses-E17469_run-1_bp-chest_vp-pa_cr.npy
qata_test_sub-S09745_ses-E19438_run-1_bp-chest_vp-ap_dx,sub-S09745,unet,1002,0.7612724354314806,0.6145600188524613,91.21150616050225,21.039007435288507,predictions/masks/qata_test_sub-S09745_ses-E19438_run-1_bp-chest_vp-ap_dx.png,predictions/probabilities/qata_test_sub-S09745_ses-E19438_run-1_bp-chest_vp-ap_dx.npy
qata_test_sub-S09745_ses-E20677_run-1_bp-chest_vp-ap_dx,sub-S09745,unet,1002,0.865913757701582,0.7635343110671097,14.187983230614563,3.093832496917625,predictions/masks/qata_test_sub-S09745_ses-E20677_run-1_bp-chest_vp-ap_dx.png,predictions/probabilities/qata_test_sub-S09745_ses-E20677_run-1_bp-chest_vp-ap_dx.npy
qata_test_sub-S09745_ses-E22607_run-1_bp-chest_vp-ap_dx,sub-S09745,unet,1002,0.7193828351042603,0.5617469879591408,90.62984694078196,14.74315202170601,predictions/masks/qata_test_sub-S09745_ses-E22607_run-1_bp-chest_vp-ap_dx.png,predictions/probabilities/qata_test_sub-S09745_ses-E22607_run-1_bp-chest_vp-ap_dx.npy
qata_test_sub-S09746_ses-E16702_run-1_bp-chest_vp-ap_dx,sub-S09746,unet,1002,0.657534246581769,0.48979591838161046,23.070526787533463,5.561137369434332,predictions/masks/qata_test_sub-S09746_ses-E16702_run-1_bp-chest_vp-ap_dx.png,predictions/probabilities/qata_test_sub-S09746_ses-E16702_run-1_bp-chest_vp-ap_dx.npy
qata_test_sub-S09746_ses-E17106_run-1_bp-chest_vp-ap_dx,sub-S09746,unet,1002,0.7359447004669137,0.5822092599496096,44.63404946280396,9.259141581257587,predictions/masks/qata_test_sub-S09746_ses-E17106_run-1_bp-chest_vp-ap_dx.png,predictions/probabilities/qata_test_sub-S09746_ses-E17106_run-1_bp-chest_vp-ap_dx.npy
qata_test_sub-S09747_ses-E16706_run-1_bp-chest_vp-pa_cr,sub-S09747,unet,1002,0.6752278376273726,0.5096935585047095,15.264337522473745,5.25973677186752,predictions/masks/qata_test_sub-S09747_ses-E16706_run-1_bp-chest_vp-pa_cr.png,predictions/probabilities/qata_test_sub-S09747_ses-E16706_run-1_bp-chest_vp-pa_cr.npy
qata_test_sub-S09747_ses-E18456_run-1_bp-chest_vp-ap_dx,sub-S09747,unet,1002,0.8100781374611692,0.6807826320107,101.31502418913384,11.332509454377698,predictions/masks/qata_test_sub-S09747_ses-E18456_run-1_bp-chest_vp-ap_dx.png,predictions/probabilities/qata_test_sub-S09747_ses-E18456_run-1_bp-chest_vp-ap_dx.npy
qata_test_sub-S09747_ses-E22637_run-1_bp-chest_vp-ap_dx,sub-S09747,unet,1002,0.7383375742209852,0.585210084047556,99.69127314599858,12.85623121347154,predictions/masks/qata_test_sub-S09747_ses-E22637_run-1_bp-chest_vp-ap_dx.png,predictions/probabilities/qata_test_sub-S09747_ses-E22637_run-1_bp-chest_vp-ap_dx.npy
qata_test_sub-S09747_ses-E23655_run-1_bp-chest_cr,sub-S09747,unet,1002,0.8020448736182613,0.6695116168878731,43.52984685250006,8.512221038703771,predictions/masks/qata_test_sub-S09747_ses-E23655_run-1_bp-chest_cr.png,predictions/probabilities/qata_test_sub-S09747_ses-E23655_run-1_bp-chest_cr.npy
qata_test_sub-S09747_ses-E25227_run-1_bp-chest_vp-pa_cr,sub-S09747,unet,1002,0.7816224529069277,0.6415272956881816,11.180339887498949,3.3586807510674612,predictions/masks/qata_test_sub-S09747_ses-E25227_run-1_bp-chest_vp-pa_cr.png,predictions/probabilities/qata_test_sub-S09747_ses-E25227_run-1_bp-chest_vp-pa_cr.npy
qata_test_sub-S09747_ses-E26509_run-1_bp-chest_vp-ap_dx,sub-S09747,unet,1002,0.9544788671262846,0.9129216398556002,4.123105625617661,1.2448811538317994,predictions/masks/qata_test_sub-S09747_ses-E26509_run-1_bp-chest_vp-ap_dx.png,predictions/probabilities/qata_test_sub-S09747_ses-E26509_run-1_bp-chest_vp-ap_dx.npy
qata_test_sub-S09748_ses-E16709_run-1_bp-chest_vp-ap_cr,sub-S09748,unet,1002,0.4530020704160248,0.292826552500384,88.94790281009445,36.434973513627924,predictions/masks/qata_test_sub-S09748_ses-E16709_run-1_bp-chest_vp-ap_cr.png,predictions/probabilities/qata_test_sub-S09748_ses-E16709_run-1_bp-chest_vp-ap_cr.npy
qata_test_sub-S09748_ses-E22191_run-1_bp-chest_vp-ap_cr,sub-S09748,unet,1002,0.0800582242299812,0.041698256327392096,59.77457653551382,24.516928673099418,predictions/masks/qata_test_sub-S09748_ses-E22191_run-1_bp-chest_vp-ap_cr.png,predictions/probabilities/qata_test_sub-S09748_ses-E22191_run-1_bp-chest_vp-ap_cr.npy
qata_test_sub-S09750_ses-E19151_run-1_bp-chest_vp-ap_cr,sub-S09750,unet,1002,0.8023399014839181,0.6699228791943485,9.0,2.5985368293915316,predictions/masks/qata_test_sub-S09750_ses-E19151_run-1_bp-chest_vp-ap_cr.png,predictions/probabilities/qata_test_sub-S09750_ses-E19151_run-1_bp-chest_vp-ap_cr.npy
qata_test_sub-S09751_ses-E16715_run-1_bp-chest_vp-pa_cr,sub-S09751,unet,1002,0.6077210460833169,0.436493738831921,26.438581077317814,7.377465550234869,predictions/masks/qata_test_sub-S09751_ses-E16715_run-1_bp-chest_vp-pa_cr.png,predictions/probabilities/qata_test_sub-S09751_ses-E16715_run-1_bp-chest_vp-pa_cr.npy
qata_test_sub-S09751_ses-E18178_run-1_bp-chest_vp-pa_cr,sub-S09751,unet,1002,0.9727355901190634,0.9469184182405868,2.0,0.6848157694318636,predictions/masks/qata_test_sub-S09751_ses-E18178_run-1_bp-chest_vp-pa_cr.png,predictions/probabilities/qata_test_sub-S09751_ses-E18178_run-1_bp-chest_vp-pa_cr.npy
qata_test_sub-S09751_ses-E20961_run-1_bp-chest_vp-ap_cr,sub-S09751,unet,1002,0.9334609861180783,0.8752244165181757,6.708203932499369,1.772130665514623,predictions/masks/qata_test_sub-S09751_ses-E20961_run-1_bp-chest_vp-ap_cr.png,predictions/probabilities/qata_test_sub-S09751_ses-E20961_run-1_bp-chest_vp-ap_cr.npy
qata_test_sub-S09751_ses-E23836_run-1_bp-chest_vp-pa_cr,sub-S09751,unet,1002,0.8491980733906888,0.7379185364192448,20.044749683231295,4.23975936655464,predictions/masks/qata_test_sub-S09751_ses-E23836_run-1_bp-chest_vp-pa_cr.png,predictions/probabilities/qata_test_sub-S09751_ses-E23836_run-1_bp-chest_vp-pa_cr.npy
qata_test_sub-S09751_ses-E25837_run-1_bp-chest_vp-pa_cr,sub-S09751,unet,1002,0.978043912175753,0.9570312500003997,2.0,0.5491983747996275,predictions/masks/qata_test_sub-S09751_ses-E25837_run-1_bp-chest_vp-pa_cr.png,predictions/probabilities/qata_test_sub-S09751_ses-E25837_run-1_bp-chest_vp-pa_cr.npy
qata_test_sub-S09752_ses-E25241_run-1_bp-chest_vp-ap_cr,sub-S09752,unet,1002,0.7825771324903343,0.6428145498019435,16.55294535724685,4.562174978991571,predictions/masks/qata_test_sub-S09752_ses-E25241_run-1_bp-chest_vp-ap_cr.png,predictions/probabilities/qata_test_sub-S09752_ses-E25241_run-1_bp-chest_vp-ap_cr.npy
qata_test_sub-S09753_ses-E16720_run-1_bp-chest_vp-ap_dx,sub-S09753,unet,1002,0.5977808599446753,0.426310583637358,83.27645370403965,23.660643814116337,predictions/masks/qata_test_sub-S09753_ses-E16720_run-1_bp-chest_vp-ap_dx.png,predictions/probabilities/qata_test_sub-S09753_ses-E16720_run-1_bp-chest_vp-ap_dx.npy
qata_test_sub-S09753_ses-E20312_run-1_bp-chest_vp-ap_dx,sub-S09753,unet,1002,0.3540076336186065,0.215072463813619,138.28412258330673,58.7005870151566,predictions/masks/qata_test_sub-S09753_ses-E20312_run-1_bp-chest_vp-ap_dx.png,predictions/probabilities/qata_test_sub-S09753_ses-E20312_run-1_bp-chest_vp-ap_dx.npy
qata_test_sub-S09755_ses-E16724_run-1_bp-chest_vp-pa_cr,sub-S09755,unet,1002,0.7132649891359657,0.5543215837974736,81.84181114215691,16.374300292171156,predictions/masks/qata_test_sub-S09755_ses-E16724_run-1_bp-chest_vp-pa_cr.png,predictions/probabilities/qata_test_sub-S09755_ses-E16724_run-1_bp-chest_vp-pa_cr.npy
qata_test_sub-S09757_ses-E26679_run-1_bp-chest_vp-ap_dx,sub-S09757,unet,1002,0.11480362551135896,0.06089743604793311,41.96891142742753,15.831025654277052,predictions/masks/qata_test_sub-S09757_ses-E26679_run-1_bp-chest_vp-ap_dx.png,predictions/probabilities/qata_test_sub-S09757_ses-E26679_run-1_bp-chest_vp-ap_dx.npy
qata_test_sub-S09759_ses-E16728_run-1_bp-chest_vp-pa_cr,sub-S09759,unet,1002,0.8518625469267707,0.7419517102680595,9.0,2.731359711824155,predictions/masks/qata_test_sub-S09759_ses-E16728_run-1_bp-chest_vp-pa_cr.png,predictions/probabilities/qata_test_sub-S09759_ses-E16728_run-1_bp-chest_vp-pa_cr.npy
qata_test_sub-S09759_ses-E22410_run-1_bp-chest_vp-pa_cr,sub-S09759,unet,1002,0.923948220065494,0.8586466165440104,7.280109889280518,1.4988325899874364,predictions/masks/qata_test_sub-S09759_ses-E22410_run-1_bp-chest_vp-pa_cr.png,predictions/probabilities/qata_test_sub-S09759_ses-E22410_run-1_bp-chest_vp-pa_cr.npy
qata_test_sub-S09759_ses-E24342_run-1_bp-chest_vp-pa_cr,sub-S09759,unet,1002,0.9379296401138503,0.883114410815094,6.940312423743204,2.0056663409150617,predictions/masks/qata_test_sub-S09759_ses-E24342_run-1_bp-chest_vp-pa_cr.png,predictions/probabilities/qata_test_sub-S09759_ses-E24342_run-1_bp-chest_vp-pa_cr.npy
qata_test_sub-S09759_ses-E25899_run-1_bp-chest_vp-pa_cr,sub-S09759,unet,1002,0.946014317240185,0.8975589827402967,10.074451073107479,1.6625511682879828,predictions/masks/qata_test_sub-S09759_ses-E25899_run-1_bp-chest_vp-pa_cr.png,predictions/probabilities/qata_test_sub-S09759_ses-E25899_run-1_bp-chest_vp-pa_cr.npy
qata_test_sub-S09760_ses-E16731_run-1_bp-chest_cr,sub-S09760,unet,1002,0.771052631609072,0.627408993655801,5.0,1.963421945582436,predictions/masks/qata_test_sub-S09760_ses-E16731_run-1_bp-chest_cr.png,predictions/probabilities/qata_test_sub-S09760_ses-E16731_run-1_bp-chest_cr.npy
qata_test_sub-S09760_ses-E18240_run-1_bp-chest_vp-ap_dx,sub-S09760,unet,1002,0.9481536740028825,0.9014184397186426,2.23606797749979,0.8939916610126368,predictions/masks/qata_test_sub-S09760_ses-E18240_run-1_bp-chest_vp-ap_dx.png,predictions/probabilities/qata_test_sub-S09760_ses-E18240_run-1_bp-chest_vp-ap_dx.npy
qata_test_sub-S09760_ses-E20482_run-1_bp-chest_cr,sub-S09760,unet,1002,0.7847256307079147,0.6457189014596815,18.04435915711093,4.515043641881208,predictions/masks/qata_test_sub-S09760_ses-E20482_run-1_bp-chest_cr.png,predictions/probabilities/qata_test_sub-S09760_ses-E20482_run-1_bp-chest_cr.npy
qata_test_sub-S09760_ses-E20858_run-1_bp-chest_vp-ap_dx,sub-S09760,unet,1002,0.5851013672893658,0.4135288237449674,22.25039978980795,5.237798563870842,predictions/masks/qata_test_sub-S09760_ses-E20858_run-1_bp-chest_vp-ap_dx.png,predictions/probabilities/qata_test_sub-S09760_ses-E20858_run-1_bp-chest_vp-ap_dx.npy
qata_test_sub-S09760_ses-E21226_run-1_bp-chest_vp-ap_dx,sub-S09760,unet,1002,0.8997659906406029,0.8177951081209182,7.38080885425552,2.0756666292986647,predictions/masks/qata_test_sub-S09760_ses-E21226_run-1_bp-chest_vp-ap_dx.png,predictions/probabilities/qata_test_sub-S09760_ses-E21226_run-1_bp-chest_vp-ap_dx.npy
qata_test_sub-S09760_ses-E21721_run-1_bp-chest_vp-ap_dx,sub-S09760,unet,1002,0.8893934479415138,0.800817757013224,94.34378575448744,17.01627816207418,predictions/masks/qata_test_sub-S09760_ses-E21721_run-1_bp-chest_vp-ap_dx.png,predictions/probabilities/qata_test_sub-S09760_ses-E21721_run-1_bp-chest_vp-ap_dx.npy
qata_test_sub-S09760_ses-E22406_run-1_bp-chest_vp-ap_dx,sub-S09760,unet,1002,0.9377240516887226,0.8827499607615327,5.0,1.228796521120845,predictions/masks/qata_test_sub-S09760_ses-E22406_run-1_bp-chest_vp-ap_dx.png,predictions/probabilities/qata_test_sub-S09760_ses-E22406_run-1_bp-chest_vp-ap_dx.npy
qata_test_sub-S09760_ses-E23185_run-1_bp-chest_vp-ap_dx,sub-S09760,unet,1002,0.7657252888393541,0.6203848154123565,10.816653826391969,3.304852304838884,predictions/masks/qata_test_sub-S09760_ses-E23185_run-1_bp-chest_vp-ap_dx.png,predictions/probabilities/qata_test_sub-S09760_ses-E23185_run-1_bp-chest_vp-ap_dx.npy
qata_test_sub-S09760_ses-E25900_run-1_bp-chest_vp-pa_cr,sub-S09760,unet,1002,0.4648776637938091,0.30282776353198826,120.13657397100272,27.936228210238767,predictions/masks/qata_test_sub-S09760_ses-E25900_run-1_bp-chest_vp-pa_cr.png,predictions/probabilities/qata_test_sub-S09760_ses-E25900_run-1_bp-chest_vp-pa_cr.npy
qata_test_sub-S09762_ses-E16733_run-1_bp-chest_vp-pa_cr,sub-S09762,unet,1002,0.973351724138078,0.9480868443685717,2.0,0.6763733912665667,predictions/masks/qata_test_sub-S09762_ses-E16733_run-1_bp-chest_vp-pa_cr.png,predictions/probabilities/qata_test_sub-S09762_ses-E16733_run-1_bp-chest_vp-pa_cr.npy
qata_test_sub-S09762_ses-E18234_run-1_bp-chest_vp-pa_cr,sub-S09762,unet,1002,0.8069738480714556,0.6764091858085832,27.709118833841607,4.6944621250036,predictions/masks/qata_test_sub-S09762_ses-E18234_run-1_bp-chest_vp-pa_cr.png,predictions/probabilities/qata_test_sub-S09762_ses-E18234_run-1_bp-chest_vp-pa_cr.npy
qata_test_sub-S09762_ses-E19022_run-1_bp-chest_vp-ap_cr,sub-S09762,unet,1002,0.9708737864079167,0.9433962264156595,2.0,0.7711912303787016,predictions/masks/qata_test_sub-S09762_ses-E19022_run-1_bp-chest_vp-ap_cr.png,predictions/probabilities/qata_test_sub-S09762_ses-E19022_run-1_bp-chest_vp-ap_cr.npy
qata_test_sub-S09762_ses-E19737_run-1_bp-chest_vp-ap_cr,sub-S09762,unet,1002,0.9644259508880946,0.9312959818909871,2.23606797749979,0.8478771597449383,predictions/masks/qata_test_sub-S09762_ses-E19737_run-1_bp-chest_vp-ap_cr.png,predictions/probabilities/qata_test_sub-S09762_ses-E19737_run-1_bp-chest_vp-ap_cr.npy
qata_test_sub-S09762_ses-E22687_run-1_bp-chest_vp-ap_cr,sub-S09762,unet,1002,0.9690560997330306,0.9399697689490394,3.0,0.7532596018205399,predictions/masks/qata_test_sub-S09762_ses-E22687_run-1_bp-chest_vp-ap_cr.png,predictions/probabilities/qata_test_sub-S09762_ses-E22687_run-1_bp-chest_vp-ap_cr.npy
qata_test_sub-S09762_ses-E23042_run-1_bp-chest_vp-pa_cr,sub-S09762,unet,1002,0.8504405810916263,0.7397969753497017,18.384776310850235,3.5406441377665097,predictions/masks/qata_test_sub-S09762_ses-E23042_run-1_bp-chest_vp-pa_cr.png,predictions/probabilities/qata_test_sub-S09762_ses-E23042_run-1_bp-chest_vp-pa_cr.npy
qata_test_sub-S09762_ses-E23423_run-1_bp-chest_vp-pa_cr,sub-S09762,unet,1002,0.5948869223305091,0.42337298812374485,93.8357089743699,25.881771839445967,predictions/masks/qata_test_sub-S09762_ses-E23423_run-1_bp-chest_vp-pa_cr.png,predictions/probabilities/qata_test_sub-S09762_ses-E23423_run-1_bp-chest_vp-pa_cr.npy
qata_test_sub-S09762_ses-E27134_run-2_bp-chest_vp-pa_dx,sub-S09762,unet,1002,0.9282504710838057,0.8661076548589097,4.0,1.227620600590185,predictions/masks/qata_test_sub-S09762_ses-E27134_run-2_bp-chest_vp-pa_dx.png,predictions/probabilities/qata_test_sub-S09762_ses-E27134_run-2_bp-chest_vp-pa_dx.npy
qata_test_sub-S09765_ses-E18242_run-1_bp-chest_vp-ap_dx,sub-S09765,unet,1002,0.6740804106129328,0.5083870967868803,26.92582403567252,5.407857143731059,predictions/masks/qata_test_sub-S09765_ses-E18242_run-1_bp-chest_vp-ap_dx.png,predictions/probabilities/qata_test_sub-S09765_ses-E18242_run-1_bp-chest_vp-ap_dx.npy
qata_test_sub-S09765_ses-E20500_run-1_bp-chest_vp-ap_dx,sub-S09765,unet,1002,0.8109143130729796,0.6819645732817246,11.570851451145867,3.0418658149038373,predictions/masks/qata_test_sub-S09765_ses-E20500_run-1_bp-chest_vp-ap_dx.png,predictions/probabilities/qata_test_sub-S09765_ses-E20500_run-1_bp-chest_vp-ap_dx.npy
qata_test_sub-S09765_ses-E24350_run-1_bp-chest_vp-ap_dx,sub-S09765,unet,1002,0.7175737432512043,0.5595438642016387,18.027756377319946,4.244631352277811,predictions/masks/qata_test_sub-S09765_ses-E24350_run-1_bp-chest_vp-ap_dx.png,predictions/probabilities/qata_test_sub-S09765_ses-E24350_run-1_bp-chest_vp-ap_dx.npy
qata_test_sub-S09765_ses-E24590_run-1_bp-chest_vp-ap_dx,sub-S09765,unet,1002,0.6678613167147031,0.5013451865773617,29.12018350232845,5.602885221513819,predictions/masks/qata_test_sub-S09765_ses-E24590_run-1_bp-chest_vp-ap_dx.png,predictions/probabilities/qata_test_sub-S09765_ses-E24590_run-1_bp-chest_vp-ap_dx.npy
qata_test_sub-S09765_ses-E25038_run-1_bp-chest_dx,sub-S09765,unet,1002,0.5773555303793484,0.40583261855892866,56.73446530172337,12.659034357219069,predictions/masks/qata_test_sub-S09765_ses-E25038_run-1_bp-chest_dx.png,predictions/probabilities/qata_test_sub-S09765_ses-E25038_run-1_bp-chest_dx.npy
qata_test_sub-S09766_ses-E16740_run-1_bp-chest_vp-ap_dx,sub-S09766,unet,1002,0.3969885277318715,0.24765170718282914,98.00102006282465,39.1620342098381,predictions/masks/qata_test_sub-S09766_ses-E16740_run-1_bp-chest_vp-ap_dx.png,predictions/probabilities/qata_test_sub-S09766_ses-E16740_run-1_bp-chest_vp-ap_dx.npy
qata_test_sub-S09766_ses-E16740_run-2_bp-chest_vp-ap_dx,sub-S09766,unet,1002,0.8286290322590243,0.7074010327050353,17.0,4.148358457505217,predictions/masks/qata_test_sub-S09766_ses-E16740_run-2_bp-chest_vp-ap_dx.png,predictions/probabilities/qata_test_sub-S09766_ses-E16740_run-2_bp-chest_vp-ap_dx.npy
qata_test_sub-S09766_ses-E16979_run-1_bp-chest_vp-ap_dx,sub-S09766,unet,1002,0.6329649659107339,0.46302029584686927,28.138026184302184,7.663733930049907,predictions/masks/qata_test_sub-S09766_ses-E16979_run-1_bp-chest_vp-ap_dx.png,predictions/probabilities/qata_test_sub-S09766_ses-E16979_run-1_bp-chest_vp-ap_dx.npy
qata_test_sub-S09766_ses-E17297_run-1_bp-chest_vp-ap_dx,sub-S09766,unet,1002,0.4121491734061486,0.2595641646668387,146.19587862204594,64.06875100925565,predictions/masks/qata_test_sub-S09766_ses-E17297_run-1_bp-chest_vp-ap_dx.png,predictions/probabilities/qata_test_sub-S09766_ses-E17297_run-1_bp-chest_vp-ap_dx.npy
qata_test_sub-S09766_ses-E17443_run-1_bp-chest_vp-ap_dx,sub-S09766,unet,1002,0.6025850785372825,0.4312141435495701,59.98999443826301,14.626931480065355,predictions/masks/qata_test_sub-S09766_ses-E17443_run-1_bp-chest_vp-ap_dx.png,predictions/probabilities/qata_test_sub-S09766_ses-E17443_run-1_bp-chest_vp-ap_dx.npy
qata_test_sub-S09766_ses-E17514_acq-1_run-1_bp-chest_vp-ap_dx,sub-S09766,unet,1002,0.7193372398521047,0.561691385308877,17.966214131189812,4.560410323375983,predictions/masks/qata_test_sub-S09766_ses-E17514_acq-1_run-1_bp-chest_vp-ap_dx.png,predictions/probabilities/qata_test_sub-S09766_ses-E17514_acq-1_run-1_bp-chest_vp-ap_dx.npy
qata_test_sub-S09766_ses-E18112_run-1_bp-chest_vp-ap_dx,sub-S09766,unet,1002,0.9062782703102381,0.8286186931376572,10.485509930299738,2.383745008345903,predictions/masks/qata_test_sub-S09766_ses-E18112_run-1_bp-chest_vp-ap_dx.png,predictions/probabilities/qata_test_sub-S09766_ses-E18112_run-1_bp-chest_vp-ap_dx.npy
qata_test_sub-S09766_ses-E20729_run-1_bp-chest_vp-ap_dx,sub-S09766,unet,1002,0.9219566249808299,0.8552129221754007,6.0,1.8541213010745803,predictions/masks/qata_test_sub-S09766_ses-E20729_run-1_bp-chest_vp-ap_dx.png,predictions/probabilities/qata_test_sub-S09766_ses-E20729_run-1_bp-chest_vp-ap_dx.npy
qata_test_sub-S09767_ses-E18235_run-1_bp-chest_vp-ap_dx,sub-S09767,unet,1002,0.8615299488179023,0.7567436209011199,30.548780217966407,4.794233334534368,predictions/masks/qata_test_sub-S09767_ses-E18235_run-1_bp-chest_vp-ap_dx.png,predictions/probabilities/qata_test_sub-S09767_ses-E18235_run-1_bp-chest_vp-ap_dx.npy
qata_test_sub-S09767_ses-E19026_run-1_bp-chest_vp-ap_dx,sub-S09767,unet,1002,0.9491711193316474,0.9032594524128357,5.385164807134504,1.5243482136673305,predictions/masks/qata_test_sub-S09767_ses-E19026_run-1_bp-chest_vp-ap_dx.png,predictions/probabilities/qata_test_sub-S09767_ses-E19026_run-1_bp-chest_vp-ap_dx.npy
qata_test_sub-S09767_ses-E19500_run-1_bp-chest_vp-ap_dx,sub-S09767,unet,1002,0.9559196861299057,0.9155614500449553,6.0,1.2763412419240252,predictions/masks/qata_test_sub-S09767_ses-E19500_run-1_bp-chest_vp-ap_dx.png,predictions/probabilities/qata_test_sub-S09767_ses-E19500_run-1_bp-chest_vp-ap_dx.npy
qata_test_sub-S09767_ses-E19890_run-1_bp-chest_vp-ap_dx,sub-S09767,unet,1002,0.9445530478054711,0.8949318067023495,5.0,1.6118562351687866,predictions/masks/qata_test_sub-S09767_ses-E19890_run-1_bp-chest_vp-ap_dx.png,predictions/probabilities/qata_test_sub-S09767_ses-E19890_run-1_bp-chest_vp-ap_dx.npy
qata_test_sub-S09767_ses-E21418_run-1_bp-chest_vp-ap_dx,sub-S09767,unet,1002,0.9245793936168838,0.859737472138531,12.649110640673518,2.3273250649331194,predictions/masks/qata_test_sub-S09767_ses-E21418_run-1_bp-chest_vp-ap_dx.png,predictions/probabilities/qata_test_sub-S09767_ses-E21418_run-1_bp-chest_vp-ap_dx.npy
qata_test_sub-S09767_ses-E23177_run-1_bp-chest_vp-ap_dx,sub-S09767,unet,1002,0.9635865706462948,0.9297318457630678,4.0,0.9571017946297147,predictions/masks/qata_test_sub-S09767_ses-E23177_run-1_bp-chest_vp-ap_dx.png,predictions/probabilities/qata_test_sub-S09767_ses-E23177_run-1_bp-chest_vp-ap_dx.npy
qata_test_sub-S09767_ses-E23693_run-1_bp-chest_vp-ap_cr,sub-S09767,unet,1002,0.9155528554079024,0.8442577030841408,8.94427190999916,1.9531530437907676,predictions/masks/qata_test_sub-S09767_ses-E23693_run-1_bp-chest_vp-ap_cr.png,predictions/probabilities/qata_test_sub-S09767_ses-E23693_run-1_bp-chest_vp-ap_cr.npy
qata_test_sub-S09767_ses-E24344_run-1_bp-chest_vp-ap_dx,sub-S09767,unet,1002,0.9708270949595262,0.9433080585439666,3.1622776601683795,0.9098523699250844,predictions/masks/qata_test_sub-S09767_ses-E24344_run-1_bp-chest_vp-ap_dx.png,predictions/probabilities/qata_test_sub-S09767_ses-E24344_run-1_bp-chest_vp-ap_dx.npy
qata_test_sub-S09767_ses-E24758_run-1_bp-chest_vp-ap_dx,sub-S09767,unet,1002,0.8880960416571617,0.7987165033405714,14.016050981428183,2.557567349507868,predictions/masks/qata_test_sub-S09767_ses-E24758_run-1_bp-chest_vp-ap_dx.png,predictions/probabilities/qata_test_sub-S09767_ses-E24758_run-1_bp-chest_vp-ap_dx.npy
qata_test_sub-S09767_ses-E25448_run-1_bp-chest_vp-ap_dx,sub-S09767,unet,1002,0.8513621794879239,0.7411928845505651,24.07695267171899,4.716367829255919,predictions/masks/qata_test_sub-S09767_ses-E25448_run-1_bp-chest_vp-ap_dx.png,predictions/probabilities/qata_test_sub-S09767_ses-E25448_run-1_bp-chest_vp-ap_dx.npy
qata_test_sub-S09767_ses-E25909_run-1_bp-chest_vp-ap_dx,sub-S09767,unet,1002,0.8569773695757024,0.7497466338515293,17.302991040620213,3.179878915923631,predictions/masks/qata_test_sub-S09767_ses-E25909_run-1_bp-chest_vp-ap_dx.png,predictions/probabilities/qata_test_sub-S09767_ses-E25909_run-1_bp-chest_vp-ap_dx.npy
qata_test_sub-S09767_ses-E26376_run-1_bp-chest_vp-ap_dx,sub-S09767,unet,1002,0.9424120291429917,0.8910956394291601,8.94427190999916,1.8112593908158192,predictions/masks/qata_test_sub-S09767_ses-E26376_run-1_bp-chest_vp-ap_dx.png,predictions/probabilities/qata_test_sub-S09767_ses-E26376_run-1_bp-chest_vp-ap_dx.npy
qata_test_sub-S09767_ses-E26822_run-1_bp-chest_vp-ap_cr,sub-S09767,unet,1002,0.7385892116229733,0.5855263158013294,55.577414642405124,10.153185972162877,predictions/masks/qata_test_sub-S09767_ses-E26822_run-1_bp-chest_vp-ap_cr.png,predictions/probabilities/qata_test_sub-S09767_ses-E26822_run-1_bp-chest_vp-ap_cr.npy
qata_test_sub-S09768_ses-E16745_run-1_bp-chest_vp-ap_dx,sub-S09768,unet,1002,0.8950975224056388,0.8101145038228335,44.787741808517204,6.039742839636503,predictions/masks/qata_test_sub-S09768_ses-E16745_run-1_bp-chest_vp-ap_dx.png,predictions/probabilities/qata_test_sub-S09768_ses-E16745_run-1_bp-chest_vp-ap_dx.npy
qata_test_sub-S09768_ses-E18658_run-1_bp-chest_vp-ap_dx,sub-S09768,unet,1002,0.7507654623430685,0.6009803921666427,55.42266699954929,9.613689103862697,predictions/masks/qata_test_sub-S09768_ses-E18658_run-1_bp-chest_vp-ap_dx.png,predictions/probabilities/qata_test_sub-S09768_ses-E18658_run-1_bp-chest_vp-ap_dx.npy
qata_test_sub-S09768_ses-E19272_run-1_bp-chest_vp-ap_dx,sub-S09768,unet,1002,0.7899428571452577,0.6528145069956023,37.11326584648687,5.634857963967773,predictions/masks/qata_test_sub-S09768_ses-E19272_run-1_bp-chest_vp-ap_dx.png,predictions/probabilities/qata_test_sub-S09768_ses-E19272_run-1_bp-chest_vp-ap_dx.npy
qata_test_sub-S09768_ses-E19523_run-1_bp-chest_vp-ap_dx,sub-S09768,unet,1002,0.9558797985065496,0.9154882715036519,2.8284271247461903,0.9003300742619421,predictions/masks/qata_test_sub-S09768_ses-E19523_run-1_bp-chest_vp-ap_dx.png,predictions/probabilities/qata_test_sub-S09768_ses-E19523_run-1_bp-chest_vp-ap_dx.npy
qata_test_sub-S09768_ses-E20084_run-1_bp-chest_vp-ap_dx,sub-S09768,unet,1002,0.7390232974939624,0.5860721264951844,54.91812087098393,9.90842354586745,predictions/masks/qata_test_sub-S09768_ses-E20084_run-1_bp-chest_vp-ap_dx.png,predictions/probabilities/qata_test_sub-S09768_ses-E20084_run-1_bp-chest_vp-ap_dx.npy
qata_test_sub-S09768_ses-E20239_run-1_bp-chest_vp-ap_dx,sub-S09768,unet,1002,0.7975270479169237,0.6632390745597475,58.25501013621183,12.880976331602476,predictions/masks/qata_test_sub-S09768_ses-E20239_run-1_bp-chest_vp-ap_dx.png,predictions/probabilities/qata_test_sub-S09768_ses-E20239_run-1_bp-chest_vp-ap_dx.npy
qata_test_sub-S09768_ses-E20510_run-1_bp-chest_vp-ap_dx,sub-S09768,unet,1002,0.7412311036484415,0.5888540031461719,16.492422502470642,4.257834009656325,predictions/masks/qata_test_sub-S09768_ses-E20510_run-1_bp-chest_vp-ap_dx.png,predictions/probabilities/qata_test_sub-S09768_ses-E20510_run-1_bp-chest_vp-ap_dx.npy
qata_test_sub-S09768_ses-E20876_run-1_bp-chest_vp-ap_dx,sub-S09768,unet,1002,0.9044847654929051,0.8256250000054492,5.665559131760019,1.9472352520231555,predictions/masks/qata_test_sub-S09768_ses-E20876_run-1_bp-chest_vp-ap_dx.png,predictions/probabilities/qata_test_sub-S09768_ses-E20876_run-1_bp-chest_vp-ap_dx.npy
qata_test_sub-S09768_ses-E20876_run-2_bp-chest_vp-ap_dx,sub-S09768,unet,1002,0.6808875812224974,0.5161710037264652,57.7485440990368,17.177983970311868,predictions/masks/qata_test_sub-S09768_ses-E20876_run-2_bp-chest_vp-ap_dx.png,predictions/probabilities/qata_test_sub-S09768_ses-E20876_run-2_bp-chest_vp-ap_dx.npy
qata_test_sub-S09768_ses-E21013_run-1_bp-chest_vp-ap_dx,sub-S09768,unet,1002,0.8094180364296653,0.6798507462726386,19.031405906844753,3.2772298870537884,predictions/masks/qata_test_sub-S09768_ses-E21013_run-1_bp-chest_vp-ap_dx.png,predictions/probabilities/qata_test_sub-S09768_ses-E21013_run-1_bp-chest_vp-ap_dx.npy
qata_test_sub-S09768_ses-E21563_run-1_bp-chest_vp-ap_dx,sub-S09768,unet,1002,0.8969597370600335,0.813170441006759,32.01015377165676,5.22255476709058,predictions/masks/qata_test_sub-S09768_ses-E21563_run-1_bp-chest_vp-ap_dx.png,predictions/probabilities/qata_test_sub-S09768_ses-E21563_run-1_bp-chest_vp-ap_dx.npy
qata_test_sub-S09768_ses-E21742_run-1_bp-chest_vp-ap_dx,sub-S09768,unet,1002,0.9435781544260371,0.8931831146621052,4.0,1.251626704132971,predictions/masks/qata_test_sub-S09768_ses-E21742_run-1_bp-chest_vp-ap_dx.png,predictions/probabilities/qata_test_sub-S09768_ses-E21742_run-1_bp-chest_vp-ap_dx.npy
qata_test_sub-S09768_ses-E21952_run-1_bp-chest_vp-ap_dx,sub-S09768,unet,1002,0.9527988299431406,0.9098527171164316,3.605551275463989,1.1560379897831945,predictions/masks/qata_test_sub-S09768_ses-E21952_run-1_bp-chest_vp-ap_dx.png,predictions/probabilities/qata_test_sub-S09768_ses-E21952_run-1_bp-chest_vp-ap_dx.npy
qata_test_sub-S09768_ses-E22887_run-1_bp-chest_vp-ap_dx,sub-S09768,unet,1002,0.936451961137557,0.8804980376251117,5.0770329614269185,1.9014270042492079,predictions/masks/qata_test_sub-S09768_ses-E22887_run-1_bp-chest_vp-ap_dx.png,predictions/probabilities/qata_test_sub-S09768_ses-E22887_run-1_bp-chest_vp-ap_dx.npy
qata_test_sub-S09768_ses-E23194_run-1_bp-chest_vp-ap_dx,sub-S09768,unet,1002,0.823516262436308,0.6999809994356834,13.601470508735444,3.160960954976168,predictions/masks/qata_test_sub-S09768_ses-E23194_run-1_bp-chest_vp-ap_dx.png,predictions/probabilities/qata_test_sub-S09768_ses-E23194_run-1_bp-chest_vp-ap_dx.npy
qata_test_sub-S09768_ses-E23452_run-1_bp-chest_vp-ap_dx,sub-S09768,unet,1002,0.8880692296795564,0.7986731309058772,8.97213595499958,1.8255489078010756,predictions/masks/qata_test_sub-S09768_ses-E23452_run-1_bp-chest_vp-ap_dx.png,predictions/probabilities/qata_test_sub-S09768_ses-E23452_run-1_bp-chest_vp-ap_dx.npy
qata_test_sub-S09768_ses-E25292_run-1_bp-chest_vp-ap_dx,sub-S09768,unet,1002,0.8861415086468454,0.795560221991967,11.704699910719626,2.6918651652431356,predictions/masks/qata_test_sub-S09768_ses-E25292_run-1_bp-chest_vp-ap_dx.png,predictions/probabilities/qata_test_sub-S09768_ses-E25292_run-1_bp-chest_vp-ap_dx.npy
qata_test_sub-S09768_ses-E25614_run-1_bp-chest_vp-ap_dx,sub-S09768,unet,1002,0.9624023197524825,0.9275293671852262,3.406078148580945,1.0276433235620708,predictions/masks/qata_test_sub-S09768_ses-E25614_run-1_bp-chest_vp-ap_dx.png,predictions/probabilities/qata_test_sub-S09768_ses-E25614_run-1_bp-chest_vp-ap_dx.npy
qata_test_sub-S09768_ses-E26236_run-1_bp-chest_vp-ap_dx,sub-S09768,unet,1002,0.9322408635717763,0.8730816077969173,31.01048114505207,3.885322047456164,predictions/masks/qata_test_sub-S09768_ses-E26236_run-1_bp-chest_vp-ap_dx.png,predictions/probabilities/qata_test_sub-S09768_ses-E26236_run-1_bp-chest_vp-ap_dx.npy
qata_test_sub-S09772_ses-E23908_run-1_bp-chest_cr,sub-S09772,unet,1002,0.93644955011071,0.8804937746101895,5.0,1.1622544060919777,predictions/masks/qata_test_sub-S09772_ses-E23908_run-1_bp-chest_cr.png,predictions/probabilities/qata_test_sub-S09772_ses-E23908_run-1_bp-chest_cr.npy
qata_test_sub-S09772_ses-E25920_run-1_bp-chest_vp-ap_dx,sub-S09772,unet,1002,0.944718921084626,0.8952296596242537,13.341664064126334,1.9536327306349142,predictions/masks/qata_test_sub-S09772_ses-E25920_run-1_bp-chest_vp-ap_dx.png,predictions/probabilities/qata_test_sub-S09772_ses-E25920_run-1_bp-chest_vp-ap_dx.npy
qata_test_sub-S09773_ses-E23910_run-1_bp-chest_vp-ap_dx,sub-S09773,unet,1002,0.666443178019898,0.4997486174208271,96.64646365109529,13.773330340391505,predictions/masks/qata_test_sub-S09773_ses-E23910_run-1_bp-chest_vp-ap_dx.png,predictions/probabilities/qata_test_sub-S09773_ses-E23910_run-1_bp-chest_vp-ap_dx.npy
qata_test_sub-S09773_ses-E25613_run-1_bp-chest_vp-ap_dx,sub-S09773,unet,1002,0.5506739890276916,0.37995177404822766,19.02103442749743,6.439991196272417,predictions/masks/qata_test_sub-S09773_ses-E25613_run-1_bp-chest_vp-ap_dx.png,predictions/probabilities/qata_test_sub-S09773_ses-E25613_run-1_bp-chest_vp-ap_dx.npy
qata_test_sub-S09775_ses-E16760_run-1_bp-chest_vp-pa_dx,sub-S09775,unet,1002,0.9449433814926798,0.8956328645486442,4.123105625617661,1.3164949929412657,predictions/masks/qata_test_sub-S09775_ses-E16760_run-1_bp-chest_vp-pa_dx.png,predictions/probabilities/qata_test_sub-S09775_ses-E16760_run-1_bp-chest_vp-pa_dx.npy
qata_test_sub-S09775_ses-E24783_run-1_bp-chest_vp-pa_dx,sub-S09775,unet,1002,0.8524590163963567,0.7428571428659946,11.180339887498949,3.216010933659681,predictions/masks/qata_test_sub-S09775_ses-E24783_run-1_bp-chest_vp-pa_dx.png,predictions/probabilities/qata_test_sub-S09775_ses-E24783_run-1_bp-chest_vp-pa_dx.npy
qata_test_sub-S09776_ses-E16762_run-1_bp-chest_vp-pa_cr,sub-S09776,unet,1002,0.8286755771775607,0.707468879728741,6.0,1.5089605426110515,predictions/masks/qata_test_sub-S09776_ses-E16762_run-1_bp-chest_vp-pa_cr.png,predictions/probabilities/qata_test_sub-S09776_ses-E16762_run-1_bp-chest_vp-pa_cr.npy
qata_test_sub-S09776_ses-E19765_run-1_bp-chest_vp-pa_cr,sub-S09776,unet,1002,0.9621206527360103,0.9270062606726379,5.0,0.9816610086806409,predictions/masks/qata_test_sub-S09776_ses-E19765_run-1_bp-chest_vp-pa_cr.png,predictions/probabilities/qata_test_sub-S09776_ses-E19765_run-1_bp-chest_vp-pa_cr.npy
qata_test_sub-S09776_ses-E25967_run-1_bp-chest_vp-ap_cr,sub-S09776,unet,1002,0.5915466262358647,0.4199973085800027,24.596747752497684,7.392323329711356,predictions/masks/qata_test_sub-S09776_ses-E25967_run-1_bp-chest_vp-ap_cr.png,predictions/probabilities/qata_test_sub-S09776_ses-E25967_run-1_bp-chest_vp-ap_cr.npy
qata_test_sub-S09778_ses-E16764_run-1_bp-chest_cr,sub-S09778,unet,1002,0.7686062246591873,0.6241758242584229,5.0,1.743235177037156,predictions/masks/qata_test_sub-S09778_ses-E16764_run-1_bp-chest_cr.png,predictions/probabilities/qata_test_sub-S09778_ses-E16764_run-1_bp-chest_cr.npy
qata_test_sub-S09778_ses-E17641_run-1_bp-chest_vp-ap_dx,sub-S09778,unet,1002,3.7735849042363825e-10,3.7735849042363825e-10,111.8282164529694,102.08509969722213,predictions/masks/qata_test_sub-S09778_ses-E17641_run-1_bp-chest_vp-ap_dx.png,predictions/probabilities/qata_test_sub-S09778_ses-E17641_run-1_bp-chest_vp-ap_dx.npy
qata_test_sub-S09778_ses-E17643_run-1_bp-chest_vp-ap_dx,sub-S09778,unet,1002,0.9299152367176978,0.8690108191679093,12.14034399705117,2.492326474919419,predictions/masks/qata_test_sub-S09778_ses-E17643_run-1_bp-chest_vp-ap_dx.png,predictions/probabilities/qata_test_sub-S09778_ses-E17643_run-1_bp-chest_vp-ap_dx.npy
qata_test_sub-S09778_ses-E21429_run-1_bp-chest_vp-ap_dx,sub-S09778,unet,1002,0.6998316813222399,0.5382623705541352,20.0,5.778649268308679,predictions/masks/qata_test_sub-S09778_ses-E21429_run-1_bp-chest_vp-ap_dx.png,predictions/probabilities/qata_test_sub-S09778_ses-E21429_run-1_bp-chest_vp-ap_dx.npy
qata_test_sub-S09778_ses-E22719_run-1_bp-chest_vp-ap_dx,sub-S09778,unet,1002,1.531393567912497e-10,1.531393567912497e-10,76.8293297648658,63.73463534416629,predictions/masks/qata_test_sub-S09778_ses-E22719_run-1_bp-chest_vp-ap_dx.png,predictions/probabilities/qata_test_sub-S09778_ses-E22719_run-1_bp-chest_vp-ap_dx.npy
qata_test_sub-S09780_ses-E16767_acq-1_run-1_bp-chest_vp-ap_cr,sub-S09780,unet,1002,0.8264356753344101,0.7042099508089552,55.171550498335684,12.177137512817287,predictions/masks/qata_test_sub-S09780_ses-E16767_acq-1_run-1_bp-chest_vp-ap_cr.png,predictions/probabilities/qata_test_sub-S09780_ses-E16767_acq-1_run-1_bp-chest_vp-ap_cr.npy
qata_test_sub-S09780_ses-E18304_run-1_bp-chest_vp-ap_cr,sub-S09780,unet,1002,0.7602774922949604,0.6132642487126785,17.03960337078578,4.844500119825751,predictions/masks/qata_test_sub-S09780_ses-E18304_run-1_bp-chest_vp-ap_cr.png,predictions/probabilities/qata_test_sub-S09780_ses-E18304_run-1_bp-chest_vp-ap_cr.npy
qata_test_sub-S09780_ses-E18305_run-1_bp-chest_vp-ap_cr,sub-S09780,unet,1002,0.9282245008104665,0.866062437062788,5.385164807134504,1.3008687580338596,predictions/masks/qata_test_sub-S09780_ses-E18305_run-1_bp-chest_vp-ap_cr.png,predictions/probabilities/qata_test_sub-S09780_ses-E18305_run-1_bp-chest_vp-ap_cr.npy
qata_test_sub-S09780_ses-E21044_run-1_bp-chest_vp-ap_cr,sub-S09780,unet,1002,0.8553878553903933,0.7473167740034554,9.194920559419552,2.280028266910016,predictions/masks/qata_test_sub-S09780_ses-E21044_run-1_bp-chest_vp-ap_cr.png,predictions/probabilities/qata_test_sub-S09780_ses-E21044_run-1_bp-chest_vp-ap_cr.npy
qata_test_sub-S09780_ses-E23709_run-1_bp-chest_vp-ap_cr,sub-S09780,unet,1002,0.957727873183819,0.9188846641325468,3.605551275463989,1.1603499472068395,predictions/masks/qata_test_sub-S09780_ses-E23709_run-1_bp-chest_vp-ap_cr.png,predictions/probabilities/qata_test_sub-S09780_ses-E23709_run-1_bp-chest_vp-ap_cr.npy
qata_test_sub-S09780_ses-E24405_run-1_bp-chest_vp-ap_cr,sub-S09780,unet,1002,0.7774368657081813,0.6359073359108502,34.20066221121935,6.7049760211261695,predictions/masks/qata_test_sub-S09780_ses-E24405_run-1_bp-chest_vp-ap_cr.png,predictions/probabilities/qata_test_sub-S09780_ses-E24405_run-1_bp-chest_vp-ap_cr.npy
qata_test_sub-S09781_ses-E20754_run-1_bp-chest_vp-ap_dx,sub-S09781,unet,1002,3.3670033658696956e-10,3.3670033658696956e-10,25.51272770108313,13.723056802456574,predictions/masks/qata_test_sub-S09781_ses-E20754_run-1_bp-chest_vp-ap_dx.png,predictions/probabilities/qata_test_sub-S09781_ses-E20754_run-1_bp-chest_vp-ap_dx.npy
qata_test_sub-S09783_ses-E16770_run-1_bp-chest_vp-ap_cr,sub-S09783,unet,1002,0.9038410875182895,0.8245529705842669,11.207013609796087,3.087833283920666,predictions/masks/qata_test_sub-S09783_ses-E16770_run-1_bp-chest_vp-ap_cr.png,predictions/probabilities/qata_test_sub-S09783_ses-E16770_run-1_bp-chest_vp-ap_cr.npy
qata_test_sub-S09783_ses-E17575_run-1_bp-chest_vp-ap_dx,sub-S09783,unet,1002,0.958236821787336,0.91982212639914,4.123105625617661,1.0987783658737362,predictions/masks/qata_test_sub-S09783_ses-E17575_run-1_bp-chest_vp-ap_dx.png,predictions/probabilities/qata_test_sub-S09783_ses-E17575_run-1_bp-chest_vp-ap_dx.npy
qata_test_sub-S09787_ses-E16775_run-1_bp-chest_vp-ap_dx,sub-S09787,unet,1002,0.6403345725074194,0.47095010256521186,95.68430475433898,24.19510135770915,predictions/masks/qata_test_sub-S09787_ses-E16775_run-1_bp-chest_vp-ap_dx.png,predictions/probabilities/qata_test_sub-S09787_ses-E16775_run-1_bp-chest_vp-ap_dx.npy
qata_test_sub-S09787_ses-E22293_run-1_bp-chest_vp-ap_cr,sub-S09787,unet,1002,0.7489924230251653,0.598711340216528,79.08530027647787,14.418957315281837,predictions/masks/qata_test_sub-S09787_ses-E22293_run-1_bp-chest_vp-ap_cr.png,predictions/probabilities/qata_test_sub-S09787_ses-E22293_run-1_bp-chest_vp-ap_cr.npy
qata_test_sub-S09788_ses-E24791_run-1_bp-chest_vp-ap_dx,sub-S09788,unet,1002,0.7452941950803568,0.5939991607302979,79.40767805192554,12.011025406914706,predictions/masks/qata_test_sub-S09788_ses-E24791_run-1_bp-chest_vp-ap_dx.png,predictions/probabilities/qata_test_sub-S09788_ses-E24791_run-1_bp-chest_vp-ap_dx.npy
qata_test_sub-S09788_ses-E24922_run-1_bp-chest_vp-pa_dx,sub-S09788,unet,1002,0.8679169187362792,0.7666547916007604,8.246211251235321,2.6000169812130554,predictions/masks/qata_test_sub-S09788_ses-E24922_run-1_bp-chest_vp-pa_dx.png,predictions/probabilities/qata_test_sub-S09788_ses-E24922_run-1_bp-chest_vp-pa_dx.npy
qata_test_sub-S09788_ses-E25313_run-1_bp-chest_vp-ap_dx,sub-S09788,unet,1002,0.6737469722438281,0.5080078673923011,70.50464170417547,15.004631855027947,predictions/masks/qata_test_sub-S09788_ses-E25313_run-1_bp-chest_vp-ap_dx.png,predictions/probabilities/qata_test_sub-S09788_ses-E25313_run-1_bp-chest_vp-ap_dx.npy
qata_test_sub-S09789_ses-E16780_run-1_bp-chest_vp-ap_cr,sub-S09789,unet,1002,0.8034383954267371,0.6714559387287876,13.527445451240755,3.2822591437159674,predictions/masks/qata_test_sub-S09789_ses-E16780_run-1_bp-chest_vp-ap_cr.png,predictions/probabilities/qata_test_sub-S09789_ses-E16780_run-1_bp-chest_vp-ap_cr.npy
qata_test_sub-S09789_ses-E18888_run-2_bp-chest_vp-ap_dx,sub-S09789,unet,1002,0.7645382423186895,0.6188279301793164,20.07358284553242,3.9648648475971355,predictions/masks/qata_test_sub-S09789_ses-E18888_run-2_bp-chest_vp-ap_dx.png,predictions/probabilities/qata_test_sub-S09789_ses-E18888_run-2_bp-chest_vp-ap_dx.npy
qata_test_sub-S09789_ses-E21634_run-1_bp-chest_vp-ap_cr,sub-S09789,unet,1002,0.8034934498031121,0.6715328467752678,6.045519391664019,1.3554553131273028,predictions/masks/qata_test_sub-S09789_ses-E21634_run-1_bp-chest_vp-ap_cr.png,predictions/probabilities/qata_test_sub-S09789_ses-E21634_run-1_bp-chest_vp-ap_cr.npy
qata_test_sub-S09789_ses-E27048_run-1_bp-chest_vp-ap_dx,sub-S09789,unet,1002,0.8197278911717918,0.6945244957212502,5.0,1.3817177142564305,predictions/masks/qata_test_sub-S09789_ses-E27048_run-1_bp-chest_vp-ap_dx.png,predictions/probabilities/qata_test_sub-S09789_ses-E27048_run-1_bp-chest_vp-ap_dx.npy
qata_test_sub-S09790_ses-E16781_run-1_bp-chest_vp-ap_dx,sub-S09790,unet,1002,0.35076803423389524,0.21268568735645635,79.43421703681489,18.358702667565346,predictions/masks/qata_test_sub-S09790_ses-E16781_run-1_bp-chest_vp-ap_dx.png,predictions/probabilities/qata_test_sub-S09790_ses-E16781_run-1_bp-chest_vp-ap_dx.npy
qata_test_sub-S09790_ses-E18586_acq-2_run-1_bp-chest_vp-ap_dx,sub-S09790,unet,1002,0.6742469579159336,0.5085765874357937,32.832078042481655,6.338382014780752,predictions/masks/qata_test_sub-S09790_ses-E18586_acq-2_run-1_bp-chest_vp-ap_dx.png,predictions/probabilities/qata_test_sub-S09790_ses-E18586_acq-2_run-1_bp-chest_vp-ap_dx.npy
qata_test_sub-S09790_ses-E20383_run-2_bp-chest_vp-ap_dx,sub-S09790,unet,1002,0.91031746031835,0.8353969410080955,8.602325267042627,1.9021086449580074,predictions/masks/qata_test_sub-S09790_ses-E20383_run-2_bp-chest_vp-ap_dx.png,predictions/probabilities/qata_test_sub-S09790_ses-E20383_run-2_bp-chest_vp-ap_dx.npy
qata_test_sub-S09790_ses-E21891_run-1_bp-chest_vp-ap_dx,sub-S09790,unet,1002,0.9430659742263602,0.8922656960893127,3.605551275463989,0.9906103427193127,predictions/masks/qata_test_sub-S09790_ses-E21891_run-1_bp-chest_vp-ap_dx.png,predictions/probabilities/qata_test_sub-S09790_ses-E21891_run-1_bp-chest_vp-ap_dx.npy
qata_test_sub-S09790_ses-E22140_run-1_bp-chest_vp-ap_dx,sub-S09790,unet,1002,0.6840989399516537,0.5198711063888432,50.14578385095791,10.647553607013352,predictions/masks/qata_test_sub-S09790_ses-E22140_run-1_bp-chest_vp-ap_dx.png,predictions/probabilities/qata_test_sub-S09790_ses-E22140_run-1_bp-chest_vp-ap_dx.npy
qata_test_sub-S09790_ses-E23097_run-1_bp-chest_vp-ap_dx,sub-S09790,unet,1002,0.7813822284952371,0.6412037037155687,85.56328381461628,14.935087701253293,predictions/masks/qata_test_sub-S09790_ses-E23097_run-1_bp-chest_vp-ap_dx.png,predictions/probabilities/qata_test_sub-S09790_ses-E23097_run-1_bp-chest_vp-ap_dx.npy
qata_test_sub-S09791_ses-E16782_run-1_bp-chest_vp-ap_cr,sub-S09791,unet,1002,0.8184994177371735,0.6927626020925721,11.401754250991377,3.1567459583731776,predictions/masks/qata_test_sub-S09791_ses-E16782_run-1_bp-chest_vp-ap_cr.png,predictions/probabilities/qata_test_sub-S09791_ses-E16782_run-1_bp-chest_vp-ap_cr.npy
qata_test_sub-S09794_ses-E16786_run-1_bp-chest_vp-ap_cr,sub-S09794,unet,1002,0.13271604951655616,0.07107438031883069,18.827829309300306,8.59958848799977,predictions/masks/qata_test_sub-S09794_ses-E16786_run-1_bp-chest_vp-ap_cr.png,predictions/probabilities/qata_test_sub-S09794_ses-E16786_run-1_bp-chest_vp-ap_cr.npy
qata_test_sub-S09795_ses-E18347_run-1_bp-chest_vp-pa_dx,sub-S09795,unet,1002,0.9089469517059008,0.8330914368771342,4.0,1.2757021687602077,predictions/masks/qata_test_sub-S09795_ses-E18347_run-1_bp-chest_vp-pa_dx.png,predictions/probabilities/qata_test_sub-S09795_ses-E18347_run-1_bp-chest_vp-pa_dx.npy
qata_test_sub-S09795_ses-E19792_acq-1_run-1_bp-chest_vp-ap_cr,sub-S09795,unet,1002,0.6422228587848435,0.4729957806018355,98.66786020902998,21.45420526331823,predictions/masks/qata_test_sub-S09795_ses-E19792_acq-1_run-1_bp-chest_vp-ap_cr.png,predictions/probabilities/qata_test_sub-S09795_ses-E19792_acq-1_run-1_bp-chest_vp-ap_cr.npy
qata_test_sub-S09796_ses-E16887_run-1_bp-chest_vp-pa_dx,sub-S09796,unet,1002,0.7583001328101494,0.6106951871865939,25.52444741340579,5.280277270408404,predictions/masks/qata_test_sub-S09796_ses-E16887_run-1_bp-chest_vp-pa_dx.png,predictions/probabilities/qata_test_sub-S09796_ses-E16887_run-1_bp-chest_vp-pa_dx.npy
qata_test_sub-S09796_ses-E17389_acq-1_run-2_bp-chest_vp-pa_dx,sub-S09796,unet,1002,0.7875101378837183,0.6494983277826422,14.850881894255735,3.3417735433551146,predictions/masks/qata_test_sub-S09796_ses-E17389_acq-1_run-2_bp-chest_vp-pa_dx.png,predictions/probabilities/qata_test_sub-S09796_ses-E17389_acq-1_run-2_bp-chest_vp-pa_dx.npy
qata_test_sub-S09798_ses-E26290_run-1_bp-chest_vp-pa_dx,sub-S09798,unet,1002,0.914595195112976,0.842630501539339,6.8978713763747725,1.528137439214741,predictions/masks/qata_test_sub-S09798_ses-E26290_run-1_bp-chest_vp-pa_dx.png,predictions/probabilities/qata_test_sub-S09798_ses-E26290_run-1_bp-chest_vp-pa_dx.npy
qata_test_sub-S09799_ses-E16792_run-1_bp-chest_vp-pa_cr,sub-S09799,unet,1002,0.6755485893671199,0.5100591716556143,7.848199740725321,3.3501885588552893,predictions/masks/qata_test_sub-S09799_ses-E16792_run-1_bp-chest_vp-pa_cr.png,predictions/probabilities/qata_test_sub-S09799_ses-E16792_run-1_bp-chest_vp-pa_cr.npy
qata_test_sub-S09799_ses-E18368_run-1_bp-chest_vp-ap_dx,sub-S09799,unet,1002,0.9547169811323701,0.9133574007231002,6.0,1.2156292036522112,predictions/masks/qata_test_sub-S09799_ses-E18368_run-1_bp-chest_vp-ap_dx.png,predictions/probabilities/qata_test_sub-S09799_ses-E18368_run-1_bp-chest_vp-ap_dx.npy
qata_test_sub-S09799_ses-E24017_run-1_bp-chest_cr,sub-S09799,unet,1002,0.6335241684206572,0.4636190072182475,27.967795408588792,7.79811738609634,predictions/masks/qata_test_sub-S09799_ses-E24017_run-1_bp-chest_cr.png,predictions/probabilities/qata_test_sub-S09799_ses-E24017_run-1_bp-chest_cr.npy
qata_test_sub-S09799_ses-E24463_run-1_bp-chest_vp-ap_dx,sub-S09799,unet,1002,0.8920394130581127,0.8051183621266139,10.63014581273465,2.610089518634216,predictions/masks/qata_test_sub-S09799_ses-E24463_run-1_bp-chest_vp-ap_dx.png,predictions/probabilities/qata_test_sub-S09799_ses-E24463_run-1_bp-chest_vp-ap_dx.npy
qata_test_sub-S09799_ses-E24670_run-1_bp-chest_vp-ap_dx,sub-S09799,unet,1002,0.966126327557484,0.9344723183398089,2.0,0.8593020493597687,predictions/masks/qata_test_sub-S09799_ses-E24670_run-1_bp-chest_vp-ap_dx.png,predictions/probabilities/qata_test_sub-S09799_ses-E24670_run-1_bp-chest_vp-ap_dx.npy
qata_test_sub-S09799_ses-E26851_run-1_bp-chest_vp-pa_cr,sub-S09799,unet,1002,0.5743879472893415,0.40290620875806427,12.041594578792296,7.051973204483394,predictions/masks/qata_test_sub-S09799_ses-E26851_run-1_bp-chest_vp-pa_cr.png,predictions/probabilities/qata_test_sub-S09799_ses-E26851_run-1_bp-chest_vp-pa_cr.npy
qata_test_sub-S09802_ses-E19648_run-1_bp-chest_vp-ap_dx,sub-S09802,unet,1002,0.8124165554103402,0.6840921866305764,31.016124838541646,6.958079130616342,predictions/masks/qata_test_sub-S09802_ses-E19648_run-1_bp-chest_vp-ap_dx.png,predictions/probabilities/qata_test_sub-S09802_ses-E19648_run-1_bp-chest_vp-ap_dx.npy
qata_test_sub-S09803_ses-E17325_acq-1_run-1_bp-chest_cr,sub-S09803,unet,1002,0.8968241428362013,0.8129475794954756,5.830951894845301,1.7283212348056767,predictions/masks/qata_test_sub-S09803_ses-E17325_acq-1_run-1_bp-chest_cr.png,predictions/probabilities/qata_test_sub-S09803_ses-E17325_acq-1_run-1_bp-chest_cr.npy
qata_test_sub-S09803_ses-E18594_run-1_bp-chest_vp-pa_dx,sub-S09803,unet,1002,0.7171029042769057,0.5589714924785371,58.22197924256784,10.131518029269268,predictions/masks/qata_test_sub-S09803_ses-E18594_run-1_bp-chest_vp-pa_dx.png,predictions/probabilities/qata_test_sub-S09803_ses-E18594_run-1_bp-chest_vp-pa_dx.npy
qata_test_sub-S09804_ses-E24055_run-1_bp-chest_vp-pa_cr,sub-S09804,unet,1002,0.8782559456415875,0.7829379101518693,14.0,3.020127988676667,predictions/masks/qata_test_sub-S09804_ses-E24055_run-1_bp-chest_vp-pa_cr.png,predictions/probabilities/qata_test_sub-S09804_ses-E24055_run-1_bp-chest_vp-pa_cr.npy
qata_test_sub-S09808_ses-E18449_run-1_bp-chest_cr,sub-S09808,unet,1002,0.8884114023794812,0.7992268041288859,5.830951894845301,1.8082337400101374,predictions/masks/qata_test_sub-S09808_ses-E18449_run-1_bp-chest_cr.png,predictions/probabilities/qata_test_sub-S09808_ses-E18449_run-1_bp-chest_cr.npy
qata_test_sub-S09808_ses-E24722_run-1_bp-chest_vp-ap_dx,sub-S09808,unet,1002,0.7870967741990427,0.6489361702277049,23.85032362120611,4.262415700234567,predictions/masks/qata_test_sub-S09808_ses-E24722_run-1_bp-chest_vp-ap_dx.png,predictions/probabilities/qata_test_sub-S09808_ses-E24722_run-1_bp-chest_vp-ap_dx.npy
qata_test_sub-S09808_ses-E25214_run-1_bp-chest_vp-ap_dx,sub-S09808,unet,1002,0.6575204531194774,0.4897806112977727,50.1278340388409,13.075073533087751,predictions/masks/qata_test_sub-S09808_ses-E25214_run-1_bp-chest_vp-ap_dx.png,predictions/probabilities/qata_test_sub-S09808_ses-E25214_run-1_bp-chest_vp-ap_dx.npy
qata_test_sub-S09810_ses-E16816_acq-1_run-1_bp-chest_vp-pa_dx,sub-S09810,unet,1002,0.9307595467904872,0.8704866562034834,5.0,1.4670253763842385,predictions/masks/qata_test_sub-S09810_ses-E16816_acq-1_run-1_bp-chest_vp-pa_dx.png,predictions/probabilities/qata_test_sub-S09810_ses-E16816_acq-1_run-1_bp-chest_vp-pa_dx.npy
qata_test_sub-S09810_ses-E17475_acq-1_run-1_bp-chest_vp-pa_dx,sub-S09810,unet,1002,0.8848610904786085,0.7934985345112311,9.219544457292887,1.9709157433300295,predictions/masks/qata_test_sub-S09810_ses-E17475_acq-1_run-1_bp-chest_vp-pa_dx.png,predictions/probabilities/qata_test_sub-S09810_ses-E17475_acq-1_run-1_bp-chest_vp-pa_dx.npy
qata_test_sub-S09810_ses-E22606_acq-1_run-1_bp-chest_cr,sub-S09810,unet,1002,0.899614682622194,0.8175451529739202,5.0,1.391242600498828,predictions/masks/qata_test_sub-S09810_ses-E22606_acq-1_run-1_bp-chest_cr.png,predictions/probabilities/qata_test_sub-S09810_ses-E22606_acq-1_run-1_bp-chest_cr.npy
qata_test_sub-S09811_ses-E18462_run-1_bp-chest_vp-ap_dx,sub-S09811,unet,1002,0.8280565026817981,0.7065669160513558,12.481769923355051,2.788924606622013,predictions/masks/qata_test_sub-S09811_ses-E18462_run-1_bp-chest_vp-ap_dx.png,predictions/probabilities/qata_test_sub-S09811_ses-E18462_run-1_bp-chest_vp-ap_dx.npy
qata_test_sub-S09811_ses-E18981_run-1_bp-chest_vp-ap_dx,sub-S09811,unet,1002,0.8923698837814996,0.80565693431248,6.082762530298219,1.5941257655471128,predictions/masks/qata_test_sub-S09811_ses-E18981_run-1_bp-chest_vp-ap_dx.png,predictions/probabilities/qata_test_sub-S09811_ses-E18981_run-1_bp-chest_vp-ap_dx.npy
qata_test_sub-S09811_ses-E19699_run-1_bp-chest_vp-ap_dx,sub-S09811,unet,1002,0.8107623318419594,0.6817496229356939,14.0,2.78694474972313,predictions/masks/qata_test_sub-S09811_ses-E19699_run-1_bp-chest_vp-ap_dx.png,predictions/probabilities/qata_test_sub-S09811_ses-E19699_run-1_bp-chest_vp-ap_dx.npy
qata_test_sub-S09811_ses-E20421_run-1_bp-chest_vp-ap_dx,sub-S09811,unet,1002,0.4085365853838861,0.2567049808713906,34.01323243305091,8.413933281922013,predictions/masks/qata_test_sub-S09811_ses-E20421_run-1_bp-chest_vp-ap_dx.png,predictions/probabilities/qata_test_sub-S09811_ses-E20421_run-1_bp-chest_vp-ap_dx.npy
qata_test_sub-S09811_ses-E22629_run-1_bp-chest_vp-ap_dx,sub-S09811,unet,1002,0.7980824861575495,0.6640077018338054,38.04468006377504,8.007285393079048,predictions/masks/qata_test_sub-S09811_ses-E22629_run-1_bp-chest_vp-ap_dx.png,predictions/probabilities/qata_test_sub-S09811_ses-E22629_run-1_bp-chest_vp-ap_dx.npy
qata_test_sub-S09811_ses-E23674_run-1_bp-chest_vp-ap_dx,sub-S09811,unet,1002,0.9019788311113213,0.8214585079706012,4.47213595499958,4.234637327287301,predictions/masks/qata_test_sub-S09811_ses-E23674_run-1_bp-chest_vp-ap_dx.png,predictions/probabilities/qata_test_sub-S09811_ses-E23674_run-1_bp-chest_vp-ap_dx.npy
qata_test_sub-S09811_ses-E25420_run-1_bp-chest_vp-ap_dx,sub-S09811,unet,1002,0.5776251581496905,0.40609911056147147,102.78248969276534,30.963019809329346,predictions/masks/qata_test_sub-S09811_ses-E25420_run-1_bp-chest_vp-ap_dx.png,predictions/probabilities/qata_test_sub-S09811_ses-E25420_run-1_bp-chest_vp-ap_dx.npy
qata_test_sub-S09811_ses-E25788_run-1_bp-chest_vp-ap_dx,sub-S09811,unet,1002,0.8803252032539784,0.7862329363988896,7.0,2.0637647616989874,predictions/masks/qata_test_sub-S09811_ses-E25788_run-1_bp-chest_vp-ap_dx.png,predictions/probabilities/qata_test_sub-S09811_ses-E25788_run-1_bp-chest_vp-ap_dx.npy
qata_test_sub-S09811_ses-E26320_run-1_bp-chest_vp-ap_dx,sub-S09811,unet,1002,0.7712051925096444,0.627611044426708,84.35310818441594,19.6345204877644,predictions/masks/qata_test_sub-S09811_ses-E26320_run-1_bp-chest_vp-ap_dx.png,predictions/probabilities/qata_test_sub-S09811_ses-E26320_run-1_bp-chest_vp-ap_dx.npy
qata_test_sub-S09813_ses-E16828_run-1_bp-chest_vp-ap_dx,sub-S09813,unet,1002,0.9086633235348135,0.8326150335921371,15.652475842498529,3.4858614379103776,predictions/masks/qata_test_sub-S09813_ses-E16828_run-1_bp-chest_vp-ap_dx.png,predictions/probabilities/qata_test_sub-S09813_ses-E16828_run-1_bp-chest_vp-ap_dx.npy
qata_test_sub-S09814_ses-E16830_run-1_bp-chest_vp-ap_cr,sub-S09814,unet,1002,0.8908296943299545,0.8031496063213555,4.123105625617661,1.266371302968214,predictions/masks/qata_test_sub-S09814_ses-E16830_run-1_bp-chest_vp-ap_cr.png,predictions/probabilities/qata_test_sub-S09814_ses-E16830_run-1_bp-chest_vp-ap_cr.npy
qata_test_sub-S09814_ses-E18986_acq-1_run-1_bp-chest_vp-pa_dx,sub-S09814,unet,1002,0.8707002457022313,0.7710089747138698,8.841687917112175,2.0671712489117224,predictions/masks/qata_test_sub-S09814_ses-E18986_acq-1_run-1_bp-chest_vp-pa_dx.png,predictions/probabilities/qata_test_sub-S09814_ses-E18986_acq-1_run-1_bp-chest_vp-pa_dx.npy
qata_test_sub-S09814_ses-E20417_run-1_bp-chest_vp-ap_cr,sub-S09814,unet,1002,1.5037593982701113e-10,1.5037593982701113e-10,316.7838379715733,316.7838379715733,predictions/masks/qata_test_sub-S09814_ses-E20417_run-1_bp-chest_vp-ap_cr.png,predictions/probabilities/qata_test_sub-S09814_ses-E20417_run-1_bp-chest_vp-ap_cr.npy
qata_test_sub-S09814_ses-E20954_run-1_bp-chest_vp-ap_cr,sub-S09814,unet,1002,0.8941018766827009,0.8084848485080625,4.277064977301324,1.215675313433198,predictions/masks/qata_test_sub-S09814_ses-E20954_run-1_bp-chest_vp-ap_cr.png,predictions/probabilities/qata_test_sub-S09814_ses-E20954_run-1_bp-chest_vp-ap_cr.npy
qata_test_sub-S09815_ses-E16834_run-1_bp-chest_vp-ap_dx,sub-S09815,unet,1002,0.8543247344516569,0.745695364255252,7.492165803930961,2.048256026837147,predictions/masks/qata_test_sub-S09815_ses-E16834_run-1_bp-chest_vp-ap_dx.png,predictions/probabilities/qata_test_sub-S09815_ses-E16834_run-1_bp-chest_vp-ap_dx.npy
qata_test_sub-S09815_ses-E16963_run-1_bp-chest_vp-ap_dx,sub-S09815,unet,1002,0.772634643380311,0.6295066413750117,20.487053139218194,3.93968448145614,predictions/masks/qata_test_sub-S09815_ses-E16963_run-1_bp-chest_vp-ap_dx.png,predictions/probabilities/qata_test_sub-S09815_ses-E16963_run-1_bp-chest_vp-ap_dx.npy
qata_test_sub-S09815_ses-E18634_run-1_bp-chest_vp-ap_cr,sub-S09815,unet,1002,0.912041884817675,0.8383060635257303,5.385164807134504,1.840417453926613,predictions/masks/qata_test_sub-S09815_ses-E18634_run-1_bp-chest_vp-ap_cr.png,predictions/probabilities/qata_test_sub-S09815_ses-E18634_run-1_bp-chest_vp-ap_cr.npy
qata_test_sub-S09815_ses-E18744_run-1_bp-chest_vp-ap_cr,sub-S09815,unet,1002,0.9246011754840537,0.8597751405415436,4.0,1.0987154408948947,predictions/masks/qata_test_sub-S09815_ses-E18744_run-1_bp-chest_vp-ap_cr.png,predictions/probabilities/qata_test_sub-S09815_ses-E18744_run-1_bp-chest_vp-ap_cr.npy
qata_test_sub-S09815_ses-E20303_run-1_bp-chest_vp-ap_dx,sub-S09815,unet,1002,0.4524647887805928,0.29237770201451907,24.790027377546416,7.039142956431621,predictions/masks/qata_test_sub-S09815_ses-E20303_run-1_bp-chest_vp-ap_dx.png,predictions/probabilities/qata_test_sub-S09815_ses-E20303_run-1_bp-chest_vp-ap_dx.npy
qata_test_sub-S09815_ses-E21191_run-1_bp-chest_vp-ap_dx,sub-S09815,unet,1002,0.9084453461842703,0.8322490706358678,6.708203932499369,1.5269623297898007,predictions/masks/qata_test_sub-S09815_ses-E21191_run-1_bp-chest_vp-ap_dx.png,predictions/probabilities/qata_test_sub-S09815_ses-E21191_run-1_bp-chest_vp-ap_dx.npy
qata_test_sub-S09815_ses-E21401_run-2_bp-chest_vp-ap_dx,sub-S09815,unet,1002,0.7826391319604018,0.6428982173765699,22.0,4.11533556436232,predictions/masks/qata_test_sub-S09815_ses-E21401_run-2_bp-chest_vp-ap_dx.png,predictions/probabilities/qata_test_sub-S09815_ses-E21401_run-2_bp-chest_vp-ap_dx.npy
qata_test_sub-S09815_ses-E21706_run-1_bp-chest_vp-ap_dx,sub-S09815,unet,1002,0.690982322674178,0.5278632478793893,20.615528128088304,5.249740521058758,predictions/masks/qata_test_sub-S09815_ses-E21706_run-1_bp-chest_vp-ap_dx.png,predictions/probabilities/qata_test_sub-S09815_ses-E21706_run-1_bp-chest_vp-ap_dx.npy
qata_test_sub-S09815_ses-E22649_run-1_bp-chest_vp-ap_dx,sub-S09815,unet,1002,0.8079019073602196,0.6777142857234939,13.0,3.1537526522550046,predictions/masks/qata_test_sub-S09815_ses-E22649_run-1_bp-chest_vp-ap_dx.png,predictions/probabilities/qata_test_sub-S09815_ses-E22649_run-1_bp-chest_vp-ap_dx.npy
qata_test_sub-S09816_ses-E16839_run-1_bp-chest_vp-pa_cr,sub-S09816,unet,1002,0.3716368456014362,0.22822725054162094,148.64215403048016,49.67975234000659,predictions/masks/qata_test_sub-S09816_ses-E16839_run-1_bp-chest_vp-pa_cr.png,predictions/probabilities/qata_test_sub-S09816_ses-E16839_run-1_bp-chest_vp-pa_cr.npy
qata_test_sub-S09816_ses-E19865_run-1_bp-chest_vp-pa_cr,sub-S09816,unet,1002,0.9504249739329823,0.9055331446811636,6.082762530298219,1.6996314991442825,predictions/masks/qata_test_sub-S09816_ses-E19865_run-1_bp-chest_vp-pa_cr.png,predictions/probabilities/qata_test_sub-S09816_ses-E19865_run-1_bp-chest_vp-pa_cr.npy
qata_test_sub-S09816_ses-E21002_run-1_bp-chest_vp-ap_cr,sub-S09816,unet,1002,0.9594273718986909,0.9220186520277662,4.0,1.316687925288976,predictions/masks/qata_test_sub-S09816_ses-E21002_run-1_bp-chest_vp-ap_cr.png,predictions/probabilities/qata_test_sub-S09816_ses-E21002_run-1_bp-chest_vp-ap_cr.npy
qata_test_sub-S09817_ses-E16840_run-1_bp-chest_vp-ap_dx,sub-S09817,unet,1002,0.974205926241877,0.9497090606821518,2.0,0.6313319544222004,predictions/masks/qata_test_sub-S09817_ses-E16840_run-1_bp-chest_vp-ap_dx.png,predictions/probabilities/qata_test_sub-S09817_ses-E16840_run-1_bp-chest_vp-ap_dx.npy
qata_test_sub-S09817_ses-E19493_run-1_bp-chest_vp-ap_cr,sub-S09817,unet,1002,0.7800729040164012,0.6394422310936533,10.5352261608226,2.3290173347770473,predictions/masks/qata_test_sub-S09817_ses-E19493_run-1_bp-chest_vp-ap_cr.png,predictions/probabilities/qata_test_sub-S09817_ses-E19493_run-1_bp-chest_vp-ap_cr.npy
qata_test_sub-S09817_ses-E20853_run-1_bp-chest_vp-ap_cr,sub-S09817,unet,1002,0.9799338243143348,0.9606571099721601,1.4142135623730951,0.5037844024905624,predictions/masks/qata_test_sub-S09817_ses-E20853_run-1_bp-chest_vp-ap_cr.png,predictions/probabilities/qata_test_sub-S09817_ses-E20853_run-1_bp-chest_vp-ap_cr.npy
qata_test_sub-S09817_ses-E21940_run-1_bp-chest_vp-ap_cr,sub-S09817,unet,1002,0.9479452054797431,0.9010416666677186,6.379553562304025,1.3613884254906028,predictions/masks/qata_test_sub-S09817_ses-E21940_run-1_bp-chest_vp-ap_cr.png,predictions/probabilities/qata_test_sub-S09817_ses-E21940_run-1_bp-chest_vp-ap_cr.npy
qata_test_sub-S09817_ses-E22215_run-1_bp-chest_vp-ap_cr,sub-S09817,unet,1002,0.9771353746979395,0.955292959133872,2.0,0.586121874020796,predictions/masks/qata_test_sub-S09817_ses-E22215_run-1_bp-chest_vp-ap_cr.png,predictions/probabilities/qata_test_sub-S09817_ses-E22215_run-1_bp-chest_vp-ap_cr.npy
qata_test_sub-S09818_ses-E16841_run-1_bp-chest_vp-pa_cr,sub-S09818,unet,1002,0.9443284620747333,0.8945286750199563,7.523407139984337,1.71513579320017,predictions/masks/qata_test_sub-S09818_ses-E16841_run-1_bp-chest_vp-pa_cr.png,predictions/probabilities/qata_test_sub-S09818_ses-E16841_run-1_bp-chest_vp-pa_cr.npy
qata_test_sub-S09818_ses-E18230_run-1_bp-chest_vp-ap_dx,sub-S09818,unet,1002,0.8492435296839779,0.7379871863355848,80.15609770940699,13.059246752455193,predictions/masks/qata_test_sub-S09818_ses-E18230_run-1_bp-chest_vp-ap_dx.png,predictions/probabilities/qata_test_sub-S09818_ses-E18230_run-1_bp-chest_vp-ap_dx.npy
qata_test_sub-S09818_ses-E24333_run-1_bp-chest_vp-pa_cr,sub-S09818,unet,1002,0.7572340109826589,0.6093134328404858,25.0,6.952783191486906,predictions/masks/qata_test_sub-S09818_ses-E24333_run-1_bp-chest_vp-pa_cr.png,predictions/probabilities/qata_test_sub-S09818_ses-E24333_run-1_bp-chest_vp-pa_cr.npy
qata_test_sub-S09818_ses-E25017_run-1_bp-chest_vp-ap_dx,sub-S09818,unet,1002,0.9166142344279337,0.8460644984979089,12.083045973594572,2.528571820747284,predictions/masks/qata_test_sub-S09818_ses-E25017_run-1_bp-chest_vp-ap_dx.png,predictions/probabilities/qata_test_sub-S09818_ses-E25017_run-1_bp-chest_vp-ap_dx.npy
qata_test_sub-S09818_ses-E25581_run-1_bp-chest_vp-ap_dx,sub-S09818,unet,1002,0.9242270518506743,0.8591283629518601,14.427470600084686,2.3317213498130496,predictions/masks/qata_test_sub-S09818_ses-E25581_run-1_bp-chest_vp-ap_dx.png,predictions/probabilities/qata_test_sub-S09818_ses-E25581_run-1_bp-chest_vp-ap_dx.npy
qata_test_sub-S09818_ses-E25880_run-1_bp-chest_vp-ap_dx,sub-S09818,unet,1002,0.930298570227448,0.8696805896818705,12.59549469113418,2.6024026445378894,predictions/masks/qata_test_sub-S09818_ses-E25880_run-1_bp-chest_vp-ap_dx.png,predictions/probabilities/qata_test_sub-S09818_ses-E25880_run-1_bp-chest_vp-ap_dx.npy
qata_test_sub-S09819_ses-E19882_run-1_bp-chest_vp-pa_dx,sub-S09819,unet,1002,0.2450832072997941,0.1396551724632382,55.55268898207905,19.36837919634735,predictions/masks/qata_test_sub-S09819_ses-E19882_run-1_bp-chest_vp-pa_dx.png,predictions/probabilities/qata_test_sub-S09819_ses-E19882_run-1_bp-chest_vp-pa_dx.npy
qata_test_sub-S09819_ses-E25021_run-1_bp-chest_vp-ap_dx,sub-S09819,unet,1002,0.7317757009408463,0.5770081061320189,13.601470508735444,4.0291670094380425,predictions/masks/qata_test_sub-S09819_ses-E25021_run-1_bp-chest_vp-ap_dx.png,predictions/probabilities/qata_test_sub-S09819_ses-E25021_run-1_bp-chest_vp-ap_dx.npy
qata_test_sub-S09819_ses-E25878_run-1_bp-chest_vp-ap_dx,sub-S09819,unet,1002,0.8588490770939509,0.752616555673044,8.48528137423857,7.7929501847126055,predictions/masks/qata_test_sub-S09819_ses-E25878_run-1_bp-chest_vp-ap_dx.png,predictions/probabilities/qata_test_sub-S09819_ses-E25878_run-1_bp-chest_vp-ap_dx.npy
qata_test_sub-S09819_ses-E26241_run-1_bp-chest_vp-ap_dx,sub-S09819,unet,1002,0.6288407163123687,0.458619741560115,121.61948738777399,34.50641259637546,predictions/masks/qata_test_sub-S09819_ses-E26241_run-1_bp-chest_vp-ap_dx.png,predictions/probabilities/qata_test_sub-S09819_ses-E26241_run-1_bp-chest_vp-ap_dx.npy
qata_test_sub-S09822_ses-E16846_run-1_bp-chest_vp-ap_cr,sub-S09822,unet,1002,0.8800000000017143,0.7857142857197522,8.94427190999916,2.013269963324528,predictions/masks/qata_test_sub-S09822_ses-E16846_run-1_bp-chest_vp-ap_cr.png,predictions/probabilities/qata_test_sub-S09822_ses-E16846_run-1_bp-chest_vp-ap_cr.npy
qata_test_sub-S09822_ses-E18999_run-1_bp-chest_vp-ap_dx,sub-S09822,unet,1002,0.9098171116256056,0.8345545699982703,9.486832980505138,2.3380725137048417,predictions/masks/qata_test_sub-S09822_ses-E18999_run-1_bp-chest_vp-ap_dx.png,predictions/probabilities/qata_test_sub-S09822_ses-E18999_run-1_bp-chest_vp-ap_dx.npy
qata_test_sub-S09822_ses-E20309_run-1_bp-chest_vp-ap_dx,sub-S09822,unet,1002,0.9208590761994642,0.8533260632517268,8.246211251235321,1.7224454202497317,predictions/masks/qata_test_sub-S09822_ses-E20309_run-1_bp-chest_vp-ap_dx.png,predictions/probabilities/qata_test_sub-S09822_ses-E20309_run-1_bp-chest_vp-ap_dx.npy
qata_test_sub-S09824_ses-E16848_run-1_bp-chest_vp-ap_cr,sub-S09824,unet,1002,0.8478393183216896,0.7358689910241967,8.06225774829855,2.476636278192023,predictions/masks/qata_test_sub-S09824_ses-E16848_run-1_bp-chest_vp-ap_cr.png,predictions/probabilities/qata_test_sub-S09824_ses-E16848_run-1_bp-chest_vp-ap_cr.npy
qata_test_sub-S09825_ses-E23401_run-1_bp-chest_vp-ap_dx,sub-S09825,unet,1002,0.31024930749659413,0.18360655740138282,155.3487239755624,73.21669942140525,predictions/masks/qata_test_sub-S09825_ses-E23401_run-1_bp-chest_vp-ap_dx.png,predictions/probabilities/qata_test_sub-S09825_ses-E23401_run-1_bp-chest_vp-ap_dx.npy
qata_test_sub-S09827_ses-E25267_acq-1_run-1_bp-chest_vp-ll_dx,sub-S09827,unet,1002,0.7438155136375759,0.5921228304678156,22.266433896703866,5.1422350797717655,predictions/masks/qata_test_sub-S09827_ses-E25267_acq-1_run-1_bp-chest_vp-ll_dx.png,predictions/probabilities/qata_test_sub-S09827_ses-E25267_acq-1_run-1_bp-chest_vp-ll_dx.npy
qata_test_sub-S09827_ses-E25861_run-1_bp-chest_vp-ap_dx,sub-S09827,unet,1002,0.2569119523923049,0.1473889702709913,120.17840603043098,47.5378097972699,predictions/masks/qata_test_sub-S09827_ses-E25861_run-1_bp-chest_vp-ap_dx.png,predictions/probabilities/qata_test_sub-S09827_ses-E25861_run-1_bp-chest_vp-ap_dx.npy
qata_test_sub-S09828_ses-E16853_run-1_bp-chest_vp-ap_dx,sub-S09828,unet,1002,0.9550647372435255,0.9139941690982994,2.0,0.7527866653572846,predictions/masks/qata_test_sub-S09828_ses-E16853_run-1_bp-chest_vp-ap_dx.png,predictions/probabilities/qata_test_sub-S09828_ses-E16853_run-1_bp-chest_vp-ap_dx.npy
qata_test_sub-S09828_ses-E18763_run-1_bp-chest_vp-ap_cr,sub-S09828,unet,1002,0.840263236616209,0.7245292752198986,27.011107303327552,3.9852841329162323,predictions/masks/qata_test_sub-S09828_ses-E18763_run-1_bp-chest_vp-ap_cr.png,predictions/probabilities/qata_test_sub-S09828_ses-E18763_run-1_bp-chest_vp-ap_cr.npy
qata_test_sub-S09828_ses-E20711_run-1_bp-chest_vp-ap_cr,sub-S09828,unet,1002,0.9331169583872363,0.8746197305546584,4.123105625617661,1.1882598538384128,predictions/masks/qata_test_sub-S09828_ses-E20711_run-1_bp-chest_vp-ap_cr.png,predictions/probabilities/qata_test_sub-S09828_ses-E20711_run-1_bp-chest_vp-ap_cr.npy
qata_test_sub-S09828_ses-E22205_run-1_bp-chest_vp-ap_cr,sub-S09828,unet,1002,0.9364433312470813,0.880482778926097,4.123105625617661,1.0874084498849228,predictions/masks/qata_test_sub-S09828_ses-E22205_run-1_bp-chest_vp-ap_cr.png,predictions/probabilities/qata_test_sub-S09828_ses-E22205_run-1_bp-chest_vp-ap_cr.npy
qata_test_sub-S09828_ses-E22847_run-1_bp-chest_vp-ap_cr,sub-S09828,unet,1002,0.9493405645266937,0.9035664007530838,3.0,0.8336743458150422,predictions/masks/qata_test_sub-S09828_ses-E22847_run-1_bp-chest_vp-ap_cr.png,predictions/probabilities/qata_test_sub-S09828_ses-E22847_run-1_bp-chest_vp-ap_cr.npy
qata_test_sub-S09830_ses-E19889_run-1_bp-chest_vp-ap_cr,sub-S09830,unet,1002,0.6063947078714008,0.4351265823678598,10.94394394777941,2.8876013143410746,predictions/masks/qata_test_sub-S09830_ses-E19889_run-1_bp-chest_vp-ap_cr.png,predictions/probabilities/qata_test_sub-S09830_ses-E19889_run-1_bp-chest_vp-ap_cr.npy
qata_test_sub-S09831_ses-E18239_run-1_bp-chest_vp-ap_dx,sub-S09831,unet,1002,0.11181556201084636,0.059218559275993975,128.8848307924143,76.10813024634284,predictions/masks/qata_test_sub-S09831_ses-E18239_run-1_bp-chest_vp-ap_dx.png,predictions/probabilities/qata_test_sub-S09831_ses-E18239_run-1_bp-chest_vp-ap_dx.npy
qata_test_sub-S09831_ses-E18650_run-1_bp-chest_vp-ap_dx,sub-S09831,unet,1002,0.7104968844886523,0.5509850080590882,24.0,5.1637809874736655,predictions/masks/qata_test_sub-S09831_ses-E18650_run-1_bp-chest_vp-ap_dx.png,predictions/probabilities/qata_test_sub-S09831_ses-E18650_run-1_bp-chest_vp-ap_dx.npy
qata_test_sub-S09831_ses-E19025_run-1_bp-chest_vp-ap_dx,sub-S09831,unet,1002,0.5538253216280415,0.38295880155590273,138.03169920136614,43.07239431171727,predictions/masks/qata_test_sub-S09831_ses-E19025_run-1_bp-chest_vp-ap_dx.png,predictions/probabilities/qata_test_sub-S09831_ses-E19025_run-1_bp-chest_vp-ap_dx.npy
qata_test_sub-S09831_ses-E19254_run-1_bp-chest_vp-ap_dx,sub-S09831,unet,1002,0.8853303883694951,0.7942536327676931,7.211102550927978,2.2258019793285024,predictions/masks/qata_test_sub-S09831_ses-E19254_run-1_bp-chest_vp-ap_dx.png,predictions/probabilities/qata_test_sub-S09831_ses-E19254_run-1_bp-chest_vp-ap_dx.npy
qata_test_sub-S09831_ses-E19721_run-1_bp-chest_vp-ap_dx,sub-S09831,unet,1002,0.7808973300317857,0.6405509144316939,98.2135048920428,22.41022544321061,predictions/masks/qata_test_sub-S09831_ses-E19721_run-1_bp-chest_vp-ap_dx.png,predictions/probabilities/qata_test_sub-S09831_ses-E19721_run-1_bp-chest_vp-ap_dx.npy
qata_test_sub-S09831_ses-E20334_run-1_bp-chest_vp-ap_dx,sub-S09831,unet,1002,0.8811502440326981,0.7875501061120597,9.0,2.3953291830479015,predictions/masks/qata_test_sub-S09831_ses-E20334_run-1_bp-chest_vp-ap_dx.png,predictions/probabilities/qata_test_sub-S09831_ses-E20334_run-1_bp-chest_vp-ap_dx.npy
qata_test_sub-S09831_ses-E20856_run-1_bp-chest_vp-ap_dx,sub-S09831,unet,1002,0.9164648910417241,0.845810055867836,8.0,2.0768451812816657,predictions/masks/qata_test_sub-S09831_ses-E20856_run-1_bp-chest_vp-ap_dx.png,predictions/probabilities/qata_test_sub-S09831_ses-E20856_run-1_bp-chest_vp-ap_dx.npy
qata_test_sub-S09831_ses-E21556_run-1_bp-chest_vp-ap_dx,sub-S09831,unet,1002,0.8595062854174461,0.7536264991461606,20.211188221619075,3.6552124304759177,predictions/masks/qata_test_sub-S09831_ses-E21556_run-1_bp-chest_vp-ap_dx.png,predictions/probabilities/qata_test_sub-S09831_ses-E21556_run-1_bp-chest_vp-ap_dx.npy
qata_test_sub-S09831_ses-E22072_run-1_bp-chest_vp-ap_dx,sub-S09831,unet,1002,0.9197424619116482,0.8514103623291465,9.66216330041331,2.1391044533149848,predictions/masks/qata_test_sub-S09831_ses-E22072_run-1_bp-chest_vp-ap_dx.png,predictions/probabilities/qata_test_sub-S09831_ses-E22072_run-1_bp-chest_vp-ap_dx.npy
qata_test_sub-S09831_ses-E23181_run-1_bp-chest_vp-ap_dx,sub-S09831,unet,1002,0.7949747249494873,0.6597162245569437,99.13072153434894,18.650974629551754,predictions/masks/qata_test_sub-S09831_ses-E23181_run-1_bp-chest_vp-ap_dx.png,predictions/probabilities/qata_test_sub-S09831_ses-E23181_run-1_bp-chest_vp-ap_dx.npy
qata_test_sub-S09831_ses-E23425_run-1_bp-chest_vp-ap_dx,sub-S09831,unet,1002,0.5536115971063033,0.3827544496391437,97.36105072938541,22.91037359148733,predictions/masks/qata_test_sub-S09831_ses-E23425_run-1_bp-chest_vp-ap_dx.png,predictions/probabilities/qata_test_sub-S09831_ses-E23425_run-1_bp-chest_vp-ap_dx.npy
qata_test_sub-S09831_ses-E24347_run-1_bp-chest_vp-ap_dx,sub-S09831,unet,1002,0.9612033195024772,0.9253045735984561,3.0,1.076098667071097,predictions/masks/qata_test_sub-S09831_ses-E24347_run-1_bp-chest_vp-ap_dx.png,predictions/probabilities/qata_test_sub-S09831_ses-E24347_run-1_bp-chest_vp-ap_dx.npy
qata_test_sub-S09831_ses-E24761_run-1_bp-chest_vp-pa_dx,sub-S09831,unet,1002,0.1059063136911453,0.055913978545380966,51.41495978077097,21.619281326741792,predictions/masks/qata_test_sub-S09831_ses-E24761_run-1_bp-chest_vp-pa_dx.png,predictions/probabilities/qata_test_sub-S09831_ses-E24761_run-1_bp-chest_vp-pa_dx.npy
qata_test_sub-S09831_ses-E25609_run-1_bp-chest_vp-ap_dx,sub-S09831,unet,1002,0.8549222797935632,0.7466063348441214,13.497977985572224,3.5821372366536313,predictions/masks/qata_test_sub-S09831_ses-E25609_run-1_bp-chest_vp-ap_dx.png,predictions/probabilities/qata_test_sub-S09831_ses-E25609_run-1_bp-chest_vp-ap_dx.npy
qata_test_sub-S09832_ses-E16859_run-1_bp-chest_vp-pa_dx,sub-S09832,unet,1002,0.5387610619632297,0.3687015504181831,95.55835766470123,22.57532062567805,predictions/masks/qata_test_sub-S09832_ses-E16859_run-1_bp-chest_vp-pa_dx.png,predictions/probabilities/qata_test_sub-S09832_ses-E16859_run-1_bp-chest_vp-pa_dx.npy
qata_test_sub-S09832_ses-E19533_run-1_bp-chest_vp-ap_dx,sub-S09832,unet,1002,0.534941763736794,0.36513344692319327,110.24851293505577,26.561894620386667,predictions/masks/qata_test_sub-S09832_ses-E19533_run-1_bp-chest_vp-ap_dx.png,predictions/probabilities/qata_test_sub-S09832_ses-E19533_run-1_bp-chest_vp-ap_dx.npy
qata_test_sub-S09832_ses-E22445_run-1_bp-chest_vp-ap_dx,sub-S09832,unet,1002,0.7613149118684774,0.6146153846302072,108.46197490364999,22.434034944972662,predictions/masks/qata_test_sub-S09832_ses-E22445_run-1_bp-chest_vp-ap_dx.png,predictions/probabilities/qata_test_sub-S09832_ses-E22445_run-1_bp-chest_vp-ap_dx.npy
qata_test_sub-S09834_ses-E21566_run-1_bp-chest_vp-ap_cr,sub-S09834,unet,1002,0.8221699560300422,0.6980378537993047,18.0,4.156812614578235,predictions/masks/qata_test_sub-S09834_ses-E21566_run-1_bp-chest_vp-ap_cr.png,predictions/probabilities/qata_test_sub-S09834_ses-E21566_run-1_bp-chest_vp-ap_cr.npy
qata_test_sub-S09835_ses-E20329_run-1_bp-chest_vp-pa_dx,sub-S09835,unet,1002,0.7662337662413561,0.621052631598892,89.20588531700446,21.04667113061994,predictions/masks/qata_test_sub-S09835_ses-E20329_run-1_bp-chest_vp-pa_dx.png,predictions/probabilities/qata_test_sub-S09835_ses-E20329_run-1_bp-chest_vp-pa_dx.npy
qata_test_sub-S09835_ses-E23362_run-1_bp-chest_vp-ap_cr,sub-S09835,unet,1002,0.628804960546381,0.45858170607484927,54.8706557188667,15.84574143878496,predictions/masks/qata_test_sub-S09835_ses-E23362_run-1_bp-chest_vp-ap_cr.png,predictions/probabilities/qata_test_sub-S09835_ses-E23362_run-1_bp-chest_vp-ap_cr.npy
qata_test_sub-S09836_ses-E23196_acq-1_run-1_bp-chest_vp-pa_cr,sub-S09836,unet,1002,0.5855925639200004,0.4140197152566254,79.0,18.957222529989924,predictions/masks/qata_test_sub-S09836_ses-E23196_acq-1_run-1_bp-chest_vp-pa_cr.png,predictions/probabilities/qata_test_sub-S09836_ses-E23196_acq-1_run-1_bp-chest_vp-pa_cr.npy
qata_test_sub-S09837_ses-E16871_run-1_bp-chest_vp-ap_cr,sub-S09837,unet,1002,0.9478460590446034,0.9008625279533504,4.0,1.3638755272796108,predictions/masks/qata_test_sub-S09837_ses-E16871_run-1_bp-chest_vp-ap_cr.png,predictions/probabilities/qata_test_sub-S09837_ses-E16871_run-1_bp-chest_vp-ap_cr.npy
qata_test_sub-S09837_ses-E17455_run-1_bp-chest_vp-ap_cr,sub-S09837,unet,1002,0.8264062381722582,0.7041672042355287,17.465679520971126,3.8506439245812887,predictions/masks/qata_test_sub-S09837_ses-E17455_run-1_bp-chest_vp-ap_cr.png,predictions/probabilities/qata_test_sub-S09837_ses-E17455_run-1_bp-chest_vp-ap_cr.npy
qata_test_sub-S09837_ses-E20516_run-1_bp-chest_vp-ap_cr,sub-S09837,unet,1002,0.9128490105725613,0.839670863984046,8.246211251235321,2.3186521370083057,predictions/masks/qata_test_sub-S09837_ses-E20516_run-1_bp-chest_vp-ap_cr.png,predictions/probabilities/qata_test_sub-S09837_ses-E20516_run-1_bp-chest_vp-ap_cr.npy
qata_test_sub-S09837_ses-E22253_run-1_bp-chest_vp-ap_cr,sub-S09837,unet,1002,0.9137412700619132,0.8411819807558445,16.461909823012753,2.596992983914158,predictions/masks/qata_test_sub-S09837_ses-E22253_run-1_bp-chest_vp-ap_cr.png,predictions/probabilities/qata_test_sub-S09837_ses-E22253_run-1_bp-chest_vp-ap_cr.npy
qata_test_sub-S09837_ses-E22894_run-2_bp-chest_vp-ap_cr,sub-S09837,unet,1002,0.7168977295588015,0.5587222048299605,22.47220505424423,5.818033697434845,predictions/masks/qata_test_sub-S09837_ses-E22894_run-2_bp-chest_vp-ap_cr.png,predictions/probabilities/qata_test_sub-S09837_ses-E22894_run-2_bp-chest_vp-ap_cr.npy
qata_test_sub-S09837_ses-E24226_run-1_bp-chest_vp-ap_cr,sub-S09837,unet,1002,0.9304490218053051,0.8699435938780025,9.178504627504019,1.463287942924255,predictions/masks/qata_test_sub-S09837_ses-E24226_run-1_bp-chest_vp-ap_cr.png,predictions/probabilities/qata_test_sub-S09837_ses-E24226_run-1_bp-chest_vp-ap_cr.npy
qata_test_sub-S09837_ses-E24618_run-1_bp-chest_vp-ap_cr,sub-S09837,unet,1002,0.7873757359348771,0.6493155046219465,13.0,3.484475815501171,predictions/masks/qata_test_sub-S09837_ses-E24618_run-1_bp-chest_vp-ap_cr.png,predictions/probabilities/qata_test_sub-S09837_ses-E24618_run-1_bp-chest_vp-ap_cr.npy
qata_test_sub-S09839_ses-E16873_run-1_bp-chest_vp-ap_cr,sub-S09839,unet,1002,0.9401241328957638,0.8870134343801754,5.0,1.2633531019362525,predictions/masks/qata_test_sub-S09839_ses-E16873_run-1_bp-chest_vp-ap_cr.png,predictions/probabilities/qata_test_sub-S09839_ses-E16873_run-1_bp-chest_vp-ap_cr.npy
qata_test_sub-S09839_ses-E19177_run-1_bp-chest_vp-ap_dx,sub-S09839,unet,1002,0.9339746392656757,0.8761279737498984,11.180339887498949,2.388657388392315,predictions/masks/qata_test_sub-S09839_ses-E19177_run-1_bp-chest_vp-ap_dx.png,predictions/probabilities/qata_test_sub-S09839_ses-E19177_run-1_bp-chest_vp-ap_dx.npy
qata_test_sub-S09840_ses-E18544_run-1_bp-chest_vp-pa_dx,sub-S09840,unet,1002,0.20598469038232536,0.1148176881990056,44.63181877090153,17.168489773507133,predictions/masks/qata_test_sub-S09840_ses-E18544_run-1_bp-chest_vp-pa_dx.png,predictions/probabilities/qata_test_sub-S09840_ses-E18544_run-1_bp-chest_vp-pa_dx.npy
qata_test_sub-S09841_ses-E23070_run-1_bp-chest_vp-ap_dx,sub-S09841,unet,1002,0.7078619089105329,0.5478221823181899,29.5296461204668,8.769245405931523,predictions/masks/qata_test_sub-S09841_ses-E23070_run-1_bp-chest_vp-ap_dx.png,predictions/probabilities/qata_test_sub-S09841_ses-E23070_run-1_bp-chest_vp-ap_dx.npy
qata_test_sub-S09842_ses-E16879_run-1_bp-chest_vp-ap_dx,sub-S09842,unet,1002,0.4883743554870281,0.32307890334247547,79.61715261208775,15.563417001641502,predictions/masks/qata_test_sub-S09842_ses-E16879_run-1_bp-chest_vp-ap_dx.png,predictions/probabilities/qata_test_sub-S09842_ses-E16879_run-1_bp-chest_vp-ap_dx.npy
qata_test_sub-S09842_ses-E19760_run-1_bp-chest_vp-ap_dx,sub-S09842,unet,1002,0.8236775818695315,0.7002141327783611,57.694447077796276,16.944614755947555,predictions/masks/qata_test_sub-S09842_ses-E19760_run-1_bp-chest_vp-ap_dx.png,predictions/probabilities/qata_test_sub-S09842_ses-E19760_run-1_bp-chest_vp-ap_dx.npy
qata_test_sub-S09842_ses-E21264_run-1_bp-chest_vp-ap_dx,sub-S09842,unet,1002,0.7630704883764112,0.6169070114409059,73.38594817007252,11.68037486728567,predictions/masks/qata_test_sub-S09842_ses-E21264_run-1_bp-chest_vp-ap_dx.png,predictions/probabilities/qata_test_sub-S09842_ses-E21264_run-1_bp-chest_vp-ap_dx.npy
qata_test_sub-S09842_ses-E22102_run-1_bp-chest_vp-ap_dx,sub-S09842,unet,1002,0.8413805356911945,0.7261923017963028,22.67098712288732,5.465873432523594,predictions/masks/qata_test_sub-S09842_ses-E22102_run-1_bp-chest_vp-ap_dx.png,predictions/probabilities/qata_test_sub-S09842_ses-E22102_run-1_bp-chest_vp-ap_dx.npy
qata_test_sub-S09842_ses-E22722_run-1_bp-chest_vp-ap_dx,sub-S09842,unet,1002,0.5580442102245932,0.38700507615457863,37.42452153886514,9.75441281412405,predictions/masks/qata_test_sub-S09842_ses-E22722_run-1_bp-chest_vp-ap_dx.png,predictions/probabilities/qata_test_sub-S09842_ses-E22722_run-1_bp-chest_vp-ap_dx.npy
qata_test_sub-S09843_ses-E19313_run-1_bp-chest_vp-ap_dx,sub-S09843,unet,1002,0.7060233742970925,0.5456229736199342,13.072767298673476,3.770069692780687,predictions/masks/qata_test_sub-S09843_ses-E19313_run-1_bp-chest_vp-ap_dx.png,predictions/probabilities/qata_test_sub-S09843_ses-E19313_run-1_bp-chest_vp-ap_dx.npy
qata_test_sub-S09843_ses-E23496_run-1_bp-chest_vp-ap_dx,sub-S09843,unet,1002,0.8546798029574547,0.7462365591452422,14.608372361298425,2.8561008295300137,predictions/masks/qata_test_sub-S09843_ses-E23496_run-1_bp-chest_vp-ap_dx.png,predictions/probabilities/qata_test_sub-S09843_ses-E23496_run-1_bp-chest_vp-ap_dx.npy
qata_test_sub-S09843_ses-E24623_run-1_bp-chest_cr,sub-S09843,unet,1002,0.6998387468394416,0.5382707299951003,27.400484908725492,5.418282912552532,predictions/masks/qata_test_sub-S09843_ses-E24623_run-1_bp-chest_cr.png,predictions/probabilities/qata_test_sub-S09843_ses-E24623_run-1_bp-chest_cr.npy
qata_test_sub-S09843_ses-E25653_run-1_bp-chest_vp-pa_cr,sub-S09843,unet,1002,0.9028350515476439,0.8228799624190068,7.810249675906654,1.9604709987150457,predictions/masks/qata_test_sub-S09843_ses-E25653_run-1_bp-chest_vp-pa_cr.png,predictions/probabilities/qata_test_sub-S09843_ses-E25653_run-1_bp-chest_vp-pa_cr.npy
qata_test_sub-S09843_ses-E25974_run-1_bp-chest_cr,sub-S09843,unet,1002,0.7559385188692143,0.607637588932698,17.022039774444803,3.52724658383032,predictions/masks/qata_test_sub-S09843_ses-E25974_run-1_bp-chest_cr.png,predictions/probabilities/qata_test_sub-S09843_ses-E25974_run-1_bp-chest_cr.npy
qata_test_sub-S09844_ses-E16885_run-1_bp-chest_vp-ap_dx,sub-S09844,unet,1002,0.5624594068074809,0.3912650602592993,76.0,20.10628345785929,predictions/masks/qata_test_sub-S09844_ses-E16885_run-1_bp-chest_vp-ap_dx.png,predictions/probabilities/qata_test_sub-S09844_ses-E16885_run-1_bp-chest_vp-ap_dx.npy
qata_test_sub-S09844_ses-E21984_run-1_bp-chest_cr,sub-S09844,unet,1002,0.02949308760232751,0.014967259166746153,64.54802561273614,31.972604684419444,predictions/masks/qata_test_sub-S09844_ses-E21984_run-1_bp-chest_cr.png,predictions/probabilities/qata_test_sub-S09844_ses-E21984_run-1_bp-chest_cr.npy
qata_test_sub-S09845_ses-E16888_run-1_bp-chest_vp-ap_dx,sub-S09845,unet,1002,0.9655121263816249,0.9333237740187363,5.0,1.8437810308711773,predictions/masks/qata_test_sub-S09845_ses-E16888_run-1_bp-chest_vp-ap_dx.png,predictions/probabilities/qata_test_sub-S09845_ses-E16888_run-1_bp-chest_vp-ap_dx.npy
qata_test_sub-S09845_ses-E18676_run-1_bp-chest_vp-ap_cr,sub-S09845,unet,1002,0.9111528351489963,0.8368050765645357,21.73348175534084,2.5615889306501614,predictions/masks/qata_test_sub-S09845_ses-E18676_run-1_bp-chest_vp-ap_cr.png,predictions/probabilities/qata_test_sub-S09845_ses-E18676_run-1_bp-chest_vp-ap_cr.npy
qata_test_sub-S09845_ses-E18848_run-2_bp-chest_vp-ap_dx,sub-S09845,unet,1002,0.9085138678079998,0.8323640960830295,12.945542276189435,2.6058916141362465,predictions/masks/qata_test_sub-S09845_ses-E18848_run-2_bp-chest_vp-ap_dx.png,predictions/probabilities/qata_test_sub-S09845_ses-E18848_run-2_bp-chest_vp-ap_dx.npy
qata_test_sub-S09845_ses-E21278_run-1_bp-chest_vp-ap_dx,sub-S09845,unet,1002,0.8774813233731191,0.7817075489657568,22.360679774997898,3.8909767570836387,predictions/masks/qata_test_sub-S09845_ses-E21278_run-1_bp-chest_vp-ap_dx.png,predictions/probabilities/qata_test_sub-S09845_ses-E21278_run-1_bp-chest_vp-ap_dx.npy
qata_test_sub-S09845_ses-E21976_run-1_bp-chest_vp-ap_cr,sub-S09845,unet,1002,0.9180868609132327,0.8485772357745561,7.819737192111313,2.156375450145008,predictions/masks/qata_test_sub-S09845_ses-E21976_run-1_bp-chest_vp-ap_cr.png,predictions/probabilities/qata_test_sub-S09845_ses-E21976_run-1_bp-chest_vp-ap_cr.npy
qata_test_sub-S09845_ses-E22296_run-1_bp-chest_vp-ap_cr,sub-S09845,unet,1002,0.8738323577048969,0.7759345277643014,17.134366926993938,2.725069925996697,predictions/masks/qata_test_sub-S09845_ses-E22296_run-1_bp-chest_vp-ap_cr.png,predictions/probabilities/qata_test_sub-S09845_ses-E22296_run-1_bp-chest_vp-ap_cr.npy
qata_test_sub-S09846_ses-E19077_run-1_bp-chest_vp-ap_dx,sub-S09846,unet,1002,0.8034849951787526,0.6715210356518575,6.708203932499369,1.8758897633048024,predictions/masks/qata_test_sub-S09846_ses-E19077_run-1_bp-chest_vp-ap_dx.png,predictions/probabilities/qata_test_sub-S09846_ses-E19077_run-1_bp-chest_vp-ap_dx.npy
qata_test_sub-S09847_ses-E16894_run-1_bp-chest_vp-ap_cr,sub-S09847,unet,1002,0.9001429081823853,0.818418060746818,12.802332154190308,2.1484319501253397,predictions/masks/qata_test_sub-S09847_ses-E16894_run-1_bp-chest_vp-ap_cr.png,predictions/probabilities/qata_test_sub-S09847_ses-E16894_run-1_bp-chest_vp-ap_cr.npy
qata_test_sub-S09847_ses-E27010_run-1_bp-chest_vp-pa_dx,sub-S09847,unet,1002,0.9161867232501046,0.8453363166012399,9.0,2.04303950783378,predictions/masks/qata_test_sub-S09847_ses-E27010_run-1_bp-chest_vp-pa_dx.png,predictions/probabilities/qata_test_sub-S09847_ses-E27010_run-1_bp-chest_vp-pa_dx.npy
qata_test_sub-S09848_ses-E16896_run-1_bp-chest_vp-ap_dx,sub-S09848,unet,1002,0.7142047601084793,0.5554576171653378,22.02271554554524,5.1044558507168025,predictions/masks/qata_test_sub-S09848_ses-E16896_run-1_bp-chest_vp-ap_dx.png,predictions/probabilities/qata_test_sub-S09848_ses-E16896_run-1_bp-chest_vp-ap_dx.npy
qata_test_sub-S09848_ses-E17529_run-1_bp-chest_vp-ap_cr,sub-S09848,unet,1002,0.8008365508397549,0.6678293533762321,100.01849818786053,18.484838080268492,predictions/masks/qata_test_sub-S09848_ses-E17529_run-1_bp-chest_vp-ap_cr.png,predictions/probabilities/qata_test_sub-S09848_ses-E17529_run-1_bp-chest_vp-ap_cr.npy
qata_test_sub-S09848_ses-E18312_run-1_bp-chest_vp-pa_cr,sub-S09848,unet,1002,0.9301008927925888,0.8693351424703573,11.40175425099138,2.501455614268459,predictions/masks/qata_test_sub-S09848_ses-E18312_run-1_bp-chest_vp-pa_cr.png,predictions/probabilities/qata_test_sub-S09848_ses-E18312_run-1_bp-chest_vp-pa_cr.npy
qata_test_sub-S09848_ses-E19323_run-1_bp-chest_vp-pa_dx,sub-S09848,unet,1002,0.9341195247387208,0.8763829964239549,5.327935748426147,1.9058543884906252,predictions/masks/qata_test_sub-S09848_ses-E19323_run-1_bp-chest_vp-pa_dx.png,predictions/probabilities/qata_test_sub-S09848_ses-E19323_run-1_bp-chest_vp-pa_dx.npy
qata_test_sub-S09848_ses-E21072_run-1_bp-chest_vp-ap_cr,sub-S09848,unet,1002,0.7460615883322784,0.5949746665329854,30.42282787299437,5.951573241884796,predictions/masks/qata_test_sub-S09848_ses-E21072_run-1_bp-chest_vp-ap_cr.png,predictions/probabilities/qata_test_sub-S09848_ses-E21072_run-1_bp-chest_vp-ap_cr.npy
qata_test_sub-S09848_ses-E21433_run-1_bp-chest_vp-ap_cr,sub-S09848,unet,1002,0.8855124050369999,0.7945466679397984,15.467395657389606,2.366840754344541,predictions/masks/qata_test_sub-S09848_ses-E21433_run-1_bp-chest_vp-ap_cr.png,predictions/probabilities/qata_test_sub-S09848_ses-E21433_run-1_bp-chest_vp-ap_cr.npy
qata_test_sub-S09848_ses-E22109_run-1_bp-chest_vp-ap_cr,sub-S09848,unet,1002,0.9658644536654724,0.9339824523867539,2.8284271247461903,0.8687075699108245,predictions/masks/qata_test_sub-S09848_ses-E22109_run-1_bp-chest_vp-ap_cr.png,predictions/probabilities/qata_test_sub-S09848_ses-E22109_run-1_bp-chest_vp-ap_cr.npy
qata_test_sub-S09848_ses-E22508_run-1_bp-chest_vp-ap_cr,sub-S09848,unet,1002,0.9121888581592642,0.838554435668405,14.524990489369175,2.4904882104706494,predictions/masks/qata_test_sub-S09848_ses-E22508_run-1_bp-chest_vp-ap_cr.png,predictions/probabilities/qata_test_sub-S09848_ses-E22508_run-1_bp-chest_vp-ap_cr.npy
qata_test_sub-S09848_ses-E23238_run-1_bp-chest_vp-ap_cr,sub-S09848,unet,1002,0.8485442907296689,0.7369317672398733,30.521995309530453,4.744141309422464,predictions/masks/qata_test_sub-S09848_ses-E23238_run-1_bp-chest_vp-ap_cr.png,predictions/probabilities/qata_test_sub-S09848_ses-E23238_run-1_bp-chest_vp-ap_cr.npy
qata_test_sub-S09848_ses-E23733_run-1_bp-chest_vp-ap_cr,sub-S09848,unet,1002,0.8626530031322043,0.7584782880771057,10.0,2.114103701659131,predictions/masks/qata_test_sub-S09848_ses-E23733_run-1_bp-chest_vp-ap_cr.png,predictions/probabilities/qata_test_sub-S09848_ses-E23733_run-1_bp-chest_vp-ap_cr.npy
qata_test_sub-S09848_ses-E23781_run-1_bp-chest_vp-ap_cr,sub-S09848,unet,1002,0.7199356482139706,0.5624214495273896,19.981214711292818,4.924865102665496,predictions/masks/qata_test_sub-S09848_ses-E23781_run-1_bp-chest_vp-ap_cr.png,predictions/probabilities/qata_test_sub-S09848_ses-E23781_run-1_bp-chest_vp-ap_cr.npy
qata_test_sub-S09848_ses-E25994_run-1_bp-chest_vp-pa_cr,sub-S09848,unet,1002,0.9055674166533685,0.8274309723902504,14.866068747318506,3.4445452779398087,predictions/masks/qata_test_sub-S09848_ses-E25994_run-1_bp-chest_vp-pa_cr.png,predictions/probabilities/qata_test_sub-S09848_ses-E25994_run-1_bp-chest_vp-pa_cr.npy
qata_test_sub-S09848_ses-E26422_run-1_bp-chest_vp-ap_cr,sub-S09848,unet,1002,0.8932094973080366,0.8070267093332004,12.649110640673518,3.462227624946218,predictions/masks/qata_test_sub-S09848_ses-E26422_run-1_bp-chest_vp-ap_cr.png,predictions/probabilities/qata_test_sub-S09848_ses-E26422_run-1_bp-chest_vp-ap_cr.npy
qata_test_sub-S09848_ses-E26424_run-1_bp-chest_vp-pa_cr,sub-S09848,unet,1002,0.9273876772289574,0.864606584822373,9.98492424049174,2.3996881949848934,predictions/masks/qata_test_sub-S09848_ses-E26424_run-1_bp-chest_vp-pa_cr.png,predictions/probabilities/qata_test_sub-S09848_ses-E26424_run-1_bp-chest_vp-pa_cr.npy
qata_test_sub-S09849_ses-E19075_run-1_bp-chest_vp-ap_dx,sub-S09849,unet,1002,0.827946768069014,0.7064071370878826,10.12395732415323,2.3909371237549912,predictions/masks/qata_test_sub-S09849_ses-E19075_run-1_bp-chest_vp-ap_dx.png,predictions/probabilities/qata_test_sub-S09849_ses-E19075_run-1_bp-chest_vp-ap_dx.npy
qata_test_sub-S09850_ses-E21596_run-1_bp-chest_vp-pa_cr,sub-S09850,unet,1002,0.751942618056347,0.6024904214686306,77.44287791443293,15.998284773087272,predictions/masks/qata_test_sub-S09850_ses-E21596_run-1_bp-chest_vp-pa_cr.png,predictions/probabilities/qata_test_sub-S09850_ses-E21596_run-1_bp-chest_vp-pa_cr.npy
qata_test_sub-S09852_ses-E19345_run-1_bp-chest_vp-ap_cr,sub-S09852,unet,1002,0.9198022521290867,0.8515128400730801,7.414375175913829,1.4462644467194403,predictions/masks/qata_test_sub-S09852_ses-E19345_run-1_bp-chest_vp-ap_cr.png,predictions/probabilities/qata_test_sub-S09852_ses-E19345_run-1_bp-chest_vp-ap_cr.npy
qata_test_sub-S09852_ses-E21076_run-1_bp-chest_vp-ap_dx,sub-S09852,unet,1002,0.9444664815554892,0.8947763998516577,3.605551275463989,1.1442946590102647,predictions/masks/qata_test_sub-S09852_ses-E21076_run-1_bp-chest_vp-ap_dx.png,predictions/probabilities/qata_test_sub-S09852_ses-E21076_run-1_bp-chest_vp-ap_dx.npy
qata_test_sub-S09855_ses-E16909_run-1_bp-chest_vp-pa_cr,sub-S09855,unet,1002,0.9559367642127166,0.9155927835105933,2.0,0.7417022728178683,predictions/masks/qata_test_sub-S09855_ses-E16909_run-1_bp-chest_vp-pa_cr.png,predictions/probabilities/qata_test_sub-S09855_ses-E16909_run-1_bp-chest_vp-pa_cr.npy
qata_test_sub-S09855_ses-E17128_run-1_bp-chest_vp-pa_cr,sub-S09855,unet,1002,0.7208413001978766,0.5635276532300626,8.841687917112175,3.5138006582285937,predictions/masks/qata_test_sub-S09855_ses-E17128_run-1_bp-chest_vp-pa_cr.png,predictions/probabilities/qata_test_sub-S09855_ses-E17128_run-1_bp-chest_vp-pa_cr.npy
qata_test_sub-S09855_ses-E19193_run-1_bp-chest_vp-pa_cr,sub-S09855,unet,1002,0.5845213849357684,0.4129496403018478,44.964158982548405,8.818896903583182,predictions/masks/qata_test_sub-S09855_ses-E19193_run-1_bp-chest_vp-pa_cr.png,predictions/probabilities/qata_test_sub-S09855_ses-E19193_run-1_bp-chest_vp-pa_cr.npy
qata_test_sub-S09855_ses-E23545_run-1_bp-chest_cr,sub-S09855,unet,1002,0.910346248970421,0.8354454321952819,5.385164807134504,1.6758111417962254,predictions/masks/qata_test_sub-S09855_ses-E23545_run-1_bp-chest_cr.png,predictions/probabilities/qata_test_sub-S09855_ses-E23545_run-1_bp-chest_cr.npy
qata_test_sub-S09855_ses-E23792_run-1_bp-chest_vp-pa_cr,sub-S09855,unet,1002,0.8552631578963507,0.7471264367865356,86.81046193453268,15.788190326716569,predictions/masks/qata_test_sub-S09855_ses-E23792_run-1_bp-chest_vp-pa_cr.png,predictions/probabilities/qata_test_sub-S09855_ses-E23792_run-1_bp-chest_vp-pa_cr.npy
qata_test_sub-S09855_ses-E24007_run-1_bp-chest_vp-ap_dx,sub-S09855,unet,1002,0.9464285714288667,0.8983050847468267,9.486832980505138,1.8873228171397833,predictions/masks/qata_test_sub-S09855_ses-E24007_run-1_bp-chest_vp-ap_dx.png,predictions/probabilities/qata_test_sub-S09855_ses-E24007_run-1_bp-chest_vp-ap_dx.npy
qata_test_sub-S09855_ses-E24446_run-1_bp-chest_vp-ap_dx,sub-S09855,unet,1002,0.857722399305374,0.7508878741780731,15.620499351813308,2.2226583734703236,predictions/masks/qata_test_sub-S09855_ses-E24446_run-1_bp-chest_vp-ap_dx.png,predictions/probabilities/qata_test_sub-S09855_ses-E24446_run-1_bp-chest_vp-ap_dx.npy
qata_test_sub-S09855_ses-E26448_run-1_bp-chest_vp-ap_dx,sub-S09855,unet,1002,0.8933847996812633,0.8073129660836261,33.03623104157837,4.4496645123122205,predictions/masks/qata_test_sub-S09855_ses-E26448_run-1_bp-chest_vp-ap_dx.png,predictions/probabilities/qata_test_sub-S09855_ses-E26448_run-1_bp-chest_vp-ap_dx.npy
qata_test_sub-S09856_ses-E23543_run-1_bp-chest_vp-ap_dx,sub-S09856,unet,1002,0.8671808054955286,0.7655068079023439,3.146049894151538,1.3537465958483383,predictions/masks/qata_test_sub-S09856_ses-E23543_run-1_bp-chest_vp-ap_dx.png,predictions/probabilities/qata_test_sub-S09856_ses-E23543_run-1_bp-chest_vp-ap_dx.npy
qata_test_sub-S09856_ses-E24014_run-1_bp-chest_vp-ap_dx,sub-S09856,unet,1002,0.6624133148498637,0.4952301949607952,39.62118751972838,6.6121128042676895,predictions/masks/qata_test_sub-S09856_ses-E24014_run-1_bp-chest_vp-ap_dx.png,predictions/probabilities/qata_test_sub-S09856_ses-E24014_run-1_bp-chest_vp-ap_dx.npy
qata_test_sub-S09857_ses-E16912_run-1_bp-chest_vp-pa_dx,sub-S09857,unet,1002,0.7695665731284825,0.6254434870945036,16.620724072131644,4.079166232233676,predictions/masks/qata_test_sub-S09857_ses-E16912_run-1_bp-chest_vp-pa_dx.png,predictions/probabilities/qata_test_sub-S09857_ses-E16912_run-1_bp-chest_vp-pa_dx.npy
qata_test_sub-S09858_ses-E16913_run-1_bp-chest_vp-pa_dx,sub-S09858,unet,1002,0.4586826347467461,0.2975912976185862,123.68993485450909,37.365703319324794,predictions/masks/qata_test_sub-S09858_ses-E16913_run-1_bp-chest_vp-pa_dx.png,predictions/probabilities/qata_test_sub-S09858_ses-E16913_run-1_bp-chest_vp-pa_dx.npy
qata_test_sub-S09859_ses-E20380_run-1_bp-chest_vp-ap_dx,sub-S09859,unet,1002,0.8894901737412491,0.8009746088791748,7.106076496631101,2.1523134563055977,predictions/masks/qata_test_sub-S09859_ses-E20380_run-1_bp-chest_vp-ap_dx.png,predictions/probabilities/qata_test_sub-S09859_ses-E20380_run-1_bp-chest_vp-ap_dx.npy
qata_test_sub-S09859_ses-E20902_run-1_bp-chest_vp-pa_cr,sub-S09859,unet,1002,0.5301886792896048,0.3607188704286626,75.71417028929162,19.737655320888425,predictions/masks/qata_test_sub-S09859_ses-E20902_run-1_bp-chest_vp-pa_cr.png,predictions/probabilities/qata_test_sub-S09859_ses-E20902_run-1_bp-chest_vp-pa_cr.npy
qata_test_sub-S09862_ses-E23580_run-1_bp-chest_vp-pa_cr,sub-S09862,unet,1002,0.6561514195692065,0.48826291082214734,90.0,17.542848013918523,predictions/masks/qata_test_sub-S09862_ses-E23580_run-1_bp-chest_vp-pa_cr.png,predictions/probabilities/qata_test_sub-S09862_ses-E23580_run-1_bp-chest_vp-pa_cr.npy
qata_test_sub-S09862_ses-E25723_run-1_bp-chest_vp-pa_cr,sub-S09862,unet,1002,0.8154690857050497,0.6884320838497207,10.0,2.576828749324174,predictions/masks/qata_test_sub-S09862_ses-E25723_run-1_bp-chest_vp-pa_cr.png,predictions/probabilities/qata_test_sub-S09862_ses-E25723_run-1_bp-chest_vp-pa_cr.npy
qata_test_sub-S09863_ses-E24684_run-1_bp-chest_vp-ap_cr,sub-S09863,unet,1002,0.38168427795767906,0.23585278989964967,19.1049731745428,7.145480645658659,predictions/masks/qata_test_sub-S09863_ses-E24684_run-1_bp-chest_vp-ap_cr.png,predictions/probabilities/qata_test_sub-S09863_ses-E24684_run-1_bp-chest_vp-ap_cr.npy
qata_test_sub-S09863_ses-E26073_run-1_bp-chest_vp-ap_cr,sub-S09863,unet,1002,0.18740107631568848,0.10338805451961622,98.77448640264132,38.24650962835293,predictions/masks/qata_test_sub-S09863_ses-E26073_run-1_bp-chest_vp-ap_cr.png,predictions/probabilities/qata_test_sub-S09863_ses-E26073_run-1_bp-chest_vp-ap_cr.npy
qata_test_sub-S09864_ses-E16922_run-1_bp-chest_vp-ap_dx,sub-S09864,unet,1002,0.7659873506730853,0.620728929399365,12.041594578792296,2.976976393244115,predictions/masks/qata_test_sub-S09864_ses-E16922_run-1_bp-chest_vp-ap_dx.png,predictions/probabilities/qata_test_sub-S09864_ses-E16922_run-1_bp-chest_vp-ap_dx.npy
qata_test_sub-S09864_ses-E17014_run-1_bp-chest_vp-ap_cr,sub-S09864,unet,1002,0.8578088578130009,0.7510204081759684,7.7310411741047185,3.563308800150762,predictions/masks/qata_test_sub-S09864_ses-E17014_run-1_bp-chest_vp-ap_cr.png,predictions/probabilities/qata_test_sub-S09864_ses-E17014_run-1_bp-chest_vp-ap_cr.npy
qata_test_sub-S09864_ses-E18393_run-1_bp-chest_vp-ap_cr,sub-S09864,unet,1002,0.8740915584826754,0.7763433741611349,11.0,2.513792538359966,predictions/masks/qata_test_sub-S09864_ses-E18393_run-1_bp-chest_vp-ap_cr.png,predictions/probabilities/qata_test_sub-S09864_ses-E18393_run-1_bp-chest_vp-ap_cr.npy
qata_test_sub-S09864_ses-E19382_run-1_bp-chest_vp-ap_cr,sub-S09864,unet,1002,0.8537217627471457,0.7447770837875344,62.09790023686101,7.677206881237883,predictions/masks/qata_test_sub-S09864_ses-E19382_run-1_bp-chest_vp-ap_cr.png,predictions/probabilities/qata_test_sub-S09864_ses-E19382_run-1_bp-chest_vp-ap_cr.npy
qata_test_sub-S09864_ses-E19388_run-2_bp-chest_vp-ap_dx,sub-S09864,unet,1002,0.9016018306648665,0.8208333333374807,5.0,1.631966454805391,predictions/masks/qata_test_sub-S09864_ses-E19388_run-2_bp-chest_vp-ap_dx.png,predictions/probabilities/qata_test_sub-S09864_ses-E19388_run-2_bp-chest_vp-ap_dx.npy
qata_test_sub-S09864_ses-E21338_run-1_bp-chest_vp-ap_cr,sub-S09864,unet,1002,0.9076648841371183,0.8309399477861965,8.06225774829855,1.6144151043615058,predictions/masks/qata_test_sub-S09864_ses-E21338_run-1_bp-chest_vp-ap_cr.png,predictions/probabilities/qata_test_sub-S09864_ses-E21338_run-1_bp-chest_vp-ap_cr.npy
qata_test_sub-S09864_ses-E24984_run-1_bp-chest_vp-ap_cr,sub-S09864,unet,1002,0.9366158368550639,0.8807878369053121,8.48528137423857,1.579434872302353,predictions/masks/qata_test_sub-S09864_ses-E24984_run-1_bp-chest_vp-ap_cr.png,predictions/probabilities/qata_test_sub-S09864_ses-E24984_run-1_bp-chest_vp-ap_cr.npy
qata_test_sub-S09864_ses-E25753_run-1_bp-chest_vp-ap_dx,sub-S09864,unet,1002,0.9458141067899547,0.8971985993005069,13.0,2.0410890189147524,predictions/masks/qata_test_sub-S09864_ses-E25753_run-1_bp-chest_vp-ap_dx.png,predictions/probabilities/qata_test_sub-S09864_ses-E25753_run-1_bp-chest_vp-ap_dx.npy
qata_test_sub-S09864_ses-E26074_run-1_bp-chest_vp-ap_cr,sub-S09864,unet,1002,0.5732004429726112,0.40173859050913163,71.449282711585,13.659694363507905,predictions/masks/qata_test_sub-S09864_ses-E26074_run-1_bp-chest_vp-ap_cr.png,predictions/probabilities/qata_test_sub-S09864_ses-E26074_run-1_bp-chest_vp-ap_cr.npy
qata_test_sub-S09865_ses-E16923_run-1_bp-chest_vp-ap_dx,sub-S09865,unet,1002,0.28413068846895767,0.16558993542449543,34.48543489116789,10.354404673538186,predictions/masks/qata_test_sub-S09865_ses-E16923_run-1_bp-chest_vp-ap_dx.png,predictions/probabilities/qata_test_sub-S09865_ses-E16923_run-1_bp-chest_vp-ap_dx.npy
qata_test_sub-S09866_ses-E16930_run-1_bp-chest_vp-ap_dx,sub-S09866,unet,1002,0.793900330140011,0.6582377476627154,14.212670403551895,3.532093561115802,predictions/masks/qata_test_sub-S09866_ses-E16930_run-1_bp-chest_vp-ap_dx.png,predictions/probabilities/qata_test_sub-S09866_ses-E16930_run-1_bp-chest_vp-ap_dx.npy
qata_test_sub-S09866_ses-E18408_run-1_bp-chest_vp-ap_cr,sub-S09866,unet,1002,0.8719832109137462,0.7730232558165927,28.231188426986208,4.770414874188804,predictions/masks/qata_test_sub-S09866_ses-E18408_run-1_bp-chest_vp-ap_cr.png,predictions/probabilities/qata_test_sub-S09866_ses-E18408_run-1_bp-chest_vp-ap_cr.npy
qata_test_sub-S09866_ses-E18931_run-1_bp-chest_vp-ap_dx,sub-S09866,unet,1002,0.9522595268455004,0.9088696592765161,3.4504055101104654,1.0649435224596175,predictions/masks/qata_test_sub-S09866_ses-E18931_run-1_bp-chest_vp-ap_dx.png,predictions/probabilities/qata_test_sub-S09866_ses-E18931_run-1_bp-chest_vp-ap_dx.npy
qata_test_sub-S09866_ses-E21137_run-1_bp-chest_vp-ap_cr,sub-S09866,unet,1002,0.8498199534028845,0.738858195221405,12.951116835424394,2.515278496367665,predictions/masks/qata_test_sub-S09866_ses-E21137_run-1_bp-chest_vp-ap_cr.png,predictions/probabilities/qata_test_sub-S09866_ses-E21137_run-1_bp-chest_vp-ap_cr.npy
qata_test_sub-S09866_ses-E21346_run-1_bp-chest_vp-ap_cr,sub-S09866,unet,1002,0.7949619215057129,0.6596985901964173,8.06225774829855,2.271123876149074,predictions/masks/qata_test_sub-S09866_ses-E21346_run-1_bp-chest_vp-ap_cr.png,predictions/probabilities/qata_test_sub-S09866_ses-E21346_run-1_bp-chest_vp-ap_cr.npy
qata_test_sub-S09866_ses-E24490_acq-1_run-1_bp-chest_vp-ll_dx,sub-S09866,unet,1002,0.8504838489866364,0.7398624614716656,9.027692569068709,1.8989497226678238,predictions/masks/qata_test_sub-S09866_ses-E24490_acq-1_run-1_bp-chest_vp-ll_dx.png,predictions/probabilities/qata_test_sub-S09866_ses-E24490_acq-1_run-1_bp-chest_vp-ll_dx.npy
qata_test_sub-S09866_ses-E26092_run-1_bp-chest_vp-ap_cr,sub-S09866,unet,1002,0.9101933571386499,0.8351879327418993,6.0,2.0169372994038985,predictions/masks/qata_test_sub-S09866_ses-E26092_run-1_bp-chest_vp-ap_cr.png,predictions/probabilities/qata_test_sub-S09866_ses-E26092_run-1_bp-chest_vp-ap_cr.npy
qata_test_sub-S09866_ses-E26486_run-1_bp-chest_vp-ap_dx,sub-S09866,unet,1002,0.9697990475085968,0.9413688127191187,2.0,0.7334973380425343,predictions/masks/qata_test_sub-S09866_ses-E26486_run-1_bp-chest_vp-ap_dx.png,predictions/probabilities/qata_test_sub-S09866_ses-E26486_run-1_bp-chest_vp-ap_dx.npy
qata_test_sub-S09867_ses-E18410_run-1_bp-chest_vp-ap_dx,sub-S09867,unet,1002,0.7128712871305122,0.5538461538504981,36.834727746183106,11.189886140383477,predictions/masks/qata_test_sub-S09867_ses-E18410_run-1_bp-chest_vp-ap_dx.png,predictions/probabilities/qata_test_sub-S09867_ses-E18410_run-1_bp-chest_vp-ap_dx.npy
qata_test_sub-S09867_ses-E18717_run-1_bp-chest_vp-ap_dx,sub-S09867,unet,1002,0.4852245862960221,0.3203277409418586,96.1974501645949,30.32218287494777,predictions/masks/qata_test_sub-S09867_ses-E18717_run-1_bp-chest_vp-ap_dx.png,predictions/probabilities/qata_test_sub-S09867_ses-E18717_run-1_bp-chest_vp-ap_dx.npy
qata_test_sub-S09867_ses-E19123_run-1_bp-chest_vp-ap_dx,sub-S09867,unet,1002,0.24966799470784415,0.1426403642141839,79.06420806373224,29.72537907244423,predictions/masks/qata_test_sub-S09867_ses-E19123_run-1_bp-chest_vp-ap_dx.png,predictions/probabilities/qata_test_sub-S09867_ses-E19123_run-1_bp-chest_vp-ap_dx.npy
qata_test_sub-S09867_ses-E20190_run-1_bp-chest_vp-ap_dx,sub-S09867,unet,1002,0.41422701592945266,0.26121457491074956,41.44867948826939,16.0958159684174,predictions/masks/qata_test_sub-S09867_ses-E20190_run-1_bp-chest_vp-ap_dx.png,predictions/probabilities/qata_test_sub-S09867_ses-E20190_run-1_bp-chest_vp-ap_dx.npy
qata_test_sub-S09867_ses-E20649_run-1_bp-chest_vp-ap_dx,sub-S09867,unet,1002,0.8264853121769483,0.7042820347761706,28.080229493778493,5.959667285734391,predictions/masks/qata_test_sub-S09867_ses-E20649_run-1_bp-chest_vp-ap_dx.png,predictions/probabilities/qata_test_sub-S09867_ses-E20649_run-1_bp-chest_vp-ap_dx.npy
qata_test_sub-S09867_ses-E20934_run-1_bp-chest_vp-ap_dx,sub-S09867,unet,1002,0.9182528647460408,0.8488609165867489,8.06225774829855,2.164034743124532,predictions/masks/qata_test_sub-S09867_ses-E20934_run-1_bp-chest_vp-ap_dx.png,predictions/probabilities/qata_test_sub-S09867_ses-E20934_run-1_bp-chest_vp-ap_dx.npy
qata_test_sub-S09867_ses-E20935_run-1_bp-chest_vp-ap_dx,sub-S09867,unet,1002,0.8105795410383007,0.6814911707102194,79.23444695694317,17.21153808144902,predictions/masks/qata_test_sub-S09867_ses-E20935_run-1_bp-chest_vp-ap_dx.png,predictions/probabilities/qata_test_sub-S09867_ses-E20935_run-1_bp-chest_vp-ap_dx.npy
qata_test_sub-S09867_ses-E20938_run-1_bp-chest_vp-ap_dx,sub-S09867,unet,1002,0.9129422369119436,0.8398286346069676,33.65110751562005,5.122223796615086,predictions/masks/qata_test_sub-S09867_ses-E20938_run-1_bp-chest_vp-ap_dx.png,predictions/probabilities/qata_test_sub-S09867_ses-E20938_run-1_bp-chest_vp-ap_dx.npy
qata_test_sub-S09867_ses-E21485_run-1_bp-chest_vp-ap_dx,sub-S09867,unet,1002,0.5800885458101931,0.40853853534684137,58.50424137416148,13.438455262064688,predictions/masks/qata_test_sub-S09867_ses-E21485_run-1_bp-chest_vp-ap_dx.png,predictions/probabilities/qata_test_sub-S09867_ses-E21485_run-1_bp-chest_vp-ap_dx.npy
qata_test_sub-S09867_ses-E22009_run-1_bp-chest_vp-ap_dx,sub-S09867,unet,1002,0.3261852662388594,0.19487537041668337,85.32877591996736,35.072798098028706,predictions/masks/qata_test_sub-S09867_ses-E22009_run-1_bp-chest_vp-ap_dx.png,predictions/probabilities/qata_test_sub-S09867_ses-E22009_run-1_bp-chest_vp-ap_dx.npy
qata_test_sub-S09867_ses-E22582_run-1_bp-chest_vp-ap_dx,sub-S09867,unet,1002,0.8023235031295592,0.6699000149280719,91.0823802938856,24.513912481170784,predictions/masks/qata_test_sub-S09867_ses-E22582_run-1_bp-chest_vp-ap_dx.png,predictions/probabilities/qata_test_sub-S09867_ses-E22582_run-1_bp-chest_vp-ap_dx.npy
qata_test_sub-S09867_ses-E22970_run-1_bp-chest_vp-ap_dx,sub-S09867,unet,1002,0.8565844858699896,0.7491454115205214,24.0,3.9783226091090347,predictions/masks/qata_test_sub-S09867_ses-E22970_run-1_bp-chest_vp-ap_dx.png,predictions/probabilities/qata_test_sub-S09867_ses-E22970_run-1_bp-chest_vp-ap_dx.npy
qata_test_sub-S09867_ses-E23304_run-1_bp-chest_vp-ap_dx,sub-S09867,unet,1002,0.2891809909358351,0.16903073290963175,114.50310653673415,32.0887292867582,predictions/masks/qata_test_sub-S09867_ses-E23304_run-1_bp-chest_vp-ap_dx.png,predictions/probabilities/qata_test_sub-S09867_ses-E23304_run-1_bp-chest_vp-ap_dx.npy
qata_test_sub-S09867_ses-E24705_run-1_bp-chest_vp-ap_dx,sub-S09867,unet,1002,0.9528566541227995,0.9099581808689237,5.0,1.1333509695219515,predictions/masks/qata_test_sub-S09867_ses-E24705_run-1_bp-chest_vp-ap_dx.png,predictions/probabilities/qata_test_sub-S09867_ses-E24705_run-1_bp-chest_vp-ap_dx.npy
qata_test_sub-S09867_ses-E24708_run-1_bp-chest_vp-ap_dx,sub-S09867,unet,1002,0.9649934905253509,0.9323549965068854,2.23606797749979,0.7643649488221702,predictions/masks/qata_test_sub-S09867_ses-E24708_run-1_bp-chest_vp-ap_dx.png,predictions/probabilities/qata_test_sub-S09867_ses-E24708_run-1_bp-chest_vp-ap_dx.npy
qata_test_sub-S09867_ses-E26100_run-1_bp-chest_vp-ap_dx,sub-S09867,unet,1002,0.9574930189267298,0.9184523809533517,3.605551275463989,1.0240922959677472,predictions/masks/qata_test_sub-S09867_ses-E26100_run-1_bp-chest_vp-ap_dx.png,predictions/probabilities/qata_test_sub-S09867_ses-E26100_run-1_bp-chest_vp-ap_dx.npy
qata_test_sub-S09867_ses-E26491_run-1_bp-chest_vp-ap_dx,sub-S09867,unet,1002,0.9312596287878273,0.8713618890737045,19.924858845171276,3.0868792776536083,predictions/masks/qata_test_sub-S09867_ses-E26491_run-1_bp-chest_vp-ap_dx.png,predictions/probabilities/qata_test_sub-S09867_ses-E26491_run-1_bp-chest_vp-ap_dx.npy
qata_test_sub-S09868_ses-E16931_run-1_bp-chest_vp-ap_dx,sub-S09868,unet,1002,0.9503045848032198,0.9053145998792713,4.47213595499958,1.131488142486001,predictions/masks/qata_test_sub-S09868_ses-E16931_run-1_bp-chest_vp-ap_dx.png,predictions/probabilities/qata_test_sub-S09868_ses-E16931_run-1_bp-chest_vp-ap_dx.npy
qata_test_sub-S09869_ses-E16934_acq-1_run-1_bp-chest_vp-ll_dx,sub-S09869,unet,1002,0.7091273821610268,0.5493395493745656,12.86437393240599,4.1219080414874085,predictions/masks/qata_test_sub-S09869_ses-E16934_acq-1_run-1_bp-chest_vp-ll_dx.png,predictions/probabilities/qata_test_sub-S09869_ses-E16934_acq-1_run-1_bp-chest_vp-ll_dx.npy
qata_test_sub-S09869_ses-E25395_acq-1_run-1_bp-chest_vp-ll_dx,sub-S09869,unet,1002,0.7700084246062902,0.6260273972773505,93.27110709362773,23.191988111363838,predictions/masks/qata_test_sub-S09869_ses-E25395_acq-1_run-1_bp-chest_vp-ll_dx.png,predictions/probabilities/qata_test_sub-S09869_ses-E25395_acq-1_run-1_bp-chest_vp-ll_dx.npy
qata_test_sub-S09871_ses-E23626_run-1_bp-chest_dx,sub-S09871,unet,1002,0.2691762279325876,0.15551914197593447,125.87255458201295,42.50855543858397,predictions/masks/qata_test_sub-S09871_ses-E23626_run-1_bp-chest_dx.png,predictions/probabilities/qata_test_sub-S09871_ses-E23626_run-1_bp-chest_dx.npy
qata_test_sub-S09871_ses-E24085_run-1_bp-chest_cr,sub-S09871,unet,1002,0.8769115066440404,0.7808035714310178,41.83955553113913,5.810670720120805,predictions/masks/qata_test_sub-S09871_ses-E24085_run-1_bp-chest_cr.png,predictions/probabilities/qata_test_sub-S09871_ses-E24085_run-1_bp-chest_cr.npy
qata_test_sub-S09871_ses-E24509_acq-1_run-1_bp-chest_vp-ap_dx,sub-S09871,unet,1002,0.9172832576418978,0.8472052031308587,11.207013609796087,2.0232145321286934,predictions/masks/qata_test_sub-S09871_ses-E24509_acq-1_run-1_bp-chest_vp-ap_dx.png,predictions/probabilities/qata_test_sub-S09871_ses-E24509_acq-1_run-1_bp-chest_vp-ap_dx.npy
qata_test_sub-S09871_ses-E25198_run-1_bp-chest_vp-ap_dx,sub-S09871,unet,1002,0.753489140310897,0.604478600773758,93.14474757689251,21.974168782974825,predictions/masks/qata_test_sub-S09871_ses-E25198_run-1_bp-chest_vp-ap_dx.png,predictions/probabilities/qata_test_sub-S09871_ses-E25198_run-1_bp-chest_vp-ap_dx.npy
qata_test_sub-S09873_ses-E16940_run-1_bp-chest_vp-ap_dx,sub-S09873,unet,1002,0.837091675451273,0.7198260239318658,9.0,2.5223465047172526,predictions/masks/qata_test_sub-S09873_ses-E16940_run-1_bp-chest_vp-ap_dx.png,predictions/probabilities/qata_test_sub-S09873_ses-E16940_run-1_bp-chest_vp-ap_dx.npy
qata_test_sub-S09873_ses-E18618_run-1_bp-chest_vp-ap_dx,sub-S09873,unet,1002,0.43706563707650453,0.27964426879249893,89.04576987088353,31.8869761402043,predictions/masks/qata_test_sub-S09873_ses-E18618_run-1_bp-chest_vp-ap_dx.png,predictions/probabilities/qata_test_sub-S09873_ses-E18618_run-1_bp-chest_vp-ap_dx.npy
qata_test_sub-S09873_ses-E22180_run-1_bp-chest_vp-ap_dx,sub-S09873,unet,1002,0.7402809539408644,0.5876556016704446,18.867962264113206,4.470662249003444,predictions/masks/qata_test_sub-S09873_ses-E22180_run-1_bp-chest_vp-ap_dx.png,predictions/probabilities/qata_test_sub-S09873_ses-E22180_run-1_bp-chest_vp-ap_dx.npy
qata_test_sub-S09875_ses-E22028_run-1_bp-chest_vp-ap_dx,sub-S09875,unet,1002,5.530973451021516e-11,5.530973451021516e-11,111.48448026554975,68.82202308293877,predictions/masks/qata_test_sub-S09875_ses-E22028_run-1_bp-chest_vp-ap_dx.png,predictions/probabilities/qata_test_sub-S09875_ses-E22028_run-1_bp-chest_vp-ap_dx.npy
qata_test_sub-S09875_ses-E23130_run-1_bp-chest_vp-ap_dx,sub-S09875,unet,1002,0.8960406230707745,0.8116608652435149,12.083045973594572,2.7112805945935627,predictions/masks/qata_test_sub-S09875_ses-E23130_run-1_bp-chest_vp-ap_dx.png,predictions/probabilities/qata_test_sub-S09875_ses-E23130_run-1_bp-chest_vp-ap_dx.npy
qata_test_sub-S09876_ses-E24115_run-1_bp-chest_vp-pa_cr,sub-S09876,unet,1002,0.8860489882869269,0.7954110898710466,76.0,12.444428100632123,predictions/masks/qata_test_sub-S09876_ses-E24115_run-1_bp-chest_vp-pa_cr.png,predictions/probabilities/qata_test_sub-S09876_ses-E24115_run-1_bp-chest_vp-pa_cr.npy
qata_test_sub-S09876_ses-E25409_run-1_bp-chest_vp-ap_cr,sub-S09876,unet,1002,0.7916552292095573,0.655156746941046,17.25540481498164,4.8859994968557325,predictions/masks/qata_test_sub-S09876_ses-E25409_run-1_bp-chest_vp-ap_cr.png,predictions/probabilities/qata_test_sub-S09876_ses-E25409_run-1_bp-chest_vp-ap_cr.npy
qata_test_sub-S09877_ses-E20962_run-1_bp-chest_vp-pa_cr,sub-S09877,unet,1002,1.278772378353098e-10,1.278772378353098e-10,105.11714130251715,94.63405675255083,predictions/masks/qata_test_sub-S09877_ses-E20962_run-1_bp-chest_vp-pa_cr.png,predictions/probabilities/qata_test_sub-S09877_ses-E20962_run-1_bp-chest_vp-pa_cr.npy
qata_test_sub-S09878_ses-E16956_run-1_bp-chest_vp-ap_cr,sub-S09878,unet,1002,0.3636363636734477,0.2222222222776195,144.59283921054222,52.92541629511273,predictions/masks/qata_test_sub-S09878_ses-E16956_run-1_bp-chest_vp-ap_cr.png,predictions/probabilities/qata_test_sub-S09878_ses-E16956_run-1_bp-chest_vp-ap_cr.npy
qata_test_sub-S09878_ses-E22650_run-1_bp-chest_vp-ap_cr,sub-S09878,unet,1002,0.8989616252830793,0.8164671149775878,7.280109889280518,2.1784582855913923,predictions/masks/qata_test_sub-S09878_ses-E22650_run-1_bp-chest_vp-ap_cr.png,predictions/probabilities/qata_test_sub-S09878_ses-E22650_run-1_bp-chest_vp-ap_cr.npy
qata_test_sub-S09879_ses-E16957_run-1_bp-chest_vp-ap_cr,sub-S09879,unet,1002,0.9447537473236034,0.8952922077931521,10.21267769425577,1.8976994043101012,predictions/masks/qata_test_sub-S09879_ses-E16957_run-1_bp-chest_vp-ap_cr.png,predictions/probabilities/qata_test_sub-S09879_ses-E16957_run-1_bp-chest_vp-ap_cr.npy
qata_test_sub-S09879_ses-E17287_run-1_bp-chest_vp-ap_dx,sub-S09879,unet,1002,0.5284595300507331,0.3591199432676281,105.40255116395471,30.447134673628682,predictions/masks/qata_test_sub-S09879_ses-E17287_run-1_bp-chest_vp-ap_dx.png,predictions/probabilities/qata_test_sub-S09879_ses-E17287_run-1_bp-chest_vp-ap_dx.npy
qata_test_sub-S09879_ses-E17929_run-1_bp-chest_vp-ap_cr,sub-S09879,unet,1002,0.7802889515030257,0.6397326255810505,23.399775107201986,5.326507911487769,predictions/masks/qata_test_sub-S09879_ses-E17929_run-1_bp-chest_vp-ap_cr.png,predictions/probabilities/qata_test_sub-S09879_ses-E17929_run-1_bp-chest_vp-ap_cr.npy
qata_test_sub-S09879_ses-E21183_run-1_bp-chest_vp-ap_cr,sub-S09879,unet,1002,0.17942951829589976,0.09855675466001096,153.08347376088173,68.85480435760323,predictions/masks/qata_test_sub-S09879_ses-E21183_run-1_bp-chest_vp-ap_cr.png,predictions/probabilities/qata_test_sub-S09879_ses-E21183_run-1_bp-chest_vp-ap_cr.npy
qata_test_sub-S09879_ses-E22363_run-1_bp-chest_vp-ap_cr,sub-S09879,unet,1002,0.6620847651803135,0.4948630137048084,32.31098884280702,7.350935220874643,predictions/masks/qata_test_sub-S09879_ses-E22363_run-1_bp-chest_vp-ap_cr.png,predictions/probabilities/qata_test_sub-S09879_ses-E22363_run-1_bp-chest_vp-ap_cr.npy
qata_test_sub-S09880_ses-E23349_run-1_bp-chest_vp-pa_cr,sub-S09880,unet,1002,0.7864763752281214,0.6480931719651041,98.1967123405039,20.704094291342756,predictions/masks/qata_test_sub-S09880_ses-E23349_run-1_bp-chest_vp-pa_cr.png,predictions/probabilities/qata_test_sub-S09880_ses-E23349_run-1_bp-chest_vp-pa_cr.npy
qata_test_sub-S09880_ses-E27123_run-2_bp-chest_dx,sub-S09880,unet,1002,0.7164935394041932,0.5582313462472077,94.32390464728961,26.96118504295155,predictions/masks/qata_test_sub-S09880_ses-E27123_run-2_bp-chest_dx.png,predictions/probabilities/qata_test_sub-S09880_ses-E27123_run-2_bp-chest_dx.npy
qata_test_sub-S09884_ses-E23142_run-1_bp-chest_vp-ap_cr,sub-S09884,unet,1002,0.6245694603957438,0.45409015026180943,73.6992114276282,16.109361933622974,predictions/masks/qata_test_sub-S09884_ses-E23142_run-1_bp-chest_vp-ap_cr.png,predictions/probabilities/qata_test_sub-S09884_ses-E23142_run-1_bp-chest_vp-ap_cr.npy
qata_test_sub-S09885_ses-E23841_run-2_bp-chest_vp-pa_dx,sub-S09885,unet,1002,0.8663466005905784,0.7642076502796664,10.926661530556771,2.407645361424938,predictions/masks/qata_test_sub-S09885_ses-E23841_run-2_bp-chest_vp-pa_dx.png,predictions/probabilities/qata_test_sub-S09885_ses-E23841_run-2_bp-chest_vp-pa_dx.npy
qata_test_sub-S09886_ses-E22216_run-1_bp-chest_vp-ap_cr,sub-S09886,unet,1002,0.7475979305294236,0.5969312481676916,27.745156072773167,6.385195558255271,predictions/masks/qata_test_sub-S09886_ses-E22216_run-1_bp-chest_vp-ap_cr.png,predictions/probabilities/qata_test_sub-S09886_ses-E22216_run-1_bp-chest_vp-ap_cr.npy
qata_test_sub-S09887_ses-E25027_run-1_bp-chest_vp-ap_dx,sub-S09887,unet,1002,0.8427569129187975,0.7282453637688174,101.4352894310731,16.623372247141152,predictions/masks/qata_test_sub-S09887_ses-E25027_run-1_bp-chest_vp-ap_dx.png,predictions/probabilities/qata_test_sub-S09887_ses-E25027_run-1_bp-chest_vp-ap_dx.npy
qata_test_sub-S09887_ses-E25275_run-1_bp-chest_vp-ap_dx,sub-S09887,unet,1002,0.8431456079079566,0.7288260421309644,33.0,5.622037901283926,predictions/masks/qata_test_sub-S09887_ses-E25275_run-1_bp-chest_vp-ap_dx.png,predictions/probabilities/qata_test_sub-S09887_ses-E25275_run-1_bp-chest_vp-ap_dx.npy
qata_test_sub-S09887_ses-E26243_run-1_bp-chest_vp-ap_dx,sub-S09887,unet,1002,0.864845773487963,0.7618751296436229,40.286466509943764,7.0686319720890545,predictions/masks/qata_test_sub-S09887_ses-E26243_run-1_bp-chest_vp-ap_dx.png,predictions/probabilities/qata_test_sub-S09887_ses-E26243_run-1_bp-chest_vp-ap_dx.npy
qata_test_sub-S09889_ses-E16972_run-1_bp-chest_vp-ap_dx,sub-S09889,unet,1002,0.6236807095377057,0.4531511792827278,69.94421161084848,15.703374936304233,predictions/masks/qata_test_sub-S09889_ses-E16972_run-1_bp-chest_vp-ap_dx.png,predictions/probabilities/qata_test_sub-S09889_ses-E16972_run-1_bp-chest_vp-ap_dx.npy
qata_test_sub-S09891_ses-E25047_run-1_bp-chest_cr,sub-S09891,unet,1002,0.5874956339648099,0.41592482693294136,87.50730212199096,25.51136836031753,predictions/masks/qata_test_sub-S09891_ses-E25047_run-1_bp-chest_cr.png,predictions/probabilities/qata_test_sub-S09891_ses-E25047_run-1_bp-chest_cr.npy
qata_test_sub-S09892_ses-E25043_run-1_bp-chest_vp-ap_cr,sub-S09892,unet,1002,2.2573363426055672e-10,2.2573363426055672e-10,39.63266716044144,32.13292580903727,predictions/masks/qata_test_sub-S09892_ses-E25043_run-1_bp-chest_vp-ap_cr.png,predictions/probabilities/qata_test_sub-S09892_ses-E25043_run-1_bp-chest_vp-ap_cr.npy
qata_test_sub-S09893_ses-E16978_acq-1_run-1_bp-chest_vp-pa_cr,sub-S09893,unet,1002,0.717772035609596,0.5597850425633774,13.038404810405298,3.5291740917073686,predictions/masks/qata_test_sub-S09893_ses-E16978_acq-1_run-1_bp-chest_vp-pa_cr.png,predictions/probabilities/qata_test_sub-S09893_ses-E16978_acq-1_run-1_bp-chest_vp-pa_cr.npy
qata_test_sub-S09899_ses-E16994_run-1_bp-chest_vp-pa_dx,sub-S09899,unet,1002,1.5389350569169138e-11,1.5389350569169138e-11,316.7838379715733,316.7838379715733,predictions/masks/qata_test_sub-S09899_ses-E16994_run-1_bp-chest_vp-pa_dx.png,predictions/probabilities/qata_test_sub-S09899_ses-E16994_run-1_bp-chest_vp-pa_dx.npy
qata_test_sub-S09903_ses-E17002_acq-1_run-1_bp-chest_vp-pa_cr,sub-S09903,unet,1002,0.40149812738565555,0.2511715089736484,12.727922061357855,5.096254295018116,predictions/masks/qata_test_sub-S09903_ses-E17002_acq-1_run-1_bp-chest_vp-pa_cr.png,predictions/probabilities/qata_test_sub-S09903_ses-E17002_acq-1_run-1_bp-chest_vp-pa_cr.npy
qata_test_sub-S09904_ses-E17003_run-1_bp-chest_vp-pa_dx,sub-S09904,unet,1002,0.7539041464761187,0.6050129645720611,13.921199419637254,3.7381097491675566,predictions/masks/qata_test_sub-S09904_ses-E17003_run-1_bp-chest_vp-pa_dx.png,predictions/probabilities/qata_test_sub-S09904_ses-E17003_run-1_bp-chest_vp-pa_dx.npy
qata_test_sub-S09904_ses-E21080_run-1_bp-chest_vp-ap_dx,sub-S09904,unet,1002,0.9732761008032866,0.9479433580586926,2.0,0.5749767262350804,predictions/masks/qata_test_sub-S09904_ses-E21080_run-1_bp-chest_vp-ap_dx.png,predictions/probabilities/qata_test_sub-S09904_ses-E21080_run-1_bp-chest_vp-ap_dx.npy
qata_test_sub-S09904_ses-E26036_run-1_bp-chest_vp-pa_dx,sub-S09904,unet,1002,0.8628982163469439,0.7588574996135655,17.073352209457894,3.230170911550643,predictions/masks/qata_test_sub-S09904_ses-E26036_run-1_bp-chest_vp-pa_dx.png,predictions/probabilities/qata_test_sub-S09904_ses-E26036_run-1_bp-chest_vp-pa_dx.npy
qata_test_sub-S09905_ses-E17004_run-1_bp-chest_cr,sub-S09905,unet,1002,0.9615560940470131,0.9259586276497734,3.0,0.9490435962396816,predictions/masks/qata_test_sub-S09905_ses-E17004_run-1_bp-chest_cr.png,predictions/probabilities/qata_test_sub-S09905_ses-E17004_run-1_bp-chest_cr.npy
qata_test_sub-S09905_ses-E17081_run-1_bp-chest_vp-ap_dx,sub-S09905,unet,1002,0.9642796103232252,0.9310231023109898,2.23606797749979,0.8527393247512127,predictions/masks/qata_test_sub-S09905_ses-E17081_run-1_bp-chest_vp-ap_dx.png,predictions/probabilities/qata_test_sub-S09905_ses-E17081_run-1_bp-chest_vp-ap_dx.npy
qata_test_sub-S09905_ses-E17164_run-1_bp-chest_cr,sub-S09905,unet,1002,0.9643396658275837,0.9311350777941024,3.1622776601683795,1.0061333780398856,predictions/masks/qata_test_sub-S09905_ses-E17164_run-1_bp-chest_cr.png,predictions/probabilities/qata_test_sub-S09905_ses-E17164_run-1_bp-chest_cr.npy
qata_test_sub-S09905_ses-E17464_run-1_bp-chest_cr,sub-S09905,unet,1002,0.9594209776936437,0.9220068415060203,3.605551275463989,1.018591365924526,predictions/masks/qata_test_sub-S09905_ses-E17464_run-1_bp-chest_cr.png,predictions/probabilities/qata_test_sub-S09905_ses-E17464_run-1_bp-chest_cr.npy
qata_test_sub-S09905_ses-E17532_run-1_bp-chest_vp-ap_dx,sub-S09905,unet,1002,0.9674867103475863,0.9370210727976889,3.0,0.7633134020413339,predictions/masks/qata_test_sub-S09905_ses-E17532_run-1_bp-chest_vp-ap_dx.png,predictions/probabilities/qata_test_sub-S09905_ses-E17532_run-1_bp-chest_vp-ap_dx.npy
qata_test_sub-S09905_ses-E17699_run-1_bp-chest_vp-ap_dx,sub-S09905,unet,1002,0.7234854041387452,0.5667662606347188,32.51529826450038,5.9093564267338285,predictions/masks/qata_test_sub-S09905_ses-E17699_run-1_bp-chest_vp-ap_dx.png,predictions/probabilities/qata_test_sub-S09905_ses-E17699_run-1_bp-chest_vp-ap_dx.npy
qata_test_sub-S09905_ses-E17993_run-1_bp-chest_vp-ap_dx,sub-S09905,unet,1002,0.9044140217330443,0.8255071164426144,13.45362404707371,2.8921870624354105,predictions/masks/qata_test_sub-S09905_ses-E17993_run-1_bp-chest_vp-ap_dx.png,predictions/probabilities/qata_test_sub-S09905_ses-E17993_run-1_bp-chest_vp-ap_dx.npy
qata_test_sub-S09905_ses-E18575_run-1_bp-chest_cr,sub-S09905,unet,1002,0.8619309944919575,0.7573626821587958,23.997552248549486,3.538894135307681,predictions/masks/qata_test_sub-S09905_ses-E18575_run-1_bp-chest_cr.png,predictions/probabilities/qata_test_sub-S09905_ses-E18575_run-1_bp-chest_cr.npy
qata_test_sub-S09905_ses-E18883_run-1_bp-chest_cr,sub-S09905,unet,1002,0.8231565209293225,0.699461343475131,31.26152632458392,5.926523968654551,predictions/masks/qata_test_sub-S09905_ses-E18883_run-1_bp-chest_cr.png,predictions/probabilities/qata_test_sub-S09905_ses-E18883_run-1_bp-chest_cr.npy
qata_test_sub-S09905_ses-E19793_run-1_bp-chest_cr,sub-S09905,unet,1002,0.9367056750977866,0.8809467455630695,10.44030650891055,1.9699335107431577,predictions/masks/qata_test_sub-S09905_ses-E19793_run-1_bp-chest_cr.png,predictions/probabilities/qata_test_sub-S09905_ses-E19793_run-1_bp-chest_cr.npy
qata_test_sub-S09905_ses-E20381_run-1_bp-chest_cr,sub-S09905,unet,1002,0.9620382818003839,0.926853336623574,4.036931687685293,1.8239448196716594,predictions/masks/qata_test_sub-S09905_ses-E20381_run-1_bp-chest_cr.png,predictions/probabilities/qata_test_sub-S09905_ses-E20381_run-1_bp-chest_cr.npy
qata_test_sub-S09905_ses-E20588_acq-1_run-1_bp-chest_vp-ap_dx,sub-S09905,unet,1002,0.9635164321991506,0.929601261546186,3.1622776601683795,0.9010051659270643,predictions/masks/qata_test_sub-S09905_ses-E20588_acq-1_run-1_bp-chest_vp-ap_dx.png,predictions/probabilities/qata_test_sub-S09905_ses-E20588_acq-1_run-1_bp-chest_vp-ap_dx.npy
qata_test_sub-S09905_ses-E20588_acq-3_run-1_bp-chest_vp-ap_dx,sub-S09905,unet,1002,0.9622062123540676,0.9271651303069629,2.8284271247461903,0.9408904192923503,predictions/masks/qata_test_sub-S09905_ses-E20588_acq-3_run-1_bp-chest_vp-ap_dx.png,predictions/probabilities/qata_test_sub-S09905_ses-E20588_acq-3_run-1_bp-chest_vp-ap_dx.npy
qata_test_sub-S09905_ses-E21301_run-1_bp-chest_cr,sub-S09905,unet,1002,0.9695919604956701,0.9409786446953003,2.8284271247461903,0.8725822774290185,predictions/masks/qata_test_sub-S09905_ses-E21301_run-1_bp-chest_cr.png,predictions/probabilities/qata_test_sub-S09905_ses-E21301_run-1_bp-chest_cr.npy
qata_test_sub-S09905_ses-E21788_run-1_bp-chest_cr,sub-S09905,unet,1002,0.9701964326034086,0.9421179565888904,3.605551275463989,1.0608021746635277,predictions/masks/qata_test_sub-S09905_ses-E21788_run-1_bp-chest_cr.png,predictions/probabilities/qata_test_sub-S09905_ses-E21788_run-1_bp-chest_cr.npy
qata_test_sub-S09905_ses-E21791_run-1_bp-chest_cr,sub-S09905,unet,1002,0.9599464465025106,0.9229779017386508,4.123105625617661,1.0357029340456594,predictions/masks/qata_test_sub-S09905_ses-E21791_run-1_bp-chest_cr.png,predictions/probabilities/qata_test_sub-S09905_ses-E21791_run-1_bp-chest_cr.npy
qata_test_sub-S09905_ses-E22936_run-1_bp-chest_cr,sub-S09905,unet,1002,0.8710361971753409,0.7715359828166322,31.127154456872134,5.378747572163995,predictions/masks/qata_test_sub-S09905_ses-E22936_run-1_bp-chest_cr.png,predictions/probabilities/qata_test_sub-S09905_ses-E22936_run-1_bp-chest_cr.npy
qata_test_sub-S09905_ses-E23245_run-1_bp-chest_cr,sub-S09905,unet,1002,0.9021930109982287,0.8218138707786388,11.0,2.15174884290444,predictions/masks/qata_test_sub-S09905_ses-E23245_run-1_bp-chest_cr.png,predictions/probabilities/qata_test_sub-S09905_ses-E23245_run-1_bp-chest_cr.npy
qata_test_sub-S09905_ses-E26721_run-1_bp-chest_vp-ap_dx,sub-S09905,unet,1002,0.8140334242051198,0.6863881671060086,15.026549190084303,4.184062768293057,predictions/masks/qata_test_sub-S09905_ses-E26721_run-1_bp-chest_vp-ap_dx.png,predictions/probabilities/qata_test_sub-S09905_ses-E26721_run-1_bp-chest_vp-ap_dx.npy
qata_test_sub-S09906_ses-E20591_run-1_bp-chest_vp-ap_dx,sub-S09906,unet,1002,0.8800400343159849,0.7857781182205313,15.877402395547215,2.438354974878548,predictions/masks/qata_test_sub-S09906_ses-E20591_run-1_bp-chest_vp-ap_dx.png,predictions/probabilities/qata_test_sub-S09906_ses-E20591_run-1_bp-chest_vp-ap_dx.npy
qata_test_sub-S09906_ses-E23548_run-1_bp-chest_vp-ap_dx,sub-S09906,unet,1002,0.9670832817722615,0.9362645261778331,3.0,0.7767256457950346,predictions/masks/qata_test_sub-S09906_ses-E23548_run-1_bp-chest_vp-ap_dx.png,predictions/probabilities/qata_test_sub-S09906_ses-E23548_run-1_bp-chest_vp-ap_dx.npy
qata_test_sub-S09907_ses-E22937_acq-1_run-1_bp-chest_vp-pa_dx,sub-S09907,unet,1002,0.8279457768544746,0.7064056939606262,8.54400374531753,2.4993791264187517,predictions/masks/qata_test_sub-S09907_ses-E22937_acq-1_run-1_bp-chest_vp-pa_dx.png,predictions/probabilities/qata_test_sub-S09907_ses-E22937_acq-1_run-1_bp-chest_vp-pa_dx.npy
qata_test_sub-S09909_ses-E25133_run-1_bp-chest_vp-ap_dx,sub-S09909,unet,1002,0.9748355073301694,0.9509064294566951,2.0,0.6279399933339327,predictions/masks/qata_test_sub-S09909_ses-E25133_run-1_bp-chest_vp-ap_dx.png,predictions/probabilities/qata_test_sub-S09909_ses-E25133_run-1_bp-chest_vp-ap_dx.npy
qata_test_sub-S09909_ses-E25370_run-1_bp-chest_vp-ap_dx,sub-S09909,unet,1002,0.9776519841973133,0.9562810012693934,1.4142135623730951,0.5542506087043223,predictions/masks/qata_test_sub-S09909_ses-E25370_run-1_bp-chest_vp-ap_dx.png,predictions/probabilities/qata_test_sub-S09909_ses-E25370_run-1_bp-chest_vp-ap_dx.npy
qata_test_sub-S09911_ses-E17017_acq-1_run-1_bp-chest_vp-ll_dx,sub-S09911,unet,1002,0.5714285714359478,0.40000000001445785,51.746931627812465,11.027158304575957,predictions/masks/qata_test_sub-S09911_ses-E17017_acq-1_run-1_bp-chest_vp-ll_dx.png,predictions/probabilities/qata_test_sub-S09911_ses-E17017_acq-1_run-1_bp-chest_vp-ll_dx.npy
qata_test_sub-S09912_ses-E17018_run-1_bp-chest_vp-pa_cr,sub-S09912,unet,1002,0.37976975812469577,0.23439246368777916,61.414132441714706,17.956388469999688,predictions/masks/qata_test_sub-S09912_ses-E17018_run-1_bp-chest_vp-pa_cr.png,predictions/probabilities/qata_test_sub-S09912_ses-E17018_run-1_bp-chest_vp-pa_cr.npy
qata_test_sub-S09913_ses-E17020_run-1_bp-chest_vp-ap_cr,sub-S09913,unet,1002,0.42579666161721097,0.27048390207691375,50.481392752049494,15.643826061191906,predictions/masks/qata_test_sub-S09913_ses-E17020_run-1_bp-chest_vp-ap_cr.png,predictions/probabilities/qata_test_sub-S09913_ses-E17020_run-1_bp-chest_vp-ap_cr.npy
qata_test_sub-S09914_ses-E17021_run-1_bp-chest_vp-ap_dx,sub-S09914,unet,1002,0.6919816624886084,0.5290305515205789,43.01162633521314,9.106889154001268,predictions/masks/qata_test_sub-S09914_ses-E17021_run-1_bp-chest_vp-ap_dx.png,predictions/probabilities/qata_test_sub-S09914_ses-E17021_run-1_bp-chest_vp-ap_dx.npy
qata_test_sub-S09914_ses-E25537_run-1_bp-chest_vp-ap_dx,sub-S09914,unet,1002,0.48509430136919296,0.3202141901119086,47.047823678633236,13.755690810405289,predictions/masks/qata_test_sub-S09914_ses-E25537_run-1_bp-chest_vp-ap_dx.png,predictions/probabilities/qata_test_sub-S09914_ses-E25537_run-1_bp-chest_vp-ap_dx.npy
qata_test_sub-S09916_ses-E17024_run-1_bp-chest_vp-pa_dx,sub-S09916,unet,1002,0.9401072705606369,0.8869834129900621,8.54400374531753,2.1956267802719713,predictions/masks/qata_test_sub-S09916_ses-E17024_run-1_bp-chest_vp-pa_dx.png,predictions/probabilities/qata_test_sub-S09916_ses-E17024_run-1_bp-chest_vp-pa_dx.npy
qata_test_sub-S09917_ses-E21838_run-1_bp-chest_vp-ap_dx,sub-S09917,unet,1002,1.639344262026337e-10,1.639344262026337e-10,114.10959105460446,72.94417613293005,predictions/masks/qata_test_sub-S09917_ses-E21838_run-1_bp-chest_vp-ap_dx.png,predictions/probabilities/qata_test_sub-S09917_ses-E21838_run-1_bp-chest_vp-ap_dx.npy
qata_test_sub-S09918_ses-E17032_run-1_bp-chest_vp-ap_cr,sub-S09918,unet,1002,0.8512960436663509,0.7410926366103215,85.57683123301456,11.675392582080459,predictions/masks/qata_test_sub-S09918_ses-E17032_run-1_bp-chest_vp-ap_cr.png,predictions/probabilities/qata_test_sub-S09918_ses-E17032_run-1_bp-chest_vp-ap_cr.npy
qata_test_sub-S09918_ses-E22984_run-1_bp-chest_vp-ap_cr,sub-S09918,unet,1002,0.897595034911578,0.8142153413115522,8.54400374531753,2.3305265248421243,predictions/masks/qata_test_sub-S09918_ses-E22984_run-1_bp-chest_vp-ap_cr.png,predictions/probabilities/qata_test_sub-S09918_ses-E22984_run-1_bp-chest_vp-ap_cr.npy
qata_test_sub-S09919_ses-E19455_run-1_bp-chest_vp-ap_cr,sub-S09919,unet,1002,0.6767141887348715,0.5113892879230169,23.0,5.1639238149260756,predictions/masks/qata_test_sub-S09919_ses-E19455_run-1_bp-chest_vp-ap_cr.png,predictions/probabilities/qata_test_sub-S09919_ses-E19455_run-1_bp-chest_vp-ap_cr.npy
qata_test_sub-S09919_ses-E19698_run-1_bp-chest_vp-ap_dx,sub-S09919,unet,1002,0.4148706896656812,0.26172671653610413,37.129499579657754,12.232295510067603,predictions/masks/qata_test_sub-S09919_ses-E19698_run-1_bp-chest_vp-ap_dx.png,predictions/probabilities/qata_test_sub-S09919_ses-E19698_run-1_bp-chest_vp-ap_dx.npy
qata_test_sub-S09919_ses-E25231_acq-1_run-1_bp-chest_vp-pa_dx,sub-S09919,unet,1002,0.5958152061405466,0.4243139569364322,29.576267222294604,7.3511279414818596,predictions/masks/qata_test_sub-S09919_ses-E25231_acq-1_run-1_bp-chest_vp-pa_dx.png,predictions/probabilities/qata_test_sub-S09919_ses-E25231_acq-1_run-1_bp-chest_vp-pa_dx.npy
qata_test_sub-S09920_ses-E17037_acq-1_run-1_bp-chest_vp-ll_dx,sub-S09920,unet,1002,0.11751904248544509,0.06242774571893481,119.55374240616658,40.704025925093916,predictions/masks/qata_test_sub-S09920_ses-E17037_acq-1_run-1_bp-chest_vp-ll_dx.png,predictions/probabilities/qata_test_sub-S09920_ses-E17037_acq-1_run-1_bp-chest_vp-ll_dx.npy
qata_test_sub-S09921_ses-E17039_run-1_bp-chest_vp-ap_cr,sub-S09921,unet,1002,0.9341629629633531,0.8764594684768546,35.998314465187626,4.229418043010476,predictions/masks/qata_test_sub-S09921_ses-E17039_run-1_bp-chest_vp-ap_cr.png,predictions/probabilities/qata_test_sub-S09921_ses-E17039_run-1_bp-chest_vp-ap_cr.npy
qata_test_sub-S09921_ses-E18476_run-1_bp-chest_vp-ap_cr,sub-S09921,unet,1002,0.8602442333793202,0.7547619047642403,36.0,4.999258772071057,predictions/masks/qata_test_sub-S09921_ses-E18476_run-1_bp-chest_vp-ap_cr.png,predictions/probabilities/qata_test_sub-S09921_ses-E18476_run-1_bp-chest_vp-ap_cr.npy
qata_test_sub-S09921_ses-E18736_run-1_bp-chest_vp-ap_cr,sub-S09921,unet,1002,0.9693448206773726,0.9405132192851816,3.1622776601683795,0.8056710354642094,predictions/masks/qata_test_sub-S09921_ses-E18736_run-1_bp-chest_vp-ap_cr.png,predictions/probabilities/qata_test_sub-S09921_ses-E18736_run-1_bp-chest_vp-ap_cr.npy
qata_test_sub-S09921_ses-E19853_run-1_bp-chest_vp-ap_cr,sub-S09921,unet,1002,0.9485707791103678,0.9021727380834269,34.32974019874579,4.372633292293637,predictions/masks/qata_test_sub-S09921_ses-E19853_run-1_bp-chest_vp-ap_cr.png,predictions/probabilities/qata_test_sub-S09921_ses-E19853_run-1_bp-chest_vp-ap_cr.npy
qata_test_sub-S09921_ses-E21521_run-1_bp-chest_vp-ap_cr,sub-S09921,unet,1002,0.9316239316243491,0.8720000000014627,23.853720883753127,3.223318595407603,predictions/masks/qata_test_sub-S09921_ses-E21521_run-1_bp-chest_vp-ap_cr.png,predictions/probabilities/qata_test_sub-S09921_ses-E21521_run-1_bp-chest_vp-ap_cr.npy
qata_test_sub-S09922_ses-E17040_run-1_bp-chest_vp-ap_cr,sub-S09922,unet,1002,0.6122805104197591,0.44121345489718305,50.344270002448575,8.716600493271105,predictions/masks/qata_test_sub-S09922_ses-E17040_run-1_bp-chest_vp-ap_cr.png,predictions/probabilities/qata_test_sub-S09922_ses-E17040_run-1_bp-chest_vp-ap_cr.npy
qata_test_sub-S09922_ses-E17477_acq-1_run-1_bp-chest_vp-ap_dx,sub-S09922,unet,1002,0.8885344222555444,0.7994259471894439,15.811388300841896,2.8361123377614295,predictions/masks/qata_test_sub-S09922_ses-E17477_acq-1_run-1_bp-chest_vp-ap_dx.png,predictions/probabilities/qata_test_sub-S09922_ses-E17477_acq-1_run-1_bp-chest_vp-ap_dx.npy
qata_test_sub-S09926_ses-E17049_run-2_bp-chest_cr,sub-S09926,unet,1002,0.6502369668329328,0.4817415730519052,16.15549442140351,6.228390834008952,predictions/masks/qata_test_sub-S09926_ses-E17049_run-2_bp-chest_cr.png,predictions/probabilities/qata_test_sub-S09926_ses-E17049_run-2_bp-chest_cr.npy
qata_test_sub-S09928_ses-E17296_run-1_bp-chest_vp-ap_cr,sub-S09928,unet,1002,3.389830507325481e-10,3.389830507325481e-10,316.7838379715733,316.7838379715733,predictions/masks/qata_test_sub-S09928_ses-E17296_run-1_bp-chest_vp-ap_cr.png,predictions/probabilities/qata_test_sub-S09928_ses-E17296_run-1_bp-chest_vp-ap_cr.npy
qata_test_sub-S09930_ses-E18772_run-1_bp-chest_vp-pa_dx,sub-S09930,unet,1002,0.7534668721204366,0.6044499382197497,89.6537575092441,19.19051162431993,predictions/masks/qata_test_sub-S09930_ses-E18772_run-1_bp-chest_vp-pa_dx.png,predictions/probabilities/qata_test_sub-S09930_ses-E18772_run-1_bp-chest_vp-pa_dx.npy
qata_test_sub-S09932_ses-E19757_run-1_bp-chest_vp-ap_dx,sub-S09932,unet,1002,0.8871523787660962,0.7971912432962747,7.056854249492377,2.214109144455526,predictions/masks/qata_test_sub-S09932_ses-E19757_run-1_bp-chest_vp-ap_dx.png,predictions/probabilities/qata_test_sub-S09932_ses-E19757_run-1_bp-chest_vp-ap_dx.npy
qata_test_sub-S09932_ses-E23481_run-1_bp-chest_vp-pa_dx,sub-S09932,unet,1002,0.700659703137704,0.5392426486240904,21.430887831081034,6.060293711701567,predictions/masks/qata_test_sub-S09932_ses-E23481_run-1_bp-chest_vp-pa_dx.png,predictions/probabilities/qata_test_sub-S09932_ses-E23481_run-1_bp-chest_vp-pa_dx.npy
qata_test_sub-S09933_ses-E18817_run-1_bp-chest_vp-pa_dx,sub-S09933,unet,1002,0.7330390714446128,0.5785806451721657,31.435570910510897,5.151794916066096,predictions/masks/qata_test_sub-S09933_ses-E18817_run-1_bp-chest_vp-pa_dx.png,predictions/probabilities/qata_test_sub-S09933_ses-E18817_run-1_bp-chest_vp-pa_dx.npy
qata_test_sub-S09934_ses-E17062_run-1_bp-chest_vp-ap_dx,sub-S09934,unet,1002,1.9120458887357465e-10,1.9120458887357465e-10,29.08692825486595,16.942938256882083,predictions/masks/qata_test_sub-S09934_ses-E17062_run-1_bp-chest_vp-ap_dx.png,predictions/probabilities/qata_test_sub-S09934_ses-E17062_run-1_bp-chest_vp-ap_dx.npy
qata_test_sub-S09934_ses-E19061_run-1_bp-chest_vp-ap_dx,sub-S09934,unet,1002,0.8379162083807827,0.7210462915208906,11.635888835820644,3.1868313351301887,predictions/masks/qata_test_sub-S09934_ses-E19061_run-1_bp-chest_vp-ap_dx.png,predictions/probabilities/qata_test_sub-S09934_ses-E19061_run-1_bp-chest_vp-ap_dx.npy
qata_test_sub-S09939_ses-E20762_run-1_bp-chest_vp-ap_dx,sub-S09939,unet,1002,0.7552252670706269,0.6067164179141163,54.22683535336991,10.925388377173434,predictions/masks/qata_test_sub-S09939_ses-E20762_run-1_bp-chest_vp-ap_dx.png,predictions/probabilities/qata_test_sub-S09939_ses-E20762_run-1_bp-chest_vp-ap_dx.npy
qata_test_sub-S09939_ses-E26785_run-1_bp-chest_vp-ap_dx,sub-S09939,unet,1002,0.3567451050950827,0.21709663316097297,107.13610612790046,48.58775143465315,predictions/masks/qata_test_sub-S09939_ses-E26785_run-1_bp-chest_vp-ap_dx.png,predictions/probabilities/qata_test_sub-S09939_ses-E26785_run-1_bp-chest_vp-ap_dx.npy
qata_test_sub-S09941_ses-E17079_run-1_bp-chest_vp-pa_cr,sub-S09941,unet,1002,0.7334484743964624,0.5790909091291735,19.6468827043885,4.135055189713105,predictions/masks/qata_test_sub-S09941_ses-E17079_run-1_bp-chest_vp-pa_cr.png,predictions/probabilities/qata_test_sub-S09941_ses-E17079_run-1_bp-chest_vp-pa_cr.npy
qata_test_sub-S09945_ses-E17086_run-1_bp-chest_vp-pa_cr,sub-S09945,unet,1002,0.4638743455778076,0.3019768234967978,85.36506739711943,18.32597984861791,predictions/masks/qata_test_sub-S09945_ses-E17086_run-1_bp-chest_vp-pa_cr.png,predictions/probabilities/qata_test_sub-S09945_ses-E17086_run-1_bp-chest_vp-pa_cr.npy
qata_test_sub-S09945_ses-E22003_run-1_bp-chest_vp-pa_cr,sub-S09945,unet,1002,0.8626814688312324,0.758522300649369,16.460501440005757,3.103857152439616,predictions/masks/qata_test_sub-S09945_ses-E22003_run-1_bp-chest_vp-pa_cr.png,predictions/probabilities/qata_test_sub-S09945_ses-E22003_run-1_bp-chest_vp-pa_cr.npy
qata_test_sub-S09948_ses-E17667_run-1_bp-chest_vp-ap_cr,sub-S09948,unet,1002,0.9349400679447796,0.8778285989422504,7.615773105863909,1.7540520140683773,predictions/masks/qata_test_sub-S09948_ses-E17667_run-1_bp-chest_vp-ap_cr.png,predictions/probabilities/qata_test_sub-S09948_ses-E17667_run-1_bp-chest_vp-ap_cr.npy
qata_test_sub-S09949_ses-E18909_run-1_bp-chest_vp-ap_cr,sub-S09949,unet,1002,0.9428945890288064,0.8919589089640106,4.0,1.0562969175429497,predictions/masks/qata_test_sub-S09949_ses-E18909_run-1_bp-chest_vp-ap_cr.png,predictions/probabilities/qata_test_sub-S09949_ses-E18909_run-1_bp-chest_vp-ap_cr.npy
qata_test_sub-S09949_ses-E21328_run-1_bp-chest_vp-ap_dx,sub-S09949,unet,1002,0.5566119274367664,0.3856287425885475,9.219544457292887,4.027050555015108,predictions/masks/qata_test_sub-S09949_ses-E21328_run-1_bp-chest_vp-ap_dx.png,predictions/probabilities/qata_test_sub-S09949_ses-E21328_run-1_bp-chest_vp-ap_dx.npy
qata_test_sub-S09952_ses-E21674_run-1_bp-chest_vp-ap_dx,sub-S09952,unet,1002,0.7798444369367655,0.6391352550089171,10.198039027185569,3.5566559360012606,predictions/masks/qata_test_sub-S09952_ses-E21674_run-1_bp-chest_vp-ap_dx.png,predictions/probabilities/qata_test_sub-S09952_ses-E21674_run-1_bp-chest_vp-ap_dx.npy
qata_test_sub-S09953_ses-E17096_run-1_bp-chest_vp-ap_dx,sub-S09953,unet,1002,0.969516728624913,0.9408369408383637,2.0,2.27441055541455,predictions/masks/qata_test_sub-S09953_ses-E17096_run-1_bp-chest_vp-ap_dx.png,predictions/probabilities/qata_test_sub-S09953_ses-E17096_run-1_bp-chest_vp-ap_dx.npy
qata_test_sub-S09953_ses-E18726_run-1_bp-chest_vp-ap_dx,sub-S09953,unet,1002,0.9338199980795906,0.8758558558580927,5.0,1.5228345499130502,predictions/masks/qata_test_sub-S09953_ses-E18726_run-1_bp-chest_vp-ap_dx.png,predictions/probabilities/qata_test_sub-S09953_ses-E18726_run-1_bp-chest_vp-ap_dx.npy
qata_test_sub-S09953_ses-E21362_run-1_bp-chest_vp-ap_dx,sub-S09953,unet,1002,0.7659023668682341,0.6206173209583273,16.620724072131644,3.7181373014682366,predictions/masks/qata_test_sub-S09953_ses-E21362_run-1_bp-chest_vp-ap_dx.png,predictions/probabilities/qata_test_sub-S09953_ses-E21362_run-1_bp-chest_vp-ap_dx.npy
qata_test_sub-S09953_ses-E22182_run-1_bp-chest_vp-ap_dx,sub-S09953,unet,1002,0.8724740785599601,0.7737951402903236,14.953124061561459,2.5773806319109718,predictions/masks/qata_test_sub-S09953_ses-E22182_run-1_bp-chest_vp-ap_dx.png,predictions/probabilities/qata_test_sub-S09953_ses-E22182_run-1_bp-chest_vp-ap_dx.npy
qata_test_sub-S09953_ses-E26120_run-1_bp-chest_vp-pa_dx,sub-S09953,unet,1002,0.7141167192485387,0.5553511193021972,21.88602093365143,5.448134968409533,predictions/masks/qata_test_sub-S09953_ses-E26120_run-1_bp-chest_vp-pa_dx.png,predictions/probabilities/qata_test_sub-S09953_ses-E26120_run-1_bp-chest_vp-pa_dx.npy
qata_test_sub-S09953_ses-E27155_run-1_bp-chest_dx,sub-S09953,unet,1002,0.5927448609480925,0.4212063928609519,36.16832430365464,8.10969906925732,predictions/masks/qata_test_sub-S09953_ses-E27155_run-1_bp-chest_dx.png,predictions/probabilities/qata_test_sub-S09953_ses-E27155_run-1_bp-chest_dx.npy
qata_test_sub-S09955_ses-E18418_run-1_bp-chest_vp-ap_cr,sub-S09955,unet,1002,0.7788485297806067,0.6377984621757266,70.0,14.786594461539305,predictions/masks/qata_test_sub-S09955_ses-E18418_run-1_bp-chest_vp-ap_cr.png,predictions/probabilities/qata_test_sub-S09955_ses-E18418_run-1_bp-chest_vp-ap_cr.npy
qata_test_sub-S09955_ses-E19985_run-1_bp-chest_vp-ap_cr,sub-S09955,unet,1002,0.6953706701247108,0.5330024814011661,33.94396107458483,5.668806938781056,predictions/masks/qata_test_sub-S09955_ses-E19985_run-1_bp-chest_vp-ap_cr.png,predictions/probabilities/qata_test_sub-S09955_ses-E19985_run-1_bp-chest_vp-ap_cr.npy
qata_test_sub-S09955_ses-E24707_run-1_bp-chest_vp-pa_dx,sub-S09955,unet,1002,0.8019607843185794,0.6693944353654094,12.080973403854456,3.163470409554067,predictions/masks/qata_test_sub-S09955_ses-E24707_run-1_bp-chest_vp-pa_dx.png,predictions/probabilities/qata_test_sub-S09955_ses-E24707_run-1_bp-chest_vp-pa_dx.npy
qata_test_sub-S09955_ses-E26105_run-1_bp-chest_vp-ap_cr,sub-S09955,unet,1002,0.37878294827924563,0.23364110801952465,35.3539245628091,10.3150949980333,predictions/masks/qata_test_sub-S09955_ses-E26105_run-1_bp-chest_vp-ap_cr.png,predictions/probabilities/qata_test_sub-S09955_ses-E26105_run-1_bp-chest_vp-ap_cr.npy
qata_test_sub-S09956_ses-E26117_run-1_bp-chest_vp-ap_cr,sub-S09956,unet,1002,0.6644252994361796,0.497482693525842,88.07323692566767,29.029480674541695,predictions/masks/qata_test_sub-S09956_ses-E26117_run-1_bp-chest_vp-ap_cr.png,predictions/probabilities/qata_test_sub-S09956_ses-E26117_run-1_bp-chest_vp-ap_cr.npy
qata_test_sub-S09958_ses-E17102_run-1_bp-chest_vp-ap_cr,sub-S09958,unet,1002,0.6391042205306542,0.4696202532316937,9.869112655722327,3.4706232141668445,predictions/masks/qata_test_sub-S09958_ses-E17102_run-1_bp-chest_vp-ap_cr.png,predictions/probabilities/qata_test_sub-S09958_ses-E17102_run-1_bp-chest_vp-ap_cr.npy
qata_test_sub-S09958_ses-E20403_run-1_bp-chest_vp-ap_cr,sub-S09958,unet,1002,0.8589456543877575,0.7527648947600292,20.059126028197348,3.4154982482452025,predictions/masks/qata_test_sub-S09958_ses-E20403_run-1_bp-chest_vp-ap_cr.png,predictions/probabilities/qata_test_sub-S09958_ses-E20403_run-1_bp-chest_vp-ap_cr.npy
qata_test_sub-S09958_ses-E23115_run-1_bp-chest_vp-ap_cr,sub-S09958,unet,1002,0.8011869436349268,0.6683168317242182,18.409216982531227,3.8348600934397075,predictions/masks/qata_test_sub-S09958_ses-E23115_run-1_bp-chest_vp-ap_cr.png,predictions/probabilities/qata_test_sub-S09958_ses-E23115_run-1_bp-chest_vp-ap_cr.npy
qata_test_sub-S09960_ses-E17104_run-1_bp-chest_vp-ap_dx,sub-S09960,unet,1002,0.19973975279116005,0.1109504879251554,68.78170996381608,26.017640392737853,predictions/masks/qata_test_sub-S09960_ses-E17104_run-1_bp-chest_vp-ap_dx.png,predictions/probabilities/qata_test_sub-S09960_ses-E17104_run-1_bp-chest_vp-ap_dx.npy
qata_test_sub-S09960_ses-E22323_run-1_bp-chest_vp-ap_dx,sub-S09960,unet,1002,0.8086359175725013,0.678747940709569,15.401100217065785,3.064035108150741,predictions/masks/qata_test_sub-S09960_ses-E22323_run-1_bp-chest_vp-ap_dx.png,predictions/probabilities/qata_test_sub-S09960_ses-E22323_run-1_bp-chest_vp-ap_dx.npy
qata_test_sub-S09962_ses-E24094_run-1_bp-chest_vp-pa_dx,sub-S09962,unet,1002,0.36363636365795,0.2222222222544684,120.91587226345325,37.465979407556354,predictions/masks/qata_test_sub-S09962_ses-E24094_run-1_bp-chest_vp-pa_dx.png,predictions/probabilities/qata_test_sub-S09962_ses-E24094_run-1_bp-chest_vp-pa_dx.npy
qata_test_sub-S09967_ses-E17114_run-1_bp-chest_vp-ap_dx,sub-S09967,unet,1002,0.8360409897546108,0.7182735666798739,19.924858845171276,3.6497118685105305,predictions/masks/qata_test_sub-S09967_ses-E17114_run-1_bp-chest_vp-ap_dx.png,predictions/probabilities/qata_test_sub-S09967_ses-E17114_run-1_bp-chest_vp-ap_dx.npy
qata_test_sub-S09967_ses-E17291_run-1_bp-chest_vp-ap_dx,sub-S09967,unet,1002,0.8428699697996664,0.7284142212227932,31.0,4.782229075624438,predictions/masks/qata_test_sub-S09967_ses-E17291_run-1_bp-chest_vp-ap_dx.png,predictions/probabilities/qata_test_sub-S09967_ses-E17291_run-1_bp-chest_vp-ap_dx.npy
qata_test_sub-S09967_ses-E17535_run-1_bp-chest_vp-ap_dx,sub-S09967,unet,1002,0.7598291343408611,0.612681006613065,37.48332962798263,6.4908132021398455,predictions/masks/qata_test_sub-S09967_ses-E17535_run-1_bp-chest_vp-ap_dx.png,predictions/probabilities/qata_test_sub-S09967_ses-E17535_run-1_bp-chest_vp-ap_dx.npy
qata_test_sub-S09967_ses-E18011_run-1_bp-chest_vp-ap_dx,sub-S09967,unet,1002,0.9329693089819905,0.8743603317474085,6.0,1.4491041866520884,predictions/masks/qata_test_sub-S09967_ses-E18011_run-1_bp-chest_vp-ap_dx.png,predictions/probabilities/qata_test_sub-S09967_ses-E18011_run-1_bp-chest_vp-ap_dx.npy
qata_test_sub-S09968_ses-E17118_run-1_bp-chest_vp-ap_dx,sub-S09968,unet,1002,0.5427839453536673,0.37248007502643043,28.844410203711913,7.235713780434977,predictions/masks/qata_test_sub-S09968_ses-E17118_run-1_bp-chest_vp-ap_dx.png,predictions/probabilities/qata_test_sub-S09968_ses-E17118_run-1_bp-chest_vp-ap_dx.npy
qata_test_sub-S09969_ses-E17119_acq-1_run-1_bp-chest_vp-pa_dx,sub-S09969,unet,1002,0.8890731909622833,0.800298618895099,6.52515611545945,1.6298453601948024,predictions/masks/qata_test_sub-S09969_ses-E17119_acq-1_run-1_bp-chest_vp-pa_dx.png,predictions/probabilities/qata_test_sub-S09969_ses-E17119_acq-1_run-1_bp-chest_vp-pa_dx.npy
qata_test_sub-S09969_ses-E26947_acq-1_run-1_bp-chest_vp-ll_dx,sub-S09969,unet,1002,0.9272326350619766,0.8643371017518212,4.0,1.1700139748891636,predictions/masks/qata_test_sub-S09969_ses-E26947_acq-1_run-1_bp-chest_vp-ll_dx.png,predictions/probabilities/qata_test_sub-S09969_ses-E26947_acq-1_run-1_bp-chest_vp-ll_dx.npy
qata_test_sub-S09973_ses-E17693_run-1_bp-chest_vp-ap_cr,sub-S09973,unet,1002,0.8422764227659373,0.7275280898927429,9.080009036010715,2.9325513979346836,predictions/masks/qata_test_sub-S09973_ses-E17693_run-1_bp-chest_vp-ap_cr.png,predictions/probabilities/qata_test_sub-S09973_ses-E17693_run-1_bp-chest_vp-ap_cr.npy
qata_test_sub-S09973_ses-E20372_run-1_bp-chest_vp-ap_dx,sub-S09973,unet,1002,0.7406838263591877,0.5881635143505747,11.247024193241856,3.8999300344609407,predictions/masks/qata_test_sub-S09973_ses-E20372_run-1_bp-chest_vp-ap_dx.png,predictions/probabilities/qata_test_sub-S09973_ses-E20372_run-1_bp-chest_vp-ap_dx.npy
qata_test_sub-S09973_ses-E20759_run-1_bp-chest_vp-ap_dx,sub-S09973,unet,1002,0.7510350753866805,0.6013259945008591,89.87691012095651,16.091430603777933,predictions/masks/qata_test_sub-S09973_ses-E20759_run-1_bp-chest_vp-ap_dx.png,predictions/probabilities/qata_test_sub-S09973_ses-E20759_run-1_bp-chest_vp-ap_dx.npy
qata_test_sub-S09974_ses-E17127_run-1_bp-chest_vp-ap_dx,sub-S09974,unet,1002,0.299658184593626,0.17623408534339438,143.19217625848148,53.47815393745211,predictions/masks/qata_test_sub-S09974_ses-E17127_run-1_bp-chest_vp-ap_dx.png,predictions/probabilities/qata_test_sub-S09974_ses-E17127_run-1_bp-chest_vp-ap_dx.npy
qata_test_sub-S09974_ses-E19369_run-1_bp-chest_vp-ap_dx,sub-S09974,unet,1002,0.7809697774843826,0.6406484130276441,22.321410659042055,5.763524123626849,predictions/masks/qata_test_sub-S09974_ses-E19369_run-1_bp-chest_vp-ap_dx.png,predictions/probabilities/qata_test_sub-S09974_ses-E19369_run-1_bp-chest_vp-ap_dx.npy
qata_test_sub-S09974_ses-E19952_run-1_bp-chest_vp-ap_dx,sub-S09974,unet,1002,0.922720869390997,0.8565290491340084,5.385164807134504,1.3545539291893642,predictions/masks/qata_test_sub-S09974_ses-E19952_run-1_bp-chest_vp-ap_dx.png,predictions/probabilities/qata_test_sub-S09974_ses-E19952_run-1_bp-chest_vp-ap_dx.npy
qata_test_sub-S09974_ses-E21086_run-1_bp-chest_vp-ap_dx,sub-S09974,unet,1002,0.7206275033424461,0.5632663710001756,112.25417586887357,30.026373467073977,predictions/masks/qata_test_sub-S09974_ses-E21086_run-1_bp-chest_vp-ap_dx.png,predictions/probabilities/qata_test_sub-S09974_ses-E21086_run-1_bp-chest_vp-ap_dx.npy
qata_test_sub-S09974_ses-E21787_run-1_bp-chest_vp-ap_dx,sub-S09974,unet,1002,0.8534482758644986,0.7443609022630318,111.14926012484466,28.096775904475425,predictions/masks/qata_test_sub-S09974_ses-E21787_run-1_bp-chest_vp-ap_dx.png,predictions/probabilities/qata_test_sub-S09974_ses-E21787_run-1_bp-chest_vp-ap_dx.npy
qata_test_sub-S09974_ses-E22933_run-1_bp-chest_vp-ap_dx,sub-S09974,unet,1002,0.634600856216706,0.4647731464601707,111.53359241442473,27.308523666428865,predictions/masks/qata_test_sub-S09974_ses-E22933_run-1_bp-chest_vp-ap_dx.png,predictions/probabilities/qata_test_sub-S09974_ses-E22933_run-1_bp-chest_vp-ap_dx.npy
qata_test_sub-S09977_ses-E17132_acq-1_run-1_bp-chest_cr,sub-S09977,unet,1002,0.833322374910689,0.7142696122665207,15.524174696260024,3.6304609283912312,predictions/masks/qata_test_sub-S09977_ses-E17132_acq-1_run-1_bp-chest_cr.png,predictions/probabilities/qata_test_sub-S09977_ses-E17132_acq-1_run-1_bp-chest_cr.npy
qata_test_sub-S09977_ses-E27000_acq-1_run-1_bp-chest_cr,sub-S09977,unet,1002,0.7788336933093124,0.6377785638614157,103.57114988606318,28.095657698444125,predictions/masks/qata_test_sub-S09977_ses-E27000_acq-1_run-1_bp-chest_cr.png,predictions/probabilities/qata_test_sub-S09977_ses-E27000_acq-1_run-1_bp-chest_cr.npy
qata_test_sub-S09979_ses-E20936_run-1_bp-chest_vp-ap_cr,sub-S09979,unet,1002,0.961786546696505,0.9263861334454799,3.0,0.9200324314451183,predictions/masks/qata_test_sub-S09979_ses-E20936_run-1_bp-chest_vp-ap_cr.png,predictions/probabilities/qata_test_sub-S09979_ses-E20936_run-1_bp-chest_vp-ap_cr.npy
qata_test_sub-S09979_ses-E21115_run-1_bp-chest_vp-ap_cr,sub-S09979,unet,1002,0.9793192804107275,0.9594766136123477,2.0,0.5161895348109126,predictions/masks/qata_test_sub-S09979_ses-E21115_run-1_bp-chest_vp-ap_cr.png,predictions/probabilities/qata_test_sub-S09979_ses-E21115_run-1_bp-chest_vp-ap_cr.npy
qata_test_sub-S09979_ses-E21817_run-1_bp-chest_vp-ap_cr,sub-S09979,unet,1002,0.8065307032218515,0.6757867214522757,15.723986448753017,4.234733607667514,predictions/masks/qata_test_sub-S09979_ses-E21817_run-1_bp-chest_vp-ap_cr.png,predictions/probabilities/qata_test_sub-S09979_ses-E21817_run-1_bp-chest_vp-ap_cr.npy
qata_test_sub-S09979_ses-E21899_run-1_bp-chest_vp-ap_cr,sub-S09979,unet,1002,0.621221596839249,0.4505594194299801,21.37755832643195,4.889743975463695,predictions/masks/qata_test_sub-S09979_ses-E21899_run-1_bp-chest_vp-ap_cr.png,predictions/probabilities/qata_test_sub-S09979_ses-E21899_run-1_bp-chest_vp-ap_cr.npy
qata_test_sub-S09979_ses-E23599_run-1_bp-chest_vp-ap_cr,sub-S09979,unet,1002,0.9764439520209237,0.9539721385546501,2.0,0.5777053445065837,predictions/masks/qata_test_sub-S09979_ses-E23599_run-1_bp-chest_vp-ap_cr.png,predictions/probabilities/qata_test_sub-S09979_ses-E23599_run-1_bp-chest_vp-ap_cr.npy
qata_test_sub-S09979_ses-E25160_run-1_bp-chest_vp-pa_dx,sub-S09979,unet,1002,0.3647553287396464,0.22305856436161084,61.0,17.58542825094226,predictions/masks/qata_test_sub-S09979_ses-E25160_run-1_bp-chest_vp-pa_dx.png,predictions/probabilities/qata_test_sub-S09979_ses-E25160_run-1_bp-chest_vp-pa_dx.npy
qata_test_sub-S09981_ses-E24201_acq-1_run-1_bp-chest_vp-pa_cr,sub-S09981,unet,1002,0.9195702942557723,0.851115338062405,7.810249675906654,1.768760568223526,predictions/masks/qata_test_sub-S09981_ses-E24201_acq-1_run-1_bp-chest_vp-pa_cr.png,predictions/probabilities/qata_test_sub-S09981_ses-E24201_acq-1_run-1_bp-chest_vp-pa_cr.npy
qata_test_sub-S09981_ses-E27017_run-1_bp-chest_cr,sub-S09981,unet,1002,0.7041810751429053,0.5434255216136136,125.40567255948775,17.715249429360235,predictions/masks/qata_test_sub-S09981_ses-E27017_run-1_bp-chest_cr.png,predictions/probabilities/qata_test_sub-S09981_ses-E27017_run-1_bp-chest_cr.npy
qata_test_sub-S09983_ses-E17157_run-1_bp-chest_vp-ap_dx,sub-S09983,unet,1002,0.6852140544467535,0.5211601605340904,59.005508079023016,15.41155940559647,predictions/masks/qata_test_sub-S09983_ses-E17157_run-1_bp-chest_vp-ap_dx.png,predictions/probabilities/qata_test_sub-S09983_ses-E17157_run-1_bp-chest_vp-ap_dx.npy
qata_test_sub-S09986_ses-E17165_run-1_bp-chest_cr,sub-S09986,unet,1002,0.7359084406332488,0.5821638750660443,14.47741097253797,4.244361514884693,predictions/masks/qata_test_sub-S09986_ses-E17165_run-1_bp-chest_cr.png,predictions/probabilities/qata_test_sub-S09986_ses-E17165_run-1_bp-chest_cr.npy
qata_test_sub-S09989_ses-E18086_run-1_bp-chest_vp-ap_dx,sub-S09989,unet,1002,0.7446211412569207,0.5931445603663371,23.04430012234322,6.680981672192795,predictions/masks/qata_test_sub-S09989_ses-E18086_run-1_bp-chest_vp-ap_dx.png,predictions/probabilities/qata_test_sub-S09989_ses-E18086_run-1_bp-chest_vp-ap_dx.npy
qata_test_sub-S09991_ses-E17177_run-1_bp-chest_vp-ap_dx,sub-S09991,unet,1002,0.6304832713892015,0.4603691639815217,80.0,20.620856583916332,predictions/masks/qata_test_sub-S09991_ses-E17177_run-1_bp-chest_vp-ap_dx.png,predictions/probabilities/qata_test_sub-S09991_ses-E17177_run-1_bp-chest_vp-ap_dx.npy
qata_test_sub-S09991_ses-E22950_run-1_bp-chest_vp-ap_dx,sub-S09991,unet,1002,0.7691001697858206,0.6248275862241459,10.44030650891055,2.9973929333853504,predictions/masks/qata_test_sub-S09991_ses-E22950_run-1_bp-chest_vp-ap_dx.png,predictions/probabilities/qata_test_sub-S09991_ses-E22950_run-1_bp-chest_vp-ap_dx.npy
qata_test_sub-S09992_ses-E24065_run-1_bp-chest_vp-pa_cr,sub-S09992,unet,1002,0.2680000000732,0.15473441118305606,89.31480852747978,25.82046465681907,predictions/masks/qata_test_sub-S09992_ses-E24065_run-1_bp-chest_vp-pa_cr.png,predictions/probabilities/qata_test_sub-S09992_ses-E24065_run-1_bp-chest_vp-pa_cr.npy
qata_test_sub-S09992_ses-E25755_run-1_bp-chest_vp-ap_cr,sub-S09992,unet,1002,0.4189473684822161,0.26498002672903065,14.0,6.205150358033327,predictions/masks/qata_test_sub-S09992_ses-E25755_run-1_bp-chest_vp-ap_cr.png,predictions/probabilities/qata_test_sub-S09992_ses-E25755_run-1_bp-chest_vp-ap_cr.npy
qata_test_sub-S09993_ses-E17187_run-1_bp-chest_vp-ap_dx,sub-S09993,unet,1002,0.9016313373068122,0.8208822483133958,7.810249675906654,1.870421754947945,predictions/masks/qata_test_sub-S09993_ses-E17187_run-1_bp-chest_vp-ap_dx.png,predictions/probabilities/qata_test_sub-S09993_ses-E17187_run-1_bp-chest_vp-ap_dx.npy
qata_test_sub-S09993_ses-E22162_run-1_bp-chest_vp-ap_dx,sub-S09993,unet,1002,0.9477540340170278,0.9006962864737948,3.1622776601683795,1.028260139276719,predictions/masks/qata_test_sub-S09993_ses-E22162_run-1_bp-chest_vp-ap_dx.png,predictions/probabilities/qata_test_sub-S09993_ses-E22162_run-1_bp-chest_vp-ap_dx.npy
qata_test_sub-S09993_ses-E23110_run-1_bp-chest_vp-ap_dx,sub-S09993,unet,1002,0.9036770160018684,0.82427991494637,8.0,1.814921641091599,predictions/masks/qata_test_sub-S09993_ses-E23110_run-1_bp-chest_vp-ap_dx.png,predictions/probabilities/qata_test_sub-S09993_ses-E23110_run-1_bp-chest_vp-ap_dx.npy
qata_test_sub-S09993_ses-E23292_run-1_bp-chest_vp-pa_dx,sub-S09993,unet,1002,0.8230616302216193,0.6993243243327892,13.049858973161347,2.8354252820833734,predictions/masks/qata_test_sub-S09993_ses-E23292_run-1_bp-chest_vp-pa_dx.png,predictions/probabilities/qata_test_sub-S09993_ses-E23292_run-1_bp-chest_vp-pa_dx.npy
qata_test_sub-S09994_ses-E17188_run-1_bp-chest_vp-ap_dx,sub-S09994,unet,1002,0.9721540101006712,0.9458168049049241,2.23606797749979,0.76150232231659,predictions/masks/qata_test_sub-S09994_ses-E17188_run-1_bp-chest_vp-ap_dx.png,predictions/probabilities/qata_test_sub-S09994_ses-E17188_run-1_bp-chest_vp-ap_dx.npy
qata_test_sub-S09994_ses-E18945_run-1_bp-chest_vp-ap_dx,sub-S09994,unet,1002,0.9700929881881122,0.9419228892147232,4.242640687119285,1.01940093360575,predictions/masks/qata_test_sub-S09994_ses-E18945_run-1_bp-chest_vp-ap_dx.png,predictions/probabilities/qata_test_sub-S09994_ses-E18945_run-1_bp-chest_vp-ap_dx.npy
qata_test_sub-S09994_ses-E18947_run-1_bp-chest_vp-ap_dx,sub-S09994,unet,1002,0.9720866991923055,0.94568938686628,2.23606797749979,0.8030257137026454,predictions/masks/qata_test_sub-S09994_ses-E18947_run-1_bp-chest_vp-ap_dx.png,predictions/probabilities/qata_test_sub-S09994_ses-E18947_run-1_bp-chest_vp-ap_dx.npy
qata_test_sub-S09994_ses-E19119_run-1_bp-chest_vp-ap_dx,sub-S09994,unet,1002,0.9329876346233896,0.8743925233656599,12.0601841510629,1.9645421077074732,predictions/masks/qata_test_sub-S09994_ses-E19119_run-1_bp-chest_vp-ap_dx.png,predictions/probabilities/qata_test_sub-S09994_ses-E19119_run-1_bp-chest_vp-ap_dx.npy
qata_test_sub-S09994_ses-E19829_run-1_bp-chest_cr,sub-S09994,unet,1002,0.9080272993182643,0.8315476190501258,26.476404589747453,3.39026052046291,predictions/masks/qata_test_sub-S09994_ses-E19829_run-1_bp-chest_cr.png,predictions/probabilities/qata_test_sub-S09994_ses-E19829_run-1_bp-chest_cr.npy
qata_test_sub-S09994_ses-E21663_run-1_bp-chest_vp-ap_dx,sub-S09994,unet,1002,0.9286376274331756,0.8667820069216957,10.295630140987,1.9554295267234563,predictions/masks/qata_test_sub-S09994_ses-E21663_run-1_bp-chest_vp-ap_dx.png,predictions/probabilities/qata_test_sub-S09994_ses-E21663_run-1_bp-chest_vp-ap_dx.npy
qata_test_sub-S09994_ses-E22010_run-1_bp-chest_vp-ap_dx,sub-S09994,unet,1002,0.9731480342722373,0.9477004152032282,2.23606797749979,0.8162612437068082,predictions/masks/qata_test_sub-S09994_ses-E22010_run-1_bp-chest_vp-ap_dx.png,predictions/probabilities/qata_test_sub-S09994_ses-E22010_run-1_bp-chest_vp-ap_dx.npy
qata_test_sub-S09994_ses-E23306_run-1_bp-chest_vp-ap_dx,sub-S09994,unet,1002,0.9391794969879546,0.8853330929425284,9.080009036010715,1.637614907015154,predictions/masks/qata_test_sub-S09994_ses-E23306_run-1_bp-chest_vp-ap_dx.png,predictions/probabilities/qata_test_sub-S09994_ses-E23306_run-1_bp-chest_vp-ap_dx.npy
qata_test_sub-S09994_ses-E24497_run-1_bp-chest_vp-pa_dx,sub-S09994,unet,1002,0.8827239879975337,0.790067967553277,14.7648230602334,2.539426469843881,predictions/masks/qata_test_sub-S09994_ses-E24497_run-1_bp-chest_vp-pa_dx.png,predictions/probabilities/qata_test_sub-S09994_ses-E24497_run-1_bp-chest_vp-pa_dx.npy
qata_test_sub-S09994_ses-E25178_run-1_bp-chest_vp-ap_dx,sub-S09994,unet,1002,0.9534708486391944,0.9110791107919082,6.0,1.252701607336882,predictions/masks/qata_test_sub-S09994_ses-E25178_run-1_bp-chest_vp-ap_dx.png,predictions/probabilities/qata_test_sub-S09994_ses-E25178_run-1_bp-chest_vp-ap_dx.npy
qata_test_sub-S09995_ses-E17192_run-1_bp-chest_vp-ap_dx,sub-S09995,unet,1002,0.8586956521815926,0.7523809524045351,5.039607805437111,1.9379755573642299,predictions/masks/qata_test_sub-S09995_ses-E17192_run-1_bp-chest_vp-ap_dx.png,predictions/probabilities/qata_test_sub-S09995_ses-E17192_run-1_bp-chest_vp-ap_dx.npy
qata_test_sub-S09995_ses-E19431_run-1_bp-chest_vp-ap_dx,sub-S09995,unet,1002,0.8838862559252288,0.7919320594513811,13.0,2.320412466073295,predictions/masks/qata_test_sub-S09995_ses-E19431_run-1_bp-chest_vp-ap_dx.png,predictions/probabilities/qata_test_sub-S09995_ses-E19431_run-1_bp-chest_vp-ap_dx.npy
qata_test_sub-S09995_ses-E26500_run-1_bp-chest_vp-pa_dx,sub-S09995,unet,1002,0.8213125406223969,0.6968026461194263,8.471741845764667,2.120669553154784,predictions/masks/qata_test_sub-S09995_ses-E26500_run-1_bp-chest_vp-pa_dx.png,predictions/probabilities/qata_test_sub-S09995_ses-E26500_run-1_bp-chest_vp-pa_dx.npy
qata_test_sub-S09998_ses-E18991_run-1_bp-chest_vp-ap_cr,sub-S09998,unet,1002,0.8219306466812591,0.69769291967401,7.0710678118654755,2.7064491716967596,predictions/masks/qata_test_sub-S09998_ses-E18991_run-1_bp-chest_vp-ap_cr.png,predictions/probabilities/qata_test_sub-S09998_ses-E18991_run-1_bp-chest_vp-ap_cr.npy
qata_test_sub-S09998_ses-E19446_run-1_bp-chest_vp-ap_dx,sub-S09998,unet,1002,0.7576326449979485,0.6098298075455729,25.527419478682464,5.869627422793197,predictions/masks/qata_test_sub-S09998_ses-E19446_run-1_bp-chest_vp-ap_dx.png,predictions/probabilities/qata_test_sub-S09998_ses-E19446_run-1_bp-chest_vp-ap_dx.npy
qata_test_sub-S09998_ses-E19689_run-1_bp-chest_vp-ap_dx,sub-S09998,unet,1002,0.6338028169106187,0.4639175257929339,98.38699100999075,21.214528167838875,predictions/masks/qata_test_sub-S09998_ses-E19689_run-1_bp-chest_vp-ap_dx.png,predictions/probabilities/qata_test_sub-S09998_ses-E19689_run-1_bp-chest_vp-ap_dx.npy
qata_test_sub-S09998_ses-E22632_run-1_bp-chest_vp-ap_cr,sub-S09998,unet,1002,0.824419347966925,0.7012869313086589,12.153153197546152,3.4037311571758337,predictions/masks/qata_test_sub-S09998_ses-E22632_run-1_bp-chest_vp-ap_cr.png,predictions/probabilities/qata_test_sub-S09998_ses-E22632_run-1_bp-chest_vp-ap_cr.npy
qata_test_sub-S09999_ses-E17197_run-1_bp-chest_vp-ap_dx,sub-S09999,unet,1002,0.4440643175010584,0.28540017593291994,74.49794465974968,23.163990489154894,predictions/masks/qata_test_sub-S09999_ses-E17197_run-1_bp-chest_vp-ap_dx.png,predictions/probabilities/qata_test_sub-S09999_ses-E17197_run-1_bp-chest_vp-ap_dx.npy
qata_test_sub-S09999_ses-E19482_run-1_bp-chest_vp-pa_dx,sub-S09999,unet,1002,0.08087774297552108,0.04214309052459513,94.42986815621421,36.81100336014309,predictions/masks/qata_test_sub-S09999_ses-E19482_run-1_bp-chest_vp-pa_dx.png,predictions/probabilities/qata_test_sub-S09999_ses-E19482_run-1_bp-chest_vp-pa_dx.npy
qata_test_sub-S09999_ses-E22844_run-1_bp-chest_vp-ap_dx,sub-S09999,unet,1002,0.8650707290542364,0.7622243528312292,11.031752712031086,2.5334977271650003,predictions/masks/qata_test_sub-S09999_ses-E22844_run-1_bp-chest_vp-ap_dx.png,predictions/probabilities/qata_test_sub-S09999_ses-E22844_run-1_bp-chest_vp-ap_dx.npy
qata_test_sub-S09999_ses-E23145_run-1_bp-chest_vp-ap_dx,sub-S09999,unet,1002,0.8948140900202127,0.8096502877400437,15.524174696260024,2.455346512138859,predictions/masks/qata_test_sub-S09999_ses-E23145_run-1_bp-chest_vp-ap_dx.png,predictions/probabilities/qata_test_sub-S09999_ses-E23145_run-1_bp-chest_vp-ap_dx.npy
qata_test_sub-S10000_ses-E25580_run-1_bp-chest_vp-ap_dx,sub-S10000,unet,1002,0.684698948851279,0.5205644352335947,60.82187056065351,11.351724954186766,predictions/masks/qata_test_sub-S10000_ses-E25580_run-1_bp-chest_vp-ap_dx.png,predictions/probabilities/qata_test_sub-S10000_ses-E25580_run-1_bp-chest_vp-ap_dx.npy
qata_test_sub-S10005_ses-E19020_run-1_bp-chest_vp-ap_dx,sub-S10005,unet,1002,0.8287753629013652,0.7076143522362693,15.551523012627438,4.628947462963381,predictions/masks/qata_test_sub-S10005_ses-E19020_run-1_bp-chest_vp-ap_dx.png,predictions/probabilities/qata_test_sub-S10005_ses-E19020_run-1_bp-chest_vp-ap_dx.npy
qata_test_sub-S10005_ses-E19504_run-1_bp-chest_vp-ap_dx,sub-S10005,unet,1002,0.9553494832307066,0.9145158767408531,5.385164807134504,1.4018451933859137,predictions/masks/qata_test_sub-S10005_ses-E19504_run-1_bp-chest_vp-ap_dx.png,predictions/probabilities/qata_test_sub-S10005_ses-E19504_run-1_bp-chest_vp-ap_dx.npy
qata_test_sub-S10005_ses-E19884_run-1_bp-chest_vp-ap_dx,sub-S10005,unet,1002,0.8621642807052182,0.7577229876739832,28.0178514522438,4.855772881942116,predictions/masks/qata_test_sub-S10005_ses-E19884_run-1_bp-chest_vp-ap_dx.png,predictions/probabilities/qata_test_sub-S10005_ses-E19884_run-1_bp-chest_vp-ap_dx.npy
qata_test_sub-S10005_ses-E23869_acq-1_run-1_bp-chest_vp-ll_dx,sub-S10005,unet,1002,0.7308619304518436,0.5758726713768154,25.61325005098444,6.072544093041001,predictions/masks/qata_test_sub-S10005_ses-E23869_acq-1_run-1_bp-chest_vp-ll_dx.png,predictions/probabilities/qata_test_sub-S10005_ses-E23869_acq-1_run-1_bp-chest_vp-ll_dx.npy
qata_test_sub-S10008_ses-E19470_run-1_bp-chest_vp-ap_dx,sub-S10008,unet,1002,0.3558614290182813,0.21644247954833556,111.27433711293907,32.521629074389395,predictions/masks/qata_test_sub-S10008_ses-E19470_run-1_bp-chest_vp-ap_dx.png,predictions/probabilities/qata_test_sub-S10008_ses-E19470_run-1_bp-chest_vp-ap_dx.npy
qata_test_sub-S10009_ses-E23383_run-1_bp-chest_vp-pa_dx,sub-S10009,unet,1002,0.8632573652047908,0.7594132029398677,9.0,2.435599945699216,predictions/masks/qata_test_sub-S10009_ses-E23383_run-1_bp-chest_vp-pa_dx.png,predictions/probabilities/qata_test_sub-S10009_ses-E23383_run-1_bp-chest_vp-pa_dx.npy
qata_test_sub-S10009_ses-E24991_run-1_bp-chest_vp-pa_dx,sub-S10009,unet,1002,0.5119521912512632,0.3440428380480124,96.6118444746931,25.313263978059293,predictions/masks/qata_test_sub-S10009_ses-E24991_run-1_bp-chest_vp-pa_dx.png,predictions/probabilities/qata_test_sub-S10009_ses-E24991_run-1_bp-chest_vp-pa_dx.npy
qata_test_sub-S10011_ses-E17215_run-1_bp-chest_dx,sub-S10011,unet,1002,0.7706581230825613,0.6268867412354556,16.76305461424021,4.2421511691408735,predictions/masks/qata_test_sub-S10011_ses-E17215_run-1_bp-chest_dx.png,predictions/probabilities/qata_test_sub-S10011_ses-E17215_run-1_bp-chest_dx.npy
qata_test_sub-S10012_ses-E25442_run-1_bp-chest_vp-pa_cr,sub-S10012,unet,1002,0.9701244261097204,0.9419821682395402,2.23606797749979,0.6961927674692294,predictions/masks/qata_test_sub-S10012_ses-E25442_run-1_bp-chest_vp-pa_cr.png,predictions/probabilities/qata_test_sub-S10012_ses-E25442_run-1_bp-chest_vp-pa_cr.npy
qata_test_sub-S10012_ses-E25602_run-1_bp-chest_vp-ap_dx,sub-S10012,unet,1002,0.9751276345072972,0.9514625111770154,2.0,0.5498487709294346,predictions/masks/qata_test_sub-S10012_ses-E25602_run-1_bp-chest_vp-ap_dx.png,predictions/probabilities/qata_test_sub-S10012_ses-E25602_run-1_bp-chest_vp-ap_dx.npy
qata_test_sub-S10013_ses-E20085_run-1_bp-chest_vp-ap_cr,sub-S10013,unet,1002,0.9171974522300528,0.8470588235319823,9.486832980505138,2.213247245330537,predictions/masks/qata_test_sub-S10013_ses-E20085_run-1_bp-chest_vp-ap_cr.png,predictions/probabilities/qata_test_sub-S10013_ses-E20085_run-1_bp-chest_vp-ap_cr.npy
qata_test_sub-S10013_ses-E20488_run-1_bp-chest_vp-ap_cr,sub-S10013,unet,1002,0.9726910095123298,0.9468339307056924,2.0,0.5617753588752612,predictions/masks/qata_test_sub-S10013_ses-E20488_run-1_bp-chest_vp-ap_cr.png,predictions/probabilities/qata_test_sub-S10013_ses-E20488_run-1_bp-chest_vp-ap_cr.npy
qata_test_sub-S10013_ses-E22084_run-1_bp-chest_vp-pa_cr,sub-S10013,unet,1002,0.8537939543536769,0.7448869752559264,51.998557292037255,6.619342817350676,predictions/masks/qata_test_sub-S10013_ses-E22084_run-1_bp-chest_vp-pa_cr.png,predictions/probabilities/qata_test_sub-S10013_ses-E22084_run-1_bp-chest_vp-pa_cr.npy
qata_test_sub-S10013_ses-E22426_run-1_bp-chest_vp-ap_cr,sub-S10013,unet,1002,0.9437015023943891,0.8934041888106689,5.014852927038904,1.215381544822772,predictions/masks/qata_test_sub-S10013_ses-E22426_run-1_bp-chest_vp-ap_cr.png,predictions/probabilities/qata_test_sub-S10013_ses-E22426_run-1_bp-chest_vp-ap_cr.npy
qata_test_sub-S10013_ses-E23444_run-1_bp-chest_vp-ap_cr,sub-S10013,unet,1002,0.9690783548486259,0.9400116482245193,2.0,0.664575981061921,predictions/masks/qata_test_sub-S10013_ses-E23444_run-1_bp-chest_vp-ap_cr.png,predictions/probabilities/qata_test_sub-S10013_ses-E23444_run-1_bp-chest_vp-ap_cr.npy
qata_test_sub-S10013_ses-E26372_run-1_bp-chest_vp-ap_cr,sub-S10013,unet,1002,0.9460912302261858,0.8976974642976144,4.123105625617661,1.1884535199440396,predictions/masks/qata_test_sub-S10013_ses-E26372_run-1_bp-chest_vp-ap_cr.png,predictions/probabilities/qata_test_sub-S10013_ses-E26372_run-1_bp-chest_vp-ap_cr.npy
qata_test_sub-S10013_ses-E26373_run-1_bp-chest_vp-ap_cr,sub-S10013,unet,1002,0.9570310013370869,0.9176025390635058,3.605551275463989,1.0099509625305134,predictions/masks/qata_test_sub-S10013_ses-E26373_run-1_bp-chest_vp-ap_cr.png,predictions/probabilities/qata_test_sub-S10013_ses-E26373_run-1_bp-chest_vp-ap_cr.npy
qata_test_sub-S10015_ses-E25056_run-1_bp-chest_vp-pa_cr,sub-S10015,unet,1002,0.7956403269810453,0.660633484178252,113.03891030512452,20.687101629833492,predictions/masks/qata_test_sub-S10015_ses-E25056_run-1_bp-chest_vp-pa_cr.png,predictions/probabilities/qata_test_sub-S10015_ses-E25056_run-1_bp-chest_vp-pa_cr.npy
qata_test_sub-S10019_ses-E19307_run-1_bp-chest_vp-ap_cr,sub-S10019,unet,1002,0.9807409966319166,0.9622097949503287,2.0,0.5395814989456836,predictions/masks/qata_test_sub-S10019_ses-E19307_run-1_bp-chest_vp-ap_cr.png,predictions/probabilities/qata_test_sub-S10019_ses-E19307_run-1_bp-chest_vp-ap_cr.npy
qata_test_sub-S10019_ses-E25650_run-1_bp-chest_vp-pa_dx,sub-S10019,unet,1002,0.7943370376039833,0.658838383846999,12.0,3.013349089500601,predictions/masks/qata_test_sub-S10019_ses-E25650_run-1_bp-chest_vp-pa_dx.png,predictions/probabilities/qata_test_sub-S10019_ses-E25650_run-1_bp-chest_vp-pa_dx.npy
qata_test_sub-S10020_ses-E17231_run-1_bp-chest_vp-pa_cr,sub-S10020,unet,1002,0.8826739427092309,0.7899877900134324,3.4725691908753014,1.1647229522683011,predictions/masks/qata_test_sub-S10020_ses-E17231_run-1_bp-chest_vp-pa_cr.png,predictions/probabilities/qata_test_sub-S10020_ses-E17231_run-1_bp-chest_vp-pa_cr.npy
qata_test_sub-S10023_ses-E19360_run-1_bp-chest_vp-ap_cr,sub-S10023,unet,1002,0.9557351011671993,0.9152228541203861,4.894427190999892,1.3984216490436812,predictions/masks/qata_test_sub-S10023_ses-E19360_run-1_bp-chest_vp-ap_cr.png,predictions/probabilities/qata_test_sub-S10023_ses-E19360_run-1_bp-chest_vp-ap_cr.npy
qata_test_sub-S10023_ses-E22543_run-1_bp-chest_vp-ap_dx,sub-S10023,unet,1002,0.9763951095509971,0.9538789025547628,2.23606797749979,0.7107022816506893,predictions/masks/qata_test_sub-S10023_ses-E22543_run-1_bp-chest_vp-ap_dx.png,predictions/probabilities/qata_test_sub-S10023_ses-E22543_run-1_bp-chest_vp-ap_dx.npy
qata_test_sub-S10023_ses-E25707_run-1_bp-chest_vp-pa_dx,sub-S10023,unet,1002,0.7374195087112468,0.5840574235140138,12.041594578792296,8.517350947575588,predictions/masks/qata_test_sub-S10023_ses-E25707_run-1_bp-chest_vp-pa_dx.png,predictions/probabilities/qata_test_sub-S10023_ses-E25707_run-1_bp-chest_vp-pa_dx.npy
qata_test_sub-S10024_ses-E17235_run-1_bp-chest_vp-pa_dx,sub-S10024,unet,1002,0.8943089430913403,0.8088235294180123,11.176174977679906,2.2543794971379114,predictions/masks/qata_test_sub-S10024_ses-E17235_run-1_bp-chest_vp-pa_dx.png,predictions/probabilities/qata_test_sub-S10024_ses-E17235_run-1_bp-chest_vp-pa_dx.npy
qata_test_sub-S10024_ses-E19091_run-2_bp-chest_vp-ap_dx,sub-S10024,unet,1002,0.971703030754443,0.9449634296477301,3.0,0.9008114194163034,predictions/masks/qata_test_sub-S10024_ses-E19091_run-2_bp-chest_vp-ap_dx.png,predictions/probabilities/qata_test_sub-S10024_ses-E19091_run-2_bp-chest_vp-ap_dx.npy
qata_test_sub-S10024_ses-E20587_run-1_bp-chest_vp-ap_dx,sub-S10024,unet,1002,0.8132045739229334,0.6852104044689826,19.984971769034253,3.437674450774403,predictions/masks/qata_test_sub-S10024_ses-E20587_run-1_bp-chest_vp-ap_dx.png,predictions/probabilities/qata_test_sub-S10024_ses-E20587_run-1_bp-chest_vp-ap_dx.npy
qata_test_sub-S10024_ses-E24000_run-1_bp-chest_vp-ap_dx,sub-S10024,unet,1002,0.8901960784330287,0.8021201413481348,6.379553562304025,1.977355246705121,predictions/masks/qata_test_sub-S10024_ses-E24000_run-1_bp-chest_vp-ap_dx.png,predictions/probabilities/qata_test_sub-S10024_ses-E24000_run-1_bp-chest_vp-ap_dx.npy
qata_test_sub-S10027_ses-E19320_run-1_bp-chest_vp-ap_dx,sub-S10027,unet,1002,0.09605488855940222,0.05045045050748045,129.89918401361783,56.4802868470056,predictions/masks/qata_test_sub-S10027_ses-E19320_run-1_bp-chest_vp-ap_dx.png,predictions/probabilities/qata_test_sub-S10027_ses-E19320_run-1_bp-chest_vp-ap_dx.npy
qata_test_sub-S10029_ses-E17250_run-1_bp-chest_vp-pa_dx,sub-S10029,unet,1002,0.9083704804403977,0.8321234119934552,2.8284271247461903,1.0526900198446665,predictions/masks/qata_test_sub-S10029_ses-E17250_run-1_bp-chest_vp-pa_dx.png,predictions/probabilities/qata_test_sub-S10029_ses-E17250_run-1_bp-chest_vp-pa_dx.npy
qata_test_sub-S10029_ses-E17802_run-1_bp-chest_vp-pa_dx,sub-S10029,unet,1002,0.813976705497039,0.6863075196584564,102.94974105004782,19.879589903902154,predictions/masks/qata_test_sub-S10029_ses-E17802_run-1_bp-chest_vp-pa_dx.png,predictions/probabilities/qata_test_sub-S10029_ses-E17802_run-1_bp-chest_vp-pa_dx.npy
qata_test_sub-S10032_ses-E25750_run-1_bp-chest_vp-pa_cr,sub-S10032,unet,1002,0.39493195683345905,0.24605309321429006,117.62248704574196,36.81724935146365,predictions/masks/qata_test_sub-S10032_ses-E25750_run-1_bp-chest_vp-pa_cr.png,predictions/probabilities/qata_test_sub-S10032_ses-E25750_run-1_bp-chest_vp-pa_cr.npy
qata_test_sub-S10036_ses-E25397_run-1_bp-chest_vp-ap_cr,sub-S10036,unet,1002,0.8947149396631413,0.8094879518215747,6.328483766191565,1.5558913321674652,predictions/masks/qata_test_sub-S10036_ses-E25397_run-1_bp-chest_vp-ap_cr.png,predictions/probabilities/qata_test_sub-S10036_ses-E25397_run-1_bp-chest_vp-ap_cr.npy
qata_test_sub-S10036_ses-E26543_run-1_bp-chest_vp-ap_cr,sub-S10036,unet,1002,0.4556917066337117,0.2950781968883377,51.230849300006696,12.347925855333733,predictions/masks/qata_test_sub-S10036_ses-E26543_run-1_bp-chest_vp-ap_cr.png,predictions/probabilities/qata_test_sub-S10036_ses-E26543_run-1_bp-chest_vp-ap_cr.npy
