sample_id,source_id,probability_path,prediction_path,dice,miou,hd95,assd
mosmed_test_Jun_coronacases_case8_246,Jun_coronacases_case8,probabilities/mosmed_test_Jun_coronacases_case8_246.npy,masks/mosmed_test_Jun_coronacases_case8_246.png,0.8391608392733141,0.7228915665989258,1.0,0.2780018899325053
mosmed_test_Jun_coronacases_case1_226,Jun_coronacases_case1,probabilities/mosmed_test_Jun_coronacases_case1_226.npy,masks/mosmed_test_Jun_coronacases_case1_226.png,0.698795181085789,0.5370370378943758,85.71551286782245,9.979265362513647
mosmed_test_Jun_radiopaedia_4_85506_1_case19_8,Jun_radiopaedia_4_85506_1_case19,probabilities/mosmed_test_Jun_radiopaedia_4_85506_1_case19_8.npy,masks/mosmed_test_Jun_radiopaedia_4_85506_1_case19_8.png,0.890794223831643,0.8030919446864855,2.23606797749979,0.557176562873021
mosmed_test_Jun_coronacases_case8_200,Jun_coronacases_case8,probabilities/mosmed_test_Jun_coronacases_case8_200.npy,masks/mosmed_test_Jun_coronacases_case8_200.png,0.7361563518774734,0.5824742270193431,2.23606797749979,0.6540951904947024
mosmed_test_Jun_coronacases_case7_148,Jun_coronacases_case7,probabilities/mosmed_test_Jun_coronacases_case7_148.npy,masks/mosmed_test_Jun_coronacases_case7_148.png,0.9006622516687864,0.8192771084772826,2.0,0.4639147806561435
mosmed_test_Morozov_study_0264_27,Morozov_study_0264,probabilities/mosmed_test_Morozov_study_0264_27.npy,masks/mosmed_test_Morozov_study_0264_27.png,0.7407407408007545,0.5882352942690311,4.019594755586932,0.875129683911443
mosmed_test_Morozov_study_0274_10,Morozov_study_0274,probabilities/mosmed_test_Morozov_study_0274_10.npy,masks/mosmed_test_Morozov_study_0274_10.png,0.6599190283745021,0.49244712998603524,4.123105625617661,1.5672841877881651
mosmed_test_Jun_coronacases_case8_211,Jun_coronacases_case8,probabilities/mosmed_test_Jun_coronacases_case8_211.npy,masks/mosmed_test_Jun_coronacases_case8_211.png,0.8524590164418168,0.7428571430040817,2.23606797749979,1.0664984252931846
mosmed_test_Jun_coronacases_case7_88,Jun_coronacases_case7,probabilities/mosmed_test_Jun_coronacases_case7_88.npy,masks/mosmed_test_Jun_coronacases_case7_88.png,0.7741935484431282,0.6315789475175794,2.473011636398353,0.9144481492110819
mosmed_test_Jun_coronacases_case8_137,Jun_coronacases_case8,probabilities/mosmed_test_Jun_coronacases_case8_137.npy,masks/mosmed_test_Jun_coronacases_case8_137.png,0.8917966784151083,0.8047229791276364,2.79880916738383,0.786449990821646
mosmed_test_Jun_radiopaedia_7_85703_0_case20_9,Jun_radiopaedia_7_85703_0_case20,probabilities/mosmed_test_Jun_radiopaedia_7_85703_0_case20_9.npy,masks/mosmed_test_Jun_radiopaedia_7_85703_0_case20_9.png,0.7597633136378978,0.6125954199212605,4.242640687119285,1.0119481650504618
mosmed_test_Morozov_study_0262_11,Morozov_study_0262,probabilities/mosmed_test_Morozov_study_0262_11.npy,masks/mosmed_test_Morozov_study_0262_11.png,0.5352112676651458,0.3653846154955621,61.32920459926645,20.75348140136099
mosmed_test_Jun_coronacases_case4_119,Jun_coronacases_case4,probabilities/mosmed_test_Jun_coronacases_case4_119.npy,masks/mosmed_test_Jun_coronacases_case4_119.png,0.8206388206828897,0.6958333334600695,8.06225774829855,1.3213946544439248
mosmed_test_Jun_radiopaedia_7_85703_0_case20_33,Jun_radiopaedia_7_85703_0_case20,probabilities/mosmed_test_Jun_radiopaedia_7_85703_0_case20_33.npy,masks/mosmed_test_Jun_radiopaedia_7_85703_0_case20_33.png,0.9145600000013671,0.8425707547216224,4.242640687119285,1.2501211643057915
mosmed_test_Jun_radiopaedia_40_86625_0_case18_54,Jun_radiopaedia_40_86625_0_case18,probabilities/mosmed_test_Jun_radiopaedia_40_86625_0_case18_54.npy,masks/mosmed_test_Jun_radiopaedia_40_86625_0_case18_54.png,0.8866386762177496,0.7963620230746149,4.0,1.0759925528457515
mosmed_test_Morozov_study_0268_9,Morozov_study_0268,probabilities/mosmed_test_Morozov_study_0268_9.npy,masks/mosmed_test_Morozov_study_0268_9.png,0.5140186918158791,0.3459119500969107,6.082762530298219,1.6642095263632544
mosmed_test_Jun_radiopaedia_7_85703_0_case20_19,Jun_radiopaedia_7_85703_0_case20,probabilities/mosmed_test_Jun_radiopaedia_7_85703_0_case20_19.npy,masks/mosmed_test_Jun_radiopaedia_7_85703_0_case20_19.png,0.8657429527058891,0.7632687447545687,3.317423425521853,1.0514160130680064
mosmed_test_Jun_coronacases_case9_161,Jun_coronacases_case9,probabilities/mosmed_test_Jun_coronacases_case9_161.npy,masks/mosmed_test_Jun_coronacases_case9_161.png,0.7259259259935985,0.5697674420272218,2.23606797749979,0.8640785357066427
mosmed_test_Morozov_study_0292_20,Morozov_study_0292,probabilities/mosmed_test_Morozov_study_0292_20.npy,masks/mosmed_test_Morozov_study_0292_20.png,0.8849431818263535,0.7936305732746968,6.45883233459366,2.01432203204611
mosmed_test_Morozov_study_0258_21,Morozov_study_0258,probabilities/mosmed_test_Morozov_study_0258_21.npy,masks/mosmed_test_Morozov_study_0258_21.png,0.9103448275965121,0.8354430380094002,69.91120858337209,4.77467351524031
mosmed_test_Jun_coronacases_case3_151,Jun_coronacases_case3,probabilities/mosmed_test_Jun_coronacases_case3_151.npy,masks/mosmed_test_Jun_coronacases_case3_151.png,0.8967901234618869,0.8128916741438771,2.413775721673683,0.7414985856383978
mosmed_test_Morozov_study_0256_15,Morozov_study_0256,probabilities/mosmed_test_Morozov_study_0256_15.npy,masks/mosmed_test_Morozov_study_0256_15.png,1.1111110987654323e-08,1.1111110987654323e-08,316.7838379715733,316.7838379715733
mosmed_test_Jun_coronacases_case3_102,Jun_coronacases_case3,probabilities/mosmed_test_Jun_coronacases_case3_102.npy,masks/mosmed_test_Jun_coronacases_case3_102.png,0.9164522216518022,0.8457884737224259,5.830951894845301,1.419042522078801
mosmed_test_Jun_coronacases_case7_96,Jun_coronacases_case7,probabilities/mosmed_test_Jun_coronacases_case7_96.npy,masks/mosmed_test_Jun_coronacases_case7_96.png,0.8779443254948668,0.7824427481331218,2.8284271247461903,0.7115711481725681
mosmed_test_Morozov_study_0292_24,Morozov_study_0292,probabilities/mosmed_test_Morozov_study_0292_24.npy,masks/mosmed_test_Morozov_study_0292_24.png,0.475000000328125,0.31147541040043003,22.588161260952713,6.067455522169859
mosmed_test_Morozov_study_0258_20,Morozov_study_0258,probabilities/mosmed_test_Morozov_study_0258_20.npy,masks/mosmed_test_Morozov_study_0258_20.png,0.8957169460059853,0.8111298482611924,73.824115301167,6.384502694314025
mosmed_test_Morozov_study_0273_15,Morozov_study_0273,probabilities/mosmed_test_Morozov_study_0273_15.npy,masks/mosmed_test_Morozov_study_0273_15.png,0.8796296296853566,0.7851239671197322,1.5313708498984695,0.38801352205874196
mosmed_test_Jun_coronacases_case4_75,Jun_coronacases_case4,probabilities/mosmed_test_Jun_coronacases_case4_75.npy,masks/mosmed_test_Jun_coronacases_case4_75.png,0.7775061125238372,0.6360000001456,2.23606797749979,0.8964584909809912
mosmed_test_Jun_coronacases_case6_65,Jun_coronacases_case6,probabilities/mosmed_test_Jun_coronacases_case6_65.npy,masks/mosmed_test_Jun_coronacases_case6_65.png,0.8169596690985564,0.6905594406135387,3.1622776601683795,0.9680672142118187
mosmed_test_Jun_radiopaedia_40_86625_0_case18_48,Jun_radiopaedia_40_86625_0_case18,probabilities/mosmed_test_Jun_radiopaedia_40_86625_0_case18_48.npy,masks/mosmed_test_Jun_radiopaedia_40_86625_0_case18_48.png,0.9215731905990042,0.8545533016863497,3.605551275463989,0.9305493125151478
mosmed_test_Jun_coronacases_case2_41,Jun_coronacases_case2,probabilities/mosmed_test_Jun_coronacases_case2_41.npy,masks/mosmed_test_Jun_coronacases_case2_41.png,0.8697674418907517,0.7695473251977172,51.035280558629445,7.673008252774218
mosmed_test_Jun_coronacases_case10_122,Jun_coronacases_case10,probabilities/mosmed_test_Jun_coronacases_case10_122.npy,masks/mosmed_test_Jun_coronacases_case10_122.png,0.89842726081591,0.8155859607486267,3.0,0.9092159775608817
mosmed_test_Jun_coronacases_case3_72,Jun_coronacases_case3,probabilities/mosmed_test_Jun_coronacases_case3_72.npy,masks/mosmed_test_Jun_coronacases_case3_72.png,0.9056160938825546,0.8275122549072453,3.605551275463989,1.0558307128310311
mosmed_test_Jun_coronacases_case7_75,Jun_coronacases_case7,probabilities/mosmed_test_Jun_coronacases_case7_75.npy,masks/mosmed_test_Jun_coronacases_case7_75.png,0.5714285775510204,0.4000000119999997,1.0,0.42857142857142855
mosmed_test_Jun_radiopaedia_27_86410_0_case14_30,Jun_radiopaedia_27_86410_0_case14,probabilities/mosmed_test_Jun_radiopaedia_27_86410_0_case14_30.npy,masks/mosmed_test_Jun_radiopaedia_27_86410_0_case14_30.png,0.8030523255885519,0.6709168184777828,5.385164807134504,1.3685083338322406
mosmed_test_Morozov_study_0266_20,Morozov_study_0266,probabilities/mosmed_test_Morozov_study_0266_20.npy,masks/mosmed_test_Morozov_study_0266_20.png,8.333333263888889e-09,8.333333263888889e-09,18.065112631849647,14.444705789564017
mosmed_test_Jun_radiopaedia_14_85914_0_case13_6,Jun_radiopaedia_14_85914_0_case13,probabilities/mosmed_test_Jun_radiopaedia_14_85914_0_case13_6.npy,masks/mosmed_test_Jun_radiopaedia_14_85914_0_case13_6.png,0.8926553672403023,0.8061224490078539,3.7633307652783845,0.8236093839598044
mosmed_test_Jun_coronacases_case5_151,Jun_coronacases_case5,probabilities/mosmed_test_Jun_coronacases_case5_151.npy,masks/mosmed_test_Jun_coronacases_case5_151.png,0.9158878504830117,0.8448275862604042,1.4142135623730951,0.45302034015000014
mosmed_test_Jun_radiopaedia_36_86526_0_case17_33,Jun_radiopaedia_36_86526_0_case17,probabilities/mosmed_test_Jun_radiopaedia_36_86526_0_case17_33.npy,masks/mosmed_test_Jun_radiopaedia_36_86526_0_case17_33.png,0.6235294119861592,0.4529914534589817,3.1622776601683795,1.254831914942318
mosmed_test_Morozov_study_0256_10,Morozov_study_0256,probabilities/mosmed_test_Morozov_study_0256_10.npy,masks/mosmed_test_Morozov_study_0256_10.png,0.05194805317928825,0.026666667964444443,130.5180923957336,36.13133974216172
mosmed_test_Jun_coronacases_case1_207,Jun_coronacases_case1,probabilities/mosmed_test_Jun_coronacases_case1_207.npy,masks/mosmed_test_Jun_coronacases_case1_207.png,0.7518307567329673,0.6023468057884815,3.605551275463989,1.751720116794883
mosmed_test_Morozov_study_0298_9,Morozov_study_0298,probabilities/mosmed_test_Morozov_study_0298_9.npy,masks/mosmed_test_Morozov_study_0298_9.png,0.8697621744201854,0.7695390782024972,7.466449110139111,6.231893575529669
mosmed_test_bjorke_26,bjorke_26,probabilities/mosmed_test_bjorke_26.npy,masks/mosmed_test_bjorke_26.png,0.8740984205252068,0.7763542004577302,5.385164807134504,1.8947078439043157
mosmed_test_Jun_coronacases_case10_98,Jun_coronacases_case10,probabilities/mosmed_test_Jun_coronacases_case10_98.npy,masks/mosmed_test_Jun_coronacases_case10_98.png,0.8881959910962942,0.7988782051443206,2.23606797749979,0.7508655185753599
mosmed_test_Jun_coronacases_case10_200,Jun_coronacases_case10,probabilities/mosmed_test_Jun_coronacases_case10_200.npy,masks/mosmed_test_Jun_coronacases_case10_200.png,0.8533668974289889,0.7442371021136952,4.330495168499674,1.1039767964949903
mosmed_test_Jun_coronacases_case3_71,Jun_coronacases_case3,probabilities/mosmed_test_Jun_coronacases_case3_71.npy,masks/mosmed_test_Jun_coronacases_case3_71.png,0.9217214503571379,0.8548082966733247,5.0,1.1910166205132824
mosmed_test_Jun_coronacases_case5_170,Jun_coronacases_case5,probabilities/mosmed_test_Jun_coronacases_case5_170.npy,masks/mosmed_test_Jun_coronacases_case5_170.png,0.5846153852544379,0.413043479536862,3.361750787051402,1.0141288732280933
mosmed_test_Morozov_study_0297_9,Morozov_study_0297,probabilities/mosmed_test_Morozov_study_0297_9.npy,masks/mosmed_test_Morozov_study_0297_9.png,0.7161055505133711,0.5577604536103642,4.0,1.1750214772656307
mosmed_test_Jun_coronacases_case9_131,Jun_coronacases_case9,probabilities/mosmed_test_Jun_coronacases_case9_131.npy,masks/mosmed_test_Jun_coronacases_case9_131.png,0.9431438127128332,0.8924050633047589,1.0,0.4855678614474769
mosmed_test_Jun_coronacases_case7_131,Jun_coronacases_case7,probabilities/mosmed_test_Jun_coronacases_case7_131.npy,masks/mosmed_test_Jun_coronacases_case7_131.png,0.8764389869626678,0.7800546448387904,3.0,0.7219096539958115
mosmed_test_Morozov_study_0294_35,Morozov_study_0294,probabilities/mosmed_test_Morozov_study_0294_35.npy,masks/mosmed_test_Morozov_study_0294_35.png,0.9333333334814815,0.8750000005208334,1.0,0.1111111111111111
mosmed_test_Jun_radiopaedia_10_85902_3_case12_107,Jun_radiopaedia_10_85902_3_case12,probabilities/mosmed_test_Jun_radiopaedia_10_85902_3_case12_107.npy,masks/mosmed_test_Jun_radiopaedia_10_85902_3_case12_107.png,0.903575297951942,0.8241106719715197,2.8284271247461903,0.7641819257256992
mosmed_test_Morozov_study_0271_25,Morozov_study_0271,probabilities/mosmed_test_Morozov_study_0271_25.npy,masks/mosmed_test_Morozov_study_0271_25.png,0.8316151203327782,0.7117647060519031,1.8242640687119218,0.43959334186892834
mosmed_test_Jun_coronacases_case8_238,Jun_coronacases_case8,probabilities/mosmed_test_Jun_coronacases_case8_238.npy,masks/mosmed_test_Jun_coronacases_case8_238.png,0.8181818183884297,0.6923076928994083,1.3106601717798214,0.37088952522150115
mosmed_test_Jun_coronacases_case1_95,Jun_coronacases_case1,probabilities/mosmed_test_Jun_coronacases_case1_95.npy,masks/mosmed_test_Jun_coronacases_case1_95.png,0.9237510955369193,0.8583061889481586,2.0,0.46070541190574127
mosmed_test_Jun_coronacases_case4_163,Jun_coronacases_case4,probabilities/mosmed_test_Jun_coronacases_case4_163.npy,masks/mosmed_test_Jun_coronacases_case4_163.png,0.9096045197995467,0.8341968912776182,1.0,0.3702665042944956
mosmed_test_Morozov_study_0261_26,Morozov_study_0261,probabilities/mosmed_test_Morozov_study_0261_26.npy,masks/mosmed_test_Morozov_study_0261_26.png,0.893854748662651,0.8080808082746659,1.0,0.37090504344357433
mosmed_test_Morozov_study_0270_18,Morozov_study_0270,probabilities/mosmed_test_Morozov_study_0270_18.npy,masks/mosmed_test_Morozov_study_0270_18.png,0.608208955296976,0.43699731918579154,26.01244047484066,2.76700457874393
mosmed_test_Morozov_study_0294_28,Morozov_study_0294,probabilities/mosmed_test_Morozov_study_0294_28.npy,masks/mosmed_test_Morozov_study_0294_28.png,0.790322580814256,0.6533333337955556,3.0,0.7335077666672398
mosmed_test_Jun_radiopaedia_7_85703_0_case20_18,Jun_radiopaedia_7_85703_0_case20,probabilities/mosmed_test_Jun_radiopaedia_7_85703_0_case20_18.npy,masks/mosmed_test_Jun_radiopaedia_7_85703_0_case20_18.png,0.8496993988051252,0.7386759582109167,5.0,1.1665719514910335
mosmed_test_Morozov_study_0288_12,Morozov_study_0288,probabilities/mosmed_test_Morozov_study_0288_12.npy,masks/mosmed_test_Morozov_study_0288_12.png,0.7819732034193272,0.6420000000238666,4.123105625617661,1.241738380441388
mosmed_test_Morozov_study_0258_22,Morozov_study_0258,probabilities/mosmed_test_Morozov_study_0258_22.npy,masks/mosmed_test_Morozov_study_0258_22.png,0.8845208845350712,0.7929515418958256,22.571596088565794,1.7863698844972955
mosmed_test_Jun_coronacases_case9_181,Jun_coronacases_case9,probabilities/mosmed_test_Jun_coronacases_case9_181.npy,masks/mosmed_test_Jun_coronacases_case9_181.png,0.9039215686368705,0.8246869409973727,2.0,0.5945695872833248
mosmed_test_Morozov_study_0286_24,Morozov_study_0286,probabilities/mosmed_test_Morozov_study_0286_24.npy,masks/mosmed_test_Morozov_study_0286_24.png,0.5205479458622632,0.3518518530521262,40.51789632129815,12.399887165362232
mosmed_test_Morozov_study_0286_17,Morozov_study_0286,probabilities/mosmed_test_Morozov_study_0286_17.npy,masks/mosmed_test_Morozov_study_0286_17.png,0.542901716139953,0.37259100655833166,55.80746297394168,8.50655073076113
mosmed_test_Jun_coronacases_case8_251,Jun_coronacases_case8,probabilities/mosmed_test_Jun_coronacases_case8_251.npy,masks/mosmed_test_Jun_coronacases_case8_251.png,0.7200000003733334,0.5625000009114584,1.4142135623730951,0.4891739967088323
mosmed_test_Jun_coronacases_case9_104,Jun_coronacases_case9,probabilities/mosmed_test_Jun_coronacases_case9_104.npy,masks/mosmed_test_Jun_coronacases_case9_104.png,0.91881918820686,0.8498293515870888,1.0,0.41072902053633137
mosmed_test_Jun_coronacases_case10_101,Jun_coronacases_case10,probabilities/mosmed_test_Jun_coronacases_case10_101.npy,masks/mosmed_test_Jun_coronacases_case10_101.png,0.8921527486406986,0.80530303031778,2.23606797749979,0.8466895245584195
mosmed_test_Morozov_study_0279_16,Morozov_study_0279,probabilities/mosmed_test_Morozov_study_0279_16.npy,masks/mosmed_test_Morozov_study_0279_16.png,0.9220657277068481,0.8554006968893031,2.8284271247461903,0.6301330794109872
mosmed_test_Jun_radiopaedia_29_86491_1_case16_16,Jun_radiopaedia_29_86491_1_case16,probabilities/mosmed_test_Jun_radiopaedia_29_86491_1_case16_16.npy,masks/mosmed_test_Jun_radiopaedia_29_86491_1_case16_16.png,0.9385245901765319,0.8841698842146061,1.4142135623730951,0.45756498879839375
mosmed_test_Jun_coronacases_case8_92,Jun_coronacases_case8,probabilities/mosmed_test_Jun_coronacases_case8_92.npy,masks/mosmed_test_Jun_coronacases_case8_92.png,0.8749181401522647,0.7776484284310071,2.23606797749979,0.7108860424037251
mosmed_test_Jun_coronacases_case4_60,Jun_coronacases_case4,probabilities/mosmed_test_Jun_coronacases_case4_60.npy,masks/mosmed_test_Jun_coronacases_case4_60.png,0.821428571747449,0.6969696978879706,1.0,0.3860591981645412
mosmed_test_Morozov_study_0294_20,Morozov_study_0294,probabilities/mosmed_test_Morozov_study_0294_20.npy,masks/mosmed_test_Morozov_study_0294_20.png,0.9075630252877621,0.8307692310295859,1.0,0.32447786915067617
mosmed_test_Jun_radiopaedia_40_86625_0_case18_29,Jun_radiopaedia_40_86625_0_case18,probabilities/mosmed_test_Jun_radiopaedia_40_86625_0_case18_29.npy,masks/mosmed_test_Jun_radiopaedia_40_86625_0_case18_29.png,0.9096755334706258,0.8343163538903607,7.615773105863909,1.7790070582877249
mosmed_test_Jun_coronacases_case5_140,Jun_coronacases_case5,probabilities/mosmed_test_Jun_coronacases_case5_140.npy,masks/mosmed_test_Jun_coronacases_case5_140.png,0.8737864077874132,0.7758620690299247,2.0,0.7068332599118043
mosmed_test_Jun_coronacases_case3_126,Jun_coronacases_case3,probabilities/mosmed_test_Jun_coronacases_case3_126.npy,masks/mosmed_test_Jun_coronacases_case3_126.png,0.916883116884916,0.8465227817807145,2.8284271247461903,1.126196709557292
mosmed_test_Jun_coronacases_case8_71,Jun_coronacases_case8,probabilities/mosmed_test_Jun_coronacases_case8_71.npy,masks/mosmed_test_Jun_coronacases_case8_71.png,0.8217391304541588,0.6974169742255689,3.0,0.9638103044669765
mosmed_test_Jun_radiopaedia_27_86410_0_case14_42,Jun_radiopaedia_27_86410_0_case14,probabilities/mosmed_test_Jun_radiopaedia_27_86410_0_case14_42.npy,masks/mosmed_test_Jun_radiopaedia_27_86410_0_case14_42.png,0.817258883295112,0.6909871245961429,2.23606797749979,0.7804680278812615
mosmed_test_Jun_coronacases_case9_85,Jun_coronacases_case9,probabilities/mosmed_test_Jun_coronacases_case9_85.npy,masks/mosmed_test_Jun_coronacases_case9_85.png,0.5555555567901235,0.38461538698224845,2.23606797749979,0.7972508594231893
mosmed_test_Jun_radiopaedia_36_86526_0_case17_10,Jun_radiopaedia_36_86526_0_case17,probabilities/mosmed_test_Jun_radiopaedia_36_86526_0_case17_10.npy,masks/mosmed_test_Jun_radiopaedia_36_86526_0_case17_10.png,0.5787234043449525,0.40718562892000426,11.0,2.089809707905475
mosmed_test_Jun_coronacases_case9_126,Jun_coronacases_case9,probabilities/mosmed_test_Jun_coronacases_case9_126.npy,masks/mosmed_test_Jun_coronacases_case9_126.png,0.9398457583578486,0.8865179437549449,2.0,0.7733775489667747
mosmed_test_Morozov_study_0269_24,Morozov_study_0269,probabilities/mosmed_test_Morozov_study_0269_24.npy,masks/mosmed_test_Morozov_study_0269_24.png,0.5836909872138002,0.41212121229935716,5.039607805437112,1.5264557675936614
mosmed_test_Jun_coronacases_case8_90,Jun_coronacases_case8,probabilities/mosmed_test_Jun_coronacases_case8_90.npy,masks/mosmed_test_Jun_coronacases_case8_90.png,0.8906139731905001,0.8027989822133843,2.23606797749979,0.7979361415626313
mosmed_test_Jun_coronacases_case3_115,Jun_coronacases_case3,probabilities/mosmed_test_Jun_coronacases_case3_115.npy,masks/mosmed_test_Jun_coronacases_case3_115.png,0.9162313096754418,0.8454122340476924,3.0,1.2026178005988901
mosmed_test_Jun_coronacases_case9_145,Jun_coronacases_case9,probabilities/mosmed_test_Jun_coronacases_case9_145.npy,masks/mosmed_test_Jun_coronacases_case9_145.png,0.8745387454106018,0.7770491804009674,2.23606797749979,0.6002038804286036
mosmed_test_Jun_radiopaedia_10_85902_1_case11_11,Jun_radiopaedia_10_85902_1_case11,probabilities/mosmed_test_Jun_radiopaedia_10_85902_1_case11_11.npy,masks/mosmed_test_Jun_radiopaedia_10_85902_1_case11_11.png,0.9407725321939251,0.8881685575545918,1.4142135623730951,0.5466887758854281
mosmed_test_Jun_coronacases_case1_195,Jun_coronacases_case1,probabilities/mosmed_test_Jun_coronacases_case1_195.npy,masks/mosmed_test_Jun_coronacases_case1_195.png,0.8758915834610633,0.7791878172869051,2.23606797749979,1.184607721695309
mosmed_test_Jun_radiopaedia_40_86625_0_case18_73,Jun_radiopaedia_40_86625_0_case18,probabilities/mosmed_test_Jun_radiopaedia_40_86625_0_case18_73.npy,masks/mosmed_test_Jun_radiopaedia_40_86625_0_case18_73.png,0.8656716417952216,0.7631578947498269,4.22471042789403,1.0346922660409212
mosmed_test_Jun_radiopaedia_10_85902_3_case12_78,Jun_radiopaedia_10_85902_3_case12,probabilities/mosmed_test_Jun_radiopaedia_10_85902_3_case12_78.npy,masks/mosmed_test_Jun_radiopaedia_10_85902_3_case12_78.png,0.9321663019842087,0.8729508197242005,1.0,0.354746351419876
mosmed_test_Jun_coronacases_case5_162,Jun_coronacases_case5,probabilities/mosmed_test_Jun_coronacases_case5_162.npy,masks/mosmed_test_Jun_coronacases_case5_162.png,0.8342857143804081,0.7156862747885429,1.1035533905932737,0.5754441738241592
mosmed_test_Morozov_study_0276_36,Morozov_study_0276,probabilities/mosmed_test_Morozov_study_0276_36.npy,masks/mosmed_test_Morozov_study_0276_36.png,0.8228346457041664,0.6989966556190645,2.0,0.6503062001464828
mosmed_test_Morozov_study_0273_23,Morozov_study_0273,probabilities/mosmed_test_Morozov_study_0273_23.npy,masks/mosmed_test_Morozov_study_0273_23.png,0.7569955817736383,0.6090047394291458,78.14341462261726,8.156544589931416
mosmed_test_Jun_coronacases_case10_106,Jun_coronacases_case10,probabilities/mosmed_test_Jun_coronacases_case10_106.npy,masks/mosmed_test_Jun_coronacases_case10_106.png,0.8927582113220119,0.8062902073047684,2.23606797749979,0.8358339787465155
mosmed_test_Jun_radiopaedia_4_85506_1_case19_19,Jun_radiopaedia_4_85506_1_case19,probabilities/mosmed_test_Jun_radiopaedia_4_85506_1_case19_19.npy,masks/mosmed_test_Jun_radiopaedia_4_85506_1_case19_19.png,0.8553291012386347,0.7472270869892812,6.324555320336759,1.4522682132684976
mosmed_test_Jun_coronacases_case10_90,Jun_coronacases_case10,probabilities/mosmed_test_Jun_coronacases_case10_90.npy,masks/mosmed_test_Jun_coronacases_case10_90.png,0.8687214611947077,0.7679112008306851,2.0,0.7294055550384281
mosmed_test_Jun_coronacases_case8_119,Jun_coronacases_case8,probabilities/mosmed_test_Jun_coronacases_case8_119.npy,masks/mosmed_test_Jun_coronacases_case8_119.png,0.8967229394291597,0.812781278144664,2.0,0.5899230192051036
mosmed_test_Jun_coronacases_case5_133,Jun_coronacases_case5,probabilities/mosmed_test_Jun_coronacases_case5_133.npy,masks/mosmed_test_Jun_coronacases_case5_133.png,0.8800000000218183,0.7857142857838589,1.4142135623730951,0.5828702696610316
mosmed_test_Jun_radiopaedia_14_85914_0_case13_64,Jun_radiopaedia_14_85914_0_case13,probabilities/mosmed_test_Jun_radiopaedia_14_85914_0_case13_64.npy,masks/mosmed_test_Jun_radiopaedia_14_85914_0_case13_64.png,0.8695077634636107,0.76914085330666,9.423259298318378,1.9244914696337894
mosmed_test_Jun_coronacases_case2_78,Jun_coronacases_case2,probabilities/mosmed_test_Jun_coronacases_case2_78.npy,masks/mosmed_test_Jun_coronacases_case2_78.png,0.5090909093884297,0.341463415169542,11.721674414891837,3.26659931129716
mosmed_test_Morozov_study_0270_19,Morozov_study_0270,probabilities/mosmed_test_Morozov_study_0270_19.npy,masks/mosmed_test_Morozov_study_0270_19.png,0.7443037975330876,0.592741935648088,2.23606797749979,0.6601350190109161
mosmed_test_Jun_radiopaedia_4_85506_1_case19_20,Jun_radiopaedia_4_85506_1_case19,probabilities/mosmed_test_Jun_radiopaedia_4_85506_1_case19_20.npy,masks/mosmed_test_Jun_radiopaedia_4_85506_1_case19_20.png,0.7834967320305658,0.6440564137124226,9.219544457292887,1.8406358753395928
mosmed_test_Morozov_study_0292_26,Morozov_study_0292,probabilities/mosmed_test_Morozov_study_0292_26.npy,masks/mosmed_test_Morozov_study_0292_26.png,0.5217391309546314,0.35294117742214537,20.980767242639875,4.6549095135632115
mosmed_test_Jun_radiopaedia_10_85902_3_case12_150,Jun_radiopaedia_10_85902_3_case12,probabilities/mosmed_test_Jun_radiopaedia_10_85902_3_case12_150.npy,masks/mosmed_test_Jun_radiopaedia_10_85902_3_case12_150.png,0.9411003236284078,0.8887530562483187,1.4142135623730951,0.6081582669231674
mosmed_test_Jun_radiopaedia_4_85506_1_case19_12,Jun_radiopaedia_4_85506_1_case19,probabilities/mosmed_test_Jun_radiopaedia_4_85506_1_case19_12.npy,masks/mosmed_test_Jun_radiopaedia_4_85506_1_case19_12.png,0.8343865765980127,0.7158347354698853,21.840329667841555,3.5634416722147746
mosmed_test_Jun_coronacases_case2_49,Jun_coronacases_case2,probabilities/mosmed_test_Jun_coronacases_case2_49.npy,masks/mosmed_test_Jun_coronacases_case2_49.png,0.900692840669586,0.8193277311683497,2.0,0.5110012761273488
mosmed_test_Jun_coronacases_case10_256,Jun_coronacases_case10,probabilities/mosmed_test_Jun_coronacases_case10_256.npy,masks/mosmed_test_Jun_coronacases_case10_256.png,0.8757763975541067,0.7790055249839748,1.4142135623730951,0.5725964332937152
mosmed_test_Morozov_study_0297_37,Morozov_study_0297,probabilities/mosmed_test_Morozov_study_0297_37.npy,masks/mosmed_test_Morozov_study_0297_37.png,0.6916426513856937,0.5286343614411302,9.211336491335112,1.6356730764194944
mosmed_test_Morozov_study_0302_23,Morozov_study_0302,probabilities/mosmed_test_Morozov_study_0302_23.npy,masks/mosmed_test_Morozov_study_0302_23.png,0.7307692308986686,0.5757575760789715,2.8672833322820668,0.8133409966408922
mosmed_test_Jun_coronacases_case8_145,Jun_coronacases_case8,probabilities/mosmed_test_Jun_coronacases_case8_145.npy,masks/mosmed_test_Jun_coronacases_case8_145.png,0.8959790209835673,0.8115597783205416,2.23606797749979,0.7657934281848867
mosmed_test_Morozov_study_0289_12,Morozov_study_0289,probabilities/mosmed_test_Morozov_study_0289_12.npy,masks/mosmed_test_Morozov_study_0289_12.png,0.8169014085151755,0.6904761906604309,2.23606797749979,0.900163839399272
mosmed_test_Jun_coronacases_case10_213,Jun_coronacases_case10,probabilities/mosmed_test_Jun_coronacases_case10_213.npy,masks/mosmed_test_Jun_coronacases_case10_213.png,0.9109225874914675,0.836416747825081,2.0,0.6293775740654681
mosmed_test_Jun_radiopaedia_10_85902_1_case11_15,Jun_radiopaedia_10_85902_1_case11,probabilities/mosmed_test_Jun_radiopaedia_10_85902_1_case11_15.npy,masks/mosmed_test_Jun_radiopaedia_10_85902_1_case11_15.png,0.8632740649991861,0.7594390507271371,5.0990195135927845,1.3165509657179606
mosmed_test_Morozov_study_0295_24,Morozov_study_0295,probabilities/mosmed_test_Morozov_study_0295_24.npy,masks/mosmed_test_Morozov_study_0295_24.png,0.7722772279482404,0.6290322586628512,2.2242645786247994,0.7924030678143865
mosmed_test_Jun_radiopaedia_27_86410_0_case14_31,Jun_radiopaedia_27_86410_0_case14,probabilities/mosmed_test_Jun_radiopaedia_27_86410_0_case14_31.npy,masks/mosmed_test_Jun_radiopaedia_27_86410_0_case14_31.png,0.8109356950400102,0.6819948186734459,4.0,1.3035230348271856
mosmed_test_Morozov_study_0270_11,Morozov_study_0270,probabilities/mosmed_test_Morozov_study_0270_11.npy,masks/mosmed_test_Morozov_study_0270_11.png,0.4542772862966733,0.2938931300404988,37.239983155603625,6.775404790494202
mosmed_test_Jun_radiopaedia_10_85902_3_case12_173,Jun_radiopaedia_10_85902_3_case12,probabilities/mosmed_test_Jun_radiopaedia_10_85902_3_case12_173.npy,masks/mosmed_test_Jun_radiopaedia_10_85902_3_case12_173.png,0.9166666666727583,0.8461538461746081,2.23606797749979,0.8700183469140975
mosmed_test_Jun_coronacases_case8_219,Jun_coronacases_case8,probabilities/mosmed_test_Jun_coronacases_case8_219.npy,masks/mosmed_test_Jun_coronacases_case8_219.png,0.838174273892495,0.7214285715280612,10.827777303594297,1.7463515476603528
mosmed_test_bjorke_46,bjorke_46,probabilities/mosmed_test_bjorke_46.npy,masks/mosmed_test_bjorke_46.png,0.6690930266462499,0.5027346313825698,18.492805840404184,3.905935469673932
mosmed_test_Jun_coronacases_case8_217,Jun_coronacases_case8,probabilities/mosmed_test_Jun_coronacases_case8_217.npy,masks/mosmed_test_Jun_coronacases_case8_217.png,0.8472906404317018,0.7350427351559646,1.4142135623730951,0.47870419954895665
mosmed_test_Jun_coronacases_case9_93,Jun_coronacases_case9,probabilities/mosmed_test_Jun_coronacases_case9_93.npy,masks/mosmed_test_Jun_coronacases_case9_93.png,0.7379679145085647,0.5847457628878195,2.23606797749979,0.7756546028838078
mosmed_test_Jun_radiopaedia_27_86410_0_case14_26,Jun_radiopaedia_27_86410_0_case14,probabilities/mosmed_test_Jun_radiopaedia_27_86410_0_case14_26.npy,masks/mosmed_test_Jun_radiopaedia_27_86410_0_case14_26.png,0.8192204301136015,0.6937962436144681,5.0,1.5292664562117453
mosmed_test_Jun_coronacases_case5_146,Jun_coronacases_case5,probabilities/mosmed_test_Jun_coronacases_case5_146.npy,masks/mosmed_test_Jun_coronacases_case5_146.png,0.908163265321741,0.8317757009869857,1.5606601717798214,0.5241352010907242
mosmed_test_Jun_coronacases_case10_196,Jun_coronacases_case10,probabilities/mosmed_test_Jun_coronacases_case10_196.npy,masks/mosmed_test_Jun_coronacases_case10_196.png,0.9046242774612417,0.825857519804234,2.0,0.6158633240724875
mosmed_test_Jun_coronacases_case6_82,Jun_coronacases_case6,probabilities/mosmed_test_Jun_coronacases_case6_82.npy,masks/mosmed_test_Jun_coronacases_case6_82.png,0.9547540983636227,0.9134253450547772,1.4142135623730951,0.4559816309070174
mosmed_test_Jun_coronacases_case7_101,Jun_coronacases_case7,probabilities/mosmed_test_Jun_coronacases_case7_101.npy,masks/mosmed_test_Jun_coronacases_case7_101.png,0.8790419161821507,0.7841880342341478,24.17294006236547,2.2085358988131567
mosmed_test_Jun_coronacases_case9_110,Jun_coronacases_case9,probabilities/mosmed_test_Jun_coronacases_case9_110.npy,masks/mosmed_test_Jun_coronacases_case9_110.png,0.9424724602273595,0.891203703728888,1.0,0.35790425484776506
mosmed_test_Jun_radiopaedia_10_85902_3_case12_167,Jun_radiopaedia_10_85902_3_case12,probabilities/mosmed_test_Jun_radiopaedia_10_85902_3_case12_167.npy,masks/mosmed_test_Jun_radiopaedia_10_85902_3_case12_167.png,0.9187592319114654,0.8497267759768132,2.8284271247461903,0.6486389932488076
mosmed_test_Morozov_study_0256_34,Morozov_study_0256,probabilities/mosmed_test_Morozov_study_0256_34.npy,masks/mosmed_test_Morozov_study_0256_34.png,0.6932270917556864,0.5304878051643367,2.23606797749979,0.8264597677671158
mosmed_test_Jun_coronacases_case5_177,Jun_coronacases_case5,probabilities/mosmed_test_Jun_coronacases_case5_177.npy,masks/mosmed_test_Jun_coronacases_case5_177.png,0.64000000072,0.4705882368512111,2.0,0.7604321602433944
mosmed_test_Jun_coronacases_case6_80,Jun_coronacases_case6,probabilities/mosmed_test_Jun_coronacases_case6_80.npy,masks/mosmed_test_Jun_coronacases_case6_80.png,0.9514687100924988,0.9074299634704713,1.4142135623730951,0.48228337004400074
mosmed_test_Morozov_study_0260_14,Morozov_study_0260,probabilities/mosmed_test_Morozov_study_0260_14.npy,masks/mosmed_test_Morozov_study_0260_14.png,0.07812500008002386,0.040650406590727155,51.34074460754296,17.04736913620727
mosmed_test_Jun_coronacases_case10_258,Jun_coronacases_case10,probabilities/mosmed_test_Jun_coronacases_case10_258.npy,masks/mosmed_test_Jun_coronacases_case10_258.png,0.9090909091302637,0.8333333334656085,1.0,0.3530056200624499
mosmed_test_Jun_radiopaedia_14_85914_0_case13_54,Jun_radiopaedia_14_85914_0_case13,probabilities/mosmed_test_Jun_radiopaedia_14_85914_0_case13_54.npy,masks/mosmed_test_Jun_radiopaedia_14_85914_0_case13_54.png,0.8516523511449752,0.7416328600471188,6.0,1.695818920398964
mosmed_test_Jun_coronacases_case2_47,Jun_coronacases_case2,probabilities/mosmed_test_Jun_coronacases_case2_47.npy,masks/mosmed_test_Jun_coronacases_case2_47.png,0.8818181818450413,0.7886178862647895,2.0,0.6476013135563274
mosmed_test_Jun_coronacases_case4_120,Jun_coronacases_case4,probabilities/mosmed_test_Jun_coronacases_case4_120.npy,masks/mosmed_test_Jun_coronacases_case4_120.png,0.8846153846431213,0.7931034483650417,2.0,0.7521628351117886
mosmed_test_Morozov_study_0303_15,Morozov_study_0303,probabilities/mosmed_test_Morozov_study_0303_15.npy,masks/mosmed_test_Morozov_study_0303_15.png,0.8798114689803762,0.7854137447706292,3.0,0.7321104179946983
mosmed_test_Jun_coronacases_case7_92,Jun_coronacases_case7,probabilities/mosmed_test_Jun_coronacases_case7_92.npy,masks/mosmed_test_Jun_coronacases_case7_92.png,0.8042488619416921,0.6725888325704089,24.3925437957027,3.763965506011396
mosmed_test_Jun_radiopaedia_36_86526_0_case17_23,Jun_radiopaedia_36_86526_0_case17,probabilities/mosmed_test_Jun_radiopaedia_36_86526_0_case17_23.npy,masks/mosmed_test_Jun_radiopaedia_36_86526_0_case17_23.png,0.7935943060865491,0.6578171092454816,2.0,0.585864815064204
mosmed_test_Jun_radiopaedia_10_85902_1_case11_19,Jun_radiopaedia_10_85902_1_case11,probabilities/mosmed_test_Jun_radiopaedia_10_85902_1_case11_19.npy,masks/mosmed_test_Jun_radiopaedia_10_85902_1_case11_19.png,0.7529880478579705,0.6038338659412671,4.0,1.3507414898439716
mosmed_test_Jun_coronacases_case4_89,Jun_coronacases_case4,probabilities/mosmed_test_Jun_coronacases_case4_89.npy,masks/mosmed_test_Jun_coronacases_case4_89.png,0.8399545970669745,0.7240704501518453,2.8284271247461903,0.9780356039291017
mosmed_test_Jun_coronacases_case10_201,Jun_coronacases_case10,probabilities/mosmed_test_Jun_coronacases_case10_201.npy,masks/mosmed_test_Jun_coronacases_case10_201.png,0.8559523809609553,0.7481789802551323,3.0,1.1180068013414566
mosmed_test_Jun_radiopaedia_36_86526_0_case17_25,Jun_radiopaedia_36_86526_0_case17,probabilities/mosmed_test_Jun_radiopaedia_36_86526_0_case17_25.npy,masks/mosmed_test_Jun_radiopaedia_36_86526_0_case17_25.png,0.8535980149246655,0.7445887446993122,47.30826976543796,3.4649955629296083
mosmed_test_Jun_coronacases_case4_80,Jun_coronacases_case4,probabilities/mosmed_test_Jun_coronacases_case4_80.npy,masks/mosmed_test_Jun_coronacases_case4_80.png,0.8261437908723995,0.7037861916027203,2.23606797749979,3.562938932417242
mosmed_test_Jun_coronacases_case4_133,Jun_coronacases_case4,probabilities/mosmed_test_Jun_coronacases_case4_133.npy,masks/mosmed_test_Jun_coronacases_case4_133.png,0.8978930308107143,0.8147058824074395,2.0,0.7538112216606991
mosmed_test_Jun_coronacases_case7_138,Jun_coronacases_case7,probabilities/mosmed_test_Jun_coronacases_case7_138.npy,masks/mosmed_test_Jun_coronacases_case7_138.png,0.9225531914959529,0.8562401264050173,1.4142135623730951,0.5139650813961519
mosmed_test_Jun_coronacases_case4_101,Jun_coronacases_case4,probabilities/mosmed_test_Jun_coronacases_case4_101.npy,masks/mosmed_test_Jun_coronacases_case4_101.png,0.7374301676711089,0.5840707966442165,10.698502081359658,1.6758926471639992
mosmed_test_bjorke_82,bjorke_82,probabilities/mosmed_test_bjorke_82.npy,masks/mosmed_test_bjorke_82.png,0.6657081236760813,0.4989224138470989,26.92582403567252,3.645806113684972
mosmed_test_Morozov_study_0283_14,Morozov_study_0283,probabilities/mosmed_test_Morozov_study_0283_14.npy,masks/mosmed_test_Morozov_study_0283_14.png,0.7476635515197834,0.5970149256738695,3.605551275463989,1.6191446680786505
mosmed_test_Jun_radiopaedia_10_85902_3_case12_183,Jun_radiopaedia_10_85902_3_case12,probabilities/mosmed_test_Jun_radiopaedia_10_85902_3_case12_183.npy,masks/mosmed_test_Jun_radiopaedia_10_85902_3_case12_183.png,0.9239653513066443,0.8586762075386984,2.0,0.6368857214455528
mosmed_test_Jun_coronacases_case2_26,Jun_coronacases_case2,probabilities/mosmed_test_Jun_coronacases_case2_26.npy,masks/mosmed_test_Jun_coronacases_case2_26.png,3.846153831360946e-09,3.846153831360946e-09,316.7838379715733,316.7838379715733
mosmed_test_Jun_coronacases_case7_98,Jun_coronacases_case7,probabilities/mosmed_test_Jun_coronacases_case7_98.npy,masks/mosmed_test_Jun_coronacases_case7_98.png,0.8148148148338668,0.6875000000542536,4.123105625617661,1.0419927193809673
mosmed_test_Jun_coronacases_case5_99,Jun_coronacases_case5,probabilities/mosmed_test_Jun_coronacases_case5_99.npy,masks/mosmed_test_Jun_coronacases_case5_99.png,0.9542168674753956,0.9124423963335386,1.4142135623730951,0.39810514280112147
mosmed_test_Jun_radiopaedia_10_85902_3_case12_200,Jun_radiopaedia_10_85902_3_case12,probabilities/mosmed_test_Jun_radiopaedia_10_85902_3_case12_200.npy,masks/mosmed_test_Jun_radiopaedia_10_85902_3_case12_200.png,0.7859424920811685,0.6473684212382271,3.980277563773195,0.9719046407671811
mosmed_test_Jun_coronacases_case10_263,Jun_coronacases_case10,probabilities/mosmed_test_Jun_coronacases_case10_263.npy,masks/mosmed_test_Jun_coronacases_case10_263.png,0.877419354917794,0.7816091956533228,1.0,0.33498395025251215
mosmed_test_Jun_radiopaedia_10_85902_3_case12_80,Jun_radiopaedia_10_85902_3_case12,probabilities/mosmed_test_Jun_radiopaedia_10_85902_3_case12_80.npy,masks/mosmed_test_Jun_radiopaedia_10_85902_3_case12_80.png,0.9050505050696868,0.8265682657466537,1.6778174593051958,0.5412382572287767
mosmed_test_Jun_coronacases_case9_122,Jun_coronacases_case9,probabilities/mosmed_test_Jun_coronacases_case9_122.npy,masks/mosmed_test_Jun_coronacases_case9_122.png,0.9392146315255936,0.8853955375369781,1.5606601717798214,0.5564224175437438
mosmed_test_Jun_coronacases_case10_80,Jun_coronacases_case10,probabilities/mosmed_test_Jun_coronacases_case10_80.npy,masks/mosmed_test_Jun_coronacases_case10_80.png,0.8116883117494518,0.6830601094628087,1.9414213562373128,0.6460963711594158
mosmed_test_Jun_coronacases_case3_127,Jun_coronacases_case3,probabilities/mosmed_test_Jun_coronacases_case3_127.npy,masks/mosmed_test_Jun_coronacases_case3_127.png,0.9110463813598242,0.8366255144100155,3.0,1.1357703742022935
mosmed_test_Jun_radiopaedia_40_86625_0_case18_67,Jun_radiopaedia_40_86625_0_case18,probabilities/mosmed_test_Jun_radiopaedia_40_86625_0_case18_67.npy,masks/mosmed_test_Jun_radiopaedia_40_86625_0_case18_67.png,0.8246738890155942,0.7016553799961756,4.4985291572495765,1.3318493212686
mosmed_test_Jun_coronacases_case3_74,Jun_coronacases_case3,probabilities/mosmed_test_Jun_coronacases_case3_74.npy,masks/mosmed_test_Jun_coronacases_case3_74.png,0.8972691807558961,0.8136792452885118,4.0,1.1057397423613462
mosmed_test_Morozov_study_0280_23,Morozov_study_0280,probabilities/mosmed_test_Morozov_study_0280_23.npy,masks/mosmed_test_Morozov_study_0280_23.png,0.7683615819427154,0.6238532110666892,2.3545398069490293,0.8101157872264545
mosmed_test_Jun_radiopaedia_10_85902_3_case12_99,Jun_radiopaedia_10_85902_3_case12,probabilities/mosmed_test_Jun_radiopaedia_10_85902_3_case12_99.npy,masks/mosmed_test_Jun_radiopaedia_10_85902_3_case12_99.png,0.9331683168399544,0.8747099768272135,1.8242640687119218,0.5190468536399842
mosmed_test_Jun_coronacases_case10_247,Jun_coronacases_case10,probabilities/mosmed_test_Jun_coronacases_case10_247.npy,masks/mosmed_test_Jun_coronacases_case10_247.png,0.8595387840965327,0.7536764706787953,2.0,0.6999328689063895
mosmed_test_Morozov_study_0278_26,Morozov_study_0278,probabilities/mosmed_test_Morozov_study_0278_26.npy,masks/mosmed_test_Morozov_study_0278_26.png,0.9020979021150178,0.8216560510122115,2.0,0.5071805807579919
mosmed_test_Jun_coronacases_case3_78,Jun_coronacases_case3,probabilities/mosmed_test_Jun_coronacases_case3_78.npy,masks/mosmed_test_Jun_coronacases_case3_78.png,0.8791415157628553,0.7843465773148792,5.385164807134504,1.3959569677306396
mosmed_test_Morozov_study_0295_16,Morozov_study_0295,probabilities/mosmed_test_Morozov_study_0295_16.npy,masks/mosmed_test_Morozov_study_0295_16.png,0.804347826110586,0.6727272727933884,2.23606797749979,0.7187637374517545
mosmed_test_Morozov_study_0299_29,Morozov_study_0299,probabilities/mosmed_test_Morozov_study_0299_29.npy,masks/mosmed_test_Morozov_study_0299_29.png,0.6627906978704705,0.49565217435160686,88.76936408468859,21.197769860756612
mosmed_test_Jun_coronacases_case10_139,Jun_coronacases_case10,probabilities/mosmed_test_Jun_coronacases_case10_139.npy,masks/mosmed_test_Jun_coronacases_case10_139.png,0.8917107583812448,0.8045830681219235,2.8627416997969406,0.8398927561006668
mosmed_test_Morozov_study_0283_19,Morozov_study_0283,probabilities/mosmed_test_Morozov_study_0283_19.npy,masks/mosmed_test_Morozov_study_0283_19.png,1.9999999600000007e-08,1.9999999600000007e-08,316.7838379715733,316.7838379715733
mosmed_test_Jun_radiopaedia_40_86625_0_case18_58,Jun_radiopaedia_40_86625_0_case18,probabilities/mosmed_test_Jun_radiopaedia_40_86625_0_case18_58.npy,masks/mosmed_test_Jun_radiopaedia_40_86625_0_case18_58.png,0.8735244519408151,0.7754491018012094,5.830951894845301,1.4245400495597507
mosmed_test_Morozov_study_0280_19,Morozov_study_0280,probabilities/mosmed_test_Morozov_study_0280_19.npy,masks/mosmed_test_Morozov_study_0280_19.png,0.7846556233840752,0.6456241033506996,3.1622776601683795,0.895740480614487
mosmed_test_Jun_radiopaedia_7_85703_0_case20_16,Jun_radiopaedia_7_85703_0_case20,probabilities/mosmed_test_Jun_radiopaedia_7_85703_0_case20_16.npy,masks/mosmed_test_Jun_radiopaedia_7_85703_0_case20_16.png,0.8176656151534596,0.6915688367458305,3.605551275463989,1.0173033228946864
mosmed_test_Morozov_study_0303_8,Morozov_study_0303,probabilities/mosmed_test_Morozov_study_0303_8.npy,masks/mosmed_test_Morozov_study_0303_8.png,0.521739130594736,0.352941176763375,3.0,2.372878297299085
mosmed_test_Jun_coronacases_case8_148,Jun_coronacases_case8,probabilities/mosmed_test_Jun_coronacases_case8_148.npy,masks/mosmed_test_Jun_coronacases_case8_148.png,0.8920863309404277,0.8051948052116713,2.0,0.6350506029553699
mosmed_test_Jun_coronacases_case3_140,Jun_coronacases_case3,probabilities/mosmed_test_Jun_coronacases_case3_140.npy,masks/mosmed_test_Jun_coronacases_case3_140.png,0.9077705156170018,0.8311170212878247,2.0,0.6269486976917005
mosmed_test_Jun_radiopaedia_10_85902_3_case12_101,Jun_radiopaedia_10_85902_3_case12,probabilities/mosmed_test_Jun_radiopaedia_10_85902_3_case12_101.npy,masks/mosmed_test_Jun_radiopaedia_10_85902_3_case12_101.png,0.948235294123737,0.9015659955477481,1.0,0.3725159991563474
mosmed_test_Jun_coronacases_case10_114,Jun_coronacases_case10,probabilities/mosmed_test_Jun_coronacases_case10_114.npy,masks/mosmed_test_Jun_coronacases_case10_114.png,0.8677407268689494,0.766379880889055,3.605551275463989,1.2175258672067242
mosmed_test_Jun_coronacases_case10_89,Jun_coronacases_case10,probabilities/mosmed_test_Jun_coronacases_case10_89.npy,masks/mosmed_test_Jun_coronacases_case10_89.png,0.8657060518809392,0.763211382137885,2.8284271247461903,0.8005514892207937
mosmed_test_Jun_coronacases_case8_209,Jun_coronacases_case8,probabilities/mosmed_test_Jun_coronacases_case8_209.npy,masks/mosmed_test_Jun_coronacases_case8_209.png,0.7601246106666277,0.6130653268276054,1.4142135623730951,0.6862810403455484
mosmed_test_bjorke_3,bjorke_3,probabilities/mosmed_test_bjorke_3.npy,masks/mosmed_test_bjorke_3.png,0.8606060606483013,0.7553191490663196,2.23606797749979,0.7413953998566024
mosmed_test_Jun_coronacases_case2_126,Jun_coronacases_case2,probabilities/mosmed_test_Jun_coronacases_case2_126.npy,masks/mosmed_test_Jun_coronacases_case2_126.png,0.8916083916178663,0.8044164038163382,1.4142135623730951,0.5406851903083034
mosmed_test_Jun_coronacases_case1_117,Jun_coronacases_case1,probabilities/mosmed_test_Jun_coronacases_case1_117.npy,masks/mosmed_test_Jun_coronacases_case1_117.png,0.8108462715982758,0.6818683339580042,4.242640687119285,1.4504332851685375
mosmed_test_Jun_coronacases_case8_104,Jun_coronacases_case8,probabilities/mosmed_test_Jun_coronacases_case8_104.npy,masks/mosmed_test_Jun_coronacases_case8_104.png,0.876039933449416,0.7794226499052981,3.743608329051602,1.0604445585467295
mosmed_test_Morozov_study_0299_9,Morozov_study_0299,probabilities/mosmed_test_Morozov_study_0299_9.npy,masks/mosmed_test_Morozov_study_0299_9.png,0.7115384616078033,0.5522388061372242,2.23606797749979,0.8211179760004699
mosmed_test_Morozov_study_0269_17,Morozov_study_0269,probabilities/mosmed_test_Morozov_study_0269_17.npy,masks/mosmed_test_Morozov_study_0269_17.png,0.7761194030184896,0.6341463415526473,2.23606797749979,0.8912171082620055
mosmed_test_Jun_coronacases_case8_157,Jun_coronacases_case8,probabilities/mosmed_test_Jun_coronacases_case8_157.npy,masks/mosmed_test_Jun_coronacases_case8_157.png,0.9044811320811037,0.8256189451210313,2.0,0.7285135281381304
mosmed_test_Jun_coronacases_case5_72,Jun_coronacases_case5,probabilities/mosmed_test_Jun_coronacases_case5_72.npy,masks/mosmed_test_Jun_coronacases_case5_72.png,0.8935281837383031,0.8075471698839444,1.4142135623730951,2.1025520120999257
mosmed_test_Jun_radiopaedia_10_85902_3_case12_139,Jun_radiopaedia_10_85902_3_case12,probabilities/mosmed_test_Jun_radiopaedia_10_85902_3_case12_139.npy,masks/mosmed_test_Jun_radiopaedia_10_85902_3_case12_139.png,0.9438347320888422,0.8936430317978431,2.8284271247461903,0.6501482225339964
mosmed_test_Jun_coronacases_case6_101,Jun_coronacases_case6,probabilities/mosmed_test_Jun_coronacases_case6_101.npy,masks/mosmed_test_Jun_coronacases_case6_101.png,0.9171597633258639,0.8469945355609305,1.4142135623730951,0.4067321777508636
mosmed_test_Jun_coronacases_case8_230,Jun_coronacases_case8,probabilities/mosmed_test_Jun_coronacases_case8_230.npy,masks/mosmed_test_Jun_coronacases_case8_230.png,0.86500000003375,0.7621145375497292,1.4142135623730951,0.5054962119187674
mosmed_test_Jun_coronacases_case8_191,Jun_coronacases_case8,probabilities/mosmed_test_Jun_coronacases_case8_191.npy,masks/mosmed_test_Jun_coronacases_case8_191.png,0.8581314879383627,0.7515151516657483,1.4142135623730951,0.5423878524771187
mosmed_test_bjorke_68,bjorke_68,probabilities/mosmed_test_bjorke_68.npy,masks/mosmed_test_bjorke_68.png,0.8624078624102771,0.7580993520592996,37.33630940518894,5.167257373263629
mosmed_test_Morozov_study_0303_19,Morozov_study_0303,probabilities/mosmed_test_Morozov_study_0303_19.npy,masks/mosmed_test_Morozov_study_0303_19.png,0.9024943310768146,0.8223140496234889,2.0,0.5611365214228834
mosmed_test_Jun_coronacases_case2_43,Jun_coronacases_case2,probabilities/mosmed_test_Jun_coronacases_case2_43.npy,masks/mosmed_test_Jun_coronacases_case2_43.png,0.9484029484156258,0.9018691589243601,1.0,0.3346592387274278
mosmed_test_Jun_coronacases_case2_77,Jun_coronacases_case2,probabilities/mosmed_test_Jun_coronacases_case2_77.npy,masks/mosmed_test_Jun_coronacases_case2_77.png,0.592233009906683,0.4206896555719382,8.275990500643541,2.045840052295493
mosmed_test_bjorke_59,bjorke_59,probabilities/mosmed_test_bjorke_59.npy,masks/mosmed_test_bjorke_59.png,0.8462642592744106,0.7334992142517875,6.4031242374328485,1.8268441941772018
mosmed_test_Jun_coronacases_case3_155,Jun_coronacases_case3,probabilities/mosmed_test_Jun_coronacases_case3_155.npy,masks/mosmed_test_Jun_coronacases_case3_155.png,0.8726655348119601,0.7740963855648497,2.23606797749979,1.100887342561997
mosmed_test_Jun_coronacases_case2_29,Jun_coronacases_case2,probabilities/mosmed_test_Jun_coronacases_case2_29.npy,masks/mosmed_test_Jun_coronacases_case2_29.png,0.8373983740498381,0.7202797204753288,50.772479786368194,7.01747464566981
mosmed_test_Jun_coronacases_case8_86,Jun_coronacases_case8,probabilities/mosmed_test_Jun_coronacases_case8_86.npy,masks/mosmed_test_Jun_coronacases_case8_86.png,0.873684210537396,0.7757009346143768,2.23606797749979,0.7191039951970543
mosmed_test_Morozov_study_0281_32,Morozov_study_0281,probabilities/mosmed_test_Morozov_study_0281_32.npy,masks/mosmed_test_Morozov_study_0281_32.png,0.9178743961551028,0.8482142857820472,2.0,0.5606303780815547
mosmed_test_Jun_coronacases_case10_132,Jun_coronacases_case10,probabilities/mosmed_test_Jun_coronacases_case10_132.npy,masks/mosmed_test_Jun_coronacases_case10_132.png,0.8586688578529716,0.7523398128328049,3.339587106286613,0.9323994249766877
mosmed_test_Morozov_study_0275_19,Morozov_study_0275,probabilities/mosmed_test_Morozov_study_0275_19.npy,masks/mosmed_test_Morozov_study_0275_19.png,0.4878048792980369,0.322580647346514,4.0,0.9300288904175025
mosmed_test_Jun_coronacases_case8_99,Jun_coronacases_case8,probabilities/mosmed_test_Jun_coronacases_case8_99.npy,masks/mosmed_test_Jun_coronacases_case8_99.png,0.9113025849005929,0.8370577281343521,2.0,0.5624236093003748
mosmed_test_Morozov_study_0277_27,Morozov_study_0277,probabilities/mosmed_test_Morozov_study_0277_27.npy,masks/mosmed_test_Morozov_study_0277_27.png,0.8096118299797391,0.6801242237018247,2.23606797749979,0.9744485795306778
mosmed_test_Morozov_study_0298_14,Morozov_study_0298,probabilities/mosmed_test_Morozov_study_0298_14.npy,masks/mosmed_test_Morozov_study_0298_14.png,0.8502512562964571,0.7395104895560297,4.152989390993067,2.0695376939862857
mosmed_test_Jun_coronacases_case4_114,Jun_coronacases_case4,probabilities/mosmed_test_Jun_coronacases_case4_114.npy,masks/mosmed_test_Jun_coronacases_case4_114.png,0.7938931298234368,0.6582278482454734,2.23606797749979,0.6998065332839987
mosmed_test_Jun_coronacases_case8_243,Jun_coronacases_case8,probabilities/mosmed_test_Jun_coronacases_case8_243.npy,masks/mosmed_test_Jun_coronacases_case8_243.png,0.8041237115421405,0.672413793668252,1.0,0.3642847892611935
mosmed_test_Jun_radiopaedia_14_85914_0_case13_1,Jun_radiopaedia_14_85914_0_case13,probabilities/mosmed_test_Jun_radiopaedia_14_85914_0_case13_1.npy,masks/mosmed_test_Jun_radiopaedia_14_85914_0_case13_1.png,0.7705479452447692,0.6267409471791807,59.54999999999998,11.601338527743163
mosmed_test_Jun_coronacases_case7_76,Jun_coronacases_case7,probabilities/mosmed_test_Jun_coronacases_case7_76.npy,masks/mosmed_test_Jun_coronacases_case7_76.png,0.5405405417823229,0.3703703727023319,2.23606797749979,0.9259757248121614
mosmed_test_Jun_coronacases_case1_190,Jun_coronacases_case1,probabilities/mosmed_test_Jun_coronacases_case1_190.npy,masks/mosmed_test_Jun_coronacases_case1_190.png,0.6890487610160632,0.5256097561554135,6.909363379870801,1.916290302911258
mosmed_test_Jun_radiopaedia_10_85902_3_case12_164,Jun_radiopaedia_10_85902_3_case12,probabilities/mosmed_test_Jun_radiopaedia_10_85902_3_case12_164.npy,masks/mosmed_test_Jun_radiopaedia_10_85902_3_case12_164.png,0.9063400576436355,0.8287220026576124,2.8284271247461903,0.7570875376691054
mosmed_test_Jun_coronacases_case3_147,Jun_coronacases_case3,probabilities/mosmed_test_Jun_coronacases_case3_147.npy,masks/mosmed_test_Jun_coronacases_case3_147.png,0.9295426452439414,0.8683602771463926,1.4142135623730951,0.5248458475263478
mosmed_test_Morozov_study_0293_9,Morozov_study_0293,probabilities/mosmed_test_Morozov_study_0293_9.npy,masks/mosmed_test_Morozov_study_0293_9.png,0.4468085112267995,0.2876712338525052,3.097366596101027,1.1904292718137468
mosmed_test_Morozov_study_0269_19,Morozov_study_0269,probabilities/mosmed_test_Morozov_study_0269_19.npy,masks/mosmed_test_Morozov_study_0269_19.png,0.6663185378764325,0.49960845736103293,16.15549442140351,2.7482105809712967
mosmed_test_Jun_coronacases_case6_112,Jun_coronacases_case6,probabilities/mosmed_test_Jun_coronacases_case6_112.npy,masks/mosmed_test_Jun_coronacases_case6_112.png,0.9122807017851646,0.8387096775234131,1.3106601717798214,0.43625132723697446
mosmed_test_Morozov_study_0276_33,Morozov_study_0276,probabilities/mosmed_test_Morozov_study_0276_33.npy,masks/mosmed_test_Morozov_study_0276_33.png,0.847953216396498,0.7360406092040506,1.7363961030678996,0.5877239979491473
mosmed_test_Jun_coronacases_case1_209,Jun_coronacases_case1,probabilities/mosmed_test_Jun_coronacases_case1_209.npy,masks/mosmed_test_Jun_coronacases_case1_209.png,0.8578199052245008,0.7510373444327749,2.23606797749979,1.2067634759468464
mosmed_test_Jun_coronacases_case2_157,Jun_coronacases_case2,probabilities/mosmed_test_Jun_coronacases_case2_157.npy,masks/mosmed_test_Jun_coronacases_case2_157.png,0.8289473684491864,0.7078651686213862,2.0,0.5869034624622425
mosmed_test_Morozov_study_0284_2,Morozov_study_0284,probabilities/mosmed_test_Morozov_study_0284_2.npy,masks/mosmed_test_Morozov_study_0284_2.png,3.1249999902343746e-09,3.1249999902343746e-09,5.907023542164915,4.085628373370926
mosmed_test_Morozov_study_0256_26,Morozov_study_0256,probabilities/mosmed_test_Morozov_study_0256_26.npy,masks/mosmed_test_Morozov_study_0256_26.png,0.8223140496051329,0.6982456140880272,2.8284271247461903,0.6617570073658425
mosmed_test_Jun_coronacases_case10_138,Jun_coronacases_case10,probabilities/mosmed_test_Jun_coronacases_case10_138.npy,masks/mosmed_test_Jun_coronacases_case10_138.png,0.8848574602041889,0.7934926958968465,2.23606797749979,0.8866660264418412
mosmed_test_Jun_coronacases_case1_206,Jun_coronacases_case1,probabilities/mosmed_test_Jun_coronacases_case1_206.npy,masks/mosmed_test_Jun_coronacases_case1_206.png,0.855960264912586,0.7481910275328233,2.96568542494923,1.861823590935595
mosmed_test_Morozov_study_0291_17,Morozov_study_0291,probabilities/mosmed_test_Morozov_study_0291_17.npy,masks/mosmed_test_Morozov_study_0291_17.png,0.9310344827660523,0.8709677419614984,4.242640687119285,0.8170574655551862
mosmed_test_Morozov_study_0256_20,Morozov_study_0256,probabilities/mosmed_test_Morozov_study_0256_20.npy,masks/mosmed_test_Morozov_study_0256_20.png,0.6192468620839972,0.44848484881910006,82.95660619250356,14.935034420040706
mosmed_test_Jun_coronacases_case8_88,Jun_coronacases_case8,probabilities/mosmed_test_Jun_coronacases_case8_88.npy,masks/mosmed_test_Jun_coronacases_case8_88.png,0.9089541008345408,0.8331034482988823,1.4142135623730951,0.5303665802357443
mosmed_test_Jun_coronacases_case3_141,Jun_coronacases_case3,probabilities/mosmed_test_Jun_coronacases_case3_141.npy,masks/mosmed_test_Jun_coronacases_case3_141.png,0.8897455666966173,0.8013888889026813,2.23606797749979,0.7817830158418663
mosmed_test_Jun_radiopaedia_27_86410_0_case14_15,Jun_radiopaedia_27_86410_0_case14,probabilities/mosmed_test_Jun_radiopaedia_27_86410_0_case14_15.npy,masks/mosmed_test_Jun_radiopaedia_27_86410_0_case14_15.png,0.8934182590278803,0.8073676132150908,5.049509756796392,3.6280919300585706
mosmed_test_Jun_coronacases_case8_163,Jun_coronacases_case8,probabilities/mosmed_test_Jun_coronacases_case8_163.npy,masks/mosmed_test_Jun_coronacases_case8_163.png,0.8694444444625772,0.7690417690985155,2.0,0.5397645979782864
mosmed_test_Jun_coronacases_case7_146,Jun_coronacases_case7,probabilities/mosmed_test_Jun_coronacases_case7_146.npy,masks/mosmed_test_Jun_coronacases_case7_146.png,0.8366445916295094,0.7191650854422837,4.242640687119285,0.9647472049347618
mosmed_test_Jun_coronacases_case9_146,Jun_coronacases_case9,probabilities/mosmed_test_Jun_coronacases_case9_146.npy,masks/mosmed_test_Jun_coronacases_case9_146.png,0.8718929254547051,0.7728813560091927,1.4142135623730951,0.5350215298007903
mosmed_test_Jun_coronacases_case5_75,Jun_coronacases_case5,probabilities/mosmed_test_Jun_coronacases_case5_75.npy,masks/mosmed_test_Jun_coronacases_case5_75.png,0.9413580247004077,0.8892128280206376,1.0,0.41149080586308584
mosmed_test_Jun_coronacases_case8_144,Jun_coronacases_case8,probabilities/mosmed_test_Jun_coronacases_case8_144.npy,masks/mosmed_test_Jun_coronacases_case8_144.png,0.8866520787795776,0.7963836478147497,2.8284271247461903,0.7556164598406746
mosmed_test_Jun_coronacases_case9_157,Jun_coronacases_case9,probabilities/mosmed_test_Jun_coronacases_case9_157.npy,masks/mosmed_test_Jun_coronacases_case9_157.png,0.4693877556434819,0.30666666759111116,36.20741534001779,10.244218872382744
mosmed_test_Morozov_study_0274_16,Morozov_study_0274,probabilities/mosmed_test_Morozov_study_0274_16.npy,masks/mosmed_test_Morozov_study_0274_16.png,0.6369426753904823,0.46728972012402836,26.28298552289986,4.443395382431241
mosmed_test_Morozov_study_0285_14,Morozov_study_0285,probabilities/mosmed_test_Morozov_study_0285_14.npy,masks/mosmed_test_Morozov_study_0285_14.png,0.4257425745417116,0.27044025203116967,11.613816212801149,4.3826246390658685
mosmed_test_Morozov_study_0304_20,Morozov_study_0304,probabilities/mosmed_test_Morozov_study_0304_20.npy,masks/mosmed_test_Morozov_study_0304_20.png,0.40000000199999997,0.250000003125,37.02740538699392,7.391063130785586
mosmed_test_Jun_radiopaedia_40_86625_0_case18_24,Jun_radiopaedia_40_86625_0_case18,probabilities/mosmed_test_Jun_radiopaedia_40_86625_0_case18_24.npy,masks/mosmed_test_Jun_radiopaedia_40_86625_0_case18_24.png,0.8451533742369287,0.7318317042187917,9.87908624143689,2.5620254340817956
mosmed_test_Jun_coronacases_case1_83,Jun_coronacases_case1,probabilities/mosmed_test_Jun_coronacases_case1_83.npy,masks/mosmed_test_Jun_coronacases_case1_83.png,0.8571428575510204,0.7500000012499999,1.0,0.2413793103448276
mosmed_test_Jun_coronacases_case10_262,Jun_coronacases_case10,probabilities/mosmed_test_Jun_coronacases_case10_262.npy,masks/mosmed_test_Jun_coronacases_case10_262.png,0.8786127168331719,0.7835051548623658,1.0,0.38
mosmed_test_Morozov_study_0288_6,Morozov_study_0288,probabilities/mosmed_test_Morozov_study_0288_6.npy,masks/mosmed_test_Morozov_study_0288_6.png,0.8222996515834233,0.6982248521156473,3.1379360111431263,0.8474927707059935
mosmed_test_Jun_coronacases_case7_84,Jun_coronacases_case7,probabilities/mosmed_test_Jun_coronacases_case7_84.npy,masks/mosmed_test_Jun_coronacases_case7_84.png,0.8688524591238914,0.7681159423650494,1.3520815280171286,0.3970970869120796
mosmed_test_Morozov_study_0286_16,Morozov_study_0286,probabilities/mosmed_test_Morozov_study_0286_16.npy,masks/mosmed_test_Morozov_study_0286_16.png,0.5456674473599922,0.37520128834537825,14.949682562845707,3.2002737771770335
mosmed_test_Jun_coronacases_case2_96,Jun_coronacases_case2,probabilities/mosmed_test_Jun_coronacases_case2_96.npy,masks/mosmed_test_Jun_coronacases_case2_96.png,0.9205298013288891,0.8527607362113742,1.4142135623730951,0.49525532100346303
mosmed_test_Jun_radiopaedia_27_86410_0_case14_54,Jun_radiopaedia_27_86410_0_case14,probabilities/mosmed_test_Jun_radiopaedia_27_86410_0_case14_54.npy,masks/mosmed_test_Jun_radiopaedia_27_86410_0_case14_54.png,0.8478260870392249,0.7358490568529725,2.0,0.6010152544552211
mosmed_test_Jun_coronacases_case7_132,Jun_coronacases_case7,probabilities/mosmed_test_Jun_coronacases_case7_132.npy,masks/mosmed_test_Jun_coronacases_case7_132.png,0.8727569331262025,0.774240231581152,2.23606797749979,0.7960151496884821
mosmed_test_Jun_coronacases_case1_187,Jun_coronacases_case1,probabilities/mosmed_test_Jun_coronacases_case1_187.npy,masks/mosmed_test_Jun_coronacases_case1_187.png,0.8262108262207287,0.7038834951743802,2.8284271247461903,0.9415983863336452
mosmed_test_Jun_coronacases_case1_189,Jun_coronacases_case1,probabilities/mosmed_test_Jun_coronacases_case1_189.npy,masks/mosmed_test_Jun_coronacases_case1_189.png,0.7493670886287453,0.5991902834549001,5.0,1.338029066012906
mosmed_test_Jun_coronacases_case5_116,Jun_coronacases_case5,probabilities/mosmed_test_Jun_coronacases_case5_116.npy,masks/mosmed_test_Jun_coronacases_case5_116.png,0.8745837957963836,0.7771203156258145,2.0,0.6880339962162155
mosmed_test_Jun_coronacases_case1_237,Jun_coronacases_case1,probabilities/mosmed_test_Jun_coronacases_case1_237.npy,masks/mosmed_test_Jun_coronacases_case1_237.png,0.5000000024999999,0.3333333377777778,2.8192388155425236,1.4192388155425117
mosmed_test_Morozov_study_0269_27,Morozov_study_0269,probabilities/mosmed_test_Morozov_study_0269_27.npy,masks/mosmed_test_Morozov_study_0269_27.png,0.5510204086214078,0.3802816910136878,2.23606797749979,0.9667852975560753
mosmed_test_Jun_coronacases_case1_141,Jun_coronacases_case1,probabilities/mosmed_test_Jun_coronacases_case1_141.npy,masks/mosmed_test_Jun_coronacases_case1_141.png,0.8543229372343338,0.7456926257928538,2.23606797749979,0.764163803549206
mosmed_test_Jun_coronacases_case4_112,Jun_coronacases_case4,probabilities/mosmed_test_Jun_coronacases_case4_112.npy,masks/mosmed_test_Jun_coronacases_case4_112.png,0.8000000000533334,0.6666666668148148,2.0,1.151994661855345
mosmed_test_Morozov_study_0275_28,Morozov_study_0275,probabilities/mosmed_test_Morozov_study_0275_28.npy,masks/mosmed_test_Morozov_study_0275_28.png,0.7922077922527689,0.6559139786179519,3.1622776601683795,1.0766213452058861
mosmed_test_Morozov_study_0268_20,Morozov_study_0268,probabilities/mosmed_test_Morozov_study_0268_20.npy,masks/mosmed_test_Morozov_study_0268_20.png,0.7919463087713767,0.6555555556831275,3.1622776601683795,0.834781248468364
mosmed_test_Morozov_study_0263_12,Morozov_study_0263,probabilities/mosmed_test_Morozov_study_0263_12.npy,masks/mosmed_test_Morozov_study_0263_12.png,0.5806451614835737,0.4090909094746163,71.93845122837863,12.849684617164185
mosmed_test_Morozov_study_0289_27,Morozov_study_0289,probabilities/mosmed_test_Morozov_study_0289_27.npy,masks/mosmed_test_Morozov_study_0289_27.png,0.8380952381723356,0.7213114756382693,1.0,0.35070484071950836
mosmed_test_Jun_coronacases_case1_114,Jun_coronacases_case1,probabilities/mosmed_test_Jun_coronacases_case1_114.npy,masks/mosmed_test_Jun_coronacases_case1_114.png,0.8195945946006894,0.6943331425475482,4.242640687119285,1.459750663201777
mosmed_test_Jun_coronacases_case1_143,Jun_coronacases_case1,probabilities/mosmed_test_Jun_coronacases_case1_143.npy,masks/mosmed_test_Jun_coronacases_case1_143.png,0.820426956893243,0.6955287438115308,4.123105625617661,1.1859257158761394
mosmed_test_Jun_coronacases_case9_144,Jun_coronacases_case9,probabilities/mosmed_test_Jun_coronacases_case9_144.npy,masks/mosmed_test_Jun_coronacases_case9_144.png,0.8653198653425387,0.7626112760348335,2.0,0.6024885237962396
mosmed_test_Jun_coronacases_case1_158,Jun_coronacases_case1,probabilities/mosmed_test_Jun_coronacases_case1_158.npy,masks/mosmed_test_Jun_coronacases_case1_158.png,0.7081911262923127,0.5482166446797743,7.962049935181322,1.6462047760015397
mosmed_test_Morozov_study_0277_22,Morozov_study_0277,probabilities/mosmed_test_Morozov_study_0277_22.npy,masks/mosmed_test_Morozov_study_0277_22.png,0.8595988539084244,0.7537688443448398,4.0,0.7398915278554726
mosmed_test_Morozov_study_0288_7,Morozov_study_0288,probabilities/mosmed_test_Morozov_study_0288_7.npy,masks/mosmed_test_Morozov_study_0288_7.png,0.8386540120932998,0.7221396731467846,3.605551275463989,1.1611684816279781
mosmed_test_Jun_coronacases_case1_148,Jun_coronacases_case1,probabilities/mosmed_test_Jun_coronacases_case1_148.npy,masks/mosmed_test_Jun_coronacases_case1_148.png,0.8746904408184898,0.777288732413971,2.23606797749979,1.2122216679061464
mosmed_test_Jun_coronacases_case6_60,Jun_coronacases_case6,probabilities/mosmed_test_Jun_coronacases_case6_60.npy,masks/mosmed_test_Jun_coronacases_case6_60.png,0.6382978724943413,0.46875000033203124,13.641323457861898,2.3782570707216952
mosmed_test_Jun_coronacases_case8_75,Jun_coronacases_case8,probabilities/mosmed_test_Jun_coronacases_case8_75.npy,masks/mosmed_test_Jun_coronacases_case8_75.png,0.9274900398464151,0.8647845468254406,2.0,0.5274867773401812
mosmed_test_Jun_coronacases_case5_132,Jun_coronacases_case5,probabilities/mosmed_test_Jun_coronacases_case5_132.npy,masks/mosmed_test_Jun_coronacases_case5_132.png,0.8715953307642812,0.7724137931819262,2.0,0.59312498089422
mosmed_test_Jun_coronacases_case4_102,Jun_coronacases_case4,probabilities/mosmed_test_Jun_coronacases_case4_102.npy,masks/mosmed_test_Jun_coronacases_case4_102.png,0.7419354839542143,0.5897435899539777,9.909114960966953,1.6436610171354737
mosmed_test_Morozov_study_0265_10,Morozov_study_0265,probabilities/mosmed_test_Morozov_study_0265_10.npy,masks/mosmed_test_Morozov_study_0265_10.png,0.8251879699412417,0.702400000047616,14.054743551732544,2.250450276866553
mosmed_test_Morozov_study_0281_37,Morozov_study_0281,probabilities/mosmed_test_Morozov_study_0281_37.npy,masks/mosmed_test_Morozov_study_0281_37.png,0.9056603774474902,0.8275862071938169,1.0,0.2542372881355932
mosmed_test_Jun_radiopaedia_40_86625_0_case18_39,Jun_radiopaedia_40_86625_0_case18,probabilities/mosmed_test_Jun_radiopaedia_40_86625_0_case18_39.npy,masks/mosmed_test_Jun_radiopaedia_40_86625_0_case18_39.png,0.8910241917263053,0.80346585117628,4.0,1.2303474206705338
mosmed_test_Jun_coronacases_case8_244,Jun_coronacases_case8,probabilities/mosmed_test_Jun_coronacases_case8_244.npy,masks/mosmed_test_Jun_coronacases_case8_244.png,0.8703703704903978,0.7704918036549315,7.615773105863909,0.6994214751849912
mosmed_test_Morozov_study_0255_31,Morozov_study_0255,probabilities/mosmed_test_Morozov_study_0255_31.npy,masks/mosmed_test_Morozov_study_0255_31.png,0.7570621470299084,0.609090909446281,2.0,0.7636818576472056
mosmed_test_Jun_coronacases_case8_162,Jun_coronacases_case8,probabilities/mosmed_test_Jun_coronacases_case8_162.npy,masks/mosmed_test_Jun_coronacases_case8_162.png,0.818407960221591,0.6926315790120776,3.0,0.8532608412557949
mosmed_test_Jun_radiopaedia_14_85914_0_case13_84,Jun_radiopaedia_14_85914_0_case13,probabilities/mosmed_test_Jun_radiopaedia_14_85914_0_case13_84.npy,masks/mosmed_test_Jun_radiopaedia_14_85914_0_case13_84.png,0.8400128246284061,0.7241569928289576,4.123105625617661,1.1585346970142474
mosmed_test_Jun_coronacases_case10_108,Jun_coronacases_case10,probabilities/mosmed_test_Jun_coronacases_case10_108.npy,masks/mosmed_test_Jun_coronacases_case10_108.png,0.9089376054001291,0.8330757341705506,2.0,0.7678347382857542
mosmed_test_Jun_radiopaedia_14_85914_0_case13_41,Jun_radiopaedia_14_85914_0_case13,probabilities/mosmed_test_Jun_radiopaedia_14_85914_0_case13_41.npy,masks/mosmed_test_Jun_radiopaedia_14_85914_0_case13_41.png,0.825960026950079,0.7035195103346688,7.0710678118654755,1.909381652580906
mosmed_test_Jun_coronacases_case4_142,Jun_coronacases_case4,probabilities/mosmed_test_Jun_coronacases_case4_142.npy,masks/mosmed_test_Jun_coronacases_case4_142.png,0.8645833333568432,0.7614678899812024,2.0,0.7560557412597969
mosmed_test_Jun_coronacases_case1_149,Jun_coronacases_case1,probabilities/mosmed_test_Jun_coronacases_case1_149.npy,masks/mosmed_test_Jun_coronacases_case1_149.png,0.8892156862799404,0.8005295675374642,2.0,1.0276231942010021
mosmed_test_Jun_radiopaedia_27_86410_0_case14_36,Jun_radiopaedia_27_86410_0_case14,probabilities/mosmed_test_Jun_radiopaedia_27_86410_0_case14_36.npy,masks/mosmed_test_Jun_radiopaedia_27_86410_0_case14_36.png,0.8051341890542434,0.6738281250637055,61.27168405335673,5.481666106969251
mosmed_test_Jun_coronacases_case6_114,Jun_coronacases_case6,probabilities/mosmed_test_Jun_coronacases_case6_114.npy,masks/mosmed_test_Jun_coronacases_case6_114.png,0.7638888890528549,0.6179775285191265,2.0,0.8223907062952678
mosmed_test_Morozov_study_0263_9,Morozov_study_0263,probabilities/mosmed_test_Morozov_study_0263_9.npy,masks/mosmed_test_Morozov_study_0263_9.png,0.7049808429683946,0.5443786983596512,20.037268509697483,3.7731782802288776
mosmed_test_Morozov_study_0264_32,Morozov_study_0264,probabilities/mosmed_test_Morozov_study_0264_32.npy,masks/mosmed_test_Morozov_study_0264_32.png,9.999999900000002e-09,9.999999900000002e-09,316.7838379715733,316.7838379715733
mosmed_test_Jun_radiopaedia_29_86491_1_case16_17,Jun_radiopaedia_29_86491_1_case16,probabilities/mosmed_test_Jun_radiopaedia_29_86491_1_case16_17.npy,masks/mosmed_test_Jun_radiopaedia_29_86491_1_case16_17.png,0.8745644599521666,0.7770897833507461,2.0,0.7105669685113414
mosmed_test_Jun_coronacases_case4_149,Jun_coronacases_case4,probabilities/mosmed_test_Jun_coronacases_case4_149.npy,masks/mosmed_test_Jun_coronacases_case4_149.png,0.8665377176273622,0.7645051195342986,2.23606797749979,0.6554033684066299
mosmed_test_Jun_coronacases_case7_137,Jun_coronacases_case7,probabilities/mosmed_test_Jun_coronacases_case7_137.npy,masks/mosmed_test_Jun_coronacases_case7_137.png,0.9065255732004828,0.8290322580920916,2.0,0.5009520511194743
mosmed_test_Jun_coronacases_case2_130,Jun_coronacases_case2,probabilities/mosmed_test_Jun_coronacases_case2_130.npy,masks/mosmed_test_Jun_coronacases_case2_130.png,0.9185770751052509,0.8494152047003779,1.4142135623730951,0.8096584959402423
mosmed_test_Jun_coronacases_case10_160,Jun_coronacases_case10,probabilities/mosmed_test_Jun_coronacases_case10_160.npy,masks/mosmed_test_Jun_coronacases_case10_160.png,0.8651202749198832,0.7623012869218545,7.674116076876723,1.4912799246630377
mosmed_test_Morozov_study_0277_16,Morozov_study_0277,probabilities/mosmed_test_Morozov_study_0277_16.npy,masks/mosmed_test_Morozov_study_0277_16.png,0.8025936599565855,0.6702767750095936,4.123105625617661,1.9626533028153033
mosmed_test_Jun_coronacases_case1_116,Jun_coronacases_case1,probabilities/mosmed_test_Jun_coronacases_case1_116.npy,masks/mosmed_test_Jun_coronacases_case1_116.png,0.8125155202430465,0.6842325386999485,8.514542347439583,2.298686934980587
mosmed_test_Jun_coronacases_case2_149,Jun_coronacases_case2,probabilities/mosmed_test_Jun_coronacases_case2_149.npy,masks/mosmed_test_Jun_coronacases_case2_149.png,0.8960113960188026,0.8116129032501145,2.0,0.6462690932592762
mosmed_test_Morozov_study_0280_12,Morozov_study_0280,probabilities/mosmed_test_Morozov_study_0280_12.npy,masks/mosmed_test_Morozov_study_0280_12.png,0.7948717951347798,0.6595744688094161,1.0,0.4767289920667739
mosmed_test_Jun_radiopaedia_7_85703_0_case20_22,Jun_radiopaedia_7_85703_0_case20,probabilities/mosmed_test_Jun_radiopaedia_7_85703_0_case20_22.npy,masks/mosmed_test_Jun_radiopaedia_7_85703_0_case20_22.png,0.832955404396602,0.7137305699852681,3.0,0.860098934145786
mosmed_test_Jun_coronacases_case1_217,Jun_coronacases_case1,probabilities/mosmed_test_Jun_coronacases_case1_217.npy,masks/mosmed_test_Jun_coronacases_case1_217.png,0.8198198199009821,0.6946564887827049,1.0,0.37238455982844804
mosmed_test_Jun_coronacases_case7_99,Jun_coronacases_case7,probabilities/mosmed_test_Jun_coronacases_case7_99.npy,masks/mosmed_test_Jun_coronacases_case7_99.png,0.7888349514819375,0.6513026052803,20.06889616079977,2.414964180824374
mosmed_test_Morozov_study_0257_20,Morozov_study_0257,probabilities/mosmed_test_Morozov_study_0257_20.npy,masks/mosmed_test_Morozov_study_0257_20.png,0.7034120735297359,0.5425101215500991,6.041381265149109,2.4501813157704824
mosmed_test_Morozov_study_0297_26,Morozov_study_0297,probabilities/mosmed_test_Morozov_study_0297_26.npy,masks/mosmed_test_Morozov_study_0297_26.png,0.6666666667052469,0.5000000000868057,3.0,0.9225890738091185
mosmed_test_Jun_coronacases_case5_106,Jun_coronacases_case5,probabilities/mosmed_test_Jun_coronacases_case5_106.npy,masks/mosmed_test_Jun_coronacases_case5_106.png,0.9250749250824101,0.8605947955649453,1.4142135623730951,0.4523898097612155
mosmed_test_bjorke_89,bjorke_89,probabilities/mosmed_test_bjorke_89.npy,masks/mosmed_test_bjorke_89.png,0.7520525451593862,0.6026315789560827,11.867114959823818,3.1325511558545216
mosmed_test_Jun_coronacases_case3_179,Jun_coronacases_case3,probabilities/mosmed_test_Jun_coronacases_case3_179.npy,masks/mosmed_test_Jun_coronacases_case3_179.png,0.17142857379591836,0.09375000283203123,71.03872000515118,17.909448123244648
mosmed_test_Jun_radiopaedia_7_85703_0_case20_43,Jun_radiopaedia_7_85703_0_case20,probabilities/mosmed_test_Jun_radiopaedia_7_85703_0_case20_43.npy,masks/mosmed_test_Jun_radiopaedia_7_85703_0_case20_43.png,0.8159203980557412,0.6890756303827413,2.23606797749979,0.8544422619037106
mosmed_test_bjorke_56,bjorke_56,probabilities/mosmed_test_bjorke_56.npy,masks/mosmed_test_bjorke_56.png,0.8457318952243714,0.7326997009853405,13.892443989449804,3.7593827207243122
mosmed_test_Morozov_study_0297_15,Morozov_study_0297,probabilities/mosmed_test_Morozov_study_0297_15.npy,masks/mosmed_test_Morozov_study_0297_15.png,0.7412587412716654,0.5888888889215167,4.123105625617661,1.7695643399845027
mosmed_test_Jun_coronacases_case5_139,Jun_coronacases_case5,probabilities/mosmed_test_Jun_coronacases_case5_139.npy,masks/mosmed_test_Jun_coronacases_case5_139.png,0.9075907590911566,0.8308157100209016,1.3106601717798214,0.46703440918798483
mosmed_test_Jun_coronacases_case7_94,Jun_coronacases_case7,probabilities/mosmed_test_Jun_coronacases_case7_94.npy,masks/mosmed_test_Jun_coronacases_case7_94.png,0.8811659192958334,0.7875751503431713,2.0,0.6989378472924822
mosmed_test_Jun_coronacases_case2_52,Jun_coronacases_case2,probabilities/mosmed_test_Jun_coronacases_case2_52.npy,masks/mosmed_test_Jun_coronacases_case2_52.png,0.9263657957419559,0.8628318584677735,1.5020815280171342,0.4216919225125938
mosmed_test_Jun_radiopaedia_10_85902_3_case12_124,Jun_radiopaedia_10_85902_3_case12,probabilities/mosmed_test_Jun_radiopaedia_10_85902_3_case12_124.npy,masks/mosmed_test_Jun_radiopaedia_10_85902_3_case12_124.png,0.9397192403022527,0.8862928349086772,2.0,0.5733426136541661
mosmed_test_Jun_radiopaedia_27_86410_0_case14_43,Jun_radiopaedia_27_86410_0_case14,probabilities/mosmed_test_Jun_radiopaedia_27_86410_0_case14_43.npy,masks/mosmed_test_Jun_radiopaedia_27_86410_0_case14_43.png,0.7341772152739945,0.58000000021,72.07218341928466,13.909444418035378
mosmed_test_Jun_coronacases_case1_157,Jun_coronacases_case1,probabilities/mosmed_test_Jun_coronacases_case1_157.npy,masks/mosmed_test_Jun_coronacases_case1_157.png,0.6973737373859648,0.5353598015176575,10.295630140987,1.9636303612661616
mosmed_test_Jun_coronacases_case2_151,Jun_coronacases_case2,probabilities/mosmed_test_Jun_coronacases_case2_151.npy,masks/mosmed_test_Jun_coronacases_case2_151.png,0.9162861491692325,0.8455056179992267,1.0,0.3848380443303324
mosmed_test_Jun_coronacases_case1_130,Jun_coronacases_case1,probabilities/mosmed_test_Jun_coronacases_case1_130.npy,masks/mosmed_test_Jun_coronacases_case1_130.png,0.8229954614287823,0.6992287917931087,5.0,1.2453188560755997
mosmed_test_Morozov_study_0258_30,Morozov_study_0258,probabilities/mosmed_test_Morozov_study_0258_30.npy,masks/mosmed_test_Morozov_study_0258_30.png,0.7971014493488762,0.662650602612861,3.0,0.7069432286708386
mosmed_test_Jun_radiopaedia_36_86526_0_case17_20,Jun_radiopaedia_36_86526_0_case17,probabilities/mosmed_test_Jun_radiopaedia_36_86526_0_case17_20.npy,masks/mosmed_test_Jun_radiopaedia_36_86526_0_case17_20.png,0.8048511576841398,0.6734317343775957,2.23606797749979,0.8210129093438604
mosmed_test_Jun_radiopaedia_40_86625_0_case18_41,Jun_radiopaedia_40_86625_0_case18,probabilities/mosmed_test_Jun_radiopaedia_40_86625_0_case18_41.npy,masks/mosmed_test_Jun_radiopaedia_40_86625_0_case18_41.png,0.9062889518424215,0.828636552013497,4.0,1.0103287784603512
mosmed_test_Jun_radiopaedia_10_85902_3_case12_186,Jun_radiopaedia_10_85902_3_case12,probabilities/mosmed_test_Jun_radiopaedia_10_85902_3_case12_186.npy,masks/mosmed_test_Jun_radiopaedia_10_85902_3_case12_186.png,0.9488752556289494,0.9027237354274857,1.0,0.40536431058841127
mosmed_test_Jun_radiopaedia_40_86625_0_case18_72,Jun_radiopaedia_40_86625_0_case18,probabilities/mosmed_test_Jun_radiopaedia_40_86625_0_case18_72.npy,masks/mosmed_test_Jun_radiopaedia_40_86625_0_case18_72.png,0.8618012422396014,0.7571623465321892,4.098484500494123,1.056913907107939
mosmed_test_Jun_coronacases_case2_145,Jun_coronacases_case2,probabilities/mosmed_test_Jun_coronacases_case2_145.npy,masks/mosmed_test_Jun_coronacases_case2_145.png,0.8865514650723854,0.7962213225646125,4.0,1.0124020740224875
mosmed_test_Jun_coronacases_case2_134,Jun_coronacases_case2,probabilities/mosmed_test_Jun_coronacases_case2_134.npy,masks/mosmed_test_Jun_coronacases_case2_134.png,0.8992481203083272,0.8169398907353908,2.0,0.5259718818710214
mosmed_test_Jun_coronacases_case5_134,Jun_coronacases_case5,probabilities/mosmed_test_Jun_coronacases_case5_134.npy,masks/mosmed_test_Jun_coronacases_case5_134.png,0.920454545469611,0.8526315789990766,1.0,0.3899975949362461
mosmed_test_Jun_radiopaedia_29_86491_1_case16_20,Jun_radiopaedia_29_86491_1_case16,probabilities/mosmed_test_Jun_radiopaedia_29_86491_1_case16_20.npy,masks/mosmed_test_Jun_radiopaedia_29_86491_1_case16_20.png,0.948509485101828,0.9020618556953449,1.4142135623730951,0.4503861121150592
mosmed_test_Morozov_study_0261_21,Morozov_study_0261,probabilities/mosmed_test_Morozov_study_0261_21.npy,masks/mosmed_test_Morozov_study_0261_21.png,0.7933333334022221,0.657458563725161,2.837005768508878,0.7874238232358237
mosmed_test_Jun_coronacases_case7_61,Jun_coronacases_case7,probabilities/mosmed_test_Jun_coronacases_case7_61.npy,masks/mosmed_test_Jun_coronacases_case7_61.png,0.9090909095041322,0.8333333347222222,1.0,0.15789473684210525
mosmed_test_Morozov_study_0261_16,Morozov_study_0261,probabilities/mosmed_test_Morozov_study_0261_16.npy,masks/mosmed_test_Morozov_study_0261_16.png,0.7187500004394533,0.5609756108268887,2.0,0.7248391415225494
mosmed_test_Morozov_study_0288_18,Morozov_study_0288,probabilities/mosmed_test_Morozov_study_0288_18.npy,masks/mosmed_test_Morozov_study_0288_18.png,0.5830653805377207,0.41149773080007607,20.012461179749806,4.43791186444833
mosmed_test_Morozov_study_0286_21,Morozov_study_0286,probabilities/mosmed_test_Morozov_study_0286_21.npy,masks/mosmed_test_Morozov_study_0286_21.png,0.6836363636651239,0.5193370166409756,53.042425580828336,5.003327269151232
mosmed_test_Jun_coronacases_case3_146,Jun_coronacases_case3,probabilities/mosmed_test_Jun_coronacases_case3_146.npy,masks/mosmed_test_Jun_coronacases_case3_146.png,0.9285113540820643,0.8665620094296262,1.4142135623730951,0.5486813399798236
mosmed_test_Morozov_study_0298_19,Morozov_study_0298,probabilities/mosmed_test_Morozov_study_0298_19.npy,masks/mosmed_test_Morozov_study_0298_19.png,0.5299860530641582,0.36053130941925404,64.9845971347494,9.967262631938228
mosmed_test_Jun_coronacases_case6_46,Jun_coronacases_case6,probabilities/mosmed_test_Jun_coronacases_case6_46.npy,masks/mosmed_test_Jun_coronacases_case6_46.png,0.6666666682539681,0.5000000035714286,1.4142135623730951,0.37278224403553284
mosmed_test_Morozov_study_0264_31,Morozov_study_0264,probabilities/mosmed_test_Morozov_study_0264_31.npy,masks/mosmed_test_Morozov_study_0264_31.png,3.2258064412070756e-09,3.2258064412070756e-09,85.35180435837329,81.57589968791258
mosmed_test_Jun_coronacases_case8_216,Jun_coronacases_case8,probabilities/mosmed_test_Jun_coronacases_case8_216.npy,masks/mosmed_test_Jun_coronacases_case8_216.png,0.867403314953756,0.7658536586508031,1.4142135623730951,0.5458320888898807
mosmed_test_Jun_coronacases_case7_143,Jun_coronacases_case7,probabilities/mosmed_test_Jun_coronacases_case7_143.npy,masks/mosmed_test_Jun_coronacases_case7_143.png,0.922940655454124,0.856907894760377,1.4142135623730951,0.46869379354973967
mosmed_test_Morozov_study_0271_15,Morozov_study_0271,probabilities/mosmed_test_Morozov_study_0271_15.npy,masks/mosmed_test_Morozov_study_0271_15.png,0.7666666667962962,0.621621621962503,3.0243416490252555,0.8356353929122465
mosmed_test_Morozov_study_0297_34,Morozov_study_0297,probabilities/mosmed_test_Morozov_study_0297_34.npy,masks/mosmed_test_Morozov_study_0297_34.png,0.7525150905681575,0.6032258065156089,4.188849909443548,1.2464991615554375
mosmed_test_Jun_radiopaedia_10_85902_1_case11_12,Jun_radiopaedia_10_85902_1_case11,probabilities/mosmed_test_Jun_radiopaedia_10_85902_1_case11_12.npy,masks/mosmed_test_Jun_radiopaedia_10_85902_1_case11_12.png,0.9213649851690382,0.854195323266273,2.0,1.232785484115975
mosmed_test_Jun_coronacases_case10_228,Jun_coronacases_case10,probabilities/mosmed_test_Jun_coronacases_case10_228.npy,masks/mosmed_test_Jun_coronacases_case10_228.png,0.8837638376490992,0.7917355372245066,2.8284271247461903,0.6997195120559891
mosmed_test_Jun_coronacases_case1_185,Jun_coronacases_case1,probabilities/mosmed_test_Jun_coronacases_case1_185.npy,masks/mosmed_test_Jun_coronacases_case1_185.png,0.8427807486715091,0.728280961208107,2.23606797749979,0.8009508267510242
mosmed_test_Jun_coronacases_case7_106,Jun_coronacases_case7,probabilities/mosmed_test_Jun_coronacases_case7_106.npy,masks/mosmed_test_Jun_coronacases_case7_106.png,0.9264248704739456,0.8629343629608236,1.0,0.41454848302155795
mosmed_test_Jun_coronacases_case1_150,Jun_coronacases_case1,probabilities/mosmed_test_Jun_coronacases_case1_150.npy,masks/mosmed_test_Jun_coronacases_case1_150.png,0.839768339776073,0.7237936772276378,4.0,1.3768769352456582
mosmed_test_Jun_coronacases_case1_199,Jun_coronacases_case1,probabilities/mosmed_test_Jun_coronacases_case1_199.npy,masks/mosmed_test_Jun_coronacases_case1_199.png,0.8211260588031327,0.6965342350214256,3.605551275463989,1.080251869969036
mosmed_test_Jun_coronacases_case10_129,Jun_coronacases_case10,probabilities/mosmed_test_Jun_coronacases_case10_129.npy,masks/mosmed_test_Jun_coronacases_case10_129.png,0.8190114068509882,0.6934964584872185,4.123105625617661,1.3929177842899083
mosmed_test_bjorke_76,bjorke_76,probabilities/mosmed_test_bjorke_76.npy,masks/mosmed_test_bjorke_76.png,0.7142113482598359,0.5554655870535331,13.390247534693405,3.266381204810567
mosmed_test_Morozov_study_0290_26,Morozov_study_0290,probabilities/mosmed_test_Morozov_study_0290_26.npy,masks/mosmed_test_Morozov_study_0290_26.png,0.7631578950484765,0.617021277410593,2.1062305898749045,0.6389763992771992
mosmed_test_Jun_coronacases_case7_111,Jun_coronacases_case7,probabilities/mosmed_test_Jun_coronacases_case7_111.npy,masks/mosmed_test_Jun_coronacases_case7_111.png,0.9280742459480192,0.8658008658299132,1.4142135623730951,0.4051894614287742
mosmed_test_Morozov_study_0280_29,Morozov_study_0280,probabilities/mosmed_test_Morozov_study_0280_29.npy,masks/mosmed_test_Morozov_study_0280_29.png,0.18181818925619828,0.10000000899999992,2.5618655084853095,1.412899020449196
mosmed_test_Morozov_study_0290_20,Morozov_study_0290,probabilities/mosmed_test_Morozov_study_0290_20.npy,masks/mosmed_test_Morozov_study_0290_20.png,0.8684210527181441,0.7674418607355327,1.3935028842544357,0.31010101670392093
mosmed_test_Jun_coronacases_case10_186,Jun_coronacases_case10,probabilities/mosmed_test_Jun_coronacases_case10_186.npy,masks/mosmed_test_Jun_coronacases_case10_186.png,0.8978270920065731,0.8145973154517955,1.4142135623730951,0.6113680258341195
mosmed_test_Jun_radiopaedia_10_85902_3_case12_119,Jun_radiopaedia_10_85902_3_case12,probabilities/mosmed_test_Jun_radiopaedia_10_85902_3_case12_119.npy,masks/mosmed_test_Jun_radiopaedia_10_85902_3_case12_119.png,0.9535495179707669,0.9112227805843848,1.0,0.4106558784692007
mosmed_test_Jun_coronacases_case1_171,Jun_coronacases_case1,probabilities/mosmed_test_Jun_coronacases_case1_171.npy,masks/mosmed_test_Jun_coronacases_case1_171.png,0.8036529680589437,0.6717557252534818,2.23606797749979,0.8096881607532753
mosmed_test_Jun_coronacases_case6_89,Jun_coronacases_case6,probabilities/mosmed_test_Jun_coronacases_case6_89.npy,masks/mosmed_test_Jun_coronacases_case6_89.png,0.9701383831048698,0.9420084865711444,1.0,0.29292978540869
mosmed_test_Jun_coronacases_case7_91,Jun_coronacases_case7,probabilities/mosmed_test_Jun_coronacases_case7_91.npy,masks/mosmed_test_Jun_coronacases_case7_91.png,0.7157534247062067,0.5573333334513777,9.589466384404105,2.9124014350845053
mosmed_test_Jun_coronacases_case3_100,Jun_coronacases_case3,probabilities/mosmed_test_Jun_coronacases_case3_100.npy,masks/mosmed_test_Jun_coronacases_case3_100.png,0.9002913564276418,0.8186635266464921,3.605551275463989,1.0802388493475164
mosmed_test_Morozov_study_0255_16,Morozov_study_0255,probabilities/mosmed_test_Morozov_study_0255_16.npy,masks/mosmed_test_Morozov_study_0255_16.png,0.8724072910199618,0.7736900780631337,3.0,0.8166695614353549
mosmed_test_Morozov_study_0272_20,Morozov_study_0272,probabilities/mosmed_test_Morozov_study_0272_20.npy,masks/mosmed_test_Morozov_study_0272_20.png,0.8911917098727483,0.8037383178487204,2.98284271247462,0.7661788142726291
mosmed_test_Jun_radiopaedia_4_85506_1_case19_27,Jun_radiopaedia_4_85506_1_case19,probabilities/mosmed_test_Jun_radiopaedia_4_85506_1_case19_27.npy,masks/mosmed_test_Jun_radiopaedia_4_85506_1_case19_27.png,0.8170974155251394,0.6907563025729823,51.2085098991426,5.3985806039174005
mosmed_test_Jun_radiopaedia_14_85914_0_case13_20,Jun_radiopaedia_14_85914_0_case13,probabilities/mosmed_test_Jun_radiopaedia_14_85914_0_case13_20.npy,masks/mosmed_test_Jun_radiopaedia_14_85914_0_case13_20.png,0.8692468619315248,0.7687326549705149,3.0,0.9487315186613839
mosmed_test_Jun_radiopaedia_27_86410_0_case14_28,Jun_radiopaedia_27_86410_0_case14,probabilities/mosmed_test_Jun_radiopaedia_27_86410_0_case14_28.npy,masks/mosmed_test_Jun_radiopaedia_27_86410_0_case14_28.png,0.832878374284717,0.7136174636323483,4.123105625617661,1.7213911167438636
mosmed_test_Jun_coronacases_case9_136,Jun_coronacases_case9,probabilities/mosmed_test_Jun_coronacases_case9_136.npy,masks/mosmed_test_Jun_coronacases_case9_136.png,0.9406554473037506,0.8879598662394715,1.0,0.4237025504699835
mosmed_test_Jun_coronacases_case5_62,Jun_coronacases_case5,probabilities/mosmed_test_Jun_coronacases_case5_62.npy,masks/mosmed_test_Jun_coronacases_case5_62.png,0.8888888889425658,0.800000000173913,1.0,0.4493897945438222
mosmed_test_Morozov_study_0277_10,Morozov_study_0277,probabilities/mosmed_test_Morozov_study_0277_10.npy,masks/mosmed_test_Morozov_study_0277_10.png,0.4569732938222579,0.29615384624408286,30.4138126514911,8.42251209412941
mosmed_test_Jun_coronacases_case6_106,Jun_coronacases_case6,probabilities/mosmed_test_Jun_coronacases_case6_106.npy,masks/mosmed_test_Jun_coronacases_case6_106.png,0.8649635036742769,0.7620578778900134,2.8284271247461903,0.7747200384634274
mosmed_test_Jun_radiopaedia_40_86625_0_case18_40,Jun_radiopaedia_40_86625_0_case18,probabilities/mosmed_test_Jun_radiopaedia_40_86625_0_case18_40.npy,masks/mosmed_test_Jun_radiopaedia_40_86625_0_case18_40.png,0.9040999883202417,0.8249840119414841,5.0990195135927845,1.0961307517169445
mosmed_test_Morozov_study_0295_28,Morozov_study_0295,probabilities/mosmed_test_Morozov_study_0295_28.npy,masks/mosmed_test_Morozov_study_0295_28.png,0.7586206904875149,0.6111111132716048,138.05668691716758,15.489856416206278
mosmed_test_Morozov_study_0275_12,Morozov_study_0275,probabilities/mosmed_test_Morozov_study_0275_12.npy,masks/mosmed_test_Morozov_study_0275_12.png,0.6343612336412505,0.4645161293777315,68.30385342554894,8.485988927537027
mosmed_test_Jun_coronacases_case8_161,Jun_coronacases_case8,probabilities/mosmed_test_Jun_coronacases_case8_161.npy,masks/mosmed_test_Jun_coronacases_case8_161.png,0.7408163265570595,0.5883306321574829,5.0,1.3789439531262606
mosmed_test_Jun_coronacases_case4_144,Jun_coronacases_case4,probabilities/mosmed_test_Jun_coronacases_case4_144.npy,masks/mosmed_test_Jun_coronacases_case4_144.png,0.8905109489250893,0.8026315790122922,2.0,0.5913216240225253
mosmed_test_Morozov_study_0279_28,Morozov_study_0279,probabilities/mosmed_test_Morozov_study_0279_28.npy,masks/mosmed_test_Morozov_study_0279_28.png,0.8437500002441407,0.72972973046019,1.0,0.2986495683914376
mosmed_test_Morozov_study_0262_13,Morozov_study_0262,probabilities/mosmed_test_Morozov_study_0262_13.npy,masks/mosmed_test_Morozov_study_0262_13.png,0.36708860799551357,0.22480620215131303,5.184863101655299,2.065905982409802
mosmed_test_Jun_coronacases_case3_130,Jun_coronacases_case3,probabilities/mosmed_test_Jun_coronacases_case3_130.npy,masks/mosmed_test_Jun_coronacases_case3_130.png,0.9293406882077925,0.8680078508406277,2.8284271247461903,0.9053783500494901
mosmed_test_Jun_coronacases_case3_120,Jun_coronacases_case3,probabilities/mosmed_test_Jun_coronacases_case3_120.npy,masks/mosmed_test_Jun_coronacases_case3_120.png,0.9069767441877912,0.8297872340483944,3.0,0.9924163475686277
mosmed_test_Morozov_study_0275_38,Morozov_study_0275,probabilities/mosmed_test_Morozov_study_0275_38.npy,masks/mosmed_test_Morozov_study_0275_38.png,0.6750000004062501,0.5094339631897472,2.0,0.7320795778605309
mosmed_test_Jun_coronacases_case1_192,Jun_coronacases_case1,probabilities/mosmed_test_Jun_coronacases_case1_192.npy,masks/mosmed_test_Jun_coronacases_case1_192.png,0.7101584343233776,0.5505780347470264,5.385164807134504,2.024924902541835
mosmed_test_Morozov_study_0264_33,Morozov_study_0264,probabilities/mosmed_test_Morozov_study_0264_33.npy,masks/mosmed_test_Morozov_study_0264_33.png,0.5000000008333333,0.3333333348148148,4.38617393793236,1.4330752129843343
mosmed_test_Jun_coronacases_case1_98,Jun_coronacases_case1,probabilities/mosmed_test_Jun_coronacases_case1_98.npy,masks/mosmed_test_Jun_coronacases_case1_98.png,0.9169278996930307,0.8465991317153981,2.0,0.5633746915198455
mosmed_test_bjorke_53,bjorke_53,probabilities/mosmed_test_bjorke_53.npy,masks/mosmed_test_bjorke_53.png,0.5048426150420797,0.3376518219159796,19.674840798950537,6.257175658782648
mosmed_test_bjorke_100,bjorke_100,probabilities/mosmed_test_bjorke_100.npy,masks/mosmed_test_bjorke_100.png,0.5059479553995176,0.3386414531142414,45.39823785126467,7.347154331745915
mosmed_test_Jun_coronacases_case7_155,Jun_coronacases_case7,probabilities/mosmed_test_Jun_coronacases_case7_155.npy,masks/mosmed_test_Jun_coronacases_case7_155.png,0.9052333804943092,0.8268733850576555,1.4142135623730951,0.44989486695884695
mosmed_test_Jun_coronacases_case1_146,Jun_coronacases_case1,probabilities/mosmed_test_Jun_coronacases_case1_146.npy,masks/mosmed_test_Jun_coronacases_case1_146.png,0.7973977695261433,0.6630602782331483,13.080820200425524,1.8890783867321819
mosmed_test_Jun_coronacases_case7_149,Jun_coronacases_case7,probabilities/mosmed_test_Jun_coronacases_case7_149.npy,masks/mosmed_test_Jun_coronacases_case7_149.png,0.9120715350354588,0.8383561644278477,1.4142135623730951,0.37068876908658976
mosmed_test_Jun_coronacases_case9_119,Jun_coronacases_case9,probabilities/mosmed_test_Jun_coronacases_case9_119.npy,masks/mosmed_test_Jun_coronacases_case9_119.png,0.9484419263485302,0.9019396551829806,1.8535533905932737,1.3191068897456213
mosmed_test_Jun_radiopaedia_10_85902_3_case12_73,Jun_radiopaedia_10_85902_3_case12,probabilities/mosmed_test_Jun_radiopaedia_10_85902_3_case12_73.npy,masks/mosmed_test_Jun_radiopaedia_10_85902_3_case12_73.png,0.9203980099700503,0.852534562279938,1.4142135623730951,0.4176663248305169
mosmed_test_Jun_coronacases_case2_63,Jun_coronacases_case2,probabilities/mosmed_test_Jun_coronacases_case2_63.npy,masks/mosmed_test_Jun_coronacases_case2_63.png,0.8724832215193009,0.773809523944161,26.870057685088806,1.886545757143246
mosmed_test_Jun_coronacases_case10_179,Jun_coronacases_case10,probabilities/mosmed_test_Jun_coronacases_case10_179.npy,masks/mosmed_test_Jun_coronacases_case10_179.png,0.8872802481961075,0.7973977695355577,2.0,0.7141310035323212
mosmed_test_Morozov_study_0265_18,Morozov_study_0265,probabilities/mosmed_test_Morozov_study_0265_18.npy,masks/mosmed_test_Morozov_study_0265_18.png,0.844705882371211,0.7311608961850996,69.77141246643106,5.372496606536428
mosmed_test_Jun_coronacases_case9_189,Jun_coronacases_case9,probabilities/mosmed_test_Jun_coronacases_case9_189.npy,masks/mosmed_test_Jun_coronacases_case9_189.png,0.899241603477872,0.8169291338943053,2.23606797749979,1.0666688493691723
mosmed_test_Morozov_study_0293_26,Morozov_study_0293,probabilities/mosmed_test_Morozov_study_0293_26.npy,masks/mosmed_test_Morozov_study_0293_26.png,0.7333333336296296,0.5789473691597414,1.4142135623730951,0.6387720743987187
mosmed_test_Jun_coronacases_case10_102,Jun_coronacases_case10,probabilities/mosmed_test_Jun_coronacases_case10_102.npy,masks/mosmed_test_Jun_coronacases_case10_102.png,0.8992372541188584,0.8169219547908882,2.23606797749979,0.8228614273869347
mosmed_test_Morozov_study_0275_25,Morozov_study_0275,probabilities/mosmed_test_Morozov_study_0275_25.npy,masks/mosmed_test_Morozov_study_0275_25.png,0.8221797323475757,0.6980519481499831,3.08113883008419,0.8297666591099812
mosmed_test_Morozov_study_0277_11,Morozov_study_0277,probabilities/mosmed_test_Morozov_study_0277_11.npy,masks/mosmed_test_Morozov_study_0277_11.png,0.2428571433979592,0.1382113828144623,33.60058203485394,11.69046480630092
mosmed_test_Jun_coronacases_case4_129,Jun_coronacases_case4,probabilities/mosmed_test_Jun_coronacases_case4_129.npy,masks/mosmed_test_Jun_coronacases_case4_129.png,0.8365817091699278,0.7190721650208577,4.218733674818958,1.1310038669864741
mosmed_test_Jun_radiopaedia_14_85914_0_case13_22,Jun_radiopaedia_14_85914_0_case13,probabilities/mosmed_test_Jun_radiopaedia_14_85914_0_case13_22.npy,masks/mosmed_test_Jun_radiopaedia_14_85914_0_case13_22.png,0.8444444444510922,0.7307692307891442,6.322499389946261,1.6566396525100522
mosmed_test_Morozov_study_0303_9,Morozov_study_0303,probabilities/mosmed_test_Morozov_study_0303_9.npy,masks/mosmed_test_Morozov_study_0303_9.png,0.6525821597059667,0.4843205576709684,4.123105625617661,1.0704856240168323
mosmed_test_bjorke_8,bjorke_8,probabilities/mosmed_test_bjorke_8.npy,masks/mosmed_test_bjorke_8.png,0.8904358832375191,0.802509624983584,14.032101962856382,3.380144206246834
mosmed_test_Morozov_study_0296_17,Morozov_study_0296,probabilities/mosmed_test_Morozov_study_0296_17.npy,masks/mosmed_test_Morozov_study_0296_17.png,0.0818713455661571,0.04268292741299822,90.80085588381566,24.975919847386237
mosmed_test_Morozov_study_0302_22,Morozov_study_0302,probabilities/mosmed_test_Morozov_study_0302_22.npy,masks/mosmed_test_Morozov_study_0302_22.png,0.7342657343586483,0.5801104974695522,3.5833875946992038,0.910902902482812
mosmed_test_Jun_coronacases_case8_82,Jun_coronacases_case8,probabilities/mosmed_test_Jun_coronacases_case8_82.npy,masks/mosmed_test_Jun_coronacases_case8_82.png,0.8950366151427961,0.8100147275684809,2.0,0.6286718000734932
mosmed_test_Morozov_study_0299_28,Morozov_study_0299,probabilities/mosmed_test_Morozov_study_0299_28.npy,masks/mosmed_test_Morozov_study_0299_28.png,0.6935483872203434,0.5308641978204541,7.0,1.315086027025689
mosmed_test_Jun_coronacases_case2_40,Jun_coronacases_case2,probabilities/mosmed_test_Jun_coronacases_case2_40.npy,masks/mosmed_test_Jun_coronacases_case2_40.png,0.9009009009232205,0.8196721312214459,1.4142135623730951,0.47741270695423865
mosmed_test_Morozov_study_0269_26,Morozov_study_0269,probabilities/mosmed_test_Morozov_study_0269_26.npy,masks/mosmed_test_Morozov_study_0269_26.png,1.23456789971041e-09,1.23456789971041e-09,316.7838379715733,316.7838379715733
mosmed_test_Jun_coronacases_case4_86,Jun_coronacases_case4,probabilities/mosmed_test_Jun_coronacases_case4_86.npy,masks/mosmed_test_Jun_coronacases_case4_86.png,0.8504098360809006,0.7397504456791889,2.0,0.7111697272279269
mosmed_test_Morozov_study_0268_11,Morozov_study_0268,probabilities/mosmed_test_Morozov_study_0268_11.npy,masks/mosmed_test_Morozov_study_0268_11.png,0.6585365857822725,0.49090909183471076,4.97360679774998,2.3312653983815452
mosmed_test_Jun_coronacases_case8_154,Jun_coronacases_case8,probabilities/mosmed_test_Jun_coronacases_case8_154.npy,masks/mosmed_test_Jun_coronacases_case8_154.png,0.9161709031954478,0.8453093812529632,2.0,0.5970380684439102
mosmed_test_Jun_coronacases_case10_113,Jun_coronacases_case10,probabilities/mosmed_test_Jun_coronacases_case10_113.npy,masks/mosmed_test_Jun_coronacases_case10_113.png,0.8740849194775225,0.7763328998845037,3.605551275463989,1.1778381625918497
mosmed_test_Morozov_study_0255_25,Morozov_study_0255,probabilities/mosmed_test_Morozov_study_0255_25.npy,masks/mosmed_test_Morozov_study_0255_25.png,0.8559754852036797,0.7482142857592475,3.1622776601683795,0.7575049285128905
mosmed_test_Jun_coronacases_case4_115,Jun_coronacases_case4,probabilities/mosmed_test_Jun_coronacases_case4_115.npy,masks/mosmed_test_Jun_coronacases_case4_115.png,0.7797468354987983,0.6390041495273842,21.2602916254693,1.928416567459546
mosmed_test_Jun_radiopaedia_4_85506_1_case19_13,Jun_radiopaedia_4_85506_1_case19,probabilities/mosmed_test_Jun_radiopaedia_4_85506_1_case19_13.npy,masks/mosmed_test_Jun_radiopaedia_4_85506_1_case19_13.png,0.8903212172454531,0.8023233669814831,4.242640687119285,1.718874338546873
mosmed_test_Jun_coronacases_case8_62,Jun_coronacases_case8,probabilities/mosmed_test_Jun_coronacases_case8_62.npy,masks/mosmed_test_Jun_coronacases_case8_62.png,0.8461538461961116,0.7333333334603175,1.970710678118648,0.49596133708738865
mosmed_test_bjorke_98,bjorke_98,probabilities/mosmed_test_bjorke_98.npy,masks/mosmed_test_bjorke_98.png,0.8322102425932544,0.7126370456022714,24.36845983929254,4.465697667481288
mosmed_test_bjorke_7,bjorke_7,probabilities/mosmed_test_bjorke_7.npy,masks/mosmed_test_bjorke_7.png,0.7093235831916153,0.5495750708470495,24.766014643315096,4.5245735351226255
mosmed_test_Jun_coronacases_case8_168,Jun_coronacases_case8,probabilities/mosmed_test_Jun_coronacases_case8_168.npy,masks/mosmed_test_Jun_coronacases_case8_168.png,0.7362318841344255,0.5825688075309318,75.0,6.99093934424359
mosmed_test_Morozov_study_0276_30,Morozov_study_0276,probabilities/mosmed_test_Morozov_study_0276_30.npy,masks/mosmed_test_Morozov_study_0276_30.png,0.812500000065104,0.6842105265004617,1.0,0.3741472610942429
mosmed_test_Jun_coronacases_case2_74,Jun_coronacases_case2,probabilities/mosmed_test_Jun_coronacases_case2_74.npy,masks/mosmed_test_Jun_coronacases_case2_74.png,0.8917748917983171,0.8046875000762939,1.4142135623730951,0.6734955465482233
mosmed_test_Jun_coronacases_case10_147,Jun_coronacases_case10,probabilities/mosmed_test_Jun_coronacases_case10_147.npy,masks/mosmed_test_Jun_coronacases_case10_147.png,0.8810172570444589,0.7873376623549239,2.23606797749979,0.8435772034617909
mosmed_test_Morozov_study_0280_26,Morozov_study_0280,probabilities/mosmed_test_Morozov_study_0280_26.npy,masks/mosmed_test_Morozov_study_0280_26.png,0.5787965617252732,0.40725806475513787,5.846291201783626,3.3823219552086066
mosmed_test_Jun_coronacases_case8_105,Jun_coronacases_case8,probabilities/mosmed_test_Jun_coronacases_case8_105.npy,masks/mosmed_test_Jun_coronacases_case8_105.png,0.9173194081846249,0.8472668810412165,2.23606797749979,0.6203919827313356
mosmed_test_Morozov_study_0275_20,Morozov_study_0275,probabilities/mosmed_test_Morozov_study_0275_20.npy,masks/mosmed_test_Morozov_study_0275_20.png,0.5405405411614318,0.37037037153635116,28.85633520177595,8.611515968551418
mosmed_test_Morozov_study_0259_19,Morozov_study_0259,probabilities/mosmed_test_Morozov_study_0259_19.npy,masks/mosmed_test_Morozov_study_0259_19.png,0.6145552561166369,0.443579766645218,9.879086241436882,2.5023244977262835
mosmed_test_Morozov_study_0292_25,Morozov_study_0292,probabilities/mosmed_test_Morozov_study_0292_25.npy,masks/mosmed_test_Morozov_study_0292_25.png,0.7751937986238807,0.6329113928697325,4.947213595499954,0.9053370191502931
mosmed_test_Jun_radiopaedia_14_85914_0_case13_51,Jun_radiopaedia_14_85914_0_case13,probabilities/mosmed_test_Jun_radiopaedia_14_85914_0_case13_51.npy,masks/mosmed_test_Jun_radiopaedia_14_85914_0_case13_51.png,0.857030841611905,0.7498284930311039,4.47213595499958,1.176347281888096
mosmed_test_Jun_radiopaedia_14_85914_0_case13_63,Jun_radiopaedia_14_85914_0_case13,probabilities/mosmed_test_Jun_radiopaedia_14_85914_0_case13_63.npy,masks/mosmed_test_Jun_radiopaedia_14_85914_0_case13_63.png,0.8426721905764611,0.7281188473290117,6.4031242374328485,1.6645468730005644
mosmed_test_Jun_coronacases_case1_169,Jun_coronacases_case1,probabilities/mosmed_test_Jun_coronacases_case1_169.npy,masks/mosmed_test_Jun_coronacases_case1_169.png,0.7845303867641403,0.6454545455190084,13.227406337702018,2.1732983632846925
mosmed_test_Morozov_study_0292_29,Morozov_study_0292,probabilities/mosmed_test_Morozov_study_0292_29.npy,masks/mosmed_test_Morozov_study_0292_29.png,0.6666666703703704,0.5000000083333331,1.0,0.3333333333333333
mosmed_test_Jun_radiopaedia_40_86625_0_case18_36,Jun_radiopaedia_40_86625_0_case18,probabilities/mosmed_test_Jun_radiopaedia_40_86625_0_case18_36.npy,masks/mosmed_test_Jun_radiopaedia_40_86625_0_case18_36.png,0.9100116046005907,0.8348819202509702,3.605551275463989,0.9848063345452581
mosmed_test_Jun_coronacases_case4_123,Jun_coronacases_case4,probabilities/mosmed_test_Jun_coronacases_case4_123.npy,masks/mosmed_test_Jun_coronacases_case4_123.png,0.8553459119724299,0.7472527473221833,6.130816786368406,2.7064911040549253
mosmed_test_Morozov_study_0300_32,Morozov_study_0300,probabilities/mosmed_test_Morozov_study_0300_32.npy,masks/mosmed_test_Morozov_study_0300_32.png,0.5517241387039239,0.38095238242630386,83.25307748272348,14.6246203661579
mosmed_test_Jun_coronacases_case3_94,Jun_coronacases_case3,probabilities/mosmed_test_Jun_coronacases_case3_94.npy,masks/mosmed_test_Jun_coronacases_case3_94.png,0.9134847752551396,0.8407473309655769,4.0,1.2254682705634792
mosmed_test_Jun_coronacases_case2_54,Jun_coronacases_case2,probabilities/mosmed_test_Jun_coronacases_case2_54.npy,masks/mosmed_test_Jun_coronacases_case2_54.png,0.9421052631731301,0.8905472637360461,1.0,0.3222678465054867
mosmed_test_Jun_coronacases_case1_101,Jun_coronacases_case1,probabilities/mosmed_test_Jun_coronacases_case1_101.npy,masks/mosmed_test_Jun_coronacases_case1_101.png,0.8887665198299137,0.7998017839643408,3.0,0.9749899473276917
mosmed_test_Jun_coronacases_case2_120,Jun_coronacases_case2,probabilities/mosmed_test_Jun_coronacases_case2_120.npy,masks/mosmed_test_Jun_coronacases_case2_120.png,0.8440944882135284,0.7302452316811321,1.4142135623730951,0.4870621756915464
mosmed_test_Morozov_study_0266_17,Morozov_study_0266,probabilities/mosmed_test_Morozov_study_0266_17.npy,masks/mosmed_test_Morozov_study_0266_17.png,1.6666666388888892e-08,1.6666666388888892e-08,316.7838379715733,316.7838379715733
mosmed_test_Morozov_study_0270_12,Morozov_study_0270,probabilities/mosmed_test_Morozov_study_0270_12.npy,masks/mosmed_test_Morozov_study_0270_12.png,0.6371379898403513,0.467500000133125,43.4163285635759,4.118631131227399
mosmed_test_Jun_coronacases_case3_171,Jun_coronacases_case3,probabilities/mosmed_test_Jun_coronacases_case3_171.npy,masks/mosmed_test_Jun_coronacases_case3_171.png,0.9012875536692516,0.8203125000701903,2.0,0.5744784757852615
mosmed_test_Jun_coronacases_case6_67,Jun_coronacases_case6,probabilities/mosmed_test_Jun_coronacases_case6_67.npy,masks/mosmed_test_Jun_coronacases_case6_67.png,0.8920032976181366,0.8050595238385329,3.605551275463989,0.9166638139912799
mosmed_test_Jun_radiopaedia_10_85902_3_case12_69,Jun_radiopaedia_10_85902_3_case12,probabilities/mosmed_test_Jun_radiopaedia_10_85902_3_case12_69.npy,masks/mosmed_test_Jun_radiopaedia_10_85902_3_case12_69.png,0.9226006192190092,0.8563218391630334,1.0,0.3480071490464509
mosmed_test_Jun_radiopaedia_27_86410_0_case14_29,Jun_radiopaedia_27_86410_0_case14,probabilities/mosmed_test_Jun_radiopaedia_27_86410_0_case14_29.npy,masks/mosmed_test_Jun_radiopaedia_27_86410_0_case14_29.png,0.8609058785781912,0.7557811618863067,3.0,0.9763286896628998
mosmed_test_Morozov_study_0289_25,Morozov_study_0289,probabilities/mosmed_test_Morozov_study_0289_25.npy,masks/mosmed_test_Morozov_study_0289_25.png,0.6495726497224048,0.4810126585563211,17.765053084131104,4.013150587237228
mosmed_test_Jun_radiopaedia_40_86625_0_case18_61,Jun_radiopaedia_40_86625_0_case18,probabilities/mosmed_test_Jun_radiopaedia_40_86625_0_case18_61.npy,masks/mosmed_test_Jun_radiopaedia_40_86625_0_case18_61.png,0.8808148373383884,0.787014398267128,6.0,1.2537053543766672
mosmed_test_Morozov_study_0289_29,Morozov_study_0289,probabilities/mosmed_test_Morozov_study_0289_29.npy,masks/mosmed_test_Morozov_study_0289_29.png,0.8604651163601947,0.7551020410662224,11.835013304297194,2.572742763085388
mosmed_test_Jun_coronacases_case8_152,Jun_coronacases_case8,probabilities/mosmed_test_Jun_coronacases_case8_152.npy,masks/mosmed_test_Jun_coronacases_case8_152.png,0.9229314420840222,0.8568920105481218,1.4142135623730951,0.4941716208494668
mosmed_test_Morozov_study_0276_38,Morozov_study_0276,probabilities/mosmed_test_Morozov_study_0276_38.npy,masks/mosmed_test_Morozov_study_0276_38.png,0.6666666669030733,0.500000000531915,5.1991703663323845,4.817980085641458
mosmed_test_Morozov_study_0284_13,Morozov_study_0284,probabilities/mosmed_test_Morozov_study_0284_13.npy,masks/mosmed_test_Morozov_study_0284_13.png,0.04545454762396693,0.023255816224986476,5.674264014027673,3.4477978950294754
mosmed_test_Jun_coronacases_case7_86,Jun_coronacases_case7,probabilities/mosmed_test_Jun_coronacases_case7_86.npy,masks/mosmed_test_Jun_coronacases_case7_86.png,0.910344827648038,0.8354430381829835,1.0,0.29411764705882354
mosmed_test_bjorke_93,bjorke_93,probabilities/mosmed_test_bjorke_93.npy,masks/mosmed_test_bjorke_93.png,0.6591503925979635,0.49159159160685917,9.219544457292887,2.1667460567145844
mosmed_test_Jun_coronacases_case8_160,Jun_coronacases_case8,probabilities/mosmed_test_Jun_coronacases_case8_160.npy,masks/mosmed_test_Jun_coronacases_case8_160.png,0.8232280102627473,0.6995645864006438,2.8284271247461903,0.9812546068118064
mosmed_test_Jun_coronacases_case3_53,Jun_coronacases_case3,probabilities/mosmed_test_Jun_coronacases_case3_53.npy,masks/mosmed_test_Jun_coronacases_case3_53.png,0.8559754852036797,0.7482142857592475,2.23606797749979,0.7801182943642648
mosmed_test_Morozov_study_0256_28,Morozov_study_0256,probabilities/mosmed_test_Morozov_study_0256_28.npy,masks/mosmed_test_Morozov_study_0256_28.png,0.9113402061901371,0.8371212121366362,2.8284271247461903,0.7268257385600204
mosmed_test_Jun_radiopaedia_27_86410_0_case14_14,Jun_radiopaedia_27_86410_0_case14,probabilities/mosmed_test_Jun_radiopaedia_27_86410_0_case14_14.npy,masks/mosmed_test_Jun_radiopaedia_27_86410_0_case14_14.png,0.7973523421691776,0.6629974598083829,10.396903598533484,3.0443235724168973
mosmed_test_Morozov_study_0267_23,Morozov_study_0267,probabilities/mosmed_test_Morozov_study_0267_23.npy,masks/mosmed_test_Morozov_study_0267_23.png,0.7517730498214376,0.6022727277246901,2.8284271247461903,0.8146362744382832
mosmed_test_Jun_coronacases_case6_109,Jun_coronacases_case6,probabilities/mosmed_test_Jun_coronacases_case6_109.npy,masks/mosmed_test_Jun_coronacases_case6_109.png,0.9163498099018348,0.8456140351418897,1.5606601717798214,0.4629472083216993
mosmed_test_Jun_coronacases_case9_148,Jun_coronacases_case9,probabilities/mosmed_test_Jun_coronacases_case9_148.npy,masks/mosmed_test_Jun_coronacases_case9_148.png,0.8370044053222457,0.719696969803145,45.10624055951925,3.0960176336468974
mosmed_test_Morozov_study_0285_29,Morozov_study_0285,probabilities/mosmed_test_Morozov_study_0285_29.npy,masks/mosmed_test_Morozov_study_0285_29.png,0.37500000390625,0.2307692366863905,3.25,1.2281425962420554
mosmed_test_Jun_coronacases_case6_103,Jun_coronacases_case6,probabilities/mosmed_test_Jun_coronacases_case6_103.npy,masks/mosmed_test_Jun_coronacases_case6_103.png,0.9222614841126746,0.8557377049653319,1.0,0.3704484484590193
mosmed_test_Jun_coronacases_case1_180,Jun_coronacases_case1,probabilities/mosmed_test_Jun_coronacases_case1_180.npy,masks/mosmed_test_Jun_coronacases_case1_180.png,0.8597603946539986,0.7540173053456097,9.924621202458749,2.075817304298028
mosmed_test_Jun_coronacases_case8_172,Jun_coronacases_case8,probabilities/mosmed_test_Jun_coronacases_case8_172.npy,masks/mosmed_test_Jun_coronacases_case8_172.png,0.8195121951659726,0.6942148761594154,2.8455844122715703,0.8109573869202666
mosmed_test_Jun_radiopaedia_27_86410_0_case14_37,Jun_radiopaedia_27_86410_0_case14,probabilities/mosmed_test_Jun_radiopaedia_27_86410_0_case14_37.npy,masks/mosmed_test_Jun_radiopaedia_27_86410_0_case14_37.png,0.862433862452059,0.7581395349399676,3.1541637771599587,1.068757900891481
mosmed_test_Jun_coronacases_case9_152,Jun_coronacases_case9,probabilities/mosmed_test_Jun_coronacases_case9_152.npy,masks/mosmed_test_Jun_coronacases_case9_152.png,0.7919075145110094,0.655502392509329,56.06455373020684,3.7239668826311414
mosmed_test_Jun_coronacases_case10_231,Jun_coronacases_case10,probabilities/mosmed_test_Jun_coronacases_case10_231.npy,masks/mosmed_test_Jun_coronacases_case10_231.png,0.8675914249851713,0.7661469933705686,2.0,0.975209605245089
mosmed_test_Jun_coronacases_case7_107,Jun_coronacases_case7,probabilities/mosmed_test_Jun_coronacases_case7_107.npy,masks/mosmed_test_Jun_coronacases_case7_107.png,0.9188619599664002,0.8499025341423193,1.4142135623730951,0.4633232760537709
mosmed_test_Jun_coronacases_case1_138,Jun_coronacases_case1,probabilities/mosmed_test_Jun_coronacases_case1_138.npy,masks/mosmed_test_Jun_coronacases_case1_138.png,0.8129194630950958,0.6848056537325226,3.0,0.9677150274746125
mosmed_test_Jun_coronacases_case9_190,Jun_coronacases_case9,probabilities/mosmed_test_Jun_coronacases_case9_190.npy,masks/mosmed_test_Jun_coronacases_case9_190.png,0.752475247559763,0.6031746032645863,4.47213595499958,1.1277754923171837
mosmed_test_Jun_coronacases_case6_68,Jun_coronacases_case6,probabilities/mosmed_test_Jun_coronacases_case6_68.npy,masks/mosmed_test_Jun_coronacases_case6_68.png,0.9101886792520613,0.8351800554244903,2.23606797749979,0.7578503763853225
mosmed_test_Morozov_study_0282_14,Morozov_study_0282,probabilities/mosmed_test_Morozov_study_0282_14.npy,masks/mosmed_test_Morozov_study_0282_14.png,0.7272727274185707,0.5714285717887154,61.9414611124608,5.360840265556069
mosmed_test_Morozov_study_0304_25,Morozov_study_0304,probabilities/mosmed_test_Morozov_study_0304_25.npy,masks/mosmed_test_Morozov_study_0304_25.png,3.333333322222222e-09,3.333333322222222e-09,316.7838379715733,316.7838379715733
mosmed_test_Jun_coronacases_case8_181,Jun_coronacases_case8,probabilities/mosmed_test_Jun_coronacases_case8_181.npy,masks/mosmed_test_Jun_coronacases_case8_181.png,0.844984802478728,0.7315789475096953,2.0,0.5617838090213849
mosmed_test_Jun_radiopaedia_14_85914_0_case13_43,Jun_radiopaedia_14_85914_0_case13,probabilities/mosmed_test_Jun_radiopaedia_14_85914_0_case13_43.npy,masks/mosmed_test_Jun_radiopaedia_14_85914_0_case13_43.png,0.8456477186943625,0.7325733507805536,5.0,1.6291232170819354
mosmed_test_Morozov_study_0257_19,Morozov_study_0257,probabilities/mosmed_test_Morozov_study_0257_19.npy,masks/mosmed_test_Morozov_study_0257_19.png,0.4351464435934245,0.2780748664388458,11.13984622640544,4.331902570509909
mosmed_test_Jun_coronacases_case4_137,Jun_coronacases_case4,probabilities/mosmed_test_Jun_coronacases_case4_137.npy,masks/mosmed_test_Jun_coronacases_case4_137.png,0.8640275387497371,0.7606060606786041,2.23606797749979,0.740534373039361
mosmed_test_Jun_coronacases_case7_78,Jun_coronacases_case7,probabilities/mosmed_test_Jun_coronacases_case7_78.npy,masks/mosmed_test_Jun_coronacases_case7_78.png,0.8235294119377162,0.7000000005,1.0,0.4881662607362388
mosmed_test_Morozov_study_0276_18,Morozov_study_0276,probabilities/mosmed_test_Morozov_study_0276_18.npy,masks/mosmed_test_Morozov_study_0276_18.png,0.6606914212982469,0.49330783948502727,6.106941809302065,1.7316112275903859
mosmed_test_Jun_coronacases_case4_168,Jun_coronacases_case4,probabilities/mosmed_test_Jun_coronacases_case4_168.npy,masks/mosmed_test_Jun_coronacases_case4_168.png,0.9270072992967126,0.8639455783238466,1.0,0.2751269114181244
mosmed_test_Morozov_study_0303_28,Morozov_study_0303,probabilities/mosmed_test_Morozov_study_0303_28.npy,masks/mosmed_test_Morozov_study_0303_28.png,0.7441860471065441,0.5925925941015089,7.303300858899107,1.283455371445264
mosmed_test_Morozov_study_0297_10,Morozov_study_0297,probabilities/mosmed_test_Morozov_study_0297_10.npy,masks/mosmed_test_Morozov_study_0297_10.png,0.7351485148624114,0.5812133072680226,3.605551275463989,0.9090672047099635
mosmed_test_Jun_coronacases_case1_201,Jun_coronacases_case1,probabilities/mosmed_test_Jun_coronacases_case1_201.npy,masks/mosmed_test_Jun_coronacases_case1_201.png,0.8462709284705089,0.733509234851934,2.23606797749979,0.8444123345861536
mosmed_test_Jun_coronacases_case8_169,Jun_coronacases_case8,probabilities/mosmed_test_Jun_coronacases_case8_169.npy,masks/mosmed_test_Jun_coronacases_case8_169.png,0.7232876713086883,0.5665236053362559,2.8970562748477153,1.3653348063485453
mosmed_test_Jun_coronacases_case5_97,Jun_coronacases_case5,probabilities/mosmed_test_Jun_coronacases_case5_97.npy,masks/mosmed_test_Jun_coronacases_case5_97.png,0.9526011560748437,0.909492273750664,1.0,0.4024281845972447
mosmed_test_Jun_radiopaedia_10_85902_3_case12_190,Jun_radiopaedia_10_85902_3_case12,probabilities/mosmed_test_Jun_radiopaedia_10_85902_3_case12_190.npy,masks/mosmed_test_Jun_radiopaedia_10_85902_3_case12_190.png,0.8857509627874517,0.7949308756232878,2.0,0.8783618468826447
mosmed_test_Jun_radiopaedia_14_85914_0_case13_101,Jun_radiopaedia_14_85914_0_case13,probabilities/mosmed_test_Jun_radiopaedia_14_85914_0_case13_101.npy,masks/mosmed_test_Jun_radiopaedia_14_85914_0_case13_101.png,0.6938775511765931,0.531250000366211,2.23606797749979,0.7388971438409666
mosmed_test_Jun_coronacases_case4_134,Jun_coronacases_case4,probabilities/mosmed_test_Jun_coronacases_case4_134.npy,masks/mosmed_test_Jun_coronacases_case4_134.png,0.8841059602840884,0.7922848665304792,1.4142135623730951,0.6936782948638994
mosmed_test_Jun_radiopaedia_10_85902_3_case12_81,Jun_radiopaedia_10_85902_3_case12,probabilities/mosmed_test_Jun_radiopaedia_10_85902_3_case12_81.npy,masks/mosmed_test_Jun_radiopaedia_10_85902_3_case12_81.png,0.898395721943245,0.8155339806422219,2.0,0.6224319129878765
mosmed_test_Morozov_study_0303_34,Morozov_study_0303,probabilities/mosmed_test_Morozov_study_0303_34.npy,masks/mosmed_test_Morozov_study_0303_34.png,0.6440677972134444,0.47500000131250003,52.13384949017931,9.043470298130188
mosmed_test_Morozov_study_0255_24,Morozov_study_0255,probabilities/mosmed_test_Morozov_study_0255_24.npy,masks/mosmed_test_Morozov_study_0255_24.png,0.9007851534688948,0.8194805195039636,2.0,0.49101430357782005
mosmed_test_bjorke_69,bjorke_69,probabilities/mosmed_test_bjorke_69.npy,masks/mosmed_test_bjorke_69.png,0.5947624190119497,0.423246878013002,7.211102550927978,2.2951188898556167
mosmed_test_bjorke_63,bjorke_63,probabilities/mosmed_test_bjorke_63.npy,masks/mosmed_test_bjorke_63.png,0.7327080891129714,0.5781683626662193,26.13863430217271,4.561459051598522
mosmed_test_Jun_coronacases_case2_161,Jun_coronacases_case2,probabilities/mosmed_test_Jun_coronacases_case2_161.npy,masks/mosmed_test_Jun_coronacases_case2_161.png,0.7946127946819485,0.6592178772853531,2.23606797749979,0.6554572090964735
mosmed_test_Jun_coronacases_case7_122,Jun_coronacases_case7,probabilities/mosmed_test_Jun_coronacases_case7_122.npy,masks/mosmed_test_Jun_coronacases_case7_122.png,0.9016829052345718,0.8209677419643602,2.0,0.8055813780103166
mosmed_test_Jun_coronacases_case1_235,Jun_coronacases_case1,probabilities/mosmed_test_Jun_coronacases_case1_235.npy,masks/mosmed_test_Jun_coronacases_case1_235.png,0.7722772279482404,0.6290322586628512,2.1770509831248424,0.628224859695669
mosmed_test_Jun_coronacases_case8_266,Jun_coronacases_case8,probabilities/mosmed_test_Jun_coronacases_case8_266.npy,masks/mosmed_test_Jun_coronacases_case8_266.png,0.8354430381829835,0.7173913049621928,1.0,0.26153846153846155
mosmed_test_Jun_coronacases_case7_102,Jun_coronacases_case7,probabilities/mosmed_test_Jun_coronacases_case7_102.npy,masks/mosmed_test_Jun_coronacases_case7_102.png,0.9258373205830338,0.8619153675140501,2.9227922061357874,1.4380436227436237
mosmed_test_Jun_coronacases_case10_96,Jun_coronacases_case10,probabilities/mosmed_test_Jun_coronacases_case10_96.npy,masks/mosmed_test_Jun_coronacases_case10_96.png,0.8878177037735401,0.7982663514737378,2.0,0.7894453814803977
mosmed_test_Jun_coronacases_case1_193,Jun_coronacases_case1,probabilities/mosmed_test_Jun_coronacases_case1_193.npy,masks/mosmed_test_Jun_coronacases_case1_193.png,0.8061142397581564,0.6752021563780052,3.0567971810589274,1.111188562472314
mosmed_test_Jun_coronacases_case5_142,Jun_coronacases_case5,probabilities/mosmed_test_Jun_coronacases_case5_142.npy,masks/mosmed_test_Jun_coronacases_case5_142.png,0.8986013986191256,0.8158730159314689,1.8242640687119218,2.6977498311033727
mosmed_test_Morozov_study_0288_22,Morozov_study_0288,probabilities/mosmed_test_Morozov_study_0288_22.npy,masks/mosmed_test_Morozov_study_0288_22.png,0.778156996624888,0.6368715084813208,3.0,0.8764258799786617
mosmed_test_Jun_radiopaedia_10_85902_3_case12_68,Jun_radiopaedia_10_85902_3_case12,probabilities/mosmed_test_Jun_radiopaedia_10_85902_3_case12_68.npy,masks/mosmed_test_Jun_radiopaedia_10_85902_3_case12_68.png,0.8617363344496025,0.7570621470299084,2.8284271247461903,0.6466424559255015
mosmed_test_Morozov_study_0298_12,Morozov_study_0298,probabilities/mosmed_test_Morozov_study_0298_12.npy,masks/mosmed_test_Morozov_study_0298_12.png,0.8120195667496842,0.6835294118019377,12.859644256269416,2.3172362237505015
mosmed_test_Morozov_study_0301_28,Morozov_study_0301,probabilities/mosmed_test_Morozov_study_0301_28.npy,masks/mosmed_test_Morozov_study_0301_28.png,0.7450980394655902,0.5937500006347657,2.0,0.585133926604368
mosmed_test_Jun_coronacases_case8_60,Jun_coronacases_case8,probabilities/mosmed_test_Jun_coronacases_case8_60.npy,masks/mosmed_test_Jun_coronacases_case8_60.png,0.8908045977325274,0.8031088083921716,1.0,0.4194847469052791
mosmed_test_Morozov_study_0280_21,Morozov_study_0280,probabilities/mosmed_test_Morozov_study_0280_21.npy,masks/mosmed_test_Morozov_study_0280_21.png,0.8538812785499329,0.745019920352587,2.23606797749979,0.5751598998422375
mosmed_test_Jun_coronacases_case1_231,Jun_coronacases_case1,probabilities/mosmed_test_Jun_coronacases_case1_231.npy,masks/mosmed_test_Jun_coronacases_case1_231.png,0.8571428573283859,0.7500000005681818,1.0,0.34615384615384615
mosmed_test_Jun_radiopaedia_14_85914_0_case13_4,Jun_radiopaedia_14_85914_0_case13,probabilities/mosmed_test_Jun_radiopaedia_14_85914_0_case13_4.npy,masks/mosmed_test_Jun_radiopaedia_14_85914_0_case13_4.png,0.8948655256852243,0.8097345133164304,47.24285747155375,5.821938362820828
mosmed_test_Jun_coronacases_case3_116,Jun_coronacases_case3,probabilities/mosmed_test_Jun_coronacases_case3_116.npy,masks/mosmed_test_Jun_coronacases_case3_116.png,0.9035874439479897,0.8241308793515975,2.8284271247461903,1.0415925478534167
mosmed_test_Morozov_study_0276_27,Morozov_study_0276,probabilities/mosmed_test_Morozov_study_0276_27.npy,masks/mosmed_test_Morozov_study_0276_27.png,0.7947019868229462,0.6593406595278348,2.618033988749895,0.6492101011770927
mosmed_test_Morozov_study_0256_30,Morozov_study_0256,probabilities/mosmed_test_Morozov_study_0256_30.npy,masks/mosmed_test_Morozov_study_0256_30.png,0.9007009345852395,0.81934112648041,5.682968896295314,4.5122000135053435
mosmed_test_Jun_coronacases_case10_86,Jun_coronacases_case10,probabilities/mosmed_test_Jun_coronacases_case10_86.npy,masks/mosmed_test_Jun_coronacases_case10_86.png,0.848816029157667,0.7373417721934586,2.23606797749979,0.7492654635425376
mosmed_test_Jun_coronacases_case8_159,Jun_coronacases_case8,probabilities/mosmed_test_Jun_coronacases_case8_159.npy,masks/mosmed_test_Jun_coronacases_case8_159.png,0.8998589562835079,0.8179487179720578,2.0,0.7199841088096248
mosmed_test_Morozov_study_0295_12,Morozov_study_0295,probabilities/mosmed_test_Morozov_study_0295_12.npy,masks/mosmed_test_Morozov_study_0295_12.png,0.770764119639408,0.6270270271278304,3.605551275463989,1.432578795233752
mosmed_test_Jun_radiopaedia_10_85902_3_case12_143,Jun_radiopaedia_10_85902_3_case12,probabilities/mosmed_test_Jun_radiopaedia_10_85902_3_case12_143.npy,masks/mosmed_test_Jun_radiopaedia_10_85902_3_case12_143.png,0.9316696375560505,0.8720800890019933,3.605551275463989,0.8355564644737182
mosmed_test_Jun_radiopaedia_10_85902_3_case12_57,Jun_radiopaedia_10_85902_3_case12,probabilities/mosmed_test_Jun_radiopaedia_10_85902_3_case12_57.npy,masks/mosmed_test_Jun_radiopaedia_10_85902_3_case12_57.png,0.8588235294948097,0.7525773198427038,1.4142135623730951,0.4603799407164163
mosmed_test_Jun_coronacases_case2_144,Jun_coronacases_case2,probabilities/mosmed_test_Jun_coronacases_case2_144.npy,masks/mosmed_test_Jun_coronacases_case2_144.png,0.9162098668820509,0.8453757225656972,1.4142135623730951,0.8660527280153996
mosmed_test_Jun_radiopaedia_14_85914_0_case13_45,Jun_radiopaedia_14_85914_0_case13,probabilities/mosmed_test_Jun_radiopaedia_14_85914_0_case13_45.npy,masks/mosmed_test_Jun_radiopaedia_14_85914_0_case13_45.png,0.8960048795375012,0.811602209948221,5.0,1.3928695574667536
mosmed_test_Jun_coronacases_case2_127,Jun_coronacases_case2,probabilities/mosmed_test_Jun_coronacases_case2_127.npy,masks/mosmed_test_Jun_coronacases_case2_127.png,0.9043020193235907,0.8253205128485063,1.4142135623730951,0.530175485435492
mosmed_test_Jun_coronacases_case2_166,Jun_coronacases_case2,probabilities/mosmed_test_Jun_coronacases_case2_166.npy,masks/mosmed_test_Jun_coronacases_case2_166.png,0.7916666668836806,0.6551724143876337,2.0,0.42857142857142855
mosmed_test_Jun_radiopaedia_10_85902_3_case12_113,Jun_radiopaedia_10_85902_3_case12,probabilities/mosmed_test_Jun_radiopaedia_10_85902_3_case12_113.npy,masks/mosmed_test_Jun_radiopaedia_10_85902_3_case12_113.png,0.9544131910810462,0.9128014842462336,1.4142135623730951,0.3669367140269864
mosmed_test_Jun_coronacases_case6_50,Jun_coronacases_case6,probabilities/mosmed_test_Jun_coronacases_case6_50.npy,masks/mosmed_test_Jun_coronacases_case6_50.png,0.7727272729855372,0.6296296303155007,3.0,0.609375
mosmed_test_Jun_coronacases_case4_104,Jun_coronacases_case4,probabilities/mosmed_test_Jun_coronacases_case4_104.npy,masks/mosmed_test_Jun_coronacases_case4_104.png,0.7371601209253292,0.5837320576154392,2.23606797749979,0.8177885543071528
mosmed_test_Jun_coronacases_case8_214,Jun_coronacases_case8,probabilities/mosmed_test_Jun_coronacases_case8_214.npy,masks/mosmed_test_Jun_coronacases_case8_214.png,0.7514792900143552,0.6018957347858314,3.0,0.8137490428255577
mosmed_test_Jun_radiopaedia_10_85902_3_case12_128,Jun_radiopaedia_10_85902_3_case12,probabilities/mosmed_test_Jun_radiopaedia_10_85902_3_case12_128.npy,masks/mosmed_test_Jun_radiopaedia_10_85902_3_case12_128.png,0.9437689969647592,0.8935251798714352,1.4142135623730951,0.5828632727832429
mosmed_test_Jun_radiopaedia_40_86625_0_case18_38,Jun_radiopaedia_40_86625_0_case18,probabilities/mosmed_test_Jun_radiopaedia_40_86625_0_case18_38.npy,masks/mosmed_test_Jun_radiopaedia_40_86625_0_case18_38.png,0.9102379634763671,0.8352630509885179,3.0,0.8590994928614635
mosmed_test_Jun_coronacases_case4_121,Jun_coronacases_case4,probabilities/mosmed_test_Jun_coronacases_case4_121.npy,masks/mosmed_test_Jun_coronacases_case4_121.png,0.8018223235075576,0.6692015210383263,11.931707548444592,2.1669979128576475
mosmed_test_Jun_coronacases_case10_126,Jun_coronacases_case10,probabilities/mosmed_test_Jun_coronacases_case10_126.npy,masks/mosmed_test_Jun_coronacases_case10_126.png,0.8760846928192959,0.7794935145287527,3.605551275463989,1.1529243947520897
mosmed_test_Jun_coronacases_case8_215,Jun_coronacases_case8,probabilities/mosmed_test_Jun_coronacases_case8_215.npy,masks/mosmed_test_Jun_coronacases_case8_215.png,0.8337595908353557,0.7149122808267928,2.6944271909999116,0.6715835306660459
mosmed_test_Morozov_study_0291_15,Morozov_study_0291,probabilities/mosmed_test_Morozov_study_0291_15.npy,masks/mosmed_test_Morozov_study_0291_15.png,0.022471911210705717,0.011363637487086777,14.422205101855956,7.553275990458856
mosmed_test_Jun_radiopaedia_7_85703_0_case20_5,Jun_radiopaedia_7_85703_0_case20,probabilities/mosmed_test_Jun_radiopaedia_7_85703_0_case20_5.npy,masks/mosmed_test_Jun_radiopaedia_7_85703_0_case20_5.png,0.7758620690299247,0.633802817073332,10.379259058923914,1.9587768078388639
mosmed_test_Jun_coronacases_case6_71,Jun_coronacases_case6,probabilities/mosmed_test_Jun_coronacases_case6_71.npy,masks/mosmed_test_Jun_coronacases_case6_71.png,0.9219576719628335,0.8552147239441454,2.0,0.6507673182227824
mosmed_test_Jun_radiopaedia_40_86625_0_case18_25,Jun_radiopaedia_40_86625_0_case18,probabilities/mosmed_test_Jun_radiopaedia_40_86625_0_case18_25.npy,masks/mosmed_test_Jun_radiopaedia_40_86625_0_case18_25.png,0.8320351507922501,0.7123803009674289,9.595440426892411,1.9753241586046435
mosmed_test_Morozov_study_0278_24,Morozov_study_0278,probabilities/mosmed_test_Morozov_study_0278_24.npy,masks/mosmed_test_Morozov_study_0278_24.png,0.8870967742238988,0.7971014493733809,6.0,0.8849241759945968
mosmed_test_bjorke_38,bjorke_38,probabilities/mosmed_test_bjorke_38.npy,masks/mosmed_test_bjorke_38.png,0.7637648036616712,0.6178151260632668,8.06225774829855,2.7656211130236685
mosmed_test_Jun_coronacases_case5_169,Jun_coronacases_case5,probabilities/mosmed_test_Jun_coronacases_case5_169.npy,masks/mosmed_test_Jun_coronacases_case5_169.png,0.8045977013740256,0.6730769237056213,1.0,0.4280763297370033
mosmed_test_Morozov_study_0284_12,Morozov_study_0284,probabilities/mosmed_test_Morozov_study_0284_12.npy,masks/mosmed_test_Morozov_study_0284_12.png,1.3333333315555557e-09,1.3333333315555557e-09,123.32412542799679,116.45454513635943
mosmed_test_Jun_coronacases_case10_208,Jun_coronacases_case10,probabilities/mosmed_test_Jun_coronacases_case10_208.npy,masks/mosmed_test_Jun_coronacases_case10_208.png,0.8925987757433167,0.8060301507732633,3.0,0.8573622979468224
mosmed_test_Morozov_study_0294_31,Morozov_study_0294,probabilities/mosmed_test_Morozov_study_0294_31.npy,masks/mosmed_test_Morozov_study_0294_31.png,0.8235294119723183,0.7000000006,25.771615773739487,3.3282706065897116
mosmed_test_Morozov_study_0269_16,Morozov_study_0269,probabilities/mosmed_test_Morozov_study_0269_16.npy,masks/mosmed_test_Morozov_study_0269_16.png,0.6946688207278403,0.5321782179375796,14.39077489711034,3.801154207621238
mosmed_test_Jun_coronacases_case7_121,Jun_coronacases_case7,probabilities/mosmed_test_Jun_coronacases_case7_121.npy,masks/mosmed_test_Jun_coronacases_case7_121.png,0.8712871287244565,0.7719298245977784,2.0,0.7622490206124312
mosmed_test_Jun_coronacases_case6_64,Jun_coronacases_case6,probabilities/mosmed_test_Jun_coronacases_case6_64.npy,masks/mosmed_test_Jun_coronacases_case6_64.png,0.8257491676109047,0.7032136106421147,3.0,0.995971774993578
mosmed_test_Jun_coronacases_case2_131,Jun_coronacases_case2,probabilities/mosmed_test_Jun_coronacases_case2_131.npy,masks/mosmed_test_Jun_coronacases_case2_131.png,0.9173553719076566,0.8473282442981178,1.4142135623730951,0.45845150514152183
mosmed_test_Jun_coronacases_case10_222,Jun_coronacases_case10,probabilities/mosmed_test_Jun_coronacases_case10_222.npy,masks/mosmed_test_Jun_coronacases_case10_222.png,0.8682406702309032,0.7671601615387402,2.8284271247461903,0.959711245625552
mosmed_test_Jun_coronacases_case10_230,Jun_coronacases_case10,probabilities/mosmed_test_Jun_coronacases_case10_230.npy,masks/mosmed_test_Jun_coronacases_case10_230.png,0.8683035714432696,0.7672583826889037,2.0,0.7147450299236782
mosmed_test_Jun_radiopaedia_40_86625_0_case18_35,Jun_radiopaedia_40_86625_0_case18,probabilities/mosmed_test_Jun_radiopaedia_40_86625_0_case18_35.npy,masks/mosmed_test_Jun_radiopaedia_40_86625_0_case18_35.png,0.9023762987357024,0.8221180881008038,3.605551275463989,1.107275607726102
mosmed_test_Morozov_study_0291_20,Morozov_study_0291,probabilities/mosmed_test_Morozov_study_0291_20.npy,masks/mosmed_test_Morozov_study_0291_20.png,0.9404069767485169,0.8875171467918358,4.152989390993067,0.7463664768161752
mosmed_test_Jun_coronacases_case2_104,Jun_coronacases_case2,probabilities/mosmed_test_Jun_coronacases_case2_104.npy,masks/mosmed_test_Jun_coronacases_case2_104.png,0.8906525573288665,0.802861685245968,2.0,0.5844787137592309
mosmed_test_Morozov_study_0278_25,Morozov_study_0278,probabilities/mosmed_test_Morozov_study_0278_25.npy,masks/mosmed_test_Morozov_study_0278_25.png,0.9199318569131292,0.851735015819642,1.4142135623730951,0.5118642384117303
mosmed_test_Jun_coronacases_case2_167,Jun_coronacases_case2,probabilities/mosmed_test_Jun_coronacases_case2_167.npy,masks/mosmed_test_Jun_coronacases_case2_167.png,0.7000000005,0.5384615396449705,70.80571312000927,14.269238519235392
mosmed_test_Jun_coronacases_case3_176,Jun_coronacases_case3,probabilities/mosmed_test_Jun_coronacases_case3_176.npy,masks/mosmed_test_Jun_coronacases_case3_176.png,0.814159292199859,0.6865671646469148,1.0,0.3957775809630249
mosmed_test_Jun_coronacases_case6_83,Jun_coronacases_case6,probabilities/mosmed_test_Jun_coronacases_case6_83.npy,masks/mosmed_test_Jun_coronacases_case6_83.png,0.9287634408650025,0.8670012547218318,15.559556694389508,1.4951402637347802
mosmed_test_Jun_coronacases_case7_79,Jun_coronacases_case7,probabilities/mosmed_test_Jun_coronacases_case7_79.npy,masks/mosmed_test_Jun_coronacases_case7_79.png,0.9043478261701323,0.8253968256739733,1.0,0.3125
mosmed_test_Jun_coronacases_case8_202,Jun_coronacases_case8,probabilities/mosmed_test_Jun_coronacases_case8_202.npy,masks/mosmed_test_Jun_coronacases_case8_202.png,0.7730061350389551,0.630000000185,1.4142135623730951,0.4837417220867386
mosmed_test_Jun_coronacases_case10_202,Jun_coronacases_case10,probabilities/mosmed_test_Jun_coronacases_case10_202.npy,masks/mosmed_test_Jun_coronacases_case10_202.png,0.8623529411845675,0.7580144777913118,4.2546397817749915,1.0607131448553473
mosmed_test_Jun_coronacases_case2_61,Jun_coronacases_case2,probabilities/mosmed_test_Jun_coronacases_case2_61.npy,masks/mosmed_test_Jun_coronacases_case2_61.png,0.8848920863723408,0.7935483872299688,1.0,0.3682004374959063
mosmed_test_Morozov_study_0304_23,Morozov_study_0304,probabilities/mosmed_test_Morozov_study_0304_23.npy,masks/mosmed_test_Morozov_study_0304_23.png,0.42962963005212623,0.2735849063456746,25.113607399072713,4.285190943767951
