sample_id,source_id,method,seed,dice,miou,hd95,assd,prediction_path,probability_path
mosmed_test_Jun_coronacases_case8_246,Jun_coronacases_case8,panoptic_fpn,1003,0.8351955307492743,0.7170263789647419,2.0,0.7602292800556758,predictions/masks/mosmed_test_Jun_coronacases_case8_246.png,predictions/probabilities/mosmed_test_Jun_coronacases_case8_246.npy
mosmed_test_Jun_coronacases_case1_226,Jun_coronacases_case1,panoptic_fpn,1003,0.7830423940690667,0.6434426230969498,4.200803415593717,8.986640762654938,predictions/masks/mosmed_test_Jun_coronacases_case1_226.png,predictions/probabilities/mosmed_test_Jun_coronacases_case1_226.npy
mosmed_test_Jun_radiopaedia_4_85506_1_case19_8,Jun_radiopaedia_4_85506_1_case19,panoptic_fpn,1003,0.8321818181833438,0.7125953604279527,8.06225774829855,2.3523155832469858,predictions/masks/mosmed_test_Jun_radiopaedia_4_85506_1_case19_8.png,predictions/probabilities/mosmed_test_Jun_radiopaedia_4_85506_1_case19_8.npy
mosmed_test_Jun_coronacases_case8_200,Jun_coronacases_case8,panoptic_fpn,1003,0.8165467626009265,0.6899696048946332,2.8284271247461903,0.9649668938969802,predictions/masks/mosmed_test_Jun_coronacases_case8_200.png,predictions/probabilities/mosmed_test_Jun_coronacases_case8_200.npy
mosmed_test_Jun_coronacases_case7_148,Jun_coronacases_case7,panoptic_fpn,1003,0.9085963003289282,0.8325024925307826,2.23606797749979,0.9184181563031463,predictions/masks/mosmed_test_Jun_coronacases_case7_148.png,predictions/probabilities/mosmed_test_Jun_coronacases_case7_148.npy
mosmed_test_Morozov_study_0264_27,Morozov_study_0264,panoptic_fpn,1003,0.6626201315294578,0.4954614221259106,8.54400374531753,2.255069862337855,predictions/masks/mosmed_test_Morozov_study_0264_27.png,predictions/probabilities/mosmed_test_Morozov_study_0264_27.npy
mosmed_test_Morozov_study_0274_10,Morozov_study_0274,panoptic_fpn,1003,0.7434683499957309,0.591682947262303,21.213203435596427,5.499001209968423,predictions/masks/mosmed_test_Morozov_study_0274_10.png,predictions/probabilities/mosmed_test_Morozov_study_0274_10.npy
mosmed_test_Jun_coronacases_case8_211,Jun_coronacases_case8,panoptic_fpn,1003,0.875789473692927,0.7790262172560517,3.0,1.4845324299593803,predictions/masks/mosmed_test_Jun_coronacases_case8_211.png,predictions/probabilities/mosmed_test_Jun_coronacases_case8_211.npy
mosmed_test_Jun_coronacases_case7_88,Jun_coronacases_case7,panoptic_fpn,1003,0.6991786447793029,0.5374901342117213,9.0,3.11801165726462,predictions/masks/mosmed_test_Jun_coronacases_case7_88.png,predictions/probabilities/mosmed_test_Jun_coronacases_case7_88.npy
mosmed_test_Jun_coronacases_case8_137,Jun_coronacases_case8,panoptic_fpn,1003,0.9150138928819104,0.8433415754178145,7.848199740725332,1.60320936520357,predictions/masks/mosmed_test_Jun_coronacases_case8_137.png,predictions/probabilities/mosmed_test_Jun_coronacases_case8_137.npy
mosmed_test_Jun_radiopaedia_7_85703_0_case20_9,Jun_radiopaedia_7_85703_0_case20,panoptic_fpn,1003,0.7706024096440819,0.6268130145187452,14.499620099739866,2.7277205226067363,predictions/masks/mosmed_test_Jun_radiopaedia_7_85703_0_case20_9.png,predictions/probabilities/mosmed_test_Jun_radiopaedia_7_85703_0_case20_9.npy
mosmed_test_Morozov_study_0262_11,Morozov_study_0262,panoptic_fpn,1003,0.8837814397275031,0.7917637917799717,4.242640687119285,1.6766394005800695,predictions/masks/mosmed_test_Morozov_study_0262_11.png,predictions/probabilities/mosmed_test_Morozov_study_0262_11.npy
mosmed_test_Jun_coronacases_case4_119,Jun_coronacases_case4,panoptic_fpn,1003,0.7981171548222742,0.6640557006384633,19.28066000599041,3.612148776314231,predictions/masks/mosmed_test_Jun_coronacases_case4_119.png,predictions/probabilities/mosmed_test_Jun_coronacases_case4_119.npy
mosmed_test_Jun_radiopaedia_7_85703_0_case20_33,Jun_radiopaedia_7_85703_0_case20,panoptic_fpn,1003,0.930122228445524,0.8693724210145386,8.06225774829855,2.032474221130685,predictions/masks/mosmed_test_Jun_radiopaedia_7_85703_0_case20_33.png,predictions/probabilities/mosmed_test_Jun_radiopaedia_7_85703_0_case20_33.npy
mosmed_test_Jun_radiopaedia_40_86625_0_case18_54,Jun_radiopaedia_40_86625_0_case18,panoptic_fpn,1003,0.891212547758166,0.8037722161778936,6.082762530298219,1.934240216952249,predictions/masks/mosmed_test_Jun_radiopaedia_40_86625_0_case18_54.png,predictions/probabilities/mosmed_test_Jun_radiopaedia_40_86625_0_case18_54.npy
mosmed_test_Morozov_study_0268_9,Morozov_study_0268,panoptic_fpn,1003,0.4637385087371054,0.30186170222049713,13.235523325323964,3.572025227211492,predictions/masks/mosmed_test_Morozov_study_0268_9.png,predictions/probabilities/mosmed_test_Morozov_study_0268_9.npy
mosmed_test_Jun_radiopaedia_7_85703_0_case20_19,Jun_radiopaedia_7_85703_0_case20,panoptic_fpn,1003,0.8748885586936613,0.7776016904423736,7.464724658401368,2.4468096292881434,predictions/masks/mosmed_test_Jun_radiopaedia_7_85703_0_case20_19.png,predictions/probabilities/mosmed_test_Jun_radiopaedia_7_85703_0_case20_19.npy
mosmed_test_Jun_coronacases_case9_161,Jun_coronacases_case9,panoptic_fpn,1003,0.6945436002195542,0.53203125003656,58.37519263443709,10.763407968140944,predictions/masks/mosmed_test_Jun_coronacases_case9_161.png,predictions/probabilities/mosmed_test_Jun_coronacases_case9_161.npy
mosmed_test_Morozov_study_0292_20,Morozov_study_0292,panoptic_fpn,1003,0.8722991331365986,0.7735199632911078,25.37494635168212,6.556318998790054,predictions/masks/mosmed_test_Morozov_study_0292_20.png,predictions/probabilities/mosmed_test_Morozov_study_0292_20.npy
mosmed_test_Morozov_study_0258_21,Morozov_study_0258,panoptic_fpn,1003,0.8435885392239646,0.7294882209695578,117.20064505620654,13.020398880465613,predictions/masks/mosmed_test_Morozov_study_0258_21.png,predictions/probabilities/mosmed_test_Morozov_study_0258_21.npy
mosmed_test_Jun_coronacases_case3_151,Jun_coronacases_case3,panoptic_fpn,1003,0.891738966428784,0.8046289993225897,6.0,1.8921662512195292,predictions/masks/mosmed_test_Jun_coronacases_case3_151.png,predictions/probabilities/mosmed_test_Jun_coronacases_case3_151.npy
mosmed_test_Morozov_study_0256_15,Morozov_study_0256,panoptic_fpn,1003,2.564102557527942e-09,2.564102557527942e-09,724.0773439350247,724.0773439350247,predictions/masks/mosmed_test_Morozov_study_0256_15.png,predictions/probabilities/mosmed_test_Morozov_study_0256_15.npy
mosmed_test_Jun_coronacases_case3_102,Jun_coronacases_case3,panoptic_fpn,1003,0.9373114966760586,0.8820190429694701,7.0710678118654755,2.3366925587961926,predictions/masks/mosmed_test_Jun_coronacases_case3_102.png,predictions/probabilities/mosmed_test_Jun_coronacases_case3_102.npy
mosmed_test_Jun_coronacases_case7_96,Jun_coronacases_case7,panoptic_fpn,1003,0.9022556390997858,0.8219178082259544,3.6055512754639896,1.3437389629117753,predictions/masks/mosmed_test_Jun_coronacases_case7_96.png,predictions/probabilities/mosmed_test_Jun_coronacases_case7_96.npy
mosmed_test_Morozov_study_0292_24,Morozov_study_0292,panoptic_fpn,1003,0.37889688254365333,0.23372781072645682,58.54912467321779,20.455608169667407,predictions/masks/mosmed_test_Morozov_study_0292_24.png,predictions/probabilities/mosmed_test_Morozov_study_0292_24.npy
mosmed_test_Morozov_study_0258_20,Morozov_study_0258,panoptic_fpn,1003,0.908291937334576,0.8319915995858596,4.0,1.3412898031481237,predictions/masks/mosmed_test_Morozov_study_0258_20.png,predictions/probabilities/mosmed_test_Morozov_study_0258_20.npy
mosmed_test_Morozov_study_0273_15,Morozov_study_0273,panoptic_fpn,1003,0.796296296313443,0.6615384615857989,9.786626301335165,2.3312283326800194,predictions/masks/mosmed_test_Morozov_study_0273_15.png,predictions/probabilities/mosmed_test_Morozov_study_0273_15.npy
mosmed_test_Jun_coronacases_case4_75,Jun_coronacases_case4,panoptic_fpn,1003,0.7254608869095436,0.5691946833800473,5.059411708155667,2.195485983853023,predictions/masks/mosmed_test_Jun_coronacases_case4_75.png,predictions/probabilities/mosmed_test_Jun_coronacases_case4_75.npy
mosmed_test_Jun_coronacases_case6_65,Jun_coronacases_case6,panoptic_fpn,1003,0.8226399673105305,0.6987157237175039,36.920961870522056,5.159240465035047,predictions/masks/mosmed_test_Jun_coronacases_case6_65.png,predictions/probabilities/mosmed_test_Jun_coronacases_case6_65.npy
mosmed_test_Jun_radiopaedia_40_86625_0_case18_48,Jun_radiopaedia_40_86625_0_case18,panoptic_fpn,1003,0.9214179870057645,0.8542864389590198,12.0,2.510272014739668,predictions/masks/mosmed_test_Jun_radiopaedia_40_86625_0_case18_48.png,predictions/probabilities/mosmed_test_Jun_radiopaedia_40_86625_0_case18_48.npy
mosmed_test_Jun_coronacases_case2_41,Jun_coronacases_case2,panoptic_fpn,1003,0.8704525288433695,0.770620581322025,117.15691099111605,19.118645769743257,predictions/masks/mosmed_test_Jun_coronacases_case2_41.png,predictions/probabilities/mosmed_test_Jun_coronacases_case2_41.npy
mosmed_test_Jun_coronacases_case10_122,Jun_coronacases_case10,panoptic_fpn,1003,0.9059755041450824,0.8281126314618554,5.830951894845301,2.061086056633679,predictions/masks/mosmed_test_Jun_coronacases_case10_122.png,predictions/probabilities/mosmed_test_Jun_coronacases_case10_122.npy
mosmed_test_Jun_coronacases_case3_72,Jun_coronacases_case3,panoptic_fpn,1003,0.9200682504268275,0.8519688867291446,6.0,2.1055200422840117,predictions/masks/mosmed_test_Jun_coronacases_case3_72.png,predictions/probabilities/mosmed_test_Jun_coronacases_case3_72.npy
mosmed_test_Jun_coronacases_case7_75,Jun_coronacases_case7,panoptic_fpn,1003,0.2826086960420605,0.1645569625540779,13.422060880427626,4.908712024092675,predictions/masks/mosmed_test_Jun_coronacases_case7_75.png,predictions/probabilities/mosmed_test_Jun_coronacases_case7_75.npy
mosmed_test_Jun_radiopaedia_27_86410_0_case14_30,Jun_radiopaedia_27_86410_0_case14,panoptic_fpn,1003,0.8259437199737409,0.7034958494130304,7.211102550927978,2.331935481339214,predictions/masks/mosmed_test_Jun_radiopaedia_27_86410_0_case14_30.png,predictions/probabilities/mosmed_test_Jun_radiopaedia_27_86410_0_case14_30.npy
mosmed_test_Morozov_study_0266_20,Morozov_study_0266,panoptic_fpn,1003,0.5818181821983471,0.41025641101249183,44.02839663021062,11.892973295714894,predictions/masks/mosmed_test_Morozov_study_0266_20.png,predictions/probabilities/mosmed_test_Morozov_study_0266_20.npy
mosmed_test_Jun_radiopaedia_14_85914_0_case13_6,Jun_radiopaedia_14_85914_0_case13,panoptic_fpn,1003,0.9128487771286109,0.8396704689531156,4.0,1.5085406592061132,predictions/masks/mosmed_test_Jun_radiopaedia_14_85914_0_case13_6.png,predictions/probabilities/mosmed_test_Jun_radiopaedia_14_85914_0_case13_6.npy
mosmed_test_Jun_coronacases_case5_151,Jun_coronacases_case5,panoptic_fpn,1003,0.925757575760388,0.861777150926532,2.23606797749979,0.9162520375986593,predictions/masks/mosmed_test_Jun_coronacases_case5_151.png,predictions/probabilities/mosmed_test_Jun_coronacases_case5_151.npy
mosmed_test_Jun_radiopaedia_36_86526_0_case17_33,Jun_radiopaedia_36_86526_0_case17,panoptic_fpn,1003,0.6021934197804393,0.43081312418961304,10.990832691319596,3.0870915805722934,predictions/masks/mosmed_test_Jun_radiopaedia_36_86526_0_case17_33.png,predictions/probabilities/mosmed_test_Jun_radiopaedia_36_86526_0_case17_33.npy
mosmed_test_Morozov_study_0256_10,Morozov_study_0256,panoptic_fpn,1003,0.37964774963216286,0.23429951709316435,294.4944581400732,46.77778839248081,predictions/masks/mosmed_test_Morozov_study_0256_10.png,predictions/probabilities/mosmed_test_Morozov_study_0256_10.npy
mosmed_test_Jun_coronacases_case1_207,Jun_coronacases_case1,panoptic_fpn,1003,0.7866808575370734,0.6483709273271084,7.615773105863909,3.761682635134836,predictions/masks/mosmed_test_Jun_coronacases_case1_207.png,predictions/probabilities/mosmed_test_Jun_coronacases_case1_207.npy
mosmed_test_Morozov_study_0298_9,Morozov_study_0298,panoptic_fpn,1003,0.8077176057924201,0.6774549466834331,281.40557870623996,27.00186132462405,predictions/masks/mosmed_test_Morozov_study_0298_9.png,predictions/probabilities/mosmed_test_Morozov_study_0298_9.npy
mosmed_test_bjorke_26,bjorke_26,panoptic_fpn,1003,0.859481634844223,0.7535885971702908,69.19284063440877,7.525511774471891,predictions/masks/mosmed_test_bjorke_26.png,predictions/probabilities/mosmed_test_bjorke_26.npy
mosmed_test_Jun_coronacases_case10_98,Jun_coronacases_case10,panoptic_fpn,1003,0.9046137895290771,0.8258400378636087,5.385164807134504,1.6053627437478113,predictions/masks/mosmed_test_Jun_coronacases_case10_98.png,predictions/probabilities/mosmed_test_Jun_coronacases_case10_98.npy
mosmed_test_Jun_coronacases_case10_200,Jun_coronacases_case10,panoptic_fpn,1003,0.8733515799965993,0.7751766784501949,8.0,2.3987178697132956,predictions/masks/mosmed_test_Jun_coronacases_case10_200.png,predictions/probabilities/mosmed_test_Jun_coronacases_case10_200.npy
mosmed_test_Jun_coronacases_case3_71,Jun_coronacases_case3,panoptic_fpn,1003,0.9273186243978385,0.8644865525680655,9.59544042689233,2.439227572328643,predictions/masks/mosmed_test_Jun_coronacases_case3_71.png,predictions/probabilities/mosmed_test_Jun_coronacases_case3_71.npy
mosmed_test_Jun_coronacases_case5_170,Jun_coronacases_case5,panoptic_fpn,1003,0.6324110673389679,0.46242774597547526,4.0,1.771560605206711,predictions/masks/mosmed_test_Jun_coronacases_case5_170.png,predictions/probabilities/mosmed_test_Jun_coronacases_case5_170.npy
mosmed_test_Morozov_study_0297_9,Morozov_study_0297,panoptic_fpn,1003,0.6875763747485989,0.5238981998832418,15.231546211727817,4.239590271899806,predictions/masks/mosmed_test_Morozov_study_0297_9.png,predictions/probabilities/mosmed_test_Morozov_study_0297_9.npy
mosmed_test_Jun_coronacases_case9_131,Jun_coronacases_case9,panoptic_fpn,1003,0.9324590163943284,0.8734643734674824,4.47213595499958,1.445029171386442,predictions/masks/mosmed_test_Jun_coronacases_case9_131.png,predictions/probabilities/mosmed_test_Jun_coronacases_case9_131.npy
mosmed_test_Jun_coronacases_case7_131,Jun_coronacases_case7,panoptic_fpn,1003,0.8969525604791556,0.8131586442662159,4.0,1.309133473933048,predictions/masks/mosmed_test_Jun_coronacases_case7_131.png,predictions/probabilities/mosmed_test_Jun_coronacases_case7_131.npy
mosmed_test_Morozov_study_0294_35,Morozov_study_0294,panoptic_fpn,1003,0.5432098766841944,0.3728813561979316,50.52523563047765,16.28139833941802,predictions/masks/mosmed_test_Morozov_study_0294_35.png,predictions/probabilities/mosmed_test_Morozov_study_0294_35.npy
mosmed_test_Jun_radiopaedia_10_85902_3_case12_107,Jun_radiopaedia_10_85902_3_case12,panoptic_fpn,1003,0.9250405186400924,0.860535243126252,5.0,1.416640429295171,predictions/masks/mosmed_test_Jun_radiopaedia_10_85902_3_case12_107.png,predictions/probabilities/mosmed_test_Jun_radiopaedia_10_85902_3_case12_107.npy
mosmed_test_Morozov_study_0271_25,Morozov_study_0271,panoptic_fpn,1003,0.8216062544547543,0.6972255730160162,6.0,1.525418452675183,predictions/masks/mosmed_test_Morozov_study_0271_25.png,predictions/probabilities/mosmed_test_Morozov_study_0271_25.npy
mosmed_test_Jun_coronacases_case8_238,Jun_coronacases_case8,panoptic_fpn,1003,0.7384615385190194,0.5853658538030083,3.0,1.2733335221734479,predictions/masks/mosmed_test_Jun_coronacases_case8_238.png,predictions/probabilities/mosmed_test_Jun_coronacases_case8_238.npy
mosmed_test_Jun_coronacases_case1_95,Jun_coronacases_case1,panoptic_fpn,1003,0.9161151851204415,0.8452145214572536,4.0,1.4674836368494604,predictions/masks/mosmed_test_Jun_coronacases_case1_95.png,predictions/probabilities/mosmed_test_Jun_coronacases_case1_95.npy
mosmed_test_Jun_coronacases_case4_163,Jun_coronacases_case4,panoptic_fpn,1003,0.932049830128423,0.8727465535659866,2.0,0.6632563402048115,predictions/masks/mosmed_test_Jun_coronacases_case4_163.png,predictions/probabilities/mosmed_test_Jun_coronacases_case4_163.npy
mosmed_test_Morozov_study_0261_26,Morozov_study_0261,panoptic_fpn,1003,0.8972746331344575,0.8136882129631773,2.8284271247461903,0.9518631891568099,predictions/masks/mosmed_test_Morozov_study_0261_26.png,predictions/probabilities/mosmed_test_Morozov_study_0261_26.npy
mosmed_test_Morozov_study_0270_18,Morozov_study_0270,panoptic_fpn,1003,0.5740112994510731,0.4025356577177741,20.675656076514183,5.35506288969805,predictions/masks/mosmed_test_Morozov_study_0270_18.png,predictions/probabilities/mosmed_test_Morozov_study_0270_18.npy
mosmed_test_Morozov_study_0294_28,Morozov_study_0294,panoptic_fpn,1003,0.8155619596807547,0.6885644769614199,6.082762530298219,1.7170353253936927,predictions/masks/mosmed_test_Morozov_study_0294_28.png,predictions/probabilities/mosmed_test_Morozov_study_0294_28.npy
mosmed_test_Jun_radiopaedia_7_85703_0_case20_18,Jun_radiopaedia_7_85703_0_case20,panoptic_fpn,1003,0.8719702303140705,0.7730028530710948,11.565591009252248,2.515587971730637,predictions/masks/mosmed_test_Jun_radiopaedia_7_85703_0_case20_18.png,predictions/probabilities/mosmed_test_Jun_radiopaedia_7_85703_0_case20_18.npy
mosmed_test_Morozov_study_0288_12,Morozov_study_0288,panoptic_fpn,1003,0.8069242826974243,0.6763395407325906,17.0,4.420438434969094,predictions/masks/mosmed_test_Morozov_study_0288_12.png,predictions/probabilities/mosmed_test_Morozov_study_0288_12.npy
mosmed_test_Morozov_study_0258_22,Morozov_study_0258,panoptic_fpn,1003,0.8760995224962026,0.7795169946431344,54.42655122132954,6.0446376657400265,predictions/masks/mosmed_test_Morozov_study_0258_22.png,predictions/probabilities/mosmed_test_Morozov_study_0258_22.npy
mosmed_test_Jun_coronacases_case9_181,Jun_coronacases_case9,panoptic_fpn,1003,0.8906867356558666,0.8029172320283949,5.0990195135927845,1.6527989709194841,predictions/masks/mosmed_test_Jun_coronacases_case9_181.png,predictions/probabilities/mosmed_test_Jun_coronacases_case9_181.npy
mosmed_test_Morozov_study_0286_24,Morozov_study_0286,panoptic_fpn,1003,0.510843373611845,0.3430420714100187,95.4030200273294,31.181317398088936,predictions/masks/mosmed_test_Morozov_study_0286_24.png,predictions/probabilities/mosmed_test_Morozov_study_0286_24.npy
mosmed_test_Morozov_study_0286_17,Morozov_study_0286,panoptic_fpn,1003,0.5955204216180363,0.42401500940247605,74.65118864354947,10.505509575009114,predictions/masks/mosmed_test_Morozov_study_0286_17.png,predictions/probabilities/mosmed_test_Morozov_study_0286_17.npy
mosmed_test_Jun_coronacases_case8_251,Jun_coronacases_case8,panoptic_fpn,1003,0.7883597884157778,0.6506550219866135,3.0,0.9486207493938449,predictions/masks/mosmed_test_Jun_coronacases_case8_251.png,predictions/probabilities/mosmed_test_Jun_coronacases_case8_251.npy
mosmed_test_Jun_coronacases_case9_104,Jun_coronacases_case9,panoptic_fpn,1003,0.9273381294990166,0.8645204560788383,2.8284271247461903,0.8771383856659786,predictions/masks/mosmed_test_Jun_coronacases_case9_104.png,predictions/probabilities/mosmed_test_Jun_coronacases_case9_104.npy
mosmed_test_Jun_coronacases_case10_101,Jun_coronacases_case10,panoptic_fpn,1003,0.9136805223768619,0.8410790206737857,4.47213595499958,1.6139857073759025,predictions/masks/mosmed_test_Jun_coronacases_case10_101.png,predictions/probabilities/mosmed_test_Jun_coronacases_case10_101.npy
mosmed_test_Morozov_study_0279_16,Morozov_study_0279,panoptic_fpn,1003,0.8998609179433265,0.8179519595506336,8.94427190999916,2.375386672830054,predictions/masks/mosmed_test_Morozov_study_0279_16.png,predictions/probabilities/mosmed_test_Morozov_study_0279_16.npy
mosmed_test_Jun_radiopaedia_29_86491_1_case16_16,Jun_radiopaedia_29_86491_1_case16,panoptic_fpn,1003,0.9155590304958734,0.8442682047696994,4.47213595499958,1.6447103228338553,predictions/masks/mosmed_test_Jun_radiopaedia_29_86491_1_case16_16.png,predictions/probabilities/mosmed_test_Jun_radiopaedia_29_86491_1_case16_16.npy
mosmed_test_Jun_coronacases_case8_92,Jun_coronacases_case8,panoptic_fpn,1003,0.8723430702315432,0.7735890652607234,5.830951894845301,1.6855548781399499,predictions/masks/mosmed_test_Jun_coronacases_case8_92.png,predictions/probabilities/mosmed_test_Jun_coronacases_case8_92.npy
mosmed_test_Jun_coronacases_case4_60,Jun_coronacases_case4,panoptic_fpn,1003,0.8056537103160233,0.6745562132103218,2.8284271247461903,1.0786048761617755,predictions/masks/mosmed_test_Jun_coronacases_case4_60.png,predictions/probabilities/mosmed_test_Jun_coronacases_case4_60.npy
mosmed_test_Morozov_study_0294_20,Morozov_study_0294,panoptic_fpn,1003,0.8648648648876918,0.7619047619756236,2.5026295937606635,0.9891901280200583,predictions/masks/mosmed_test_Morozov_study_0294_20.png,predictions/probabilities/mosmed_test_Morozov_study_0294_20.npy
mosmed_test_Jun_radiopaedia_40_86625_0_case18_29,Jun_radiopaedia_40_86625_0_case18,panoptic_fpn,1003,0.9208765306327863,0.8533560401323411,12.0,2.854044736796416,predictions/masks/mosmed_test_Jun_radiopaedia_40_86625_0_case18_29.png,predictions/probabilities/mosmed_test_Jun_radiopaedia_40_86625_0_case18_29.npy
mosmed_test_Jun_coronacases_case5_140,Jun_coronacases_case5,panoptic_fpn,1003,0.9166947723468231,0.8462017434715939,3.6055512754639896,1.0709166495633509,predictions/masks/mosmed_test_Jun_coronacases_case5_140.png,predictions/probabilities/mosmed_test_Jun_coronacases_case5_140.npy
mosmed_test_Jun_coronacases_case3_126,Jun_coronacases_case3,panoptic_fpn,1003,0.926802421574333,0.8635897435908199,5.830951894845301,2.5379248255993785,predictions/masks/mosmed_test_Jun_coronacases_case3_126.png,predictions/probabilities/mosmed_test_Jun_coronacases_case3_126.npy
mosmed_test_Jun_coronacases_case8_71,Jun_coronacases_case8,panoptic_fpn,1003,0.8275418275455267,0.7058177826671856,7.0710678118654755,2.124181160461894,predictions/masks/mosmed_test_Jun_coronacases_case8_71.png,predictions/probabilities/mosmed_test_Jun_coronacases_case8_71.npy
mosmed_test_Jun_radiopaedia_27_86410_0_case14_42,Jun_radiopaedia_27_86410_0_case14,panoptic_fpn,1003,0.8431272355726558,0.7287985865963958,3.605551275463989,1.4974915999978848,predictions/masks/mosmed_test_Jun_radiopaedia_27_86410_0_case14_42.png,predictions/probabilities/mosmed_test_Jun_radiopaedia_27_86410_0_case14_42.npy
mosmed_test_Jun_coronacases_case9_85,Jun_coronacases_case9,panoptic_fpn,1003,0.6406250001403808,0.471264368119963,4.709674775249763,1.746195659558597,predictions/masks/mosmed_test_Jun_coronacases_case9_85.png,predictions/probabilities/mosmed_test_Jun_coronacases_case9_85.npy
mosmed_test_Jun_radiopaedia_36_86526_0_case17_10,Jun_radiopaedia_36_86526_0_case17,panoptic_fpn,1003,0.6858041683175068,0.5218432076886987,6.363839778884804,2.283300529711359,predictions/masks/mosmed_test_Jun_radiopaedia_36_86526_0_case17_10.png,predictions/probabilities/mosmed_test_Jun_radiopaedia_36_86526_0_case17_10.npy
mosmed_test_Jun_coronacases_case9_126,Jun_coronacases_case9,panoptic_fpn,1003,0.9363553576855574,0.8803272450555494,3.88166538263917,1.4683872580826938,predictions/masks/mosmed_test_Jun_coronacases_case9_126.png,predictions/probabilities/mosmed_test_Jun_coronacases_case9_126.npy
mosmed_test_Morozov_study_0269_24,Morozov_study_0269,panoptic_fpn,1003,0.5960334029438397,0.42453531602791555,6.708203932499369,2.5682679156637,predictions/masks/mosmed_test_Morozov_study_0269_24.png,predictions/probabilities/mosmed_test_Morozov_study_0269_24.npy
mosmed_test_Jun_coronacases_case8_90,Jun_coronacases_case8,panoptic_fpn,1003,0.8959561343400143,0.8115222249860561,5.0,1.824019487424298,predictions/masks/mosmed_test_Jun_coronacases_case8_90.png,predictions/probabilities/mosmed_test_Jun_coronacases_case8_90.npy
mosmed_test_Jun_coronacases_case3_115,Jun_coronacases_case3,panoptic_fpn,1003,0.9338204000569803,0.8758565631037466,4.414762138029506,1.4931671937164164,predictions/masks/mosmed_test_Jun_coronacases_case3_115.png,predictions/probabilities/mosmed_test_Jun_coronacases_case3_115.npy
mosmed_test_Jun_coronacases_case9_145,Jun_coronacases_case9,panoptic_fpn,1003,0.9137809187309618,0.8412491867377196,2.23606797749979,0.9056320312444015,predictions/masks/mosmed_test_Jun_coronacases_case9_145.png,predictions/probabilities/mosmed_test_Jun_coronacases_case9_145.npy
mosmed_test_Jun_radiopaedia_10_85902_1_case11_11,Jun_radiopaedia_10_85902_1_case11,panoptic_fpn,1003,0.9410009943662413,0.8885758998469929,5.0,1.3836962151553622,predictions/masks/mosmed_test_Jun_radiopaedia_10_85902_1_case11_11.png,predictions/probabilities/mosmed_test_Jun_radiopaedia_10_85902_1_case11_11.npy
mosmed_test_Jun_coronacases_case1_195,Jun_coronacases_case1,panoptic_fpn,1003,0.8465974625166293,0.73400000000665,5.385164807134504,3.263384934946906,predictions/masks/mosmed_test_Jun_coronacases_case1_195.png,predictions/probabilities/mosmed_test_Jun_coronacases_case1_195.npy
mosmed_test_Jun_radiopaedia_40_86625_0_case18_73,Jun_radiopaedia_40_86625_0_case18,panoptic_fpn,1003,0.8872829001055643,0.797402053218129,5.656854249492381,1.599712873676162,predictions/masks/mosmed_test_Jun_radiopaedia_40_86625_0_case18_73.png,predictions/probabilities/mosmed_test_Jun_radiopaedia_40_86625_0_case18_73.npy
mosmed_test_Jun_radiopaedia_10_85902_3_case12_78,Jun_radiopaedia_10_85902_3_case12,panoptic_fpn,1003,0.9150901891810344,0.8434712084474071,3.0,0.9981216704524165,predictions/masks/mosmed_test_Jun_radiopaedia_10_85902_3_case12_78.png,predictions/probabilities/mosmed_test_Jun_radiopaedia_10_85902_3_case12_78.npy
mosmed_test_Jun_coronacases_case5_162,Jun_coronacases_case5,panoptic_fpn,1003,0.7502903600754599,0.6003717472861764,4.322964030877387,1.9758183228721673,predictions/masks/mosmed_test_Jun_coronacases_case5_162.png,predictions/probabilities/mosmed_test_Jun_coronacases_case5_162.npy
mosmed_test_Morozov_study_0276_36,Morozov_study_0276,panoptic_fpn,1003,0.8351648351715439,0.7169811320952494,3.605551275463989,1.324008412514593,predictions/masks/mosmed_test_Morozov_study_0276_36.png,predictions/probabilities/mosmed_test_Morozov_study_0276_36.npy
mosmed_test_Morozov_study_0273_23,Morozov_study_0273,panoptic_fpn,1003,0.8001081958398673,0.6668169522242193,9.794554078602426,2.5304414474356474,predictions/masks/mosmed_test_Morozov_study_0273_23.png,predictions/probabilities/mosmed_test_Morozov_study_0273_23.npy
mosmed_test_Jun_coronacases_case10_106,Jun_coronacases_case10,panoptic_fpn,1003,0.9060981345045768,0.8283175695066163,6.4031242374328485,1.7606855809216793,predictions/masks/mosmed_test_Jun_coronacases_case10_106.png,predictions/probabilities/mosmed_test_Jun_coronacases_case10_106.npy
mosmed_test_Jun_radiopaedia_4_85506_1_case19_19,Jun_radiopaedia_4_85506_1_case19,panoptic_fpn,1003,0.8503009769420404,0.7395857175569949,16.803824337401217,4.162573438858343,predictions/masks/mosmed_test_Jun_radiopaedia_4_85506_1_case19_19.png,predictions/probabilities/mosmed_test_Jun_radiopaedia_4_85506_1_case19_19.npy
mosmed_test_Jun_coronacases_case10_90,Jun_coronacases_case10,panoptic_fpn,1003,0.8729378345911402,0.774525009698051,4.242640687119285,1.77208433446576,predictions/masks/mosmed_test_Jun_coronacases_case10_90.png,predictions/probabilities/mosmed_test_Jun_coronacases_case10_90.npy
mosmed_test_Jun_coronacases_case8_119,Jun_coronacases_case8,panoptic_fpn,1003,0.880950082071247,0.7872303710131625,4.7888543819997835,1.7137834548218438,predictions/masks/mosmed_test_Jun_coronacases_case8_119.png,predictions/probabilities/mosmed_test_Jun_coronacases_case8_119.npy
mosmed_test_Jun_coronacases_case5_133,Jun_coronacases_case5,panoptic_fpn,1003,0.9009208103167248,0.8197050938458643,2.8284271247461903,1.170766049036581,predictions/masks/mosmed_test_Jun_coronacases_case5_133.png,predictions/probabilities/mosmed_test_Jun_coronacases_case5_133.npy
mosmed_test_Jun_radiopaedia_14_85914_0_case13_64,Jun_radiopaedia_14_85914_0_case13,panoptic_fpn,1003,0.8524191699154955,0.7427966271040931,19.9924858845171,4.243949501242108,predictions/masks/mosmed_test_Jun_radiopaedia_14_85914_0_case13_64.png,predictions/probabilities/mosmed_test_Jun_radiopaedia_14_85914_0_case13_64.npy
mosmed_test_Jun_coronacases_case2_78,Jun_coronacases_case2,panoptic_fpn,1003,0.5193370166409756,0.35074626877784587,12.727922061357855,4.310128973288796,predictions/masks/mosmed_test_Jun_coronacases_case2_78.png,predictions/probabilities/mosmed_test_Jun_coronacases_case2_78.npy
mosmed_test_Morozov_study_0270_19,Morozov_study_0270,panoptic_fpn,1003,0.7056471764265044,0.5451737452088669,10.0,2.516222872651513,predictions/masks/mosmed_test_Morozov_study_0270_19.png,predictions/probabilities/mosmed_test_Morozov_study_0270_19.npy
mosmed_test_Jun_radiopaedia_4_85506_1_case19_20,Jun_radiopaedia_4_85506_1_case19,panoptic_fpn,1003,0.87399969802252,0.7761984579297606,6.4031242374328485,2.111609819811052,predictions/masks/mosmed_test_Jun_radiopaedia_4_85506_1_case19_20.png,predictions/probabilities/mosmed_test_Jun_radiopaedia_4_85506_1_case19_20.npy
mosmed_test_Morozov_study_0292_26,Morozov_study_0292,panoptic_fpn,1003,0.3840155946019478,0.23763570576144322,48.5045048345174,11.737387033707927,predictions/masks/mosmed_test_Morozov_study_0292_26.png,predictions/probabilities/mosmed_test_Morozov_study_0292_26.npy
mosmed_test_Jun_radiopaedia_10_85902_3_case12_150,Jun_radiopaedia_10_85902_3_case12,panoptic_fpn,1003,0.955628896223498,0.9150280898896295,2.8284271247461903,1.1184460305399537,predictions/masks/mosmed_test_Jun_radiopaedia_10_85902_3_case12_150.png,predictions/probabilities/mosmed_test_Jun_radiopaedia_10_85902_3_case12_150.npy
mosmed_test_Jun_radiopaedia_4_85506_1_case19_12,Jun_radiopaedia_4_85506_1_case19,panoptic_fpn,1003,0.8220896302429727,0.6979220587158992,40.00926526356323,6.866386642372049,predictions/masks/mosmed_test_Jun_radiopaedia_4_85506_1_case19_12.png,predictions/probabilities/mosmed_test_Jun_radiopaedia_4_85506_1_case19_12.npy
mosmed_test_Jun_coronacases_case2_49,Jun_coronacases_case2,panoptic_fpn,1003,0.8977533241679161,0.8144758735595277,3.605551275463989,1.2743828197221754,predictions/masks/mosmed_test_Jun_coronacases_case2_49.png,predictions/probabilities/mosmed_test_Jun_coronacases_case2_49.npy
mosmed_test_Jun_coronacases_case10_256,Jun_coronacases_case10,panoptic_fpn,1003,0.9068721901151656,0.8296122209365908,2.8284271247461903,1.0144783865721327,predictions/masks/mosmed_test_Jun_coronacases_case10_256.png,predictions/probabilities/mosmed_test_Jun_coronacases_case10_256.npy
mosmed_test_Morozov_study_0297_37,Morozov_study_0297,panoptic_fpn,1003,0.7107033639320671,0.5512333966270176,11.213552042022808,3.4730418645739998,predictions/masks/mosmed_test_Morozov_study_0297_37.png,predictions/probabilities/mosmed_test_Morozov_study_0297_37.npy
mosmed_test_Morozov_study_0302_23,Morozov_study_0302,panoptic_fpn,1003,0.8542435424488705,0.7455716586561077,3.1622776601683795,1.0182646801954354,predictions/masks/mosmed_test_Morozov_study_0302_23.png,predictions/probabilities/mosmed_test_Morozov_study_0302_23.npy
mosmed_test_Jun_coronacases_case8_145,Jun_coronacases_case8,panoptic_fpn,1003,0.9129871252059709,0.839904610495391,4.242640687119285,1.7552220973014054,predictions/masks/mosmed_test_Jun_coronacases_case8_145.png,predictions/probabilities/mosmed_test_Jun_coronacases_case8_145.npy
mosmed_test_Morozov_study_0289_12,Morozov_study_0289,panoptic_fpn,1003,0.8207485226644289,0.6959910913478852,5.656854249492381,2.0992727418383264,predictions/masks/mosmed_test_Morozov_study_0289_12.png,predictions/probabilities/mosmed_test_Morozov_study_0289_12.npy
mosmed_test_Jun_coronacases_case10_213,Jun_coronacases_case10,panoptic_fpn,1003,0.9362852094383507,0.8802032440906742,3.0,1.0462946126752206,predictions/masks/mosmed_test_Jun_coronacases_case10_213.png,predictions/probabilities/mosmed_test_Jun_coronacases_case10_213.npy
mosmed_test_Jun_radiopaedia_10_85902_1_case11_15,Jun_radiopaedia_10_85902_1_case11,panoptic_fpn,1003,0.8992229527806428,0.8168983492654888,7.211102550927979,2.2383502534591218,predictions/masks/mosmed_test_Jun_radiopaedia_10_85902_1_case11_15.png,predictions/probabilities/mosmed_test_Jun_radiopaedia_10_85902_1_case11_15.npy
mosmed_test_Morozov_study_0295_24,Morozov_study_0295,panoptic_fpn,1003,0.8063063063499311,0.675471698235671,3.539060233169645,1.235153999613649,predictions/masks/mosmed_test_Morozov_study_0295_24.png,predictions/probabilities/mosmed_test_Morozov_study_0295_24.npy
mosmed_test_Jun_radiopaedia_27_86410_0_case14_31,Jun_radiopaedia_27_86410_0_case14,panoptic_fpn,1003,0.8352043107331597,0.7170393215148158,8.54400374531753,2.778869076780098,predictions/masks/mosmed_test_Jun_radiopaedia_27_86410_0_case14_31.png,predictions/probabilities/mosmed_test_Jun_radiopaedia_27_86410_0_case14_31.npy
mosmed_test_Morozov_study_0270_11,Morozov_study_0270,panoptic_fpn,1003,0.5438485804704196,0.37348353558288705,26.415903214774282,5.869414808955147,predictions/masks/mosmed_test_Morozov_study_0270_11.png,predictions/probabilities/mosmed_test_Morozov_study_0270_11.npy
mosmed_test_Jun_radiopaedia_10_85902_3_case12_173,Jun_radiopaedia_10_85902_3_case12,panoptic_fpn,1003,0.927275245879938,0.8644111570282952,4.0,1.853088509030049,predictions/masks/mosmed_test_Jun_radiopaedia_10_85902_3_case12_173.png,predictions/probabilities/mosmed_test_Jun_radiopaedia_10_85902_3_case12_173.npy
mosmed_test_Jun_coronacases_case8_219,Jun_coronacases_case8,panoptic_fpn,1003,0.8648852088872832,0.7619363395383332,2.8284271247461903,1.1136916515571211,predictions/masks/mosmed_test_Jun_coronacases_case8_219.png,predictions/probabilities/mosmed_test_Jun_coronacases_case8_219.npy
mosmed_test_bjorke_46,bjorke_46,panoptic_fpn,1003,0.7752145027216799,0.6329389958042145,35.68472169858749,6.657516031055519,predictions/masks/mosmed_test_bjorke_46.png,predictions/probabilities/mosmed_test_bjorke_46.npy
mosmed_test_Jun_coronacases_case8_217,Jun_coronacases_case8,panoptic_fpn,1003,0.8753541076546104,0.7783375315047575,2.8284271247461903,1.220654647293262,predictions/masks/mosmed_test_Jun_coronacases_case8_217.png,predictions/probabilities/mosmed_test_Jun_coronacases_case8_217.npy
mosmed_test_Jun_coronacases_case9_93,Jun_coronacases_case9,panoptic_fpn,1003,0.7472009428552032,0.5964252117030644,6.028966885604379,1.9573600836412646,predictions/masks/mosmed_test_Jun_coronacases_case9_93.png,predictions/probabilities/mosmed_test_Jun_coronacases_case9_93.npy
mosmed_test_Jun_radiopaedia_27_86410_0_case14_26,Jun_radiopaedia_27_86410_0_case14,panoptic_fpn,1003,0.8197991203320436,0.6946267660507883,68.60629293126357,8.332278104594659,predictions/masks/mosmed_test_Jun_radiopaedia_27_86410_0_case14_26.png,predictions/probabilities/mosmed_test_Jun_radiopaedia_27_86410_0_case14_26.npy
mosmed_test_Jun_coronacases_case5_146,Jun_coronacases_case5,panoptic_fpn,1003,0.8904290429079066,0.802498512801755,4.42623690142351,1.4806174115630664,predictions/masks/mosmed_test_Jun_coronacases_case5_146.png,predictions/probabilities/mosmed_test_Jun_coronacases_case5_146.npy
mosmed_test_Jun_coronacases_case10_196,Jun_coronacases_case10,panoptic_fpn,1003,0.9039716576551933,0.8247703300472138,5.0,1.489043065173736,predictions/masks/mosmed_test_Jun_coronacases_case10_196.png,predictions/probabilities/mosmed_test_Jun_coronacases_case10_196.npy
mosmed_test_Jun_coronacases_case6_82,Jun_coronacases_case6,panoptic_fpn,1003,0.9705541982773492,0.9427929053224383,2.0,0.6969932136910242,predictions/masks/mosmed_test_Jun_coronacases_case6_82.png,predictions/probabilities/mosmed_test_Jun_coronacases_case6_82.npy
mosmed_test_Jun_coronacases_case7_101,Jun_coronacases_case7,panoptic_fpn,1003,0.9203178206601517,0.8523969722517917,3.0,1.0037582727749068,predictions/masks/mosmed_test_Jun_coronacases_case7_101.png,predictions/probabilities/mosmed_test_Jun_coronacases_case7_101.npy
mosmed_test_Jun_coronacases_case9_110,Jun_coronacases_case9,panoptic_fpn,1003,0.9217809867648188,0.8549107142921916,4.0,1.1528898179559166,predictions/masks/mosmed_test_Jun_coronacases_case9_110.png,predictions/probabilities/mosmed_test_Jun_coronacases_case9_110.npy
mosmed_test_Jun_radiopaedia_10_85902_3_case12_167,Jun_radiopaedia_10_85902_3_case12,panoptic_fpn,1003,0.9278440500446924,0.8654002713740733,5.0,1.3579731040997038,predictions/masks/mosmed_test_Jun_radiopaedia_10_85902_3_case12_167.png,predictions/probabilities/mosmed_test_Jun_radiopaedia_10_85902_3_case12_167.npy
mosmed_test_Morozov_study_0256_34,Morozov_study_0256,panoptic_fpn,1003,0.747415066488374,0.5966981132551064,7.761630533395968,2.305701203421502,predictions/masks/mosmed_test_Morozov_study_0256_34.png,predictions/probabilities/mosmed_test_Morozov_study_0256_34.npy
mosmed_test_Jun_coronacases_case5_177,Jun_coronacases_case5,panoptic_fpn,1003,0.7348837210535425,0.5808823532493512,3.0,1.2145519269269982,predictions/masks/mosmed_test_Jun_coronacases_case5_177.png,predictions/probabilities/mosmed_test_Jun_coronacases_case5_177.npy
mosmed_test_Jun_coronacases_case6_80,Jun_coronacases_case6,panoptic_fpn,1003,0.9525716430990793,0.9094384707309573,4.0,1.168081391889645,predictions/masks/mosmed_test_Jun_coronacases_case6_80.png,predictions/probabilities/mosmed_test_Jun_coronacases_case6_80.npy
mosmed_test_Morozov_study_0260_14,Morozov_study_0260,panoptic_fpn,1003,0.35287701118962533,0.2142384106090358,42.28267672344055,19.769344538513998,predictions/masks/mosmed_test_Morozov_study_0260_14.png,predictions/probabilities/mosmed_test_Morozov_study_0260_14.npy
mosmed_test_Jun_coronacases_case10_258,Jun_coronacases_case10,panoptic_fpn,1003,0.9363228699608679,0.8802698145227201,1.4142135623730951,0.5505223862082659,predictions/masks/mosmed_test_Jun_coronacases_case10_258.png,predictions/probabilities/mosmed_test_Jun_coronacases_case10_258.npy
mosmed_test_Jun_radiopaedia_14_85914_0_case13_54,Jun_radiopaedia_14_85914_0_case13,panoptic_fpn,1003,0.8709724965366537,0.7714360313327863,12.941874542459674,3.508818409545149,predictions/masks/mosmed_test_Jun_radiopaedia_14_85914_0_case13_54.png,predictions/probabilities/mosmed_test_Jun_radiopaedia_14_85914_0_case13_54.npy
mosmed_test_Jun_coronacases_case2_47,Jun_coronacases_case2,panoptic_fpn,1003,0.8905494505542616,0.802694136307235,3.605551275463989,1.4007556939734378,predictions/masks/mosmed_test_Jun_coronacases_case2_47.png,predictions/probabilities/mosmed_test_Jun_coronacases_case2_47.npy
mosmed_test_Jun_coronacases_case4_120,Jun_coronacases_case4,panoptic_fpn,1003,0.8721942281322862,0.773354995956673,8.838834764831764,1.911752769921636,predictions/masks/mosmed_test_Jun_coronacases_case4_120.png,predictions/probabilities/mosmed_test_Jun_coronacases_case4_120.npy
mosmed_test_Morozov_study_0303_15,Morozov_study_0303,panoptic_fpn,1003,0.8759100981342844,0.7792171219436999,7.211102550927979,1.945917912334138,predictions/masks/mosmed_test_Morozov_study_0303_15.png,predictions/probabilities/mosmed_test_Morozov_study_0303_15.npy
mosmed_test_Jun_coronacases_case7_92,Jun_coronacases_case7,panoptic_fpn,1003,0.7182519280278085,0.5603690333108557,53.47425835079563,6.227328577908272,predictions/masks/mosmed_test_Jun_coronacases_case7_92.png,predictions/probabilities/mosmed_test_Jun_coronacases_case7_92.npy
mosmed_test_Jun_radiopaedia_36_86526_0_case17_23,Jun_radiopaedia_36_86526_0_case17,panoptic_fpn,1003,0.797724848922939,0.6635127143900938,4.0,1.4113410059492577,predictions/masks/mosmed_test_Jun_radiopaedia_36_86526_0_case17_23.png,predictions/probabilities/mosmed_test_Jun_radiopaedia_36_86526_0_case17_23.npy
mosmed_test_Jun_radiopaedia_10_85902_1_case11_19,Jun_radiopaedia_10_85902_1_case11,panoptic_fpn,1003,0.801506591344576,0.6687617850616743,6.985410196624965,2.5864859671587377,predictions/masks/mosmed_test_Jun_radiopaedia_10_85902_1_case11_19.png,predictions/probabilities/mosmed_test_Jun_radiopaedia_10_85902_1_case11_19.npy
mosmed_test_Jun_coronacases_case4_89,Jun_coronacases_case4,panoptic_fpn,1003,0.8683752177191247,0.7673702726575475,5.0,1.409917075234045,predictions/masks/mosmed_test_Jun_coronacases_case4_89.png,predictions/probabilities/mosmed_test_Jun_coronacases_case4_89.npy
mosmed_test_Jun_coronacases_case10_201,Jun_coronacases_case10,panoptic_fpn,1003,0.8943670358473934,0.808918569586193,4.242640687119285,1.4728900295802552,predictions/masks/mosmed_test_Jun_coronacases_case10_201.png,predictions/probabilities/mosmed_test_Jun_coronacases_case10_201.npy
mosmed_test_Jun_radiopaedia_36_86526_0_case17_25,Jun_radiopaedia_36_86526_0_case17,panoptic_fpn,1003,0.8461162677163597,0.7332768840191974,109.14864960663962,9.03420590274309,predictions/masks/mosmed_test_Jun_radiopaedia_36_86526_0_case17_25.png,predictions/probabilities/mosmed_test_Jun_radiopaedia_36_86526_0_case17_25.npy
mosmed_test_Jun_coronacases_case4_80,Jun_coronacases_case4,panoptic_fpn,1003,0.7713470023417766,0.6277989015788847,6.312465680834816,10.134892156124875,predictions/masks/mosmed_test_Jun_coronacases_case4_80.png,predictions/probabilities/mosmed_test_Jun_coronacases_case4_80.npy
mosmed_test_Jun_coronacases_case4_133,Jun_coronacases_case4,panoptic_fpn,1003,0.8970398970432097,0.8133022170470652,4.200803415593713,2.0561361867931054,predictions/masks/mosmed_test_Jun_coronacases_case4_133.png,predictions/probabilities/mosmed_test_Jun_coronacases_case4_133.npy
mosmed_test_Jun_coronacases_case7_138,Jun_coronacases_case7,panoptic_fpn,1003,0.9076517150411008,0.8309178744012404,3.605551275463989,1.2212706830539704,predictions/masks/mosmed_test_Jun_coronacases_case7_138.png,predictions/probabilities/mosmed_test_Jun_coronacases_case7_138.npy
mosmed_test_Jun_coronacases_case4_101,Jun_coronacases_case4,panoptic_fpn,1003,0.7536071032323193,0.604630454175901,12.0,2.781546205388764,predictions/masks/mosmed_test_Jun_coronacases_case4_101.png,predictions/probabilities/mosmed_test_Jun_coronacases_case4_101.npy
mosmed_test_bjorke_82,bjorke_82,panoptic_fpn,1003,0.7114614614650718,0.5521460477849651,61.11092405501182,11.660605848058378,predictions/masks/mosmed_test_bjorke_82.png,predictions/probabilities/mosmed_test_bjorke_82.npy
mosmed_test_Morozov_study_0283_14,Morozov_study_0283,panoptic_fpn,1003,0.8277777777937242,0.7061611374871785,4.0,1.6503910741499703,predictions/masks/mosmed_test_Morozov_study_0283_14.png,predictions/probabilities/mosmed_test_Morozov_study_0283_14.npy
mosmed_test_Jun_radiopaedia_10_85902_3_case12_183,Jun_radiopaedia_10_85902_3_case12,panoptic_fpn,1003,0.9511934449599003,0.9069293478292483,3.16227766016838,1.0530734405451263,predictions/masks/mosmed_test_Jun_radiopaedia_10_85902_3_case12_183.png,predictions/probabilities/mosmed_test_Jun_radiopaedia_10_85902_3_case12_183.npy
mosmed_test_Jun_coronacases_case2_26,Jun_coronacases_case2,panoptic_fpn,1003,0.7342995170365703,0.5801526720762193,4.403287374635491,1.2643259335947754,predictions/masks/mosmed_test_Jun_coronacases_case2_26.png,predictions/probabilities/mosmed_test_Jun_coronacases_case2_26.npy
mosmed_test_Jun_coronacases_case7_98,Jun_coronacases_case7,panoptic_fpn,1003,0.8755186722015179,0.7785977859852868,5.91547594742265,1.6093655667589994,predictions/masks/mosmed_test_Jun_coronacases_case7_98.png,predictions/probabilities/mosmed_test_Jun_coronacases_case7_98.npy
mosmed_test_Jun_coronacases_case5_99,Jun_coronacases_case5,panoptic_fpn,1003,0.9335524771088624,0.8753852928280325,4.47213595499958,1.3913682488606278,predictions/masks/mosmed_test_Jun_coronacases_case5_99.png,predictions/probabilities/mosmed_test_Jun_coronacases_case5_99.npy
mosmed_test_Jun_radiopaedia_10_85902_3_case12_200,Jun_radiopaedia_10_85902_3_case12,panoptic_fpn,1003,0.8764940239114118,0.7801418439939066,4.129082378692743,1.29285197636992,predictions/masks/mosmed_test_Jun_radiopaedia_10_85902_3_case12_200.png,predictions/probabilities/mosmed_test_Jun_radiopaedia_10_85902_3_case12_200.npy
mosmed_test_Jun_coronacases_case10_263,Jun_coronacases_case10,panoptic_fpn,1003,0.8703465982194677,0.7704545455067149,2.9399494936611625,0.9035264736433307,predictions/masks/mosmed_test_Jun_coronacases_case10_263.png,predictions/probabilities/mosmed_test_Jun_coronacases_case10_263.npy
mosmed_test_Jun_radiopaedia_10_85902_3_case12_80,Jun_radiopaedia_10_85902_3_case12,panoptic_fpn,1003,0.9017111022721166,0.8210144927665932,5.0,1.3281665588842446,predictions/masks/mosmed_test_Jun_radiopaedia_10_85902_3_case12_80.png,predictions/probabilities/mosmed_test_Jun_radiopaedia_10_85902_3_case12_80.npy
mosmed_test_Jun_coronacases_case9_122,Jun_coronacases_case9,panoptic_fpn,1003,0.9489568563910376,0.9028714588571426,2.8284271247461903,1.0713313814884002,predictions/masks/mosmed_test_Jun_coronacases_case9_122.png,predictions/probabilities/mosmed_test_Jun_coronacases_case9_122.npy
mosmed_test_Jun_coronacases_case10_80,Jun_coronacases_case10,panoptic_fpn,1003,0.8546798029646133,0.7462365591670713,3.0,1.1360514043140997,predictions/masks/mosmed_test_Jun_coronacases_case10_80.png,predictions/probabilities/mosmed_test_Jun_coronacases_case10_80.npy
mosmed_test_Jun_coronacases_case3_127,Jun_coronacases_case3,panoptic_fpn,1003,0.9210800486198946,0.853705640944285,5.830951894845301,2.5157404767819,predictions/masks/mosmed_test_Jun_coronacases_case3_127.png,predictions/probabilities/mosmed_test_Jun_coronacases_case3_127.npy
mosmed_test_Jun_radiopaedia_40_86625_0_case18_67,Jun_radiopaedia_40_86625_0_case18,panoptic_fpn,1003,0.8649251069906164,0.7619982719365171,7.615773105863909,2.1874432289967003,predictions/masks/mosmed_test_Jun_radiopaedia_40_86625_0_case18_67.png,predictions/probabilities/mosmed_test_Jun_radiopaedia_40_86625_0_case18_67.npy
mosmed_test_Jun_coronacases_case3_74,Jun_coronacases_case3,panoptic_fpn,1003,0.9068984317375745,0.8296561436461116,7.810249675906654,3.3522372497494834,predictions/masks/mosmed_test_Jun_coronacases_case3_74.png,predictions/probabilities/mosmed_test_Jun_coronacases_case3_74.npy
mosmed_test_Morozov_study_0280_23,Morozov_study_0280,panoptic_fpn,1003,0.7729823882374108,0.6299684542703481,4.47213595499958,1.585448365631771,predictions/masks/mosmed_test_Morozov_study_0280_23.png,predictions/probabilities/mosmed_test_Morozov_study_0280_23.npy
mosmed_test_Jun_radiopaedia_10_85902_3_case12_99,Jun_radiopaedia_10_85902_3_case12,panoptic_fpn,1003,0.9240037071379981,0.8587424633997097,3.605551275463989,1.4734388499045226,predictions/masks/mosmed_test_Jun_radiopaedia_10_85902_3_case12_99.png,predictions/probabilities/mosmed_test_Jun_radiopaedia_10_85902_3_case12_99.npy
mosmed_test_Jun_coronacases_case10_247,Jun_coronacases_case10,panoptic_fpn,1003,0.8948727406899715,0.8097463284506178,4.973606797749973,1.5112146735429905,predictions/masks/mosmed_test_Jun_coronacases_case10_247.png,predictions/probabilities/mosmed_test_Jun_coronacases_case10_247.npy
mosmed_test_Morozov_study_0278_26,Morozov_study_0278,panoptic_fpn,1003,0.8495007132721291,0.7383756974743723,5.439502695606076,2.0721635268832603,predictions/masks/mosmed_test_Morozov_study_0278_26.png,predictions/probabilities/mosmed_test_Morozov_study_0278_26.npy
mosmed_test_Jun_coronacases_case3_78,Jun_coronacases_case3,panoptic_fpn,1003,0.8967760401761683,0.8128685315353891,8.54400374531753,2.7524607025767196,predictions/masks/mosmed_test_Jun_coronacases_case3_78.png,predictions/probabilities/mosmed_test_Jun_coronacases_case3_78.npy
mosmed_test_Morozov_study_0295_16,Morozov_study_0295,panoptic_fpn,1003,0.802926180452163,0.6707407407529355,7.615773105863909,2.399616683434268,predictions/masks/mosmed_test_Morozov_study_0295_16.png,predictions/probabilities/mosmed_test_Morozov_study_0295_16.npy
mosmed_test_Morozov_study_0299_29,Morozov_study_0299,panoptic_fpn,1003,0.8268015170888999,0.7047413793739782,4.170919650218307,1.4125459521800672,predictions/masks/mosmed_test_Morozov_study_0299_29.png,predictions/probabilities/mosmed_test_Morozov_study_0299_29.npy
mosmed_test_Jun_coronacases_case10_139,Jun_coronacases_case10,panoptic_fpn,1003,0.909416546118968,0.8338807478545492,5.385164807134504,1.6126716363385893,predictions/masks/mosmed_test_Jun_coronacases_case10_139.png,predictions/probabilities/mosmed_test_Jun_coronacases_case10_139.npy
mosmed_test_Morozov_study_0283_19,Morozov_study_0283,panoptic_fpn,1003,9.090909008264463e-09,9.090909008264463e-09,724.0773439350247,724.0773439350247,predictions/masks/mosmed_test_Morozov_study_0283_19.png,predictions/probabilities/mosmed_test_Morozov_study_0283_19.npy
mosmed_test_Jun_radiopaedia_40_86625_0_case18_58,Jun_radiopaedia_40_86625_0_case18,panoptic_fpn,1003,0.8716552847112264,0.7725079693298332,8.246211251235321,2.3437395595984576,predictions/masks/mosmed_test_Jun_radiopaedia_40_86625_0_case18_58.png,predictions/probabilities/mosmed_test_Jun_radiopaedia_40_86625_0_case18_58.npy
mosmed_test_Morozov_study_0280_19,Morozov_study_0280,panoptic_fpn,1003,0.8180790960486237,0.6921606118644945,5.830951894845301,1.632079724977387,predictions/masks/mosmed_test_Morozov_study_0280_19.png,predictions/probabilities/mosmed_test_Morozov_study_0280_19.npy
mosmed_test_Jun_radiopaedia_7_85703_0_case20_16,Jun_radiopaedia_7_85703_0_case20,panoptic_fpn,1003,0.8226968942494732,0.698797862874025,19.98702251938866,3.457169504099108,predictions/masks/mosmed_test_Jun_radiopaedia_7_85703_0_case20_16.png,predictions/probabilities/mosmed_test_Jun_radiopaedia_7_85703_0_case20_16.npy
mosmed_test_Morozov_study_0303_8,Morozov_study_0303,panoptic_fpn,1003,0.3634840871554871,0.2221084954736839,29.0,6.165447683092106,predictions/masks/mosmed_test_Morozov_study_0303_8.png,predictions/probabilities/mosmed_test_Morozov_study_0303_8.npy
mosmed_test_Jun_coronacases_case8_148,Jun_coronacases_case8,panoptic_fpn,1003,0.9038832277618297,0.8246231155808271,3.6055512754639896,1.4396150399192986,predictions/masks/mosmed_test_Jun_coronacases_case8_148.png,predictions/probabilities/mosmed_test_Jun_coronacases_case8_148.npy
mosmed_test_Jun_coronacases_case3_140,Jun_coronacases_case3,panoptic_fpn,1003,0.9089003772536755,0.8330131899112176,5.0,1.4909997097127523,predictions/masks/mosmed_test_Jun_coronacases_case3_140.png,predictions/probabilities/mosmed_test_Jun_coronacases_case3_140.npy
mosmed_test_Jun_radiopaedia_10_85902_3_case12_101,Jun_radiopaedia_10_85902_3_case12,panoptic_fpn,1003,0.9475315474884319,0.9002944888556881,3.0,0.920549979410034,predictions/masks/mosmed_test_Jun_radiopaedia_10_85902_3_case12_101.png,predictions/probabilities/mosmed_test_Jun_radiopaedia_10_85902_3_case12_101.npy
mosmed_test_Jun_coronacases_case10_114,Jun_coronacases_case10,panoptic_fpn,1003,0.9186020953922002,0.8494579945819857,5.385164807134504,1.8266704642085665,predictions/masks/mosmed_test_Jun_coronacases_case10_114.png,predictions/probabilities/mosmed_test_Jun_coronacases_case10_114.npy
mosmed_test_Jun_coronacases_case10_89,Jun_coronacases_case10,panoptic_fpn,1003,0.8814410480362287,0.7880148350617213,5.656854249492381,1.7249810310714204,predictions/masks/mosmed_test_Jun_coronacases_case10_89.png,predictions/probabilities/mosmed_test_Jun_coronacases_case10_89.npy
mosmed_test_Jun_coronacases_case8_209,Jun_coronacases_case8,panoptic_fpn,1003,0.7395189003615451,0.5866957470461619,4.036931687685293,1.7461679756231299,predictions/masks/mosmed_test_Jun_coronacases_case8_209.png,predictions/probabilities/mosmed_test_Jun_coronacases_case8_209.npy
mosmed_test_bjorke_3,bjorke_3,panoptic_fpn,1003,0.7519280205814957,0.6024716787227115,6.070348150753486,3.296328848208829,predictions/masks/mosmed_test_bjorke_3.png,predictions/probabilities/mosmed_test_bjorke_3.npy
mosmed_test_Jun_coronacases_case2_126,Jun_coronacases_case2,panoptic_fpn,1003,0.894306228086587,0.8088190878946294,3.605551275463989,1.293598426663793,predictions/masks/mosmed_test_Jun_coronacases_case2_126.png,predictions/probabilities/mosmed_test_Jun_coronacases_case2_126.npy
mosmed_test_Jun_coronacases_case1_117,Jun_coronacases_case1,panoptic_fpn,1003,0.8614165961706475,0.756568726783137,9.433981132056603,2.8798009637909825,predictions/masks/mosmed_test_Jun_coronacases_case1_117.png,predictions/probabilities/mosmed_test_Jun_coronacases_case1_117.npy
mosmed_test_Jun_coronacases_case8_104,Jun_coronacases_case8,panoptic_fpn,1003,0.874695761646037,0.7772971360415081,8.0,2.5397677667072873,predictions/masks/mosmed_test_Jun_coronacases_case8_104.png,predictions/probabilities/mosmed_test_Jun_coronacases_case8_104.npy
mosmed_test_Morozov_study_0299_9,Morozov_study_0299,panoptic_fpn,1003,0.6980854197497258,0.5361990950576018,5.0,1.7513593883260732,predictions/masks/mosmed_test_Morozov_study_0299_9.png,predictions/probabilities/mosmed_test_Morozov_study_0299_9.npy
mosmed_test_Morozov_study_0269_17,Morozov_study_0269,panoptic_fpn,1003,0.7522150931942495,0.6028403526149442,23.292592242227613,18.304765393387132,predictions/masks/mosmed_test_Morozov_study_0269_17.png,predictions/probabilities/mosmed_test_Morozov_study_0269_17.npy
mosmed_test_Jun_coronacases_case8_157,Jun_coronacases_case8,panoptic_fpn,1003,0.9157258524356742,0.8445519562506405,4.0984845004941235,1.4493533823541123,predictions/masks/mosmed_test_Jun_coronacases_case8_157.png,predictions/probabilities/mosmed_test_Jun_coronacases_case8_157.npy
mosmed_test_Jun_coronacases_case5_72,Jun_coronacases_case5,panoptic_fpn,1003,0.9015151515192965,0.8206896551861541,2.9742640687119226,1.338134119855332,predictions/masks/mosmed_test_Jun_coronacases_case5_72.png,predictions/probabilities/mosmed_test_Jun_coronacases_case5_72.npy
mosmed_test_Jun_radiopaedia_10_85902_3_case12_139,Jun_radiopaedia_10_85902_3_case12,panoptic_fpn,1003,0.9473811539863628,0.9000229832245455,5.830951894845301,1.608011023763035,predictions/masks/mosmed_test_Jun_radiopaedia_10_85902_3_case12_139.png,predictions/probabilities/mosmed_test_Jun_radiopaedia_10_85902_3_case12_139.npy
mosmed_test_Jun_coronacases_case6_101,Jun_coronacases_case6,panoptic_fpn,1003,0.9285495246878703,0.8666285060179377,2.0,0.7637636477530215,predictions/masks/mosmed_test_Jun_coronacases_case6_101.png,predictions/probabilities/mosmed_test_Jun_coronacases_case6_101.npy
mosmed_test_Jun_coronacases_case8_230,Jun_coronacases_case8,panoptic_fpn,1003,0.8742857142917008,0.7766497462117893,3.605551275463989,1.1598496333893908,predictions/masks/mosmed_test_Jun_coronacases_case8_230.png,predictions/probabilities/mosmed_test_Jun_coronacases_case8_230.npy
mosmed_test_Jun_coronacases_case8_191,Jun_coronacases_case8,panoptic_fpn,1003,0.8685503685584428,0.7676438653889638,3.1622776601683795,1.327302124083166,predictions/masks/mosmed_test_Jun_coronacases_case8_191.png,predictions/probabilities/mosmed_test_Jun_coronacases_case8_191.npy
mosmed_test_bjorke_68,bjorke_68,panoptic_fpn,1003,0.9068823000901819,0.8296291425576695,48.57066334941125,9.92562294213143,predictions/masks/mosmed_test_bjorke_68.png,predictions/probabilities/mosmed_test_bjorke_68.npy
mosmed_test_Morozov_study_0303_19,Morozov_study_0303,panoptic_fpn,1003,0.8968236582717015,0.8129467831686678,5.830951894845301,1.6080061667142165,predictions/masks/mosmed_test_Morozov_study_0303_19.png,predictions/probabilities/mosmed_test_Morozov_study_0303_19.npy
mosmed_test_Jun_coronacases_case2_43,Jun_coronacases_case2,panoptic_fpn,1003,0.9453499520639814,0.8963636363730577,2.0,0.7721096147265928,predictions/masks/mosmed_test_Jun_coronacases_case2_43.png,predictions/probabilities/mosmed_test_Jun_coronacases_case2_43.npy
mosmed_test_Jun_coronacases_case2_77,Jun_coronacases_case2,panoptic_fpn,1003,0.7022149302951423,0.5410872314107349,5.656854249492381,2.1936585554015853,predictions/masks/mosmed_test_Jun_coronacases_case2_77.png,predictions/probabilities/mosmed_test_Jun_coronacases_case2_77.npy
mosmed_test_bjorke_59,bjorke_59,panoptic_fpn,1003,0.8708649703163873,0.7712673395322148,17.707337536497505,4.561324915944079,predictions/masks/mosmed_test_bjorke_59.png,predictions/probabilities/mosmed_test_bjorke_59.npy
mosmed_test_Jun_coronacases_case3_155,Jun_coronacases_case3,panoptic_fpn,1003,0.9058546960718027,0.82791078371541,3.16227766016838,1.260600972200142,predictions/masks/mosmed_test_Jun_coronacases_case3_155.png,predictions/probabilities/mosmed_test_Jun_coronacases_case3_155.npy
mosmed_test_Jun_coronacases_case2_29,Jun_coronacases_case2,panoptic_fpn,1003,0.8782051282148874,0.7828571428881632,114.78920954789362,12.149167883373316,predictions/masks/mosmed_test_Jun_coronacases_case2_29.png,predictions/probabilities/mosmed_test_Jun_coronacases_case2_29.npy
mosmed_test_Jun_coronacases_case8_86,Jun_coronacases_case8,panoptic_fpn,1003,0.8846619401714566,0.7931782945800565,4.47213595499958,1.509235504132791,predictions/masks/mosmed_test_Jun_coronacases_case8_86.png,predictions/probabilities/mosmed_test_Jun_coronacases_case8_86.npy
mosmed_test_Morozov_study_0281_32,Morozov_study_0281,panoptic_fpn,1003,0.9000876424233091,0.8183266932415676,6.324555320336759,1.8740936703696616,predictions/masks/mosmed_test_Morozov_study_0281_32.png,predictions/probabilities/mosmed_test_Morozov_study_0281_32.npy
mosmed_test_Jun_coronacases_case10_132,Jun_coronacases_case10,panoptic_fpn,1003,0.8722149410233272,0.7733875653722634,7.810249675906654,2.068879410316274,predictions/masks/mosmed_test_Jun_coronacases_case10_132.png,predictions/probabilities/mosmed_test_Jun_coronacases_case10_132.npy
mosmed_test_Morozov_study_0275_19,Morozov_study_0275,panoptic_fpn,1003,0.11250000055468751,0.05960264962940222,8.985562792093216,4.425273255028555,predictions/masks/mosmed_test_Morozov_study_0275_19.png,predictions/probabilities/mosmed_test_Morozov_study_0275_19.npy
mosmed_test_Jun_coronacases_case8_99,Jun_coronacases_case8,panoptic_fpn,1003,0.8979591836745003,0.8148148148182102,4.242640687119285,1.5079374473592482,predictions/masks/mosmed_test_Jun_coronacases_case8_99.png,predictions/probabilities/mosmed_test_Jun_coronacases_case8_99.npy
mosmed_test_Morozov_study_0277_27,Morozov_study_0277,panoptic_fpn,1003,0.8050458715670854,0.6737044146082083,6.708203932499369,1.6388725803506055,predictions/masks/mosmed_test_Morozov_study_0277_27.png,predictions/probabilities/mosmed_test_Morozov_study_0277_27.npy
mosmed_test_Morozov_study_0298_14,Morozov_study_0298,panoptic_fpn,1003,0.8128846943001049,0.6847563083413497,15.990569415042103,4.1051049470636745,predictions/masks/mosmed_test_Morozov_study_0298_14.png,predictions/probabilities/mosmed_test_Morozov_study_0298_14.npy
mosmed_test_Jun_coronacases_case4_114,Jun_coronacases_case4,panoptic_fpn,1003,0.7881355932315606,0.6503496503802141,5.0,1.825969486641752,predictions/masks/mosmed_test_Jun_coronacases_case4_114.png,predictions/probabilities/mosmed_test_Jun_coronacases_case4_114.npy
mosmed_test_Jun_coronacases_case8_243,Jun_coronacases_case8,panoptic_fpn,1003,0.7897838900216535,0.6525974027101956,2.7988091673838635,1.055801187215787,predictions/masks/mosmed_test_Jun_coronacases_case8_243.png,predictions/probabilities/mosmed_test_Jun_coronacases_case8_243.npy
mosmed_test_Jun_radiopaedia_14_85914_0_case13_1,Jun_radiopaedia_14_85914_0_case13,panoptic_fpn,1003,0.8795562599096848,0.7850070721509896,6.708203932499369,1.6623755057217575,predictions/masks/mosmed_test_Jun_radiopaedia_14_85914_0_case13_1.png,predictions/probabilities/mosmed_test_Jun_radiopaedia_14_85914_0_case13_1.npy
mosmed_test_Jun_coronacases_case7_76,Jun_coronacases_case7,panoptic_fpn,1003,0.40167364041770975,0.2513089009155451,13.582964244361772,4.301779255576919,predictions/masks/mosmed_test_Jun_coronacases_case7_76.png,predictions/probabilities/mosmed_test_Jun_coronacases_case7_76.npy
mosmed_test_Jun_coronacases_case1_190,Jun_coronacases_case1,panoptic_fpn,1003,0.5540075397548925,0.3831330764138941,49.00918271743424,11.57312181895146,predictions/masks/mosmed_test_Jun_coronacases_case1_190.png,predictions/probabilities/mosmed_test_Jun_coronacases_case1_190.npy
mosmed_test_Jun_radiopaedia_10_85902_3_case12_164,Jun_radiopaedia_10_85902_3_case12,panoptic_fpn,1003,0.9222068965527972,0.8556437164101448,5.0,1.514998868289257,predictions/masks/mosmed_test_Jun_radiopaedia_10_85902_3_case12_164.png,predictions/probabilities/mosmed_test_Jun_radiopaedia_10_85902_3_case12_164.npy
mosmed_test_Jun_coronacases_case3_147,Jun_coronacases_case3,panoptic_fpn,1003,0.9398635086315547,0.886549530447038,3.0,1.1131556475624607,predictions/masks/mosmed_test_Jun_coronacases_case3_147.png,predictions/probabilities/mosmed_test_Jun_coronacases_case3_147.npy
mosmed_test_Morozov_study_0293_9,Morozov_study_0293,panoptic_fpn,1003,0.5887850468250502,0.41721854323933155,5.0,2.024089611173661,predictions/masks/mosmed_test_Morozov_study_0293_9.png,predictions/probabilities/mosmed_test_Morozov_study_0293_9.npy
mosmed_test_Morozov_study_0269_19,Morozov_study_0269,panoptic_fpn,1003,0.6357240365469313,0.4659790640476296,27.333063809185298,7.15509864421286,predictions/masks/mosmed_test_Morozov_study_0269_19.png,predictions/probabilities/mosmed_test_Morozov_study_0269_19.npy
mosmed_test_Jun_coronacases_case6_112,Jun_coronacases_case6,panoptic_fpn,1003,0.8316831683287352,0.7118644068145442,4.47213595499958,2.0424595406543977,predictions/masks/mosmed_test_Jun_coronacases_case6_112.png,predictions/probabilities/mosmed_test_Jun_coronacases_case6_112.npy
mosmed_test_Morozov_study_0276_33,Morozov_study_0276,panoptic_fpn,1003,0.8652606912751828,0.7625193598470563,4.182873156368473,1.2252708276827287,predictions/masks/mosmed_test_Morozov_study_0276_33.png,predictions/probabilities/mosmed_test_Morozov_study_0276_33.npy
mosmed_test_Jun_coronacases_case1_209,Jun_coronacases_case1,panoptic_fpn,1003,0.8004621224657458,0.6673087506971022,9.486832980505138,2.6370500301048283,predictions/masks/mosmed_test_Jun_coronacases_case1_209.png,predictions/probabilities/mosmed_test_Jun_coronacases_case1_209.npy
mosmed_test_Jun_coronacases_case2_157,Jun_coronacases_case2,panoptic_fpn,1003,0.8361204013432736,0.7183908046138856,35.62834811745216,4.088527993874613,predictions/masks/mosmed_test_Jun_coronacases_case2_157.png,predictions/probabilities/mosmed_test_Jun_coronacases_case2_157.npy
mosmed_test_Morozov_study_0284_2,Morozov_study_0284,panoptic_fpn,1003,0.019310344962853745,0.009749303759087842,14.0,6.126757039661678,predictions/masks/mosmed_test_Morozov_study_0284_2.png,predictions/probabilities/mosmed_test_Morozov_study_0284_2.npy
mosmed_test_Morozov_study_0256_26,Morozov_study_0256,panoptic_fpn,1003,0.7926737160159993,0.6565530184655441,6.4031242374328485,1.927025838843587,predictions/masks/mosmed_test_Morozov_study_0256_26.png,predictions/probabilities/mosmed_test_Morozov_study_0256_26.npy
mosmed_test_Jun_coronacases_case10_138,Jun_coronacases_case10,panoptic_fpn,1003,0.8949186699302223,0.8098215448767772,5.0,1.817218197556503,predictions/masks/mosmed_test_Jun_coronacases_case10_138.png,predictions/probabilities/mosmed_test_Jun_coronacases_case10_138.npy
mosmed_test_Jun_coronacases_case1_206,Jun_coronacases_case1,panoptic_fpn,1003,0.8504778875773452,0.7398534385642657,5.385164807134504,2.0816278188550275,predictions/masks/mosmed_test_Jun_coronacases_case1_206.png,predictions/probabilities/mosmed_test_Jun_coronacases_case1_206.npy
mosmed_test_Morozov_study_0291_17,Morozov_study_0291,panoptic_fpn,1003,0.886903464809612,0.7967893500471109,11.279976351070527,2.709469399343678,predictions/masks/mosmed_test_Morozov_study_0291_17.png,predictions/probabilities/mosmed_test_Morozov_study_0291_17.npy
mosmed_test_Morozov_study_0256_20,Morozov_study_0256,panoptic_fpn,1003,0.614814814843347,0.44385026743916045,357.09311991197535,50.62547223516035,predictions/masks/mosmed_test_Morozov_study_0256_20.png,predictions/probabilities/mosmed_test_Morozov_study_0256_20.npy
mosmed_test_Jun_coronacases_case8_88,Jun_coronacases_case8,panoptic_fpn,1003,0.8919776401285394,0.8050177256666208,5.0,1.5288247003310533,predictions/masks/mosmed_test_Jun_coronacases_case8_88.png,predictions/probabilities/mosmed_test_Jun_coronacases_case8_88.npy
mosmed_test_Jun_coronacases_case3_141,Jun_coronacases_case3,panoptic_fpn,1003,0.920179632044617,0.8521599141420424,3.605551275463989,1.2863571545261683,predictions/masks/mosmed_test_Jun_coronacases_case3_141.png,predictions/probabilities/mosmed_test_Jun_coronacases_case3_141.npy
mosmed_test_Jun_radiopaedia_27_86410_0_case14_15,Jun_radiopaedia_27_86410_0_case14,panoptic_fpn,1003,0.8994244168441425,0.8172309386207373,8.48528137423857,3.777739381293992,predictions/masks/mosmed_test_Jun_radiopaedia_27_86410_0_case14_15.png,predictions/probabilities/mosmed_test_Jun_radiopaedia_27_86410_0_case14_15.npy
mosmed_test_Jun_coronacases_case8_163,Jun_coronacases_case8,panoptic_fpn,1003,0.8517418309518838,0.7417685795041502,22.47220505424423,2.956593840089113,predictions/masks/mosmed_test_Jun_coronacases_case8_163.png,predictions/probabilities/mosmed_test_Jun_coronacases_case8_163.npy
mosmed_test_Jun_coronacases_case7_146,Jun_coronacases_case7,panoptic_fpn,1003,0.8752574959973619,0.7781847781938062,8.900581316760658,1.7792812707621892,predictions/masks/mosmed_test_Jun_coronacases_case7_146.png,predictions/probabilities/mosmed_test_Jun_coronacases_case7_146.npy
mosmed_test_Jun_coronacases_case9_146,Jun_coronacases_case9,panoptic_fpn,1003,0.8921023359328104,0.805220883547174,2.23606797749979,1.1142340542723392,predictions/masks/mosmed_test_Jun_coronacases_case9_146.png,predictions/probabilities/mosmed_test_Jun_coronacases_case9_146.npy
mosmed_test_Jun_coronacases_case5_75,Jun_coronacases_case5,panoptic_fpn,1003,0.9532041728776989,0.9105922551303763,2.23606797749979,0.7678239716954329,predictions/masks/mosmed_test_Jun_coronacases_case5_75.png,predictions/probabilities/mosmed_test_Jun_coronacases_case5_75.npy
mosmed_test_Jun_coronacases_case8_144,Jun_coronacases_case8,panoptic_fpn,1003,0.9054006353697017,0.8271525314442575,3.605551275463989,1.0884643411618862,predictions/masks/mosmed_test_Jun_coronacases_case8_144.png,predictions/probabilities/mosmed_test_Jun_coronacases_case8_144.npy
mosmed_test_Jun_coronacases_case9_157,Jun_coronacases_case9,panoptic_fpn,1003,0.4923076924053255,0.32653061241670134,82.69659731697868,24.39578416591998,predictions/masks/mosmed_test_Jun_coronacases_case9_157.png,predictions/probabilities/mosmed_test_Jun_coronacases_case9_157.npy
mosmed_test_Morozov_study_0274_16,Morozov_study_0274,panoptic_fpn,1003,0.5758865248828531,0.4043824702381708,59.99082632030006,9.48992255772235,predictions/masks/mosmed_test_Morozov_study_0274_16.png,predictions/probabilities/mosmed_test_Morozov_study_0274_16.npy
mosmed_test_Morozov_study_0285_14,Morozov_study_0285,panoptic_fpn,1003,0.41090909094479333,0.2585812357544942,33.86727340141473,11.454831930730636,predictions/masks/mosmed_test_Morozov_study_0285_14.png,predictions/probabilities/mosmed_test_Morozov_study_0285_14.npy
mosmed_test_Morozov_study_0304_20,Morozov_study_0304,panoptic_fpn,1003,0.7537688443448398,0.6048387099960978,2.9656854249492377,1.126969613689457,predictions/masks/mosmed_test_Morozov_study_0304_20.png,predictions/probabilities/mosmed_test_Morozov_study_0304_20.npy
mosmed_test_Jun_radiopaedia_40_86625_0_case18_24,Jun_radiopaedia_40_86625_0_case18,panoptic_fpn,1003,0.8786340562996532,0.7835390946521853,11.34640066011827,4.801551819050733,predictions/masks/mosmed_test_Jun_radiopaedia_40_86625_0_case18_24.png,predictions/probabilities/mosmed_test_Jun_radiopaedia_40_86625_0_case18_24.npy
mosmed_test_Jun_coronacases_case1_83,Jun_coronacases_case1,panoptic_fpn,1003,0.8901734104681078,0.8020833335394966,1.0,0.40018702055754074,predictions/masks/mosmed_test_Jun_coronacases_case1_83.png,predictions/probabilities/mosmed_test_Jun_coronacases_case1_83.npy
mosmed_test_Jun_coronacases_case10_262,Jun_coronacases_case10,panoptic_fpn,1003,0.9105691057014438,0.8358208955573943,2.0,0.6896565288451756,predictions/masks/mosmed_test_Jun_coronacases_case10_262.png,predictions/probabilities/mosmed_test_Jun_coronacases_case10_262.npy
mosmed_test_Morozov_study_0288_6,Morozov_study_0288,panoptic_fpn,1003,0.8385542168702487,0.721991701253053,7.280109889280518,1.9152979541333772,predictions/masks/mosmed_test_Morozov_study_0288_6.png,predictions/probabilities/mosmed_test_Morozov_study_0288_6.npy
mosmed_test_Jun_coronacases_case7_84,Jun_coronacases_case7,panoptic_fpn,1003,0.8728414442899778,0.7743732591157735,3.0,1.0098263754269385,predictions/masks/mosmed_test_Jun_coronacases_case7_84.png,predictions/probabilities/mosmed_test_Jun_coronacases_case7_84.npy
mosmed_test_Morozov_study_0286_16,Morozov_study_0286,panoptic_fpn,1003,0.5017835909730126,0.33492063493822966,24.18160292046902,5.824065105072298,predictions/masks/mosmed_test_Morozov_study_0286_16.png,predictions/probabilities/mosmed_test_Morozov_study_0286_16.npy
mosmed_test_Jun_coronacases_case2_96,Jun_coronacases_case2,panoptic_fpn,1003,0.9155039624967574,0.8441745574342492,3.0,1.273255595549452,predictions/masks/mosmed_test_Jun_coronacases_case2_96.png,predictions/probabilities/mosmed_test_Jun_coronacases_case2_96.npy
mosmed_test_Jun_radiopaedia_27_86410_0_case14_54,Jun_radiopaedia_27_86410_0_case14,panoptic_fpn,1003,0.7937273824133019,0.6580000000684,4.0,1.8857470133598582,predictions/masks/mosmed_test_Jun_radiopaedia_27_86410_0_case14_54.png,predictions/probabilities/mosmed_test_Jun_radiopaedia_27_86410_0_case14_54.npy
mosmed_test_Jun_coronacases_case7_132,Jun_coronacases_case7,panoptic_fpn,1003,0.9048468147202975,0.826228537601355,4.245266240901301,1.4062638275934316,predictions/masks/mosmed_test_Jun_coronacases_case7_132.png,predictions/probabilities/mosmed_test_Jun_coronacases_case7_132.npy
mosmed_test_Jun_coronacases_case1_187,Jun_coronacases_case1,panoptic_fpn,1003,0.84327009936943,0.729012104651913,5.656854249492381,1.9844755694901486,predictions/masks/mosmed_test_Jun_coronacases_case1_187.png,predictions/probabilities/mosmed_test_Jun_coronacases_case1_187.npy
mosmed_test_Jun_coronacases_case1_189,Jun_coronacases_case1,panoptic_fpn,1003,0.790712673334558,0.6538666666758969,12.317194371968656,3.141457817805799,predictions/masks/mosmed_test_Jun_coronacases_case1_189.png,predictions/probabilities/mosmed_test_Jun_coronacases_case1_189.npy
mosmed_test_Jun_coronacases_case5_116,Jun_coronacases_case5,panoptic_fpn,1003,0.8778745255664685,0.7823318742625416,4.0,1.6141696011551123,predictions/masks/mosmed_test_Jun_coronacases_case5_116.png,predictions/probabilities/mosmed_test_Jun_coronacases_case5_116.npy
mosmed_test_Jun_coronacases_case1_237,Jun_coronacases_case1,panoptic_fpn,1003,0.6111111113811728,0.44000000056000005,3.0,1.6232088485297718,predictions/masks/mosmed_test_Jun_coronacases_case1_237.png,predictions/probabilities/mosmed_test_Jun_coronacases_case1_237.npy
mosmed_test_Morozov_study_0269_27,Morozov_study_0269,panoptic_fpn,1003,0.7345254470791575,0.5804347826999054,5.0,2.1022550513790663,predictions/masks/mosmed_test_Morozov_study_0269_27.png,predictions/probabilities/mosmed_test_Morozov_study_0269_27.npy
mosmed_test_Jun_coronacases_case1_141,Jun_coronacases_case1,panoptic_fpn,1003,0.8626854317241333,0.7585284280968758,5.0,1.6574807469676576,predictions/masks/mosmed_test_Jun_coronacases_case1_141.png,predictions/probabilities/mosmed_test_Jun_coronacases_case1_141.npy
mosmed_test_Jun_coronacases_case4_112,Jun_coronacases_case4,panoptic_fpn,1003,0.8207452165246352,0.695986336490522,5.656854249492381,3.20002073521546,predictions/masks/mosmed_test_Jun_coronacases_case4_112.png,predictions/probabilities/mosmed_test_Jun_coronacases_case4_112.npy
mosmed_test_Morozov_study_0275_28,Morozov_study_0275,panoptic_fpn,1003,0.8089602705068065,0.6792051100298647,8.06225774829855,2.6629330907388042,predictions/masks/mosmed_test_Morozov_study_0275_28.png,predictions/probabilities/mosmed_test_Morozov_study_0275_28.npy
mosmed_test_Morozov_study_0268_20,Morozov_study_0268,panoptic_fpn,1003,0.7888888888979109,0.6513761468135937,6.0,2.087902651949782,predictions/masks/mosmed_test_Morozov_study_0268_20.png,predictions/probabilities/mosmed_test_Morozov_study_0268_20.npy
mosmed_test_Morozov_study_0263_12,Morozov_study_0263,panoptic_fpn,1003,0.5492822966938485,0.37862796841970614,170.91735466177525,46.18723326985147,predictions/masks/mosmed_test_Morozov_study_0263_12.png,predictions/probabilities/mosmed_test_Morozov_study_0263_12.npy
mosmed_test_Morozov_study_0289_27,Morozov_study_0289,panoptic_fpn,1003,0.8183943881669218,0.6926121372437187,3.6055512754639887,1.2036569137804194,predictions/masks/mosmed_test_Morozov_study_0289_27.png,predictions/probabilities/mosmed_test_Morozov_study_0289_27.npy
mosmed_test_Jun_coronacases_case1_114,Jun_coronacases_case1,panoptic_fpn,1003,0.8620582572519592,0.7575592184285824,11.681162044153655,6.396317460318431,predictions/masks/mosmed_test_Jun_coronacases_case1_114.png,predictions/probabilities/mosmed_test_Jun_coronacases_case1_114.npy
mosmed_test_Jun_coronacases_case1_143,Jun_coronacases_case1,panoptic_fpn,1003,0.8460506588823006,0.7331783369839554,12.083045973594572,2.4125871889797055,predictions/masks/mosmed_test_Jun_coronacases_case1_143.png,predictions/probabilities/mosmed_test_Jun_coronacases_case1_143.npy
mosmed_test_Jun_coronacases_case9_144,Jun_coronacases_case9,panoptic_fpn,1003,0.9055441478471751,0.8273921200858416,2.23606797749979,0.9488528265346939,predictions/masks/mosmed_test_Jun_coronacases_case9_144.png,predictions/probabilities/mosmed_test_Jun_coronacases_case9_144.npy
mosmed_test_Jun_coronacases_case1_158,Jun_coronacases_case1,panoptic_fpn,1003,0.6843663108827305,0.5201799836443936,22.781367065633432,4.134185457800011,predictions/masks/mosmed_test_Jun_coronacases_case1_158.png,predictions/probabilities/mosmed_test_Jun_coronacases_case1_158.npy
mosmed_test_Morozov_study_0277_22,Morozov_study_0277,panoptic_fpn,1003,0.804400978007066,0.6728016360252759,8.0,2.2276404050312606,predictions/masks/mosmed_test_Morozov_study_0277_22.png,predictions/probabilities/mosmed_test_Morozov_study_0277_22.npy
mosmed_test_Morozov_study_0288_7,Morozov_study_0288,panoptic_fpn,1003,0.843428172458659,0.7292484153417069,8.54400374531753,2.2380196835948505,predictions/masks/mosmed_test_Morozov_study_0288_7.png,predictions/probabilities/mosmed_test_Morozov_study_0288_7.npy
mosmed_test_Jun_coronacases_case1_148,Jun_coronacases_case1,panoptic_fpn,1003,0.9011132940415276,0.8200238379053291,4.123105625617661,1.1718448715410201,predictions/masks/mosmed_test_Jun_coronacases_case1_148.png,predictions/probabilities/mosmed_test_Jun_coronacases_case1_148.npy
mosmed_test_Jun_coronacases_case6_60,Jun_coronacases_case6,panoptic_fpn,1003,0.8167613636493778,0.6902761104813594,3.1622776601683795,1.1344058277253637,predictions/masks/mosmed_test_Jun_coronacases_case6_60.png,predictions/probabilities/mosmed_test_Jun_coronacases_case6_60.npy
mosmed_test_Jun_coronacases_case8_75,Jun_coronacases_case8,panoptic_fpn,1003,0.9394657815720014,0.885842026829036,2.23606797749979,1.0728796179588223,predictions/masks/mosmed_test_Jun_coronacases_case8_75.png,predictions/probabilities/mosmed_test_Jun_coronacases_case8_75.npy
mosmed_test_Jun_coronacases_case5_132,Jun_coronacases_case5,panoptic_fpn,1003,0.8652968036580937,0.7625754527322216,5.069313659514949,1.5304032910872987,predictions/masks/mosmed_test_Jun_coronacases_case5_132.png,predictions/probabilities/mosmed_test_Jun_coronacases_case5_132.npy
mosmed_test_Jun_coronacases_case4_102,Jun_coronacases_case4,panoptic_fpn,1003,0.7362991618480788,0.5826530612670762,9.055385138137417,2.2981321727928625,predictions/masks/mosmed_test_Jun_coronacases_case4_102.png,predictions/probabilities/mosmed_test_Jun_coronacases_case4_102.npy
mosmed_test_Morozov_study_0265_10,Morozov_study_0265,panoptic_fpn,1003,0.8385885885916181,0.7220426632281175,7.848199740725332,2.1418501143999182,predictions/masks/mosmed_test_Morozov_study_0265_10.png,predictions/probabilities/mosmed_test_Morozov_study_0265_10.npy
mosmed_test_Morozov_study_0281_37,Morozov_study_0281,panoptic_fpn,1003,0.8819672131341038,0.7888563050472562,3.5833875946992038,9.00967209739114,predictions/masks/mosmed_test_Morozov_study_0281_37.png,predictions/probabilities/mosmed_test_Morozov_study_0281_37.npy
mosmed_test_Jun_radiopaedia_40_86625_0_case18_39,Jun_radiopaedia_40_86625_0_case18,panoptic_fpn,1003,0.8936836073524624,0.8078011076146149,9.0,2.7556719064864077,predictions/masks/mosmed_test_Jun_radiopaedia_40_86625_0_case18_39.png,predictions/probabilities/mosmed_test_Jun_radiopaedia_40_86625_0_case18_39.npy
mosmed_test_Jun_coronacases_case8_244,Jun_coronacases_case8,panoptic_fpn,1003,0.8675136116392899,0.7660256411006328,1.4142135623730951,0.8821473207727941,predictions/masks/mosmed_test_Jun_coronacases_case8_244.png,predictions/probabilities/mosmed_test_Jun_coronacases_case8_244.npy
mosmed_test_Morozov_study_0255_31,Morozov_study_0255,panoptic_fpn,1003,0.8127208480785959,0.684523809586404,3.0,1.2839821265868332,predictions/masks/mosmed_test_Morozov_study_0255_31.png,predictions/probabilities/mosmed_test_Morozov_study_0255_31.npy
mosmed_test_Jun_coronacases_case8_162,Jun_coronacases_case8,panoptic_fpn,1003,0.8556174558993589,0.7476673428094254,6.0,1.6229424754515358,predictions/masks/mosmed_test_Jun_coronacases_case8_162.png,predictions/probabilities/mosmed_test_Jun_coronacases_case8_162.npy
mosmed_test_Jun_radiopaedia_14_85914_0_case13_84,Jun_radiopaedia_14_85914_0_case13,panoptic_fpn,1003,0.8165265179115637,0.6899406959864613,11.045361017187261,3.104247255749662,predictions/masks/mosmed_test_Jun_radiopaedia_14_85914_0_case13_84.png,predictions/probabilities/mosmed_test_Jun_radiopaedia_14_85914_0_case13_84.npy
mosmed_test_Jun_coronacases_case10_108,Jun_coronacases_case10,panoptic_fpn,1003,0.9099084368875907,0.83470826458925,5.0,1.6640044655720896,predictions/masks/mosmed_test_Jun_coronacases_case10_108.png,predictions/probabilities/mosmed_test_Jun_coronacases_case10_108.npy
mosmed_test_Jun_radiopaedia_14_85914_0_case13_41,Jun_radiopaedia_14_85914_0_case13,panoptic_fpn,1003,0.8549005538492389,0.7465731965232766,10.276111918226732,3.2363149063808936,predictions/masks/mosmed_test_Jun_radiopaedia_14_85914_0_case13_41.png,predictions/probabilities/mosmed_test_Jun_radiopaedia_14_85914_0_case13_41.npy
mosmed_test_Jun_coronacases_case4_142,Jun_coronacases_case4,panoptic_fpn,1003,0.8731563421870483,0.7748691099607407,5.830951894845301,1.7525211934954277,predictions/masks/mosmed_test_Jun_coronacases_case4_142.png,predictions/probabilities/mosmed_test_Jun_coronacases_case4_142.npy
mosmed_test_Jun_coronacases_case1_149,Jun_coronacases_case1,panoptic_fpn,1003,0.8933183604726435,0.8072044647419718,3.92111025509278,2.4304694292619042,predictions/masks/mosmed_test_Jun_coronacases_case1_149.png,predictions/probabilities/mosmed_test_Jun_coronacases_case1_149.npy
mosmed_test_Jun_radiopaedia_27_86410_0_case14_36,Jun_radiopaedia_27_86410_0_case14,panoptic_fpn,1003,0.8126232741658421,0.6843853820714513,7.615773105863909,2.7477782281411676,predictions/masks/mosmed_test_Jun_radiopaedia_27_86410_0_case14_36.png,predictions/probabilities/mosmed_test_Jun_radiopaedia_27_86410_0_case14_36.npy
mosmed_test_Jun_coronacases_case6_114,Jun_coronacases_case6,panoptic_fpn,1003,0.8675034867688279,0.7660098522743818,2.8284271247461903,1.1083450500349086,predictions/masks/mosmed_test_Jun_coronacases_case6_114.png,predictions/probabilities/mosmed_test_Jun_coronacases_case6_114.npy
mosmed_test_Morozov_study_0263_9,Morozov_study_0263,panoptic_fpn,1003,0.7497330010769052,0.5996583143735957,45.2536276112363,9.294382226664284,predictions/masks/mosmed_test_Morozov_study_0263_9.png,predictions/probabilities/mosmed_test_Morozov_study_0263_9.npy
mosmed_test_Morozov_study_0264_32,Morozov_study_0264,panoptic_fpn,1003,8.130081294203186e-10,8.130081294203186e-10,124.35352824794239,116.86520106755684,predictions/masks/mosmed_test_Morozov_study_0264_32.png,predictions/probabilities/mosmed_test_Morozov_study_0264_32.npy
mosmed_test_Jun_radiopaedia_29_86491_1_case16_17,Jun_radiopaedia_29_86491_1_case16,panoptic_fpn,1003,0.7672349888892797,0.6223692122896952,105.97782608314782,13.194995419587165,predictions/masks/mosmed_test_Jun_radiopaedia_29_86491_1_case16_17.png,predictions/probabilities/mosmed_test_Jun_radiopaedia_29_86491_1_case16_17.npy
mosmed_test_Jun_coronacases_case4_149,Jun_coronacases_case4,panoptic_fpn,1003,0.8363636363697082,0.7187500000179369,6.4031242374328485,2.113676612860166,predictions/masks/mosmed_test_Jun_coronacases_case4_149.png,predictions/probabilities/mosmed_test_Jun_coronacases_case4_149.npy
mosmed_test_Jun_coronacases_case7_137,Jun_coronacases_case7,panoptic_fpn,1003,0.9434161819153285,0.8928928928964667,2.0,0.7357296495444265,predictions/masks/mosmed_test_Jun_coronacases_case7_137.png,predictions/probabilities/mosmed_test_Jun_coronacases_case7_137.npy
mosmed_test_Jun_coronacases_case2_130,Jun_coronacases_case2,panoptic_fpn,1003,0.9205061648293233,0.8527201683242345,4.0,2.0292333255079336,predictions/masks/mosmed_test_Jun_coronacases_case2_130.png,predictions/probabilities/mosmed_test_Jun_coronacases_case2_130.npy
mosmed_test_Jun_coronacases_case10_160,Jun_coronacases_case10,panoptic_fpn,1003,0.8793709218681666,0.7847118542880753,6.708203932499369,2.3556836816024522,predictions/masks/mosmed_test_Jun_coronacases_case10_160.png,predictions/probabilities/mosmed_test_Jun_coronacases_case10_160.npy
mosmed_test_Morozov_study_0277_16,Morozov_study_0277,panoptic_fpn,1003,0.7939095662904658,0.6582504463234315,9.98492424049174,3.832500393289248,predictions/masks/mosmed_test_Morozov_study_0277_16.png,predictions/probabilities/mosmed_test_Morozov_study_0277_16.npy
mosmed_test_Jun_coronacases_case1_116,Jun_coronacases_case1,panoptic_fpn,1003,0.8034814923485234,0.6715161422176419,18.027756377319946,5.148873537559609,predictions/masks/mosmed_test_Jun_coronacases_case1_116.png,predictions/probabilities/mosmed_test_Jun_coronacases_case1_116.npy
mosmed_test_Jun_coronacases_case2_149,Jun_coronacases_case2,panoptic_fpn,1003,0.9172375993434196,0.8471273095457573,3.0,0.9935124877741804,predictions/masks/mosmed_test_Jun_coronacases_case2_149.png,predictions/probabilities/mosmed_test_Jun_coronacases_case2_149.npy
mosmed_test_Morozov_study_0280_12,Morozov_study_0280,panoptic_fpn,1003,0.7767584098542023,0.6350000001825,4.0,1.2188505867580885,predictions/masks/mosmed_test_Morozov_study_0280_12.png,predictions/probabilities/mosmed_test_Morozov_study_0280_12.npy
mosmed_test_Jun_radiopaedia_7_85703_0_case20_22,Jun_radiopaedia_7_85703_0_case20,panoptic_fpn,1003,0.8496915311294211,0.7386640663154884,7.615773105863909,2.1022109698070945,predictions/masks/mosmed_test_Jun_radiopaedia_7_85703_0_case20_22.png,predictions/probabilities/mosmed_test_Jun_radiopaedia_7_85703_0_case20_22.npy
mosmed_test_Jun_coronacases_case1_217,Jun_coronacases_case1,panoptic_fpn,1003,0.8113374668014758,0.6825633383483513,2.8284271247461903,1.0007295406788181,predictions/masks/mosmed_test_Jun_coronacases_case1_217.png,predictions/probabilities/mosmed_test_Jun_coronacases_case1_217.npy
mosmed_test_Jun_coronacases_case7_99,Jun_coronacases_case7,panoptic_fpn,1003,0.9068958461242705,0.8296518158057038,4.0,1.1077462207378712,predictions/masks/mosmed_test_Jun_coronacases_case7_99.png,predictions/probabilities/mosmed_test_Jun_coronacases_case7_99.npy
mosmed_test_Morozov_study_0257_20,Morozov_study_0257,panoptic_fpn,1003,0.6607242339927375,0.49334442597781436,42.0802700360358,13.027876682259027,predictions/masks/mosmed_test_Morozov_study_0257_20.png,predictions/probabilities/mosmed_test_Morozov_study_0257_20.npy
mosmed_test_Morozov_study_0297_26,Morozov_study_0297,panoptic_fpn,1003,0.7178153446094968,0.5598377282096066,9.0,3.5681263553381397,predictions/masks/mosmed_test_Morozov_study_0297_26.png,predictions/probabilities/mosmed_test_Morozov_study_0297_26.npy
mosmed_test_Jun_coronacases_case5_106,Jun_coronacases_case5,panoptic_fpn,1003,0.9291934873167513,0.8677510608250442,4.0,1.1507862472382338,predictions/masks/mosmed_test_Jun_coronacases_case5_106.png,predictions/probabilities/mosmed_test_Jun_coronacases_case5_106.npy
mosmed_test_bjorke_89,bjorke_89,panoptic_fpn,1003,0.782534435262307,0.6427569353322046,41.04022108360753,7.0883327502698865,predictions/masks/mosmed_test_bjorke_89.png,predictions/probabilities/mosmed_test_bjorke_89.npy
mosmed_test_Jun_coronacases_case3_179,Jun_coronacases_case3,panoptic_fpn,1003,0.4919786098973376,0.32624113522961623,12.105391879221926,3.529499740221005,predictions/masks/mosmed_test_Jun_coronacases_case3_179.png,predictions/probabilities/mosmed_test_Jun_coronacases_case3_179.npy
mosmed_test_Jun_radiopaedia_7_85703_0_case20_43,Jun_radiopaedia_7_85703_0_case20,panoptic_fpn,1003,0.6515151515391517,0.48314606746852445,8.06225774829855,2.8354949720193012,predictions/masks/mosmed_test_Jun_radiopaedia_7_85703_0_case20_43.png,predictions/probabilities/mosmed_test_Jun_radiopaedia_7_85703_0_case20_43.npy
mosmed_test_bjorke_56,bjorke_56,panoptic_fpn,1003,0.8524627459904037,0.7428628072963634,19.235384061671343,5.44605196991897,predictions/masks/mosmed_test_bjorke_56.png,predictions/probabilities/mosmed_test_bjorke_56.npy
mosmed_test_Morozov_study_0297_15,Morozov_study_0297,panoptic_fpn,1003,0.7595218800672657,0.6122815613324795,8.353792806586739,2.4957424232693457,predictions/masks/mosmed_test_Morozov_study_0297_15.png,predictions/probabilities/mosmed_test_Morozov_study_0297_15.npy
mosmed_test_Jun_coronacases_case5_139,Jun_coronacases_case5,panoptic_fpn,1003,0.9231290213368395,0.8572327044114948,2.23606797749979,0.9249382416053687,predictions/masks/mosmed_test_Jun_coronacases_case5_139.png,predictions/probabilities/mosmed_test_Jun_coronacases_case5_139.npy
mosmed_test_Jun_coronacases_case7_94,Jun_coronacases_case7,panoptic_fpn,1003,0.9099022524456034,0.8346978557569319,3.1622776601683795,1.2530702299766339,predictions/masks/mosmed_test_Jun_coronacases_case7_94.png,predictions/probabilities/mosmed_test_Jun_coronacases_case7_94.npy
mosmed_test_Jun_coronacases_case2_52,Jun_coronacases_case2,panoptic_fpn,1003,0.9183202584255507,0.848976109227903,2.2656859348621166,1.0768492708336437,predictions/masks/mosmed_test_Jun_coronacases_case2_52.png,predictions/probabilities/mosmed_test_Jun_coronacases_case2_52.npy
mosmed_test_Jun_radiopaedia_10_85902_3_case12_124,Jun_radiopaedia_10_85902_3_case12,panoptic_fpn,1003,0.9450651769096048,0.8958517210975037,4.47213595499958,1.2350458192985285,predictions/masks/mosmed_test_Jun_radiopaedia_10_85902_3_case12_124.png,predictions/probabilities/mosmed_test_Jun_radiopaedia_10_85902_3_case12_124.npy
mosmed_test_Jun_radiopaedia_27_86410_0_case14_43,Jun_radiopaedia_27_86410_0_case14,panoptic_fpn,1003,0.8942235558969075,0.8086838534859316,2.8284271247461903,0.9823787155673551,predictions/masks/mosmed_test_Jun_radiopaedia_27_86410_0_case14_43.png,predictions/probabilities/mosmed_test_Jun_radiopaedia_27_86410_0_case14_43.npy
mosmed_test_Jun_coronacases_case1_157,Jun_coronacases_case1,panoptic_fpn,1003,0.7055914493123906,0.5451072220908909,23.769728648009426,4.427579007953904,predictions/masks/mosmed_test_Jun_coronacases_case1_157.png,predictions/probabilities/mosmed_test_Jun_coronacases_case1_157.npy
mosmed_test_Jun_coronacases_case2_151,Jun_coronacases_case2,panoptic_fpn,1003,0.9044943820238839,0.8256410256457317,3.1217082451262845,1.0956433167347428,predictions/masks/mosmed_test_Jun_coronacases_case2_151.png,predictions/probabilities/mosmed_test_Jun_coronacases_case2_151.npy
mosmed_test_Jun_coronacases_case1_130,Jun_coronacases_case1,panoptic_fpn,1003,0.8119159699303596,0.6833826138417104,12.181937282651338,3.548094444796493,predictions/masks/mosmed_test_Jun_coronacases_case1_130.png,predictions/probabilities/mosmed_test_Jun_coronacases_case1_130.npy
mosmed_test_Morozov_study_0258_30,Morozov_study_0258,panoptic_fpn,1003,0.7852586818011865,0.6464410735535074,5.385164807134504,1.7481193715021826,predictions/masks/mosmed_test_Morozov_study_0258_30.png,predictions/probabilities/mosmed_test_Morozov_study_0258_30.npy
mosmed_test_Jun_radiopaedia_36_86526_0_case17_20,Jun_radiopaedia_36_86526_0_case17,panoptic_fpn,1003,0.8503432494313422,0.7396496815390268,3.6055512754639887,1.344513459673694,predictions/masks/mosmed_test_Jun_radiopaedia_36_86526_0_case17_20.png,predictions/probabilities/mosmed_test_Jun_radiopaedia_36_86526_0_case17_20.npy
mosmed_test_Jun_radiopaedia_40_86625_0_case18_41,Jun_radiopaedia_40_86625_0_case18,panoptic_fpn,1003,0.9041095890413091,0.8250000000007103,12.083045973594572,2.7892406994394534,predictions/masks/mosmed_test_Jun_radiopaedia_40_86625_0_case18_41.png,predictions/probabilities/mosmed_test_Jun_radiopaedia_40_86625_0_case18_41.npy
mosmed_test_Jun_radiopaedia_10_85902_3_case12_186,Jun_radiopaedia_10_85902_3_case12,panoptic_fpn,1003,0.9404352806426034,0.8875675675716191,3.605551275463989,1.248933715770365,predictions/masks/mosmed_test_Jun_radiopaedia_10_85902_3_case12_186.png,predictions/probabilities/mosmed_test_Jun_radiopaedia_10_85902_3_case12_186.npy
mosmed_test_Jun_radiopaedia_40_86625_0_case18_72,Jun_radiopaedia_40_86625_0_case18,panoptic_fpn,1003,0.8795079120994121,0.7849300513566059,7.810249675906654,2.0838752073175644,predictions/masks/mosmed_test_Jun_radiopaedia_40_86625_0_case18_72.png,predictions/probabilities/mosmed_test_Jun_radiopaedia_40_86625_0_case18_72.npy
mosmed_test_Jun_coronacases_case2_145,Jun_coronacases_case2,panoptic_fpn,1003,0.9086812856727443,0.832645196811653,5.0990195135927845,1.4861943776863376,predictions/masks/mosmed_test_Jun_coronacases_case2_145.png,predictions/probabilities/mosmed_test_Jun_coronacases_case2_145.npy
mosmed_test_Jun_coronacases_case2_134,Jun_coronacases_case2,panoptic_fpn,1003,0.9138952164022187,0.8414429530245682,3.1622776601683795,1.0894383347099588,predictions/masks/mosmed_test_Jun_coronacases_case2_134.png,predictions/probabilities/mosmed_test_Jun_coronacases_case2_134.npy
mosmed_test_Jun_coronacases_case5_134,Jun_coronacases_case5,panoptic_fpn,1003,0.8665970045326856,0.7645974185762386,6.647187993486051,1.7350267507315034,predictions/masks/mosmed_test_Jun_coronacases_case5_134.png,predictions/probabilities/mosmed_test_Jun_coronacases_case5_134.npy
mosmed_test_Jun_radiopaedia_29_86491_1_case16_20,Jun_radiopaedia_29_86491_1_case16,panoptic_fpn,1003,0.9208257120480579,0.8532687651402776,4.0,1.761285497914215,predictions/masks/mosmed_test_Jun_radiopaedia_29_86491_1_case16_20.png,predictions/probabilities/mosmed_test_Jun_radiopaedia_29_86491_1_case16_20.npy
mosmed_test_Morozov_study_0261_21,Morozov_study_0261,panoptic_fpn,1003,0.8366592756957384,0.7191867852961643,5.656854249492381,1.243822281178797,predictions/masks/mosmed_test_Morozov_study_0261_21.png,predictions/probabilities/mosmed_test_Morozov_study_0261_21.npy
mosmed_test_Jun_coronacases_case7_61,Jun_coronacases_case7,panoptic_fpn,1003,0.8794326241989839,0.7848101268546708,1.0,0.48816626073623887,predictions/masks/mosmed_test_Jun_coronacases_case7_61.png,predictions/probabilities/mosmed_test_Jun_coronacases_case7_61.npy
mosmed_test_Morozov_study_0261_16,Morozov_study_0261,panoptic_fpn,1003,0.681592039880201,0.5169811322577429,6.737096024649162,7.716768619208196,predictions/masks/mosmed_test_Morozov_study_0261_16.png,predictions/probabilities/mosmed_test_Morozov_study_0261_16.npy
mosmed_test_Morozov_study_0288_18,Morozov_study_0288,panoptic_fpn,1003,0.5710295291386467,0.39960904776879064,53.542397229584765,13.502017622110696,predictions/masks/mosmed_test_Morozov_study_0288_18.png,predictions/probabilities/mosmed_test_Morozov_study_0288_18.npy
mosmed_test_Morozov_study_0286_21,Morozov_study_0286,panoptic_fpn,1003,0.5777146912803948,0.4061876247702533,129.6109515034426,24.552925057013233,predictions/masks/mosmed_test_Morozov_study_0286_21.png,predictions/probabilities/mosmed_test_Morozov_study_0286_21.npy
mosmed_test_Jun_coronacases_case3_146,Jun_coronacases_case3,panoptic_fpn,1003,0.9470747517851229,0.8994700748145344,2.8284271247461903,0.9788534035370954,predictions/masks/mosmed_test_Jun_coronacases_case3_146.png,predictions/probabilities/mosmed_test_Jun_coronacases_case3_146.npy
mosmed_test_Morozov_study_0298_19,Morozov_study_0298,panoptic_fpn,1003,0.5834922364591802,0.4119230769456953,17.029386365926403,10.866039098257568,predictions/masks/mosmed_test_Morozov_study_0298_19.png,predictions/probabilities/mosmed_test_Morozov_study_0298_19.npy
mosmed_test_Jun_coronacases_case6_46,Jun_coronacases_case6,panoptic_fpn,1003,0.4561403518313327,0.2954545470557851,3.1622776601683795,1.3356038745571115,predictions/masks/mosmed_test_Jun_coronacases_case6_46.png,predictions/probabilities/mosmed_test_Jun_coronacases_case6_46.npy
mosmed_test_Morozov_study_0264_31,Morozov_study_0264,panoptic_fpn,1003,0.5291828795606291,0.3597883601270961,11.036836291868472,2.639459155910752,predictions/masks/mosmed_test_Morozov_study_0264_31.png,predictions/probabilities/mosmed_test_Morozov_study_0264_31.npy
mosmed_test_Jun_coronacases_case8_216,Jun_coronacases_case8,panoptic_fpn,1003,0.8877551020465431,0.7981651376331957,3.097366596101022,0.9217928672267265,predictions/masks/mosmed_test_Jun_coronacases_case8_216.png,predictions/probabilities/mosmed_test_Jun_coronacases_case8_216.npy
mosmed_test_Jun_coronacases_case7_143,Jun_coronacases_case7,panoptic_fpn,1003,0.9341463414645619,0.8764302059536963,2.8284271247461903,0.926708372842473,predictions/masks/mosmed_test_Jun_coronacases_case7_143.png,predictions/probabilities/mosmed_test_Jun_coronacases_case7_143.npy
mosmed_test_Morozov_study_0271_15,Morozov_study_0271,panoptic_fpn,1003,0.7307001795573876,0.5756718529595939,5.113326778269874,2.2210015521561552,predictions/masks/mosmed_test_Morozov_study_0271_15.png,predictions/probabilities/mosmed_test_Morozov_study_0271_15.npy
mosmed_test_Morozov_study_0297_34,Morozov_study_0297,panoptic_fpn,1003,0.7685454856986714,0.6240957150911493,14.560219778561036,3.917058748750845,predictions/masks/mosmed_test_Morozov_study_0297_34.png,predictions/probabilities/mosmed_test_Morozov_study_0297_34.npy
mosmed_test_Jun_radiopaedia_10_85902_1_case11_12,Jun_radiopaedia_10_85902_1_case11,panoptic_fpn,1003,0.9014003175992291,0.8204993429744941,5.0,2.493512184768735,predictions/masks/mosmed_test_Jun_radiopaedia_10_85902_1_case11_12.png,predictions/probabilities/mosmed_test_Jun_radiopaedia_10_85902_1_case11_12.npy
mosmed_test_Jun_coronacases_case10_228,Jun_coronacases_case10,panoptic_fpn,1003,0.9000903342384807,0.8183311432385568,5.385164807134504,1.365463201002268,predictions/masks/mosmed_test_Jun_coronacases_case10_228.png,predictions/probabilities/mosmed_test_Jun_coronacases_case10_228.npy
mosmed_test_Jun_coronacases_case1_185,Jun_coronacases_case1,panoptic_fpn,1003,0.8471203136008933,0.7347863993071528,4.47213595499958,1.8340041006859553,predictions/masks/mosmed_test_Jun_coronacases_case1_185.png,predictions/probabilities/mosmed_test_Jun_coronacases_case1_185.npy
mosmed_test_Jun_coronacases_case7_106,Jun_coronacases_case7,panoptic_fpn,1003,0.9168815711184908,0.8465201465257685,3.1622776601683795,1.1745112506058735,predictions/masks/mosmed_test_Jun_coronacases_case7_106.png,predictions/probabilities/mosmed_test_Jun_coronacases_case7_106.npy
mosmed_test_Jun_coronacases_case1_150,Jun_coronacases_case1,panoptic_fpn,1003,0.8722614184935735,0.7734606519628999,5.0990195135927845,2.665008144260161,predictions/masks/mosmed_test_Jun_coronacases_case1_150.png,predictions/probabilities/mosmed_test_Jun_coronacases_case1_150.npy
mosmed_test_Jun_coronacases_case1_199,Jun_coronacases_case1,panoptic_fpn,1003,0.8362528560563952,0.7185863874391593,7.615773105863909,2.542686578529468,predictions/masks/mosmed_test_Jun_coronacases_case1_199.png,predictions/probabilities/mosmed_test_Jun_coronacases_case1_199.npy
mosmed_test_Jun_coronacases_case10_129,Jun_coronacases_case10,panoptic_fpn,1003,0.8433254577684338,0.7290948551036756,9.848857801796104,2.7220661802957244,predictions/masks/mosmed_test_Jun_coronacases_case10_129.png,predictions/probabilities/mosmed_test_Jun_coronacases_case10_129.npy
mosmed_test_bjorke_76,bjorke_76,panoptic_fpn,1003,0.7628803189287039,0.6166584612647511,18.193280665046654,5.003190204791429,predictions/masks/mosmed_test_bjorke_76.png,predictions/probabilities/mosmed_test_bjorke_76.npy
mosmed_test_Morozov_study_0290_26,Morozov_study_0290,panoptic_fpn,1003,0.84500000003875,0.7316017317179213,5.0990195135927845,1.2634867389238813,predictions/masks/mosmed_test_Morozov_study_0290_26.png,predictions/probabilities/mosmed_test_Morozov_study_0290_26.npy
mosmed_test_Jun_coronacases_case7_111,Jun_coronacases_case7,panoptic_fpn,1003,0.9183762549123008,0.8490718321287702,4.123105625617661,1.1674879539112433,predictions/masks/mosmed_test_Jun_coronacases_case7_111.png,predictions/probabilities/mosmed_test_Jun_coronacases_case7_111.npy
mosmed_test_Morozov_study_0280_29,Morozov_study_0280,panoptic_fpn,1003,0.8163265307371929,0.6896551727705114,2.0,0.7061865338514353,predictions/masks/mosmed_test_Morozov_study_0280_29.png,predictions/probabilities/mosmed_test_Morozov_study_0280_29.npy
mosmed_test_Morozov_study_0290_20,Morozov_study_0290,panoptic_fpn,1003,0.7707182320758676,0.6269662922186593,7.0710678118654755,1.6450650024667262,predictions/masks/mosmed_test_Morozov_study_0290_20.png,predictions/probabilities/mosmed_test_Morozov_study_0290_20.npy
mosmed_test_Jun_coronacases_case10_186,Jun_coronacases_case10,panoptic_fpn,1003,0.9049198452192286,0.8263503281200345,3.6055512754639896,1.3152252481443047,predictions/masks/mosmed_test_Jun_coronacases_case10_186.png,predictions/probabilities/mosmed_test_Jun_coronacases_case10_186.npy
mosmed_test_Jun_radiopaedia_10_85902_3_case12_119,Jun_radiopaedia_10_85902_3_case12,panoptic_fpn,1003,0.9607171964146582,0.924404015058833,3.0,0.8563145912742982,predictions/masks/mosmed_test_Jun_radiopaedia_10_85902_3_case12_119.png,predictions/probabilities/mosmed_test_Jun_radiopaedia_10_85902_3_case12_119.npy
mosmed_test_Jun_coronacases_case1_171,Jun_coronacases_case1,panoptic_fpn,1003,0.8363088836344094,0.7186691312488478,5.0,1.5740642225000494,predictions/masks/mosmed_test_Jun_coronacases_case1_171.png,predictions/probabilities/mosmed_test_Jun_coronacases_case1_171.npy
mosmed_test_Jun_coronacases_case6_89,Jun_coronacases_case6,panoptic_fpn,1003,0.9650290244943363,0.9324213406311239,2.23606797749979,0.7660224486998222,predictions/masks/mosmed_test_Jun_coronacases_case6_89.png,predictions/probabilities/mosmed_test_Jun_coronacases_case6_89.npy
mosmed_test_Jun_coronacases_case7_91,Jun_coronacases_case7,panoptic_fpn,1003,0.6991199119994741,0.5374207188356271,51.958907335065064,6.4339102163413795,predictions/masks/mosmed_test_Jun_coronacases_case7_91.png,predictions/probabilities/mosmed_test_Jun_coronacases_case7_91.npy
mosmed_test_Jun_coronacases_case3_100,Jun_coronacases_case3,panoptic_fpn,1003,0.9194428358074935,0.850896987476865,26.252537588200994,4.841301470581331,predictions/masks/mosmed_test_Jun_coronacases_case3_100.png,predictions/probabilities/mosmed_test_Jun_coronacases_case3_100.npy
mosmed_test_Morozov_study_0255_16,Morozov_study_0255,panoptic_fpn,1003,0.8777535705655076,0.7821397756733792,8.015564437074637,2.8743997693725714,predictions/masks/mosmed_test_Morozov_study_0255_16.png,predictions/probabilities/mosmed_test_Morozov_study_0255_16.npy
mosmed_test_Morozov_study_0272_20,Morozov_study_0272,panoptic_fpn,1003,0.8798828125058652,0.7855274629655162,7.0710678118654755,2.2473330008662087,predictions/masks/mosmed_test_Morozov_study_0272_20.png,predictions/probabilities/mosmed_test_Morozov_study_0272_20.npy
mosmed_test_Jun_radiopaedia_4_85506_1_case19_27,Jun_radiopaedia_4_85506_1_case19,panoptic_fpn,1003,0.9005472730722675,0.8190868520487783,6.203658925317489,7.1494040174578295,predictions/masks/mosmed_test_Jun_radiopaedia_4_85506_1_case19_27.png,predictions/probabilities/mosmed_test_Jun_radiopaedia_4_85506_1_case19_27.npy
mosmed_test_Jun_radiopaedia_14_85914_0_case13_20,Jun_radiopaedia_14_85914_0_case13,panoptic_fpn,1003,0.8324312382654099,0.7129612109798872,7.211102550927978,2.6067012053382133,predictions/masks/mosmed_test_Jun_radiopaedia_14_85914_0_case13_20.png,predictions/probabilities/mosmed_test_Jun_radiopaedia_14_85914_0_case13_20.npy
mosmed_test_Jun_radiopaedia_27_86410_0_case14_28,Jun_radiopaedia_27_86410_0_case14,panoptic_fpn,1003,0.8109539572686671,0.6820206519570559,16.0312195418814,5.364313532509841,predictions/masks/mosmed_test_Jun_radiopaedia_27_86410_0_case14_28.png,predictions/probabilities/mosmed_test_Jun_radiopaedia_27_86410_0_case14_28.npy
mosmed_test_Jun_coronacases_case9_136,Jun_coronacases_case9,panoptic_fpn,1003,0.9094789258419086,0.8339856490595569,4.0,1.5159169108387285,predictions/masks/mosmed_test_Jun_coronacases_case9_136.png,predictions/probabilities/mosmed_test_Jun_coronacases_case9_136.npy
mosmed_test_Jun_coronacases_case5_62,Jun_coronacases_case5,panoptic_fpn,1003,0.8766859345012825,0.7804459691628739,2.23606797749979,1.2055775583827344,predictions/masks/mosmed_test_Jun_coronacases_case5_62.png,predictions/probabilities/mosmed_test_Jun_coronacases_case5_62.npy
mosmed_test_Morozov_study_0277_10,Morozov_study_0277,panoptic_fpn,1003,0.4183098591685843,0.2644701692115028,145.7737973711325,75.09999142324654,predictions/masks/mosmed_test_Morozov_study_0277_10.png,predictions/probabilities/mosmed_test_Morozov_study_0277_10.npy
mosmed_test_Jun_coronacases_case6_106,Jun_coronacases_case6,panoptic_fpn,1003,0.9114529914560187,0.8373115577991639,4.242640687119285,1.3505628423760476,predictions/masks/mosmed_test_Jun_coronacases_case6_106.png,predictions/probabilities/mosmed_test_Jun_coronacases_case6_106.npy
mosmed_test_Jun_radiopaedia_40_86625_0_case18_40,Jun_radiopaedia_40_86625_0_case18,panoptic_fpn,1003,0.8913121683607085,0.8039342932476011,12.083045973594572,2.881459305586284,predictions/masks/mosmed_test_Jun_radiopaedia_40_86625_0_case18_40.png,predictions/probabilities/mosmed_test_Jun_radiopaedia_40_86625_0_case18_40.npy
mosmed_test_Morozov_study_0295_28,Morozov_study_0295,panoptic_fpn,1003,0.8000000001290323,0.6666666670250897,2.23606797749979,0.7705919573458974,predictions/masks/mosmed_test_Morozov_study_0295_28.png,predictions/probabilities/mosmed_test_Morozov_study_0295_28.npy
mosmed_test_Morozov_study_0275_12,Morozov_study_0275,panoptic_fpn,1003,0.6611721612031893,0.49384404931684767,7.099074759677974,2.734203736520833,predictions/masks/mosmed_test_Morozov_study_0275_12.png,predictions/probabilities/mosmed_test_Morozov_study_0275_12.npy
mosmed_test_Jun_coronacases_case8_161,Jun_coronacases_case8,panoptic_fpn,1003,0.7665969183989615,0.621529919814265,10.198039027185569,2.9257098898765603,predictions/masks/mosmed_test_Jun_coronacases_case8_161.png,predictions/probabilities/mosmed_test_Jun_coronacases_case8_161.npy
mosmed_test_Jun_coronacases_case4_144,Jun_coronacases_case4,panoptic_fpn,1003,0.9114754098392905,0.8373493976012484,4.242640687119285,1.1183045546495367,predictions/masks/mosmed_test_Jun_coronacases_case4_144.png,predictions/probabilities/mosmed_test_Jun_coronacases_case4_144.npy
mosmed_test_Morozov_study_0279_28,Morozov_study_0279,panoptic_fpn,1003,0.6443514645095499,0.4753086421372504,5.830951894845301,1.8308657370868116,predictions/masks/mosmed_test_Morozov_study_0279_28.png,predictions/probabilities/mosmed_test_Morozov_study_0279_28.npy
mosmed_test_Morozov_study_0262_13,Morozov_study_0262,panoptic_fpn,1003,0.7037037037286444,0.5428571429165121,6.070348150753488,1.7578669849931974,predictions/masks/mosmed_test_Morozov_study_0262_13.png,predictions/probabilities/mosmed_test_Morozov_study_0262_13.npy
mosmed_test_Jun_coronacases_case3_130,Jun_coronacases_case3,panoptic_fpn,1003,0.9305098684214098,0.8700499807778734,5.830951894845301,1.8793447905894634,predictions/masks/mosmed_test_Jun_coronacases_case3_130.png,predictions/probabilities/mosmed_test_Jun_coronacases_case3_130.npy
mosmed_test_Jun_coronacases_case3_120,Jun_coronacases_case3,panoptic_fpn,1003,0.9233693118660187,0.8576472155618329,5.656854249492381,1.995164181005622,predictions/masks/mosmed_test_Jun_coronacases_case3_120.png,predictions/probabilities/mosmed_test_Jun_coronacases_case3_120.npy
mosmed_test_Morozov_study_0275_38,Morozov_study_0275,panoptic_fpn,1003,0.7523510972563162,0.6030150755763743,14.032101962856379,2.6846266657730227,predictions/masks/mosmed_test_Morozov_study_0275_38.png,predictions/probabilities/mosmed_test_Morozov_study_0275_38.npy
mosmed_test_Jun_coronacases_case1_192,Jun_coronacases_case1,panoptic_fpn,1003,0.7822445561175503,0.6423658872175415,23.01738309315414,4.214267177260573,predictions/masks/mosmed_test_Jun_coronacases_case1_192.png,predictions/probabilities/mosmed_test_Jun_coronacases_case1_192.npy
mosmed_test_Morozov_study_0264_33,Morozov_study_0264,panoptic_fpn,1003,0.6937901499585032,0.5311475411373286,91.76116577607026,11.176559242540817,predictions/masks/mosmed_test_Morozov_study_0264_33.png,predictions/probabilities/mosmed_test_Morozov_study_0264_33.npy
mosmed_test_Jun_coronacases_case1_98,Jun_coronacases_case1,panoptic_fpn,1003,0.911028730307213,0.8365957446854866,4.3114892674833625,1.3857077113015335,predictions/masks/mosmed_test_Jun_coronacases_case1_98.png,predictions/probabilities/mosmed_test_Jun_coronacases_case1_98.npy
mosmed_test_bjorke_53,bjorke_53,panoptic_fpn,1003,0.3863572035184495,0.2394316786662089,51.28063709845258,15.5429137910636,predictions/masks/mosmed_test_bjorke_53.png,predictions/probabilities/mosmed_test_bjorke_53.npy
mosmed_test_bjorke_100,bjorke_100,panoptic_fpn,1003,0.5753041441689698,0.40380839308003197,96.75225971388835,17.626630747182354,predictions/masks/mosmed_test_bjorke_100.png,predictions/probabilities/mosmed_test_bjorke_100.npy
mosmed_test_Jun_coronacases_case7_155,Jun_coronacases_case7,panoptic_fpn,1003,0.9060713313393391,0.8282727725321916,3.0,1.0325617453203217,predictions/masks/mosmed_test_Jun_coronacases_case7_155.png,predictions/probabilities/mosmed_test_Jun_coronacases_case7_155.npy
mosmed_test_Jun_coronacases_case1_146,Jun_coronacases_case1,panoptic_fpn,1003,0.8149519527478185,0.687695283444611,28.041987089491226,3.9987859190258637,predictions/masks/mosmed_test_Jun_coronacases_case1_146.png,predictions/probabilities/mosmed_test_Jun_coronacases_case1_146.npy
mosmed_test_Jun_coronacases_case7_149,Jun_coronacases_case7,panoptic_fpn,1003,0.9030373831804019,0.8232161874428533,2.23606797749979,0.9811606343919757,predictions/masks/mosmed_test_Jun_coronacases_case7_149.png,predictions/probabilities/mosmed_test_Jun_coronacases_case7_149.npy
mosmed_test_Jun_coronacases_case9_119,Jun_coronacases_case9,panoptic_fpn,1003,0.9423945368438992,0.8910643615936041,5.0,1.2090408525182441,predictions/masks/mosmed_test_Jun_coronacases_case9_119.png,predictions/probabilities/mosmed_test_Jun_coronacases_case9_119.npy
mosmed_test_Jun_radiopaedia_10_85902_3_case12_73,Jun_radiopaedia_10_85902_3_case12,panoptic_fpn,1003,0.9000000000046298,0.8181818181971227,2.8284271247461903,1.2797578933049611,predictions/masks/mosmed_test_Jun_radiopaedia_10_85902_3_case12_73.png,predictions/probabilities/mosmed_test_Jun_radiopaedia_10_85902_3_case12_73.npy
mosmed_test_Jun_coronacases_case2_63,Jun_coronacases_case2,panoptic_fpn,1003,0.8758526603086049,0.7791262136190381,3.0,0.9142604353988848,predictions/masks/mosmed_test_Jun_coronacases_case2_63.png,predictions/probabilities/mosmed_test_Jun_coronacases_case2_63.npy
mosmed_test_Jun_coronacases_case10_179,Jun_coronacases_case10,panoptic_fpn,1003,0.8805893789022757,0.7866544789801343,5.830951894845301,1.826521720405491,predictions/masks/mosmed_test_Jun_coronacases_case10_179.png,predictions/probabilities/mosmed_test_Jun_coronacases_case10_179.npy
mosmed_test_Morozov_study_0265_18,Morozov_study_0265,panoptic_fpn,1003,0.8622047244124628,0.7577854671373401,22.82533053842873,4.274208310920459,predictions/masks/mosmed_test_Morozov_study_0265_18.png,predictions/probabilities/mosmed_test_Morozov_study_0265_18.npy
mosmed_test_Jun_coronacases_case9_189,Jun_coronacases_case9,panoptic_fpn,1003,0.8545745105902003,0.7460760376788952,8.0,5.192597087726253,predictions/masks/mosmed_test_Jun_coronacases_case9_189.png,predictions/probabilities/mosmed_test_Jun_coronacases_case9_189.npy
mosmed_test_Morozov_study_0293_26,Morozov_study_0293,panoptic_fpn,1003,0.6990654206169972,0.537356321972024,3.605551275463989,1.3526295458534012,predictions/masks/mosmed_test_Morozov_study_0293_26.png,predictions/probabilities/mosmed_test_Morozov_study_0293_26.npy
mosmed_test_Jun_coronacases_case10_102,Jun_coronacases_case10,panoptic_fpn,1003,0.9155203233083429,0.8442023792483273,4.242640687119285,1.6619020686927388,predictions/masks/mosmed_test_Jun_coronacases_case10_102.png,predictions/probabilities/mosmed_test_Jun_coronacases_case10_102.npy
mosmed_test_Morozov_study_0275_25,Morozov_study_0275,panoptic_fpn,1003,0.7754199823264625,0.6332129964163744,7.300974619674767,2.2739667823223746,predictions/masks/mosmed_test_Morozov_study_0275_25.png,predictions/probabilities/mosmed_test_Morozov_study_0275_25.npy
mosmed_test_Morozov_study_0277_11,Morozov_study_0277,panoptic_fpn,1003,0.5238095238762173,0.3548387097998409,250.56935167733502,72.24364671331828,predictions/masks/mosmed_test_Morozov_study_0277_11.png,predictions/probabilities/mosmed_test_Morozov_study_0277_11.npy
mosmed_test_Jun_coronacases_case4_129,Jun_coronacases_case4,panoptic_fpn,1003,0.8663409025620482,0.7641987829734179,7.819737192111313,2.168012496688043,predictions/masks/mosmed_test_Jun_coronacases_case4_129.png,predictions/probabilities/mosmed_test_Jun_coronacases_case4_129.npy
mosmed_test_Jun_radiopaedia_14_85914_0_case13_22,Jun_radiopaedia_14_85914_0_case13,panoptic_fpn,1003,0.866191607285421,0.7639664804505902,9.219544457292887,2.3584057160534115,predictions/masks/mosmed_test_Jun_radiopaedia_14_85914_0_case13_22.png,predictions/probabilities/mosmed_test_Jun_radiopaedia_14_85914_0_case13_22.npy
mosmed_test_Morozov_study_0303_9,Morozov_study_0303,panoptic_fpn,1003,0.5247782994509765,0.35572843003141946,31.216880910885845,9.217336215311107,predictions/masks/mosmed_test_Morozov_study_0303_9.png,predictions/probabilities/mosmed_test_Morozov_study_0303_9.npy
mosmed_test_bjorke_8,bjorke_8,panoptic_fpn,1003,0.9095449231855312,0.8340966469179882,25.079872407968907,6.735284548307553,predictions/masks/mosmed_test_bjorke_8.png,predictions/probabilities/mosmed_test_bjorke_8.npy
mosmed_test_Morozov_study_0296_17,Morozov_study_0296,panoptic_fpn,1003,0.3639774859883698,0.22247706430934897,82.01676529007551,25.995642650928485,predictions/masks/mosmed_test_Morozov_study_0296_17.png,predictions/probabilities/mosmed_test_Morozov_study_0296_17.npy
mosmed_test_Morozov_study_0302_22,Morozov_study_0302,panoptic_fpn,1003,0.7054545454759669,0.5449438202758491,10.63014581273465,2.9353362233762894,predictions/masks/mosmed_test_Morozov_study_0302_22.png,predictions/probabilities/mosmed_test_Morozov_study_0302_22.npy
mosmed_test_Jun_coronacases_case8_82,Jun_coronacases_case8,panoptic_fpn,1003,0.9067755102056037,0.8294504181651896,3.1622776601683795,1.2321701399589533,predictions/masks/mosmed_test_Jun_coronacases_case8_82.png,predictions/probabilities/mosmed_test_Jun_coronacases_case8_82.npy
mosmed_test_Morozov_study_0299_28,Morozov_study_0299,panoptic_fpn,1003,0.6862611073351838,0.5223725286657261,26.1725046566048,4.490220566575695,predictions/masks/mosmed_test_Morozov_study_0299_28.png,predictions/probabilities/mosmed_test_Morozov_study_0299_28.npy
mosmed_test_Jun_coronacases_case2_40,Jun_coronacases_case2,panoptic_fpn,1003,0.9320309320336984,0.8727134146438481,2.0,0.8150102226117507,predictions/masks/mosmed_test_Jun_coronacases_case2_40.png,predictions/probabilities/mosmed_test_Jun_coronacases_case2_40.npy
mosmed_test_Morozov_study_0269_26,Morozov_study_0269,panoptic_fpn,1003,0.568627451050878,0.39726027411021453,11.160093056952196,3.5205858516647557,predictions/masks/mosmed_test_Morozov_study_0269_26.png,predictions/probabilities/mosmed_test_Morozov_study_0269_26.npy
mosmed_test_Jun_coronacases_case4_86,Jun_coronacases_case4,panoptic_fpn,1003,0.861795075459456,0.7571528262471335,5.0,1.696009188361173,predictions/masks/mosmed_test_Jun_coronacases_case4_86.png,predictions/probabilities/mosmed_test_Jun_coronacases_case4_86.npy
mosmed_test_Morozov_study_0268_11,Morozov_study_0268,panoptic_fpn,1003,0.5514018692112849,0.38064516139021853,265.6888191244552,32.899490286011115,predictions/masks/mosmed_test_Morozov_study_0268_11.png,predictions/probabilities/mosmed_test_Morozov_study_0268_11.npy
mosmed_test_Jun_coronacases_case8_154,Jun_coronacases_case8,panoptic_fpn,1003,0.9281641961238918,0.8659574468111033,3.1622776601683795,1.1416055414457884,predictions/masks/mosmed_test_Jun_coronacases_case8_154.png,predictions/probabilities/mosmed_test_Jun_coronacases_case8_154.npy
mosmed_test_Jun_coronacases_case10_113,Jun_coronacases_case10,panoptic_fpn,1003,0.9098106960346232,0.8345437739358967,5.059411708155661,2.009155924445702,predictions/masks/mosmed_test_Jun_coronacases_case10_113.png,predictions/probabilities/mosmed_test_Jun_coronacases_case10_113.npy
mosmed_test_Morozov_study_0255_25,Morozov_study_0255,panoptic_fpn,1003,0.8768085985970069,0.7806404122274332,7.781078190400224,1.7879657639640225,predictions/masks/mosmed_test_Morozov_study_0255_25.png,predictions/probabilities/mosmed_test_Morozov_study_0255_25.npy
mosmed_test_Jun_coronacases_case4_115,Jun_coronacases_case4,panoptic_fpn,1003,0.79739869935981,0.6630615640879316,3.605551275463989,1.7492623869798527,predictions/masks/mosmed_test_Jun_coronacases_case4_115.png,predictions/probabilities/mosmed_test_Jun_coronacases_case4_115.npy
mosmed_test_Jun_radiopaedia_4_85506_1_case19_13,Jun_radiopaedia_4_85506_1_case19,panoptic_fpn,1003,0.8901702476906287,0.8020781978846294,34.23156200944851,6.224836082941688,predictions/masks/mosmed_test_Jun_radiopaedia_4_85506_1_case19_13.png,predictions/probabilities/mosmed_test_Jun_radiopaedia_4_85506_1_case19_13.npy
mosmed_test_Jun_coronacases_case8_62,Jun_coronacases_case8,panoptic_fpn,1003,0.8810703667055961,0.7874224978044798,2.265685934862083,0.9661037294213637,predictions/masks/mosmed_test_Jun_coronacases_case8_62.png,predictions/probabilities/mosmed_test_Jun_coronacases_case8_62.npy
mosmed_test_bjorke_98,bjorke_98,panoptic_fpn,1003,0.8609792486107353,0.75589426054113,8.0,2.476204753463461,predictions/masks/mosmed_test_bjorke_98.png,predictions/probabilities/mosmed_test_bjorke_98.npy
mosmed_test_bjorke_7,bjorke_7,panoptic_fpn,1003,0.7330901352809462,0.5786442711508261,24.166091947189145,5.842838291103904,predictions/masks/mosmed_test_bjorke_7.png,predictions/probabilities/mosmed_test_bjorke_7.npy
mosmed_test_Jun_coronacases_case8_168,Jun_coronacases_case8,panoptic_fpn,1003,0.8127853881385396,0.6846153846457099,5.0,1.7303023799089245,predictions/masks/mosmed_test_Jun_coronacases_case8_168.png,predictions/probabilities/mosmed_test_Jun_coronacases_case8_168.npy
mosmed_test_Morozov_study_0276_30,Morozov_study_0276,panoptic_fpn,1003,0.7633358377337839,0.6172539490136995,5.0990195135927845,1.2741280832170163,predictions/masks/mosmed_test_Morozov_study_0276_30.png,predictions/probabilities/mosmed_test_Morozov_study_0276_30.npy
mosmed_test_Jun_coronacases_case2_74,Jun_coronacases_case2,panoptic_fpn,1003,0.8940783986699717,0.808446455519725,5.0,1.6953469820213376,predictions/masks/mosmed_test_Jun_coronacases_case2_74.png,predictions/probabilities/mosmed_test_Jun_coronacases_case2_74.npy
mosmed_test_Jun_coronacases_case10_147,Jun_coronacases_case10,panoptic_fpn,1003,0.9059922037901732,0.8281405369600905,6.094852169800135,2.898407615460517,predictions/masks/mosmed_test_Jun_coronacases_case10_147.png,predictions/probabilities/mosmed_test_Jun_coronacases_case10_147.npy
mosmed_test_Morozov_study_0280_26,Morozov_study_0280,panoptic_fpn,1003,0.5533379215723786,0.38249286399785987,14.9196412483911,4.410314718095754,predictions/masks/mosmed_test_Morozov_study_0280_26.png,predictions/probabilities/mosmed_test_Morozov_study_0280_26.npy
mosmed_test_Jun_coronacases_case8_105,Jun_coronacases_case8,panoptic_fpn,1003,0.9161257260000331,0.8452324665115014,5.830951894845301,1.6192141470732744,predictions/masks/mosmed_test_Jun_coronacases_case8_105.png,predictions/probabilities/mosmed_test_Jun_coronacases_case8_105.npy
mosmed_test_Morozov_study_0275_20,Morozov_study_0275,panoptic_fpn,1003,0.42367601264059934,0.2687747038463341,350.968254209643,48.96292786730596,predictions/masks/mosmed_test_Morozov_study_0275_20.png,predictions/probabilities/mosmed_test_Morozov_study_0275_20.npy
mosmed_test_Morozov_study_0259_19,Morozov_study_0259,panoptic_fpn,1003,0.6883514039563984,0.5247986435131498,18.02636855845395,4.159782649943852,predictions/masks/mosmed_test_Morozov_study_0259_19.png,predictions/probabilities/mosmed_test_Morozov_study_0259_19.npy
mosmed_test_Morozov_study_0292_25,Morozov_study_0292,panoptic_fpn,1003,0.7872648336053162,0.6491646778880276,131.64999999999998,28.88359483486041,predictions/masks/mosmed_test_Morozov_study_0292_25.png,predictions/probabilities/mosmed_test_Morozov_study_0292_25.npy
mosmed_test_Jun_radiopaedia_14_85914_0_case13_51,Jun_radiopaedia_14_85914_0_case13,panoptic_fpn,1003,0.8453519843507106,0.7321295952481799,12.165525060596439,3.245679375562849,predictions/masks/mosmed_test_Jun_radiopaedia_14_85914_0_case13_51.png,predictions/probabilities/mosmed_test_Jun_radiopaedia_14_85914_0_case13_51.npy
mosmed_test_Jun_radiopaedia_14_85914_0_case13_63,Jun_radiopaedia_14_85914_0_case13,panoptic_fpn,1003,0.8139614708031623,0.6862858589889438,18.1589013363917,4.20463232365886,predictions/masks/mosmed_test_Jun_radiopaedia_14_85914_0_case13_63.png,predictions/probabilities/mosmed_test_Jun_radiopaedia_14_85914_0_case13_63.npy
mosmed_test_Jun_coronacases_case1_169,Jun_coronacases_case1,panoptic_fpn,1003,0.8250694169015258,0.7022282241829092,5.0,2.471762045864052,predictions/masks/mosmed_test_Jun_coronacases_case1_169.png,predictions/probabilities/mosmed_test_Jun_coronacases_case1_169.npy
mosmed_test_Morozov_study_0292_29,Morozov_study_0292,panoptic_fpn,1003,0.26415094409042367,0.15217391396502836,5.4666716398418655,2.7470454108801934,predictions/masks/mosmed_test_Morozov_study_0292_29.png,predictions/probabilities/mosmed_test_Morozov_study_0292_29.npy
mosmed_test_Jun_radiopaedia_40_86625_0_case18_36,Jun_radiopaedia_40_86625_0_case18,panoptic_fpn,1003,0.9183677533708037,0.849057298571774,9.219544457292887,2.458896732777614,predictions/masks/mosmed_test_Jun_radiopaedia_40_86625_0_case18_36.png,predictions/probabilities/mosmed_test_Jun_radiopaedia_40_86625_0_case18_36.npy
mosmed_test_Jun_coronacases_case4_123,Jun_coronacases_case4,panoptic_fpn,1003,0.8838071693484608,0.7918050941422035,3.2509323832274712,1.2489141668828563,predictions/masks/mosmed_test_Jun_coronacases_case4_123.png,predictions/probabilities/mosmed_test_Jun_coronacases_case4_123.npy
mosmed_test_Morozov_study_0300_32,Morozov_study_0300,panoptic_fpn,1003,0.6453674122538762,0.47641509458659664,5.0,1.604927600278327,predictions/masks/mosmed_test_Morozov_study_0300_32.png,predictions/probabilities/mosmed_test_Morozov_study_0300_32.npy
mosmed_test_Jun_coronacases_case3_94,Jun_coronacases_case3,panoptic_fpn,1003,0.9317217846097148,0.8721714729245198,5.656854249492381,1.7878139795222783,predictions/masks/mosmed_test_Jun_coronacases_case3_94.png,predictions/probabilities/mosmed_test_Jun_coronacases_case3_94.npy
mosmed_test_Jun_coronacases_case2_54,Jun_coronacases_case2,panoptic_fpn,1003,0.9199614271976876,0.8517857142989476,2.23606797749979,1.0218558008735594,predictions/masks/mosmed_test_Jun_coronacases_case2_54.png,predictions/probabilities/mosmed_test_Jun_coronacases_case2_54.npy
mosmed_test_Jun_coronacases_case1_101,Jun_coronacases_case1,panoptic_fpn,1003,0.9165452653494637,0.8459469842519026,5.0,1.6462831867797727,predictions/masks/mosmed_test_Jun_coronacases_case1_101.png,predictions/probabilities/mosmed_test_Jun_coronacases_case1_101.npy
mosmed_test_Jun_coronacases_case2_120,Jun_coronacases_case2,panoptic_fpn,1003,0.8411697247751958,0.725878278093722,3.8619429464123876,1.7343744259149703,predictions/masks/mosmed_test_Jun_coronacases_case2_120.png,predictions/probabilities/mosmed_test_Jun_coronacases_case2_120.npy
mosmed_test_Morozov_study_0266_17,Morozov_study_0266,panoptic_fpn,1003,0.06250000073242187,0.03225806529656608,175.21971851406366,95.88754646074673,predictions/masks/mosmed_test_Morozov_study_0266_17.png,predictions/probabilities/mosmed_test_Morozov_study_0266_17.npy
mosmed_test_Morozov_study_0270_12,Morozov_study_0270,panoptic_fpn,1003,0.611726117277092,0.44063792088360076,34.31590937143778,6.741211993838933,predictions/masks/mosmed_test_Morozov_study_0270_12.png,predictions/probabilities/mosmed_test_Morozov_study_0270_12.npy
mosmed_test_Jun_coronacases_case3_171,Jun_coronacases_case3,panoptic_fpn,1003,0.8770099956594086,0.7809597523389349,4.123105625617661,1.5191739630611978,predictions/masks/mosmed_test_Jun_coronacases_case3_171.png,predictions/probabilities/mosmed_test_Jun_coronacases_case3_171.npy
mosmed_test_Jun_coronacases_case6_67,Jun_coronacases_case6,panoptic_fpn,1003,0.9179017485442481,0.8482610033903274,4.47213595499958,1.5169750692093904,predictions/masks/mosmed_test_Jun_coronacases_case6_67.png,predictions/probabilities/mosmed_test_Jun_coronacases_case6_67.npy
mosmed_test_Jun_radiopaedia_10_85902_3_case12_69,Jun_radiopaedia_10_85902_3_case12,panoptic_fpn,1003,0.8890258939649183,0.8002219756048589,5.0,1.2339998969553658,predictions/masks/mosmed_test_Jun_radiopaedia_10_85902_3_case12_69.png,predictions/probabilities/mosmed_test_Jun_radiopaedia_10_85902_3_case12_69.npy
mosmed_test_Jun_radiopaedia_27_86410_0_case14_29,Jun_radiopaedia_27_86410_0_case14,panoptic_fpn,1003,0.8499114148326379,0.7389964788761113,7.042640687119279,2.528810161636132,predictions/masks/mosmed_test_Jun_radiopaedia_27_86410_0_case14_29.png,predictions/probabilities/mosmed_test_Jun_radiopaedia_27_86410_0_case14_29.npy
mosmed_test_Morozov_study_0289_25,Morozov_study_0289,panoptic_fpn,1003,0.6613545817002904,0.4940476191078515,37.507289251200845,6.215233844141481,predictions/masks/mosmed_test_Morozov_study_0289_25.png,predictions/probabilities/mosmed_test_Morozov_study_0289_25.npy
mosmed_test_Jun_radiopaedia_40_86625_0_case18_61,Jun_radiopaedia_40_86625_0_case18,panoptic_fpn,1003,0.872377517283221,0.7736432455497727,15.556349186104045,3.287400228743559,predictions/masks/mosmed_test_Jun_radiopaedia_40_86625_0_case18_61.png,predictions/probabilities/mosmed_test_Jun_radiopaedia_40_86625_0_case18_61.npy
mosmed_test_Morozov_study_0289_29,Morozov_study_0289,panoptic_fpn,1003,0.877665544345941,0.7820000000436,2.23606797749979,0.9301408403072114,predictions/masks/mosmed_test_Morozov_study_0289_29.png,predictions/probabilities/mosmed_test_Morozov_study_0289_29.npy
mosmed_test_Jun_coronacases_case8_152,Jun_coronacases_case8,panoptic_fpn,1003,0.9194286247790175,0.8508726455875086,3.1622776601683795,1.2301359976761572,predictions/masks/mosmed_test_Jun_coronacases_case8_152.png,predictions/probabilities/mosmed_test_Jun_coronacases_case8_152.npy
mosmed_test_Morozov_study_0276_38,Morozov_study_0276,panoptic_fpn,1003,0.7844522968451764,0.6453488372780333,200.0021249867189,26.886988066288364,predictions/masks/mosmed_test_Morozov_study_0276_38.png,predictions/probabilities/mosmed_test_Morozov_study_0276_38.npy
mosmed_test_Morozov_study_0284_13,Morozov_study_0284,panoptic_fpn,1003,0.09401709440426621,0.04932735468640029,13.187383539249428,6.723973794300717,predictions/masks/mosmed_test_Morozov_study_0284_13.png,predictions/probabilities/mosmed_test_Morozov_study_0284_13.npy
mosmed_test_Jun_coronacases_case7_86,Jun_coronacases_case7,panoptic_fpn,1003,0.9114927344898953,0.8373786408161702,2.23606797749979,0.7705282316674938,predictions/masks/mosmed_test_Jun_coronacases_case7_86.png,predictions/probabilities/mosmed_test_Jun_coronacases_case7_86.npy
mosmed_test_bjorke_93,bjorke_93,panoptic_fpn,1003,0.7096965430371274,0.5500229726651159,11.40175425099138,3.3462718458141048,predictions/masks/mosmed_test_bjorke_93.png,predictions/probabilities/mosmed_test_bjorke_93.npy
mosmed_test_Jun_coronacases_case8_160,Jun_coronacases_case8,panoptic_fpn,1003,0.8775923904587932,0.7818838566329013,5.830951894845301,1.791777560703041,predictions/masks/mosmed_test_Jun_coronacases_case8_160.png,predictions/probabilities/mosmed_test_Jun_coronacases_case8_160.npy
mosmed_test_Jun_coronacases_case3_53,Jun_coronacases_case3,panoptic_fpn,1003,0.8270259560169007,0.7050675675775315,11.622881358885694,2.509029747061946,predictions/masks/mosmed_test_Jun_coronacases_case3_53.png,predictions/probabilities/mosmed_test_Jun_coronacases_case3_53.npy
mosmed_test_Morozov_study_0256_28,Morozov_study_0256,panoptic_fpn,1003,0.8977283999613359,0.814434845215723,8.0,2.3780523379608054,predictions/masks/mosmed_test_Morozov_study_0256_28.png,predictions/probabilities/mosmed_test_Morozov_study_0256_28.npy
mosmed_test_Jun_radiopaedia_27_86410_0_case14_14,Jun_radiopaedia_27_86410_0_case14,panoptic_fpn,1003,0.8783095723024583,0.7830231502529426,13.412670674955114,4.35616844083111,predictions/masks/mosmed_test_Jun_radiopaedia_27_86410_0_case14_14.png,predictions/probabilities/mosmed_test_Jun_radiopaedia_27_86410_0_case14_14.npy
mosmed_test_Morozov_study_0267_23,Morozov_study_0267,panoptic_fpn,1003,0.8046571798441582,0.6731601732309177,4.242640687119285,1.464027444680377,predictions/masks/mosmed_test_Morozov_study_0267_23.png,predictions/probabilities/mosmed_test_Morozov_study_0267_23.npy
mosmed_test_Jun_coronacases_case6_109,Jun_coronacases_case6,panoptic_fpn,1003,0.9369306236882645,0.8813447594013616,3.5833875946992038,0.894741791134086,predictions/masks/mosmed_test_Jun_coronacases_case6_109.png,predictions/probabilities/mosmed_test_Jun_coronacases_case6_109.npy
mosmed_test_Jun_coronacases_case9_148,Jun_coronacases_case9,panoptic_fpn,1003,0.8926296633351852,0.8060805258992538,2.8284271247461903,0.9592463771531189,predictions/masks/mosmed_test_Jun_coronacases_case9_148.png,predictions/probabilities/mosmed_test_Jun_coronacases_case9_148.npy
mosmed_test_Morozov_study_0285_29,Morozov_study_0285,panoptic_fpn,1003,0.7382550337327147,0.5851063834200997,2.0,0.7775287417568251,predictions/masks/mosmed_test_Morozov_study_0285_29.png,predictions/probabilities/mosmed_test_Morozov_study_0285_29.npy
mosmed_test_Jun_coronacases_case6_103,Jun_coronacases_case6,panoptic_fpn,1003,0.8930645712369981,0.8067901234687167,3.6055512754639887,1.2682160989142695,predictions/masks/mosmed_test_Jun_coronacases_case6_103.png,predictions/probabilities/mosmed_test_Jun_coronacases_case6_103.npy
mosmed_test_Jun_coronacases_case1_180,Jun_coronacases_case1,panoptic_fpn,1003,0.8731223175982682,0.7748155201196187,7.790802018902353,1.9095668034430553,predictions/masks/mosmed_test_Jun_coronacases_case1_180.png,predictions/probabilities/mosmed_test_Jun_coronacases_case1_180.npy
mosmed_test_Jun_coronacases_case8_172,Jun_coronacases_case8,panoptic_fpn,1003,0.7991169978013636,0.6654411764951881,6.074486277268395,2.28448866317416,predictions/masks/mosmed_test_Jun_coronacases_case8_172.png,predictions/probabilities/mosmed_test_Jun_coronacases_case8_172.npy
mosmed_test_Jun_radiopaedia_27_86410_0_case14_37,Jun_radiopaedia_27_86410_0_case14,panoptic_fpn,1003,0.8843254484043586,0.792637465060921,7.280109889280518,1.910659034259298,predictions/masks/mosmed_test_Jun_radiopaedia_27_86410_0_case14_37.png,predictions/probabilities/mosmed_test_Jun_radiopaedia_27_86410_0_case14_37.npy
mosmed_test_Jun_coronacases_case9_152,Jun_coronacases_case9,panoptic_fpn,1003,0.8376777251280997,0.7206931702629262,2.8284271247461903,1.292642940161647,predictions/masks/mosmed_test_Jun_coronacases_case9_152.png,predictions/probabilities/mosmed_test_Jun_coronacases_case9_152.npy
mosmed_test_Jun_coronacases_case10_231,Jun_coronacases_case10,panoptic_fpn,1003,0.9049863557453489,0.8264612596363181,2.8284271247461903,1.1579866190356454,predictions/masks/mosmed_test_Jun_coronacases_case10_231.png,predictions/probabilities/mosmed_test_Jun_coronacases_case10_231.npy
mosmed_test_Jun_coronacases_case7_107,Jun_coronacases_case7,panoptic_fpn,1003,0.910016286646783,0.8348898020233512,3.605551275463989,1.3148581582755179,predictions/masks/mosmed_test_Jun_coronacases_case7_107.png,predictions/probabilities/mosmed_test_Jun_coronacases_case7_107.npy
mosmed_test_Jun_coronacases_case1_138,Jun_coronacases_case1,panoptic_fpn,1003,0.8309812385868257,0.7108365289062514,7.046194077712565,2.3503934105200632,predictions/masks/mosmed_test_Jun_coronacases_case1_138.png,predictions/probabilities/mosmed_test_Jun_coronacases_case1_138.npy
mosmed_test_Jun_coronacases_case9_190,Jun_coronacases_case9,panoptic_fpn,1003,0.7641561297480991,0.6183274021522097,10.63014581273465,2.5713460359446976,predictions/masks/mosmed_test_Jun_coronacases_case9_190.png,predictions/probabilities/mosmed_test_Jun_coronacases_case9_190.npy
mosmed_test_Jun_coronacases_case6_68,Jun_coronacases_case6,panoptic_fpn,1003,0.8996860517282151,0.8176630434832157,5.0,1.8986831465860088,predictions/masks/mosmed_test_Jun_coronacases_case6_68.png,predictions/probabilities/mosmed_test_Jun_coronacases_case6_68.npy
mosmed_test_Morozov_study_0282_14,Morozov_study_0282,panoptic_fpn,1003,0.8225000000221875,0.6985138004886383,3.1622776601683795,3.4482154760160886,predictions/masks/mosmed_test_Morozov_study_0282_14.png,predictions/probabilities/mosmed_test_Morozov_study_0282_14.npy
mosmed_test_Morozov_study_0304_25,Morozov_study_0304,panoptic_fpn,1003,0.46153846176857327,0.3000000003888889,41.265502653239885,10.61567869942753,predictions/masks/mosmed_test_Morozov_study_0304_25.png,predictions/probabilities/mosmed_test_Morozov_study_0304_25.npy
mosmed_test_Jun_coronacases_case8_181,Jun_coronacases_case8,panoptic_fpn,1003,0.8491353607722638,0.7378238342240597,4.0,1.3361372243560503,predictions/masks/mosmed_test_Jun_coronacases_case8_181.png,predictions/probabilities/mosmed_test_Jun_coronacases_case8_181.npy
mosmed_test_Jun_radiopaedia_14_85914_0_case13_43,Jun_radiopaedia_14_85914_0_case13,panoptic_fpn,1003,0.8588663030906898,0.7526430123108159,11.045361017187261,3.5413424154963944,predictions/masks/mosmed_test_Jun_radiopaedia_14_85914_0_case13_43.png,predictions/probabilities/mosmed_test_Jun_radiopaedia_14_85914_0_case13_43.npy
mosmed_test_Morozov_study_0257_19,Morozov_study_0257,panoptic_fpn,1003,0.6889111891698717,0.5254496747215672,266.3475122709332,81.37959637076501,predictions/masks/mosmed_test_Morozov_study_0257_19.png,predictions/probabilities/mosmed_test_Morozov_study_0257_19.npy
mosmed_test_Jun_coronacases_case4_137,Jun_coronacases_case4,panoptic_fpn,1003,0.8806879254790151,0.7868117797831746,5.656854249492381,1.542455288262309,predictions/masks/mosmed_test_Jun_coronacases_case4_137.png,predictions/probabilities/mosmed_test_Jun_coronacases_case4_137.npy
mosmed_test_Jun_coronacases_case7_78,Jun_coronacases_case7,panoptic_fpn,1003,0.9079497908142364,0.8314176245856637,2.23606797749979,0.6110323816306594,predictions/masks/mosmed_test_Jun_coronacases_case7_78.png,predictions/probabilities/mosmed_test_Jun_coronacases_case7_78.npy
mosmed_test_Morozov_study_0276_18,Morozov_study_0276,panoptic_fpn,1003,0.7657636058555319,0.6204351204498666,16.0,3.879196606079975,predictions/masks/mosmed_test_Morozov_study_0276_18.png,predictions/probabilities/mosmed_test_Morozov_study_0276_18.npy
mosmed_test_Jun_coronacases_case4_168,Jun_coronacases_case4,panoptic_fpn,1003,0.8672225785845271,0.7655719139563338,4.242640687119285,1.4945014351594694,predictions/masks/mosmed_test_Jun_coronacases_case4_168.png,predictions/probabilities/mosmed_test_Jun_coronacases_case4_168.npy
mosmed_test_Morozov_study_0303_28,Morozov_study_0303,panoptic_fpn,1003,0.6268656717810202,0.4565217394258034,16.061890057446057,4.22345532151932,predictions/masks/mosmed_test_Morozov_study_0303_28.png,predictions/probabilities/mosmed_test_Morozov_study_0303_28.npy
mosmed_test_Morozov_study_0297_10,Morozov_study_0297,panoptic_fpn,1003,0.7008151167126637,0.5394267788458659,10.770329614269007,2.9834446261250633,predictions/masks/mosmed_test_Morozov_study_0297_10.png,predictions/probabilities/mosmed_test_Morozov_study_0297_10.npy
mosmed_test_Jun_coronacases_case1_201,Jun_coronacases_case1,panoptic_fpn,1003,0.8652006705466404,0.7624261383426759,5.0,1.7964547336055303,predictions/masks/mosmed_test_Jun_coronacases_case1_201.png,predictions/probabilities/mosmed_test_Jun_coronacases_case1_201.npy
mosmed_test_Jun_coronacases_case8_169,Jun_coronacases_case8,panoptic_fpn,1003,0.8192062714444289,0.6937759336353713,5.385164807134504,1.979998903897855,predictions/masks/mosmed_test_Jun_coronacases_case8_169.png,predictions/probabilities/mosmed_test_Jun_coronacases_case8_169.npy
mosmed_test_Jun_coronacases_case5_97,Jun_coronacases_case5,panoptic_fpn,1003,0.9458972046901285,0.8973481608256053,2.8284271247461903,1.147623274104779,predictions/masks/mosmed_test_Jun_coronacases_case5_97.png,predictions/probabilities/mosmed_test_Jun_coronacases_case5_97.npy
mosmed_test_Jun_radiopaedia_10_85902_3_case12_190,Jun_radiopaedia_10_85902_3_case12,panoptic_fpn,1003,0.9093419236100013,0.833755274268618,4.788854381999814,1.6879685505461117,predictions/masks/mosmed_test_Jun_radiopaedia_10_85902_3_case12_190.png,predictions/probabilities/mosmed_test_Jun_radiopaedia_10_85902_3_case12_190.npy
mosmed_test_Jun_radiopaedia_14_85914_0_case13_101,Jun_radiopaedia_14_85914_0_case13,panoptic_fpn,1003,0.5675340768813465,0.3961937717307623,101.4593256223957,21.812429147981245,predictions/masks/mosmed_test_Jun_radiopaedia_14_85914_0_case13_101.png,predictions/probabilities/mosmed_test_Jun_radiopaedia_14_85914_0_case13_101.npy
mosmed_test_Jun_coronacases_case4_134,Jun_coronacases_case4,panoptic_fpn,1003,0.9017191047712708,0.8210277613809198,3.605551275463989,1.4195045876087666,predictions/masks/mosmed_test_Jun_coronacases_case4_134.png,predictions/probabilities/mosmed_test_Jun_coronacases_case4_134.npy
mosmed_test_Jun_radiopaedia_10_85902_3_case12_81,Jun_radiopaedia_10_85902_3_case12,panoptic_fpn,1003,0.8790264853300277,0.7841634738324289,6.479394161199479,1.8766447851120598,predictions/masks/mosmed_test_Jun_radiopaedia_10_85902_3_case12_81.png,predictions/probabilities/mosmed_test_Jun_radiopaedia_10_85902_3_case12_81.npy
mosmed_test_Morozov_study_0303_34,Morozov_study_0303,panoptic_fpn,1003,0.5723905725345486,0.40094339650898897,131.51311361318523,23.138391488512706,predictions/masks/mosmed_test_Morozov_study_0303_34.png,predictions/probabilities/mosmed_test_Morozov_study_0303_34.npy
mosmed_test_Morozov_study_0255_24,Morozov_study_0255,panoptic_fpn,1003,0.8486055776913972,0.7370242214597869,9.631264665142385,3.326603876644405,predictions/masks/mosmed_test_Morozov_study_0255_24.png,predictions/probabilities/mosmed_test_Morozov_study_0255_24.npy
mosmed_test_bjorke_69,bjorke_69,panoptic_fpn,1003,0.711714835009891,0.5524513161779409,14.27576079938651,3.6274309205002857,predictions/masks/mosmed_test_bjorke_69.png,predictions/probabilities/mosmed_test_bjorke_69.npy
mosmed_test_bjorke_63,bjorke_63,panoptic_fpn,1003,0.8294341675757694,0.7085754125096775,12.010398644698075,3.0247523713262527,predictions/masks/mosmed_test_bjorke_63.png,predictions/probabilities/mosmed_test_bjorke_63.npy
mosmed_test_Jun_coronacases_case2_161,Jun_coronacases_case2,panoptic_fpn,1003,0.7963863794443095,0.661662817591032,32.64965543462902,4.174570396164856,predictions/masks/mosmed_test_Jun_coronacases_case2_161.png,predictions/probabilities/mosmed_test_Jun_coronacases_case2_161.npy
mosmed_test_Jun_coronacases_case7_122,Jun_coronacases_case7,panoptic_fpn,1003,0.8918674153252696,0.804838182418933,6.082762530298219,1.5614800847249715,predictions/masks/mosmed_test_Jun_coronacases_case7_122.png,predictions/probabilities/mosmed_test_Jun_coronacases_case7_122.npy
mosmed_test_Jun_coronacases_case1_235,Jun_coronacases_case1,panoptic_fpn,1003,0.8500823723475976,0.7392550144013597,2.8284271247461903,1.1208494105711673,predictions/masks/mosmed_test_Jun_coronacases_case1_235.png,predictions/probabilities/mosmed_test_Jun_coronacases_case1_235.npy
mosmed_test_Jun_coronacases_case8_266,Jun_coronacases_case8,panoptic_fpn,1003,0.8333333333719136,0.7142857143990929,2.0,0.7818574200271604,predictions/masks/mosmed_test_Jun_coronacases_case8_266.png,predictions/probabilities/mosmed_test_Jun_coronacases_case8_266.npy
mosmed_test_Jun_coronacases_case7_102,Jun_coronacases_case7,panoptic_fpn,1003,0.9175209692470289,0.847610848047886,53.7610042301598,3.9231915468388614,predictions/masks/mosmed_test_Jun_coronacases_case7_102.png,predictions/probabilities/mosmed_test_Jun_coronacases_case7_102.npy
mosmed_test_Jun_coronacases_case10_96,Jun_coronacases_case10,panoptic_fpn,1003,0.8942672908762983,0.8087553922382369,5.385164807134504,1.7628190240048227,predictions/masks/mosmed_test_Jun_coronacases_case10_96.png,predictions/probabilities/mosmed_test_Jun_coronacases_case10_96.npy
mosmed_test_Jun_coronacases_case1_193,Jun_coronacases_case1,panoptic_fpn,1003,0.8170504044832444,0.6906891110023491,5.4530871677239725,2.0253270281874376,predictions/masks/mosmed_test_Jun_coronacases_case1_193.png,predictions/probabilities/mosmed_test_Jun_coronacases_case1_193.npy
mosmed_test_Jun_coronacases_case5_142,Jun_coronacases_case5,panoptic_fpn,1003,0.8960000000036173,0.8115942029104225,4.123105625617661,1.2786164368281763,predictions/masks/mosmed_test_Jun_coronacases_case5_142.png,predictions/probabilities/mosmed_test_Jun_coronacases_case5_142.npy
mosmed_test_Morozov_study_0288_22,Morozov_study_0288,panoptic_fpn,1003,0.7815457413335354,0.6414239482432734,6.239927843823264,2.134848266961114,predictions/masks/mosmed_test_Morozov_study_0288_22.png,predictions/probabilities/mosmed_test_Morozov_study_0288_22.npy
mosmed_test_Jun_radiopaedia_10_85902_3_case12_68,Jun_radiopaedia_10_85902_3_case12,panoptic_fpn,1003,0.8525033829599118,0.7429245283322022,4.242640687119285,1.5371876196532492,predictions/masks/mosmed_test_Jun_radiopaedia_10_85902_3_case12_68.png,predictions/probabilities/mosmed_test_Jun_radiopaedia_10_85902_3_case12_68.npy
mosmed_test_Morozov_study_0298_12,Morozov_study_0298,panoptic_fpn,1003,0.7012229327981462,0.5399101589574998,29.73213749463701,7.109298692908838,predictions/masks/mosmed_test_Morozov_study_0298_12.png,predictions/probabilities/mosmed_test_Morozov_study_0298_12.npy
mosmed_test_Morozov_study_0301_28,Morozov_study_0301,panoptic_fpn,1003,0.7855787476687708,0.6468750001103515,4.41978140559229,1.2613385454224557,predictions/masks/mosmed_test_Morozov_study_0301_28.png,predictions/probabilities/mosmed_test_Morozov_study_0301_28.npy
mosmed_test_Jun_coronacases_case8_60,Jun_coronacases_case8,panoptic_fpn,1003,0.875075437545258,0.7778969957319853,2.8284271247461903,1.0851573848248264,predictions/masks/mosmed_test_Jun_coronacases_case8_60.png,predictions/probabilities/mosmed_test_Jun_coronacases_case8_60.npy
mosmed_test_Morozov_study_0280_21,Morozov_study_0280,panoptic_fpn,1003,0.8605063699425818,0.755165581665577,5.0,1.4016231793866503,predictions/masks/mosmed_test_Morozov_study_0280_21.png,predictions/probabilities/mosmed_test_Morozov_study_0280_21.npy
mosmed_test_Jun_coronacases_case1_231,Jun_coronacases_case1,panoptic_fpn,1003,0.7868852459515492,0.6486486487843055,4.0,1.4523933022124584,predictions/masks/mosmed_test_Jun_coronacases_case1_231.png,predictions/probabilities/mosmed_test_Jun_coronacases_case1_231.npy
mosmed_test_Jun_radiopaedia_14_85914_0_case13_4,Jun_radiopaedia_14_85914_0_case13,panoptic_fpn,1003,0.9301061990632229,0.8693444136717755,4.332523823246801,1.4593018805150204,predictions/masks/mosmed_test_Jun_radiopaedia_14_85914_0_case13_4.png,predictions/probabilities/mosmed_test_Jun_radiopaedia_14_85914_0_case13_4.npy
mosmed_test_Jun_coronacases_case3_116,Jun_coronacases_case3,panoptic_fpn,1003,0.9117484221019756,0.837810337811438,5.656854249492381,2.2934176381480498,predictions/masks/mosmed_test_Jun_coronacases_case3_116.png,predictions/probabilities/mosmed_test_Jun_coronacases_case3_116.npy
mosmed_test_Morozov_study_0276_27,Morozov_study_0276,panoptic_fpn,1003,0.8290488431986472,0.7080131723701413,5.039607805437111,1.2074209128293316,predictions/masks/mosmed_test_Morozov_study_0276_27.png,predictions/probabilities/mosmed_test_Morozov_study_0276_27.npy
mosmed_test_Morozov_study_0256_30,Morozov_study_0256,panoptic_fpn,1003,0.9304661063210298,0.8699734639748934,13.92838827718412,2.7989027904672974,predictions/masks/mosmed_test_Morozov_study_0256_30.png,predictions/probabilities/mosmed_test_Morozov_study_0256_30.npy
mosmed_test_Jun_coronacases_case10_86,Jun_coronacases_case10,panoptic_fpn,1003,0.8710559912480201,0.7715670436261206,4.123105625617661,1.4592195796182452,predictions/masks/mosmed_test_Jun_coronacases_case10_86.png,predictions/probabilities/mosmed_test_Jun_coronacases_case10_86.npy
mosmed_test_Jun_coronacases_case8_159,Jun_coronacases_case8,panoptic_fpn,1003,0.8958673191966304,0.8113765082538444,5.0,1.5813317260149617,predictions/masks/mosmed_test_Jun_coronacases_case8_159.png,predictions/probabilities/mosmed_test_Jun_coronacases_case8_159.npy
mosmed_test_Morozov_study_0295_12,Morozov_study_0295,panoptic_fpn,1003,0.8090909090963326,0.6793893129923957,8.555668049662547,2.6469604856573135,predictions/masks/mosmed_test_Morozov_study_0295_12.png,predictions/probabilities/mosmed_test_Morozov_study_0295_12.npy
mosmed_test_Jun_radiopaedia_10_85902_3_case12_143,Jun_radiopaedia_10_85902_3_case12,panoptic_fpn,1003,0.9248993674534226,0.860290971333755,9.0,2.1782972757263415,predictions/masks/mosmed_test_Jun_radiopaedia_10_85902_3_case12_143.png,predictions/probabilities/mosmed_test_Jun_radiopaedia_10_85902_3_case12_143.npy
mosmed_test_Jun_radiopaedia_10_85902_3_case12_57,Jun_radiopaedia_10_85902_3_case12,panoptic_fpn,1003,0.9088960343077281,0.833005893942435,2.0,0.7087727731814435,predictions/masks/mosmed_test_Jun_radiopaedia_10_85902_3_case12_57.png,predictions/probabilities/mosmed_test_Jun_radiopaedia_10_85902_3_case12_57.npy
mosmed_test_Jun_coronacases_case2_144,Jun_coronacases_case2,panoptic_fpn,1003,0.9231934555382034,0.857343837933108,3.605551275463989,2.0031209645069072,predictions/masks/mosmed_test_Jun_coronacases_case2_144.png,predictions/probabilities/mosmed_test_Jun_coronacases_case2_144.npy
mosmed_test_Jun_radiopaedia_14_85914_0_case13_45,Jun_radiopaedia_14_85914_0_case13,panoptic_fpn,1003,0.894890219561088,0.8097749521373776,12.0,3.351471057212159,predictions/masks/mosmed_test_Jun_radiopaedia_14_85914_0_case13_45.png,predictions/probabilities/mosmed_test_Jun_radiopaedia_14_85914_0_case13_45.npy
mosmed_test_Jun_coronacases_case2_127,Jun_coronacases_case2,panoptic_fpn,1003,0.9167090754891144,0.8462261196415213,3.0,1.079267050390879,predictions/masks/mosmed_test_Jun_coronacases_case2_127.png,predictions/probabilities/mosmed_test_Jun_coronacases_case2_127.npy
mosmed_test_Jun_coronacases_case2_166,Jun_coronacases_case2,panoptic_fpn,1003,0.8739205526988049,0.7760736197005909,2.8284271247461903,0.6411915652385436,predictions/masks/mosmed_test_Jun_coronacases_case2_166.png,predictions/probabilities/mosmed_test_Jun_coronacases_case2_166.npy
mosmed_test_Jun_radiopaedia_10_85902_3_case12_113,Jun_radiopaedia_10_85902_3_case12,panoptic_fpn,1003,0.9542134331025438,0.9124361158462543,2.38415776431139,0.9450049908036827,predictions/masks/mosmed_test_Jun_radiopaedia_10_85902_3_case12_113.png,predictions/probabilities/mosmed_test_Jun_radiopaedia_10_85902_3_case12_113.npy
mosmed_test_Jun_coronacases_case6_50,Jun_coronacases_case6,panoptic_fpn,1003,0.8457711443169723,0.7327586208048454,2.8090169943749475,0.899053634336558,predictions/masks/mosmed_test_Jun_coronacases_case6_50.png,predictions/probabilities/mosmed_test_Jun_coronacases_case6_50.npy
mosmed_test_Jun_coronacases_case4_104,Jun_coronacases_case4,panoptic_fpn,1003,0.7964824120730852,0.6617954071334242,4.0,1.4193654768291286,predictions/masks/mosmed_test_Jun_coronacases_case4_104.png,predictions/probabilities/mosmed_test_Jun_coronacases_case4_104.npy
mosmed_test_Jun_coronacases_case8_214,Jun_coronacases_case8,panoptic_fpn,1003,0.8490861618877762,0.7377495463032895,3.1622776601683795,1.0425823150551352,predictions/masks/mosmed_test_Jun_coronacases_case8_214.png,predictions/probabilities/mosmed_test_Jun_coronacases_case8_214.npy
mosmed_test_Jun_radiopaedia_10_85902_3_case12_128,Jun_radiopaedia_10_85902_3_case12,panoptic_fpn,1003,0.9410100438542791,0.8885920384747905,5.0,1.5140854264845593,predictions/masks/mosmed_test_Jun_radiopaedia_10_85902_3_case12_128.png,predictions/probabilities/mosmed_test_Jun_radiopaedia_10_85902_3_case12_128.npy
mosmed_test_Jun_radiopaedia_40_86625_0_case18_38,Jun_radiopaedia_40_86625_0_case18,panoptic_fpn,1003,0.917294206494946,0.8472238829772122,6.708203932499369,2.0745665314970125,predictions/masks/mosmed_test_Jun_radiopaedia_40_86625_0_case18_38.png,predictions/probabilities/mosmed_test_Jun_radiopaedia_40_86625_0_case18_38.npy
mosmed_test_Jun_coronacases_case4_121,Jun_coronacases_case4,panoptic_fpn,1003,0.8093061902862774,0.6796929518716194,22.08052106105013,4.29767488432759,predictions/masks/mosmed_test_Jun_coronacases_case4_121.png,predictions/probabilities/mosmed_test_Jun_coronacases_case4_121.npy
mosmed_test_Jun_coronacases_case10_126,Jun_coronacases_case10,panoptic_fpn,1003,0.8770822138643398,0.7810742911857749,7.810249675906654,2.5161022992732693,predictions/masks/mosmed_test_Jun_coronacases_case10_126.png,predictions/probabilities/mosmed_test_Jun_coronacases_case10_126.npy
mosmed_test_Jun_coronacases_case8_215,Jun_coronacases_case8,panoptic_fpn,1003,0.8516377649397092,0.7416107382767104,4.123105625617661,1.1014628019785624,predictions/masks/mosmed_test_Jun_coronacases_case8_215.png,predictions/probabilities/mosmed_test_Jun_coronacases_case8_215.npy
mosmed_test_Morozov_study_0291_15,Morozov_study_0291,panoptic_fpn,1003,2.2271714917088702e-10,2.2271714917088702e-10,49.8196748283246,29.871780991611548,predictions/masks/mosmed_test_Morozov_study_0291_15.png,predictions/probabilities/mosmed_test_Morozov_study_0291_15.npy
mosmed_test_Jun_radiopaedia_7_85703_0_case20_5,Jun_radiopaedia_7_85703_0_case20,panoptic_fpn,1003,0.8700495049585365,0.7699890471226737,4.0,1.6012034266454591,predictions/masks/mosmed_test_Jun_radiopaedia_7_85703_0_case20_5.png,predictions/probabilities/mosmed_test_Jun_radiopaedia_7_85703_0_case20_5.npy
mosmed_test_Jun_coronacases_case6_71,Jun_coronacases_case6,panoptic_fpn,1003,0.9266754270706087,0.8633692458407598,4.242640687119285,1.3816142594776852,predictions/masks/mosmed_test_Jun_coronacases_case6_71.png,predictions/probabilities/mosmed_test_Jun_coronacases_case6_71.npy
mosmed_test_Jun_radiopaedia_40_86625_0_case18_25,Jun_radiopaedia_40_86625_0_case18,panoptic_fpn,1003,0.875206338726167,0.7781039037292479,6.708203932499369,2.0476120747882325,predictions/masks/mosmed_test_Jun_radiopaedia_40_86625_0_case18_25.png,predictions/probabilities/mosmed_test_Jun_radiopaedia_40_86625_0_case18_25.npy
mosmed_test_Morozov_study_0278_24,Morozov_study_0278,panoptic_fpn,1003,0.8347826087046314,0.7164179104742147,13.940220576310303,2.9013196686504825,predictions/masks/mosmed_test_Morozov_study_0278_24.png,predictions/probabilities/mosmed_test_Morozov_study_0278_24.npy
mosmed_test_bjorke_38,bjorke_38,panoptic_fpn,1003,0.8010255548091753,0.6680922667063866,21.189620100417095,6.774689781890894,predictions/masks/mosmed_test_bjorke_38.png,predictions/probabilities/mosmed_test_bjorke_38.npy
mosmed_test_Jun_coronacases_case5_169,Jun_coronacases_case5,panoptic_fpn,1003,0.8610478360225403,0.7560000000976,2.23606797749979,0.9194560232764258,predictions/masks/mosmed_test_Jun_coronacases_case5_169.png,predictions/probabilities/mosmed_test_Jun_coronacases_case5_169.npy
mosmed_test_Morozov_study_0284_12,Morozov_study_0284,panoptic_fpn,1003,0.7146814404827311,0.5560344828543029,179.52376971754023,21.863380301342872,predictions/masks/mosmed_test_Morozov_study_0284_12.png,predictions/probabilities/mosmed_test_Morozov_study_0284_12.npy
mosmed_test_Jun_coronacases_case10_208,Jun_coronacases_case10,panoptic_fpn,1003,0.9061459951197454,0.8283975659264017,10.286199230791798,2.0092841370229437,predictions/masks/mosmed_test_Jun_coronacases_case10_208.png,predictions/probabilities/mosmed_test_Jun_coronacases_case10_208.npy
mosmed_test_Morozov_study_0294_31,Morozov_study_0294,panoptic_fpn,1003,0.6666666667454689,0.500000000177305,61.40032573203501,17.183066463297557,predictions/masks/mosmed_test_Morozov_study_0294_31.png,predictions/probabilities/mosmed_test_Morozov_study_0294_31.npy
mosmed_test_Morozov_study_0269_16,Morozov_study_0269,panoptic_fpn,1003,0.5857267189040154,0.4141538461898982,283.3206572402491,38.456975136063264,predictions/masks/mosmed_test_Morozov_study_0269_16.png,predictions/probabilities/mosmed_test_Morozov_study_0269_16.npy
mosmed_test_Jun_coronacases_case7_121,Jun_coronacases_case7,panoptic_fpn,1003,0.8799714642432679,0.7856687898157431,7.211102550927978,1.7646195831607931,predictions/masks/mosmed_test_Jun_coronacases_case7_121.png,predictions/probabilities/mosmed_test_Jun_coronacases_case7_121.npy
mosmed_test_Jun_coronacases_case6_64,Jun_coronacases_case6,panoptic_fpn,1003,0.8471874288351814,0.7348873962965277,5.0990195135927845,1.8717143378870693,predictions/masks/mosmed_test_Jun_coronacases_case6_64.png,predictions/probabilities/mosmed_test_Jun_coronacases_case6_64.npy
mosmed_test_Jun_coronacases_case2_131,Jun_coronacases_case2,panoptic_fpn,1003,0.9225213394628607,0.8561852528989584,3.0,1.0446310870606748,predictions/masks/mosmed_test_Jun_coronacases_case2_131.png,predictions/probabilities/mosmed_test_Jun_coronacases_case2_131.npy
mosmed_test_Jun_coronacases_case10_222,Jun_coronacases_case10,panoptic_fpn,1003,0.9115890083645223,0.8375411635609895,4.0,1.2562644562155865,predictions/masks/mosmed_test_Jun_coronacases_case10_222.png,predictions/probabilities/mosmed_test_Jun_coronacases_case10_222.npy
mosmed_test_Jun_coronacases_case10_230,Jun_coronacases_case10,panoptic_fpn,1003,0.9069504188384209,0.8297431648786354,3.0,1.1721001707600804,predictions/masks/mosmed_test_Jun_coronacases_case10_230.png,predictions/probabilities/mosmed_test_Jun_coronacases_case10_230.npy
mosmed_test_Jun_radiopaedia_40_86625_0_case18_35,Jun_radiopaedia_40_86625_0_case18,panoptic_fpn,1003,0.9137948707437344,0.8412728370834921,6.4031242374328485,2.1265141724340726,predictions/masks/mosmed_test_Jun_radiopaedia_40_86625_0_case18_35.png,predictions/probabilities/mosmed_test_Jun_radiopaedia_40_86625_0_case18_35.npy
mosmed_test_Morozov_study_0291_20,Morozov_study_0291,panoptic_fpn,1003,0.9362649596446386,0.8801674515991583,15.0,3.138235813504658,predictions/masks/mosmed_test_Morozov_study_0291_20.png,predictions/probabilities/mosmed_test_Morozov_study_0291_20.npy
mosmed_test_Jun_coronacases_case2_104,Jun_coronacases_case2,panoptic_fpn,1003,0.8783330390274001,0.7830604534073343,5.385164807134504,1.6851743851446628,predictions/masks/mosmed_test_Jun_coronacases_case2_104.png,predictions/probabilities/mosmed_test_Jun_coronacases_case2_104.npy
mosmed_test_Morozov_study_0278_25,Morozov_study_0278,panoptic_fpn,1003,0.9192025183658901,0.8504854369028813,3.0,1.0090466602635562,predictions/masks/mosmed_test_Morozov_study_0278_25.png,predictions/probabilities/mosmed_test_Morozov_study_0278_25.npy
mosmed_test_Jun_coronacases_case2_167,Jun_coronacases_case2,panoptic_fpn,1003,0.7411764706643598,0.5887850469211284,161.08103518134212,41.37926386443071,predictions/masks/mosmed_test_Jun_coronacases_case2_167.png,predictions/probabilities/mosmed_test_Jun_coronacases_case2_167.npy
mosmed_test_Jun_coronacases_case3_176,Jun_coronacases_case3,panoptic_fpn,1003,0.7294117647589389,0.5740740742055326,2.8284271247461903,1.2921536279454753,predictions/masks/mosmed_test_Jun_coronacases_case3_176.png,predictions/probabilities/mosmed_test_Jun_coronacases_case3_176.npy
mosmed_test_Jun_coronacases_case6_83,Jun_coronacases_case6,panoptic_fpn,1003,0.9512387981029093,0.9070118120154056,4.0,1.1648118673999963,predictions/masks/mosmed_test_Jun_coronacases_case6_83.png,predictions/probabilities/mosmed_test_Jun_coronacases_case6_83.npy
mosmed_test_Jun_coronacases_case7_79,Jun_coronacases_case7,panoptic_fpn,1003,0.876155268045073,0.7796052632303929,2.0,0.9214322345014166,predictions/masks/mosmed_test_Jun_coronacases_case7_79.png,predictions/probabilities/mosmed_test_Jun_coronacases_case7_79.npy
mosmed_test_Jun_coronacases_case8_202,Jun_coronacases_case8,panoptic_fpn,1003,0.762214983728846,0.6157894737246538,95.30240717628097,6.817153418342243,predictions/masks/mosmed_test_Jun_coronacases_case8_202.png,predictions/probabilities/mosmed_test_Jun_coronacases_case8_202.npy
mosmed_test_Jun_coronacases_case10_202,Jun_coronacases_case10,panoptic_fpn,1003,0.8889146031024193,0.8000416579920842,4.47213595499958,1.555408274180292,predictions/masks/mosmed_test_Jun_coronacases_case10_202.png,predictions/probabilities/mosmed_test_Jun_coronacases_case10_202.npy
mosmed_test_Jun_coronacases_case2_61,Jun_coronacases_case2,panoptic_fpn,1003,0.8927848954893605,0.8063337393658546,2.23606797749979,0.8180673091311557,predictions/masks/mosmed_test_Jun_coronacases_case2_61.png,predictions/probabilities/mosmed_test_Jun_coronacases_case2_61.npy
mosmed_test_Morozov_study_0304_23,Morozov_study_0304,panoptic_fpn,1003,0.5283757339013331,0.35904255327672313,182.64771653287184,45.96449706346348,predictions/masks/mosmed_test_Morozov_study_0304_23.png,predictions/probabilities/mosmed_test_Morozov_study_0304_23.npy
